run_id,family,regime,variant,seed,window,forecast_origin,target_timestamp,lead_hour,original_target,observed,score_eligible,base_prediction,applied_bias,corrected_prediction,history_target_filled_hours,history_input_filled_cells,alpha
core_neuralprophet_frozen_s42,neuralprophet,frozen,selected,42,1,2025-01-13 01:00:00,2025-01-13 01:00:00,1,759.79,True,True,760.229248046875,0.0,760.229248046875,0,0,0.1
core_neuralprophet_frozen_s42,neuralprophet,frozen,selected,42,1,2025-01-13 01:00:00,2025-01-13 02:00:00,2,837.21,True,True,845.5702514648438,0.0,845.5702514648438,0,0,0.1
core_neuralprophet_frozen_s42,neuralprophet,frozen,selected,42,1,2025-01-13 01:00:00,2025-01-13 03:00:00,3,900.28,True,True,920.3304443359376,0.0,920.3304443359376,0,0,0.1
core_neuralprophet_frozen_s42,neuralprophet,frozen,selected,42,1,2025-01-13 01:00:00,2025-01-13 04:00:00,4,908.42,True,True,926.400146484375,0.0,926.400146484375,0,0,0.1
core_neuralprophet_frozen_s42,neuralprophet,frozen,selected,42,1,2025-01-13 01:00:00,2025-01-13 05:00:00,5,672.94,True,True,696.787353515625,0.0,696.787353515625,0,0,0.1
core_neuralprophet_frozen_s42,neuralprophet,frozen,selected,42,1,2025-01-13 01:00:00,2025-01-13 06:00:00,6,294.8,True,True,314.5243530273437,0.0,314.5243530273437,0,0,0.1
core_neuralprophet_frozen_s42,neuralprophet,frozen,selected,42,1,2025-01-13 01:00:00,2025-01-13 07:00:00,7,76.4,True,True,93.00393676757812,0.0,93.00393676757812,0,0,0.1
core_neuralprophet_frozen_s42,neuralprophet,frozen,selected,42,1,2025-01-13 01:00:00,2025-01-13 08:00:00,8,129.61,True,True,149.96060180664062,0.0,149.96060180664062,0,0,0.1
core_neuralprophet_frozen_s42,neuralprophet,frozen,selected,42,1,2025-01-13 01:00:00,2025-01-13 09:00:00,9,233.27,True,True,255.19993591308597,0.0,255.19993591308597,0,0,0.1
core_neuralprophet_frozen_s42,neuralprophet,frozen,selected,42,1,2025-01-13 01:00:00,2025-01-13 10:00:00,10,355.33,True,True,368.9473571777344,0.0,368.9473571777344,0,0,0.1
core_neuralprophet_frozen_s42,neuralprophet,frozen,selected,42,1,2025-01-13 01:00:00,2025-01-13 11:00:00,11,508.8,True,True,527.3052978515625,0.0,527.3052978515625,0,0,0.1
core_neuralprophet_frozen_s42,neuralprophet,frozen,selected,42,1,2025-01-13 01:00:00,2025-01-13 12:00:00,12,683.67,True,True,700.1282348632812,0.0,700.1282348632812,0,0,0.1
core_neuralprophet_frozen_s42,neuralprophet,frozen,selected,42,1,2025-01-13 01:00:00,2025-01-13 13:00:00,13,823.34,True,True,847.2797241210938,0.0,847.2797241210938,0,0,0.1
core_neuralprophet_frozen_s42,neuralprophet,frozen,selected,42,1,2025-01-13 01:00:00,2025-01-13 14:00:00,14,903.43,True,True,925.0156860351562,0.0,925.0156860351562,0,0,0.1
core_neuralprophet_frozen_s42,neuralprophet,frozen,selected,42,1,2025-01-13 01:00:00,2025-01-13 15:00:00,15,904.75,True,True,937.8401489257812,0.0,937.8401489257812,0,0,0.1
core_neuralprophet_frozen_s42,neuralprophet,frozen,selected,42,1,2025-01-13 01:00:00,2025-01-13 16:00:00,16,870.4,True,True,894.42041015625,0.0,894.42041015625,0,0,0.1
core_neuralprophet_frozen_s42,neuralprophet,frozen,selected,42,1,2025-01-13 01:00:00,2025-01-13 17:00:00,17,833.22,True,True,879.9696655273438,0.0,879.9696655273438,0,0,0.1
core_neuralprophet_frozen_s42,neuralprophet,frozen,selected,42,1,2025-01-13 01:00:00,2025-01-13 18:00:00,18,773.03,True,True,804.0355224609375,0.0,804.0355224609375,0,0,0.1
core_neuralprophet_frozen_s42,neuralprophet,frozen,selected,42,1,2025-01-13 01:00:00,2025-01-13 19:00:00,19,622.36,True,True,649.3078002929688,0.0,649.3078002929688,0,0,0.1
core_neuralprophet_frozen_s42,neuralprophet,frozen,selected,42,1,2025-01-13 01:00:00,2025-01-13 20:00:00,20,421.75,True,True,457.5944213867188,0.0,457.5944213867188,0,0,0.1
core_neuralprophet_frozen_s42,neuralprophet,frozen,selected,42,1,2025-01-13 01:00:00,2025-01-13 21:00:00,21,253.7,True,True,273.271484375,0.0,273.271484375,0,0,0.1
core_neuralprophet_frozen_s42,neuralprophet,frozen,selected,42,1,2025-01-13 01:00:00,2025-01-13 22:00:00,22,82.4,True,True,91.6089324951172,0.0,91.6089324951172,0,0,0.1
core_neuralprophet_frozen_s42,neuralprophet,frozen,selected,42,1,2025-01-13 01:00:00,2025-01-13 23:00:00,23,42.86,True,True,46.29780578613281,0.0,46.29780578613281,0,0,0.1
core_neuralprophet_frozen_s42,neuralprophet,frozen,selected,42,1,2025-01-13 01:00:00,2025-01-14 00:00:00,24,37.24,True,True,45.94294738769531,0.0,45.94294738769531,0,0,0.1
core_neuralprophet_frozen_s42,neuralprophet,frozen,selected,42,1,2025-01-13 01:00:00,2025-01-14 01:00:00,25,24.54,True,True,25.2786808013916,0.0,25.2786808013916,0,0,0.1
core_neuralprophet_frozen_s42,neuralprophet,frozen,selected,42,1,2025-01-13 01:00:00,2025-01-14 02:00:00,26,18.33,True,True,14.453413963317873,0.0,14.453413963317873,0,0,0.1
core_neuralprophet_frozen_s42,neuralprophet,frozen,selected,42,1,2025-01-13 01:00:00,2025-01-14 03:00:00,27,11.8,True,True,6.333348751068115,0.0,6.333348751068115,0,0,0.1
core_neuralprophet_frozen_s42,neuralprophet,frozen,selected,42,1,2025-01-13 01:00:00,2025-01-14 04:00:00,28,8.15,True,True,5.116342067718506,0.0,5.116342067718506,0,0,0.1
core_neuralprophet_frozen_s42,neuralprophet,frozen,selected,42,1,2025-01-13 01:00:00,2025-01-14 05:00:00,29,8.22,True,True,7.084941387176514,0.0,7.084941387176514,0,0,0.1
core_neuralprophet_frozen_s42,neuralprophet,frozen,selected,42,1,2025-01-13 01:00:00,2025-01-14 06:00:00,30,8.56,True,True,-5.481925010681152,0.0,-5.481925010681152,0,0,0.1
core_neuralprophet_frozen_s42,neuralprophet,frozen,selected,42,1,2025-01-13 01:00:00,2025-01-14 07:00:00,31,8.96,True,True,3.0019571781158447,0.0,3.0019571781158447,0,0,0.1
core_neuralprophet_frozen_s42,neuralprophet,frozen,selected,42,1,2025-01-13 01:00:00,2025-01-14 08:00:00,32,10.47,True,True,0.5816689729690552,0.0,0.5816689729690552,0,0,0.1
core_neuralprophet_frozen_s42,neuralprophet,frozen,selected,42,1,2025-01-13 01:00:00,2025-01-14 09:00:00,33,12.1,True,True,-8.8684663772583,0.0,-8.8684663772583,0,0,0.1
core_neuralprophet_frozen_s42,neuralprophet,frozen,selected,42,1,2025-01-13 01:00:00,2025-01-14 10:00:00,34,15.07,True,True,-17.601715087890625,0.0,-17.601715087890625,0,0,0.1
core_neuralprophet_frozen_s42,neuralprophet,frozen,selected,42,1,2025-01-13 01:00:00,2025-01-14 11:00:00,35,22.42,True,True,-6.89066219329834,0.0,-6.89066219329834,0,0,0.1
core_neuralprophet_frozen_s42,neuralprophet,frozen,selected,42,1,2025-01-13 01:00:00,2025-01-14 12:00:00,36,31.0,True,True,-4.281879901885986,0.0,-4.281879901885986,0,0,0.1
core_neuralprophet_frozen_s42,neuralprophet,frozen,selected,42,1,2025-01-13 01:00:00,2025-01-14 13:00:00,37,36.65,True,True,3.1353628635406494,0.0,3.1353628635406494,0,0,0.1
core_neuralprophet_frozen_s42,neuralprophet,frozen,selected,42,1,2025-01-13 01:00:00,2025-01-14 14:00:00,38,39.83,True,True,11.747503280639648,0.0,11.747503280639648,0,0,0.1
core_neuralprophet_frozen_s42,neuralprophet,frozen,selected,42,1,2025-01-13 01:00:00,2025-01-14 15:00:00,39,36.94,True,True,11.679336547851562,0.0,11.679336547851562,0,0,0.1
core_neuralprophet_frozen_s42,neuralprophet,frozen,selected,42,1,2025-01-13 01:00:00,2025-01-14 16:00:00,40,28.02,True,True,7.166243076324463,0.0,7.166243076324463,0,0,0.1
core_neuralprophet_frozen_s42,neuralprophet,frozen,selected,42,1,2025-01-13 01:00:00,2025-01-14 17:00:00,41,24.98,True,True,1.7760838270187378,0.0,1.7760838270187378,0,0,0.1
core_neuralprophet_frozen_s42,neuralprophet,frozen,selected,42,1,2025-01-13 01:00:00,2025-01-14 18:00:00,42,24.96,True,True,3.659348726272583,0.0,3.659348726272583,0,0,0.1
core_neuralprophet_frozen_s42,neuralprophet,frozen,selected,42,1,2025-01-13 01:00:00,2025-01-14 19:00:00,43,37.67,True,True,22.784955978393555,0.0,22.784955978393555,0,0,0.1
core_neuralprophet_frozen_s42,neuralprophet,frozen,selected,42,1,2025-01-13 01:00:00,2025-01-14 20:00:00,44,63.94,True,True,52.47965240478516,0.0,52.47965240478516,0,0,0.1
core_neuralprophet_frozen_s42,neuralprophet,frozen,selected,42,1,2025-01-13 01:00:00,2025-01-14 21:00:00,45,93.66,True,True,95.37852478027344,0.0,95.37852478027344,0,0,0.1
core_neuralprophet_frozen_s42,neuralprophet,frozen,selected,42,1,2025-01-13 01:00:00,2025-01-14 22:00:00,46,138.62,True,True,136.31320190429688,0.0,136.31320190429688,0,0,0.1
core_neuralprophet_frozen_s42,neuralprophet,frozen,selected,42,1,2025-01-13 01:00:00,2025-01-14 23:00:00,47,271.25,True,True,271.0044250488281,0.0,271.0044250488281,0,0,0.1
core_neuralprophet_frozen_s42,neuralprophet,frozen,selected,42,1,2025-01-13 01:00:00,2025-01-15 00:00:00,48,471.95,True,True,471.4728393554688,0.0,471.4728393554688,0,0,0.1
core_neuralprophet_frozen_s42,neuralprophet,frozen,selected,42,1,2025-01-13 01:00:00,2025-01-15 01:00:00,49,641.87,True,True,652.9346923828125,0.0,652.9346923828125,0,0,0.1
core_neuralprophet_frozen_s42,neuralprophet,frozen,selected,42,1,2025-01-13 01:00:00,2025-01-15 02:00:00,50,717.12,True,True,733.8419189453125,0.0,733.8419189453125,0,0,0.1
core_neuralprophet_frozen_s42,neuralprophet,frozen,selected,42,1,2025-01-13 01:00:00,2025-01-15 03:00:00,51,713.25,True,True,720.6195068359375,0.0,720.6195068359375,0,0,0.1
core_neuralprophet_frozen_s42,neuralprophet,frozen,selected,42,1,2025-01-13 01:00:00,2025-01-15 04:00:00,52,533.68,True,True,550.1009521484375,0.0,550.1009521484375,0,0,0.1
core_neuralprophet_frozen_s42,neuralprophet,frozen,selected,42,1,2025-01-13 01:00:00,2025-01-15 05:00:00,53,400.19,True,True,420.3324890136719,0.0,420.3324890136719,0,0,0.1
core_neuralprophet_frozen_s42,neuralprophet,frozen,selected,42,1,2025-01-13 01:00:00,2025-01-15 06:00:00,54,306.47,True,True,328.6260070800781,0.0,328.6260070800781,0,0,0.1
core_neuralprophet_frozen_s42,neuralprophet,frozen,selected,42,1,2025-01-13 01:00:00,2025-01-15 07:00:00,55,237.43,True,True,272.0445861816406,0.0,272.0445861816406,0,0,0.1
core_neuralprophet_frozen_s42,neuralprophet,frozen,selected,42,1,2025-01-13 01:00:00,2025-01-15 08:00:00,56,216.12,True,True,245.51048278808597,0.0,245.51048278808597,0,0,0.1
core_neuralprophet_frozen_s42,neuralprophet,frozen,selected,42,1,2025-01-13 01:00:00,2025-01-15 09:00:00,57,206.06,True,True,229.60708618164065,0.0,229.60708618164065,0,0,0.1
core_neuralprophet_frozen_s42,neuralprophet,frozen,selected,42,1,2025-01-13 01:00:00,2025-01-15 10:00:00,58,232.84,True,True,244.90733337402344,0.0,244.90733337402344,0,0,0.1
core_neuralprophet_frozen_s42,neuralprophet,frozen,selected,42,1,2025-01-13 01:00:00,2025-01-15 11:00:00,59,292.56,True,True,306.7550964355469,0.0,306.7550964355469,0,0,0.1
core_neuralprophet_frozen_s42,neuralprophet,frozen,selected,42,1,2025-01-13 01:00:00,2025-01-15 12:00:00,60,357.03,True,True,372.723876953125,0.0,372.723876953125,0,0,0.1
core_neuralprophet_frozen_s42,neuralprophet,frozen,selected,42,1,2025-01-13 01:00:00,2025-01-15 13:00:00,61,460.7,True,True,470.29833984375,0.0,470.29833984375,0,0,0.1
core_neuralprophet_frozen_s42,neuralprophet,frozen,selected,42,1,2025-01-13 01:00:00,2025-01-15 14:00:00,62,610.88,True,True,615.7850952148438,0.0,615.7850952148438,0,0,0.1
core_neuralprophet_frozen_s42,neuralprophet,frozen,selected,42,1,2025-01-13 01:00:00,2025-01-15 15:00:00,63,709.51,True,True,712.33642578125,0.0,712.33642578125,0,0,0.1
core_neuralprophet_frozen_s42,neuralprophet,frozen,selected,42,1,2025-01-13 01:00:00,2025-01-15 16:00:00,64,690.86,True,True,693.731201171875,0.0,693.731201171875,0,0,0.1
core_neuralprophet_frozen_s42,neuralprophet,frozen,selected,42,1,2025-01-13 01:00:00,2025-01-15 17:00:00,65,619.09,True,True,636.9791259765625,0.0,636.9791259765625,0,0,0.1
core_neuralprophet_frozen_s42,neuralprophet,frozen,selected,42,1,2025-01-13 01:00:00,2025-01-15 18:00:00,66,539.14,True,True,558.93798828125,0.0,558.93798828125,0,0,0.1
core_neuralprophet_frozen_s42,neuralprophet,frozen,selected,42,1,2025-01-13 01:00:00,2025-01-15 19:00:00,67,417.74,True,True,438.8175964355469,0.0,438.8175964355469,0,0,0.1
core_neuralprophet_frozen_s42,neuralprophet,frozen,selected,42,1,2025-01-13 01:00:00,2025-01-15 20:00:00,68,267.09,True,True,280.2928771972656,0.0,280.2928771972656,0,0,0.1
core_neuralprophet_frozen_s42,neuralprophet,frozen,selected,42,1,2025-01-13 01:00:00,2025-01-15 21:00:00,69,144.86,True,True,143.22923278808594,0.0,143.22923278808594,0,0,0.1
core_neuralprophet_frozen_s42,neuralprophet,frozen,selected,42,1,2025-01-13 01:00:00,2025-01-15 22:00:00,70,66.81,True,True,60.051177978515625,0.0,60.051177978515625,0,0,0.1
core_neuralprophet_frozen_s42,neuralprophet,frozen,selected,42,1,2025-01-13 01:00:00,2025-01-15 23:00:00,71,71.43,True,True,72.4819107055664,0.0,72.4819107055664,0,0,0.1
core_neuralprophet_frozen_s42,neuralprophet,frozen,selected,42,1,2025-01-13 01:00:00,2025-01-16 00:00:00,72,77.06,True,True,70.12126159667969,0.0,70.12126159667969,0,0,0.1
core_neuralprophet_frozen_s42,neuralprophet,frozen,selected,42,1,2025-01-13 01:00:00,2025-01-16 01:00:00,73,67.35,True,True,50.84029769897461,0.0,50.84029769897461,0,0,0.1
core_neuralprophet_frozen_s42,neuralprophet,frozen,selected,42,1,2025-01-13 01:00:00,2025-01-16 02:00:00,74,66.52,True,True,47.23414611816406,0.0,47.23414611816406,0,0,0.1
core_neuralprophet_frozen_s42,neuralprophet,frozen,selected,42,1,2025-01-13 01:00:00,2025-01-16 03:00:00,75,64.37,True,True,37.390846252441406,0.0,37.390846252441406,0,0,0.1
core_neuralprophet_frozen_s42,neuralprophet,frozen,selected,42,1,2025-01-13 01:00:00,2025-01-16 04:00:00,76,61.6,True,True,26.95005416870117,0.0,26.95005416870117,0,0,0.1
core_neuralprophet_frozen_s42,neuralprophet,frozen,selected,42,1,2025-01-13 01:00:00,2025-01-16 05:00:00,77,61.76,True,True,37.67374801635742,0.0,37.67374801635742,0,0,0.1
core_neuralprophet_frozen_s42,neuralprophet,frozen,selected,42,1,2025-01-13 01:00:00,2025-01-16 06:00:00,78,62.94,True,True,35.567901611328125,0.0,35.567901611328125,0,0,0.1
core_neuralprophet_frozen_s42,neuralprophet,frozen,selected,42,1,2025-01-13 01:00:00,2025-01-16 07:00:00,79,125.28,True,True,114.4413604736328,0.0,114.4413604736328,0,0,0.1
core_neuralprophet_frozen_s42,neuralprophet,frozen,selected,42,1,2025-01-13 01:00:00,2025-01-16 08:00:00,80,253.15,True,True,260.2782897949219,0.0,260.2782897949219,0,0,0.1
core_neuralprophet_frozen_s42,neuralprophet,frozen,selected,42,1,2025-01-13 01:00:00,2025-01-16 09:00:00,81,425.83,True,True,429.6021423339844,0.0,429.6021423339844,0,0,0.1
core_neuralprophet_frozen_s42,neuralprophet,frozen,selected,42,1,2025-01-13 01:00:00,2025-01-16 10:00:00,82,603.52,True,True,629.107421875,0.0,629.107421875,0,0,0.1
core_neuralprophet_frozen_s42,neuralprophet,frozen,selected,42,1,2025-01-13 01:00:00,2025-01-16 11:00:00,83,783.19,True,True,804.3953857421875,0.0,804.3953857421875,0,0,0.1
core_neuralprophet_frozen_s42,neuralprophet,frozen,selected,42,1,2025-01-13 01:00:00,2025-01-16 12:00:00,84,933.18,True,True,950.5214233398438,0.0,950.5214233398438,0,0,0.1
core_neuralprophet_frozen_s42,neuralprophet,frozen,selected,42,1,2025-01-13 01:00:00,2025-01-16 13:00:00,85,950.58,True,True,975.2250366210938,0.0,975.2250366210938,0,0,0.1
core_neuralprophet_frozen_s42,neuralprophet,frozen,selected,42,1,2025-01-13 01:00:00,2025-01-16 14:00:00,86,938.02,True,True,959.2545776367188,0.0,959.2545776367188,0,0,0.1
core_neuralprophet_frozen_s42,neuralprophet,frozen,selected,42,1,2025-01-13 01:00:00,2025-01-16 15:00:00,87,898.71,True,True,911.2964477539062,0.0,911.2964477539062,0,0,0.1
core_neuralprophet_frozen_s42,neuralprophet,frozen,selected,42,1,2025-01-13 01:00:00,2025-01-16 16:00:00,88,760.12,True,True,759.5372924804688,0.0,759.5372924804688,0,0,0.1
core_neuralprophet_frozen_s42,neuralprophet,frozen,selected,42,1,2025-01-13 01:00:00,2025-01-16 17:00:00,89,620.84,True,True,626.2261352539062,0.0,626.2261352539062,0,0,0.1
core_neuralprophet_frozen_s42,neuralprophet,frozen,selected,42,1,2025-01-13 01:00:00,2025-01-16 18:00:00,90,532.51,True,True,525.5359497070312,0.0,525.5359497070312,0,0,0.1
core_neuralprophet_frozen_s42,neuralprophet,frozen,selected,42,1,2025-01-13 01:00:00,2025-01-16 19:00:00,91,469.09,True,True,467.4622802734375,0.0,467.4622802734375,0,0,0.1
core_neuralprophet_frozen_s42,neuralprophet,frozen,selected,42,1,2025-01-13 01:00:00,2025-01-16 20:00:00,92,427.47,True,True,410.97076416015625,0.0,410.97076416015625,0,0,0.1
core_neuralprophet_frozen_s42,neuralprophet,frozen,selected,42,1,2025-01-13 01:00:00,2025-01-16 21:00:00,93,413.61,True,True,397.326904296875,0.0,397.326904296875,0,0,0.1
core_neuralprophet_frozen_s42,neuralprophet,frozen,selected,42,1,2025-01-13 01:00:00,2025-01-16 22:00:00,94,435.55,True,True,422.3978576660156,0.0,422.3978576660156,0,0,0.1
core_neuralprophet_frozen_s42,neuralprophet,frozen,selected,42,1,2025-01-13 01:00:00,2025-01-16 23:00:00,95,532.22,True,True,506.7233276367188,0.0,506.7233276367188,0,0,0.1
core_neuralprophet_frozen_s42,neuralprophet,frozen,selected,42,1,2025-01-13 01:00:00,2025-01-17 00:00:00,96,641.2,True,True,620.611572265625,0.0,620.611572265625,0,0,0.1
core_neuralprophet_frozen_s42,neuralprophet,frozen,selected,42,1,2025-01-13 01:00:00,2025-01-17 01:00:00,97,746.25,True,True,738.8423461914062,0.0,738.8423461914062,0,0,0.1
core_neuralprophet_frozen_s42,neuralprophet,frozen,selected,42,1,2025-01-13 01:00:00,2025-01-17 02:00:00,98,848.37,True,True,840.957763671875,0.0,840.957763671875,0,0,0.1
core_neuralprophet_frozen_s42,neuralprophet,frozen,selected,42,1,2025-01-13 01:00:00,2025-01-17 03:00:00,99,894.42,True,True,883.5743408203125,0.0,883.5743408203125,0,0,0.1
core_neuralprophet_frozen_s42,neuralprophet,frozen,selected,42,1,2025-01-13 01:00:00,2025-01-17 04:00:00,100,531.09,True,True,515.931396484375,0.0,515.931396484375,0,0,0.1
core_neuralprophet_frozen_s42,neuralprophet,frozen,selected,42,1,2025-01-13 01:00:00,2025-01-17 05:00:00,101,509.3,True,True,480.2002258300781,0.0,480.2002258300781,0,0,0.1
core_neuralprophet_frozen_s42,neuralprophet,frozen,selected,42,1,2025-01-13 01:00:00,2025-01-17 06:00:00,102,496.87,True,True,471.48968505859375,0.0,471.48968505859375,0,0,0.1
core_neuralprophet_frozen_s42,neuralprophet,frozen,selected,42,1,2025-01-13 01:00:00,2025-01-17 07:00:00,103,497.75,True,True,489.7221984863281,0.0,489.7221984863281,0,0,0.1
core_neuralprophet_frozen_s42,neuralprophet,frozen,selected,42,1,2025-01-13 01:00:00,2025-01-17 08:00:00,104,551.56,True,True,561.4788818359375,0.0,561.4788818359375,0,0,0.1
core_neuralprophet_frozen_s42,neuralprophet,frozen,selected,42,1,2025-01-13 01:00:00,2025-01-17 09:00:00,105,621.64,True,True,665.095703125,0.0,665.095703125,0,0,0.1
core_neuralprophet_frozen_s42,neuralprophet,frozen,selected,42,1,2025-01-13 01:00:00,2025-01-17 10:00:00,106,732.46,True,True,780.3109741210938,0.0,780.3109741210938,0,0,0.1
core_neuralprophet_frozen_s42,neuralprophet,frozen,selected,42,1,2025-01-13 01:00:00,2025-01-17 11:00:00,107,899.52,True,True,956.9553833007812,0.0,956.9553833007812,0,0,0.1
core_neuralprophet_frozen_s42,neuralprophet,frozen,selected,42,1,2025-01-13 01:00:00,2025-01-17 12:00:00,108,1077.14,True,True,1121.4215087890625,0.0,1121.4215087890625,0,0,0.1
core_neuralprophet_frozen_s42,neuralprophet,frozen,selected,42,1,2025-01-13 01:00:00,2025-01-17 13:00:00,109,1212.6,True,True,1245.4588623046875,0.0,1245.4588623046875,0,0,0.1
core_neuralprophet_frozen_s42,neuralprophet,frozen,selected,42,1,2025-01-13 01:00:00,2025-01-17 14:00:00,110,1314.23,True,True,1347.380859375,0.0,1347.380859375,0,0,0.1
core_neuralprophet_frozen_s42,neuralprophet,frozen,selected,42,1,2025-01-13 01:00:00,2025-01-17 15:00:00,111,1345.67,True,True,1375.4432373046875,0.0,1375.4432373046875,0,0,0.1
core_neuralprophet_frozen_s42,neuralprophet,frozen,selected,42,1,2025-01-13 01:00:00,2025-01-17 16:00:00,112,1265.23,True,True,1277.9725341796875,0.0,1277.9725341796875,0,0,0.1
core_neuralprophet_frozen_s42,neuralprophet,frozen,selected,42,1,2025-01-13 01:00:00,2025-01-17 17:00:00,113,1130.31,True,True,1158.9735107421875,0.0,1158.9735107421875,0,0,0.1
core_neuralprophet_frozen_s42,neuralprophet,frozen,selected,42,1,2025-01-13 01:00:00,2025-01-17 18:00:00,114,976.9,True,True,973.5546264648438,0.0,973.5546264648438,0,0,0.1
core_neuralprophet_frozen_s42,neuralprophet,frozen,selected,42,1,2025-01-13 01:00:00,2025-01-17 19:00:00,115,850.99,True,True,848.591552734375,0.0,848.591552734375,0,0,0.1
core_neuralprophet_frozen_s42,neuralprophet,frozen,selected,42,1,2025-01-13 01:00:00,2025-01-17 20:00:00,116,758.99,True,True,749.69921875,0.0,749.69921875,0,0,0.1
core_neuralprophet_frozen_s42,neuralprophet,frozen,selected,42,1,2025-01-13 01:00:00,2025-01-17 21:00:00,117,692.69,True,True,672.9042358398438,0.0,672.9042358398438,0,0,0.1
core_neuralprophet_frozen_s42,neuralprophet,frozen,selected,42,1,2025-01-13 01:00:00,2025-01-17 22:00:00,118,630.07,True,True,601.2245483398438,0.0,601.2245483398438,0,0,0.1
core_neuralprophet_frozen_s42,neuralprophet,frozen,selected,42,1,2025-01-13 01:00:00,2025-01-17 23:00:00,119,622.89,True,True,592.8672485351562,0.0,592.8672485351562,0,0,0.1
core_neuralprophet_frozen_s42,neuralprophet,frozen,selected,42,1,2025-01-13 01:00:00,2025-01-18 00:00:00,120,645.64,True,True,616.7986450195312,0.0,616.7986450195312,0,0,0.1
core_neuralprophet_frozen_s42,neuralprophet,frozen,selected,42,1,2025-01-13 01:00:00,2025-01-18 01:00:00,121,650.54,True,True,620.50146484375,0.0,620.50146484375,0,0,0.1
core_neuralprophet_frozen_s42,neuralprophet,frozen,selected,42,1,2025-01-13 01:00:00,2025-01-18 02:00:00,122,657.67,True,True,651.6492919921875,0.0,651.6492919921875,0,0,0.1
core_neuralprophet_frozen_s42,neuralprophet,frozen,selected,42,1,2025-01-13 01:00:00,2025-01-18 03:00:00,123,657.83,True,True,651.0276489257812,0.0,651.0276489257812,0,0,0.1
core_neuralprophet_frozen_s42,neuralprophet,frozen,selected,42,1,2025-01-13 01:00:00,2025-01-18 04:00:00,124,587.58,True,True,568.5985107421875,0.0,568.5985107421875,0,0,0.1
core_neuralprophet_frozen_s42,neuralprophet,frozen,selected,42,1,2025-01-13 01:00:00,2025-01-18 05:00:00,125,565.86,True,True,554.775390625,0.0,554.775390625,0,0,0.1
core_neuralprophet_frozen_s42,neuralprophet,frozen,selected,42,1,2025-01-13 01:00:00,2025-01-18 06:00:00,126,530.85,True,True,517.4668579101562,0.0,517.4668579101562,0,0,0.1
core_neuralprophet_frozen_s42,neuralprophet,frozen,selected,42,1,2025-01-13 01:00:00,2025-01-18 07:00:00,127,519.16,True,True,502.5245361328125,0.0,502.5245361328125,0,0,0.1
core_neuralprophet_frozen_s42,neuralprophet,frozen,selected,42,1,2025-01-13 01:00:00,2025-01-18 08:00:00,128,596.14,True,True,567.2779541015625,0.0,567.2779541015625,0,0,0.1
core_neuralprophet_frozen_s42,neuralprophet,frozen,selected,42,1,2025-01-13 01:00:00,2025-01-18 09:00:00,129,695.65,True,True,657.9046020507812,0.0,657.9046020507812,0,0,0.1
core_neuralprophet_frozen_s42,neuralprophet,frozen,selected,42,1,2025-01-13 01:00:00,2025-01-18 10:00:00,130,803.42,True,True,775.683837890625,0.0,775.683837890625,0,0,0.1
core_neuralprophet_frozen_s42,neuralprophet,frozen,selected,42,1,2025-01-13 01:00:00,2025-01-18 11:00:00,131,913.99,True,True,900.3801879882812,0.0,900.3801879882812,0,0,0.1
core_neuralprophet_frozen_s42,neuralprophet,frozen,selected,42,1,2025-01-13 01:00:00,2025-01-18 12:00:00,132,983.6,True,True,964.5062255859376,0.0,964.5062255859376,0,0,0.1
core_neuralprophet_frozen_s42,neuralprophet,frozen,selected,42,1,2025-01-13 01:00:00,2025-01-18 13:00:00,133,987.13,True,True,973.4756469726562,0.0,973.4756469726562,0,0,0.1
core_neuralprophet_frozen_s42,neuralprophet,frozen,selected,42,1,2025-01-13 01:00:00,2025-01-18 14:00:00,134,945.19,True,True,919.7325439453124,0.0,919.7325439453124,0,0,0.1
core_neuralprophet_frozen_s42,neuralprophet,frozen,selected,42,1,2025-01-13 01:00:00,2025-01-18 15:00:00,135,796.17,True,True,793.494384765625,0.0,793.494384765625,0,0,0.1
core_neuralprophet_frozen_s42,neuralprophet,frozen,selected,42,1,2025-01-13 01:00:00,2025-01-18 16:00:00,136,551.72,True,True,548.058349609375,0.0,548.058349609375,0,0,0.1
core_neuralprophet_frozen_s42,neuralprophet,frozen,selected,42,1,2025-01-13 01:00:00,2025-01-18 17:00:00,137,335.28,True,True,335.4786376953125,0.0,335.4786376953125,0,0,0.1
core_neuralprophet_frozen_s42,neuralprophet,frozen,selected,42,1,2025-01-13 01:00:00,2025-01-18 18:00:00,138,187.69,True,True,179.5867919921875,0.0,179.5867919921875,0,0,0.1
core_neuralprophet_frozen_s42,neuralprophet,frozen,selected,42,1,2025-01-13 01:00:00,2025-01-18 19:00:00,139,70.81,True,True,50.07208251953125,0.0,50.07208251953125,0,0,0.1
core_neuralprophet_frozen_s42,neuralprophet,frozen,selected,42,1,2025-01-13 01:00:00,2025-01-18 20:00:00,140,51.73,True,True,15.524686813354492,0.0,15.524686813354492,0,0,0.1
core_neuralprophet_frozen_s42,neuralprophet,frozen,selected,42,1,2025-01-13 01:00:00,2025-01-18 21:00:00,141,50.45,True,True,31.197166442871094,0.0,31.197166442871094,0,0,0.1
core_neuralprophet_frozen_s42,neuralprophet,frozen,selected,42,1,2025-01-13 01:00:00,2025-01-18 22:00:00,142,53.33,True,True,28.613176345825195,0.0,28.613176345825195,0,0,0.1
core_neuralprophet_frozen_s42,neuralprophet,frozen,selected,42,1,2025-01-13 01:00:00,2025-01-18 23:00:00,143,63.47,True,True,38.87570571899414,0.0,38.87570571899414,0,0,0.1
core_neuralprophet_frozen_s42,neuralprophet,frozen,selected,42,1,2025-01-13 01:00:00,2025-01-19 00:00:00,144,73.44,True,True,52.34502410888672,0.0,52.34502410888672,0,0,0.1
core_neuralprophet_frozen_s42,neuralprophet,frozen,selected,42,1,2025-01-13 01:00:00,2025-01-19 01:00:00,145,78.05,True,True,38.89781188964844,0.0,38.89781188964844,0,0,0.1
core_neuralprophet_frozen_s42,neuralprophet,frozen,selected,42,1,2025-01-13 01:00:00,2025-01-19 02:00:00,146,78.83,True,True,42.187782287597656,0.0,42.187782287597656,0,0,0.1
core_neuralprophet_frozen_s42,neuralprophet,frozen,selected,42,1,2025-01-13 01:00:00,2025-01-19 03:00:00,147,76.0,True,True,46.841251373291016,0.0,46.841251373291016,0,0,0.1
core_neuralprophet_frozen_s42,neuralprophet,frozen,selected,42,1,2025-01-13 01:00:00,2025-01-19 04:00:00,148,72.06,True,True,43.863616943359375,0.0,43.863616943359375,0,0,0.1
core_neuralprophet_frozen_s42,neuralprophet,frozen,selected,42,1,2025-01-13 01:00:00,2025-01-19 05:00:00,149,67.78,True,True,45.22307968139648,0.0,45.22307968139648,0,0,0.1
core_neuralprophet_frozen_s42,neuralprophet,frozen,selected,42,1,2025-01-13 01:00:00,2025-01-19 06:00:00,150,64.1,True,True,41.24501419067383,0.0,41.24501419067383,0,0,0.1
core_neuralprophet_frozen_s42,neuralprophet,frozen,selected,42,1,2025-01-13 01:00:00,2025-01-19 07:00:00,151,88.26,True,True,70.67991638183594,0.0,70.67991638183594,0,0,0.1
core_neuralprophet_frozen_s42,neuralprophet,frozen,selected,42,1,2025-01-13 01:00:00,2025-01-19 08:00:00,152,151.64,True,True,138.3146514892578,0.0,138.3146514892578,0,0,0.1
core_neuralprophet_frozen_s42,neuralprophet,frozen,selected,42,1,2025-01-13 01:00:00,2025-01-19 09:00:00,153,235.76,True,True,218.6555938720703,0.0,218.6555938720703,0,0,0.1
core_neuralprophet_frozen_s42,neuralprophet,frozen,selected,42,1,2025-01-13 01:00:00,2025-01-19 10:00:00,154,322.92,True,True,311.3869934082031,0.0,311.3869934082031,0,0,0.1
core_neuralprophet_frozen_s42,neuralprophet,frozen,selected,42,1,2025-01-13 01:00:00,2025-01-19 11:00:00,155,425.28,True,True,414.4729919433594,0.0,414.4729919433594,0,0,0.1
core_neuralprophet_frozen_s42,neuralprophet,frozen,selected,42,1,2025-01-13 01:00:00,2025-01-19 12:00:00,156,528.69,True,True,506.8572998046875,0.0,506.8572998046875,0,0,0.1
core_neuralprophet_frozen_s42,neuralprophet,frozen,selected,42,1,2025-01-13 01:00:00,2025-01-19 13:00:00,157,600.77,True,True,587.2717895507812,0.0,587.2717895507812,0,0,0.1
core_neuralprophet_frozen_s42,neuralprophet,frozen,selected,42,1,2025-01-13 01:00:00,2025-01-19 14:00:00,158,666.52,True,True,654.5485229492188,0.0,654.5485229492188,0,0,0.1
core_neuralprophet_frozen_s42,neuralprophet,frozen,selected,42,1,2025-01-13 01:00:00,2025-01-19 15:00:00,159,689.04,True,True,666.6580810546875,0.0,666.6580810546875,0,0,0.1
core_neuralprophet_frozen_s42,neuralprophet,frozen,selected,42,1,2025-01-13 01:00:00,2025-01-19 16:00:00,160,624.14,True,True,599.7092895507812,0.0,599.7092895507812,0,0,0.1
core_neuralprophet_frozen_s42,neuralprophet,frozen,selected,42,1,2025-01-13 01:00:00,2025-01-19 17:00:00,161,565.74,True,True,550.5936889648438,0.0,550.5936889648438,0,0,0.1
core_neuralprophet_frozen_s42,neuralprophet,frozen,selected,42,1,2025-01-13 01:00:00,2025-01-19 18:00:00,162,547.88,True,True,535.0392456054688,0.0,535.0392456054688,0,0,0.1
core_neuralprophet_frozen_s42,neuralprophet,frozen,selected,42,1,2025-01-13 01:00:00,2025-01-19 19:00:00,163,534.29,True,True,521.9934692382812,0.0,521.9934692382812,0,0,0.1
core_neuralprophet_frozen_s42,neuralprophet,frozen,selected,42,1,2025-01-13 01:00:00,2025-01-19 20:00:00,164,513.39,True,True,501.4420166015625,0.0,501.4420166015625,0,0,0.1
core_neuralprophet_frozen_s42,neuralprophet,frozen,selected,42,1,2025-01-13 01:00:00,2025-01-19 21:00:00,165,493.43,True,True,473.8464660644531,0.0,473.8464660644531,0,0,0.1
core_neuralprophet_frozen_s42,neuralprophet,frozen,selected,42,1,2025-01-13 01:00:00,2025-01-19 22:00:00,166,475.4,True,True,453.1002502441406,0.0,453.1002502441406,0,0,0.1
core_neuralprophet_frozen_s42,neuralprophet,frozen,selected,42,1,2025-01-13 01:00:00,2025-01-19 23:00:00,167,522.19,True,True,493.1789855957031,0.0,493.1789855957031,0,0,0.1
core_neuralprophet_frozen_s42,neuralprophet,frozen,selected,42,1,2025-01-13 01:00:00,2025-01-20 00:00:00,168,610.26,True,True,591.69140625,0.0,591.69140625,0,0,0.1
core_neuralprophet_frozen_s42,neuralprophet,frozen,selected,42,2,2025-01-20 01:00:00,2025-01-20 01:00:00,1,725.46,True,True,729.324462890625,0.28568944941815866,729.6101523400432,0,0,0.1
core_neuralprophet_frozen_s42,neuralprophet,frozen,selected,42,2,2025-01-20 01:00:00,2025-01-20 02:00:00,2,826.46,True,True,846.4402465820312,0.28568944941815866,846.7259360314495,0,0,0.1
core_neuralprophet_frozen_s42,neuralprophet,frozen,selected,42,2,2025-01-20 01:00:00,2025-01-20 03:00:00,3,867.33,True,True,868.59765625,0.28568944941815866,868.8833456994182,0,0,0.1
core_neuralprophet_frozen_s42,neuralprophet,frozen,selected,42,2,2025-01-20 01:00:00,2025-01-20 04:00:00,4,525.25,True,True,510.0827331542969,0.28568944941815866,510.36842260371503,0,0,0.1
core_neuralprophet_frozen_s42,neuralprophet,frozen,selected,42,2,2025-01-20 01:00:00,2025-01-20 05:00:00,5,544.06,True,True,512.9810791015625,0.28568944941815866,513.2667685509807,0,0,0.1
core_neuralprophet_frozen_s42,neuralprophet,frozen,selected,42,2,2025-01-20 01:00:00,2025-01-20 06:00:00,6,573.14,True,True,506.7269287109375,0.28568944941815866,507.01261816035566,0,0,0.1
core_neuralprophet_frozen_s42,neuralprophet,frozen,selected,42,2,2025-01-20 01:00:00,2025-01-20 07:00:00,7,644.34,True,True,585.4640502929688,0.28568944941815866,585.749739742387,0,0,0.1
core_neuralprophet_frozen_s42,neuralprophet,frozen,selected,42,2,2025-01-20 01:00:00,2025-01-20 08:00:00,8,768.59,True,True,720.2982788085938,0.28568944941815866,720.583968258012,0,0,0.1
core_neuralprophet_frozen_s42,neuralprophet,frozen,selected,42,2,2025-01-20 01:00:00,2025-01-20 09:00:00,9,875.14,True,True,852.3038940429688,0.28568944941815866,852.589583492387,0,0,0.1
core_neuralprophet_frozen_s42,neuralprophet,frozen,selected,42,2,2025-01-20 01:00:00,2025-01-20 10:00:00,10,1001.02,True,True,978.9696655273438,0.28568944941815866,979.255354976762,0,0,0.1
core_neuralprophet_frozen_s42,neuralprophet,frozen,selected,42,2,2025-01-20 01:00:00,2025-01-20 11:00:00,11,1166.84,True,True,1149.0455322265625,0.28568944941815866,1149.3312216759807,0,0,0.1
core_neuralprophet_frozen_s42,neuralprophet,frozen,selected,42,2,2025-01-20 01:00:00,2025-01-20 12:00:00,12,1325.63,True,True,1264.3642578125,0.28568944941815866,1264.6499472619182,0,0,0.1
core_neuralprophet_frozen_s42,neuralprophet,frozen,selected,42,2,2025-01-20 01:00:00,2025-01-20 13:00:00,13,1407.51,True,True,1342.9346923828125,0.28568944941815866,1343.2203818322307,0,0,0.1
core_neuralprophet_frozen_s42,neuralprophet,frozen,selected,42,2,2025-01-20 01:00:00,2025-01-20 14:00:00,14,1387.02,True,True,1291.5341796875,0.28568944941815866,1291.8198691369182,0,0,0.1
core_neuralprophet_frozen_s42,neuralprophet,frozen,selected,42,2,2025-01-20 01:00:00,2025-01-20 15:00:00,15,1216.89,True,True,1118.8582763671875,0.28568944941815866,1119.1439658166057,0,0,0.1
core_neuralprophet_frozen_s42,neuralprophet,frozen,selected,42,2,2025-01-20 01:00:00,2025-01-20 16:00:00,16,944.65,True,True,869.8010864257812,0.28568944941815866,870.0867758751995,0,0,0.1
core_neuralprophet_frozen_s42,neuralprophet,frozen,selected,42,2,2025-01-20 01:00:00,2025-01-20 17:00:00,17,687.19,True,True,633.545654296875,0.28568944941815866,633.8313437462932,0,0,0.1
core_neuralprophet_frozen_s42,neuralprophet,frozen,selected,42,2,2025-01-20 01:00:00,2025-01-20 18:00:00,18,478.96,True,True,444.0069274902344,0.28568944941815866,444.29261693965253,0,0,0.1
core_neuralprophet_frozen_s42,neuralprophet,frozen,selected,42,2,2025-01-20 01:00:00,2025-01-20 19:00:00,19,313.01,True,True,275.2965393066406,0.28568944941815866,275.5822287560588,0,0,0.1
core_neuralprophet_frozen_s42,neuralprophet,frozen,selected,42,2,2025-01-20 01:00:00,2025-01-20 20:00:00,20,213.09,True,True,186.8958282470703,0.28568944941815866,187.18151769648847,0,0,0.1
core_neuralprophet_frozen_s42,neuralprophet,frozen,selected,42,2,2025-01-20 01:00:00,2025-01-20 21:00:00,21,155.66,True,True,142.40701293945312,0.28568944941815866,142.69270238887128,0,0,0.1
core_neuralprophet_frozen_s42,neuralprophet,frozen,selected,42,2,2025-01-20 01:00:00,2025-01-20 22:00:00,22,117.04,True,True,93.24806213378906,0.28568944941815866,93.53375158320722,0,0,0.1
core_neuralprophet_frozen_s42,neuralprophet,frozen,selected,42,2,2025-01-20 01:00:00,2025-01-20 23:00:00,23,122.72,True,True,108.6189422607422,0.28568944941815866,108.90463171016036,0,0,0.1
core_neuralprophet_frozen_s42,neuralprophet,frozen,selected,42,2,2025-01-20 01:00:00,2025-01-21 00:00:00,24,142.38,True,True,126.5532684326172,0.28568944941815866,126.83895788203536,0,0,0.1
core_neuralprophet_frozen_s42,neuralprophet,frozen,selected,42,2,2025-01-20 01:00:00,2025-01-21 01:00:00,25,144.76,True,True,121.86957550048828,0.28568944941815866,122.15526494990644,0,0,0.1
core_neuralprophet_frozen_s42,neuralprophet,frozen,selected,42,2,2025-01-20 01:00:00,2025-01-21 02:00:00,26,139.09,True,True,105.37894439697266,0.28568944941815866,105.66463384639081,0,0,0.1
core_neuralprophet_frozen_s42,neuralprophet,frozen,selected,42,2,2025-01-20 01:00:00,2025-01-21 03:00:00,27,125.87,True,True,92.53352355957033,0.28568944941815866,92.81921300898848,0,0,0.1
core_neuralprophet_frozen_s42,neuralprophet,frozen,selected,42,2,2025-01-20 01:00:00,2025-01-21 04:00:00,28,107.08,True,True,74.72857666015625,0.28568944941815866,75.01426610957441,0,0,0.1
core_neuralprophet_frozen_s42,neuralprophet,frozen,selected,42,2,2025-01-20 01:00:00,2025-01-21 05:00:00,29,96.0,True,True,65.35752868652344,0.28568944941815866,65.6432181359416,0,0,0.1
core_neuralprophet_frozen_s42,neuralprophet,frozen,selected,42,2,2025-01-20 01:00:00,2025-01-21 06:00:00,30,82.98,True,True,47.592472076416016,0.28568944941815866,47.87816152583417,0,0,0.1
core_neuralprophet_frozen_s42,neuralprophet,frozen,selected,42,2,2025-01-20 01:00:00,2025-01-21 07:00:00,31,134.66,True,True,121.6924285888672,0.28568944941815866,121.97811803828536,0,0,0.1
core_neuralprophet_frozen_s42,neuralprophet,frozen,selected,42,2,2025-01-20 01:00:00,2025-01-21 08:00:00,32,258.48,True,True,265.44512939453125,0.28568944941815866,265.7308188439494,0,0,0.1
core_neuralprophet_frozen_s42,neuralprophet,frozen,selected,42,2,2025-01-20 01:00:00,2025-01-21 09:00:00,33,411.48,True,True,417.0455627441406,0.28568944941815866,417.3312521935588,0,0,0.1
core_neuralprophet_frozen_s42,neuralprophet,frozen,selected,42,2,2025-01-20 01:00:00,2025-01-21 10:00:00,34,543.68,True,True,549.7355346679688,0.28568944941815866,550.021224117387,0,0,0.1
core_neuralprophet_frozen_s42,neuralprophet,frozen,selected,42,2,2025-01-20 01:00:00,2025-01-21 11:00:00,35,649.79,True,True,640.9275512695312,0.28568944941815866,641.2132407189495,0,0,0.1
core_neuralprophet_frozen_s42,neuralprophet,frozen,selected,42,2,2025-01-20 01:00:00,2025-01-21 12:00:00,36,729.62,True,True,706.413330078125,0.28568944941815866,706.6990195275432,0,0,0.1
core_neuralprophet_frozen_s42,neuralprophet,frozen,selected,42,2,2025-01-20 01:00:00,2025-01-21 13:00:00,37,778.48,True,True,761.15380859375,0.28568944941815866,761.4394980431682,0,0,0.1
core_neuralprophet_frozen_s42,neuralprophet,frozen,selected,42,2,2025-01-20 01:00:00,2025-01-21 14:00:00,38,819.18,True,True,801.0870971679688,0.28568944941815866,801.372786617387,0,0,0.1
core_neuralprophet_frozen_s42,neuralprophet,frozen,selected,42,2,2025-01-20 01:00:00,2025-01-21 15:00:00,39,779.92,True,True,759.23046875,0.28568944941815866,759.5161581994182,0,0,0.1
core_neuralprophet_frozen_s42,neuralprophet,frozen,selected,42,2,2025-01-20 01:00:00,2025-01-21 16:00:00,40,569.49,True,True,557.907470703125,0.28568944941815866,558.1931601525432,0,0,0.1
core_neuralprophet_frozen_s42,neuralprophet,frozen,selected,42,2,2025-01-20 01:00:00,2025-01-21 17:00:00,41,418.23,True,True,412.5917663574219,0.28568944941815866,412.87745580684003,0,0,0.1
core_neuralprophet_frozen_s42,neuralprophet,frozen,selected,42,2,2025-01-20 01:00:00,2025-01-21 18:00:00,42,330.57,True,True,328.6869201660156,0.28568944941815866,328.9726096154338,0,0,0.1
core_neuralprophet_frozen_s42,neuralprophet,frozen,selected,42,2,2025-01-20 01:00:00,2025-01-21 19:00:00,43,296.2,True,True,293.9026184082031,0.28568944941815866,294.1883078576213,0,0,0.1
core_neuralprophet_frozen_s42,neuralprophet,frozen,selected,42,2,2025-01-20 01:00:00,2025-01-21 20:00:00,44,291.54,True,True,289.7620544433594,0.28568944941815866,290.04774389277753,0,0,0.1
core_neuralprophet_frozen_s42,neuralprophet,frozen,selected,42,2,2025-01-20 01:00:00,2025-01-21 21:00:00,45,302.63,True,True,299.88330078125,0.28568944941815866,300.16899023066816,0,0,0.1
core_neuralprophet_frozen_s42,neuralprophet,frozen,selected,42,2,2025-01-20 01:00:00,2025-01-21 22:00:00,46,322.31,True,True,313.2168884277344,0.28568944941815866,313.50257787715253,0,0,0.1
core_neuralprophet_frozen_s42,neuralprophet,frozen,selected,42,2,2025-01-20 01:00:00,2025-01-21 23:00:00,47,399.19,True,True,387.3348693847656,0.28568944941815866,387.6205588341838,0,0,0.1
core_neuralprophet_frozen_s42,neuralprophet,frozen,selected,42,2,2025-01-20 01:00:00,2025-01-22 00:00:00,48,520.33,True,True,510.7769165039063,0.28568944941815866,511.06260595332446,0,0,0.1
core_neuralprophet_frozen_s42,neuralprophet,frozen,selected,42,2,2025-01-20 01:00:00,2025-01-22 01:00:00,49,640.07,True,True,645.1293334960938,0.28568944941815866,645.415022945512,0,0,0.1
core_neuralprophet_frozen_s42,neuralprophet,frozen,selected,42,2,2025-01-20 01:00:00,2025-01-22 02:00:00,50,695.1,True,True,699.1873168945312,0.28568944941815866,699.4730063439495,0,0,0.1
core_neuralprophet_frozen_s42,neuralprophet,frozen,selected,42,2,2025-01-20 01:00:00,2025-01-22 03:00:00,51,652.64,True,True,665.0282592773438,0.28568944941815866,665.313948726762,0,0,0.1
core_neuralprophet_frozen_s42,neuralprophet,frozen,selected,42,2,2025-01-20 01:00:00,2025-01-22 04:00:00,52,343.67,True,True,325.8353881835937,0.28568944941815866,326.12107763301185,0,0,0.1
core_neuralprophet_frozen_s42,neuralprophet,frozen,selected,42,2,2025-01-20 01:00:00,2025-01-22 05:00:00,53,321.46,True,True,299.665771484375,0.28568944941815866,299.95146093379316,0,0,0.1
core_neuralprophet_frozen_s42,neuralprophet,frozen,selected,42,2,2025-01-20 01:00:00,2025-01-22 06:00:00,54,326.17,True,True,302.01300048828125,0.28568944941815866,302.2986899376994,0,0,0.1
core_neuralprophet_frozen_s42,neuralprophet,frozen,selected,42,2,2025-01-20 01:00:00,2025-01-22 07:00:00,55,357.09,True,True,342.2076416015625,0.28568944941815866,342.49333105098066,0,0,0.1
core_neuralprophet_frozen_s42,neuralprophet,frozen,selected,42,2,2025-01-20 01:00:00,2025-01-22 08:00:00,56,447.95,True,True,440.94091796875,0.28568944941815866,441.22660741816816,0,0,0.1
core_neuralprophet_frozen_s42,neuralprophet,frozen,selected,42,2,2025-01-20 01:00:00,2025-01-22 09:00:00,57,548.05,True,True,548.5503540039062,0.28568944941815866,548.8360434533245,0,0,0.1
core_neuralprophet_frozen_s42,neuralprophet,frozen,selected,42,2,2025-01-20 01:00:00,2025-01-22 10:00:00,58,646.34,True,True,659.7754516601562,0.28568944941815866,660.0611411095745,0,0,0.1
core_neuralprophet_frozen_s42,neuralprophet,frozen,selected,42,2,2025-01-20 01:00:00,2025-01-22 11:00:00,59,787.36,True,True,800.5203247070312,0.28568944941815866,800.8060141564495,0,0,0.1
core_neuralprophet_frozen_s42,neuralprophet,frozen,selected,42,2,2025-01-20 01:00:00,2025-01-22 12:00:00,60,948.84,True,True,967.13232421875,0.28568944941815866,967.4180136681682,0,0,0.1
core_neuralprophet_frozen_s42,neuralprophet,frozen,selected,42,2,2025-01-20 01:00:00,2025-01-22 13:00:00,61,1067.15,True,True,1075.4287109375,0.28568944941815866,1075.7144003869182,0,0,0.1
core_neuralprophet_frozen_s42,neuralprophet,frozen,selected,42,2,2025-01-20 01:00:00,2025-01-22 14:00:00,62,1167.19,True,True,1167.984375,0.28568944941815866,1168.2700644494182,0,0,0.1
core_neuralprophet_frozen_s42,neuralprophet,frozen,selected,42,2,2025-01-20 01:00:00,2025-01-22 15:00:00,63,1242.8,True,True,1239.485595703125,0.28568944941815866,1239.7712851525432,0,0,0.1
core_neuralprophet_frozen_s42,neuralprophet,frozen,selected,42,2,2025-01-20 01:00:00,2025-01-22 16:00:00,64,1192.47,True,True,1201.1844482421875,0.28568944941815866,1201.4701376916057,0,0,0.1
core_neuralprophet_frozen_s42,neuralprophet,frozen,selected,42,2,2025-01-20 01:00:00,2025-01-22 17:00:00,65,1053.76,True,True,1075.4620361328125,0.28568944941815866,1075.7477255822307,0,0,0.1
core_neuralprophet_frozen_s42,neuralprophet,frozen,selected,42,2,2025-01-20 01:00:00,2025-01-22 18:00:00,66,901.85,True,True,922.8634033203124,0.28568944941815866,923.1490927697306,0,0,0.1
core_neuralprophet_frozen_s42,neuralprophet,frozen,selected,42,2,2025-01-20 01:00:00,2025-01-22 19:00:00,67,812.84,True,True,844.2518310546875,0.28568944941815866,844.5375205041057,0,0,0.1
core_neuralprophet_frozen_s42,neuralprophet,frozen,selected,42,2,2025-01-20 01:00:00,2025-01-22 20:00:00,68,759.59,True,True,775.7511596679688,0.28568944941815866,776.036849117387,0,0,0.1
core_neuralprophet_frozen_s42,neuralprophet,frozen,selected,42,2,2025-01-20 01:00:00,2025-01-22 21:00:00,69,684.71,True,True,723.3863525390625,0.28568944941815866,723.6720419884807,0,0,0.1
core_neuralprophet_frozen_s42,neuralprophet,frozen,selected,42,2,2025-01-20 01:00:00,2025-01-22 22:00:00,70,605.17,True,True,638.888916015625,0.28568944941815866,639.1746054650432,0,0,0.1
core_neuralprophet_frozen_s42,neuralprophet,frozen,selected,42,2,2025-01-20 01:00:00,2025-01-22 23:00:00,71,664.7,True,True,688.5053100585938,0.28568944941815866,688.790999508012,0,0,0.1
core_neuralprophet_frozen_s42,neuralprophet,frozen,selected,42,2,2025-01-20 01:00:00,2025-01-23 00:00:00,72,843.76,True,True,850.9061889648438,0.28568944941815866,851.191878414262,0,0,0.1
core_neuralprophet_frozen_s42,neuralprophet,frozen,selected,42,2,2025-01-20 01:00:00,2025-01-23 01:00:00,73,975.06,True,True,981.5198974609376,0.28568944941815866,981.8055869103558,0,0,0.1
core_neuralprophet_frozen_s42,neuralprophet,frozen,selected,42,2,2025-01-20 01:00:00,2025-01-23 02:00:00,74,991.71,True,True,1013.3660888671876,0.28568944941815866,1013.6517783166058,0,0,0.1
core_neuralprophet_frozen_s42,neuralprophet,frozen,selected,42,2,2025-01-20 01:00:00,2025-01-23 03:00:00,75,924.72,True,True,968.6432495117188,0.28568944941815866,968.928938961137,0,0,0.1
core_neuralprophet_frozen_s42,neuralprophet,frozen,selected,42,2,2025-01-20 01:00:00,2025-01-23 04:00:00,76,474.65,True,True,505.0445861816406,0.28568944941815866,505.3302756310588,0,0,0.1
core_neuralprophet_frozen_s42,neuralprophet,frozen,selected,42,2,2025-01-20 01:00:00,2025-01-23 05:00:00,77,438.4,True,True,469.5467529296875,0.28568944941815866,469.83244237910566,0,0,0.1
core_neuralprophet_frozen_s42,neuralprophet,frozen,selected,42,2,2025-01-20 01:00:00,2025-01-23 06:00:00,78,445.58,True,True,477.1690673828125,0.28568944941815866,477.45475683223066,0,0,0.1
core_neuralprophet_frozen_s42,neuralprophet,frozen,selected,42,2,2025-01-20 01:00:00,2025-01-23 07:00:00,79,486.7,True,True,520.4055786132812,0.28568944941815866,520.6912680626995,0,0,0.1
core_neuralprophet_frozen_s42,neuralprophet,frozen,selected,42,2,2025-01-20 01:00:00,2025-01-23 08:00:00,80,576.78,True,True,613.9292602539062,0.28568944941815866,614.2149497033245,0,0,0.1
core_neuralprophet_frozen_s42,neuralprophet,frozen,selected,42,2,2025-01-20 01:00:00,2025-01-23 09:00:00,81,661.89,True,True,703.8555908203125,0.28568944941815866,704.1412802697307,0,0,0.1
core_neuralprophet_frozen_s42,neuralprophet,frozen,selected,42,2,2025-01-20 01:00:00,2025-01-23 10:00:00,82,740.78,True,True,797.1206665039062,0.28568944941815866,797.4063559533245,0,0,0.1
core_neuralprophet_frozen_s42,neuralprophet,frozen,selected,42,2,2025-01-20 01:00:00,2025-01-23 11:00:00,83,863.55,True,True,912.7152709960938,0.28568944941815866,913.000960445512,0,0,0.1
core_neuralprophet_frozen_s42,neuralprophet,frozen,selected,42,2,2025-01-20 01:00:00,2025-01-23 12:00:00,84,1008.56,True,True,1045.579345703125,0.28568944941815866,1045.8650351525432,0,0,0.1
core_neuralprophet_frozen_s42,neuralprophet,frozen,selected,42,2,2025-01-20 01:00:00,2025-01-23 13:00:00,85,1092.07,True,True,1120.0111083984375,0.28568944941815866,1120.2967978478557,0,0,0.1
core_neuralprophet_frozen_s42,neuralprophet,frozen,selected,42,2,2025-01-20 01:00:00,2025-01-23 14:00:00,86,1109.14,True,True,1113.1063232421875,0.28568944941815866,1113.3920126916057,0,0,0.1
core_neuralprophet_frozen_s42,neuralprophet,frozen,selected,42,2,2025-01-20 01:00:00,2025-01-23 15:00:00,87,1049.86,True,True,1064.8052978515625,0.28568944941815866,1065.0909873009807,0,0,0.1
core_neuralprophet_frozen_s42,neuralprophet,frozen,selected,42,2,2025-01-20 01:00:00,2025-01-23 16:00:00,88,952.31,True,True,949.8076782226562,0.28568944941815866,950.0933676720745,0,0,0.1
core_neuralprophet_frozen_s42,neuralprophet,frozen,selected,42,2,2025-01-20 01:00:00,2025-01-23 17:00:00,89,829.65,True,True,845.7398071289062,0.28568944941815866,846.0254965783245,0,0,0.1
core_neuralprophet_frozen_s42,neuralprophet,frozen,selected,42,2,2025-01-20 01:00:00,2025-01-23 18:00:00,90,690.4,True,True,698.9798583984375,0.28568944941815866,699.2655478478557,0,0,0.1
core_neuralprophet_frozen_s42,neuralprophet,frozen,selected,42,2,2025-01-20 01:00:00,2025-01-23 19:00:00,91,558.33,True,True,569.3938598632812,0.28568944941815866,569.6795493126995,0,0,0.1
core_neuralprophet_frozen_s42,neuralprophet,frozen,selected,42,2,2025-01-20 01:00:00,2025-01-23 20:00:00,92,478.93,True,True,499.6759033203125,0.28568944941815866,499.96159276973066,0,0,0.1
core_neuralprophet_frozen_s42,neuralprophet,frozen,selected,42,2,2025-01-20 01:00:00,2025-01-23 21:00:00,93,443.28,True,True,463.3748779296875,0.28568944941815866,463.66056737910566,0,0,0.1
core_neuralprophet_frozen_s42,neuralprophet,frozen,selected,42,2,2025-01-20 01:00:00,2025-01-23 22:00:00,94,413.31,True,True,433.8604431152344,0.28568944941815866,434.14613256465253,0,0,0.1
core_neuralprophet_frozen_s42,neuralprophet,frozen,selected,42,2,2025-01-20 01:00:00,2025-01-23 23:00:00,95,460.36,True,True,474.5679016113281,0.28568944941815866,474.8535910607463,0,0,0.1
core_neuralprophet_frozen_s42,neuralprophet,frozen,selected,42,2,2025-01-20 01:00:00,2025-01-24 00:00:00,96,559.5,True,True,591.4883422851562,0.28568944941815866,591.7740317345745,0,0,0.1
core_neuralprophet_frozen_s42,neuralprophet,frozen,selected,42,2,2025-01-20 01:00:00,2025-01-24 01:00:00,97,616.25,True,True,644.9130859375,0.28568944941815866,645.1987753869182,0,0,0.1
core_neuralprophet_frozen_s42,neuralprophet,frozen,selected,42,2,2025-01-20 01:00:00,2025-01-24 02:00:00,98,613.07,True,True,657.5886840820312,0.28568944941815866,657.8743735314495,0,0,0.1
core_neuralprophet_frozen_s42,neuralprophet,frozen,selected,42,2,2025-01-20 01:00:00,2025-01-24 03:00:00,99,543.29,True,True,584.9688110351562,0.28568944941815866,585.2545004845745,0,0,0.1
core_neuralprophet_frozen_s42,neuralprophet,frozen,selected,42,2,2025-01-20 01:00:00,2025-01-24 04:00:00,100,286.26,True,True,293.961669921875,0.28568944941815866,294.24735937129316,0,0,0.1
core_neuralprophet_frozen_s42,neuralprophet,frozen,selected,42,2,2025-01-20 01:00:00,2025-01-24 05:00:00,101,305.56,True,True,320.6183776855469,0.28568944941815866,320.90406713496503,0,0,0.1
core_neuralprophet_frozen_s42,neuralprophet,frozen,selected,42,2,2025-01-20 01:00:00,2025-01-24 06:00:00,102,350.29,True,True,368.9748840332031,0.28568944941815866,369.2605734826213,0,0,0.1
core_neuralprophet_frozen_s42,neuralprophet,frozen,selected,42,2,2025-01-20 01:00:00,2025-01-24 07:00:00,103,409.8,True,True,417.63873291015625,0.28568944941815866,417.9244223595744,0,0,0.1
core_neuralprophet_frozen_s42,neuralprophet,frozen,selected,42,2,2025-01-20 01:00:00,2025-01-24 08:00:00,104,513.01,True,True,514.9407958984375,0.28568944941815866,515.2264853478557,0,0,0.1
core_neuralprophet_frozen_s42,neuralprophet,frozen,selected,42,2,2025-01-20 01:00:00,2025-01-24 09:00:00,105,630.05,True,True,629.3302001953125,0.28568944941815866,629.6158896447307,0,0,0.1
core_neuralprophet_frozen_s42,neuralprophet,frozen,selected,42,2,2025-01-20 01:00:00,2025-01-24 10:00:00,106,743.14,True,True,736.7625122070312,0.28568944941815866,737.0482016564495,0,0,0.1
core_neuralprophet_frozen_s42,neuralprophet,frozen,selected,42,2,2025-01-20 01:00:00,2025-01-24 11:00:00,107,861.74,True,True,857.95849609375,0.28568944941815866,858.2441855431682,0,0,0.1
core_neuralprophet_frozen_s42,neuralprophet,frozen,selected,42,2,2025-01-20 01:00:00,2025-01-24 12:00:00,108,954.34,True,True,908.5892333984376,0.28568944941815866,908.8749228478558,0,0,0.1
core_neuralprophet_frozen_s42,neuralprophet,frozen,selected,42,2,2025-01-20 01:00:00,2025-01-24 13:00:00,109,1027.42,True,True,1002.7301635742188,0.28568944941815866,1003.015853023637,0,0,0.1
core_neuralprophet_frozen_s42,neuralprophet,frozen,selected,42,2,2025-01-20 01:00:00,2025-01-24 14:00:00,110,1147.74,True,True,1130.6072998046875,0.28568944941815866,1130.8929892541057,0,0,0.1
core_neuralprophet_frozen_s42,neuralprophet,frozen,selected,42,2,2025-01-20 01:00:00,2025-01-24 15:00:00,111,1222.71,True,True,1227.894287109375,0.28568944941815866,1228.1799765587932,0,0,0.1
core_neuralprophet_frozen_s42,neuralprophet,frozen,selected,42,2,2025-01-20 01:00:00,2025-01-24 16:00:00,112,1129.13,True,True,1153.2357177734375,0.28568944941815866,1153.5214072228557,0,0,0.1
core_neuralprophet_frozen_s42,neuralprophet,frozen,selected,42,2,2025-01-20 01:00:00,2025-01-24 17:00:00,113,985.16,True,True,1013.34375,0.28568944941815866,1013.6294394494182,0,0,0.1
core_neuralprophet_frozen_s42,neuralprophet,frozen,selected,42,2,2025-01-20 01:00:00,2025-01-24 18:00:00,114,855.28,True,True,875.4393920898438,0.28568944941815866,875.725081539262,0,0,0.1
core_neuralprophet_frozen_s42,neuralprophet,frozen,selected,42,2,2025-01-20 01:00:00,2025-01-24 19:00:00,115,786.21,True,True,804.68505859375,0.28568944941815866,804.9707480431682,0,0,0.1
core_neuralprophet_frozen_s42,neuralprophet,frozen,selected,42,2,2025-01-20 01:00:00,2025-01-24 20:00:00,116,748.8,True,True,753.2286376953125,0.28568944941815866,753.5143271447307,0,0,0.1
core_neuralprophet_frozen_s42,neuralprophet,frozen,selected,42,2,2025-01-20 01:00:00,2025-01-24 21:00:00,117,701.82,True,True,721.2437744140625,0.28568944941815866,721.5294638634807,0,0,0.1
core_neuralprophet_frozen_s42,neuralprophet,frozen,selected,42,2,2025-01-20 01:00:00,2025-01-24 22:00:00,118,639.36,True,True,649.4024658203125,0.28568944941815866,649.6881552697307,0,0,0.1
core_neuralprophet_frozen_s42,neuralprophet,frozen,selected,42,2,2025-01-20 01:00:00,2025-01-24 23:00:00,119,683.09,True,True,685.489013671875,0.28568944941815866,685.7747031212932,0,0,0.1
core_neuralprophet_frozen_s42,neuralprophet,frozen,selected,42,2,2025-01-20 01:00:00,2025-01-25 00:00:00,120,867.27,True,True,869.4760131835938,0.28568944941815866,869.761702633012,0,0,0.1
core_neuralprophet_frozen_s42,neuralprophet,frozen,selected,42,2,2025-01-20 01:00:00,2025-01-25 01:00:00,121,1043.89,True,True,1028.3162841796875,0.28568944941815866,1028.6019736291057,0,0,0.1
core_neuralprophet_frozen_s42,neuralprophet,frozen,selected,42,2,2025-01-20 01:00:00,2025-01-25 02:00:00,122,1139.2,True,True,1139.5595703125,0.28568944941815866,1139.8452597619182,0,0,0.1
core_neuralprophet_frozen_s42,neuralprophet,frozen,selected,42,2,2025-01-20 01:00:00,2025-01-25 03:00:00,123,1176.27,True,True,1176.6258544921875,0.28568944941815866,1176.9115439416057,0,0,0.1
core_neuralprophet_frozen_s42,neuralprophet,frozen,selected,42,2,2025-01-20 01:00:00,2025-01-25 04:00:00,124,775.15,True,True,761.5249633789062,0.28568944941815866,761.8106528283245,0,0,0.1
core_neuralprophet_frozen_s42,neuralprophet,frozen,selected,42,2,2025-01-20 01:00:00,2025-01-25 05:00:00,125,681.17,True,True,675.1187133789062,0.28568944941815866,675.4044028283245,0,0,0.1
core_neuralprophet_frozen_s42,neuralprophet,frozen,selected,42,2,2025-01-20 01:00:00,2025-01-25 06:00:00,126,577.42,True,True,595.3171997070312,0.28568944941815866,595.6028891564495,0,0,0.1
core_neuralprophet_frozen_s42,neuralprophet,frozen,selected,42,2,2025-01-20 01:00:00,2025-01-25 07:00:00,127,453.48,True,True,501.1678161621094,0.28568944941815866,501.45350561152753,0,0,0.1
core_neuralprophet_frozen_s42,neuralprophet,frozen,selected,42,2,2025-01-20 01:00:00,2025-01-25 08:00:00,128,405.93,True,True,466.2699279785156,0.28568944941815866,466.5556174279338,0,0,0.1
core_neuralprophet_frozen_s42,neuralprophet,frozen,selected,42,2,2025-01-20 01:00:00,2025-01-25 09:00:00,129,380.0,True,True,440.6496276855469,0.28568944941815866,440.93531713496503,0,0,0.1
core_neuralprophet_frozen_s42,neuralprophet,frozen,selected,42,2,2025-01-20 01:00:00,2025-01-25 10:00:00,130,387.23,True,True,448.3329772949219,0.28568944941815866,448.61866674434003,0,0,0.1
core_neuralprophet_frozen_s42,neuralprophet,frozen,selected,42,2,2025-01-20 01:00:00,2025-01-25 11:00:00,131,460.41,True,True,516.2044677734375,0.28568944941815866,516.4901572228557,0,0,0.1
core_neuralprophet_frozen_s42,neuralprophet,frozen,selected,42,2,2025-01-20 01:00:00,2025-01-25 12:00:00,132,570.19,True,True,618.1239013671875,0.28568944941815866,618.4095908166057,0,0,0.1
core_neuralprophet_frozen_s42,neuralprophet,frozen,selected,42,2,2025-01-20 01:00:00,2025-01-25 13:00:00,133,660.63,True,True,721.42236328125,0.28568944941815866,721.7080527306682,0,0,0.1
core_neuralprophet_frozen_s42,neuralprophet,frozen,selected,42,2,2025-01-20 01:00:00,2025-01-25 14:00:00,134,721.7,True,True,780.3247680664062,0.28568944941815866,780.6104575158245,0,0,0.1
core_neuralprophet_frozen_s42,neuralprophet,frozen,selected,42,2,2025-01-20 01:00:00,2025-01-25 15:00:00,135,754.01,True,True,830.95947265625,0.28568944941815866,831.2451621056682,0,0,0.1
core_neuralprophet_frozen_s42,neuralprophet,frozen,selected,42,2,2025-01-20 01:00:00,2025-01-25 16:00:00,136,712.92,True,True,791.6463012695312,0.28568944941815866,791.9319907189495,0,0,0.1
core_neuralprophet_frozen_s42,neuralprophet,frozen,selected,42,2,2025-01-20 01:00:00,2025-01-25 17:00:00,137,609.77,True,True,691.5228881835938,0.28568944941815866,691.808577633012,0,0,0.1
core_neuralprophet_frozen_s42,neuralprophet,frozen,selected,42,2,2025-01-20 01:00:00,2025-01-25 18:00:00,138,476.96,True,True,544.2863159179688,0.28568944941815866,544.572005367387,0,0,0.1
core_neuralprophet_frozen_s42,neuralprophet,frozen,selected,42,2,2025-01-20 01:00:00,2025-01-25 19:00:00,139,397.06,True,True,451.9949951171875,0.28568944941815866,452.28068456660566,0,0,0.1
core_neuralprophet_frozen_s42,neuralprophet,frozen,selected,42,2,2025-01-20 01:00:00,2025-01-25 20:00:00,140,394.71,True,True,454.7778015136719,0.28568944941815866,455.06349096309003,0,0,0.1
core_neuralprophet_frozen_s42,neuralprophet,frozen,selected,42,2,2025-01-20 01:00:00,2025-01-25 21:00:00,141,391.82,True,True,449.3021545410156,0.28568944941815866,449.5878439904338,0,0,0.1
core_neuralprophet_frozen_s42,neuralprophet,frozen,selected,42,2,2025-01-20 01:00:00,2025-01-25 22:00:00,142,411.45,True,True,464.1705322265625,0.28568944941815866,464.45622167598066,0,0,0.1
core_neuralprophet_frozen_s42,neuralprophet,frozen,selected,42,2,2025-01-20 01:00:00,2025-01-25 23:00:00,143,406.41,True,True,477.8641052246094,0.28568944941815866,478.14979467402753,0,0,0.1
core_neuralprophet_frozen_s42,neuralprophet,frozen,selected,42,2,2025-01-20 01:00:00,2025-01-26 00:00:00,144,205.05,True,True,265.6173095703125,0.28568944941815866,265.90299901973066,0,0,0.1
core_neuralprophet_frozen_s42,neuralprophet,frozen,selected,42,2,2025-01-20 01:00:00,2025-01-26 01:00:00,145,38.65,True,True,50.9365234375,0.28568944941815866,51.22221288691816,0,0,0.1
core_neuralprophet_frozen_s42,neuralprophet,frozen,selected,42,2,2025-01-20 01:00:00,2025-01-26 02:00:00,146,54.02,True,True,46.44782257080078,0.28568944941815866,46.73351202021894,0,0,0.1
core_neuralprophet_frozen_s42,neuralprophet,frozen,selected,42,2,2025-01-20 01:00:00,2025-01-26 03:00:00,147,67.85,True,True,36.73657989501953,0.28568944941815866,37.02226934443769,0,0,0.1
core_neuralprophet_frozen_s42,neuralprophet,frozen,selected,42,2,2025-01-20 01:00:00,2025-01-26 04:00:00,148,68.06,True,True,22.871728897094727,0.28568944941815866,23.157418346512884,0,0,0.1
core_neuralprophet_frozen_s42,neuralprophet,frozen,selected,42,2,2025-01-20 01:00:00,2025-01-26 05:00:00,149,54.11,True,True,22.72762680053711,0.28568944941815866,23.013316249955267,0,0,0.1
core_neuralprophet_frozen_s42,neuralprophet,frozen,selected,42,2,2025-01-20 01:00:00,2025-01-26 06:00:00,150,45.58,True,True,13.510543823242188,0.28568944941815866,13.796233272660347,0,0,0.1
core_neuralprophet_frozen_s42,neuralprophet,frozen,selected,42,2,2025-01-20 01:00:00,2025-01-26 07:00:00,151,39.81,True,True,10.293283462524414,0.28568944941815866,10.578972911942573,0,0,0.1
core_neuralprophet_frozen_s42,neuralprophet,frozen,selected,42,2,2025-01-20 01:00:00,2025-01-26 08:00:00,152,30.64,True,True,2.0020053386688232,0.28568944941815866,2.287694788086982,0,0,0.1
core_neuralprophet_frozen_s42,neuralprophet,frozen,selected,42,2,2025-01-20 01:00:00,2025-01-26 09:00:00,153,17.53,True,True,-4.607827186584473,0.28568944941815866,-4.322137737166314,0,0,0.1
core_neuralprophet_frozen_s42,neuralprophet,frozen,selected,42,2,2025-01-20 01:00:00,2025-01-26 10:00:00,154,10.67,True,True,-14.062174797058104,0.28568944941815866,-13.776485347639944,0,0,0.1
core_neuralprophet_frozen_s42,neuralprophet,frozen,selected,42,2,2025-01-20 01:00:00,2025-01-26 11:00:00,155,10.11,True,True,-16.783815383911133,0.28568944941815866,-16.498125934492975,0,0,0.1
core_neuralprophet_frozen_s42,neuralprophet,frozen,selected,42,2,2025-01-20 01:00:00,2025-01-26 12:00:00,156,10.37,True,True,-18.18990135192871,0.28568944941815866,-17.904211902510554,0,0,0.1
core_neuralprophet_frozen_s42,neuralprophet,frozen,selected,42,2,2025-01-20 01:00:00,2025-01-26 13:00:00,157,9.91,True,True,-9.558025360107422,0.28568944941815866,-9.272335910689263,0,0,0.1
core_neuralprophet_frozen_s42,neuralprophet,frozen,selected,42,2,2025-01-20 01:00:00,2025-01-26 14:00:00,158,9.75,True,True,-7.763742446899414,0.28568944941815866,-7.478052997481256,0,0,0.1
core_neuralprophet_frozen_s42,neuralprophet,frozen,selected,42,2,2025-01-20 01:00:00,2025-01-26 15:00:00,159,7.94,True,True,-11.504197120666504,0.28568944941815866,-11.218507671248345,0,0,0.1
core_neuralprophet_frozen_s42,neuralprophet,frozen,selected,42,2,2025-01-20 01:00:00,2025-01-26 16:00:00,160,4.62,True,True,-18.59320068359375,0.28568944941815866,-18.307511234175593,0,0,0.1
core_neuralprophet_frozen_s42,neuralprophet,frozen,selected,42,2,2025-01-20 01:00:00,2025-01-26 17:00:00,161,4.76,True,True,-3.1306660175323486,0.28568944941815866,-2.84497656811419,0,0,0.1
core_neuralprophet_frozen_s42,neuralprophet,frozen,selected,42,2,2025-01-20 01:00:00,2025-01-26 18:00:00,162,4.88,True,True,-3.601104974746704,0.28568944941815866,-3.3154155253285453,0,0,0.1
core_neuralprophet_frozen_s42,neuralprophet,frozen,selected,42,2,2025-01-20 01:00:00,2025-01-26 19:00:00,163,5.01,True,True,-1.5172126293182373,0.28568944941815866,-1.2315231799000785,0,0,0.1
core_neuralprophet_frozen_s42,neuralprophet,frozen,selected,42,2,2025-01-20 01:00:00,2025-01-26 20:00:00,164,5.47,True,True,-10.168928146362305,0.28568944941815866,-9.883238696944145,0,0,0.1
core_neuralprophet_frozen_s42,neuralprophet,frozen,selected,42,2,2025-01-20 01:00:00,2025-01-26 21:00:00,165,6.24,True,True,0.7152184844017029,0.28568944941815866,1.0009079338198617,0,0,0.1
core_neuralprophet_frozen_s42,neuralprophet,frozen,selected,42,2,2025-01-20 01:00:00,2025-01-26 22:00:00,166,8.2,True,True,-0.7333400845527649,0.28568944941815866,-0.44765063513460623,0,0,0.1
core_neuralprophet_frozen_s42,neuralprophet,frozen,selected,42,2,2025-01-20 01:00:00,2025-01-26 23:00:00,167,17.68,True,True,23.892597198486328,0.28568944941815866,24.178286647904486,0,0,0.1
core_neuralprophet_frozen_s42,neuralprophet,frozen,selected,42,2,2025-01-20 01:00:00,2025-01-27 00:00:00,168,26.86,True,True,17.330455780029297,0.28568944941815866,17.616145229447454,0,0,0.1
core_neuralprophet_frozen_s42,neuralprophet,frozen,selected,42,3,2025-01-27 01:00:00,2025-01-27 01:00:00,1,29.97,True,True,20.74880599975586,-0.02156186386176523,20.727244135894093,0,0,0.1
core_neuralprophet_frozen_s42,neuralprophet,frozen,selected,42,3,2025-01-27 01:00:00,2025-01-27 02:00:00,2,25.5,True,True,22.11752700805664,-0.02156186386176523,22.095965144194874,0,0,0.1
core_neuralprophet_frozen_s42,neuralprophet,frozen,selected,42,3,2025-01-27 01:00:00,2025-01-27 03:00:00,3,18.43,True,True,10.06361198425293,-0.02156186386176523,10.042050120391165,0,0,0.1
core_neuralprophet_frozen_s42,neuralprophet,frozen,selected,42,3,2025-01-27 01:00:00,2025-01-27 04:00:00,4,13.33,True,True,32.04377365112305,-0.02156186386176523,32.022211787261284,0,0,0.1
core_neuralprophet_frozen_s42,neuralprophet,frozen,selected,42,3,2025-01-27 01:00:00,2025-01-27 05:00:00,5,11.64,True,True,18.596458435058597,-0.02156186386176523,18.57489657119683,0,0,0.1
core_neuralprophet_frozen_s42,neuralprophet,frozen,selected,42,3,2025-01-27 01:00:00,2025-01-27 06:00:00,6,10.81,True,True,16.37663459777832,-0.02156186386176523,16.355072733916554,0,0,0.1
core_neuralprophet_frozen_s42,neuralprophet,frozen,selected,42,3,2025-01-27 01:00:00,2025-01-27 07:00:00,7,11.2,True,True,9.93512725830078,-0.02156186386176523,9.913565394439015,0,0,0.1
core_neuralprophet_frozen_s42,neuralprophet,frozen,selected,42,3,2025-01-27 01:00:00,2025-01-27 08:00:00,8,13.74,True,True,1.8353843688964844,-0.02156186386176523,1.8138225050347192,0,0,0.1
core_neuralprophet_frozen_s42,neuralprophet,frozen,selected,42,3,2025-01-27 01:00:00,2025-01-27 09:00:00,9,16.54,True,True,-19.139501571655277,-0.02156186386176523,-19.161063435517043,0,0,0.1
core_neuralprophet_frozen_s42,neuralprophet,frozen,selected,42,3,2025-01-27 01:00:00,2025-01-27 10:00:00,10,19.24,True,True,-27.631818771362305,-0.02156186386176523,-27.65338063522407,0,0,0.1
core_neuralprophet_frozen_s42,neuralprophet,frozen,selected,42,3,2025-01-27 01:00:00,2025-01-27 11:00:00,11,24.55,True,True,-17.299171447753906,-0.02156186386176523,-17.320733311615673,0,0,0.1
core_neuralprophet_frozen_s42,neuralprophet,frozen,selected,42,3,2025-01-27 01:00:00,2025-01-27 12:00:00,12,29.62,True,True,-3.750455617904663,-0.02156186386176523,-3.7720174817664285,0,0,0.1
core_neuralprophet_frozen_s42,neuralprophet,frozen,selected,42,3,2025-01-27 01:00:00,2025-01-27 13:00:00,13,31.91,True,True,2.886017084121704,-0.02156186386176523,2.8644552202599387,0,0,0.1
core_neuralprophet_frozen_s42,neuralprophet,frozen,selected,42,3,2025-01-27 01:00:00,2025-01-27 14:00:00,14,34.43,True,True,15.841665267944336,-0.02156186386176523,15.820103404082571,0,0,0.1
core_neuralprophet_frozen_s42,neuralprophet,frozen,selected,42,3,2025-01-27 01:00:00,2025-01-27 15:00:00,15,31.05,True,True,16.75432014465332,-0.02156186386176523,16.732758280791554,0,0,0.1
core_neuralprophet_frozen_s42,neuralprophet,frozen,selected,42,3,2025-01-27 01:00:00,2025-01-27 16:00:00,16,20.79,True,True,-4.349276065826416,-0.02156186386176523,-4.370837929688181,0,0,0.1
core_neuralprophet_frozen_s42,neuralprophet,frozen,selected,42,3,2025-01-27 01:00:00,2025-01-27 17:00:00,17,16.5,True,True,-0.5790888667106628,-0.02156186386176523,-0.600650730572428,0,0,0.1
core_neuralprophet_frozen_s42,neuralprophet,frozen,selected,42,3,2025-01-27 01:00:00,2025-01-27 18:00:00,18,16.18,True,True,-11.545323371887209,-0.02156186386176523,-11.566885235748973,0,0,0.1
core_neuralprophet_frozen_s42,neuralprophet,frozen,selected,42,3,2025-01-27 01:00:00,2025-01-27 19:00:00,19,18.11,True,True,-1.6025111675262451,-0.02156186386176523,-1.6240730313880103,0,0,0.1
core_neuralprophet_frozen_s42,neuralprophet,frozen,selected,42,3,2025-01-27 01:00:00,2025-01-27 20:00:00,20,21.87,True,True,7.021716117858887,-0.02156186386176523,7.000154253997121,0,0,0.1
core_neuralprophet_frozen_s42,neuralprophet,frozen,selected,42,3,2025-01-27 01:00:00,2025-01-27 21:00:00,21,26.13,True,True,6.785192012786865,-0.02156186386176523,6.7636301489251,0,0,0.1
core_neuralprophet_frozen_s42,neuralprophet,frozen,selected,42,3,2025-01-27 01:00:00,2025-01-27 22:00:00,22,34.51,True,True,20.74555969238281,-0.02156186386176523,20.723997828521043,0,0,0.1
core_neuralprophet_frozen_s42,neuralprophet,frozen,selected,42,3,2025-01-27 01:00:00,2025-01-27 23:00:00,23,68.09,True,True,53.6172103881836,-0.02156186386176523,53.59564852432184,0,0,0.1
core_neuralprophet_frozen_s42,neuralprophet,frozen,selected,42,3,2025-01-27 01:00:00,2025-01-28 00:00:00,24,107.92,True,True,97.07222747802734,-0.02156186386176523,97.05066561416558,0,0,0.1
core_neuralprophet_frozen_s42,neuralprophet,frozen,selected,42,3,2025-01-27 01:00:00,2025-01-28 01:00:00,25,130.36,True,True,123.249755859375,-0.02156186386176523,123.22819399551324,0,0,0.1
core_neuralprophet_frozen_s42,neuralprophet,frozen,selected,42,3,2025-01-27 01:00:00,2025-01-28 02:00:00,26,126.12,True,True,115.57736206054688,-0.02156186386176523,115.55580019668511,0,0,0.1
core_neuralprophet_frozen_s42,neuralprophet,frozen,selected,42,3,2025-01-27 01:00:00,2025-01-28 03:00:00,27,93.48,True,True,80.21048736572266,-0.02156186386176523,80.1889255018609,0,0,0.1
core_neuralprophet_frozen_s42,neuralprophet,frozen,selected,42,3,2025-01-27 01:00:00,2025-01-28 04:00:00,28,43.26,True,True,42.53956604003906,-0.02156186386176523,42.5180041761773,0,0,0.1
core_neuralprophet_frozen_s42,neuralprophet,frozen,selected,42,3,2025-01-27 01:00:00,2025-01-28 05:00:00,29,30.8,True,True,30.59265518188477,-0.02156186386176523,30.571093318023003,0,0,0.1
core_neuralprophet_frozen_s42,neuralprophet,frozen,selected,42,3,2025-01-27 01:00:00,2025-01-28 06:00:00,30,26.32,True,True,21.445741653442383,-0.02156186386176523,21.424179789580617,0,0,0.1
core_neuralprophet_frozen_s42,neuralprophet,frozen,selected,42,3,2025-01-27 01:00:00,2025-01-28 07:00:00,31,40.43,True,True,38.79059600830078,-0.02156186386176523,38.76903414443902,0,0,0.1
core_neuralprophet_frozen_s42,neuralprophet,frozen,selected,42,3,2025-01-27 01:00:00,2025-01-28 08:00:00,32,80.98,True,True,76.27604675292969,-0.02156186386176523,76.25448488906792,0,0,0.1
core_neuralprophet_frozen_s42,neuralprophet,frozen,selected,42,3,2025-01-27 01:00:00,2025-01-28 09:00:00,33,122.85,True,True,101.72232818603516,-0.02156186386176523,101.7007663221734,0,0,0.1
core_neuralprophet_frozen_s42,neuralprophet,frozen,selected,42,3,2025-01-27 01:00:00,2025-01-28 10:00:00,34,169.86,True,True,150.45388793945312,-0.02156186386176523,150.43232607559136,0,0,0.1
core_neuralprophet_frozen_s42,neuralprophet,frozen,selected,42,3,2025-01-27 01:00:00,2025-01-28 11:00:00,35,246.48,True,True,240.5738067626953,-0.02156186386176523,240.55224489883355,0,0,0.1
core_neuralprophet_frozen_s42,neuralprophet,frozen,selected,42,3,2025-01-27 01:00:00,2025-01-28 12:00:00,36,334.15,True,True,346.1228332519531,-0.02156186386176523,346.10127138809133,0,0,0.1
core_neuralprophet_frozen_s42,neuralprophet,frozen,selected,42,3,2025-01-27 01:00:00,2025-01-28 13:00:00,37,450.84,True,True,500.10205078125,-0.02156186386176523,500.0804889173882,0,0,0.1
core_neuralprophet_frozen_s42,neuralprophet,frozen,selected,42,3,2025-01-27 01:00:00,2025-01-28 14:00:00,38,612.29,True,True,674.0035400390625,-0.02156186386176523,673.9819781752008,0,0,0.1
core_neuralprophet_frozen_s42,neuralprophet,frozen,selected,42,3,2025-01-27 01:00:00,2025-01-28 15:00:00,39,711.51,True,True,776.5194091796875,-0.02156186386176523,776.4978473158258,0,0,0.1
core_neuralprophet_frozen_s42,neuralprophet,frozen,selected,42,3,2025-01-27 01:00:00,2025-01-28 16:00:00,40,711.12,True,True,755.7265625,-0.02156186386176523,755.7050006361383,0,0,0.1
core_neuralprophet_frozen_s42,neuralprophet,frozen,selected,42,3,2025-01-27 01:00:00,2025-01-28 17:00:00,41,666.48,True,True,721.5796508789062,-0.02156186386176523,721.5580890150445,0,0,0.1
core_neuralprophet_frozen_s42,neuralprophet,frozen,selected,42,3,2025-01-27 01:00:00,2025-01-28 18:00:00,42,580.41,True,True,613.521728515625,-0.02156186386176523,613.5001666517633,0,0,0.1
core_neuralprophet_frozen_s42,neuralprophet,frozen,selected,42,3,2025-01-27 01:00:00,2025-01-28 19:00:00,43,474.08,True,True,491.1890258789063,-0.02156186386176523,491.1674640150445,0,0,0.1
core_neuralprophet_frozen_s42,neuralprophet,frozen,selected,42,3,2025-01-27 01:00:00,2025-01-28 20:00:00,44,386.53,True,True,391.9362182617188,-0.02156186386176523,391.914656397857,0,0,0.1
core_neuralprophet_frozen_s42,neuralprophet,frozen,selected,42,3,2025-01-27 01:00:00,2025-01-28 21:00:00,45,319.65,True,True,328.4131774902344,-0.02156186386176523,328.3916156263726,0,0,0.1
core_neuralprophet_frozen_s42,neuralprophet,frozen,selected,42,3,2025-01-27 01:00:00,2025-01-28 22:00:00,46,264.25,True,True,266.1611328125,-0.02156186386176523,266.1395709486382,0,0,0.1
core_neuralprophet_frozen_s42,neuralprophet,frozen,selected,42,3,2025-01-27 01:00:00,2025-01-28 23:00:00,47,292.83,True,True,296.4577941894531,-0.02156186386176523,296.43623232559133,0,0,0.1
core_neuralprophet_frozen_s42,neuralprophet,frozen,selected,42,3,2025-01-27 01:00:00,2025-01-29 00:00:00,48,360.85,True,True,373.1593627929688,-0.02156186386176523,373.137800929107,0,0,0.1
core_neuralprophet_frozen_s42,neuralprophet,frozen,selected,42,3,2025-01-27 01:00:00,2025-01-29 01:00:00,49,391.03,True,True,415.2624206542969,-0.02156186386176523,415.2408587904351,0,0,0.1
core_neuralprophet_frozen_s42,neuralprophet,frozen,selected,42,3,2025-01-27 01:00:00,2025-01-29 02:00:00,50,379.71,True,True,411.230712890625,-0.02156186386176523,411.2091510267632,0,0,0.1
core_neuralprophet_frozen_s42,neuralprophet,frozen,selected,42,3,2025-01-27 01:00:00,2025-01-29 03:00:00,51,323.23,True,True,350.8719482421875,-0.02156186386176523,350.8503863783257,0,0,0.1
core_neuralprophet_frozen_s42,neuralprophet,frozen,selected,42,3,2025-01-27 01:00:00,2025-01-29 04:00:00,52,137.97,True,True,164.91009521484375,-0.02156186386176523,164.888533350982,0,0,0.1
core_neuralprophet_frozen_s42,neuralprophet,frozen,selected,42,3,2025-01-27 01:00:00,2025-01-29 05:00:00,53,96.23,True,True,118.5866928100586,-0.02156186386176523,118.56513094619683,0,0,0.1
core_neuralprophet_frozen_s42,neuralprophet,frozen,selected,42,3,2025-01-27 01:00:00,2025-01-29 06:00:00,54,65.61,True,True,74.8891372680664,-0.02156186386176523,74.86757540420464,0,0,0.1
core_neuralprophet_frozen_s42,neuralprophet,frozen,selected,42,3,2025-01-27 01:00:00,2025-01-29 07:00:00,55,69.77,True,True,84.1575698852539,-0.02156186386176523,84.13600802139214,0,0,0.1
core_neuralprophet_frozen_s42,neuralprophet,frozen,selected,42,3,2025-01-27 01:00:00,2025-01-29 08:00:00,56,110.08,True,True,111.24055480957033,-0.02156186386176523,111.21899294570856,0,0,0.1
core_neuralprophet_frozen_s42,neuralprophet,frozen,selected,42,3,2025-01-27 01:00:00,2025-01-29 09:00:00,57,151.63,True,True,151.27952575683594,-0.02156186386176523,151.25796389297417,0,0,0.1
core_neuralprophet_frozen_s42,neuralprophet,frozen,selected,42,3,2025-01-27 01:00:00,2025-01-29 10:00:00,58,175.83,True,True,160.77818298339844,-0.02156186386176523,160.75662111953667,0,0,0.1
core_neuralprophet_frozen_s42,neuralprophet,frozen,selected,42,3,2025-01-27 01:00:00,2025-01-29 11:00:00,59,198.35,True,True,188.8170318603516,-0.02156186386176523,188.79546999648983,0,0,0.1
core_neuralprophet_frozen_s42,neuralprophet,frozen,selected,42,3,2025-01-27 01:00:00,2025-01-29 12:00:00,60,223.69,True,True,214.48048400878903,-0.02156186386176523,214.45892214492727,0,0,0.1
core_neuralprophet_frozen_s42,neuralprophet,frozen,selected,42,3,2025-01-27 01:00:00,2025-01-29 13:00:00,61,220.53,True,True,216.9232635498047,-0.02156186386176523,216.90170168594292,0,0,0.1
core_neuralprophet_frozen_s42,neuralprophet,frozen,selected,42,3,2025-01-27 01:00:00,2025-01-29 14:00:00,62,195.37,True,True,181.0913543701172,-0.02156186386176523,181.06979250625542,0,0,0.1
core_neuralprophet_frozen_s42,neuralprophet,frozen,selected,42,3,2025-01-27 01:00:00,2025-01-29 15:00:00,63,145.63,True,True,142.73513793945312,-0.02156186386176523,142.71357607559136,0,0,0.1
core_neuralprophet_frozen_s42,neuralprophet,frozen,selected,42,3,2025-01-27 01:00:00,2025-01-29 16:00:00,64,85.69,True,True,69.17318725585938,-0.02156186386176523,69.15162539199761,0,0,0.1
core_neuralprophet_frozen_s42,neuralprophet,frozen,selected,42,3,2025-01-27 01:00:00,2025-01-29 17:00:00,65,53.71,True,True,40.09241485595703,-0.02156186386176523,40.07085299209527,0,0,0.1
core_neuralprophet_frozen_s42,neuralprophet,frozen,selected,42,3,2025-01-27 01:00:00,2025-01-29 18:00:00,66,36.89,True,True,19.717283248901367,-0.02156186386176523,19.6957213850396,0,0,0.1
core_neuralprophet_frozen_s42,neuralprophet,frozen,selected,42,3,2025-01-27 01:00:00,2025-01-29 19:00:00,67,32.03,True,True,17.85892105102539,-0.02156186386176523,17.837359187163624,0,0,0.1
core_neuralprophet_frozen_s42,neuralprophet,frozen,selected,42,3,2025-01-27 01:00:00,2025-01-29 20:00:00,68,37.18,True,True,40.24606704711914,-0.02156186386176523,40.22450518325738,0,0,0.1
core_neuralprophet_frozen_s42,neuralprophet,frozen,selected,42,3,2025-01-27 01:00:00,2025-01-29 21:00:00,69,45.23,True,True,36.12018203735352,-0.02156186386176523,36.09862017349176,0,0,0.1
core_neuralprophet_frozen_s42,neuralprophet,frozen,selected,42,3,2025-01-27 01:00:00,2025-01-29 22:00:00,70,58.41,True,True,53.10397338867188,-0.02156186386176523,53.08241152481012,0,0,0.1
core_neuralprophet_frozen_s42,neuralprophet,frozen,selected,42,3,2025-01-27 01:00:00,2025-01-29 23:00:00,71,109.1,True,True,108.39753723144533,-0.02156186386176523,108.37597536758356,0,0,0.1
core_neuralprophet_frozen_s42,neuralprophet,frozen,selected,42,3,2025-01-27 01:00:00,2025-01-30 00:00:00,72,182.49,True,True,189.9370574951172,-0.02156186386176523,189.91549563125542,0,0,0.1
core_neuralprophet_frozen_s42,neuralprophet,frozen,selected,42,3,2025-01-27 01:00:00,2025-01-30 01:00:00,73,232.73,True,True,236.27381896972656,-0.02156186386176523,236.2522571058648,0,0,0.1
core_neuralprophet_frozen_s42,neuralprophet,frozen,selected,42,3,2025-01-27 01:00:00,2025-01-30 02:00:00,74,245.76,True,True,256.36248779296875,-0.02156186386176523,256.34092592910696,0,0,0.1
core_neuralprophet_frozen_s42,neuralprophet,frozen,selected,42,3,2025-01-27 01:00:00,2025-01-30 03:00:00,75,223.63,True,True,239.0621337890625,-0.02156186386176523,239.04057192520074,0,0,0.1
core_neuralprophet_frozen_s42,neuralprophet,frozen,selected,42,3,2025-01-27 01:00:00,2025-01-30 04:00:00,76,162.13,True,True,176.58132934570312,-0.02156186386176523,176.55976748184136,0,0,0.1
core_neuralprophet_frozen_s42,neuralprophet,frozen,selected,42,3,2025-01-27 01:00:00,2025-01-30 05:00:00,77,128.96,True,True,145.5106964111328,-0.02156186386176523,145.48913454727105,0,0,0.1
core_neuralprophet_frozen_s42,neuralprophet,frozen,selected,42,3,2025-01-27 01:00:00,2025-01-30 06:00:00,78,107.71,True,True,118.91397857666016,-0.02156186386176523,118.8924167127984,0,0,0.1
core_neuralprophet_frozen_s42,neuralprophet,frozen,selected,42,3,2025-01-27 01:00:00,2025-01-30 07:00:00,79,145.01,True,True,163.055419921875,-0.02156186386176523,163.03385805801324,0,0,0.1
core_neuralprophet_frozen_s42,neuralprophet,frozen,selected,42,3,2025-01-27 01:00:00,2025-01-30 08:00:00,80,243.71,True,True,254.10226440429688,-0.02156186386176523,254.0807025404351,0,0,0.1
core_neuralprophet_frozen_s42,neuralprophet,frozen,selected,42,3,2025-01-27 01:00:00,2025-01-30 09:00:00,81,349.36,True,True,352.29107666015625,-0.02156186386176523,352.26951479629446,0,0,0.1
core_neuralprophet_frozen_s42,neuralprophet,frozen,selected,42,3,2025-01-27 01:00:00,2025-01-30 10:00:00,82,425.19,True,True,437.3526306152344,-0.02156186386176523,437.3310687513726,0,0,0.1
core_neuralprophet_frozen_s42,neuralprophet,frozen,selected,42,3,2025-01-27 01:00:00,2025-01-30 11:00:00,83,486.18,True,True,515.4161376953125,-0.02156186386176523,515.3945758314508,0,0,0.1
core_neuralprophet_frozen_s42,neuralprophet,frozen,selected,42,3,2025-01-27 01:00:00,2025-01-30 12:00:00,84,529.28,True,True,545.0466918945312,-0.02156186386176523,545.0251300306695,0,0,0.1
core_neuralprophet_frozen_s42,neuralprophet,frozen,selected,42,3,2025-01-27 01:00:00,2025-01-30 13:00:00,85,564.02,True,True,591.2432861328125,-0.02156186386176523,591.2217242689508,0,0,0.1
core_neuralprophet_frozen_s42,neuralprophet,frozen,selected,42,3,2025-01-27 01:00:00,2025-01-30 14:00:00,86,611.42,True,True,636.5078125,-0.02156186386176523,636.4862506361383,0,0,0.1
core_neuralprophet_frozen_s42,neuralprophet,frozen,selected,42,3,2025-01-27 01:00:00,2025-01-30 15:00:00,87,606.0,True,True,634.5112915039062,-0.02156186386176523,634.4897296400445,0,0,0.1
core_neuralprophet_frozen_s42,neuralprophet,frozen,selected,42,3,2025-01-27 01:00:00,2025-01-30 16:00:00,88,553.55,True,True,560.1163330078125,-0.02156186386176523,560.0947711439508,0,0,0.1
core_neuralprophet_frozen_s42,neuralprophet,frozen,selected,42,3,2025-01-27 01:00:00,2025-01-30 17:00:00,89,500.44,True,True,518.7659912109375,-0.02156186386176523,518.7444293470758,0,0,0.1
core_neuralprophet_frozen_s42,neuralprophet,frozen,selected,42,3,2025-01-27 01:00:00,2025-01-30 18:00:00,90,440.2,True,True,439.8488464355469,-0.02156186386176523,439.8272845716851,0,0,0.1
core_neuralprophet_frozen_s42,neuralprophet,frozen,selected,42,3,2025-01-27 01:00:00,2025-01-30 19:00:00,91,372.3,True,True,378.96240234375,-0.02156186386176523,378.9408404798882,0,0,0.1
core_neuralprophet_frozen_s42,neuralprophet,frozen,selected,42,3,2025-01-27 01:00:00,2025-01-30 20:00:00,92,311.66,True,True,314.8513488769531,-0.02156186386176523,314.82978701309133,0,0,0.1
core_neuralprophet_frozen_s42,neuralprophet,frozen,selected,42,3,2025-01-27 01:00:00,2025-01-30 21:00:00,93,254.2,True,True,266.6493530273437,-0.02156186386176523,266.6277911634819,0,0,0.1
core_neuralprophet_frozen_s42,neuralprophet,frozen,selected,42,3,2025-01-27 01:00:00,2025-01-30 22:00:00,94,194.68,True,True,209.5728302001953,-0.02156186386176523,209.55126833633355,0,0,0.1
core_neuralprophet_frozen_s42,neuralprophet,frozen,selected,42,3,2025-01-27 01:00:00,2025-01-30 23:00:00,95,219.17,True,True,237.01644897460935,-0.02156186386176523,236.99488711074758,0,0,0.1
core_neuralprophet_frozen_s42,neuralprophet,frozen,selected,42,3,2025-01-27 01:00:00,2025-01-31 00:00:00,96,293.59,True,True,321.7741394042969,-0.02156186386176523,321.7525775404351,0,0,0.1
core_neuralprophet_frozen_s42,neuralprophet,frozen,selected,42,3,2025-01-27 01:00:00,2025-01-31 01:00:00,97,334.49,True,True,364.8647766113281,-0.02156186386176523,364.84321474746633,0,0,0.1
core_neuralprophet_frozen_s42,neuralprophet,frozen,selected,42,3,2025-01-27 01:00:00,2025-01-31 02:00:00,98,319.02,True,True,349.7550048828125,-0.02156186386176523,349.7334430189507,0,0,0.1
core_neuralprophet_frozen_s42,neuralprophet,frozen,selected,42,3,2025-01-27 01:00:00,2025-01-31 03:00:00,99,255.7,True,True,296.0425720214844,-0.02156186386176523,296.0210101576226,0,0,0.1
core_neuralprophet_frozen_s42,neuralprophet,frozen,selected,42,3,2025-01-27 01:00:00,2025-01-31 04:00:00,100,128.37,True,True,149.550537109375,-0.02156186386176523,149.52897524551324,0,0,0.1
core_neuralprophet_frozen_s42,neuralprophet,frozen,selected,42,3,2025-01-27 01:00:00,2025-01-31 05:00:00,101,106.68,True,True,124.62124633789062,-0.02156186386176523,124.59968447402886,0,0,0.1
core_neuralprophet_frozen_s42,neuralprophet,frozen,selected,42,3,2025-01-27 01:00:00,2025-01-31 06:00:00,102,106.87,True,True,126.61679077148438,-0.02156186386176523,126.59522890762261,0,0,0.1
core_neuralprophet_frozen_s42,neuralprophet,frozen,selected,42,3,2025-01-27 01:00:00,2025-01-31 07:00:00,103,121.78,True,True,145.5320281982422,-0.02156186386176523,145.51046633438042,0,0,0.1
core_neuralprophet_frozen_s42,neuralprophet,frozen,selected,42,3,2025-01-27 01:00:00,2025-01-31 08:00:00,104,148.93,True,True,155.95452880859375,-0.02156186386176523,155.932966944732,0,0,0.1
core_neuralprophet_frozen_s42,neuralprophet,frozen,selected,42,3,2025-01-27 01:00:00,2025-01-31 09:00:00,105,164.32,True,True,164.76670837402344,-0.02156186386176523,164.74514651016167,0,0,0.1
core_neuralprophet_frozen_s42,neuralprophet,frozen,selected,42,3,2025-01-27 01:00:00,2025-01-31 10:00:00,106,176.47,True,True,171.0033721923828,-0.02156186386176523,170.98181032852105,0,0,0.1
core_neuralprophet_frozen_s42,neuralprophet,frozen,selected,42,3,2025-01-27 01:00:00,2025-01-31 11:00:00,107,204.74,True,True,203.95364379882807,-0.02156186386176523,203.9320819349663,0,0,0.1
core_neuralprophet_frozen_s42,neuralprophet,frozen,selected,42,3,2025-01-27 01:00:00,2025-01-31 12:00:00,108,237.05,True,True,237.50718688964844,-0.02156186386176523,237.48562502578667,0,0,0.1
core_neuralprophet_frozen_s42,neuralprophet,frozen,selected,42,3,2025-01-27 01:00:00,2025-01-31 13:00:00,109,259.57,True,True,282.0367431640625,-0.02156186386176523,282.0151813002007,0,0,0.1
core_neuralprophet_frozen_s42,neuralprophet,frozen,selected,42,3,2025-01-27 01:00:00,2025-01-31 14:00:00,110,296.35,True,True,325.6225891113281,-0.02156186386176523,325.60102724746633,0,0,0.1
core_neuralprophet_frozen_s42,neuralprophet,frozen,selected,42,3,2025-01-27 01:00:00,2025-01-31 15:00:00,111,321.23,True,True,335.2583923339844,-0.02156186386176523,335.2368304701226,0,0,0.1
core_neuralprophet_frozen_s42,neuralprophet,frozen,selected,42,3,2025-01-27 01:00:00,2025-01-31 16:00:00,112,312.55,True,True,336.2279357910156,-0.02156186386176523,336.20637392715383,0,0,0.1
core_neuralprophet_frozen_s42,neuralprophet,frozen,selected,42,3,2025-01-27 01:00:00,2025-01-31 17:00:00,113,280.14,True,True,306.43756103515625,-0.02156186386176523,306.41599917129446,0,0,0.1
core_neuralprophet_frozen_s42,neuralprophet,frozen,selected,42,3,2025-01-27 01:00:00,2025-01-31 18:00:00,114,249.81,True,True,263.7748413085937,-0.02156186386176523,263.7532794447319,0,0,0.1
core_neuralprophet_frozen_s42,neuralprophet,frozen,selected,42,3,2025-01-27 01:00:00,2025-01-31 19:00:00,115,227.14,True,True,241.2879638671875,-0.02156186386176523,241.26640200332574,0,0,0.1
core_neuralprophet_frozen_s42,neuralprophet,frozen,selected,42,3,2025-01-27 01:00:00,2025-01-31 20:00:00,116,195.36,True,True,215.92477416992188,-0.02156186386176523,215.9032123060601,0,0,0.1
core_neuralprophet_frozen_s42,neuralprophet,frozen,selected,42,3,2025-01-27 01:00:00,2025-01-31 21:00:00,117,156.86,True,True,179.37193298339844,-0.02156186386176523,179.35037111953667,0,0,0.1
core_neuralprophet_frozen_s42,neuralprophet,frozen,selected,42,3,2025-01-27 01:00:00,2025-01-31 22:00:00,118,129.94,True,True,172.86634826660156,-0.02156186386176523,172.8447864027398,0,0,0.1
core_neuralprophet_frozen_s42,neuralprophet,frozen,selected,42,3,2025-01-27 01:00:00,2025-01-31 23:00:00,119,159.68,True,True,210.1805725097656,-0.02156186386176523,210.15901064590383,0,0,0.1
core_neuralprophet_frozen_s42,neuralprophet,frozen,selected,42,3,2025-01-27 01:00:00,2025-02-01 00:00:00,120,211.81,True,True,266.9381103515625,-0.02156186386176523,266.9165484877007,0,0,0.1
core_neuralprophet_frozen_s42,neuralprophet,frozen,selected,42,3,2025-01-27 01:00:00,2025-02-01 01:00:00,121,242.1,True,True,304.6238708496094,-0.02156186386176523,304.6023089857476,0,0,0.1
core_neuralprophet_frozen_s42,neuralprophet,frozen,selected,42,3,2025-01-27 01:00:00,2025-02-01 02:00:00,122,240.34,True,True,309.41558837890625,-0.02156186386176523,309.39402651504446,0,0,0.1
core_neuralprophet_frozen_s42,neuralprophet,frozen,selected,42,3,2025-01-27 01:00:00,2025-02-01 03:00:00,123,220.96,True,True,293.0959167480469,-0.02156186386176523,293.0743548841851,0,0,0.1
core_neuralprophet_frozen_s42,neuralprophet,frozen,selected,42,3,2025-01-27 01:00:00,2025-02-01 04:00:00,124,199.11,True,True,272.26910400390625,-0.02156186386176523,272.24754214004446,0,0,0.1
core_neuralprophet_frozen_s42,neuralprophet,frozen,selected,42,3,2025-01-27 01:00:00,2025-02-01 05:00:00,125,189.78,True,True,272.9762878417969,-0.02156186386176523,272.9547259779351,0,0,0.1
core_neuralprophet_frozen_s42,neuralprophet,frozen,selected,42,3,2025-01-27 01:00:00,2025-02-01 06:00:00,126,167.94,True,True,254.2248077392578,-0.02156186386176523,254.20324587539605,0,0,0.1
core_neuralprophet_frozen_s42,neuralprophet,frozen,selected,42,3,2025-01-27 01:00:00,2025-02-01 07:00:00,127,146.11,True,True,228.18927001953125,-0.02156186386176523,228.1677081556695,0,0,0.1
core_neuralprophet_frozen_s42,neuralprophet,frozen,selected,42,3,2025-01-27 01:00:00,2025-02-01 08:00:00,128,137.39,True,True,209.8784637451172,-0.02156186386176523,209.85690188125542,0,0,0.1
core_neuralprophet_frozen_s42,neuralprophet,frozen,selected,42,3,2025-01-27 01:00:00,2025-02-01 09:00:00,129,138.12,True,True,170.5303955078125,-0.02156186386176523,170.50883364395074,0,0,0.1
core_neuralprophet_frozen_s42,neuralprophet,frozen,selected,42,3,2025-01-27 01:00:00,2025-02-01 10:00:00,130,157.66,True,True,166.82125854492188,-0.02156186386176523,166.7996966810601,0,0,0.1
core_neuralprophet_frozen_s42,neuralprophet,frozen,selected,42,3,2025-01-27 01:00:00,2025-02-01 11:00:00,131,200.63,True,True,220.85504150390625,-0.02156186386176523,220.8334796400445,0,0,0.1
core_neuralprophet_frozen_s42,neuralprophet,frozen,selected,42,3,2025-01-27 01:00:00,2025-02-01 12:00:00,132,247.86,True,True,279.9871826171875,-0.02156186386176523,279.9656207533257,0,0,0.1
core_neuralprophet_frozen_s42,neuralprophet,frozen,selected,42,3,2025-01-27 01:00:00,2025-02-01 13:00:00,133,320.37,True,True,378.92718505859375,-0.02156186386176523,378.90562319473196,0,0,0.1
core_neuralprophet_frozen_s42,neuralprophet,frozen,selected,42,3,2025-01-27 01:00:00,2025-02-01 14:00:00,134,426.87,True,True,486.5306701660156,-0.02156186386176523,486.50910830215383,0,0,0.1
core_neuralprophet_frozen_s42,neuralprophet,frozen,selected,42,3,2025-01-27 01:00:00,2025-02-01 15:00:00,135,502.45,True,True,574.4464721679688,-0.02156186386176523,574.424910304107,0,0,0.1
core_neuralprophet_frozen_s42,neuralprophet,frozen,selected,42,3,2025-01-27 01:00:00,2025-02-01 16:00:00,136,521.88,True,True,583.748046875,-0.02156186386176523,583.7264850111383,0,0,0.1
core_neuralprophet_frozen_s42,neuralprophet,frozen,selected,42,3,2025-01-27 01:00:00,2025-02-01 17:00:00,137,526.15,True,True,586.7618408203125,-0.02156186386176523,586.7402789564508,0,0,0.1
core_neuralprophet_frozen_s42,neuralprophet,frozen,selected,42,3,2025-01-27 01:00:00,2025-02-01 18:00:00,138,526.82,True,True,586.1273193359375,-0.02156186386176523,586.1057574720758,0,0,0.1
core_neuralprophet_frozen_s42,neuralprophet,frozen,selected,42,3,2025-01-27 01:00:00,2025-02-01 19:00:00,139,506.91,True,True,558.3900756835938,-0.02156186386176523,558.368513819732,0,0,0.1
core_neuralprophet_frozen_s42,neuralprophet,frozen,selected,42,3,2025-01-27 01:00:00,2025-02-01 20:00:00,140,467.43,True,True,509.5769653320313,-0.02156186386176523,509.5554034681695,0,0,0.1
core_neuralprophet_frozen_s42,neuralprophet,frozen,selected,42,3,2025-01-27 01:00:00,2025-02-01 21:00:00,141,422.28,True,True,471.6900329589844,-0.02156186386176523,471.6684710951226,0,0,0.1
core_neuralprophet_frozen_s42,neuralprophet,frozen,selected,42,3,2025-01-27 01:00:00,2025-02-01 22:00:00,142,372.48,True,True,415.7467041015625,-0.02156186386176523,415.7251422377007,0,0,0.1
core_neuralprophet_frozen_s42,neuralprophet,frozen,selected,42,3,2025-01-27 01:00:00,2025-02-01 23:00:00,143,364.71,True,True,417.9936218261719,-0.02156186386176523,417.9720599623101,0,0,0.1
core_neuralprophet_frozen_s42,neuralprophet,frozen,selected,42,3,2025-01-27 01:00:00,2025-02-02 00:00:00,144,381.4,True,True,444.1964416503906,-0.02156186386176523,444.17487978652883,0,0,0.1
core_neuralprophet_frozen_s42,neuralprophet,frozen,selected,42,3,2025-01-27 01:00:00,2025-02-02 01:00:00,145,343.87,True,True,400.3043823242188,-0.02156186386176523,400.282820460357,0,0,0.1
core_neuralprophet_frozen_s42,neuralprophet,frozen,selected,42,3,2025-01-27 01:00:00,2025-02-02 02:00:00,146,222.08,True,True,272.0679931640625,-0.02156186386176523,272.0464313002007,0,0,0.1
core_neuralprophet_frozen_s42,neuralprophet,frozen,selected,42,3,2025-01-27 01:00:00,2025-02-02 03:00:00,147,95.01,True,True,124.02490997314452,-0.02156186386176523,124.00334810928275,0,0,0.1
core_neuralprophet_frozen_s42,neuralprophet,frozen,selected,42,3,2025-01-27 01:00:00,2025-02-02 04:00:00,148,18.71,True,True,59.56968307495117,-0.02156186386176523,59.54812121108941,0,0,0.1
core_neuralprophet_frozen_s42,neuralprophet,frozen,selected,42,3,2025-01-27 01:00:00,2025-02-02 05:00:00,149,10.31,True,True,43.05022811889648,-0.02156186386176523,43.028666255034715,0,0,0.1
core_neuralprophet_frozen_s42,neuralprophet,frozen,selected,42,3,2025-01-27 01:00:00,2025-02-02 06:00:00,150,9.09,True,True,32.286521911621094,-0.02156186386176523,32.26496004775933,0,0,0.1
core_neuralprophet_frozen_s42,neuralprophet,frozen,selected,42,3,2025-01-27 01:00:00,2025-02-02 07:00:00,151,9.79,True,True,33.71989059448242,-0.02156186386176523,33.69832873062066,0,0,0.1
core_neuralprophet_frozen_s42,neuralprophet,frozen,selected,42,3,2025-01-27 01:00:00,2025-02-02 08:00:00,152,12.6,True,True,15.79612159729004,-0.02156186386176523,15.774559733428276,0,0,0.1
core_neuralprophet_frozen_s42,neuralprophet,frozen,selected,42,3,2025-01-27 01:00:00,2025-02-02 09:00:00,153,15.33,True,True,-0.5966364741325378,-0.02156186386176523,-0.618198337994303,0,0,0.1
core_neuralprophet_frozen_s42,neuralprophet,frozen,selected,42,3,2025-01-27 01:00:00,2025-02-02 10:00:00,154,18.29,True,True,10.951415061950684,-0.02156186386176523,10.929853198088919,0,0,0.1
core_neuralprophet_frozen_s42,neuralprophet,frozen,selected,42,3,2025-01-27 01:00:00,2025-02-02 11:00:00,155,23.83,True,True,10.136515617370604,-0.02156186386176523,10.11495375350884,0,0,0.1
core_neuralprophet_frozen_s42,neuralprophet,frozen,selected,42,3,2025-01-27 01:00:00,2025-02-02 12:00:00,156,29.43,True,True,16.211225509643555,-0.02156186386176523,16.18966364578179,0,0,0.1
core_neuralprophet_frozen_s42,neuralprophet,frozen,selected,42,3,2025-01-27 01:00:00,2025-02-02 13:00:00,157,31.91,True,True,31.10953140258789,-0.02156186386176523,31.087969538726124,0,0,0.1
core_neuralprophet_frozen_s42,neuralprophet,frozen,selected,42,3,2025-01-27 01:00:00,2025-02-02 14:00:00,158,33.06,True,True,24.682058334350582,-0.02156186386176523,24.660496470488816,0,0,0.1
core_neuralprophet_frozen_s42,neuralprophet,frozen,selected,42,3,2025-01-27 01:00:00,2025-02-02 15:00:00,159,29.21,True,True,20.334667205810547,-0.02156186386176523,20.31310534194878,0,0,0.1
core_neuralprophet_frozen_s42,neuralprophet,frozen,selected,42,3,2025-01-27 01:00:00,2025-02-02 16:00:00,160,19.38,True,True,16.160348892211914,-0.02156186386176523,16.138787028350148,0,0,0.1
core_neuralprophet_frozen_s42,neuralprophet,frozen,selected,42,3,2025-01-27 01:00:00,2025-02-02 17:00:00,161,15.9,True,True,15.471689224243164,-0.02156186386176523,15.4501273603814,0,0,0.1
core_neuralprophet_frozen_s42,neuralprophet,frozen,selected,42,3,2025-01-27 01:00:00,2025-02-02 18:00:00,162,14.32,True,True,5.95127534866333,-0.02156186386176523,5.929713484801565,0,0,0.1
core_neuralprophet_frozen_s42,neuralprophet,frozen,selected,42,3,2025-01-27 01:00:00,2025-02-02 19:00:00,163,13.38,True,True,19.85796165466309,-0.02156186386176523,19.836399790801323,0,0,0.1
core_neuralprophet_frozen_s42,neuralprophet,frozen,selected,42,3,2025-01-27 01:00:00,2025-02-02 20:00:00,164,15.11,True,True,25.34681701660156,-0.02156186386176523,25.325255152739793,0,0,0.1
core_neuralprophet_frozen_s42,neuralprophet,frozen,selected,42,3,2025-01-27 01:00:00,2025-02-02 21:00:00,165,17.57,True,True,19.337366104125977,-0.02156186386176523,19.31580424026421,0,0,0.1
core_neuralprophet_frozen_s42,neuralprophet,frozen,selected,42,3,2025-01-27 01:00:00,2025-02-02 22:00:00,166,21.83,True,True,20.65465545654297,-0.02156186386176523,20.633093592681202,0,0,0.1
core_neuralprophet_frozen_s42,neuralprophet,frozen,selected,42,3,2025-01-27 01:00:00,2025-02-02 23:00:00,167,36.86,True,True,42.68193054199219,-0.02156186386176523,42.660368678130425,0,0,0.1
core_neuralprophet_frozen_s42,neuralprophet,frozen,selected,42,3,2025-01-27 01:00:00,2025-02-03 00:00:00,168,51.7,True,True,55.55534744262695,-0.02156186386176523,55.53378557876519,0,0,0.1
core_neuralprophet_frozen_s42,neuralprophet,frozen,selected,42,4,2025-02-03 01:00:00,2025-02-03 01:00:00,1,55.42,True,True,44.75151062011719,-1.4342169358114971,43.31729368430569,0,0,0.1
core_neuralprophet_frozen_s42,neuralprophet,frozen,selected,42,4,2025-02-03 01:00:00,2025-02-03 02:00:00,2,43.6,True,True,37.714576721191406,-1.4342169358114971,36.28035978537991,0,0,0.1
core_neuralprophet_frozen_s42,neuralprophet,frozen,selected,42,4,2025-02-03 01:00:00,2025-02-03 03:00:00,3,28.53,True,True,19.01503562927246,-1.4342169358114971,17.580818693460962,0,0,0.1
core_neuralprophet_frozen_s42,neuralprophet,frozen,selected,42,4,2025-02-03 01:00:00,2025-02-03 04:00:00,4,17.01,True,True,5.340239524841309,-1.4342169358114971,3.9060225890298117,0,0,0.1
core_neuralprophet_frozen_s42,neuralprophet,frozen,selected,42,4,2025-02-03 01:00:00,2025-02-03 05:00:00,5,14.43,True,True,17.909982681274414,-1.4342169358114971,16.475765745462915,0,0,0.1
core_neuralprophet_frozen_s42,neuralprophet,frozen,selected,42,4,2025-02-03 01:00:00,2025-02-03 06:00:00,6,12.54,True,True,1.4159964323043823,-1.4342169358114971,-0.018220503507114794,0,0,0.1
core_neuralprophet_frozen_s42,neuralprophet,frozen,selected,42,4,2025-02-03 01:00:00,2025-02-03 07:00:00,7,12.41,True,True,5.431142330169678,-1.4342169358114971,3.996925394358181,0,0,0.1
core_neuralprophet_frozen_s42,neuralprophet,frozen,selected,42,4,2025-02-03 01:00:00,2025-02-03 08:00:00,8,14.61,True,True,6.945340633392334,-1.4342169358114971,5.511123697580837,0,0,0.1
core_neuralprophet_frozen_s42,neuralprophet,frozen,selected,42,4,2025-02-03 01:00:00,2025-02-03 09:00:00,9,17.2,True,True,2.7741453647613525,-1.4342169358114971,1.3399284289498554,0,0,0.1
core_neuralprophet_frozen_s42,neuralprophet,frozen,selected,42,4,2025-02-03 01:00:00,2025-02-03 10:00:00,10,19.84,True,True,4.752956867218018,-1.4342169358114971,3.3187399314065207,0,0,0.1
core_neuralprophet_frozen_s42,neuralprophet,frozen,selected,42,4,2025-02-03 01:00:00,2025-02-03 11:00:00,11,24.81,True,True,5.484360694885254,-1.4342169358114971,4.050143759073757,0,0,0.1
core_neuralprophet_frozen_s42,neuralprophet,frozen,selected,42,4,2025-02-03 01:00:00,2025-02-03 12:00:00,12,29.45,True,True,6.316232681274414,-1.4342169358114971,4.882015745462917,0,0,0.1
core_neuralprophet_frozen_s42,neuralprophet,frozen,selected,42,4,2025-02-03 01:00:00,2025-02-03 13:00:00,13,32.74,True,True,15.428955078125,-1.4342169358114971,13.994738142313503,0,0,0.1
core_neuralprophet_frozen_s42,neuralprophet,frozen,selected,42,4,2025-02-03 01:00:00,2025-02-03 14:00:00,14,38.83,True,True,13.189178466796877,-1.4342169358114971,11.75496153098538,0,0,0.1
core_neuralprophet_frozen_s42,neuralprophet,frozen,selected,42,4,2025-02-03 01:00:00,2025-02-03 15:00:00,15,38.19,True,True,15.93549633026123,-1.4342169358114971,14.501279394449734,0,0,0.1
core_neuralprophet_frozen_s42,neuralprophet,frozen,selected,42,4,2025-02-03 01:00:00,2025-02-03 16:00:00,16,28.18,True,True,2.335360288619995,-1.4342169358114971,0.901143352808498,0,0,0.1
core_neuralprophet_frozen_s42,neuralprophet,frozen,selected,42,4,2025-02-03 01:00:00,2025-02-03 17:00:00,17,22.91,True,True,5.501066207885742,-1.4342169358114971,4.066849272074245,0,0,0.1
core_neuralprophet_frozen_s42,neuralprophet,frozen,selected,42,4,2025-02-03 01:00:00,2025-02-03 18:00:00,18,21.8,True,True,4.466337203979492,-1.4342169358114971,3.0321202681679953,0,0,0.1
core_neuralprophet_frozen_s42,neuralprophet,frozen,selected,42,4,2025-02-03 01:00:00,2025-02-03 19:00:00,19,22.49,True,True,2.4470574855804443,-1.4342169358114971,1.0128405497689472,0,0,0.1
core_neuralprophet_frozen_s42,neuralprophet,frozen,selected,42,4,2025-02-03 01:00:00,2025-02-03 20:00:00,20,24.92,True,True,0.3843086957931518,-1.4342169358114971,-1.0499082400183453,0,0,0.1
core_neuralprophet_frozen_s42,neuralprophet,frozen,selected,42,4,2025-02-03 01:00:00,2025-02-03 21:00:00,21,28.28,True,True,19.697423934936523,-1.4342169358114971,18.263206999125025,0,0,0.1
core_neuralprophet_frozen_s42,neuralprophet,frozen,selected,42,4,2025-02-03 01:00:00,2025-02-03 22:00:00,22,34.36,True,True,30.121662139892575,-1.4342169358114971,28.687445204081076,0,0,0.1
core_neuralprophet_frozen_s42,neuralprophet,frozen,selected,42,4,2025-02-03 01:00:00,2025-02-03 23:00:00,23,60.44,True,True,50.97197723388672,-1.4342169358114971,49.53776029807522,0,0,0.1
core_neuralprophet_frozen_s42,neuralprophet,frozen,selected,42,4,2025-02-03 01:00:00,2025-02-04 00:00:00,24,93.43,True,True,87.44881439208984,-1.4342169358114971,86.01459745627835,0,0,0.1
core_neuralprophet_frozen_s42,neuralprophet,frozen,selected,42,4,2025-02-03 01:00:00,2025-02-04 01:00:00,25,123.06,True,True,102.27490997314452,-1.4342169358114971,100.84069303733303,0,0,0.1
core_neuralprophet_frozen_s42,neuralprophet,frozen,selected,42,4,2025-02-03 01:00:00,2025-02-04 02:00:00,26,162.76,True,True,147.12100219726562,-1.4342169358114971,145.68678526145413,0,0,0.1
core_neuralprophet_frozen_s42,neuralprophet,frozen,selected,42,4,2025-02-03 01:00:00,2025-02-04 03:00:00,27,212.93,True,True,205.70315551757807,-1.4342169358114971,204.26893858176658,0,0,0.1
core_neuralprophet_frozen_s42,neuralprophet,frozen,selected,42,4,2025-02-03 01:00:00,2025-02-04 04:00:00,28,208.66,True,True,209.52593994140625,-1.4342169358114971,208.09172300559476,0,0,0.1
core_neuralprophet_frozen_s42,neuralprophet,frozen,selected,42,4,2025-02-03 01:00:00,2025-02-04 05:00:00,29,113.94,True,True,114.66800689697266,-1.4342169358114971,113.23378996116116,0,0,0.1
core_neuralprophet_frozen_s42,neuralprophet,frozen,selected,42,4,2025-02-03 01:00:00,2025-02-04 06:00:00,30,40.29,True,True,41.1410026550293,-1.4342169358114971,39.7067857192178,0,0,0.1
core_neuralprophet_frozen_s42,neuralprophet,frozen,selected,42,4,2025-02-03 01:00:00,2025-02-04 07:00:00,31,16.86,True,True,8.710857391357422,-1.4342169358114971,7.276640455545925,0,0,0.1
core_neuralprophet_frozen_s42,neuralprophet,frozen,selected,42,4,2025-02-03 01:00:00,2025-02-04 08:00:00,32,15.84,True,True,12.34261417388916,-1.4342169358114971,10.908397238077663,0,0,0.1
core_neuralprophet_frozen_s42,neuralprophet,frozen,selected,42,4,2025-02-03 01:00:00,2025-02-04 09:00:00,33,15.42,True,True,9.242198944091797,-1.4342169358114971,7.8079820082803,0,0,0.1
core_neuralprophet_frozen_s42,neuralprophet,frozen,selected,42,4,2025-02-03 01:00:00,2025-02-04 10:00:00,34,16.0,True,True,1.7356460094451904,-1.4342169358114971,0.3014290736336933,0,0,0.1
core_neuralprophet_frozen_s42,neuralprophet,frozen,selected,42,4,2025-02-03 01:00:00,2025-02-04 11:00:00,35,17.62,True,True,15.460403442382812,-1.4342169358114971,14.026186506571316,0,0,0.1
core_neuralprophet_frozen_s42,neuralprophet,frozen,selected,42,4,2025-02-03 01:00:00,2025-02-04 12:00:00,36,18.73,True,True,-5.141637802124023,-1.4342169358114971,-6.57585473793552,0,0,0.1
core_neuralprophet_frozen_s42,neuralprophet,frozen,selected,42,4,2025-02-03 01:00:00,2025-02-04 13:00:00,37,18.81,True,True,4.463080406188965,-1.4342169358114971,3.028863470377468,0,0,0.1
core_neuralprophet_frozen_s42,neuralprophet,frozen,selected,42,4,2025-02-03 01:00:00,2025-02-04 14:00:00,38,21.06,True,True,2.228635787963867,-1.4342169358114971,0.7944188521523701,0,0,0.1
core_neuralprophet_frozen_s42,neuralprophet,frozen,selected,42,4,2025-02-03 01:00:00,2025-02-04 15:00:00,39,19.95,True,True,6.5528082847595215,-1.4342169358114971,5.118591348948025,0,0,0.1
core_neuralprophet_frozen_s42,neuralprophet,frozen,selected,42,4,2025-02-03 01:00:00,2025-02-04 16:00:00,40,15.03,True,True,6.00125789642334,-1.4342169358114971,4.567040960611843,0,0,0.1
core_neuralprophet_frozen_s42,neuralprophet,frozen,selected,42,4,2025-02-03 01:00:00,2025-02-04 17:00:00,41,15.73,True,True,19.022411346435547,-1.4342169358114971,17.588194410624048,0,0,0.1
core_neuralprophet_frozen_s42,neuralprophet,frozen,selected,42,4,2025-02-03 01:00:00,2025-02-04 18:00:00,42,18.61,True,True,21.03511619567871,-1.4342169358114971,19.600899259867212,0,0,0.1
core_neuralprophet_frozen_s42,neuralprophet,frozen,selected,42,4,2025-02-03 01:00:00,2025-02-04 19:00:00,43,30.82,True,True,37.86502456665039,-1.4342169358114971,36.43080763083889,0,0,0.1
core_neuralprophet_frozen_s42,neuralprophet,frozen,selected,42,4,2025-02-03 01:00:00,2025-02-04 20:00:00,44,54.86,True,True,85.27722930908203,-1.4342169358114971,83.84301237327054,0,0,0.1
core_neuralprophet_frozen_s42,neuralprophet,frozen,selected,42,4,2025-02-03 01:00:00,2025-02-04 21:00:00,45,80.88,True,True,105.74654388427734,-1.4342169358114971,104.31232694846585,0,0,0.1
core_neuralprophet_frozen_s42,neuralprophet,frozen,selected,42,4,2025-02-03 01:00:00,2025-02-04 22:00:00,46,112.64,True,True,136.093505859375,-1.4342169358114971,134.6592889235635,0,0,0.1
core_neuralprophet_frozen_s42,neuralprophet,frozen,selected,42,4,2025-02-03 01:00:00,2025-02-04 23:00:00,47,169.75,True,True,195.4603729248047,-1.4342169358114971,194.0261559889932,0,0,0.1
core_neuralprophet_frozen_s42,neuralprophet,frozen,selected,42,4,2025-02-03 01:00:00,2025-02-05 00:00:00,48,167.55,True,True,190.4870758056641,-1.4342169358114971,189.0528588698526,0,0,0.1
core_neuralprophet_frozen_s42,neuralprophet,frozen,selected,42,4,2025-02-03 01:00:00,2025-02-05 01:00:00,49,117.83,True,True,123.14915466308594,-1.4342169358114971,121.71493772727445,0,0,0.1
core_neuralprophet_frozen_s42,neuralprophet,frozen,selected,42,4,2025-02-03 01:00:00,2025-02-05 02:00:00,50,99.61,True,True,92.29362487792967,-1.4342169358114971,90.85940794211818,0,0,0.1
core_neuralprophet_frozen_s42,neuralprophet,frozen,selected,42,4,2025-02-03 01:00:00,2025-02-05 03:00:00,51,68.83,True,True,48.97985076904297,-1.4342169358114971,47.54563383323147,0,0,0.1
core_neuralprophet_frozen_s42,neuralprophet,frozen,selected,42,4,2025-02-03 01:00:00,2025-02-05 04:00:00,52,33.97,True,True,26.65917587280273,-1.4342169358114971,25.224958936991232,0,0,0.1
core_neuralprophet_frozen_s42,neuralprophet,frozen,selected,42,4,2025-02-03 01:00:00,2025-02-05 05:00:00,53,24.15,True,True,26.058238983154297,-1.4342169358114971,24.624022047342798,0,0,0.1
core_neuralprophet_frozen_s42,neuralprophet,frozen,selected,42,4,2025-02-03 01:00:00,2025-02-05 06:00:00,54,20.67,True,True,25.83303642272949,-1.4342169358114971,24.39881948691799,0,0,0.1
core_neuralprophet_frozen_s42,neuralprophet,frozen,selected,42,4,2025-02-03 01:00:00,2025-02-05 07:00:00,55,26.18,True,True,31.3624324798584,-1.4342169358114971,29.9282155440469,0,0,0.1
core_neuralprophet_frozen_s42,neuralprophet,frozen,selected,42,4,2025-02-03 01:00:00,2025-02-05 08:00:00,56,46.05,True,True,49.90155792236328,-1.4342169358114971,48.46734098655178,0,0,0.1
core_neuralprophet_frozen_s42,neuralprophet,frozen,selected,42,4,2025-02-03 01:00:00,2025-02-05 09:00:00,57,69.12,True,True,74.27632141113281,-1.4342169358114971,72.84210447532132,0,0,0.1
core_neuralprophet_frozen_s42,neuralprophet,frozen,selected,42,4,2025-02-03 01:00:00,2025-02-05 10:00:00,58,96.72,True,True,95.60667419433594,-1.4342169358114971,94.17245725852445,0,0,0.1
core_neuralprophet_frozen_s42,neuralprophet,frozen,selected,42,4,2025-02-03 01:00:00,2025-02-05 11:00:00,59,132.75,True,True,137.93289184570312,-1.4342169358114971,136.49867490989163,0,0,0.1
core_neuralprophet_frozen_s42,neuralprophet,frozen,selected,42,4,2025-02-03 01:00:00,2025-02-05 12:00:00,60,159.49,True,True,160.99429321289062,-1.4342169358114971,159.56007627707913,0,0,0.1
core_neuralprophet_frozen_s42,neuralprophet,frozen,selected,42,4,2025-02-03 01:00:00,2025-02-05 13:00:00,61,209.95,True,True,222.2593994140625,-1.4342169358114971,220.825182478251,0,0,0.1
core_neuralprophet_frozen_s42,neuralprophet,frozen,selected,42,4,2025-02-03 01:00:00,2025-02-05 14:00:00,62,299.41,True,True,300.6680603027344,-1.4342169358114971,299.2338433669229,0,0,0.1
core_neuralprophet_frozen_s42,neuralprophet,frozen,selected,42,4,2025-02-03 01:00:00,2025-02-05 15:00:00,63,349.95,True,True,351.3081970214844,-1.4342169358114971,349.8739800856729,0,0,0.1
core_neuralprophet_frozen_s42,neuralprophet,frozen,selected,42,4,2025-02-03 01:00:00,2025-02-05 16:00:00,64,339.88,True,True,345.9665222167969,-1.4342169358114971,344.5323052809854,0,0,0.1
core_neuralprophet_frozen_s42,neuralprophet,frozen,selected,42,4,2025-02-03 01:00:00,2025-02-05 17:00:00,65,325.53,True,True,336.5799255371094,-1.4342169358114971,335.1457086012979,0,0,0.1
core_neuralprophet_frozen_s42,neuralprophet,frozen,selected,42,4,2025-02-03 01:00:00,2025-02-05 18:00:00,66,321.12,True,True,330.3925476074219,-1.4342169358114971,328.9583306716104,0,0,0.1
core_neuralprophet_frozen_s42,neuralprophet,frozen,selected,42,4,2025-02-03 01:00:00,2025-02-05 19:00:00,67,310.07,True,True,323.4220275878906,-1.4342169358114971,321.98781065207913,0,0,0.1
core_neuralprophet_frozen_s42,neuralprophet,frozen,selected,42,4,2025-02-03 01:00:00,2025-02-05 20:00:00,68,279.94,True,True,286.4588623046875,-1.4342169358114971,285.024645368876,0,0,0.1
core_neuralprophet_frozen_s42,neuralprophet,frozen,selected,42,4,2025-02-03 01:00:00,2025-02-05 21:00:00,69,232.13,True,True,244.12884521484372,-1.4342169358114971,242.69462827903223,0,0,0.1
core_neuralprophet_frozen_s42,neuralprophet,frozen,selected,42,4,2025-02-03 01:00:00,2025-02-05 22:00:00,70,164.48,True,True,169.3596649169922,-1.4342169358114971,167.9254479811807,0,0,0.1
core_neuralprophet_frozen_s42,neuralprophet,frozen,selected,42,4,2025-02-03 01:00:00,2025-02-05 23:00:00,71,145.31,True,True,156.5225372314453,-1.4342169358114971,155.08832029563382,0,0,0.1
core_neuralprophet_frozen_s42,neuralprophet,frozen,selected,42,4,2025-02-03 01:00:00,2025-02-06 00:00:00,72,124.31,True,True,140.90606689453125,-1.4342169358114971,139.47184995871976,0,0,0.1
core_neuralprophet_frozen_s42,neuralprophet,frozen,selected,42,4,2025-02-03 01:00:00,2025-02-06 01:00:00,73,64.01,True,True,69.50543212890625,-1.4342169358114971,68.07121519309476,0,0,0.1
core_neuralprophet_frozen_s42,neuralprophet,frozen,selected,42,4,2025-02-03 01:00:00,2025-02-06 02:00:00,74,51.25,True,True,47.55014801025391,-1.4342169358114971,46.115931074442415,0,0,0.1
core_neuralprophet_frozen_s42,neuralprophet,frozen,selected,42,4,2025-02-03 01:00:00,2025-02-06 03:00:00,75,42.05,True,True,40.09864044189453,-1.4342169358114971,38.66442350608303,0,0,0.1
core_neuralprophet_frozen_s42,neuralprophet,frozen,selected,42,4,2025-02-03 01:00:00,2025-02-06 04:00:00,76,28.94,True,True,34.05984115600586,-1.4342169358114971,32.62562422019436,0,0,0.1
core_neuralprophet_frozen_s42,neuralprophet,frozen,selected,42,4,2025-02-03 01:00:00,2025-02-06 05:00:00,77,17.66,True,True,24.193662643432617,-1.4342169358114971,22.75944570762112,0,0,0.1
core_neuralprophet_frozen_s42,neuralprophet,frozen,selected,42,4,2025-02-03 01:00:00,2025-02-06 06:00:00,78,11.63,True,True,16.24251937866211,-1.4342169358114971,14.808302442850612,0,0,0.1
core_neuralprophet_frozen_s42,neuralprophet,frozen,selected,42,4,2025-02-03 01:00:00,2025-02-06 07:00:00,79,8.2,True,True,6.2108540534973145,-1.4342169358114971,4.776637117685818,0,0,0.1
core_neuralprophet_frozen_s42,neuralprophet,frozen,selected,42,4,2025-02-03 01:00:00,2025-02-06 08:00:00,80,7.68,True,True,2.616236448287964,-1.4342169358114971,1.1820195124764667,0,0,0.1
core_neuralprophet_frozen_s42,neuralprophet,frozen,selected,42,4,2025-02-03 01:00:00,2025-02-06 09:00:00,81,7.48,True,True,-4.558513164520264,-1.4342169358114971,-5.992730100331761,0,0,0.1
core_neuralprophet_frozen_s42,neuralprophet,frozen,selected,42,4,2025-02-03 01:00:00,2025-02-06 10:00:00,82,7.78,True,True,-6.678990364074707,-1.4342169358114971,-8.113207299886204,0,0,0.1
core_neuralprophet_frozen_s42,neuralprophet,frozen,selected,42,4,2025-02-03 01:00:00,2025-02-06 11:00:00,83,9.8,True,True,-2.7360997200012207,-1.4342169358114971,-4.170316655812718,0,0,0.1
core_neuralprophet_frozen_s42,neuralprophet,frozen,selected,42,4,2025-02-03 01:00:00,2025-02-06 12:00:00,84,11.15,True,True,-7.691619873046875,-1.4342169358114971,-9.125836808858372,0,0,0.1
core_neuralprophet_frozen_s42,neuralprophet,frozen,selected,42,4,2025-02-03 01:00:00,2025-02-06 13:00:00,85,11.4,True,True,5.216522216796875,-1.4342169358114971,3.782305280985378,0,0,0.1
core_neuralprophet_frozen_s42,neuralprophet,frozen,selected,42,4,2025-02-03 01:00:00,2025-02-06 14:00:00,86,12.78,True,True,2.837390899658203,-1.4342169358114971,1.403173963846706,0,0,0.1
core_neuralprophet_frozen_s42,neuralprophet,frozen,selected,42,4,2025-02-03 01:00:00,2025-02-06 15:00:00,87,11.88,True,True,7.195343971252441,-1.4342169358114971,5.7611270354409445,0,0,0.1
core_neuralprophet_frozen_s42,neuralprophet,frozen,selected,42,4,2025-02-03 01:00:00,2025-02-06 16:00:00,88,7.67,True,True,2.458810567855835,-1.4342169358114971,1.0245936320443378,0,0,0.1
core_neuralprophet_frozen_s42,neuralprophet,frozen,selected,42,4,2025-02-03 01:00:00,2025-02-06 17:00:00,89,6.63,True,True,12.203280448913574,-1.4342169358114971,10.769063513102077,0,0,0.1
core_neuralprophet_frozen_s42,neuralprophet,frozen,selected,42,4,2025-02-03 01:00:00,2025-02-06 18:00:00,90,6.79,True,True,19.63284111022949,-1.4342169358114971,18.19862417441799,0,0,0.1
core_neuralprophet_frozen_s42,neuralprophet,frozen,selected,42,4,2025-02-03 01:00:00,2025-02-06 19:00:00,91,7.07,True,True,24.147193908691406,-1.4342169358114971,22.712976972879908,0,0,0.1
core_neuralprophet_frozen_s42,neuralprophet,frozen,selected,42,4,2025-02-03 01:00:00,2025-02-06 20:00:00,92,7.5,True,True,34.158843994140625,-1.4342169358114971,32.724627058329126,0,0,0.1
core_neuralprophet_frozen_s42,neuralprophet,frozen,selected,42,4,2025-02-03 01:00:00,2025-02-06 21:00:00,93,8.33,True,True,34.966304779052734,-1.4342169358114971,33.532087843241236,0,0,0.1
core_neuralprophet_frozen_s42,neuralprophet,frozen,selected,42,4,2025-02-03 01:00:00,2025-02-06 22:00:00,94,10.64,True,True,34.20140075683594,-1.4342169358114971,32.76718382102444,0,0,0.1
core_neuralprophet_frozen_s42,neuralprophet,frozen,selected,42,4,2025-02-03 01:00:00,2025-02-06 23:00:00,95,20.72,True,True,43.28451156616211,-1.4342169358114971,41.85029463035061,0,0,0.1
core_neuralprophet_frozen_s42,neuralprophet,frozen,selected,42,4,2025-02-03 01:00:00,2025-02-07 00:00:00,96,29.32,True,True,52.48154067993164,-1.4342169358114971,51.04732374412014,0,0,0.1
core_neuralprophet_frozen_s42,neuralprophet,frozen,selected,42,4,2025-02-03 01:00:00,2025-02-07 01:00:00,97,32.32,True,True,47.48653793334961,-1.4342169358114971,46.05232099753811,0,0,0.1
core_neuralprophet_frozen_s42,neuralprophet,frozen,selected,42,4,2025-02-03 01:00:00,2025-02-07 02:00:00,98,29.48,True,True,39.51167297363281,-1.4342169358114971,38.077456037821314,0,0,0.1
core_neuralprophet_frozen_s42,neuralprophet,frozen,selected,42,4,2025-02-03 01:00:00,2025-02-07 03:00:00,99,23.51,True,True,34.69082260131836,-1.4342169358114971,33.25660566550686,0,0,0.1
core_neuralprophet_frozen_s42,neuralprophet,frozen,selected,42,4,2025-02-03 01:00:00,2025-02-07 04:00:00,100,18.96,True,True,23.797277450561523,-1.4342169358114971,22.363060514750025,0,0,0.1
core_neuralprophet_frozen_s42,neuralprophet,frozen,selected,42,4,2025-02-03 01:00:00,2025-02-07 05:00:00,101,18.04,True,True,39.5458984375,-1.4342169358114971,38.1116815016885,0,0,0.1
core_neuralprophet_frozen_s42,neuralprophet,frozen,selected,42,4,2025-02-03 01:00:00,2025-02-07 06:00:00,102,17.96,True,True,39.22682189941406,-1.4342169358114971,37.792604963602564,0,0,0.1
core_neuralprophet_frozen_s42,neuralprophet,frozen,selected,42,4,2025-02-03 01:00:00,2025-02-07 07:00:00,103,18.43,True,True,34.196014404296875,-1.4342169358114971,32.761797468485376,0,0,0.1
core_neuralprophet_frozen_s42,neuralprophet,frozen,selected,42,4,2025-02-03 01:00:00,2025-02-07 08:00:00,104,21.77,True,True,42.57690048217773,-1.4342169358114971,41.14268354636623,0,0,0.1
core_neuralprophet_frozen_s42,neuralprophet,frozen,selected,42,4,2025-02-03 01:00:00,2025-02-07 09:00:00,105,25.12,True,True,30.94032096862793,-1.4342169358114971,29.50610403281643,0,0,0.1
core_neuralprophet_frozen_s42,neuralprophet,frozen,selected,42,4,2025-02-03 01:00:00,2025-02-07 10:00:00,106,27.92,True,True,38.67599105834961,-1.4342169358114971,37.24177412253811,0,0,0.1
core_neuralprophet_frozen_s42,neuralprophet,frozen,selected,42,4,2025-02-03 01:00:00,2025-02-07 11:00:00,107,32.41,True,True,42.51894760131836,-1.4342169358114971,41.08473066550686,0,0,0.1
core_neuralprophet_frozen_s42,neuralprophet,frozen,selected,42,4,2025-02-03 01:00:00,2025-02-07 12:00:00,108,35.77,True,True,38.18197250366211,-1.4342169358114971,36.74775556785061,0,0,0.1
core_neuralprophet_frozen_s42,neuralprophet,frozen,selected,42,4,2025-02-03 01:00:00,2025-02-07 13:00:00,109,35.92,True,True,36.56020736694336,-1.4342169358114971,35.12599043113186,0,0,0.1
core_neuralprophet_frozen_s42,neuralprophet,frozen,selected,42,4,2025-02-03 01:00:00,2025-02-07 14:00:00,110,37.64,True,True,44.185546875,-1.4342169358114971,42.7513299391885,0,0,0.1
core_neuralprophet_frozen_s42,neuralprophet,frozen,selected,42,4,2025-02-03 01:00:00,2025-02-07 15:00:00,111,34.69,True,True,38.299015045166016,-1.4342169358114971,36.86479810935452,0,0,0.1
core_neuralprophet_frozen_s42,neuralprophet,frozen,selected,42,4,2025-02-03 01:00:00,2025-02-07 16:00:00,112,26.77,True,True,28.741064071655277,-1.4342169358114971,27.30684713584378,0,0,0.1
core_neuralprophet_frozen_s42,neuralprophet,frozen,selected,42,4,2025-02-03 01:00:00,2025-02-07 17:00:00,113,22.49,True,True,31.63302421569824,-1.4342169358114971,30.19880727988674,0,0,0.1
core_neuralprophet_frozen_s42,neuralprophet,frozen,selected,42,4,2025-02-03 01:00:00,2025-02-07 18:00:00,114,21.77,True,True,22.37809181213379,-1.4342169358114971,20.94387487632229,0,0,0.1
core_neuralprophet_frozen_s42,neuralprophet,frozen,selected,42,4,2025-02-03 01:00:00,2025-02-07 19:00:00,115,22.34,True,True,36.85001373291016,-1.4342169358114971,35.415796797098665,0,0,0.1
core_neuralprophet_frozen_s42,neuralprophet,frozen,selected,42,4,2025-02-03 01:00:00,2025-02-07 20:00:00,116,22.08,True,True,28.983095169067383,-1.4342169358114971,27.548878233255884,0,0,0.1
core_neuralprophet_frozen_s42,neuralprophet,frozen,selected,42,4,2025-02-03 01:00:00,2025-02-07 21:00:00,117,21.78,True,True,41.14273834228516,-1.4342169358114971,39.708521406473665,0,0,0.1
core_neuralprophet_frozen_s42,neuralprophet,frozen,selected,42,4,2025-02-03 01:00:00,2025-02-07 22:00:00,118,23.04,True,True,44.05369186401367,-1.4342169358114971,42.61947492820217,0,0,0.1
core_neuralprophet_frozen_s42,neuralprophet,frozen,selected,42,4,2025-02-03 01:00:00,2025-02-07 23:00:00,119,33.25,True,True,54.588478088378906,-1.4342169358114971,53.15426115256741,0,0,0.1
core_neuralprophet_frozen_s42,neuralprophet,frozen,selected,42,4,2025-02-03 01:00:00,2025-02-08 00:00:00,120,43.78,True,True,54.92607498168945,-1.4342169358114971,53.491858045877954,0,0,0.1
core_neuralprophet_frozen_s42,neuralprophet,frozen,selected,42,4,2025-02-03 01:00:00,2025-02-08 01:00:00,121,47.44,True,True,48.802154541015625,-1.4342169358114971,47.367937605204126,0,0,0.1
core_neuralprophet_frozen_s42,neuralprophet,frozen,selected,42,4,2025-02-03 01:00:00,2025-02-08 02:00:00,122,44.33,True,True,53.75056457519531,-1.4342169358114971,52.316347639383814,0,0,0.1
core_neuralprophet_frozen_s42,neuralprophet,frozen,selected,42,4,2025-02-03 01:00:00,2025-02-08 03:00:00,123,37.35,True,True,41.73096466064453,-1.4342169358114971,40.29674772483303,0,0,0.1
core_neuralprophet_frozen_s42,neuralprophet,frozen,selected,42,4,2025-02-03 01:00:00,2025-02-08 04:00:00,124,27.41,True,True,43.39374542236328,-1.4342169358114971,41.95952848655178,0,0,0.1
core_neuralprophet_frozen_s42,neuralprophet,frozen,selected,42,4,2025-02-03 01:00:00,2025-02-08 05:00:00,125,22.84,True,True,32.60710906982422,-1.4342169358114971,31.17289213401272,0,0,0.1
core_neuralprophet_frozen_s42,neuralprophet,frozen,selected,42,4,2025-02-03 01:00:00,2025-02-08 06:00:00,126,22.17,True,True,34.52421188354492,-1.4342169358114971,33.08999494773342,0,0,0.1
core_neuralprophet_frozen_s42,neuralprophet,frozen,selected,42,4,2025-02-03 01:00:00,2025-02-08 07:00:00,127,23.37,True,True,30.15708541870117,-1.4342169358114971,28.72286848288967,0,0,0.1
core_neuralprophet_frozen_s42,neuralprophet,frozen,selected,42,4,2025-02-03 01:00:00,2025-02-08 08:00:00,128,29.47,True,True,45.12800598144531,-1.4342169358114971,43.693789045633814,0,0,0.1
core_neuralprophet_frozen_s42,neuralprophet,frozen,selected,42,4,2025-02-03 01:00:00,2025-02-08 09:00:00,129,38.82,True,True,53.232887268066406,-1.4342169358114971,51.79867033225491,0,0,0.1
core_neuralprophet_frozen_s42,neuralprophet,frozen,selected,42,4,2025-02-03 01:00:00,2025-02-08 10:00:00,130,58.71,True,True,68.71222686767578,-1.4342169358114971,67.27800993186429,0,0,0.1
core_neuralprophet_frozen_s42,neuralprophet,frozen,selected,42,4,2025-02-03 01:00:00,2025-02-08 11:00:00,131,96.73,True,True,102.34130096435548,-1.4342169358114971,100.90708402854399,0,0,0.1
core_neuralprophet_frozen_s42,neuralprophet,frozen,selected,42,4,2025-02-03 01:00:00,2025-02-08 12:00:00,132,135.39,True,True,139.8284454345703,-1.4342169358114971,138.39422849875882,0,0,0.1
core_neuralprophet_frozen_s42,neuralprophet,frozen,selected,42,4,2025-02-03 01:00:00,2025-02-08 13:00:00,133,193.36,True,True,193.02757263183597,-1.4342169358114971,191.59335569602447,0,0,0.1
core_neuralprophet_frozen_s42,neuralprophet,frozen,selected,42,4,2025-02-03 01:00:00,2025-02-08 14:00:00,134,264.03,True,True,255.34796142578125,-1.4342169358114971,253.91374448996976,0,0,0.1
core_neuralprophet_frozen_s42,neuralprophet,frozen,selected,42,4,2025-02-03 01:00:00,2025-02-08 15:00:00,135,279.81,True,True,279.9195861816406,-1.4342169358114971,278.48536924582913,0,0,0.1
core_neuralprophet_frozen_s42,neuralprophet,frozen,selected,42,4,2025-02-03 01:00:00,2025-02-08 16:00:00,136,247.96,True,True,249.61329650878903,-1.4342169358114971,248.17907957297754,0,0,0.1
core_neuralprophet_frozen_s42,neuralprophet,frozen,selected,42,4,2025-02-03 01:00:00,2025-02-08 17:00:00,137,205.0,True,True,208.0813446044922,-1.4342169358114971,206.6471276686807,0,0,0.1
core_neuralprophet_frozen_s42,neuralprophet,frozen,selected,42,4,2025-02-03 01:00:00,2025-02-08 18:00:00,138,167.87,True,True,172.38571166992188,-1.4342169358114971,170.95149473411038,0,0,0.1
core_neuralprophet_frozen_s42,neuralprophet,frozen,selected,42,4,2025-02-03 01:00:00,2025-02-08 19:00:00,139,142.96,True,True,149.1068572998047,-1.4342169358114971,147.6726403639932,0,0,0.1
core_neuralprophet_frozen_s42,neuralprophet,frozen,selected,42,4,2025-02-03 01:00:00,2025-02-08 20:00:00,140,128.73,True,True,139.2930145263672,-1.4342169358114971,137.8587975905557,0,0,0.1
core_neuralprophet_frozen_s42,neuralprophet,frozen,selected,42,4,2025-02-03 01:00:00,2025-02-08 21:00:00,141,119.93,True,True,137.56130981445312,-1.4342169358114971,136.12709287864163,0,0,0.1
core_neuralprophet_frozen_s42,neuralprophet,frozen,selected,42,4,2025-02-03 01:00:00,2025-02-08 22:00:00,142,113.39,True,True,127.31336975097656,-1.4342169358114971,125.87915281516507,0,0,0.1
core_neuralprophet_frozen_s42,neuralprophet,frozen,selected,42,4,2025-02-03 01:00:00,2025-02-08 23:00:00,143,154.0,True,True,172.72415161132812,-1.4342169358114971,171.28993467551663,0,0,0.1
core_neuralprophet_frozen_s42,neuralprophet,frozen,selected,42,4,2025-02-03 01:00:00,2025-02-09 00:00:00,144,209.21,True,True,228.21432495117188,-1.4342169358114971,226.78010801536038,0,0,0.1
core_neuralprophet_frozen_s42,neuralprophet,frozen,selected,42,4,2025-02-03 01:00:00,2025-02-09 01:00:00,145,233.85,True,True,246.8879547119141,-1.4342169358114971,245.4537377761026,0,0,0.1
core_neuralprophet_frozen_s42,neuralprophet,frozen,selected,42,4,2025-02-03 01:00:00,2025-02-09 02:00:00,146,240.34,True,True,252.83804321289065,-1.4342169358114971,251.40382627707916,0,0,0.1
core_neuralprophet_frozen_s42,neuralprophet,frozen,selected,42,4,2025-02-03 01:00:00,2025-02-09 03:00:00,147,231.36,True,True,259.29766845703125,-1.4342169358114971,257.86345152121976,0,0,0.1
core_neuralprophet_frozen_s42,neuralprophet,frozen,selected,42,4,2025-02-03 01:00:00,2025-02-09 04:00:00,148,118.64,True,True,130.38003540039062,-1.4342169358114971,128.94581846457913,0,0,0.1
core_neuralprophet_frozen_s42,neuralprophet,frozen,selected,42,4,2025-02-03 01:00:00,2025-02-09 05:00:00,149,129.29,True,True,145.47889709472656,-1.4342169358114971,144.04468015891507,0,0,0.1
core_neuralprophet_frozen_s42,neuralprophet,frozen,selected,42,4,2025-02-03 01:00:00,2025-02-09 06:00:00,150,137.33,True,True,150.11293029785156,-1.4342169358114971,148.67871336204007,0,0,0.1
core_neuralprophet_frozen_s42,neuralprophet,frozen,selected,42,4,2025-02-03 01:00:00,2025-02-09 07:00:00,151,107.98,True,True,116.38188934326172,-1.4342169358114971,114.94767240745023,0,0,0.1
core_neuralprophet_frozen_s42,neuralprophet,frozen,selected,42,4,2025-02-03 01:00:00,2025-02-09 08:00:00,152,103.34,True,True,113.60211181640624,-1.4342169358114971,112.16789488059474,0,0,0.1
core_neuralprophet_frozen_s42,neuralprophet,frozen,selected,42,4,2025-02-03 01:00:00,2025-02-09 09:00:00,153,106.99,True,True,130.44996643066406,-1.4342169358114971,129.01574949485257,0,0,0.1
core_neuralprophet_frozen_s42,neuralprophet,frozen,selected,42,4,2025-02-03 01:00:00,2025-02-09 10:00:00,154,145.51,True,True,173.6708221435547,-1.4342169358114971,172.2366052077432,0,0,0.1
core_neuralprophet_frozen_s42,neuralprophet,frozen,selected,42,4,2025-02-03 01:00:00,2025-02-09 11:00:00,155,245.04,True,True,290.28765869140625,-1.4342169358114971,288.85344175559476,0,0,0.1
core_neuralprophet_frozen_s42,neuralprophet,frozen,selected,42,4,2025-02-03 01:00:00,2025-02-09 12:00:00,156,367.71,True,True,399.8952331542969,-1.4342169358114971,398.4610162184854,0,0,0.1
core_neuralprophet_frozen_s42,neuralprophet,frozen,selected,42,4,2025-02-03 01:00:00,2025-02-09 13:00:00,157,478.18,True,True,526.1988525390625,-1.4342169358114971,524.764635603251,0,0,0.1
core_neuralprophet_frozen_s42,neuralprophet,frozen,selected,42,4,2025-02-03 01:00:00,2025-02-09 14:00:00,158,581.23,True,True,613.5159301757812,-1.4342169358114971,612.0817132399698,0,0,0.1
core_neuralprophet_frozen_s42,neuralprophet,frozen,selected,42,4,2025-02-03 01:00:00,2025-02-09 15:00:00,159,633.46,True,True,658.700439453125,-1.4342169358114971,657.2662225173135,0,0,0.1
core_neuralprophet_frozen_s42,neuralprophet,frozen,selected,42,4,2025-02-03 01:00:00,2025-02-09 16:00:00,160,613.53,True,True,622.9174194335938,-1.4342169358114971,621.4832024977823,0,0,0.1
core_neuralprophet_frozen_s42,neuralprophet,frozen,selected,42,4,2025-02-03 01:00:00,2025-02-09 17:00:00,161,579.65,True,True,601.1900024414062,-1.4342169358114971,599.7557855055948,0,0,0.1
core_neuralprophet_frozen_s42,neuralprophet,frozen,selected,42,4,2025-02-03 01:00:00,2025-02-09 18:00:00,162,554.04,True,True,563.210205078125,-1.4342169358114971,561.7759881423135,0,0,0.1
core_neuralprophet_frozen_s42,neuralprophet,frozen,selected,42,4,2025-02-03 01:00:00,2025-02-09 19:00:00,163,525.21,True,True,538.187255859375,-1.4342169358114971,536.7530389235635,0,0,0.1
core_neuralprophet_frozen_s42,neuralprophet,frozen,selected,42,4,2025-02-03 01:00:00,2025-02-09 20:00:00,164,496.94,True,True,496.1525573730469,-1.4342169358114971,494.7183404372354,0,0,0.1
core_neuralprophet_frozen_s42,neuralprophet,frozen,selected,42,4,2025-02-03 01:00:00,2025-02-09 21:00:00,165,457.38,True,True,466.6019287109375,-1.4342169358114971,465.167711775126,0,0,0.1
core_neuralprophet_frozen_s42,neuralprophet,frozen,selected,42,4,2025-02-03 01:00:00,2025-02-09 22:00:00,166,409.27,True,True,416.568115234375,-1.4342169358114971,415.1338982985635,0,0,0.1
core_neuralprophet_frozen_s42,neuralprophet,frozen,selected,42,4,2025-02-03 01:00:00,2025-02-09 23:00:00,167,449.44,True,True,459.5809326171875,-1.4342169358114971,458.146715681376,0,0,0.1
core_neuralprophet_frozen_s42,neuralprophet,frozen,selected,42,4,2025-02-03 01:00:00,2025-02-10 00:00:00,168,551.24,True,True,560.5494384765625,-1.4342169358114971,559.115221540751,0,0,0.1
core_neuralprophet_frozen_s42,neuralprophet,frozen,selected,42,5,2025-02-10 01:00:00,2025-02-10 01:00:00,1,635.49,True,True,641.4876708984375,-1.731304787040007,639.7563661113975,0,0,0.1
core_neuralprophet_frozen_s42,neuralprophet,frozen,selected,42,5,2025-02-10 01:00:00,2025-02-10 02:00:00,2,662.88,True,True,682.9135131835938,-1.731304787040007,681.1822083965537,0,0,0.1
core_neuralprophet_frozen_s42,neuralprophet,frozen,selected,42,5,2025-02-10 01:00:00,2025-02-10 03:00:00,3,601.67,True,True,624.1591796875,-1.731304787040007,622.42787490046,0,0,0.1
core_neuralprophet_frozen_s42,neuralprophet,frozen,selected,42,5,2025-02-10 01:00:00,2025-02-10 04:00:00,4,290.33,True,True,277.26715087890625,-1.731304787040007,275.53584609186623,0,0,0.1
core_neuralprophet_frozen_s42,neuralprophet,frozen,selected,42,5,2025-02-10 01:00:00,2025-02-10 05:00:00,5,302.77,True,True,276.9569702148437,-1.731304787040007,275.2256654278037,0,0,0.1
core_neuralprophet_frozen_s42,neuralprophet,frozen,selected,42,5,2025-02-10 01:00:00,2025-02-10 06:00:00,6,339.38,True,True,295.5070495605469,-1.731304787040007,293.77574477350686,0,0,0.1
core_neuralprophet_frozen_s42,neuralprophet,frozen,selected,42,5,2025-02-10 01:00:00,2025-02-10 07:00:00,7,406.0,True,True,364.7049865722656,-1.731304787040007,362.9736817852256,0,0,0.1
core_neuralprophet_frozen_s42,neuralprophet,frozen,selected,42,5,2025-02-10 01:00:00,2025-02-10 08:00:00,8,516.75,True,True,467.1293029785156,-1.731304787040007,465.3979981914756,0,0,0.1
core_neuralprophet_frozen_s42,neuralprophet,frozen,selected,42,5,2025-02-10 01:00:00,2025-02-10 09:00:00,9,617.3,True,True,572.1884155273438,-1.731304787040007,570.4571107403037,0,0,0.1
core_neuralprophet_frozen_s42,neuralprophet,frozen,selected,42,5,2025-02-10 01:00:00,2025-02-10 10:00:00,10,717.42,True,True,679.9349975585938,-1.731304787040007,678.2036927715537,0,0,0.1
core_neuralprophet_frozen_s42,neuralprophet,frozen,selected,42,5,2025-02-10 01:00:00,2025-02-10 11:00:00,11,869.12,True,True,847.129150390625,-1.731304787040007,845.397845603585,0,0,0.1
core_neuralprophet_frozen_s42,neuralprophet,frozen,selected,42,5,2025-02-10 01:00:00,2025-02-10 12:00:00,12,1031.66,True,True,1004.0104370117188,-1.731304787040007,1002.2791322246787,0,0,0.1
core_neuralprophet_frozen_s42,neuralprophet,frozen,selected,42,5,2025-02-10 01:00:00,2025-02-10 13:00:00,13,1143.06,True,True,1122.4110107421875,-1.731304787040007,1120.6797059551475,0,0,0.1
core_neuralprophet_frozen_s42,neuralprophet,frozen,selected,42,5,2025-02-10 01:00:00,2025-02-10 14:00:00,14,1191.71,True,True,1177.16162109375,-1.731304787040007,1175.43031630671,0,0,0.1
core_neuralprophet_frozen_s42,neuralprophet,frozen,selected,42,5,2025-02-10 01:00:00,2025-02-10 15:00:00,15,1179.11,True,True,1170.03857421875,-1.731304787040007,1168.30726943171,0,0,0.1
core_neuralprophet_frozen_s42,neuralprophet,frozen,selected,42,5,2025-02-10 01:00:00,2025-02-10 16:00:00,16,1071.85,True,True,1054.6005859375,-1.731304787040007,1052.86928115046,0,0,0.1
core_neuralprophet_frozen_s42,neuralprophet,frozen,selected,42,5,2025-02-10 01:00:00,2025-02-10 17:00:00,17,907.42,True,True,888.2791137695312,-1.731304787040007,886.5478089824912,0,0,0.1
core_neuralprophet_frozen_s42,neuralprophet,frozen,selected,42,5,2025-02-10 01:00:00,2025-02-10 18:00:00,18,726.65,True,True,706.32275390625,-1.731304787040007,704.59144911921,0,0,0.1
core_neuralprophet_frozen_s42,neuralprophet,frozen,selected,42,5,2025-02-10 01:00:00,2025-02-10 19:00:00,19,601.12,True,True,566.3212280273438,-1.731304787040007,564.5899232403037,0,0,0.1
core_neuralprophet_frozen_s42,neuralprophet,frozen,selected,42,5,2025-02-10 01:00:00,2025-02-10 20:00:00,20,541.5,True,True,509.0285339355469,-1.731304787040007,507.29722914850686,0,0,0.1
core_neuralprophet_frozen_s42,neuralprophet,frozen,selected,42,5,2025-02-10 01:00:00,2025-02-10 21:00:00,21,506.36,True,True,467.264404296875,-1.731304787040007,465.533099509835,0,0,0.1
core_neuralprophet_frozen_s42,neuralprophet,frozen,selected,42,5,2025-02-10 01:00:00,2025-02-10 22:00:00,22,473.64,True,True,426.5054321289063,-1.731304787040007,424.7741273418663,0,0,0.1
core_neuralprophet_frozen_s42,neuralprophet,frozen,selected,42,5,2025-02-10 01:00:00,2025-02-10 23:00:00,23,531.73,True,True,487.0285339355469,-1.731304787040007,485.29722914850686,0,0,0.1
core_neuralprophet_frozen_s42,neuralprophet,frozen,selected,42,5,2025-02-10 01:00:00,2025-02-11 00:00:00,24,663.85,True,True,621.477294921875,-1.731304787040007,619.745990134835,0,0,0.1
core_neuralprophet_frozen_s42,neuralprophet,frozen,selected,42,5,2025-02-10 01:00:00,2025-02-11 01:00:00,25,749.47,True,True,718.1901245117188,-1.731304787040007,716.4588197246787,0,0,0.1
core_neuralprophet_frozen_s42,neuralprophet,frozen,selected,42,5,2025-02-10 01:00:00,2025-02-11 02:00:00,26,739.69,True,True,720.8666381835938,-1.731304787040007,719.1353333965537,0,0,0.1
core_neuralprophet_frozen_s42,neuralprophet,frozen,selected,42,5,2025-02-10 01:00:00,2025-02-11 03:00:00,27,642.49,True,True,632.0537719726562,-1.731304787040007,630.3224671856162,0,0,0.1
core_neuralprophet_frozen_s42,neuralprophet,frozen,selected,42,5,2025-02-10 01:00:00,2025-02-11 04:00:00,28,315.67,True,True,272.7657775878906,-1.731304787040007,271.0344728008506,0,0,0.1
core_neuralprophet_frozen_s42,neuralprophet,frozen,selected,42,5,2025-02-10 01:00:00,2025-02-11 05:00:00,29,262.21,True,True,215.83334350585935,-1.731304787040007,214.10203871881933,0,0,0.1
core_neuralprophet_frozen_s42,neuralprophet,frozen,selected,42,5,2025-02-10 01:00:00,2025-02-11 06:00:00,30,250.89,True,True,188.2494964599609,-1.731304787040007,186.5181916729209,0,0,0.1
core_neuralprophet_frozen_s42,neuralprophet,frozen,selected,42,5,2025-02-10 01:00:00,2025-02-11 07:00:00,31,320.72,True,True,269.4355773925781,-1.731304787040007,267.7042726055381,0,0,0.1
core_neuralprophet_frozen_s42,neuralprophet,frozen,selected,42,5,2025-02-10 01:00:00,2025-02-11 08:00:00,32,452.98,True,True,408.4258117675781,-1.731304787040007,406.6945069805381,0,0,0.1
core_neuralprophet_frozen_s42,neuralprophet,frozen,selected,42,5,2025-02-10 01:00:00,2025-02-11 09:00:00,33,586.34,True,True,547.1253662109375,-1.731304787040007,545.3940614238975,0,0,0.1
core_neuralprophet_frozen_s42,neuralprophet,frozen,selected,42,5,2025-02-10 01:00:00,2025-02-11 10:00:00,34,677.63,True,True,639.1075439453125,-1.731304787040007,637.3762391582725,0,0,0.1
core_neuralprophet_frozen_s42,neuralprophet,frozen,selected,42,5,2025-02-10 01:00:00,2025-02-11 11:00:00,35,713.13,True,True,657.615234375,-1.731304787040007,655.88392958796,0,0,0.1
core_neuralprophet_frozen_s42,neuralprophet,frozen,selected,42,5,2025-02-10 01:00:00,2025-02-11 12:00:00,36,705.1,True,True,643.993408203125,-1.731304787040007,642.262103416085,0,0,0.1
core_neuralprophet_frozen_s42,neuralprophet,frozen,selected,42,5,2025-02-10 01:00:00,2025-02-11 13:00:00,37,627.26,True,True,551.75,-1.731304787040007,550.01869521296,0,0,0.1
core_neuralprophet_frozen_s42,neuralprophet,frozen,selected,42,5,2025-02-10 01:00:00,2025-02-11 14:00:00,38,470.38,True,True,427.0926208496094,-1.731304787040007,425.36131606256936,0,0,0.1
core_neuralprophet_frozen_s42,neuralprophet,frozen,selected,42,5,2025-02-10 01:00:00,2025-02-11 15:00:00,39,215.79,True,True,207.82981872558597,-1.731304787040007,206.09851393854595,0,0,0.1
core_neuralprophet_frozen_s42,neuralprophet,frozen,selected,42,5,2025-02-10 01:00:00,2025-02-11 16:00:00,40,18.95,True,True,8.537440299987793,-1.731304787040007,6.806135512947786,0,0,0.1
core_neuralprophet_frozen_s42,neuralprophet,frozen,selected,42,5,2025-02-10 01:00:00,2025-02-11 17:00:00,41,11.92,True,True,-3.0508077144622803,-1.731304787040007,-4.782112501502287,0,0,0.1
core_neuralprophet_frozen_s42,neuralprophet,frozen,selected,42,5,2025-02-10 01:00:00,2025-02-11 18:00:00,42,14.17,True,True,1.0043548345565796,-1.731304787040007,-0.7269499524834273,0,0,0.1
core_neuralprophet_frozen_s42,neuralprophet,frozen,selected,42,5,2025-02-10 01:00:00,2025-02-11 19:00:00,43,15.89,True,True,9.488729476928713,-1.731304787040007,7.757424689888706,0,0,0.1
core_neuralprophet_frozen_s42,neuralprophet,frozen,selected,42,5,2025-02-10 01:00:00,2025-02-11 20:00:00,44,18.23,True,True,8.363519668579102,-1.731304787040007,6.632214881539094,0,0,0.1
core_neuralprophet_frozen_s42,neuralprophet,frozen,selected,42,5,2025-02-10 01:00:00,2025-02-11 21:00:00,45,20.58,True,True,24.289722442626957,-1.731304787040007,22.55841765558695,0,0,0.1
core_neuralprophet_frozen_s42,neuralprophet,frozen,selected,42,5,2025-02-10 01:00:00,2025-02-11 22:00:00,46,24.3,True,True,19.22616195678711,-1.731304787040007,17.494857169747103,0,0,0.1
core_neuralprophet_frozen_s42,neuralprophet,frozen,selected,42,5,2025-02-10 01:00:00,2025-02-11 23:00:00,47,39.89,True,True,51.68910217285156,-1.731304787040007,49.95779738581155,0,0,0.1
core_neuralprophet_frozen_s42,neuralprophet,frozen,selected,42,5,2025-02-10 01:00:00,2025-02-12 00:00:00,48,56.98,True,True,62.39905548095703,-1.731304787040007,60.66775069391702,0,0,0.1
core_neuralprophet_frozen_s42,neuralprophet,frozen,selected,42,5,2025-02-10 01:00:00,2025-02-12 01:00:00,49,62.72,True,True,67.71381378173828,-1.731304787040007,65.98250899469828,0,0,0.1
core_neuralprophet_frozen_s42,neuralprophet,frozen,selected,42,5,2025-02-10 01:00:00,2025-02-12 02:00:00,50,56.6,True,True,57.419700622558594,-1.731304787040007,55.688395835518584,0,0,0.1
core_neuralprophet_frozen_s42,neuralprophet,frozen,selected,42,5,2025-02-10 01:00:00,2025-02-12 03:00:00,51,45.53,True,True,44.709922790527344,-1.731304787040007,42.978618003487334,0,0,0.1
core_neuralprophet_frozen_s42,neuralprophet,frozen,selected,42,5,2025-02-10 01:00:00,2025-02-12 04:00:00,52,23.48,True,True,23.13652610778809,-1.731304787040007,21.405221320748083,0,0,0.1
core_neuralprophet_frozen_s42,neuralprophet,frozen,selected,42,5,2025-02-10 01:00:00,2025-02-12 05:00:00,53,16.52,True,True,17.927366256713867,-1.731304787040007,16.19606146967386,0,0,0.1
core_neuralprophet_frozen_s42,neuralprophet,frozen,selected,42,5,2025-02-10 01:00:00,2025-02-12 06:00:00,54,13.75,True,True,7.553838729858398,-1.731304787040007,5.822533942818391,0,0,0.1
core_neuralprophet_frozen_s42,neuralprophet,frozen,selected,42,5,2025-02-10 01:00:00,2025-02-12 07:00:00,55,14.99,True,True,15.385045051574709,-1.731304787040007,13.653740264534703,0,0,0.1
core_neuralprophet_frozen_s42,neuralprophet,frozen,selected,42,5,2025-02-10 01:00:00,2025-02-12 08:00:00,56,21.26,True,True,26.178380966186523,-1.731304787040007,24.447076179146517,0,0,0.1
core_neuralprophet_frozen_s42,neuralprophet,frozen,selected,42,5,2025-02-10 01:00:00,2025-02-12 09:00:00,57,28.82,True,True,26.56440544128418,-1.731304787040007,24.833100654244173,0,0,0.1
core_neuralprophet_frozen_s42,neuralprophet,frozen,selected,42,5,2025-02-10 01:00:00,2025-02-12 10:00:00,58,73.65,True,True,78.14690399169922,-1.731304787040007,76.41559920465922,0,0,0.1
core_neuralprophet_frozen_s42,neuralprophet,frozen,selected,42,5,2025-02-10 01:00:00,2025-02-12 11:00:00,59,181.58,True,True,201.1866455078125,-1.731304787040007,199.45534072077248,0,0,0.1
core_neuralprophet_frozen_s42,neuralprophet,frozen,selected,42,5,2025-02-10 01:00:00,2025-02-12 12:00:00,60,309.55,True,True,325.6886291503906,-1.731304787040007,323.9573243633506,0,0,0.1
core_neuralprophet_frozen_s42,neuralprophet,frozen,selected,42,5,2025-02-10 01:00:00,2025-02-12 13:00:00,61,419.08,True,True,430.0834655761719,-1.731304787040007,428.35216078913186,0,0,0.1
core_neuralprophet_frozen_s42,neuralprophet,frozen,selected,42,5,2025-02-10 01:00:00,2025-02-12 14:00:00,62,519.36,True,True,521.2937622070312,-1.731304787040007,519.5624574199912,0,0,0.1
core_neuralprophet_frozen_s42,neuralprophet,frozen,selected,42,5,2025-02-10 01:00:00,2025-02-12 15:00:00,63,561.9,True,True,569.9865112304688,-1.731304787040007,568.2552064434287,0,0,0.1
core_neuralprophet_frozen_s42,neuralprophet,frozen,selected,42,5,2025-02-10 01:00:00,2025-02-12 16:00:00,64,509.36,True,True,518.5179443359375,-1.731304787040007,516.7866395488975,0,0,0.1
core_neuralprophet_frozen_s42,neuralprophet,frozen,selected,42,5,2025-02-10 01:00:00,2025-02-12 17:00:00,65,433.93,True,True,457.1041870117188,-1.731304787040007,455.3728822246788,0,0,0.1
core_neuralprophet_frozen_s42,neuralprophet,frozen,selected,42,5,2025-02-10 01:00:00,2025-02-12 18:00:00,66,378.96,True,True,394.9022521972656,-1.731304787040007,393.1709474102256,0,0,0.1
core_neuralprophet_frozen_s42,neuralprophet,frozen,selected,42,5,2025-02-10 01:00:00,2025-02-12 19:00:00,67,319.21,True,True,336.74493408203125,-1.731304787040007,335.01362929499123,0,0,0.1
core_neuralprophet_frozen_s42,neuralprophet,frozen,selected,42,5,2025-02-10 01:00:00,2025-02-12 20:00:00,68,275.86,True,True,295.7562255859375,-1.731304787040007,294.0249207988975,0,0,0.1
core_neuralprophet_frozen_s42,neuralprophet,frozen,selected,42,5,2025-02-10 01:00:00,2025-02-12 21:00:00,69,268.02,True,True,284.764404296875,-1.731304787040007,283.033099509835,0,0,0.1
core_neuralprophet_frozen_s42,neuralprophet,frozen,selected,42,5,2025-02-10 01:00:00,2025-02-12 22:00:00,70,295.94,True,True,311.2223205566406,-1.731304787040007,309.4910157696006,0,0,0.1
core_neuralprophet_frozen_s42,neuralprophet,frozen,selected,42,5,2025-02-10 01:00:00,2025-02-12 23:00:00,71,394.95,True,True,412.2546997070313,-1.731304787040007,410.5233949199913,0,0,0.1
core_neuralprophet_frozen_s42,neuralprophet,frozen,selected,42,5,2025-02-10 01:00:00,2025-02-13 00:00:00,72,518.5,True,True,541.00048828125,-1.731304787040007,539.26918349421,0,0,0.1
core_neuralprophet_frozen_s42,neuralprophet,frozen,selected,42,5,2025-02-10 01:00:00,2025-02-13 01:00:00,73,627.41,True,True,651.78466796875,-1.731304787040007,650.05336318171,0,0,0.1
core_neuralprophet_frozen_s42,neuralprophet,frozen,selected,42,5,2025-02-10 01:00:00,2025-02-13 02:00:00,74,706.39,True,True,746.5715942382812,-1.731304787040007,744.8402894512412,0,0,0.1
core_neuralprophet_frozen_s42,neuralprophet,frozen,selected,42,5,2025-02-10 01:00:00,2025-02-13 03:00:00,75,733.54,True,True,774.3343505859375,-1.731304787040007,772.6030457988975,0,0,0.1
core_neuralprophet_frozen_s42,neuralprophet,frozen,selected,42,5,2025-02-10 01:00:00,2025-02-13 04:00:00,76,407.18,True,True,421.3743591308594,-1.731304787040007,419.64305434381936,0,0,0.1
core_neuralprophet_frozen_s42,neuralprophet,frozen,selected,42,5,2025-02-10 01:00:00,2025-02-13 05:00:00,77,303.7,True,True,314.65185546875,-1.731304787040007,312.92055068171,0,0,0.1
core_neuralprophet_frozen_s42,neuralprophet,frozen,selected,42,5,2025-02-10 01:00:00,2025-02-13 06:00:00,78,286.09,True,True,297.248291015625,-1.731304787040007,295.516986228585,0,0,0.1
core_neuralprophet_frozen_s42,neuralprophet,frozen,selected,42,5,2025-02-10 01:00:00,2025-02-13 07:00:00,79,255.89,True,True,284.5687561035156,-1.731304787040007,282.8374513164756,0,0,0.1
core_neuralprophet_frozen_s42,neuralprophet,frozen,selected,42,5,2025-02-10 01:00:00,2025-02-13 08:00:00,80,253.24,True,True,320.4898376464844,-1.731304787040007,318.75853285944436,0,0,0.1
core_neuralprophet_frozen_s42,neuralprophet,frozen,selected,42,5,2025-02-10 01:00:00,2025-02-13 09:00:00,81,283.34,True,True,411.8667907714844,-1.731304787040007,410.13548598444436,0,0,0.1
core_neuralprophet_frozen_s42,neuralprophet,frozen,selected,42,5,2025-02-10 01:00:00,2025-02-13 10:00:00,82,355.97,True,True,554.3956298828125,-1.731304787040007,552.6643250957725,0,0,0.1
core_neuralprophet_frozen_s42,neuralprophet,frozen,selected,42,5,2025-02-10 01:00:00,2025-02-13 11:00:00,83,488.46,True,True,722.1292724609375,-1.731304787040007,720.3979676738975,0,0,0.1
core_neuralprophet_frozen_s42,neuralprophet,frozen,selected,42,5,2025-02-10 01:00:00,2025-02-13 12:00:00,84,608.86,True,True,817.11474609375,-1.731304787040007,815.38344130671,0,0,0.1
core_neuralprophet_frozen_s42,neuralprophet,frozen,selected,42,5,2025-02-10 01:00:00,2025-02-13 13:00:00,85,695.92,True,True,858.2044677734375,-1.731304787040007,856.4731629863975,0,0,0.1
core_neuralprophet_frozen_s42,neuralprophet,frozen,selected,42,5,2025-02-10 01:00:00,2025-02-13 14:00:00,86,782.1,True,True,882.5656127929688,-1.731304787040007,880.8343080059287,0,0,0.1
core_neuralprophet_frozen_s42,neuralprophet,frozen,selected,42,5,2025-02-10 01:00:00,2025-02-13 15:00:00,87,805.31,True,True,885.7242431640625,-1.731304787040007,883.9929383770225,0,0,0.1
core_neuralprophet_frozen_s42,neuralprophet,frozen,selected,42,5,2025-02-10 01:00:00,2025-02-13 16:00:00,88,738.4,True,True,799.0831298828125,-1.731304787040007,797.3518250957725,0,0,0.1
core_neuralprophet_frozen_s42,neuralprophet,frozen,selected,42,5,2025-02-10 01:00:00,2025-02-13 17:00:00,89,655.55,True,True,704.0107421875,-1.731304787040007,702.27943740046,0,0,0.1
core_neuralprophet_frozen_s42,neuralprophet,frozen,selected,42,5,2025-02-10 01:00:00,2025-02-13 18:00:00,90,551.53,True,True,585.2493286132812,-1.731304787040007,583.5180238262412,0,0,0.1
core_neuralprophet_frozen_s42,neuralprophet,frozen,selected,42,5,2025-02-10 01:00:00,2025-02-13 19:00:00,91,411.47,True,True,441.2368469238281,-1.731304787040007,439.5055421367881,0,0,0.1
core_neuralprophet_frozen_s42,neuralprophet,frozen,selected,42,5,2025-02-10 01:00:00,2025-02-13 20:00:00,92,315.3,True,True,323.3572082519531,-1.731304787040007,321.6259034649131,0,0,0.1
core_neuralprophet_frozen_s42,neuralprophet,frozen,selected,42,5,2025-02-10 01:00:00,2025-02-13 21:00:00,93,270.14,True,True,279.30242919921875,-1.731304787040007,277.57112441217873,0,0,0.1
core_neuralprophet_frozen_s42,neuralprophet,frozen,selected,42,5,2025-02-10 01:00:00,2025-02-13 22:00:00,94,260.12,True,True,271.9426574707031,-1.731304787040007,270.2113526836631,0,0,0.1
core_neuralprophet_frozen_s42,neuralprophet,frozen,selected,42,5,2025-02-10 01:00:00,2025-02-13 23:00:00,95,331.13,True,True,341.2286376953125,-1.731304787040007,339.4973329082725,0,0,0.1
core_neuralprophet_frozen_s42,neuralprophet,frozen,selected,42,5,2025-02-10 01:00:00,2025-02-14 00:00:00,96,444.49,True,True,465.1606140136719,-1.731304787040007,463.42930922663186,0,0,0.1
core_neuralprophet_frozen_s42,neuralprophet,frozen,selected,42,5,2025-02-10 01:00:00,2025-02-14 01:00:00,97,549.87,True,True,584.6437377929688,-1.731304787040007,582.9124330059287,0,0,0.1
core_neuralprophet_frozen_s42,neuralprophet,frozen,selected,42,5,2025-02-10 01:00:00,2025-02-14 02:00:00,98,601.88,True,True,642.8148803710938,-1.731304787040007,641.0835755840537,0,0,0.1
core_neuralprophet_frozen_s42,neuralprophet,frozen,selected,42,5,2025-02-10 01:00:00,2025-02-14 03:00:00,99,572.3,True,True,617.347412109375,-1.731304787040007,615.616107322335,0,0,0.1
core_neuralprophet_frozen_s42,neuralprophet,frozen,selected,42,5,2025-02-10 01:00:00,2025-02-14 04:00:00,100,375.34,True,True,416.05950927734375,-1.731304787040007,414.32820449030373,0,0,0.1
core_neuralprophet_frozen_s42,neuralprophet,frozen,selected,42,5,2025-02-10 01:00:00,2025-02-14 05:00:00,101,349.22,True,True,372.7070007324219,-1.731304787040007,370.97569594538186,0,0,0.1
core_neuralprophet_frozen_s42,neuralprophet,frozen,selected,42,5,2025-02-10 01:00:00,2025-02-14 06:00:00,102,373.4,True,True,387.25885009765625,-1.731304787040007,385.52754531061623,0,0,0.1
core_neuralprophet_frozen_s42,neuralprophet,frozen,selected,42,5,2025-02-10 01:00:00,2025-02-14 07:00:00,103,363.75,True,True,369.23382568359375,-1.731304787040007,367.50252089655373,0,0,0.1
core_neuralprophet_frozen_s42,neuralprophet,frozen,selected,42,5,2025-02-10 01:00:00,2025-02-14 08:00:00,104,404.93,True,True,379.2602233886719,-1.731304787040007,377.52891860163186,0,0,0.1
core_neuralprophet_frozen_s42,neuralprophet,frozen,selected,42,5,2025-02-10 01:00:00,2025-02-14 09:00:00,105,419.72,True,True,407.53466796875,-1.731304787040007,405.80336318171,0,0,0.1
core_neuralprophet_frozen_s42,neuralprophet,frozen,selected,42,5,2025-02-10 01:00:00,2025-02-14 10:00:00,106,473.48,True,True,502.13818359375,-1.731304787040007,500.40687880671,0,0,0.1
core_neuralprophet_frozen_s42,neuralprophet,frozen,selected,42,5,2025-02-10 01:00:00,2025-02-14 11:00:00,107,611.54,True,True,677.4943237304688,-1.731304787040007,675.7630189434287,0,0,0.1
core_neuralprophet_frozen_s42,neuralprophet,frozen,selected,42,5,2025-02-10 01:00:00,2025-02-14 12:00:00,108,748.78,True,True,828.908935546875,-1.731304787040007,827.177630759835,0,0,0.1
core_neuralprophet_frozen_s42,neuralprophet,frozen,selected,42,5,2025-02-10 01:00:00,2025-02-14 13:00:00,109,854.48,True,True,942.7498779296876,-1.731304787040007,941.0185731426476,0,0,0.1
core_neuralprophet_frozen_s42,neuralprophet,frozen,selected,42,5,2025-02-10 01:00:00,2025-02-14 14:00:00,110,966.79,True,True,1022.2366943359376,-1.731304787040007,1020.5053895488976,0,0,0.1
core_neuralprophet_frozen_s42,neuralprophet,frozen,selected,42,5,2025-02-10 01:00:00,2025-02-14 15:00:00,111,1036.96,True,True,1073.2572021484375,-1.731304787040007,1071.5258973613975,0,0,0.1
core_neuralprophet_frozen_s42,neuralprophet,frozen,selected,42,5,2025-02-10 01:00:00,2025-02-14 16:00:00,112,1010.44,True,True,1027.97021484375,-1.731304787040007,1026.23891005671,0,0,0.1
core_neuralprophet_frozen_s42,neuralprophet,frozen,selected,42,5,2025-02-10 01:00:00,2025-02-14 17:00:00,113,939.11,True,True,960.2396240234376,-1.731304787040007,958.5083192363976,0,0,0.1
core_neuralprophet_frozen_s42,neuralprophet,frozen,selected,42,5,2025-02-10 01:00:00,2025-02-14 18:00:00,114,879.44,True,True,888.456298828125,-1.731304787040007,886.724994041085,0,0,0.1
core_neuralprophet_frozen_s42,neuralprophet,frozen,selected,42,5,2025-02-10 01:00:00,2025-02-14 19:00:00,115,785.27,True,True,798.5582885742188,-1.731304787040007,796.8269837871787,0,0,0.1
core_neuralprophet_frozen_s42,neuralprophet,frozen,selected,42,5,2025-02-10 01:00:00,2025-02-14 20:00:00,116,657.49,True,True,678.7637939453125,-1.731304787040007,677.0324891582725,0,0,0.1
core_neuralprophet_frozen_s42,neuralprophet,frozen,selected,42,5,2025-02-10 01:00:00,2025-02-14 21:00:00,117,547.33,True,True,547.930908203125,-1.731304787040007,546.199603416085,0,0,0.1
core_neuralprophet_frozen_s42,neuralprophet,frozen,selected,42,5,2025-02-10 01:00:00,2025-02-14 22:00:00,118,464.79,True,True,470.4198303222656,-1.731304787040007,468.6885255352256,0,0,0.1
core_neuralprophet_frozen_s42,neuralprophet,frozen,selected,42,5,2025-02-10 01:00:00,2025-02-14 23:00:00,119,366.24,True,True,374.334228515625,-1.731304787040007,372.602923728585,0,0,0.1
core_neuralprophet_frozen_s42,neuralprophet,frozen,selected,42,5,2025-02-10 01:00:00,2025-02-15 00:00:00,120,269.16,True,True,288.5960388183594,-1.731304787040007,286.86473403131936,0,0,0.1
core_neuralprophet_frozen_s42,neuralprophet,frozen,selected,42,5,2025-02-10 01:00:00,2025-02-15 01:00:00,121,185.33,True,True,199.94552612304688,-1.731304787040007,198.21422133600686,0,0,0.1
core_neuralprophet_frozen_s42,neuralprophet,frozen,selected,42,5,2025-02-10 01:00:00,2025-02-15 02:00:00,122,172.2,True,True,199.34454345703125,-1.731304787040007,197.61323866999123,0,0,0.1
core_neuralprophet_frozen_s42,neuralprophet,frozen,selected,42,5,2025-02-10 01:00:00,2025-02-15 03:00:00,123,148.07,True,True,170.9403839111328,-1.731304787040007,169.2090791240928,0,0,0.1
core_neuralprophet_frozen_s42,neuralprophet,frozen,selected,42,5,2025-02-10 01:00:00,2025-02-15 04:00:00,124,100.37,True,True,97.82283020019533,-1.731304787040007,96.09152541315532,0,0,0.1
core_neuralprophet_frozen_s42,neuralprophet,frozen,selected,42,5,2025-02-10 01:00:00,2025-02-15 05:00:00,125,78.32,True,True,71.50520324707031,-1.731304787040007,69.77389846003031,0,0,0.1
core_neuralprophet_frozen_s42,neuralprophet,frozen,selected,42,5,2025-02-10 01:00:00,2025-02-15 06:00:00,126,72.24,True,True,44.56107711791992,-1.731304787040007,42.82977233087991,0,0,0.1
core_neuralprophet_frozen_s42,neuralprophet,frozen,selected,42,5,2025-02-10 01:00:00,2025-02-15 07:00:00,127,75.83,True,True,52.69066619873047,-1.731304787040007,50.95936141169046,0,0,0.1
core_neuralprophet_frozen_s42,neuralprophet,frozen,selected,42,5,2025-02-10 01:00:00,2025-02-15 08:00:00,128,89.91,True,True,68.55963134765625,-1.731304787040007,66.82832656061625,0,0,0.1
core_neuralprophet_frozen_s42,neuralprophet,frozen,selected,42,5,2025-02-10 01:00:00,2025-02-15 09:00:00,129,104.0,True,True,78.15514373779297,-1.731304787040007,76.42383895075297,0,0,0.1
core_neuralprophet_frozen_s42,neuralprophet,frozen,selected,42,5,2025-02-10 01:00:00,2025-02-15 10:00:00,130,145.37,True,True,121.82301330566406,-1.731304787040007,120.09170851862406,0,0,0.1
core_neuralprophet_frozen_s42,neuralprophet,frozen,selected,42,5,2025-02-10 01:00:00,2025-02-15 11:00:00,131,226.72,True,True,214.3153381347656,-1.731304787040007,212.58403334772558,0,0,0.1
core_neuralprophet_frozen_s42,neuralprophet,frozen,selected,42,5,2025-02-10 01:00:00,2025-02-15 12:00:00,132,292.91,True,True,266.7542724609375,-1.731304787040007,265.0229676738975,0,0,0.1
core_neuralprophet_frozen_s42,neuralprophet,frozen,selected,42,5,2025-02-10 01:00:00,2025-02-15 13:00:00,133,293.88,True,True,264.7574768066406,-1.731304787040007,263.0261720196006,0,0,0.1
core_neuralprophet_frozen_s42,neuralprophet,frozen,selected,42,5,2025-02-10 01:00:00,2025-02-15 14:00:00,134,246.51,True,True,191.3306884765625,-1.731304787040007,189.59938368952248,0,0,0.1
core_neuralprophet_frozen_s42,neuralprophet,frozen,selected,42,5,2025-02-10 01:00:00,2025-02-15 15:00:00,135,190.21,True,True,113.14469909667967,-1.731304787040007,111.41339430963967,0,0,0.1
core_neuralprophet_frozen_s42,neuralprophet,frozen,selected,42,5,2025-02-10 01:00:00,2025-02-15 16:00:00,136,110.3,True,True,17.651235580444336,-1.731304787040007,15.91993079340433,0,0,0.1
core_neuralprophet_frozen_s42,neuralprophet,frozen,selected,42,5,2025-02-10 01:00:00,2025-02-15 17:00:00,137,72.65,True,True,15.131321907043455,-1.731304787040007,13.400017120003449,0,0,0.1
core_neuralprophet_frozen_s42,neuralprophet,frozen,selected,42,5,2025-02-10 01:00:00,2025-02-15 18:00:00,138,44.78,True,True,20.94760513305664,-1.731304787040007,19.216300346016634,0,0,0.1
core_neuralprophet_frozen_s42,neuralprophet,frozen,selected,42,5,2025-02-10 01:00:00,2025-02-15 19:00:00,139,26.85,True,True,24.55618476867676,-1.731304787040007,22.824879981636755,0,0,0.1
core_neuralprophet_frozen_s42,neuralprophet,frozen,selected,42,5,2025-02-10 01:00:00,2025-02-15 20:00:00,140,17.27,True,True,23.973617553710938,-1.731304787040007,22.24231276667093,0,0,0.1
core_neuralprophet_frozen_s42,neuralprophet,frozen,selected,42,5,2025-02-10 01:00:00,2025-02-15 21:00:00,141,11.84,True,True,40.34025955200195,-1.731304787040007,38.60895476496194,0,0,0.1
core_neuralprophet_frozen_s42,neuralprophet,frozen,selected,42,5,2025-02-10 01:00:00,2025-02-15 22:00:00,142,10.68,True,True,43.6789665222168,-1.731304787040007,41.94766173517679,0,0,0.1
core_neuralprophet_frozen_s42,neuralprophet,frozen,selected,42,5,2025-02-10 01:00:00,2025-02-15 23:00:00,143,17.11,True,True,48.335086822509766,-1.731304787040007,46.603782035469756,0,0,0.1
core_neuralprophet_frozen_s42,neuralprophet,frozen,selected,42,5,2025-02-10 01:00:00,2025-02-16 00:00:00,144,22.66,True,True,59.96734237670898,-1.731304787040007,58.23603758966897,0,0,0.1
core_neuralprophet_frozen_s42,neuralprophet,frozen,selected,42,5,2025-02-10 01:00:00,2025-02-16 01:00:00,145,22.56,True,True,41.8353271484375,-1.731304787040007,40.10402236139749,0,0,0.1
core_neuralprophet_frozen_s42,neuralprophet,frozen,selected,42,5,2025-02-10 01:00:00,2025-02-16 02:00:00,146,18.86,True,True,45.59965896606445,-1.731304787040007,43.86835417902444,0,0,0.1
core_neuralprophet_frozen_s42,neuralprophet,frozen,selected,42,5,2025-02-10 01:00:00,2025-02-16 03:00:00,147,13.37,True,True,37.11582946777344,-1.731304787040007,35.38452468073343,0,0,0.1
core_neuralprophet_frozen_s42,neuralprophet,frozen,selected,42,5,2025-02-10 01:00:00,2025-02-16 04:00:00,148,7.9,True,True,29.156578063964844,-1.731304787040007,27.425273276924838,0,0,0.1
core_neuralprophet_frozen_s42,neuralprophet,frozen,selected,42,5,2025-02-10 01:00:00,2025-02-16 05:00:00,149,7.2,True,True,27.681381225585938,-1.731304787040007,25.95007643854593,0,0,0.1
core_neuralprophet_frozen_s42,neuralprophet,frozen,selected,42,5,2025-02-10 01:00:00,2025-02-16 06:00:00,150,7.44,True,True,23.32942771911621,-1.731304787040007,21.598122932076205,0,0,0.1
core_neuralprophet_frozen_s42,neuralprophet,frozen,selected,42,5,2025-02-10 01:00:00,2025-02-16 07:00:00,151,8.5,True,True,27.462270736694336,-1.731304787040007,25.73096594965433,0,0,0.1
core_neuralprophet_frozen_s42,neuralprophet,frozen,selected,42,5,2025-02-10 01:00:00,2025-02-16 08:00:00,152,11.07,True,True,15.067625045776367,-1.731304787040007,13.336320258736361,0,0,0.1
core_neuralprophet_frozen_s42,neuralprophet,frozen,selected,42,5,2025-02-10 01:00:00,2025-02-16 09:00:00,153,12.97,True,True,9.48560619354248,-1.731304787040007,7.754301406502473,0,0,0.1
core_neuralprophet_frozen_s42,neuralprophet,frozen,selected,42,5,2025-02-10 01:00:00,2025-02-16 10:00:00,154,13.88,True,True,9.680459976196287,-1.731304787040007,7.94915518915628,0,0,0.1
core_neuralprophet_frozen_s42,neuralprophet,frozen,selected,42,5,2025-02-10 01:00:00,2025-02-16 11:00:00,155,17.04,True,True,8.31048583984375,-1.731304787040007,6.579181052803743,0,0,0.1
core_neuralprophet_frozen_s42,neuralprophet,frozen,selected,42,5,2025-02-10 01:00:00,2025-02-16 12:00:00,156,20.54,True,True,9.260527610778809,-1.731304787040007,7.5292228237388015,0,0,0.1
core_neuralprophet_frozen_s42,neuralprophet,frozen,selected,42,5,2025-02-10 01:00:00,2025-02-16 13:00:00,157,23.46,True,True,21.50261688232422,-1.731304787040007,19.771312095284213,0,0,0.1
core_neuralprophet_frozen_s42,neuralprophet,frozen,selected,42,5,2025-02-10 01:00:00,2025-02-16 14:00:00,158,26.54,True,True,21.4213924407959,-1.731304787040007,19.690087653755892,0,0,0.1
core_neuralprophet_frozen_s42,neuralprophet,frozen,selected,42,5,2025-02-10 01:00:00,2025-02-16 15:00:00,159,24.64,True,True,16.062192916870117,-1.731304787040007,14.330888129830111,0,0,0.1
core_neuralprophet_frozen_s42,neuralprophet,frozen,selected,42,5,2025-02-10 01:00:00,2025-02-16 16:00:00,160,18.44,True,True,14.027338027954102,-1.731304787040007,12.296033240914095,0,0,0.1
core_neuralprophet_frozen_s42,neuralprophet,frozen,selected,42,5,2025-02-10 01:00:00,2025-02-16 17:00:00,161,17.24,True,True,13.157463073730469,-1.731304787040007,11.426158286690463,0,0,0.1
core_neuralprophet_frozen_s42,neuralprophet,frozen,selected,42,5,2025-02-10 01:00:00,2025-02-16 18:00:00,162,16.83,True,True,15.565751075744627,-1.731304787040007,13.834446288704621,0,0,0.1
core_neuralprophet_frozen_s42,neuralprophet,frozen,selected,42,5,2025-02-10 01:00:00,2025-02-16 19:00:00,163,16.43,True,True,17.76392936706543,-1.731304787040007,16.032624580025423,0,0,0.1
core_neuralprophet_frozen_s42,neuralprophet,frozen,selected,42,5,2025-02-10 01:00:00,2025-02-16 20:00:00,164,15.59,True,True,20.58598518371582,-1.731304787040007,18.854680396675814,0,0,0.1
core_neuralprophet_frozen_s42,neuralprophet,frozen,selected,42,5,2025-02-10 01:00:00,2025-02-16 21:00:00,165,15.09,True,True,24.850082397460938,-1.731304787040007,23.11877761042093,0,0,0.1
core_neuralprophet_frozen_s42,neuralprophet,frozen,selected,42,5,2025-02-10 01:00:00,2025-02-16 22:00:00,166,16.25,True,True,14.53184413909912,-1.731304787040007,12.800539352059113,0,0,0.1
core_neuralprophet_frozen_s42,neuralprophet,frozen,selected,42,5,2025-02-10 01:00:00,2025-02-16 23:00:00,167,27.63,True,True,39.29604721069336,-1.731304787040007,37.56474242365335,0,0,0.1
core_neuralprophet_frozen_s42,neuralprophet,frozen,selected,42,5,2025-02-10 01:00:00,2025-02-17 00:00:00,168,42.42,True,True,57.586524963378906,-1.731304787040007,55.8552201763389,0,0,0.1
core_neuralprophet_frozen_s42,neuralprophet,frozen,selected,42,6,2025-02-17 01:00:00,2025-02-17 01:00:00,1,51.7,True,True,48.21208572387695,-2.157186913563182,46.05489881031377,0,0,0.1
core_neuralprophet_frozen_s42,neuralprophet,frozen,selected,42,6,2025-02-17 01:00:00,2025-02-17 02:00:00,2,47.88,True,True,45.33085250854492,-2.157186913563182,43.17366559498174,0,0,0.1
core_neuralprophet_frozen_s42,neuralprophet,frozen,selected,42,6,2025-02-17 01:00:00,2025-02-17 03:00:00,3,36.85,True,True,40.67921447753906,-2.157186913563182,38.52202756397588,0,0,0.1
core_neuralprophet_frozen_s42,neuralprophet,frozen,selected,42,6,2025-02-17 01:00:00,2025-02-17 04:00:00,4,20.69,True,True,24.23611259460449,-2.157186913563182,22.078925681041305,0,0,0.1
core_neuralprophet_frozen_s42,neuralprophet,frozen,selected,42,6,2025-02-17 01:00:00,2025-02-17 05:00:00,5,18.02,True,True,39.24814987182617,-2.157186913563182,37.09096295826299,0,0,0.1
core_neuralprophet_frozen_s42,neuralprophet,frozen,selected,42,6,2025-02-17 01:00:00,2025-02-17 06:00:00,6,18.83,True,True,41.70468521118164,-2.157186913563182,39.54749829761846,0,0,0.1
core_neuralprophet_frozen_s42,neuralprophet,frozen,selected,42,6,2025-02-17 01:00:00,2025-02-17 07:00:00,7,30.23,True,True,47.42515182495117,-2.157186913563182,45.26796491138799,0,0,0.1
core_neuralprophet_frozen_s42,neuralprophet,frozen,selected,42,6,2025-02-17 01:00:00,2025-02-17 08:00:00,8,57.88,True,True,96.38821411132812,-2.157186913563182,94.23102719776494,0,0,0.1
core_neuralprophet_frozen_s42,neuralprophet,frozen,selected,42,6,2025-02-17 01:00:00,2025-02-17 09:00:00,9,87.72,True,True,99.09561920166016,-2.157186913563182,96.93843228809698,0,0,0.1
core_neuralprophet_frozen_s42,neuralprophet,frozen,selected,42,6,2025-02-17 01:00:00,2025-02-17 10:00:00,10,127.67,True,True,137.9834442138672,-2.157186913563182,135.826257300304,0,0,0.1
core_neuralprophet_frozen_s42,neuralprophet,frozen,selected,42,6,2025-02-17 01:00:00,2025-02-17 11:00:00,11,200.43,True,True,209.5052795410156,-2.157186913563182,207.34809262745242,0,0,0.1
core_neuralprophet_frozen_s42,neuralprophet,frozen,selected,42,6,2025-02-17 01:00:00,2025-02-17 12:00:00,12,285.42,True,True,307.6175842285156,-2.157186913563182,305.46039731495244,0,0,0.1
core_neuralprophet_frozen_s42,neuralprophet,frozen,selected,42,6,2025-02-17 01:00:00,2025-02-17 13:00:00,13,369.4,True,True,446.211669921875,-2.157186913563182,444.0544830083118,0,0,0.1
core_neuralprophet_frozen_s42,neuralprophet,frozen,selected,42,6,2025-02-17 01:00:00,2025-02-17 14:00:00,14,453.88,True,True,541.315673828125,-2.157186913563182,539.1584869145618,0,0,0.1
core_neuralprophet_frozen_s42,neuralprophet,frozen,selected,42,6,2025-02-17 01:00:00,2025-02-17 15:00:00,15,504.29,True,True,598.1896362304688,-2.157186913563182,596.0324493169055,0,0,0.1
core_neuralprophet_frozen_s42,neuralprophet,frozen,selected,42,6,2025-02-17 01:00:00,2025-02-17 16:00:00,16,491.51,True,True,583.5328369140625,-2.157186913563182,581.3756500004993,0,0,0.1
core_neuralprophet_frozen_s42,neuralprophet,frozen,selected,42,6,2025-02-17 01:00:00,2025-02-17 17:00:00,17,471.71,True,True,560.7332763671875,-2.157186913563182,558.5760894536243,0,0,0.1
core_neuralprophet_frozen_s42,neuralprophet,frozen,selected,42,6,2025-02-17 01:00:00,2025-02-17 18:00:00,18,469.79,True,True,542.7655639648438,-2.157186913563182,540.6083770512805,0,0,0.1
core_neuralprophet_frozen_s42,neuralprophet,frozen,selected,42,6,2025-02-17 01:00:00,2025-02-17 19:00:00,19,490.14,True,True,564.0946655273438,-2.157186913563182,561.9374786137805,0,0,0.1
core_neuralprophet_frozen_s42,neuralprophet,frozen,selected,42,6,2025-02-17 01:00:00,2025-02-17 20:00:00,20,516.16,True,True,573.6122436523438,-2.157186913563182,571.4550567387805,0,0,0.1
core_neuralprophet_frozen_s42,neuralprophet,frozen,selected,42,6,2025-02-17 01:00:00,2025-02-17 21:00:00,21,530.29,True,True,601.3693237304688,-2.157186913563182,599.2121368169055,0,0,0.1
core_neuralprophet_frozen_s42,neuralprophet,frozen,selected,42,6,2025-02-17 01:00:00,2025-02-17 22:00:00,22,516.85,True,True,565.6527099609375,-2.157186913563182,563.4955230473743,0,0,0.1
core_neuralprophet_frozen_s42,neuralprophet,frozen,selected,42,6,2025-02-17 01:00:00,2025-02-17 23:00:00,23,534.32,True,True,566.2996826171875,-2.157186913563182,564.1424957036243,0,0,0.1
core_neuralprophet_frozen_s42,neuralprophet,frozen,selected,42,6,2025-02-17 01:00:00,2025-02-18 00:00:00,24,524.69,True,True,544.5781860351562,-2.157186913563182,542.420999121593,0,0,0.1
core_neuralprophet_frozen_s42,neuralprophet,frozen,selected,42,6,2025-02-17 01:00:00,2025-02-18 01:00:00,25,441.23,True,True,452.2079772949219,-2.157186913563182,450.0507903813587,0,0,0.1
core_neuralprophet_frozen_s42,neuralprophet,frozen,selected,42,6,2025-02-17 01:00:00,2025-02-18 02:00:00,26,370.35,True,True,388.7960510253906,-2.157186913563182,386.63886411182744,0,0,0.1
core_neuralprophet_frozen_s42,neuralprophet,frozen,selected,42,6,2025-02-17 01:00:00,2025-02-18 03:00:00,27,275.84,True,True,302.3470153808594,-2.157186913563182,300.1898284672962,0,0,0.1
core_neuralprophet_frozen_s42,neuralprophet,frozen,selected,42,6,2025-02-17 01:00:00,2025-02-18 04:00:00,28,49.01,True,True,66.77169036865234,-2.157186913563182,64.61450345508916,0,0,0.1
core_neuralprophet_frozen_s42,neuralprophet,frozen,selected,42,6,2025-02-17 01:00:00,2025-02-18 05:00:00,29,29.51,True,True,35.975276947021484,-2.157186913563182,33.818090033458304,0,0,0.1
core_neuralprophet_frozen_s42,neuralprophet,frozen,selected,42,6,2025-02-17 01:00:00,2025-02-18 06:00:00,30,29.15,True,True,45.11651992797852,-2.157186913563182,42.95933301441534,0,0,0.1
core_neuralprophet_frozen_s42,neuralprophet,frozen,selected,42,6,2025-02-17 01:00:00,2025-02-18 07:00:00,31,67.07,True,True,80.63594818115234,-2.157186913563182,78.47876126758916,0,0,0.1
core_neuralprophet_frozen_s42,neuralprophet,frozen,selected,42,6,2025-02-17 01:00:00,2025-02-18 08:00:00,32,133.78,True,True,167.3106231689453,-2.157186913563182,165.15343625538213,0,0,0.1
core_neuralprophet_frozen_s42,neuralprophet,frozen,selected,42,6,2025-02-17 01:00:00,2025-02-18 09:00:00,33,199.94,True,True,221.40167236328125,-2.157186913563182,219.24448544971807,0,0,0.1
core_neuralprophet_frozen_s42,neuralprophet,frozen,selected,42,6,2025-02-17 01:00:00,2025-02-18 10:00:00,34,239.74,True,True,254.4167022705078,-2.157186913563182,252.25951535694463,0,0,0.1
core_neuralprophet_frozen_s42,neuralprophet,frozen,selected,42,6,2025-02-17 01:00:00,2025-02-18 11:00:00,35,254.81,True,True,259.9035949707031,-2.157186913563182,257.74640805713994,0,0,0.1
core_neuralprophet_frozen_s42,neuralprophet,frozen,selected,42,6,2025-02-17 01:00:00,2025-02-18 12:00:00,36,216.09,True,True,209.158447265625,-2.157186913563182,207.00126035206182,0,0,0.1
core_neuralprophet_frozen_s42,neuralprophet,frozen,selected,42,6,2025-02-17 01:00:00,2025-02-18 13:00:00,37,89.54,True,True,69.90959930419922,-2.157186913563182,67.75241239063604,0,0,0.1
core_neuralprophet_frozen_s42,neuralprophet,frozen,selected,42,6,2025-02-17 01:00:00,2025-02-18 14:00:00,38,57.9,True,True,35.9495849609375,-2.157186913563182,33.79239804737432,0,0,0.1
core_neuralprophet_frozen_s42,neuralprophet,frozen,selected,42,6,2025-02-17 01:00:00,2025-02-18 15:00:00,39,46.09,True,True,39.262306213378906,-2.157186913563182,37.105119299815726,0,0,0.1
core_neuralprophet_frozen_s42,neuralprophet,frozen,selected,42,6,2025-02-17 01:00:00,2025-02-18 16:00:00,40,36.78,True,True,33.05467224121094,-2.157186913563182,30.897485327647757,0,0,0.1
core_neuralprophet_frozen_s42,neuralprophet,frozen,selected,42,6,2025-02-17 01:00:00,2025-02-18 17:00:00,41,39.7,True,True,49.50478363037109,-2.157186913563182,47.34759671680791,0,0,0.1
core_neuralprophet_frozen_s42,neuralprophet,frozen,selected,42,6,2025-02-17 01:00:00,2025-02-18 18:00:00,42,45.94,True,True,38.23463821411133,-2.157186913563182,36.07745130054815,0,0,0.1
core_neuralprophet_frozen_s42,neuralprophet,frozen,selected,42,6,2025-02-17 01:00:00,2025-02-18 19:00:00,43,59.76,True,True,66.94537353515625,-2.157186913563182,64.78818662159307,0,0,0.1
core_neuralprophet_frozen_s42,neuralprophet,frozen,selected,42,6,2025-02-17 01:00:00,2025-02-18 20:00:00,44,85.69,True,True,108.31696319580078,-2.157186913563182,106.1597762822376,0,0,0.1
core_neuralprophet_frozen_s42,neuralprophet,frozen,selected,42,6,2025-02-17 01:00:00,2025-02-18 21:00:00,45,120.64,True,True,134.81739807128906,-2.157186913563182,132.66021115772588,0,0,0.1
core_neuralprophet_frozen_s42,neuralprophet,frozen,selected,42,6,2025-02-17 01:00:00,2025-02-18 22:00:00,46,166.49,True,True,175.56973266601562,-2.157186913563182,173.41254575245244,0,0,0.1
core_neuralprophet_frozen_s42,neuralprophet,frozen,selected,42,6,2025-02-17 01:00:00,2025-02-18 23:00:00,47,271.65,True,True,274.624755859375,-2.157186913563182,272.4675689458118,0,0,0.1
core_neuralprophet_frozen_s42,neuralprophet,frozen,selected,42,6,2025-02-17 01:00:00,2025-02-19 00:00:00,48,403.91,True,True,416.204833984375,-2.157186913563182,414.0476470708118,0,0,0.1
core_neuralprophet_frozen_s42,neuralprophet,frozen,selected,42,6,2025-02-17 01:00:00,2025-02-19 01:00:00,49,489.43,True,True,505.7056579589844,-2.157186913563182,503.5484710454212,0,0,0.1
core_neuralprophet_frozen_s42,neuralprophet,frozen,selected,42,6,2025-02-17 01:00:00,2025-02-19 02:00:00,50,466.75,True,True,482.7966613769531,-2.157186913563182,480.63947446338994,0,0,0.1
core_neuralprophet_frozen_s42,neuralprophet,frozen,selected,42,6,2025-02-17 01:00:00,2025-02-19 03:00:00,51,343.4,True,True,361.9359130859375,-2.157186913563182,359.7787261723743,0,0,0.1
core_neuralprophet_frozen_s42,neuralprophet,frozen,selected,42,6,2025-02-17 01:00:00,2025-02-19 04:00:00,52,51.63,True,True,65.82395935058594,-2.157186913563182,63.66677243702276,0,0,0.1
core_neuralprophet_frozen_s42,neuralprophet,frozen,selected,42,6,2025-02-17 01:00:00,2025-02-19 05:00:00,53,29.72,True,True,47.14297103881836,-2.157186913563182,44.98578412525518,0,0,0.1
core_neuralprophet_frozen_s42,neuralprophet,frozen,selected,42,6,2025-02-17 01:00:00,2025-02-19 06:00:00,54,28.54,True,True,53.83088684082031,-2.157186913563182,51.67369992725713,0,0,0.1
core_neuralprophet_frozen_s42,neuralprophet,frozen,selected,42,6,2025-02-17 01:00:00,2025-02-19 07:00:00,55,40.53,True,True,60.86332321166992,-2.157186913563182,58.70613629810674,0,0,0.1
core_neuralprophet_frozen_s42,neuralprophet,frozen,selected,42,6,2025-02-17 01:00:00,2025-02-19 08:00:00,56,72.4,True,True,102.84829711914062,-2.157186913563182,100.69111020557744,0,0,0.1
core_neuralprophet_frozen_s42,neuralprophet,frozen,selected,42,6,2025-02-17 01:00:00,2025-02-19 09:00:00,57,114.39,True,True,134.54058837890625,-2.157186913563182,132.38340146534307,0,0,0.1
core_neuralprophet_frozen_s42,neuralprophet,frozen,selected,42,6,2025-02-17 01:00:00,2025-02-19 10:00:00,58,202.46,True,True,217.64683532714844,-2.157186913563182,215.48964841358526,0,0,0.1
core_neuralprophet_frozen_s42,neuralprophet,frozen,selected,42,6,2025-02-17 01:00:00,2025-02-19 11:00:00,59,361.35,True,True,379.0732727050781,-2.157186913563182,376.91608579151494,0,0,0.1
core_neuralprophet_frozen_s42,neuralprophet,frozen,selected,42,6,2025-02-17 01:00:00,2025-02-19 12:00:00,60,536.87,True,True,565.6040649414062,-2.157186913563182,563.446878027843,0,0,0.1
core_neuralprophet_frozen_s42,neuralprophet,frozen,selected,42,6,2025-02-17 01:00:00,2025-02-19 13:00:00,61,630.96,True,True,661.0570678710938,-2.157186913563182,658.8998809575305,0,0,0.1
core_neuralprophet_frozen_s42,neuralprophet,frozen,selected,42,6,2025-02-17 01:00:00,2025-02-19 14:00:00,62,589.88,True,True,628.1961669921875,-2.157186913563182,626.0389800786243,0,0,0.1
core_neuralprophet_frozen_s42,neuralprophet,frozen,selected,42,6,2025-02-17 01:00:00,2025-02-19 15:00:00,63,403.76,True,True,455.9945373535156,-2.157186913563182,453.83735043995244,0,0,0.1
core_neuralprophet_frozen_s42,neuralprophet,frozen,selected,42,6,2025-02-17 01:00:00,2025-02-19 16:00:00,64,129.17,True,True,154.00491333007812,-2.157186913563182,151.84772641651494,0,0,0.1
core_neuralprophet_frozen_s42,neuralprophet,frozen,selected,42,6,2025-02-17 01:00:00,2025-02-19 17:00:00,65,51.04,True,True,75.53836059570312,-2.157186913563182,73.38117368213994,0,0,0.1
core_neuralprophet_frozen_s42,neuralprophet,frozen,selected,42,6,2025-02-17 01:00:00,2025-02-19 18:00:00,66,29.41,True,True,54.13801193237305,-2.157186913563182,51.98082501880987,0,0,0.1
core_neuralprophet_frozen_s42,neuralprophet,frozen,selected,42,6,2025-02-17 01:00:00,2025-02-19 19:00:00,67,27.89,True,True,59.24020004272461,-2.157186913563182,57.08301312916143,0,0,0.1
core_neuralprophet_frozen_s42,neuralprophet,frozen,selected,42,6,2025-02-17 01:00:00,2025-02-19 20:00:00,68,37.61,True,True,61.0872917175293,-2.157186913563182,58.93010480396612,0,0,0.1
core_neuralprophet_frozen_s42,neuralprophet,frozen,selected,42,6,2025-02-17 01:00:00,2025-02-19 21:00:00,69,50.21,True,True,93.890625,-2.157186913563182,91.73343808643682,0,0,0.1
core_neuralprophet_frozen_s42,neuralprophet,frozen,selected,42,6,2025-02-17 01:00:00,2025-02-19 22:00:00,70,72.89,True,True,107.67381286621094,-2.157186913563182,105.51662595264776,0,0,0.1
core_neuralprophet_frozen_s42,neuralprophet,frozen,selected,42,6,2025-02-17 01:00:00,2025-02-19 23:00:00,71,162.34,True,True,206.38067626953125,-2.157186913563182,204.22348935596807,0,0,0.1
core_neuralprophet_frozen_s42,neuralprophet,frozen,selected,42,6,2025-02-17 01:00:00,2025-02-20 00:00:00,72,301.1,True,True,348.5931091308594,-2.157186913563182,346.4359222172962,0,0,0.1
core_neuralprophet_frozen_s42,neuralprophet,frozen,selected,42,6,2025-02-17 01:00:00,2025-02-20 01:00:00,73,420.92,True,True,471.5251159667969,-2.157186913563182,469.3679290532337,0,0,0.1
core_neuralprophet_frozen_s42,neuralprophet,frozen,selected,42,6,2025-02-17 01:00:00,2025-02-20 02:00:00,74,454.29,True,True,514.1287841796875,-2.157186913563182,511.9715972661243,0,0,0.1
core_neuralprophet_frozen_s42,neuralprophet,frozen,selected,42,6,2025-02-17 01:00:00,2025-02-20 03:00:00,75,397.09,True,True,450.9367370605469,-2.157186913563182,448.7795501469837,0,0,0.1
core_neuralprophet_frozen_s42,neuralprophet,frozen,selected,42,6,2025-02-17 01:00:00,2025-02-20 04:00:00,76,77.09,True,True,108.69483184814452,-2.157186913563182,106.53764493458134,0,0,0.1
core_neuralprophet_frozen_s42,neuralprophet,frozen,selected,42,6,2025-02-17 01:00:00,2025-02-20 05:00:00,77,52.74,True,True,88.91106414794922,-2.157186913563182,86.75387723438604,0,0,0.1
core_neuralprophet_frozen_s42,neuralprophet,frozen,selected,42,6,2025-02-17 01:00:00,2025-02-20 06:00:00,78,47.26,True,True,77.6600112915039,-2.157186913563182,75.50282437794073,0,0,0.1
core_neuralprophet_frozen_s42,neuralprophet,frozen,selected,42,6,2025-02-17 01:00:00,2025-02-20 07:00:00,79,46.95,True,True,76.85089111328125,-2.157186913563182,74.69370419971807,0,0,0.1
core_neuralprophet_frozen_s42,neuralprophet,frozen,selected,42,6,2025-02-17 01:00:00,2025-02-20 08:00:00,80,57.55,True,True,80.52458190917969,-2.157186913563182,78.36739499561651,0,0,0.1
core_neuralprophet_frozen_s42,neuralprophet,frozen,selected,42,6,2025-02-17 01:00:00,2025-02-20 09:00:00,81,70.57,True,True,77.03694152832031,-2.157186913563182,74.87975461475713,0,0,0.1
core_neuralprophet_frozen_s42,neuralprophet,frozen,selected,42,6,2025-02-17 01:00:00,2025-02-20 10:00:00,82,77.47,True,True,65.0084228515625,-2.157186913563182,62.85123593799932,0,0,0.1
core_neuralprophet_frozen_s42,neuralprophet,frozen,selected,42,6,2025-02-17 01:00:00,2025-02-20 11:00:00,83,73.05,True,True,52.96104049682617,-2.157186913563182,50.80385358326299,0,0,0.1
core_neuralprophet_frozen_s42,neuralprophet,frozen,selected,42,6,2025-02-17 01:00:00,2025-02-20 12:00:00,84,62.85,True,True,32.8939323425293,-2.157186913563182,30.736745428966117,0,0,0.1
core_neuralprophet_frozen_s42,neuralprophet,frozen,selected,42,6,2025-02-17 01:00:00,2025-02-20 13:00:00,85,93.41,True,True,85.44397735595703,-2.157186913563182,83.28679044239385,0,0,0.1
core_neuralprophet_frozen_s42,neuralprophet,frozen,selected,42,6,2025-02-17 01:00:00,2025-02-20 14:00:00,86,171.86,True,True,179.08969116210938,-2.157186913563182,176.9325042485462,0,0,0.1
core_neuralprophet_frozen_s42,neuralprophet,frozen,selected,42,6,2025-02-17 01:00:00,2025-02-20 15:00:00,87,209.59,True,True,226.5125732421875,-2.157186913563182,224.35538632862432,0,0,0.1
core_neuralprophet_frozen_s42,neuralprophet,frozen,selected,42,6,2025-02-17 01:00:00,2025-02-20 16:00:00,88,183.62,True,True,207.4656982421875,-2.157186913563182,205.30851132862432,0,0,0.1
core_neuralprophet_frozen_s42,neuralprophet,frozen,selected,42,6,2025-02-17 01:00:00,2025-02-20 17:00:00,89,120.59,True,True,148.45628356933594,-2.157186913563182,146.29909665577276,0,0,0.1
core_neuralprophet_frozen_s42,neuralprophet,frozen,selected,42,6,2025-02-17 01:00:00,2025-02-20 18:00:00,90,62.79,True,True,83.37147521972656,-2.157186913563182,81.21428830616338,0,0,0.1
core_neuralprophet_frozen_s42,neuralprophet,frozen,selected,42,6,2025-02-17 01:00:00,2025-02-20 19:00:00,91,28.63,True,True,40.13618850708008,-2.157186913563182,37.9790015935169,0,0,0.1
core_neuralprophet_frozen_s42,neuralprophet,frozen,selected,42,6,2025-02-17 01:00:00,2025-02-20 20:00:00,92,27.27,True,True,60.51251220703125,-2.157186913563182,58.35532529346807,0,0,0.1
core_neuralprophet_frozen_s42,neuralprophet,frozen,selected,42,6,2025-02-17 01:00:00,2025-02-20 21:00:00,93,29.6,True,True,59.1280517578125,-2.157186913563182,56.97086484424932,0,0,0.1
core_neuralprophet_frozen_s42,neuralprophet,frozen,selected,42,6,2025-02-17 01:00:00,2025-02-20 22:00:00,94,36.29,True,True,77.46076202392578,-2.157186913563182,75.3035751103626,0,0,0.1
core_neuralprophet_frozen_s42,neuralprophet,frozen,selected,42,6,2025-02-17 01:00:00,2025-02-20 23:00:00,95,73.17,True,True,101.99256134033205,-2.157186913563182,99.83537442676887,0,0,0.1
core_neuralprophet_frozen_s42,neuralprophet,frozen,selected,42,6,2025-02-17 01:00:00,2025-02-21 00:00:00,96,133.95,True,True,160.77761840820312,-2.157186913563182,158.62043149463994,0,0,0.1
core_neuralprophet_frozen_s42,neuralprophet,frozen,selected,42,6,2025-02-17 01:00:00,2025-02-21 01:00:00,97,175.82,True,True,197.34759521484372,-2.157186913563182,195.19040830128054,0,0,0.1
core_neuralprophet_frozen_s42,neuralprophet,frozen,selected,42,6,2025-02-17 01:00:00,2025-02-21 02:00:00,98,156.43,True,True,184.16555786132807,-2.157186913563182,182.0083709477649,0,0,0.1
core_neuralprophet_frozen_s42,neuralprophet,frozen,selected,42,6,2025-02-17 01:00:00,2025-02-21 03:00:00,99,104.34,True,True,120.76235961914062,-2.157186913563182,118.60517270557744,0,0,0.1
core_neuralprophet_frozen_s42,neuralprophet,frozen,selected,42,6,2025-02-17 01:00:00,2025-02-21 04:00:00,100,31.13,True,True,47.819801330566406,-2.157186913563182,45.662614417003226,0,0,0.1
core_neuralprophet_frozen_s42,neuralprophet,frozen,selected,42,6,2025-02-17 01:00:00,2025-02-21 05:00:00,101,23.81,True,True,52.891414642333984,-2.157186913563182,50.734227728770804,0,0,0.1
core_neuralprophet_frozen_s42,neuralprophet,frozen,selected,42,6,2025-02-17 01:00:00,2025-02-21 06:00:00,102,23.91,True,True,53.03940200805664,-2.157186913563182,50.88221509449346,0,0,0.1
core_neuralprophet_frozen_s42,neuralprophet,frozen,selected,42,6,2025-02-17 01:00:00,2025-02-21 07:00:00,103,33.32,True,True,78.94292449951172,-2.157186913563182,76.78573758594854,0,0,0.1
core_neuralprophet_frozen_s42,neuralprophet,frozen,selected,42,6,2025-02-17 01:00:00,2025-02-21 08:00:00,104,61.12,True,True,98.07438659667967,-2.157186913563182,95.9171996831165,0,0,0.1
core_neuralprophet_frozen_s42,neuralprophet,frozen,selected,42,6,2025-02-17 01:00:00,2025-02-21 09:00:00,105,100.3,True,True,126.5895538330078,-2.157186913563182,124.43236691944462,0,0,0.1
core_neuralprophet_frozen_s42,neuralprophet,frozen,selected,42,6,2025-02-17 01:00:00,2025-02-21 10:00:00,106,218.15,True,True,241.0379638671875,-2.157186913563182,238.88077695362432,0,0,0.1
core_neuralprophet_frozen_s42,neuralprophet,frozen,selected,42,6,2025-02-17 01:00:00,2025-02-21 11:00:00,107,414.26,True,True,446.2728576660156,-2.157186913563182,444.11567075245244,0,0,0.1
core_neuralprophet_frozen_s42,neuralprophet,frozen,selected,42,6,2025-02-17 01:00:00,2025-02-21 12:00:00,108,593.67,True,True,622.1480712890625,-2.157186913563182,619.9908843754993,0,0,0.1
core_neuralprophet_frozen_s42,neuralprophet,frozen,selected,42,6,2025-02-17 01:00:00,2025-02-21 13:00:00,109,679.3,True,True,713.0513305664062,-2.157186913563182,710.894143652843,0,0,0.1
core_neuralprophet_frozen_s42,neuralprophet,frozen,selected,42,6,2025-02-17 01:00:00,2025-02-21 14:00:00,110,638.2,True,True,690.9121704101562,-2.157186913563182,688.754983496593,0,0,0.1
core_neuralprophet_frozen_s42,neuralprophet,frozen,selected,42,6,2025-02-17 01:00:00,2025-02-21 15:00:00,111,482.66,True,True,537.0327758789062,-2.157186913563182,534.875588965343,0,0,0.1
core_neuralprophet_frozen_s42,neuralprophet,frozen,selected,42,6,2025-02-17 01:00:00,2025-02-21 16:00:00,112,256.64,True,True,304.3949279785156,-2.157186913563182,302.23774106495244,0,0,0.1
core_neuralprophet_frozen_s42,neuralprophet,frozen,selected,42,6,2025-02-17 01:00:00,2025-02-21 17:00:00,113,111.54,True,True,159.9351348876953,-2.157186913563182,157.77794797413213,0,0,0.1
core_neuralprophet_frozen_s42,neuralprophet,frozen,selected,42,6,2025-02-17 01:00:00,2025-02-21 18:00:00,114,53.57,True,True,98.57077026367188,-2.157186913563182,96.4135833501087,0,0,0.1
core_neuralprophet_frozen_s42,neuralprophet,frozen,selected,42,6,2025-02-17 01:00:00,2025-02-21 19:00:00,115,40.4,True,True,78.54894256591797,-2.157186913563182,76.39175565235479,0,0,0.1
core_neuralprophet_frozen_s42,neuralprophet,frozen,selected,42,6,2025-02-17 01:00:00,2025-02-21 20:00:00,116,48.97,True,True,85.98261260986328,-2.157186913563182,83.8254256963001,0,0,0.1
core_neuralprophet_frozen_s42,neuralprophet,frozen,selected,42,6,2025-02-17 01:00:00,2025-02-21 21:00:00,117,61.32,True,True,111.7762680053711,-2.157186913563182,109.61908109180791,0,0,0.1
core_neuralprophet_frozen_s42,neuralprophet,frozen,selected,42,6,2025-02-17 01:00:00,2025-02-21 22:00:00,118,74.62,True,True,111.17747497558594,-2.157186913563182,109.02028806202276,0,0,0.1
core_neuralprophet_frozen_s42,neuralprophet,frozen,selected,42,6,2025-02-17 01:00:00,2025-02-21 23:00:00,119,113.77,True,True,157.42408752441406,-2.157186913563182,155.26690061085088,0,0,0.1
core_neuralprophet_frozen_s42,neuralprophet,frozen,selected,42,6,2025-02-17 01:00:00,2025-02-22 00:00:00,120,154.05,True,True,195.8345947265625,-2.157186913563182,193.67740781299932,0,0,0.1
core_neuralprophet_frozen_s42,neuralprophet,frozen,selected,42,6,2025-02-17 01:00:00,2025-02-22 01:00:00,121,164.86,True,True,189.29151916503903,-2.157186913563182,187.13433225147585,0,0,0.1
core_neuralprophet_frozen_s42,neuralprophet,frozen,selected,42,6,2025-02-17 01:00:00,2025-02-22 02:00:00,122,150.83,True,True,190.6698760986328,-2.157186913563182,188.51268918506963,0,0,0.1
core_neuralprophet_frozen_s42,neuralprophet,frozen,selected,42,6,2025-02-17 01:00:00,2025-02-22 03:00:00,123,107.01,True,True,140.8064422607422,-2.157186913563182,138.649255347179,0,0,0.1
core_neuralprophet_frozen_s42,neuralprophet,frozen,selected,42,6,2025-02-17 01:00:00,2025-02-22 04:00:00,124,28.36,True,True,67.337646484375,-2.157186913563182,65.18045957081182,0,0,0.1
core_neuralprophet_frozen_s42,neuralprophet,frozen,selected,42,6,2025-02-17 01:00:00,2025-02-22 05:00:00,125,17.74,True,True,60.313873291015625,-2.157186913563182,58.156686377452445,0,0,0.1
core_neuralprophet_frozen_s42,neuralprophet,frozen,selected,42,6,2025-02-17 01:00:00,2025-02-22 06:00:00,126,15.1,True,True,67.95458221435547,-2.157186913563182,65.79739530079229,0,0,0.1
core_neuralprophet_frozen_s42,neuralprophet,frozen,selected,42,6,2025-02-17 01:00:00,2025-02-22 07:00:00,127,15.54,True,True,57.38969802856445,-2.157186913563182,55.23251111500127,0,0,0.1
core_neuralprophet_frozen_s42,neuralprophet,frozen,selected,42,6,2025-02-17 01:00:00,2025-02-22 08:00:00,128,19.92,True,True,48.404415130615234,-2.157186913563182,46.247228217052054,0,0,0.1
core_neuralprophet_frozen_s42,neuralprophet,frozen,selected,42,6,2025-02-17 01:00:00,2025-02-22 09:00:00,129,24.69,True,True,49.91764450073242,-2.157186913563182,47.76045758716924,0,0,0.1
core_neuralprophet_frozen_s42,neuralprophet,frozen,selected,42,6,2025-02-17 01:00:00,2025-02-22 10:00:00,130,31.99,True,True,39.5667610168457,-2.157186913563182,37.40957410328252,0,0,0.1
core_neuralprophet_frozen_s42,neuralprophet,frozen,selected,42,6,2025-02-17 01:00:00,2025-02-22 11:00:00,131,44.39,True,True,47.71208953857422,-2.157186913563182,45.55490262501104,0,0,0.1
core_neuralprophet_frozen_s42,neuralprophet,frozen,selected,42,6,2025-02-17 01:00:00,2025-02-22 12:00:00,132,53.64,True,True,65.37921142578125,-2.157186913563182,63.22202451221807,0,0,0.1
core_neuralprophet_frozen_s42,neuralprophet,frozen,selected,42,6,2025-02-17 01:00:00,2025-02-22 13:00:00,133,51.41,True,True,70.67401885986328,-2.157186913563182,68.5168319463001,0,0,0.1
core_neuralprophet_frozen_s42,neuralprophet,frozen,selected,42,6,2025-02-17 01:00:00,2025-02-22 14:00:00,134,36.39,True,True,54.05094146728516,-2.157186913563182,51.89375455372198,0,0,0.1
core_neuralprophet_frozen_s42,neuralprophet,frozen,selected,42,6,2025-02-17 01:00:00,2025-02-22 15:00:00,135,19.09,True,True,51.96345138549805,-2.157186913563182,49.80626447193487,0,0,0.1
core_neuralprophet_frozen_s42,neuralprophet,frozen,selected,42,6,2025-02-17 01:00:00,2025-02-22 16:00:00,136,5.61,True,True,36.57726287841797,-2.157186913563182,34.42007596485479,0,0,0.1
core_neuralprophet_frozen_s42,neuralprophet,frozen,selected,42,6,2025-02-17 01:00:00,2025-02-22 17:00:00,137,4.48,True,True,43.48123550415039,-2.157186913563182,41.32404859058721,0,0,0.1
core_neuralprophet_frozen_s42,neuralprophet,frozen,selected,42,6,2025-02-17 01:00:00,2025-02-22 18:00:00,138,4.93,True,True,42.681419372558594,-2.157186913563182,40.524232458995414,0,0,0.1
core_neuralprophet_frozen_s42,neuralprophet,frozen,selected,42,6,2025-02-17 01:00:00,2025-02-22 19:00:00,139,5.77,True,True,41.458831787109375,-2.157186913563182,39.301644873546195,0,0,0.1
core_neuralprophet_frozen_s42,neuralprophet,frozen,selected,42,6,2025-02-17 01:00:00,2025-02-22 20:00:00,140,7.12,True,True,48.79972839355469,-2.157186913563182,46.64254147999151,0,0,0.1
core_neuralprophet_frozen_s42,neuralprophet,frozen,selected,42,6,2025-02-17 01:00:00,2025-02-22 21:00:00,141,8.89,True,True,48.525665283203125,-2.157186913563182,46.368478369639945,0,0,0.1
core_neuralprophet_frozen_s42,neuralprophet,frozen,selected,42,6,2025-02-17 01:00:00,2025-02-22 22:00:00,142,11.77,True,True,46.93355178833008,-2.157186913563182,44.7763648747669,0,0,0.1
core_neuralprophet_frozen_s42,neuralprophet,frozen,selected,42,6,2025-02-17 01:00:00,2025-02-22 23:00:00,143,22.68,True,True,53.50115585327149,-2.157186913563182,51.34396893970831,0,0,0.1
core_neuralprophet_frozen_s42,neuralprophet,frozen,selected,42,6,2025-02-17 01:00:00,2025-02-23 00:00:00,144,34.23,True,True,56.19058990478516,-2.157186913563182,54.03340299122198,0,0,0.1
core_neuralprophet_frozen_s42,neuralprophet,frozen,selected,42,6,2025-02-17 01:00:00,2025-02-23 01:00:00,145,37.87,True,True,54.65287399291992,-2.157186913563182,52.49568707935674,0,0,0.1
core_neuralprophet_frozen_s42,neuralprophet,frozen,selected,42,6,2025-02-17 01:00:00,2025-02-23 02:00:00,146,32.66,True,True,42.58159637451172,-2.157186913563182,40.42440946094854,0,0,0.1
core_neuralprophet_frozen_s42,neuralprophet,frozen,selected,42,6,2025-02-17 01:00:00,2025-02-23 03:00:00,147,23.38,True,True,37.22132110595703,-2.157186913563182,35.06413419239385,0,0,0.1
core_neuralprophet_frozen_s42,neuralprophet,frozen,selected,42,6,2025-02-17 01:00:00,2025-02-23 04:00:00,148,16.47,True,True,34.09697723388672,-2.157186913563182,31.93979032032354,0,0,0.1
core_neuralprophet_frozen_s42,neuralprophet,frozen,selected,42,6,2025-02-17 01:00:00,2025-02-23 05:00:00,149,15.24,True,True,41.92793655395508,-2.157186913563182,39.7707496403919,0,0,0.1
core_neuralprophet_frozen_s42,neuralprophet,frozen,selected,42,6,2025-02-17 01:00:00,2025-02-23 06:00:00,150,15.88,True,True,37.962135314941406,-2.157186913563182,35.804948401378226,0,0,0.1
core_neuralprophet_frozen_s42,neuralprophet,frozen,selected,42,6,2025-02-17 01:00:00,2025-02-23 07:00:00,151,17.65,True,True,42.02248001098633,-2.157186913563182,39.86529309742315,0,0,0.1
core_neuralprophet_frozen_s42,neuralprophet,frozen,selected,42,6,2025-02-17 01:00:00,2025-02-23 08:00:00,152,20.99,True,True,45.46139144897461,-2.157186913563182,43.30420453541143,0,0,0.1
core_neuralprophet_frozen_s42,neuralprophet,frozen,selected,42,6,2025-02-17 01:00:00,2025-02-23 09:00:00,153,24.16,True,True,34.451175689697266,-2.157186913563182,32.293988776134086,0,0,0.1
core_neuralprophet_frozen_s42,neuralprophet,frozen,selected,42,6,2025-02-17 01:00:00,2025-02-23 10:00:00,154,41.36,True,True,36.745487213134766,-2.157186913563182,34.588300299571586,0,0,0.1
core_neuralprophet_frozen_s42,neuralprophet,frozen,selected,42,6,2025-02-17 01:00:00,2025-02-23 11:00:00,155,88.86,True,True,86.25692749023438,-2.157186913563182,84.0997405766712,0,0,0.1
core_neuralprophet_frozen_s42,neuralprophet,frozen,selected,42,6,2025-02-17 01:00:00,2025-02-23 12:00:00,156,145.03,True,True,131.26846313476562,-2.157186913563182,129.11127622120244,0,0,0.1
core_neuralprophet_frozen_s42,neuralprophet,frozen,selected,42,6,2025-02-17 01:00:00,2025-02-23 13:00:00,157,220.52,True,True,226.5746307373047,-2.157186913563182,224.4174438237415,0,0,0.1
core_neuralprophet_frozen_s42,neuralprophet,frozen,selected,42,6,2025-02-17 01:00:00,2025-02-23 14:00:00,158,320.9,True,True,325.1689147949219,-2.157186913563182,323.0117278813587,0,0,0.1
core_neuralprophet_frozen_s42,neuralprophet,frozen,selected,42,6,2025-02-17 01:00:00,2025-02-23 15:00:00,159,383.17,True,True,398.3925476074219,-2.157186913563182,396.2353606938587,0,0,0.1
core_neuralprophet_frozen_s42,neuralprophet,frozen,selected,42,6,2025-02-17 01:00:00,2025-02-23 16:00:00,160,384.47,True,True,394.5945129394531,-2.157186913563182,392.43732602588994,0,0,0.1
core_neuralprophet_frozen_s42,neuralprophet,frozen,selected,42,6,2025-02-17 01:00:00,2025-02-23 17:00:00,161,360.95,True,True,386.7301635742188,-2.157186913563182,384.5729766606556,0,0,0.1
core_neuralprophet_frozen_s42,neuralprophet,frozen,selected,42,6,2025-02-17 01:00:00,2025-02-23 18:00:00,162,343.9,True,True,368.3569946289063,-2.157186913563182,366.1998077153431,0,0,0.1
core_neuralprophet_frozen_s42,neuralprophet,frozen,selected,42,6,2025-02-17 01:00:00,2025-02-23 19:00:00,163,312.32,True,True,339.3553466796875,-2.157186913563182,337.1981597661243,0,0,0.1
core_neuralprophet_frozen_s42,neuralprophet,frozen,selected,42,6,2025-02-17 01:00:00,2025-02-23 20:00:00,164,279.43,True,True,306.9198303222656,-2.157186913563182,304.76264340870244,0,0,0.1
core_neuralprophet_frozen_s42,neuralprophet,frozen,selected,42,6,2025-02-17 01:00:00,2025-02-23 21:00:00,165,257.35,True,True,289.8240661621094,-2.157186913563182,287.6668792485462,0,0,0.1
core_neuralprophet_frozen_s42,neuralprophet,frozen,selected,42,6,2025-02-17 01:00:00,2025-02-23 22:00:00,166,238.45,True,True,258.5156555175781,-2.157186913563182,256.35846860401494,0,0,0.1
core_neuralprophet_frozen_s42,neuralprophet,frozen,selected,42,6,2025-02-17 01:00:00,2025-02-23 23:00:00,167,303.74,True,True,314.3171691894531,-2.157186913563182,312.15998227588994,0,0,0.1
core_neuralprophet_frozen_s42,neuralprophet,frozen,selected,42,6,2025-02-17 01:00:00,2025-02-24 00:00:00,168,431.37,True,True,442.0245056152344,-2.157186913563182,439.8673187016712,0,0,0.1
core_neuralprophet_frozen_s42,neuralprophet,frozen,selected,42,7,2025-02-24 01:00:00,2025-02-24 01:00:00,1,567.5,True,True,567.1326904296875,-4.500332906311784,562.6323575233757,0,0,0.1
core_neuralprophet_frozen_s42,neuralprophet,frozen,selected,42,7,2025-02-24 01:00:00,2025-02-24 02:00:00,2,657.01,True,True,670.974365234375,-4.500332906311784,666.4740323280632,0,0,0.1
core_neuralprophet_frozen_s42,neuralprophet,frozen,selected,42,7,2025-02-24 01:00:00,2025-02-24 03:00:00,3,678.43,True,True,671.9879760742188,-4.500332906311784,667.487643167907,0,0,0.1
core_neuralprophet_frozen_s42,neuralprophet,frozen,selected,42,7,2025-02-24 01:00:00,2025-02-24 04:00:00,4,329.78,True,True,327.3385925292969,-4.500332906311784,322.8382596229851,0,0,0.1
core_neuralprophet_frozen_s42,neuralprophet,frozen,selected,42,7,2025-02-24 01:00:00,2025-02-24 05:00:00,5,267.85,True,True,289.7035827636719,-4.500332906311784,285.2032498573601,0,0,0.1
core_neuralprophet_frozen_s42,neuralprophet,frozen,selected,42,7,2025-02-24 01:00:00,2025-02-24 06:00:00,6,205.48,True,True,264.90777587890625,-4.500332906311784,260.4074429725945,0,0,0.1
core_neuralprophet_frozen_s42,neuralprophet,frozen,selected,42,7,2025-02-24 01:00:00,2025-02-24 07:00:00,7,140.92,True,True,191.7845001220703,-4.500332906311784,187.28416721575852,0,0,0.1
core_neuralprophet_frozen_s42,neuralprophet,frozen,selected,42,7,2025-02-24 01:00:00,2025-02-24 08:00:00,8,114.98,True,True,150.62876892089844,-4.500332906311784,146.12843601458664,0,0,0.1
core_neuralprophet_frozen_s42,neuralprophet,frozen,selected,42,7,2025-02-24 01:00:00,2025-02-24 09:00:00,9,113.32,True,True,121.05734252929688,-4.500332906311784,116.55700962298509,0,0,0.1
core_neuralprophet_frozen_s42,neuralprophet,frozen,selected,42,7,2025-02-24 01:00:00,2025-02-24 10:00:00,10,132.34,True,True,117.17227172851562,-4.500332906311784,112.67193882220384,0,0,0.1
core_neuralprophet_frozen_s42,neuralprophet,frozen,selected,42,7,2025-02-24 01:00:00,2025-02-24 11:00:00,11,171.17,True,True,154.54953002929688,-4.500332906311784,150.04919712298508,0,0,0.1
core_neuralprophet_frozen_s42,neuralprophet,frozen,selected,42,7,2025-02-24 01:00:00,2025-02-24 12:00:00,12,215.68,True,True,189.8638916015625,-4.500332906311784,185.3635586952507,0,0,0.1
core_neuralprophet_frozen_s42,neuralprophet,frozen,selected,42,7,2025-02-24 01:00:00,2025-02-24 13:00:00,13,291.4,True,True,266.38287353515625,-4.500332906311784,261.8825406288445,0,0,0.1
core_neuralprophet_frozen_s42,neuralprophet,frozen,selected,42,7,2025-02-24 01:00:00,2025-02-24 14:00:00,14,403.27,True,True,373.6779174804688,-4.500332906311784,369.17758457415704,0,0,0.1
core_neuralprophet_frozen_s42,neuralprophet,frozen,selected,42,7,2025-02-24 01:00:00,2025-02-24 15:00:00,15,487.22,True,True,453.2169799804688,-4.500332906311784,448.71664707415704,0,0,0.1
core_neuralprophet_frozen_s42,neuralprophet,frozen,selected,42,7,2025-02-24 01:00:00,2025-02-24 16:00:00,16,498.67,True,True,462.5751647949219,-4.500332906311784,458.0748318886101,0,0,0.1
core_neuralprophet_frozen_s42,neuralprophet,frozen,selected,42,7,2025-02-24 01:00:00,2025-02-24 17:00:00,17,488.64,True,True,459.2384338378906,-4.500332906311784,454.73810093157886,0,0,0.1
core_neuralprophet_frozen_s42,neuralprophet,frozen,selected,42,7,2025-02-24 01:00:00,2025-02-24 18:00:00,18,481.07,True,True,446.8530883789063,-4.500332906311784,442.35275547259454,0,0,0.1
core_neuralprophet_frozen_s42,neuralprophet,frozen,selected,42,7,2025-02-24 01:00:00,2025-02-24 19:00:00,19,466.0,True,True,433.7293395996094,-4.500332906311784,429.2290066932976,0,0,0.1
core_neuralprophet_frozen_s42,neuralprophet,frozen,selected,42,7,2025-02-24 01:00:00,2025-02-24 20:00:00,20,414.32,True,True,404.7368469238281,-4.500332906311784,400.23651401751636,0,0,0.1
core_neuralprophet_frozen_s42,neuralprophet,frozen,selected,42,7,2025-02-24 01:00:00,2025-02-24 21:00:00,21,325.84,True,True,324.49560546875,-4.500332906311784,319.99527256243823,0,0,0.1
core_neuralprophet_frozen_s42,neuralprophet,frozen,selected,42,7,2025-02-24 01:00:00,2025-02-24 22:00:00,22,214.52,True,True,219.2434234619141,-4.500332906311784,214.7430905556023,0,0,0.1
core_neuralprophet_frozen_s42,neuralprophet,frozen,selected,42,7,2025-02-24 01:00:00,2025-02-24 23:00:00,23,167.95,True,True,177.6246337890625,-4.500332906311784,173.1243008827507,0,0,0.1
core_neuralprophet_frozen_s42,neuralprophet,frozen,selected,42,7,2025-02-24 01:00:00,2025-02-25 00:00:00,24,149.83,True,True,164.51712036132812,-4.500332906311784,160.01678745501633,0,0,0.1
core_neuralprophet_frozen_s42,neuralprophet,frozen,selected,42,7,2025-02-24 01:00:00,2025-02-25 01:00:00,25,78.4,True,True,55.57275390625,-4.500332906311784,51.07242099993822,0,0,0.1
core_neuralprophet_frozen_s42,neuralprophet,frozen,selected,42,7,2025-02-24 01:00:00,2025-02-25 02:00:00,26,68.26,True,True,40.08308410644531,-4.500332906311784,35.58275120013353,0,0,0.1
core_neuralprophet_frozen_s42,neuralprophet,frozen,selected,42,7,2025-02-24 01:00:00,2025-02-25 03:00:00,27,59.85,True,True,28.50185775756836,-4.500332906311784,24.001524851256576,0,0,0.1
core_neuralprophet_frozen_s42,neuralprophet,frozen,selected,42,7,2025-02-24 01:00:00,2025-02-25 04:00:00,28,43.97,True,True,33.128658294677734,-4.500332906311784,28.62832538836595,0,0,0.1
core_neuralprophet_frozen_s42,neuralprophet,frozen,selected,42,7,2025-02-24 01:00:00,2025-02-25 05:00:00,29,32.36,True,True,38.81093597412109,-4.500332906311784,34.3106030678093,0,0,0.1
core_neuralprophet_frozen_s42,neuralprophet,frozen,selected,42,7,2025-02-24 01:00:00,2025-02-25 06:00:00,30,27.24,True,True,35.946224212646484,-4.500332906311784,31.4458913063347,0,0,0.1
core_neuralprophet_frozen_s42,neuralprophet,frozen,selected,42,7,2025-02-24 01:00:00,2025-02-25 07:00:00,31,26.58,True,True,38.314918518066406,-4.500332906311784,33.81458561175462,0,0,0.1
core_neuralprophet_frozen_s42,neuralprophet,frozen,selected,42,7,2025-02-24 01:00:00,2025-02-25 08:00:00,32,32.4,True,True,42.50244903564453,-4.500332906311784,38.00211612933275,0,0,0.1
core_neuralprophet_frozen_s42,neuralprophet,frozen,selected,42,7,2025-02-24 01:00:00,2025-02-25 09:00:00,33,39.85,True,True,51.12128829956055,-4.500332906311784,46.620955393248764,0,0,0.1
core_neuralprophet_frozen_s42,neuralprophet,frozen,selected,42,7,2025-02-24 01:00:00,2025-02-25 10:00:00,34,71.18,True,True,84.7911376953125,-4.500332906311784,80.29080478900072,0,0,0.1
core_neuralprophet_frozen_s42,neuralprophet,frozen,selected,42,7,2025-02-24 01:00:00,2025-02-25 11:00:00,35,131.49,True,True,162.86940002441406,-4.500332906311784,158.36906711810227,0,0,0.1
core_neuralprophet_frozen_s42,neuralprophet,frozen,selected,42,7,2025-02-24 01:00:00,2025-02-25 12:00:00,36,187.66,True,True,209.8439483642578,-4.500332906311784,205.34361545794602,0,0,0.1
core_neuralprophet_frozen_s42,neuralprophet,frozen,selected,42,7,2025-02-24 01:00:00,2025-02-25 13:00:00,37,235.48,True,True,262.826416015625,-4.500332906311784,258.32608310931323,0,0,0.1
core_neuralprophet_frozen_s42,neuralprophet,frozen,selected,42,7,2025-02-24 01:00:00,2025-02-25 14:00:00,38,294.34,True,True,327.1897888183594,-4.500332906311784,322.6894559120476,0,0,0.1
core_neuralprophet_frozen_s42,neuralprophet,frozen,selected,42,7,2025-02-24 01:00:00,2025-02-25 15:00:00,39,326.03,True,True,354.1460876464844,-4.500332906311784,349.6457547401726,0,0,0.1
core_neuralprophet_frozen_s42,neuralprophet,frozen,selected,42,7,2025-02-24 01:00:00,2025-02-25 16:00:00,40,324.64,True,True,355.0895080566406,-4.500332906311784,350.58917515032886,0,0,0.1
core_neuralprophet_frozen_s42,neuralprophet,frozen,selected,42,7,2025-02-24 01:00:00,2025-02-25 17:00:00,41,340.78,True,True,383.1458129882813,-4.500332906311784,378.64548008196954,0,0,0.1
core_neuralprophet_frozen_s42,neuralprophet,frozen,selected,42,7,2025-02-24 01:00:00,2025-02-25 18:00:00,42,385.55,True,True,425.5413513183594,-4.500332906311784,421.0410184120476,0,0,0.1
core_neuralprophet_frozen_s42,neuralprophet,frozen,selected,42,7,2025-02-24 01:00:00,2025-02-25 19:00:00,43,440.08,True,True,480.3215637207031,-4.500332906311784,475.82123081439136,0,0,0.1
core_neuralprophet_frozen_s42,neuralprophet,frozen,selected,42,7,2025-02-24 01:00:00,2025-02-25 20:00:00,44,466.09,True,True,500.86279296875,-4.500332906311784,496.36246006243823,0,0,0.1
core_neuralprophet_frozen_s42,neuralprophet,frozen,selected,42,7,2025-02-24 01:00:00,2025-02-25 21:00:00,45,471.03,True,True,514.5204467773438,-4.500332906311784,510.020113871032,0,0,0.1
core_neuralprophet_frozen_s42,neuralprophet,frozen,selected,42,7,2025-02-24 01:00:00,2025-02-25 22:00:00,46,433.22,True,True,478.9743347167969,-4.500332906311784,474.4740018104851,0,0,0.1
core_neuralprophet_frozen_s42,neuralprophet,frozen,selected,42,7,2025-02-24 01:00:00,2025-02-25 23:00:00,47,490.15,True,True,530.35595703125,-4.500332906311784,525.8556241249382,0,0,0.1
core_neuralprophet_frozen_s42,neuralprophet,frozen,selected,42,7,2025-02-24 01:00:00,2025-02-26 00:00:00,48,637.11,True,True,686.015380859375,-4.500332906311784,681.5150479530632,0,0,0.1
core_neuralprophet_frozen_s42,neuralprophet,frozen,selected,42,7,2025-02-24 01:00:00,2025-02-26 01:00:00,49,773.54,True,True,829.0225219726562,-4.500332906311784,824.5221890663445,0,0,0.1
core_neuralprophet_frozen_s42,neuralprophet,frozen,selected,42,7,2025-02-24 01:00:00,2025-02-26 02:00:00,50,767.72,True,True,827.4190673828125,-4.500332906311784,822.9187344765007,0,0,0.1
core_neuralprophet_frozen_s42,neuralprophet,frozen,selected,42,7,2025-02-24 01:00:00,2025-02-26 03:00:00,51,615.72,True,True,674.6629638671875,-4.500332906311784,670.1626309608757,0,0,0.1
core_neuralprophet_frozen_s42,neuralprophet,frozen,selected,42,7,2025-02-24 01:00:00,2025-02-26 04:00:00,52,235.46,True,True,285.4328308105469,-4.500332906311784,280.9324979042351,0,0,0.1
core_neuralprophet_frozen_s42,neuralprophet,frozen,selected,42,7,2025-02-24 01:00:00,2025-02-26 05:00:00,53,202.88,True,True,246.2597503662109,-4.500332906311784,241.7594174598991,0,0,0.1
core_neuralprophet_frozen_s42,neuralprophet,frozen,selected,42,7,2025-02-24 01:00:00,2025-02-26 06:00:00,54,202.57,True,True,227.44483947753903,-4.500332906311784,222.94450657122724,0,0,0.1
core_neuralprophet_frozen_s42,neuralprophet,frozen,selected,42,7,2025-02-24 01:00:00,2025-02-26 07:00:00,55,221.7,True,True,250.14366149902344,-4.500332906311784,245.64332859271164,0,0,0.1
core_neuralprophet_frozen_s42,neuralprophet,frozen,selected,42,7,2025-02-24 01:00:00,2025-02-26 08:00:00,56,267.63,True,True,280.4849548339844,-4.500332906311784,275.9846219276726,0,0,0.1
core_neuralprophet_frozen_s42,neuralprophet,frozen,selected,42,7,2025-02-24 01:00:00,2025-02-26 09:00:00,57,301.27,True,True,319.9712829589844,-4.500332906311784,315.4709500526726,0,0,0.1
core_neuralprophet_frozen_s42,neuralprophet,frozen,selected,42,7,2025-02-24 01:00:00,2025-02-26 10:00:00,58,392.84,True,True,406.7315673828125,-4.500332906311784,402.23123447650073,0,0,0.1
core_neuralprophet_frozen_s42,neuralprophet,frozen,selected,42,7,2025-02-24 01:00:00,2025-02-26 11:00:00,59,577.98,True,True,613.1956787109375,-4.500332906311784,608.6953458046257,0,0,0.1
core_neuralprophet_frozen_s42,neuralprophet,frozen,selected,42,7,2025-02-24 01:00:00,2025-02-26 12:00:00,60,790.24,True,True,804.8303833007812,-4.500332906311784,800.3300503944695,0,0,0.1
core_neuralprophet_frozen_s42,neuralprophet,frozen,selected,42,7,2025-02-24 01:00:00,2025-02-26 13:00:00,61,954.72,True,True,968.5491943359376,-4.500332906311784,964.0488614296258,0,0,0.1
core_neuralprophet_frozen_s42,neuralprophet,frozen,selected,42,7,2025-02-24 01:00:00,2025-02-26 14:00:00,62,1051.75,True,True,1056.965576171875,-4.500332906311784,1052.4652432655632,0,0,0.1
core_neuralprophet_frozen_s42,neuralprophet,frozen,selected,42,7,2025-02-24 01:00:00,2025-02-26 15:00:00,63,1006.67,True,True,1000.7630615234376,-4.500332906311784,996.2627286171258,0,0,0.1
core_neuralprophet_frozen_s42,neuralprophet,frozen,selected,42,7,2025-02-24 01:00:00,2025-02-26 16:00:00,64,853.49,True,True,844.843505859375,-4.500332906311784,840.3431729530632,0,0,0.1
core_neuralprophet_frozen_s42,neuralprophet,frozen,selected,42,7,2025-02-24 01:00:00,2025-02-26 17:00:00,65,722.09,True,True,716.79248046875,-4.500332906311784,712.2921475624382,0,0,0.1
core_neuralprophet_frozen_s42,neuralprophet,frozen,selected,42,7,2025-02-24 01:00:00,2025-02-26 18:00:00,66,624.6,True,True,631.1377563476562,-4.500332906311784,626.6374234413445,0,0,0.1
core_neuralprophet_frozen_s42,neuralprophet,frozen,selected,42,7,2025-02-24 01:00:00,2025-02-26 19:00:00,67,564.86,True,True,563.1022338867188,-4.500332906311784,558.601900980407,0,0,0.1
core_neuralprophet_frozen_s42,neuralprophet,frozen,selected,42,7,2025-02-24 01:00:00,2025-02-26 20:00:00,68,519.76,True,True,526.5068969726562,-4.500332906311784,522.0065640663445,0,0,0.1
core_neuralprophet_frozen_s42,neuralprophet,frozen,selected,42,7,2025-02-24 01:00:00,2025-02-26 21:00:00,69,478.4,True,True,480.0139770507813,-4.500332906311784,475.51364414446954,0,0,0.1
core_neuralprophet_frozen_s42,neuralprophet,frozen,selected,42,7,2025-02-24 01:00:00,2025-02-26 22:00:00,70,426.12,True,True,440.587646484375,-4.500332906311784,436.08731357806323,0,0,0.1
core_neuralprophet_frozen_s42,neuralprophet,frozen,selected,42,7,2025-02-24 01:00:00,2025-02-26 23:00:00,71,473.81,True,True,487.09283447265625,-4.500332906311784,482.5925015663445,0,0,0.1
core_neuralprophet_frozen_s42,neuralprophet,frozen,selected,42,7,2025-02-24 01:00:00,2025-02-27 00:00:00,72,605.51,True,True,629.91943359375,-4.500332906311784,625.4191006874382,0,0,0.1
core_neuralprophet_frozen_s42,neuralprophet,frozen,selected,42,7,2025-02-24 01:00:00,2025-02-27 01:00:00,73,716.85,True,True,741.4410400390625,-4.500332906311784,736.9407071327507,0,0,0.1
core_neuralprophet_frozen_s42,neuralprophet,frozen,selected,42,7,2025-02-24 01:00:00,2025-02-27 02:00:00,74,726.64,True,True,769.9803466796875,-4.500332906311784,765.4800137733757,0,0,0.1
core_neuralprophet_frozen_s42,neuralprophet,frozen,selected,42,7,2025-02-24 01:00:00,2025-02-27 03:00:00,75,631.98,True,True,686.787353515625,-4.500332906311784,682.2870206093132,0,0,0.1
core_neuralprophet_frozen_s42,neuralprophet,frozen,selected,42,7,2025-02-24 01:00:00,2025-02-27 04:00:00,76,262.85,True,True,250.67132568359372,-4.500332906311784,246.17099277728192,0,0,0.1
core_neuralprophet_frozen_s42,neuralprophet,frozen,selected,42,7,2025-02-24 01:00:00,2025-02-27 05:00:00,77,241.47,True,True,220.4146881103516,-4.500332906311784,215.9143552040398,0,0,0.1
core_neuralprophet_frozen_s42,neuralprophet,frozen,selected,42,7,2025-02-24 01:00:00,2025-02-27 06:00:00,78,246.72,True,True,210.8063507080078,-4.500332906311784,206.30601780169602,0,0,0.1
core_neuralprophet_frozen_s42,neuralprophet,frozen,selected,42,7,2025-02-24 01:00:00,2025-02-27 07:00:00,79,271.67,True,True,224.4828186035156,-4.500332906311784,219.9824856972038,0,0,0.1
core_neuralprophet_frozen_s42,neuralprophet,frozen,selected,42,7,2025-02-24 01:00:00,2025-02-27 08:00:00,80,314.75,True,True,254.40328979492188,-4.500332906311784,249.90295688861008,0,0,0.1
core_neuralprophet_frozen_s42,neuralprophet,frozen,selected,42,7,2025-02-24 01:00:00,2025-02-27 09:00:00,81,345.98,True,True,275.424560546875,-4.500332906311784,270.92422764056323,0,0,0.1
core_neuralprophet_frozen_s42,neuralprophet,frozen,selected,42,7,2025-02-24 01:00:00,2025-02-27 10:00:00,82,434.03,True,True,376.2854919433594,-4.500332906311784,371.7851590370476,0,0,0.1
core_neuralprophet_frozen_s42,neuralprophet,frozen,selected,42,7,2025-02-24 01:00:00,2025-02-27 11:00:00,83,616.47,True,True,558.7376708984375,-4.500332906311784,554.2373379921257,0,0,0.1
core_neuralprophet_frozen_s42,neuralprophet,frozen,selected,42,7,2025-02-24 01:00:00,2025-02-27 12:00:00,84,818.34,True,True,776.6190185546875,-4.500332906311784,772.1186856483757,0,0,0.1
core_neuralprophet_frozen_s42,neuralprophet,frozen,selected,42,7,2025-02-24 01:00:00,2025-02-27 13:00:00,85,984.41,True,True,935.5791015625,-4.500332906311784,931.0787686561882,0,0,0.1
core_neuralprophet_frozen_s42,neuralprophet,frozen,selected,42,7,2025-02-24 01:00:00,2025-02-27 14:00:00,86,1099.03,True,True,1043.9573974609375,-4.500332906311784,1039.4570645546257,0,0,0.1
core_neuralprophet_frozen_s42,neuralprophet,frozen,selected,42,7,2025-02-24 01:00:00,2025-02-27 15:00:00,87,1093.95,True,True,1033.085693359375,-4.500332906311784,1028.5853604530632,0,0,0.1
core_neuralprophet_frozen_s42,neuralprophet,frozen,selected,42,7,2025-02-24 01:00:00,2025-02-27 16:00:00,88,970.88,True,True,891.071044921875,-4.500332906311784,886.5707120155632,0,0,0.1
core_neuralprophet_frozen_s42,neuralprophet,frozen,selected,42,7,2025-02-24 01:00:00,2025-02-27 17:00:00,89,828.37,True,True,765.8179321289062,-4.500332906311784,761.3175992225945,0,0,0.1
core_neuralprophet_frozen_s42,neuralprophet,frozen,selected,42,7,2025-02-24 01:00:00,2025-02-27 18:00:00,90,699.28,True,True,621.5263061523438,-4.500332906311784,617.025973246032,0,0,0.1
core_neuralprophet_frozen_s42,neuralprophet,frozen,selected,42,7,2025-02-24 01:00:00,2025-02-27 19:00:00,91,584.72,True,True,506.9572448730469,-4.500332906311784,502.4569119667351,0,0,0.1
core_neuralprophet_frozen_s42,neuralprophet,frozen,selected,42,7,2025-02-24 01:00:00,2025-02-27 20:00:00,92,497.28,True,True,428.3926696777344,-4.500332906311784,423.8923367714226,0,0,0.1
core_neuralprophet_frozen_s42,neuralprophet,frozen,selected,42,7,2025-02-24 01:00:00,2025-02-27 21:00:00,93,435.76,True,True,382.188720703125,-4.500332906311784,377.68838779681323,0,0,0.1
core_neuralprophet_frozen_s42,neuralprophet,frozen,selected,42,7,2025-02-24 01:00:00,2025-02-27 22:00:00,94,396.47,True,True,353.1281433105469,-4.500332906311784,348.6278104042351,0,0,0.1
core_neuralprophet_frozen_s42,neuralprophet,frozen,selected,42,7,2025-02-24 01:00:00,2025-02-27 23:00:00,95,406.53,True,True,392.2105102539063,-4.500332906311784,387.71017734759454,0,0,0.1
core_neuralprophet_frozen_s42,neuralprophet,frozen,selected,42,7,2025-02-24 01:00:00,2025-02-28 00:00:00,96,403.4,True,True,393.4684143066406,-4.500332906311784,388.96808140032886,0,0,0.1
core_neuralprophet_frozen_s42,neuralprophet,frozen,selected,42,7,2025-02-24 01:00:00,2025-02-28 01:00:00,97,368.27,True,True,381.0753784179688,-4.500332906311784,376.57504551165704,0,0,0.1
core_neuralprophet_frozen_s42,neuralprophet,frozen,selected,42,7,2025-02-24 01:00:00,2025-02-28 02:00:00,98,378.0,True,True,389.4617919921875,-4.500332906311784,384.96145908587573,0,0,0.1
core_neuralprophet_frozen_s42,neuralprophet,frozen,selected,42,7,2025-02-24 01:00:00,2025-02-28 03:00:00,99,384.71,True,True,407.4776611328125,-4.500332906311784,402.97732822650073,0,0,0.1
core_neuralprophet_frozen_s42,neuralprophet,frozen,selected,42,7,2025-02-24 01:00:00,2025-02-28 04:00:00,100,288.84,True,True,318.6546630859375,-4.500332906311784,314.15433017962573,0,0,0.1
core_neuralprophet_frozen_s42,neuralprophet,frozen,selected,42,7,2025-02-24 01:00:00,2025-02-28 05:00:00,101,293.94,True,True,316.13006591796875,-4.500332906311784,311.629733011657,0,0,0.1
core_neuralprophet_frozen_s42,neuralprophet,frozen,selected,42,7,2025-02-24 01:00:00,2025-02-28 06:00:00,102,327.03,True,True,337.1239013671875,-4.500332906311784,332.62356846087573,0,0,0.1
core_neuralprophet_frozen_s42,neuralprophet,frozen,selected,42,7,2025-02-24 01:00:00,2025-02-28 07:00:00,103,289.26,True,True,287.9516296386719,-4.500332906311784,283.4512967323601,0,0,0.1
core_neuralprophet_frozen_s42,neuralprophet,frozen,selected,42,7,2025-02-24 01:00:00,2025-02-28 08:00:00,104,274.0,True,True,272.7865905761719,-4.500332906311784,268.2862576698601,0,0,0.1
core_neuralprophet_frozen_s42,neuralprophet,frozen,selected,42,7,2025-02-24 01:00:00,2025-02-28 09:00:00,105,275.4,True,True,270.83624267578125,-4.500332906311784,266.3359097694695,0,0,0.1
core_neuralprophet_frozen_s42,neuralprophet,frozen,selected,42,7,2025-02-24 01:00:00,2025-02-28 10:00:00,106,364.94,True,True,371.32568359375,-4.500332906311784,366.82535068743823,0,0,0.1
core_neuralprophet_frozen_s42,neuralprophet,frozen,selected,42,7,2025-02-24 01:00:00,2025-02-28 11:00:00,107,535.83,True,True,552.6780395507812,-4.500332906311784,548.1777066444695,0,0,0.1
core_neuralprophet_frozen_s42,neuralprophet,frozen,selected,42,7,2025-02-24 01:00:00,2025-02-28 12:00:00,108,718.37,True,True,719.9932861328125,-4.500332906311784,715.4929532265007,0,0,0.1
core_neuralprophet_frozen_s42,neuralprophet,frozen,selected,42,7,2025-02-24 01:00:00,2025-02-28 13:00:00,109,858.36,True,True,837.2274780273438,-4.500332906311784,832.727145121032,0,0,0.1
core_neuralprophet_frozen_s42,neuralprophet,frozen,selected,42,7,2025-02-24 01:00:00,2025-02-28 14:00:00,110,925.4,True,True,875.300048828125,-4.500332906311784,870.7997159218132,0,0,0.1
core_neuralprophet_frozen_s42,neuralprophet,frozen,selected,42,7,2025-02-24 01:00:00,2025-02-28 15:00:00,111,905.93,True,True,805.9050903320312,-4.500332906311784,801.4047574257195,0,0,0.1
core_neuralprophet_frozen_s42,neuralprophet,frozen,selected,42,7,2025-02-24 01:00:00,2025-02-28 16:00:00,112,828.34,True,True,694.179443359375,-4.500332906311784,689.6791104530632,0,0,0.1
core_neuralprophet_frozen_s42,neuralprophet,frozen,selected,42,7,2025-02-24 01:00:00,2025-02-28 17:00:00,113,752.09,True,True,596.9347534179688,-4.500332906311784,592.434420511657,0,0,0.1
core_neuralprophet_frozen_s42,neuralprophet,frozen,selected,42,7,2025-02-24 01:00:00,2025-02-28 18:00:00,114,680.31,True,True,483.3820190429688,-4.500332906311784,478.88168613665704,0,0,0.1
core_neuralprophet_frozen_s42,neuralprophet,frozen,selected,42,7,2025-02-24 01:00:00,2025-02-28 19:00:00,115,627.56,True,True,436.3278503417969,-4.500332906311784,431.8275174354851,0,0,0.1
core_neuralprophet_frozen_s42,neuralprophet,frozen,selected,42,7,2025-02-24 01:00:00,2025-02-28 20:00:00,116,596.78,True,True,425.4678039550781,-4.500332906311784,420.96747104876636,0,0,0.1
core_neuralprophet_frozen_s42,neuralprophet,frozen,selected,42,7,2025-02-24 01:00:00,2025-02-28 21:00:00,117,579.9,True,True,426.4148864746094,-4.500332906311784,421.9145535682976,0,0,0.1
core_neuralprophet_frozen_s42,neuralprophet,frozen,selected,42,7,2025-02-24 01:00:00,2025-02-28 22:00:00,118,557.08,True,True,418.8197021484375,-4.500332906311784,414.31936924212573,0,0,0.1
core_neuralprophet_frozen_s42,neuralprophet,frozen,selected,42,7,2025-02-24 01:00:00,2025-02-28 23:00:00,119,586.33,True,True,462.2458801269531,-4.500332906311784,457.74554722064136,0,0,0.1
core_neuralprophet_frozen_s42,neuralprophet,frozen,selected,42,7,2025-02-24 01:00:00,2025-03-01 00:00:00,120,660.96,True,True,540.5064697265625,-4.500332906311784,536.0061368202507,0,0,0.1
core_neuralprophet_frozen_s42,neuralprophet,frozen,selected,42,7,2025-02-24 01:00:00,2025-03-01 01:00:00,121,716.74,True,True,607.6990356445312,-4.500332906311784,603.1987027382195,0,0,0.1
core_neuralprophet_frozen_s42,neuralprophet,frozen,selected,42,7,2025-02-24 01:00:00,2025-03-01 02:00:00,122,709.61,True,True,608.4526977539062,-4.500332906311784,603.9523648475945,0,0,0.1
core_neuralprophet_frozen_s42,neuralprophet,frozen,selected,42,7,2025-02-24 01:00:00,2025-03-01 03:00:00,123,649.32,True,True,523.6505126953125,-4.500332906311784,519.1501797890007,0,0,0.1
core_neuralprophet_frozen_s42,neuralprophet,frozen,selected,42,7,2025-02-24 01:00:00,2025-03-01 04:00:00,124,536.52,True,True,215.67153930664065,-4.500332906311784,211.17120640032886,0,0,0.1
core_neuralprophet_frozen_s42,neuralprophet,frozen,selected,42,7,2025-02-24 01:00:00,2025-03-01 05:00:00,125,481.34,True,True,195.86134338378903,-4.500332906311784,191.36101047747724,0,0,0.1
core_neuralprophet_frozen_s42,neuralprophet,frozen,selected,42,7,2025-02-24 01:00:00,2025-03-01 06:00:00,126,473.35,True,True,191.6083831787109,-4.500332906311784,187.1080502723991,0,0,0.1
core_neuralprophet_frozen_s42,neuralprophet,frozen,selected,42,7,2025-02-24 01:00:00,2025-03-01 07:00:00,127,478.43,True,True,192.5707244873047,-4.500332906311784,188.0703915809929,0,0,0.1
core_neuralprophet_frozen_s42,neuralprophet,frozen,selected,42,7,2025-02-24 01:00:00,2025-03-01 08:00:00,128,490.23,True,True,213.4117126464844,-4.500332906311784,208.9113797401726,0,0,0.1
core_neuralprophet_frozen_s42,neuralprophet,frozen,selected,42,7,2025-02-24 01:00:00,2025-03-01 09:00:00,129,497.54,True,True,229.21163940429688,-4.500332906311784,224.71130649798508,0,0,0.1
core_neuralprophet_frozen_s42,neuralprophet,frozen,selected,42,7,2025-02-24 01:00:00,2025-03-01 10:00:00,130,492.8,True,True,215.019287109375,-4.500332906311784,210.5189542030632,0,0,0.1
core_neuralprophet_frozen_s42,neuralprophet,frozen,selected,42,7,2025-02-24 01:00:00,2025-03-01 11:00:00,131,470.96,True,True,191.7029266357422,-4.500332906311784,187.2025937294304,0,0,0.1
core_neuralprophet_frozen_s42,neuralprophet,frozen,selected,42,7,2025-02-24 01:00:00,2025-03-01 12:00:00,132,420.59,True,True,151.4262237548828,-4.500332906311784,146.92589084857102,0,0,0.1
core_neuralprophet_frozen_s42,neuralprophet,frozen,selected,42,7,2025-02-24 01:00:00,2025-03-01 13:00:00,133,295.92,True,True,125.42366027832033,-4.500332906311784,120.92332737200854,0,0,0.1
core_neuralprophet_frozen_s42,neuralprophet,frozen,selected,42,7,2025-02-24 01:00:00,2025-03-01 14:00:00,134,187.28,True,True,118.6057586669922,-4.500332906311784,114.10542576068042,0,0,0.1
core_neuralprophet_frozen_s42,neuralprophet,frozen,selected,42,7,2025-02-24 01:00:00,2025-03-01 15:00:00,135,142.86,True,True,129.60464477539062,-4.500332906311784,125.10431186907884,0,0,0.1
core_neuralprophet_frozen_s42,neuralprophet,frozen,selected,42,7,2025-02-24 01:00:00,2025-03-01 16:00:00,136,128.84,True,True,112.38018035888672,-4.500332906311784,107.87984745257494,0,0,0.1
core_neuralprophet_frozen_s42,neuralprophet,frozen,selected,42,7,2025-02-24 01:00:00,2025-03-01 17:00:00,137,131.31,True,True,120.91182708740234,-4.500332906311784,116.41149418109056,0,0,0.1
core_neuralprophet_frozen_s42,neuralprophet,frozen,selected,42,7,2025-02-24 01:00:00,2025-03-01 18:00:00,138,148.56,True,True,131.56796264648438,-4.500332906311784,127.06762974017259,0,0,0.1
core_neuralprophet_frozen_s42,neuralprophet,frozen,selected,42,7,2025-02-24 01:00:00,2025-03-01 19:00:00,139,175.34,True,True,141.74371337890625,-4.500332906311784,137.24338047259445,0,0,0.1
core_neuralprophet_frozen_s42,neuralprophet,frozen,selected,42,7,2025-02-24 01:00:00,2025-03-01 20:00:00,140,188.94,True,True,123.79618072509766,-4.500332906311784,119.29584781878587,0,0,0.1
core_neuralprophet_frozen_s42,neuralprophet,frozen,selected,42,7,2025-02-24 01:00:00,2025-03-01 21:00:00,141,187.94,True,True,146.70960998535156,-4.500332906311784,142.20927707903977,0,0,0.1
core_neuralprophet_frozen_s42,neuralprophet,frozen,selected,42,7,2025-02-24 01:00:00,2025-03-01 22:00:00,142,184.36,True,True,139.94528198242188,-4.500332906311784,135.44494907611008,0,0,0.1
core_neuralprophet_frozen_s42,neuralprophet,frozen,selected,42,7,2025-02-24 01:00:00,2025-03-01 23:00:00,143,198.54,True,True,162.9818878173828,-4.500332906311784,158.48155491107102,0,0,0.1
core_neuralprophet_frozen_s42,neuralprophet,frozen,selected,42,7,2025-02-24 01:00:00,2025-03-02 00:00:00,144,217.8,True,True,177.78929138183594,-4.500332906311784,173.28895847552414,0,0,0.1
core_neuralprophet_frozen_s42,neuralprophet,frozen,selected,42,7,2025-02-24 01:00:00,2025-03-02 01:00:00,145,169.21,True,True,126.58409118652344,-4.500332906311784,122.08375828021165,0,0,0.1
core_neuralprophet_frozen_s42,neuralprophet,frozen,selected,42,7,2025-02-24 01:00:00,2025-03-02 02:00:00,146,99.74,True,True,92.65149688720705,-4.500332906311784,88.15116398089526,0,0,0.1
core_neuralprophet_frozen_s42,neuralprophet,frozen,selected,42,7,2025-02-24 01:00:00,2025-03-02 03:00:00,147,60.91,True,True,80.2690658569336,-4.500332906311784,75.76873295062181,0,0,0.1
core_neuralprophet_frozen_s42,neuralprophet,frozen,selected,42,7,2025-02-24 01:00:00,2025-03-02 04:00:00,148,39.47,True,True,79.96116638183594,-4.500332906311784,75.46083347552415,0,0,0.1
core_neuralprophet_frozen_s42,neuralprophet,frozen,selected,42,7,2025-02-24 01:00:00,2025-03-02 05:00:00,149,29.95,True,True,83.19092559814453,-4.500332906311784,78.69059269183275,0,0,0.1
core_neuralprophet_frozen_s42,neuralprophet,frozen,selected,42,7,2025-02-24 01:00:00,2025-03-02 06:00:00,150,23.21,True,True,76.62239074707031,-4.500332906311784,72.12205784075853,0,0,0.1
core_neuralprophet_frozen_s42,neuralprophet,frozen,selected,42,7,2025-02-24 01:00:00,2025-03-02 07:00:00,151,20.54,True,True,72.46053314208984,-4.500332906311784,67.96020023577806,0,0,0.1
core_neuralprophet_frozen_s42,neuralprophet,frozen,selected,42,7,2025-02-24 01:00:00,2025-03-02 08:00:00,152,22.02,True,True,64.8380355834961,-4.500332906311784,60.33770267718431,0,0,0.1
core_neuralprophet_frozen_s42,neuralprophet,frozen,selected,42,7,2025-02-24 01:00:00,2025-03-02 09:00:00,153,24.73,True,True,56.426734924316406,-4.500332906311784,51.92640201800462,0,0,0.1
core_neuralprophet_frozen_s42,neuralprophet,frozen,selected,42,7,2025-02-24 01:00:00,2025-03-02 10:00:00,154,36.5,True,True,77.60556030273438,-4.500332906311784,73.10522739642259,0,0,0.1
core_neuralprophet_frozen_s42,neuralprophet,frozen,selected,42,7,2025-02-24 01:00:00,2025-03-02 11:00:00,155,68.39,True,True,112.32018280029295,-4.500332906311784,107.81984989398117,0,0,0.1
core_neuralprophet_frozen_s42,neuralprophet,frozen,selected,42,7,2025-02-24 01:00:00,2025-03-02 12:00:00,156,106.44,True,True,142.36192321777344,-4.500332906311784,137.86159031146164,0,0,0.1
core_neuralprophet_frozen_s42,neuralprophet,frozen,selected,42,7,2025-02-24 01:00:00,2025-03-02 13:00:00,157,153.38,True,True,198.0229949951172,-4.500332906311784,193.5226620888054,0,0,0.1
core_neuralprophet_frozen_s42,neuralprophet,frozen,selected,42,7,2025-02-24 01:00:00,2025-03-02 14:00:00,158,219.4,True,True,253.8484039306641,-4.500332906311784,249.3480710243523,0,0,0.1
core_neuralprophet_frozen_s42,neuralprophet,frozen,selected,42,7,2025-02-24 01:00:00,2025-03-02 15:00:00,159,277.75,True,True,324.8959045410156,-4.500332906311784,320.39557163470386,0,0,0.1
core_neuralprophet_frozen_s42,neuralprophet,frozen,selected,42,7,2025-02-24 01:00:00,2025-03-02 16:00:00,160,305.96,True,True,357.3144836425781,-4.500332906311784,352.81415073626636,0,0,0.1
core_neuralprophet_frozen_s42,neuralprophet,frozen,selected,42,7,2025-02-24 01:00:00,2025-03-02 17:00:00,161,320.9,True,True,379.6468505859375,-4.500332906311784,375.14651767962573,0,0,0.1
core_neuralprophet_frozen_s42,neuralprophet,frozen,selected,42,7,2025-02-24 01:00:00,2025-03-02 18:00:00,162,334.91,True,True,386.3255615234375,-4.500332906311784,381.82522861712573,0,0,0.1
core_neuralprophet_frozen_s42,neuralprophet,frozen,selected,42,7,2025-02-24 01:00:00,2025-03-02 19:00:00,163,364.95,True,True,410.67816162109375,-4.500332906311784,406.177828714782,0,0,0.1
core_neuralprophet_frozen_s42,neuralprophet,frozen,selected,42,7,2025-02-24 01:00:00,2025-03-02 20:00:00,164,399.87,True,True,449.6910095214844,-4.500332906311784,445.1906766151726,0,0,0.1
core_neuralprophet_frozen_s42,neuralprophet,frozen,selected,42,7,2025-02-24 01:00:00,2025-03-02 21:00:00,165,425.92,True,True,469.6323852539063,-4.500332906311784,465.13205234759454,0,0,0.1
core_neuralprophet_frozen_s42,neuralprophet,frozen,selected,42,7,2025-02-24 01:00:00,2025-03-02 22:00:00,166,442.94,True,True,483.13134765625,-4.500332906311784,478.63101474993823,0,0,0.1
core_neuralprophet_frozen_s42,neuralprophet,frozen,selected,42,7,2025-02-24 01:00:00,2025-03-02 23:00:00,167,497.78,True,True,533.5977783203125,-4.500332906311784,529.0974454140007,0,0,0.1
core_neuralprophet_frozen_s42,neuralprophet,frozen,selected,42,7,2025-02-24 01:00:00,2025-03-03 00:00:00,168,542.46,True,True,578.7760009765625,-4.500332906311784,574.2756680702507,0,0,0.1
core_neuralprophet_frozen_s42,neuralprophet,frozen,selected,42,8,2025-03-03 01:00:00,2025-03-03 01:00:00,1,419.58,True,True,412.8902893066406,-1.6573326039109935,411.2329567027296,0,0,0.1
core_neuralprophet_frozen_s42,neuralprophet,frozen,selected,42,8,2025-03-03 01:00:00,2025-03-03 02:00:00,2,373.94,True,True,394.2166137695313,-1.6573326039109935,392.5592811656203,0,0,0.1
core_neuralprophet_frozen_s42,neuralprophet,frozen,selected,42,8,2025-03-03 01:00:00,2025-03-03 03:00:00,3,348.98,True,True,365.1895751953125,-1.6573326039109935,363.5322425914015,0,0,0.1
core_neuralprophet_frozen_s42,neuralprophet,frozen,selected,42,8,2025-03-03 01:00:00,2025-03-03 04:00:00,4,77.78,True,True,95.51066589355467,-1.6573326039109935,93.85333328964369,0,0,0.1
core_neuralprophet_frozen_s42,neuralprophet,frozen,selected,42,8,2025-03-03 01:00:00,2025-03-03 05:00:00,5,41.57,True,True,74.00468444824219,-1.6573326039109935,72.3473518443312,0,0,0.1
core_neuralprophet_frozen_s42,neuralprophet,frozen,selected,42,8,2025-03-03 01:00:00,2025-03-03 06:00:00,6,32.26,True,True,56.24274826049805,-1.6573326039109935,54.58541565658705,0,0,0.1
core_neuralprophet_frozen_s42,neuralprophet,frozen,selected,42,8,2025-03-03 01:00:00,2025-03-03 07:00:00,7,49.98,True,True,95.0268325805664,-1.6573326039109935,93.36949997665542,0,0,0.1
core_neuralprophet_frozen_s42,neuralprophet,frozen,selected,42,8,2025-03-03 01:00:00,2025-03-03 08:00:00,8,96.04,True,True,160.77703857421875,-1.6573326039109935,159.11970597030776,0,0,0.1
core_neuralprophet_frozen_s42,neuralprophet,frozen,selected,42,8,2025-03-03 01:00:00,2025-03-03 09:00:00,9,144.8,True,True,201.5068359375,-1.6573326039109935,199.849503333589,0,0,0.1
core_neuralprophet_frozen_s42,neuralprophet,frozen,selected,42,8,2025-03-03 01:00:00,2025-03-03 10:00:00,10,219.54,True,True,287.348388671875,-1.6573326039109935,285.691056067964,0,0,0.1
core_neuralprophet_frozen_s42,neuralprophet,frozen,selected,42,8,2025-03-03 01:00:00,2025-03-03 11:00:00,11,342.12,True,True,436.879638671875,-1.6573326039109935,435.222306067964,0,0,0.1
core_neuralprophet_frozen_s42,neuralprophet,frozen,selected,42,8,2025-03-03 01:00:00,2025-03-03 12:00:00,12,469.77,True,True,545.9942626953125,-1.6573326039109935,544.3369300914015,0,0,0.1
core_neuralprophet_frozen_s42,neuralprophet,frozen,selected,42,8,2025-03-03 01:00:00,2025-03-03 13:00:00,13,549.17,True,True,634.4803466796875,-1.6573326039109935,632.8230140757765,0,0,0.1
core_neuralprophet_frozen_s42,neuralprophet,frozen,selected,42,8,2025-03-03 01:00:00,2025-03-03 14:00:00,14,568.33,True,True,637.3345336914062,-1.6573326039109935,635.6772010874953,0,0,0.1
core_neuralprophet_frozen_s42,neuralprophet,frozen,selected,42,8,2025-03-03 01:00:00,2025-03-03 15:00:00,15,516.76,True,True,578.5750122070312,-1.6573326039109935,576.9176796031203,0,0,0.1
core_neuralprophet_frozen_s42,neuralprophet,frozen,selected,42,8,2025-03-03 01:00:00,2025-03-03 16:00:00,16,282.36,True,True,333.6771240234375,-1.6573326039109935,332.0197914195265,0,0,0.1
core_neuralprophet_frozen_s42,neuralprophet,frozen,selected,42,8,2025-03-03 01:00:00,2025-03-03 17:00:00,17,144.83,True,True,210.57388305664065,-1.6573326039109935,208.91655045272967,0,0,0.1
core_neuralprophet_frozen_s42,neuralprophet,frozen,selected,42,8,2025-03-03 01:00:00,2025-03-03 18:00:00,18,90.22,True,True,148.9465789794922,-1.6573326039109935,147.2892463755812,0,0,0.1
core_neuralprophet_frozen_s42,neuralprophet,frozen,selected,42,8,2025-03-03 01:00:00,2025-03-03 19:00:00,19,74.79,True,True,160.85752868652344,-1.6573326039109935,159.20019608261245,0,0,0.1
core_neuralprophet_frozen_s42,neuralprophet,frozen,selected,42,8,2025-03-03 01:00:00,2025-03-03 20:00:00,20,82.73,True,True,160.52223205566406,-1.6573326039109935,158.86489945175308,0,0,0.1
core_neuralprophet_frozen_s42,neuralprophet,frozen,selected,42,8,2025-03-03 01:00:00,2025-03-03 21:00:00,21,95.5,True,True,191.47853088378903,-1.6573326039109935,189.82119827987805,0,0,0.1
core_neuralprophet_frozen_s42,neuralprophet,frozen,selected,42,8,2025-03-03 01:00:00,2025-03-03 22:00:00,22,111.73,True,True,194.4784393310547,-1.6573326039109935,192.8211067271437,0,0,0.1
core_neuralprophet_frozen_s42,neuralprophet,frozen,selected,42,8,2025-03-03 01:00:00,2025-03-03 23:00:00,23,166.33,True,True,242.2844696044922,-1.6573326039109935,240.6271370005812,0,0,0.1
core_neuralprophet_frozen_s42,neuralprophet,frozen,selected,42,8,2025-03-03 01:00:00,2025-03-04 00:00:00,24,251.92,True,True,332.9089660644531,-1.6573326039109935,331.2516334605421,0,0,0.1
core_neuralprophet_frozen_s42,neuralprophet,frozen,selected,42,8,2025-03-03 01:00:00,2025-03-04 01:00:00,25,330.06,True,True,399.92095947265625,-1.6573326039109935,398.26362686874523,0,0,0.1
core_neuralprophet_frozen_s42,neuralprophet,frozen,selected,42,8,2025-03-03 01:00:00,2025-03-04 02:00:00,26,366.73,True,True,421.6856994628906,-1.6573326039109935,420.0283668589796,0,0,0.1
core_neuralprophet_frozen_s42,neuralprophet,frozen,selected,42,8,2025-03-03 01:00:00,2025-03-04 03:00:00,27,326.05,True,True,383.1322937011719,-1.6573326039109935,381.47496109726086,0,0,0.1
core_neuralprophet_frozen_s42,neuralprophet,frozen,selected,42,8,2025-03-03 01:00:00,2025-03-04 04:00:00,28,98.86,True,True,141.52755737304688,-1.6573326039109935,139.8702247691359,0,0,0.1
core_neuralprophet_frozen_s42,neuralprophet,frozen,selected,42,8,2025-03-03 01:00:00,2025-03-04 05:00:00,29,61.71,True,True,97.1528549194336,-1.6573326039109935,95.4955223155226,0,0,0.1
core_neuralprophet_frozen_s42,neuralprophet,frozen,selected,42,8,2025-03-03 01:00:00,2025-03-04 06:00:00,30,53.37,True,True,78.08503723144531,-1.6573326039109935,76.42770462753433,0,0,0.1
core_neuralprophet_frozen_s42,neuralprophet,frozen,selected,42,8,2025-03-03 01:00:00,2025-03-04 07:00:00,31,54.62,True,True,71.81983184814453,-1.6573326039109935,70.16249924423354,0,0,0.1
core_neuralprophet_frozen_s42,neuralprophet,frozen,selected,42,8,2025-03-03 01:00:00,2025-03-04 08:00:00,32,62.33,True,True,74.23426055908203,-1.6573326039109935,72.57692795517104,0,0,0.1
core_neuralprophet_frozen_s42,neuralprophet,frozen,selected,42,8,2025-03-03 01:00:00,2025-03-04 09:00:00,33,68.2,True,True,62.90385055541992,-1.6573326039109935,61.24651795150893,0,0,0.1
core_neuralprophet_frozen_s42,neuralprophet,frozen,selected,42,8,2025-03-03 01:00:00,2025-03-04 10:00:00,34,83.08,True,True,75.07624816894531,-1.6573326039109935,73.41891556503433,0,0,0.1
core_neuralprophet_frozen_s42,neuralprophet,frozen,selected,42,8,2025-03-03 01:00:00,2025-03-04 11:00:00,35,117.22,True,True,116.24974822998048,-1.6573326039109935,114.5924156260695,0,0,0.1
core_neuralprophet_frozen_s42,neuralprophet,frozen,selected,42,8,2025-03-03 01:00:00,2025-03-04 12:00:00,36,155.42,True,True,140.67298889160156,-1.6573326039109935,139.01565628769058,0,0,0.1
core_neuralprophet_frozen_s42,neuralprophet,frozen,selected,42,8,2025-03-03 01:00:00,2025-03-04 13:00:00,37,172.02,True,True,164.5745086669922,-1.6573326039109935,162.9171760630812,0,0,0.1
core_neuralprophet_frozen_s42,neuralprophet,frozen,selected,42,8,2025-03-03 01:00:00,2025-03-04 14:00:00,38,167.67,True,True,130.303466796875,-1.6573326039109935,128.646134192964,0,0,0.1
core_neuralprophet_frozen_s42,neuralprophet,frozen,selected,42,8,2025-03-03 01:00:00,2025-03-04 15:00:00,39,148.06,True,True,114.79607391357422,-1.6573326039109935,113.13874130966323,0,0,0.1
core_neuralprophet_frozen_s42,neuralprophet,frozen,selected,42,8,2025-03-03 01:00:00,2025-03-04 16:00:00,40,125.32,True,True,100.48622131347656,-1.6573326039109935,98.82888870956558,0,0,0.1
core_neuralprophet_frozen_s42,neuralprophet,frozen,selected,42,8,2025-03-03 01:00:00,2025-03-04 17:00:00,41,115.42,True,True,99.83777618408205,-1.6573326039109935,98.18044358017106,0,0,0.1
core_neuralprophet_frozen_s42,neuralprophet,frozen,selected,42,8,2025-03-03 01:00:00,2025-03-04 18:00:00,42,115.46,True,True,93.74331665039062,-1.6573326039109935,92.08598404647964,0,0,0.1
core_neuralprophet_frozen_s42,neuralprophet,frozen,selected,42,8,2025-03-03 01:00:00,2025-03-04 19:00:00,43,131.86,True,True,104.1808090209961,-1.6573326039109935,102.5234764170851,0,0,0.1
core_neuralprophet_frozen_s42,neuralprophet,frozen,selected,42,8,2025-03-03 01:00:00,2025-03-04 20:00:00,44,160.59,True,True,153.69358825683594,-1.6573326039109935,152.03625565292495,0,0,0.1
core_neuralprophet_frozen_s42,neuralprophet,frozen,selected,42,8,2025-03-03 01:00:00,2025-03-04 21:00:00,45,190.08,True,True,178.4632110595703,-1.6573326039109935,176.80587845565933,0,0,0.1
core_neuralprophet_frozen_s42,neuralprophet,frozen,selected,42,8,2025-03-03 01:00:00,2025-03-04 22:00:00,46,214.07,True,True,177.901123046875,-1.6573326039109935,176.243790442964,0,0,0.1
core_neuralprophet_frozen_s42,neuralprophet,frozen,selected,42,8,2025-03-03 01:00:00,2025-03-04 23:00:00,47,275.09,True,True,247.71356201171875,-1.6573326039109935,246.05622940780776,0,0,0.1
core_neuralprophet_frozen_s42,neuralprophet,frozen,selected,42,8,2025-03-03 01:00:00,2025-03-05 00:00:00,48,357.69,True,True,337.0177307128906,-1.6573326039109935,335.3603981089796,0,0,0.1
core_neuralprophet_frozen_s42,neuralprophet,frozen,selected,42,8,2025-03-03 01:00:00,2025-03-05 01:00:00,49,,False,False,,-1.6573326039109935,,0,0,0.1
core_neuralprophet_frozen_s42,neuralprophet,frozen,selected,42,8,2025-03-03 01:00:00,2025-03-05 02:00:00,50,,False,False,,-1.6573326039109935,,0,0,0.1
core_neuralprophet_frozen_s42,neuralprophet,frozen,selected,42,8,2025-03-03 01:00:00,2025-03-05 03:00:00,51,,False,False,,-1.6573326039109935,,0,0,0.1
core_neuralprophet_frozen_s42,neuralprophet,frozen,selected,42,8,2025-03-03 01:00:00,2025-03-05 04:00:00,52,,False,False,,-1.6573326039109935,,0,0,0.1
core_neuralprophet_frozen_s42,neuralprophet,frozen,selected,42,8,2025-03-03 01:00:00,2025-03-05 05:00:00,53,,False,False,,-1.6573326039109935,,0,0,0.1
core_neuralprophet_frozen_s42,neuralprophet,frozen,selected,42,8,2025-03-03 01:00:00,2025-03-05 06:00:00,54,,False,False,,-1.6573326039109935,,0,0,0.1
core_neuralprophet_frozen_s42,neuralprophet,frozen,selected,42,8,2025-03-03 01:00:00,2025-03-05 07:00:00,55,,False,False,,-1.6573326039109935,,0,0,0.1
core_neuralprophet_frozen_s42,neuralprophet,frozen,selected,42,8,2025-03-03 01:00:00,2025-03-05 08:00:00,56,,False,False,,-1.6573326039109935,,0,0,0.1
core_neuralprophet_frozen_s42,neuralprophet,frozen,selected,42,8,2025-03-03 01:00:00,2025-03-05 09:00:00,57,,False,False,,-1.6573326039109935,,0,0,0.1
core_neuralprophet_frozen_s42,neuralprophet,frozen,selected,42,8,2025-03-03 01:00:00,2025-03-05 10:00:00,58,,False,False,,-1.6573326039109935,,0,0,0.1
core_neuralprophet_frozen_s42,neuralprophet,frozen,selected,42,8,2025-03-03 01:00:00,2025-03-05 11:00:00,59,,False,False,,-1.6573326039109935,,0,0,0.1
core_neuralprophet_frozen_s42,neuralprophet,frozen,selected,42,8,2025-03-03 01:00:00,2025-03-05 12:00:00,60,,False,False,,-1.6573326039109935,,0,0,0.1
core_neuralprophet_frozen_s42,neuralprophet,frozen,selected,42,8,2025-03-03 01:00:00,2025-03-05 13:00:00,61,,False,False,,-1.6573326039109935,,0,0,0.1
core_neuralprophet_frozen_s42,neuralprophet,frozen,selected,42,8,2025-03-03 01:00:00,2025-03-05 14:00:00,62,,False,False,,-1.6573326039109935,,0,0,0.1
core_neuralprophet_frozen_s42,neuralprophet,frozen,selected,42,8,2025-03-03 01:00:00,2025-03-05 15:00:00,63,,False,False,,-1.6573326039109935,,0,0,0.1
core_neuralprophet_frozen_s42,neuralprophet,frozen,selected,42,8,2025-03-03 01:00:00,2025-03-05 16:00:00,64,,False,False,,-1.6573326039109935,,0,0,0.1
core_neuralprophet_frozen_s42,neuralprophet,frozen,selected,42,8,2025-03-03 01:00:00,2025-03-05 17:00:00,65,,False,False,,-1.6573326039109935,,0,0,0.1
core_neuralprophet_frozen_s42,neuralprophet,frozen,selected,42,8,2025-03-03 01:00:00,2025-03-05 18:00:00,66,,False,False,,-1.6573326039109935,,0,0,0.1
core_neuralprophet_frozen_s42,neuralprophet,frozen,selected,42,8,2025-03-03 01:00:00,2025-03-05 19:00:00,67,,False,False,,-1.6573326039109935,,0,0,0.1
core_neuralprophet_frozen_s42,neuralprophet,frozen,selected,42,8,2025-03-03 01:00:00,2025-03-05 20:00:00,68,,False,False,,-1.6573326039109935,,0,0,0.1
core_neuralprophet_frozen_s42,neuralprophet,frozen,selected,42,8,2025-03-03 01:00:00,2025-03-05 21:00:00,69,,False,False,,-1.6573326039109935,,0,0,0.1
core_neuralprophet_frozen_s42,neuralprophet,frozen,selected,42,8,2025-03-03 01:00:00,2025-03-05 22:00:00,70,,False,False,,-1.6573326039109935,,0,0,0.1
core_neuralprophet_frozen_s42,neuralprophet,frozen,selected,42,8,2025-03-03 01:00:00,2025-03-05 23:00:00,71,,False,False,,-1.6573326039109935,,0,0,0.1
core_neuralprophet_frozen_s42,neuralprophet,frozen,selected,42,8,2025-03-03 01:00:00,2025-03-06 00:00:00,72,,False,False,,-1.6573326039109935,,0,0,0.1
core_neuralprophet_frozen_s42,neuralprophet,frozen,selected,42,8,2025-03-03 01:00:00,2025-03-06 01:00:00,73,,False,False,,-1.6573326039109935,,0,0,0.1
core_neuralprophet_frozen_s42,neuralprophet,frozen,selected,42,8,2025-03-03 01:00:00,2025-03-06 02:00:00,74,,False,False,,-1.6573326039109935,,0,0,0.1
core_neuralprophet_frozen_s42,neuralprophet,frozen,selected,42,8,2025-03-03 01:00:00,2025-03-06 03:00:00,75,,False,False,,-1.6573326039109935,,0,0,0.1
core_neuralprophet_frozen_s42,neuralprophet,frozen,selected,42,8,2025-03-03 01:00:00,2025-03-06 04:00:00,76,,False,False,,-1.6573326039109935,,0,0,0.1
core_neuralprophet_frozen_s42,neuralprophet,frozen,selected,42,8,2025-03-03 01:00:00,2025-03-06 05:00:00,77,,False,False,,-1.6573326039109935,,0,0,0.1
core_neuralprophet_frozen_s42,neuralprophet,frozen,selected,42,8,2025-03-03 01:00:00,2025-03-06 06:00:00,78,,False,False,,-1.6573326039109935,,0,0,0.1
core_neuralprophet_frozen_s42,neuralprophet,frozen,selected,42,8,2025-03-03 01:00:00,2025-03-06 07:00:00,79,,False,False,,-1.6573326039109935,,0,0,0.1
core_neuralprophet_frozen_s42,neuralprophet,frozen,selected,42,8,2025-03-03 01:00:00,2025-03-06 08:00:00,80,,False,False,,-1.6573326039109935,,0,0,0.1
core_neuralprophet_frozen_s42,neuralprophet,frozen,selected,42,8,2025-03-03 01:00:00,2025-03-06 09:00:00,81,,False,False,,-1.6573326039109935,,0,0,0.1
core_neuralprophet_frozen_s42,neuralprophet,frozen,selected,42,8,2025-03-03 01:00:00,2025-03-06 10:00:00,82,,False,False,,-1.6573326039109935,,0,0,0.1
core_neuralprophet_frozen_s42,neuralprophet,frozen,selected,42,8,2025-03-03 01:00:00,2025-03-06 11:00:00,83,,False,False,,-1.6573326039109935,,0,0,0.1
core_neuralprophet_frozen_s42,neuralprophet,frozen,selected,42,8,2025-03-03 01:00:00,2025-03-06 12:00:00,84,,False,False,,-1.6573326039109935,,0,0,0.1
core_neuralprophet_frozen_s42,neuralprophet,frozen,selected,42,8,2025-03-03 01:00:00,2025-03-06 13:00:00,85,,False,False,,-1.6573326039109935,,0,0,0.1
core_neuralprophet_frozen_s42,neuralprophet,frozen,selected,42,8,2025-03-03 01:00:00,2025-03-06 14:00:00,86,,False,False,,-1.6573326039109935,,0,0,0.1
core_neuralprophet_frozen_s42,neuralprophet,frozen,selected,42,8,2025-03-03 01:00:00,2025-03-06 15:00:00,87,,False,False,,-1.6573326039109935,,0,0,0.1
core_neuralprophet_frozen_s42,neuralprophet,frozen,selected,42,8,2025-03-03 01:00:00,2025-03-06 16:00:00,88,,False,False,,-1.6573326039109935,,0,0,0.1
core_neuralprophet_frozen_s42,neuralprophet,frozen,selected,42,8,2025-03-03 01:00:00,2025-03-06 17:00:00,89,,False,False,,-1.6573326039109935,,0,0,0.1
core_neuralprophet_frozen_s42,neuralprophet,frozen,selected,42,8,2025-03-03 01:00:00,2025-03-06 18:00:00,90,,False,False,,-1.6573326039109935,,0,0,0.1
core_neuralprophet_frozen_s42,neuralprophet,frozen,selected,42,8,2025-03-03 01:00:00,2025-03-06 19:00:00,91,,False,False,,-1.6573326039109935,,0,0,0.1
core_neuralprophet_frozen_s42,neuralprophet,frozen,selected,42,8,2025-03-03 01:00:00,2025-03-06 20:00:00,92,,False,False,,-1.6573326039109935,,0,0,0.1
core_neuralprophet_frozen_s42,neuralprophet,frozen,selected,42,8,2025-03-03 01:00:00,2025-03-06 21:00:00,93,,False,False,,-1.6573326039109935,,0,0,0.1
core_neuralprophet_frozen_s42,neuralprophet,frozen,selected,42,8,2025-03-03 01:00:00,2025-03-06 22:00:00,94,,False,False,,-1.6573326039109935,,0,0,0.1
core_neuralprophet_frozen_s42,neuralprophet,frozen,selected,42,8,2025-03-03 01:00:00,2025-03-06 23:00:00,95,,False,False,,-1.6573326039109935,,0,0,0.1
core_neuralprophet_frozen_s42,neuralprophet,frozen,selected,42,8,2025-03-03 01:00:00,2025-03-07 00:00:00,96,,False,False,,-1.6573326039109935,,0,0,0.1
core_neuralprophet_frozen_s42,neuralprophet,frozen,selected,42,8,2025-03-03 01:00:00,2025-03-07 01:00:00,97,247.88,True,True,247.56173706054688,-1.6573326039109935,245.9044044566359,0,0,0.1
core_neuralprophet_frozen_s42,neuralprophet,frozen,selected,42,8,2025-03-03 01:00:00,2025-03-07 02:00:00,98,258.45,True,True,241.0813140869141,-1.6573326039109935,239.4239814830031,0,0,0.1
core_neuralprophet_frozen_s42,neuralprophet,frozen,selected,42,8,2025-03-03 01:00:00,2025-03-07 03:00:00,99,236.9,True,True,216.84527587890625,-1.6573326039109935,215.18794327499526,0,0,0.1
core_neuralprophet_frozen_s42,neuralprophet,frozen,selected,42,8,2025-03-03 01:00:00,2025-03-07 04:00:00,100,167.6,True,True,166.33482360839844,-1.6573326039109935,164.67749100448745,0,0,0.1
core_neuralprophet_frozen_s42,neuralprophet,frozen,selected,42,8,2025-03-03 01:00:00,2025-03-07 05:00:00,101,143.89,True,True,152.69863891601562,-1.6573326039109935,151.04130631210464,0,0,0.1
core_neuralprophet_frozen_s42,neuralprophet,frozen,selected,42,8,2025-03-03 01:00:00,2025-03-07 06:00:00,102,123.27,True,True,120.67950439453124,-1.6573326039109935,119.02217179062025,0,0,0.1
core_neuralprophet_frozen_s42,neuralprophet,frozen,selected,42,8,2025-03-03 01:00:00,2025-03-07 07:00:00,103,104.24,True,True,87.87730407714844,-1.6573326039109935,86.21997147323745,0,0,0.1
core_neuralprophet_frozen_s42,neuralprophet,frozen,selected,42,8,2025-03-03 01:00:00,2025-03-07 08:00:00,104,94.41,True,True,60.06224060058594,-1.6573326039109935,58.40490799667494,0,0,0.1
core_neuralprophet_frozen_s42,neuralprophet,frozen,selected,42,8,2025-03-03 01:00:00,2025-03-07 09:00:00,105,86.21,True,True,46.09785842895508,-1.6573326039109935,44.440525825044084,0,0,0.1
core_neuralprophet_frozen_s42,neuralprophet,frozen,selected,42,8,2025-03-03 01:00:00,2025-03-07 10:00:00,106,100.58,True,True,85.72859191894531,-1.6573326039109935,84.07125931503433,0,0,0.1
core_neuralprophet_frozen_s42,neuralprophet,frozen,selected,42,8,2025-03-03 01:00:00,2025-03-07 11:00:00,107,148.57,True,True,126.9179916381836,-1.6573326039109935,125.2606590342726,0,0,0.1
core_neuralprophet_frozen_s42,neuralprophet,frozen,selected,42,8,2025-03-03 01:00:00,2025-03-07 12:00:00,108,207.76,True,True,196.9371337890625,-1.6573326039109935,195.2798011851515,0,0,0.1
core_neuralprophet_frozen_s42,neuralprophet,frozen,selected,42,8,2025-03-03 01:00:00,2025-03-07 13:00:00,109,315.27,True,True,312.3807983398437,-1.6573326039109935,310.7234657359327,0,0,0.1
core_neuralprophet_frozen_s42,neuralprophet,frozen,selected,42,8,2025-03-03 01:00:00,2025-03-07 14:00:00,110,456.22,True,True,438.02734375,-1.6573326039109935,436.370011146089,0,0,0.1
core_neuralprophet_frozen_s42,neuralprophet,frozen,selected,42,8,2025-03-03 01:00:00,2025-03-07 15:00:00,111,546.26,True,True,547.4988403320312,-1.6573326039109935,545.8415077281203,0,0,0.1
core_neuralprophet_frozen_s42,neuralprophet,frozen,selected,42,8,2025-03-03 01:00:00,2025-03-07 16:00:00,112,564.09,True,True,581.5401000976562,-1.6573326039109935,579.8827674937453,0,0,0.1
core_neuralprophet_frozen_s42,neuralprophet,frozen,selected,42,8,2025-03-03 01:00:00,2025-03-07 17:00:00,113,523.96,True,True,527.7237548828125,-1.6573326039109935,526.0664222789015,0,0,0.1
core_neuralprophet_frozen_s42,neuralprophet,frozen,selected,42,8,2025-03-03 01:00:00,2025-03-07 18:00:00,114,444.18,True,True,457.6304321289063,-1.6573326039109935,455.9730995249953,0,0,0.1
core_neuralprophet_frozen_s42,neuralprophet,frozen,selected,42,8,2025-03-03 01:00:00,2025-03-07 19:00:00,115,370.03,True,True,380.3279418945313,-1.6573326039109935,378.6706092906203,0,0,0.1
core_neuralprophet_frozen_s42,neuralprophet,frozen,selected,42,8,2025-03-03 01:00:00,2025-03-07 20:00:00,116,330.7,True,True,343.6810302734375,-1.6573326039109935,342.0236976695265,0,0,0.1
core_neuralprophet_frozen_s42,neuralprophet,frozen,selected,42,8,2025-03-03 01:00:00,2025-03-07 21:00:00,117,311.99,True,True,327.1890869140625,-1.6573326039109935,325.5317543101515,0,0,0.1
core_neuralprophet_frozen_s42,neuralprophet,frozen,selected,42,8,2025-03-03 01:00:00,2025-03-07 22:00:00,118,295.04,True,True,328.5193176269531,-1.6573326039109935,326.8619850230421,0,0,0.1
core_neuralprophet_frozen_s42,neuralprophet,frozen,selected,42,8,2025-03-03 01:00:00,2025-03-07 23:00:00,119,328.1,True,True,380.0338745117188,-1.6573326039109935,378.3765419078078,0,0,0.1
core_neuralprophet_frozen_s42,neuralprophet,frozen,selected,42,8,2025-03-03 01:00:00,2025-03-08 00:00:00,120,390.59,True,True,425.65814208984375,-1.6573326039109935,424.00080948593273,0,0,0.1
core_neuralprophet_frozen_s42,neuralprophet,frozen,selected,42,8,2025-03-03 01:00:00,2025-03-08 01:00:00,121,409.01,True,True,432.5033874511719,-1.6573326039109935,430.84605484726086,0,0,0.1
core_neuralprophet_frozen_s42,neuralprophet,frozen,selected,42,8,2025-03-03 01:00:00,2025-03-08 02:00:00,122,419.46,True,True,462.1945190429688,-1.6573326039109935,460.5371864390578,0,0,0.1
core_neuralprophet_frozen_s42,neuralprophet,frozen,selected,42,8,2025-03-03 01:00:00,2025-03-08 03:00:00,123,417.07,True,True,479.1734008789063,-1.6573326039109935,477.5160682749953,0,0,0.1
core_neuralprophet_frozen_s42,neuralprophet,frozen,selected,42,8,2025-03-03 01:00:00,2025-03-08 04:00:00,124,192.45,True,True,250.86573791503903,-1.6573326039109935,249.20840531112805,0,0,0.1
core_neuralprophet_frozen_s42,neuralprophet,frozen,selected,42,8,2025-03-03 01:00:00,2025-03-08 05:00:00,125,186.02,True,True,222.5663146972656,-1.6573326039109935,220.9089820933546,0,0,0.1
core_neuralprophet_frozen_s42,neuralprophet,frozen,selected,42,8,2025-03-03 01:00:00,2025-03-08 06:00:00,126,191.3,True,True,225.2229156494141,-1.6573326039109935,223.5655830455031,0,0,0.1
core_neuralprophet_frozen_s42,neuralprophet,frozen,selected,42,8,2025-03-03 01:00:00,2025-03-08 07:00:00,127,166.55,True,True,196.7923126220703,-1.6573326039109935,195.13498001815933,0,0,0.1
core_neuralprophet_frozen_s42,neuralprophet,frozen,selected,42,8,2025-03-03 01:00:00,2025-03-08 08:00:00,128,126.2,True,True,178.49168395996094,-1.6573326039109935,176.83435135604995,0,0,0.1
core_neuralprophet_frozen_s42,neuralprophet,frozen,selected,42,8,2025-03-03 01:00:00,2025-03-08 09:00:00,129,104.26,True,True,163.159912109375,-1.6573326039109935,161.502579505464,0,0,0.1
core_neuralprophet_frozen_s42,neuralprophet,frozen,selected,42,8,2025-03-03 01:00:00,2025-03-08 10:00:00,130,109.94,True,True,170.5458526611328,-1.6573326039109935,168.88852005722183,0,0,0.1
core_neuralprophet_frozen_s42,neuralprophet,frozen,selected,42,8,2025-03-03 01:00:00,2025-03-08 11:00:00,131,140.08,True,True,194.8210906982422,-1.6573326039109935,193.1637580943312,0,0,0.1
core_neuralprophet_frozen_s42,neuralprophet,frozen,selected,42,8,2025-03-03 01:00:00,2025-03-08 12:00:00,132,176.74,True,True,252.60476684570312,-1.6573326039109935,250.94743424179214,0,0,0.1
core_neuralprophet_frozen_s42,neuralprophet,frozen,selected,42,8,2025-03-03 01:00:00,2025-03-08 13:00:00,133,204.4,True,True,266.63165283203125,-1.6573326039109935,264.97432022812023,0,0,0.1
core_neuralprophet_frozen_s42,neuralprophet,frozen,selected,42,8,2025-03-03 01:00:00,2025-03-08 14:00:00,134,221.95,True,True,272.6296081542969,-1.6573326039109935,270.97227555038586,0,0,0.1
core_neuralprophet_frozen_s42,neuralprophet,frozen,selected,42,8,2025-03-03 01:00:00,2025-03-08 15:00:00,135,225.31,True,True,260.4274597167969,-1.6573326039109935,258.77012711288586,0,0,0.1
core_neuralprophet_frozen_s42,neuralprophet,frozen,selected,42,8,2025-03-03 01:00:00,2025-03-08 16:00:00,136,230.43,True,True,272.09698486328125,-1.6573326039109935,270.43965225937023,0,0,0.1
core_neuralprophet_frozen_s42,neuralprophet,frozen,selected,42,8,2025-03-03 01:00:00,2025-03-08 17:00:00,137,238.66,True,True,281.1343994140625,-1.6573326039109935,279.4770668101515,0,0,0.1
core_neuralprophet_frozen_s42,neuralprophet,frozen,selected,42,8,2025-03-03 01:00:00,2025-03-08 18:00:00,138,239.33,True,True,261.0248718261719,-1.6573326039109935,259.36753922226086,0,0,0.1
core_neuralprophet_frozen_s42,neuralprophet,frozen,selected,42,8,2025-03-03 01:00:00,2025-03-08 19:00:00,139,241.26,True,True,255.77926635742188,-1.6573326039109935,254.1219337535109,0,0,0.1
core_neuralprophet_frozen_s42,neuralprophet,frozen,selected,42,8,2025-03-03 01:00:00,2025-03-08 20:00:00,140,245.55,True,True,256.75811767578125,-1.6573326039109935,255.10078507187026,0,0,0.1
core_neuralprophet_frozen_s42,neuralprophet,frozen,selected,42,8,2025-03-03 01:00:00,2025-03-08 21:00:00,141,247.54,True,True,253.97476196289065,-1.6573326039109935,252.31742935897967,0,0,0.1
core_neuralprophet_frozen_s42,neuralprophet,frozen,selected,42,8,2025-03-03 01:00:00,2025-03-08 22:00:00,142,246.44,True,True,233.33908081054688,-1.6573326039109935,231.6817482066359,0,0,0.1
core_neuralprophet_frozen_s42,neuralprophet,frozen,selected,42,8,2025-03-03 01:00:00,2025-03-08 23:00:00,143,299.18,True,True,280.576416015625,-1.6573326039109935,278.919083411714,0,0,0.1
core_neuralprophet_frozen_s42,neuralprophet,frozen,selected,42,8,2025-03-03 01:00:00,2025-03-09 00:00:00,144,380.39,True,True,347.6762084960937,-1.6573326039109935,346.0188758921827,0,0,0.1
core_neuralprophet_frozen_s42,neuralprophet,frozen,selected,42,8,2025-03-03 01:00:00,2025-03-09 01:00:00,145,402.12,True,True,355.336669921875,-1.6573326039109935,353.679337317964,0,0,0.1
core_neuralprophet_frozen_s42,neuralprophet,frozen,selected,42,8,2025-03-03 01:00:00,2025-03-09 02:00:00,146,425.41,True,True,340.0516357421875,-1.6573326039109935,338.3943031382765,0,0,0.1
core_neuralprophet_frozen_s42,neuralprophet,frozen,selected,42,8,2025-03-03 01:00:00,2025-03-09 03:00:00,147,442.88,True,True,352.07098388671875,-1.6573326039109935,350.41365128280773,0,0,0.1
core_neuralprophet_frozen_s42,neuralprophet,frozen,selected,42,8,2025-03-03 01:00:00,2025-03-09 04:00:00,148,314.9,True,True,216.8314666748047,-1.6573326039109935,215.1741340708937,0,0,0.1
core_neuralprophet_frozen_s42,neuralprophet,frozen,selected,42,8,2025-03-03 01:00:00,2025-03-09 05:00:00,149,273.56,True,True,203.2259063720703,-1.6573326039109935,201.56857376815933,0,0,0.1
core_neuralprophet_frozen_s42,neuralprophet,frozen,selected,42,8,2025-03-03 01:00:00,2025-03-09 06:00:00,150,237.76,True,True,150.48867797851562,-1.6573326039109935,148.83134537460464,0,0,0.1
core_neuralprophet_frozen_s42,neuralprophet,frozen,selected,42,8,2025-03-03 01:00:00,2025-03-09 07:00:00,151,163.16,True,True,81.5867691040039,-1.6573326039109935,79.92943650009292,0,0,0.1
core_neuralprophet_frozen_s42,neuralprophet,frozen,selected,42,8,2025-03-03 01:00:00,2025-03-09 08:00:00,152,129.02,True,True,19.377147674560547,-1.6573326039109935,17.719815070649553,0,0,0.1
core_neuralprophet_frozen_s42,neuralprophet,frozen,selected,42,8,2025-03-03 01:00:00,2025-03-09 09:00:00,153,118.52,True,True,15.601863861083984,-1.6573326039109935,13.94453125717299,0,0,0.1
core_neuralprophet_frozen_s42,neuralprophet,frozen,selected,42,8,2025-03-03 01:00:00,2025-03-09 10:00:00,154,116.81,True,True,10.816930770874023,-1.6573326039109935,9.159598166963029,0,0,0.1
core_neuralprophet_frozen_s42,neuralprophet,frozen,selected,42,8,2025-03-03 01:00:00,2025-03-09 11:00:00,155,125.98,True,True,20.03510284423828,-1.6573326039109935,18.377770240327287,0,0,0.1
core_neuralprophet_frozen_s42,neuralprophet,frozen,selected,42,8,2025-03-03 01:00:00,2025-03-09 12:00:00,156,129.36,True,True,18.29429626464844,-1.6573326039109935,16.636963660737447,0,0,0.1
core_neuralprophet_frozen_s42,neuralprophet,frozen,selected,42,8,2025-03-03 01:00:00,2025-03-09 13:00:00,157,130.78,True,True,19.698835372924805,-1.6573326039109935,18.04150276901381,0,0,0.1
core_neuralprophet_frozen_s42,neuralprophet,frozen,selected,42,8,2025-03-03 01:00:00,2025-03-09 14:00:00,158,139.75,True,True,3.161797523498535,-1.6573326039109935,1.5044649195875417,0,0,0.1
core_neuralprophet_frozen_s42,neuralprophet,frozen,selected,42,8,2025-03-03 01:00:00,2025-03-09 15:00:00,159,146.84,True,True,11.896114349365234,-1.6573326039109935,10.23878174545424,0,0,0.1
core_neuralprophet_frozen_s42,neuralprophet,frozen,selected,42,8,2025-03-03 01:00:00,2025-03-09 16:00:00,160,149.04,True,True,7.747377395629883,-1.6573326039109935,6.090044791718889,0,0,0.1
core_neuralprophet_frozen_s42,neuralprophet,frozen,selected,42,8,2025-03-03 01:00:00,2025-03-09 17:00:00,161,155.44,True,True,40.26396942138672,-1.6573326039109935,38.606636817475724,0,0,0.1
core_neuralprophet_frozen_s42,neuralprophet,frozen,selected,42,8,2025-03-03 01:00:00,2025-03-09 18:00:00,162,162.73,True,True,27.94280815124512,-1.6573326039109935,26.285475547334126,0,0,0.1
core_neuralprophet_frozen_s42,neuralprophet,frozen,selected,42,8,2025-03-03 01:00:00,2025-03-09 19:00:00,163,179.09,True,True,66.4213638305664,-1.6573326039109935,64.76403122665542,0,0,0.1
core_neuralprophet_frozen_s42,neuralprophet,frozen,selected,42,8,2025-03-03 01:00:00,2025-03-09 20:00:00,164,202.51,True,True,113.28255462646484,-1.6573326039109935,111.62522202255386,0,0,0.1
core_neuralprophet_frozen_s42,neuralprophet,frozen,selected,42,8,2025-03-03 01:00:00,2025-03-09 21:00:00,165,224.81,True,True,125.95198059082033,-1.6573326039109935,124.29464798690934,0,0,0.1
core_neuralprophet_frozen_s42,neuralprophet,frozen,selected,42,8,2025-03-03 01:00:00,2025-03-09 22:00:00,166,253.2,True,True,148.4808807373047,-1.6573326039109935,146.8235481333937,0,0,0.1
core_neuralprophet_frozen_s42,neuralprophet,frozen,selected,42,8,2025-03-03 01:00:00,2025-03-09 23:00:00,167,318.58,True,True,219.13671875,-1.6573326039109935,217.479386146089,0,0,0.1
core_neuralprophet_frozen_s42,neuralprophet,frozen,selected,42,8,2025-03-03 01:00:00,2025-03-10 00:00:00,168,403.47,True,True,312.5951538085937,-1.6573326039109935,310.9378212046827,0,0,0.1
core_neuralprophet_frozen_s42,neuralprophet,frozen,selected,42,9,2025-03-10 01:00:00,2025-03-10 01:00:00,1,468.68,True,True,443.7693481445313,-1.294731629241991,442.4746165152893,48,192,0.1
core_neuralprophet_frozen_s42,neuralprophet,frozen,selected,42,9,2025-03-10 01:00:00,2025-03-10 02:00:00,2,528.02,True,True,505.53363037109375,-1.294731629241991,504.23889874185176,48,192,0.1
core_neuralprophet_frozen_s42,neuralprophet,frozen,selected,42,9,2025-03-10 01:00:00,2025-03-10 03:00:00,3,579.36,True,True,563.213623046875,-1.294731629241991,561.9188914176331,48,192,0.1
core_neuralprophet_frozen_s42,neuralprophet,frozen,selected,42,9,2025-03-10 01:00:00,2025-03-10 04:00:00,4,351.98,True,True,318.1019592285156,-1.294731629241991,316.80722759927363,48,192,0.1
core_neuralprophet_frozen_s42,neuralprophet,frozen,selected,42,9,2025-03-10 01:00:00,2025-03-10 05:00:00,5,295.09,True,True,258.0,-1.294731629241991,256.705268370758,48,192,0.1
core_neuralprophet_frozen_s42,neuralprophet,frozen,selected,42,9,2025-03-10 01:00:00,2025-03-10 06:00:00,6,274.82,True,True,221.1781768798828,-1.294731629241991,219.88344525064082,48,192,0.1
core_neuralprophet_frozen_s42,neuralprophet,frozen,selected,42,9,2025-03-10 01:00:00,2025-03-10 07:00:00,7,260.8,True,True,209.13259887695312,-1.294731629241991,207.83786724771113,48,192,0.1
core_neuralprophet_frozen_s42,neuralprophet,frozen,selected,42,9,2025-03-10 01:00:00,2025-03-10 08:00:00,8,252.71,True,True,193.7049560546875,-1.294731629241991,192.4102244254455,48,192,0.1
core_neuralprophet_frozen_s42,neuralprophet,frozen,selected,42,9,2025-03-10 01:00:00,2025-03-10 09:00:00,9,257.98,True,True,174.92808532714844,-1.294731629241991,173.63335369790644,48,192,0.1
core_neuralprophet_frozen_s42,neuralprophet,frozen,selected,42,9,2025-03-10 01:00:00,2025-03-10 10:00:00,10,305.82,True,True,206.1524810791016,-1.294731629241991,204.8577494498596,48,192,0.1
core_neuralprophet_frozen_s42,neuralprophet,frozen,selected,42,9,2025-03-10 01:00:00,2025-03-10 11:00:00,11,409.9,True,True,324.1160888671875,-1.294731629241991,322.8213572379455,48,192,0.1
core_neuralprophet_frozen_s42,neuralprophet,frozen,selected,42,9,2025-03-10 01:00:00,2025-03-10 12:00:00,12,524.05,True,True,447.4400939941406,-1.294731629241991,446.14536236489863,48,192,0.1
core_neuralprophet_frozen_s42,neuralprophet,frozen,selected,42,9,2025-03-10 01:00:00,2025-03-10 13:00:00,13,597.3,True,True,518.2947998046875,-1.294731629241991,517.0000681754456,48,192,0.1
core_neuralprophet_frozen_s42,neuralprophet,frozen,selected,42,9,2025-03-10 01:00:00,2025-03-10 14:00:00,14,599.18,True,True,504.8351440429688,-1.294731629241991,503.5404124137268,48,192,0.1
core_neuralprophet_frozen_s42,neuralprophet,frozen,selected,42,9,2025-03-10 01:00:00,2025-03-10 15:00:00,15,525.87,True,True,443.5732727050781,-1.294731629241991,442.27854107583613,48,192,0.1
core_neuralprophet_frozen_s42,neuralprophet,frozen,selected,42,9,2025-03-10 01:00:00,2025-03-10 16:00:00,16,426.94,True,True,333.1782531738281,-1.294731629241991,331.88352154458613,48,192,0.1
core_neuralprophet_frozen_s42,neuralprophet,frozen,selected,42,9,2025-03-10 01:00:00,2025-03-10 17:00:00,17,386.62,True,True,306.9159851074219,-1.294731629241991,305.6212534781799,48,192,0.1
core_neuralprophet_frozen_s42,neuralprophet,frozen,selected,42,9,2025-03-10 01:00:00,2025-03-10 18:00:00,18,373.55,True,True,301.5746765136719,-1.294731629241991,300.2799448844299,48,192,0.1
core_neuralprophet_frozen_s42,neuralprophet,frozen,selected,42,9,2025-03-10 01:00:00,2025-03-10 19:00:00,19,389.35,True,True,312.3368835449219,-1.294731629241991,311.0421519156799,48,192,0.1
core_neuralprophet_frozen_s42,neuralprophet,frozen,selected,42,9,2025-03-10 01:00:00,2025-03-10 20:00:00,20,411.06,True,True,334.2312927246094,-1.294731629241991,332.9365610953674,48,192,0.1
core_neuralprophet_frozen_s42,neuralprophet,frozen,selected,42,9,2025-03-10 01:00:00,2025-03-10 21:00:00,21,424.62,True,True,339.550537109375,-1.294731629241991,338.255805480133,48,192,0.1
core_neuralprophet_frozen_s42,neuralprophet,frozen,selected,42,9,2025-03-10 01:00:00,2025-03-10 22:00:00,22,433.7,True,True,344.1376953125,-1.294731629241991,342.842963683258,48,192,0.1
core_neuralprophet_frozen_s42,neuralprophet,frozen,selected,42,9,2025-03-10 01:00:00,2025-03-10 23:00:00,23,501.1,True,True,420.1649169921875,-1.294731629241991,418.8701853629455,48,192,0.1
core_neuralprophet_frozen_s42,neuralprophet,frozen,selected,42,9,2025-03-10 01:00:00,2025-03-11 00:00:00,24,615.29,True,True,528.1630859375,-1.294731629241991,526.8683543082581,48,192,0.1
core_neuralprophet_frozen_s42,neuralprophet,frozen,selected,42,9,2025-03-10 01:00:00,2025-03-11 01:00:00,25,682.03,True,True,581.91162109375,-1.294731629241991,580.6168894645081,48,192,0.1
core_neuralprophet_frozen_s42,neuralprophet,frozen,selected,42,9,2025-03-10 01:00:00,2025-03-11 02:00:00,26,721.94,True,True,626.8279418945312,-1.294731629241991,625.5332102652893,48,192,0.1
core_neuralprophet_frozen_s42,neuralprophet,frozen,selected,42,9,2025-03-10 01:00:00,2025-03-11 03:00:00,27,765.86,True,True,675.7297973632812,-1.294731629241991,674.4350657340393,48,192,0.1
core_neuralprophet_frozen_s42,neuralprophet,frozen,selected,42,9,2025-03-10 01:00:00,2025-03-11 04:00:00,28,590.44,True,True,489.9386901855469,-1.294731629241991,488.6439585563049,48,192,0.1
core_neuralprophet_frozen_s42,neuralprophet,frozen,selected,42,9,2025-03-10 01:00:00,2025-03-11 05:00:00,29,538.25,True,True,456.87054443359375,-1.294731629241991,455.57581280435176,48,192,0.1
core_neuralprophet_frozen_s42,neuralprophet,frozen,selected,42,9,2025-03-10 01:00:00,2025-03-11 06:00:00,30,492.88,True,True,425.85589599609375,-1.294731629241991,424.56116436685176,48,192,0.1
core_neuralprophet_frozen_s42,neuralprophet,frozen,selected,42,9,2025-03-10 01:00:00,2025-03-11 07:00:00,31,451.86,True,True,389.4386291503906,-1.294731629241991,388.14389752114863,48,192,0.1
core_neuralprophet_frozen_s42,neuralprophet,frozen,selected,42,9,2025-03-10 01:00:00,2025-03-11 08:00:00,32,421.91,True,True,360.127685546875,-1.294731629241991,358.832953917633,48,192,0.1
core_neuralprophet_frozen_s42,neuralprophet,frozen,selected,42,9,2025-03-10 01:00:00,2025-03-11 09:00:00,33,388.37,True,True,299.86590576171875,-1.294731629241991,298.57117413247676,48,192,0.1
core_neuralprophet_frozen_s42,neuralprophet,frozen,selected,42,9,2025-03-10 01:00:00,2025-03-11 10:00:00,34,405.72,True,True,315.0994873046875,-1.294731629241991,313.8047556754455,48,192,0.1
core_neuralprophet_frozen_s42,neuralprophet,frozen,selected,42,9,2025-03-10 01:00:00,2025-03-11 11:00:00,35,498.33,True,True,411.3992919921875,-1.294731629241991,410.1045603629455,48,192,0.1
core_neuralprophet_frozen_s42,neuralprophet,frozen,selected,42,9,2025-03-10 01:00:00,2025-03-11 12:00:00,36,605.1,True,True,496.3099060058594,-1.294731629241991,495.0151743766174,48,192,0.1
core_neuralprophet_frozen_s42,neuralprophet,frozen,selected,42,9,2025-03-10 01:00:00,2025-03-11 13:00:00,37,700.4,True,True,565.4154663085938,-1.294731629241991,564.1207346793518,48,192,0.1
core_neuralprophet_frozen_s42,neuralprophet,frozen,selected,42,9,2025-03-10 01:00:00,2025-03-11 14:00:00,38,734.51,True,True,576.4785766601562,-1.294731629241991,575.1838450309143,48,192,0.1
core_neuralprophet_frozen_s42,neuralprophet,frozen,selected,42,9,2025-03-10 01:00:00,2025-03-11 15:00:00,39,613.44,True,True,483.9447937011719,-1.294731629241991,482.6500620719299,48,192,0.1
core_neuralprophet_frozen_s42,neuralprophet,frozen,selected,42,9,2025-03-10 01:00:00,2025-03-11 16:00:00,40,391.51,True,True,326.0448303222656,-1.294731629241991,324.75009869302363,48,192,0.1
core_neuralprophet_frozen_s42,neuralprophet,frozen,selected,42,9,2025-03-10 01:00:00,2025-03-11 17:00:00,41,239.68,True,True,246.89862060546875,-1.294731629241991,245.60388897622676,48,192,0.1
core_neuralprophet_frozen_s42,neuralprophet,frozen,selected,42,9,2025-03-10 01:00:00,2025-03-11 18:00:00,42,153.46,True,True,181.86929321289065,-1.294731629241991,180.57456158364866,48,192,0.1
core_neuralprophet_frozen_s42,neuralprophet,frozen,selected,42,9,2025-03-10 01:00:00,2025-03-11 19:00:00,43,126.54,True,True,159.49957275390625,-1.294731629241991,158.20484112466426,48,192,0.1
core_neuralprophet_frozen_s42,neuralprophet,frozen,selected,42,9,2025-03-10 01:00:00,2025-03-11 20:00:00,44,138.07,True,True,149.42259216308594,-1.294731629241991,148.12786053384394,48,192,0.1
core_neuralprophet_frozen_s42,neuralprophet,frozen,selected,42,9,2025-03-10 01:00:00,2025-03-11 21:00:00,45,159.74,True,True,163.76686096191406,-1.294731629241991,162.47212933267207,48,192,0.1
core_neuralprophet_frozen_s42,neuralprophet,frozen,selected,42,9,2025-03-10 01:00:00,2025-03-11 22:00:00,46,183.25,True,True,164.13900756835938,-1.294731629241991,162.84427593911738,48,192,0.1
core_neuralprophet_frozen_s42,neuralprophet,frozen,selected,42,9,2025-03-10 01:00:00,2025-03-11 23:00:00,47,235.14,True,True,214.7092437744141,-1.294731629241991,213.4145121451721,48,192,0.1
core_neuralprophet_frozen_s42,neuralprophet,frozen,selected,42,9,2025-03-10 01:00:00,2025-03-12 00:00:00,48,267.1,True,True,236.30088806152344,-1.294731629241991,235.00615643228144,48,192,0.1
core_neuralprophet_frozen_s42,neuralprophet,frozen,selected,42,9,2025-03-10 01:00:00,2025-03-12 01:00:00,49,234.25,True,True,179.2145538330078,-1.294731629241991,177.91982220376582,48,192,0.1
core_neuralprophet_frozen_s42,neuralprophet,frozen,selected,42,9,2025-03-10 01:00:00,2025-03-12 02:00:00,50,217.98,True,True,157.60836791992188,-1.294731629241991,156.31363629067988,48,192,0.1
core_neuralprophet_frozen_s42,neuralprophet,frozen,selected,42,9,2025-03-10 01:00:00,2025-03-12 03:00:00,51,170.44,True,True,120.57106018066406,-1.294731629241991,119.27632855142207,48,192,0.1
core_neuralprophet_frozen_s42,neuralprophet,frozen,selected,42,9,2025-03-10 01:00:00,2025-03-12 04:00:00,52,68.47,True,True,54.79629898071289,-1.294731629241991,53.5015673514709,48,192,0.1
core_neuralprophet_frozen_s42,neuralprophet,frozen,selected,42,9,2025-03-10 01:00:00,2025-03-12 05:00:00,53,41.67,True,True,46.26807403564453,-1.294731629241991,44.97334240640254,48,192,0.1
core_neuralprophet_frozen_s42,neuralprophet,frozen,selected,42,9,2025-03-10 01:00:00,2025-03-12 06:00:00,54,35.74,True,True,40.18989181518555,-1.294731629241991,38.89516018594355,48,192,0.1
core_neuralprophet_frozen_s42,neuralprophet,frozen,selected,42,9,2025-03-10 01:00:00,2025-03-12 07:00:00,55,33.33,True,True,43.64987182617188,-1.294731629241991,42.35514019692989,48,192,0.1
core_neuralprophet_frozen_s42,neuralprophet,frozen,selected,42,9,2025-03-10 01:00:00,2025-03-12 08:00:00,56,36.74,True,True,41.418827056884766,-1.294731629241991,40.12409542764277,48,192,0.1
core_neuralprophet_frozen_s42,neuralprophet,frozen,selected,42,9,2025-03-10 01:00:00,2025-03-12 09:00:00,57,42.17,True,True,45.889678955078125,-1.294731629241991,44.59494732583613,48,192,0.1
core_neuralprophet_frozen_s42,neuralprophet,frozen,selected,42,9,2025-03-10 01:00:00,2025-03-12 10:00:00,58,51.82,True,True,46.00748825073242,-1.294731629241991,44.71275662149043,48,192,0.1
core_neuralprophet_frozen_s42,neuralprophet,frozen,selected,42,9,2025-03-10 01:00:00,2025-03-12 11:00:00,59,81.0,True,True,79.9318618774414,-1.294731629241991,78.63713024819941,48,192,0.1
core_neuralprophet_frozen_s42,neuralprophet,frozen,selected,42,9,2025-03-10 01:00:00,2025-03-12 12:00:00,60,130.0,True,True,133.97698974609375,-1.294731629241991,132.68225811685176,48,192,0.1
core_neuralprophet_frozen_s42,neuralprophet,frozen,selected,42,9,2025-03-10 01:00:00,2025-03-12 13:00:00,61,217.83,True,True,223.40431213378903,-1.294731629241991,222.10958050454704,48,192,0.1
core_neuralprophet_frozen_s42,neuralprophet,frozen,selected,42,9,2025-03-10 01:00:00,2025-03-12 14:00:00,62,338.03,True,True,354.29345703125,-1.294731629241991,352.998725402008,48,192,0.1
core_neuralprophet_frozen_s42,neuralprophet,frozen,selected,42,9,2025-03-10 01:00:00,2025-03-12 15:00:00,63,429.35,True,True,459.8091735839844,-1.294731629241991,458.5144419547424,48,192,0.1
core_neuralprophet_frozen_s42,neuralprophet,frozen,selected,42,9,2025-03-10 01:00:00,2025-03-12 16:00:00,64,447.17,True,True,482.4420166015625,-1.294731629241991,481.1472849723205,48,192,0.1
core_neuralprophet_frozen_s42,neuralprophet,frozen,selected,42,9,2025-03-10 01:00:00,2025-03-12 17:00:00,65,417.29,True,True,450.8956909179688,-1.294731629241991,449.6009592887268,48,192,0.1
core_neuralprophet_frozen_s42,neuralprophet,frozen,selected,42,9,2025-03-10 01:00:00,2025-03-12 18:00:00,66,369.96,True,True,398.6175537109375,-1.294731629241991,397.3228220816955,48,192,0.1
core_neuralprophet_frozen_s42,neuralprophet,frozen,selected,42,9,2025-03-10 01:00:00,2025-03-12 19:00:00,67,321.45,True,True,352.75128173828125,-1.294731629241991,351.45655010903926,48,192,0.1
core_neuralprophet_frozen_s42,neuralprophet,frozen,selected,42,9,2025-03-10 01:00:00,2025-03-12 20:00:00,68,294.91,True,True,322.2216491699219,-1.294731629241991,320.9269175406799,48,192,0.1
core_neuralprophet_frozen_s42,neuralprophet,frozen,selected,42,9,2025-03-10 01:00:00,2025-03-12 21:00:00,69,280.67,True,True,304.01904296875,-1.294731629241991,302.724311339508,48,192,0.1
core_neuralprophet_frozen_s42,neuralprophet,frozen,selected,42,9,2025-03-10 01:00:00,2025-03-12 22:00:00,70,253.76,True,True,265.23291015625,-1.294731629241991,263.938178527008,48,192,0.1
core_neuralprophet_frozen_s42,neuralprophet,frozen,selected,42,9,2025-03-10 01:00:00,2025-03-12 23:00:00,71,285.51,True,True,313.7430419921875,-1.294731629241991,312.4483103629455,48,192,0.1
core_neuralprophet_frozen_s42,neuralprophet,frozen,selected,42,9,2025-03-10 01:00:00,2025-03-13 00:00:00,72,336.25,True,True,367.9856567382813,-1.294731629241991,366.6909251090393,48,192,0.1
core_neuralprophet_frozen_s42,neuralprophet,frozen,selected,42,9,2025-03-10 01:00:00,2025-03-13 01:00:00,73,313.01,True,True,327.451171875,-1.294731629241991,326.156440245758,48,192,0.1
core_neuralprophet_frozen_s42,neuralprophet,frozen,selected,42,9,2025-03-10 01:00:00,2025-03-13 02:00:00,74,299.56,True,True,324.4812316894531,-1.294731629241991,323.18650006021113,48,192,0.1
core_neuralprophet_frozen_s42,neuralprophet,frozen,selected,42,9,2025-03-10 01:00:00,2025-03-13 03:00:00,75,277.57,True,True,313.38983154296875,-1.294731629241991,312.09509991372676,48,192,0.1
core_neuralprophet_frozen_s42,neuralprophet,frozen,selected,42,9,2025-03-10 01:00:00,2025-03-13 04:00:00,76,177.69,True,True,184.6319274902344,-1.294731629241991,183.3371958609924,48,192,0.1
core_neuralprophet_frozen_s42,neuralprophet,frozen,selected,42,9,2025-03-10 01:00:00,2025-03-13 05:00:00,77,161.97,True,True,158.42166137695312,-1.294731629241991,157.12692974771113,48,192,0.1
core_neuralprophet_frozen_s42,neuralprophet,frozen,selected,42,9,2025-03-10 01:00:00,2025-03-13 06:00:00,78,159.56,True,True,127.31571197509766,-1.294731629241991,126.02098034585566,48,192,0.1
core_neuralprophet_frozen_s42,neuralprophet,frozen,selected,42,9,2025-03-10 01:00:00,2025-03-13 07:00:00,79,180.11,True,True,123.15872192382812,-1.294731629241991,121.86399029458613,48,192,0.1
core_neuralprophet_frozen_s42,neuralprophet,frozen,selected,42,9,2025-03-10 01:00:00,2025-03-13 08:00:00,80,222.17,True,True,152.37803649902344,-1.294731629241991,151.08330486978144,48,192,0.1
core_neuralprophet_frozen_s42,neuralprophet,frozen,selected,42,9,2025-03-10 01:00:00,2025-03-13 09:00:00,81,254.1,True,True,177.71739196777344,-1.294731629241991,176.42266033853144,48,192,0.1
core_neuralprophet_frozen_s42,neuralprophet,frozen,selected,42,9,2025-03-10 01:00:00,2025-03-13 10:00:00,82,276.54,True,True,191.11170959472656,-1.294731629241991,189.81697796548457,48,192,0.1
core_neuralprophet_frozen_s42,neuralprophet,frozen,selected,42,9,2025-03-10 01:00:00,2025-03-13 11:00:00,83,265.42,True,True,154.81236267089844,-1.294731629241991,153.51763104165644,48,192,0.1
core_neuralprophet_frozen_s42,neuralprophet,frozen,selected,42,9,2025-03-10 01:00:00,2025-03-13 12:00:00,84,178.63,True,True,80.84548950195312,-1.294731629241991,79.55075787271113,48,192,0.1
core_neuralprophet_frozen_s42,neuralprophet,frozen,selected,42,9,2025-03-10 01:00:00,2025-03-13 13:00:00,85,105.61,True,True,69.91497802734375,-1.294731629241991,68.62024639810176,48,192,0.1
core_neuralprophet_frozen_s42,neuralprophet,frozen,selected,42,9,2025-03-10 01:00:00,2025-03-13 14:00:00,86,84.6,True,True,86.50312805175781,-1.294731629241991,85.20839642251582,48,192,0.1
core_neuralprophet_frozen_s42,neuralprophet,frozen,selected,42,9,2025-03-10 01:00:00,2025-03-13 15:00:00,87,70.29,True,True,88.77153778076172,-1.294731629241991,87.47680615151972,48,192,0.1
core_neuralprophet_frozen_s42,neuralprophet,frozen,selected,42,9,2025-03-10 01:00:00,2025-03-13 16:00:00,88,60.12,True,True,87.05802917480469,-1.294731629241991,85.7632975455627,48,192,0.1
core_neuralprophet_frozen_s42,neuralprophet,frozen,selected,42,9,2025-03-10 01:00:00,2025-03-13 17:00:00,89,59.07,True,True,102.27312469482422,-1.294731629241991,100.97839306558222,48,192,0.1
core_neuralprophet_frozen_s42,neuralprophet,frozen,selected,42,9,2025-03-10 01:00:00,2025-03-13 18:00:00,90,61.58,True,True,105.57967376708984,-1.294731629241991,104.28494213784785,48,192,0.1
core_neuralprophet_frozen_s42,neuralprophet,frozen,selected,42,9,2025-03-10 01:00:00,2025-03-13 19:00:00,91,69.87,True,True,127.90888214111328,-1.294731629241991,126.61415051187129,48,192,0.1
core_neuralprophet_frozen_s42,neuralprophet,frozen,selected,42,9,2025-03-10 01:00:00,2025-03-13 20:00:00,92,80.47,True,True,129.04812622070312,-1.294731629241991,127.75339459146113,48,192,0.1
core_neuralprophet_frozen_s42,neuralprophet,frozen,selected,42,9,2025-03-10 01:00:00,2025-03-13 21:00:00,93,88.73,True,True,146.8925323486328,-1.294731629241991,145.59780071939082,48,192,0.1
core_neuralprophet_frozen_s42,neuralprophet,frozen,selected,42,9,2025-03-10 01:00:00,2025-03-13 22:00:00,94,96.11,True,True,155.211669921875,-1.294731629241991,153.916938292633,48,192,0.1
core_neuralprophet_frozen_s42,neuralprophet,frozen,selected,42,9,2025-03-10 01:00:00,2025-03-13 23:00:00,95,128.19,True,True,188.8341827392578,-1.294731629241991,187.53945111001582,48,192,0.1
core_neuralprophet_frozen_s42,neuralprophet,frozen,selected,42,9,2025-03-10 01:00:00,2025-03-14 00:00:00,96,167.14,True,True,219.8890838623047,-1.294731629241991,218.5943522330627,48,192,0.1
core_neuralprophet_frozen_s42,neuralprophet,frozen,selected,42,9,2025-03-10 01:00:00,2025-03-14 01:00:00,97,79.89,True,True,90.11593627929688,-1.294731629241991,88.82120465005488,48,192,0.1
core_neuralprophet_frozen_s42,neuralprophet,frozen,selected,42,9,2025-03-10 01:00:00,2025-03-14 02:00:00,98,56.08,True,True,75.82930755615234,-1.294731629241991,74.53457592691035,48,192,0.1
core_neuralprophet_frozen_s42,neuralprophet,frozen,selected,42,9,2025-03-10 01:00:00,2025-03-14 03:00:00,99,43.68,True,True,64.27678680419922,-1.294731629241991,62.982055174957225,48,192,0.1
core_neuralprophet_frozen_s42,neuralprophet,frozen,selected,42,9,2025-03-10 01:00:00,2025-03-14 04:00:00,100,36.26,True,True,86.11072540283203,-1.294731629241991,84.81599377359004,48,192,0.1
core_neuralprophet_frozen_s42,neuralprophet,frozen,selected,42,9,2025-03-10 01:00:00,2025-03-14 05:00:00,101,32.24,True,True,80.7328109741211,-1.294731629241991,79.4380793448791,48,192,0.1
core_neuralprophet_frozen_s42,neuralprophet,frozen,selected,42,9,2025-03-10 01:00:00,2025-03-14 06:00:00,102,29.75,True,True,78.0336685180664,-1.294731629241991,76.73893688882441,48,192,0.1
core_neuralprophet_frozen_s42,neuralprophet,frozen,selected,42,9,2025-03-10 01:00:00,2025-03-14 07:00:00,103,28.54,True,True,91.4000473022461,-1.294731629241991,90.1053156730041,48,192,0.1
core_neuralprophet_frozen_s42,neuralprophet,frozen,selected,42,9,2025-03-10 01:00:00,2025-03-14 08:00:00,104,28.35,True,True,72.9603271484375,-1.294731629241991,71.6655955191955,48,192,0.1
core_neuralprophet_frozen_s42,neuralprophet,frozen,selected,42,9,2025-03-10 01:00:00,2025-03-14 09:00:00,105,28.52,True,True,68.35547637939453,-1.294731629241991,67.06074475015254,48,192,0.1
core_neuralprophet_frozen_s42,neuralprophet,frozen,selected,42,9,2025-03-10 01:00:00,2025-03-14 10:00:00,106,30.09,True,True,58.29213333129883,-1.294731629241991,56.997401702056834,48,192,0.1
core_neuralprophet_frozen_s42,neuralprophet,frozen,selected,42,9,2025-03-10 01:00:00,2025-03-14 11:00:00,107,35.1,True,True,52.74034118652344,-1.294731629241991,51.44560955728144,48,192,0.1
core_neuralprophet_frozen_s42,neuralprophet,frozen,selected,42,9,2025-03-10 01:00:00,2025-03-14 12:00:00,108,40.63,True,True,39.85570526123047,-1.294731629241991,38.560973631988475,48,192,0.1
core_neuralprophet_frozen_s42,neuralprophet,frozen,selected,42,9,2025-03-10 01:00:00,2025-03-14 13:00:00,109,41.12,True,True,49.86837387084961,-1.294731629241991,48.573642241607615,48,192,0.1
core_neuralprophet_frozen_s42,neuralprophet,frozen,selected,42,9,2025-03-10 01:00:00,2025-03-14 14:00:00,110,40.82,True,True,48.1479377746582,-1.294731629241991,46.85320614541621,48,192,0.1
core_neuralprophet_frozen_s42,neuralprophet,frozen,selected,42,9,2025-03-10 01:00:00,2025-03-14 15:00:00,111,38.07,True,True,54.10110855102539,-1.294731629241991,52.8063769217834,48,192,0.1
core_neuralprophet_frozen_s42,neuralprophet,frozen,selected,42,9,2025-03-10 01:00:00,2025-03-14 16:00:00,112,31.97,True,True,56.26564025878906,-1.294731629241991,54.97090862954707,48,192,0.1
core_neuralprophet_frozen_s42,neuralprophet,frozen,selected,42,9,2025-03-10 01:00:00,2025-03-14 17:00:00,113,28.79,True,True,68.98703002929688,-1.294731629241991,67.69229840005488,48,192,0.1
core_neuralprophet_frozen_s42,neuralprophet,frozen,selected,42,9,2025-03-10 01:00:00,2025-03-14 18:00:00,114,29.14,True,True,61.069580078125,-1.294731629241991,59.774848448883006,48,192,0.1
core_neuralprophet_frozen_s42,neuralprophet,frozen,selected,42,9,2025-03-10 01:00:00,2025-03-14 19:00:00,115,32.4,True,True,64.1108169555664,-1.294731629241991,62.81608532632441,48,192,0.1
core_neuralprophet_frozen_s42,neuralprophet,frozen,selected,42,9,2025-03-10 01:00:00,2025-03-14 20:00:00,116,36.19,True,True,80.79874420166016,-1.294731629241991,79.50401257241816,48,192,0.1
core_neuralprophet_frozen_s42,neuralprophet,frozen,selected,42,9,2025-03-10 01:00:00,2025-03-14 21:00:00,117,40.25,True,True,79.67510986328125,-1.294731629241991,78.38037823403926,48,192,0.1
core_neuralprophet_frozen_s42,neuralprophet,frozen,selected,42,9,2025-03-10 01:00:00,2025-03-14 22:00:00,118,47.46,True,True,88.0472183227539,-1.294731629241991,86.75248669351191,48,192,0.1
core_neuralprophet_frozen_s42,neuralprophet,frozen,selected,42,9,2025-03-10 01:00:00,2025-03-14 23:00:00,119,85.98,True,True,131.31802368164062,-1.294731629241991,130.02329205239863,48,192,0.1
core_neuralprophet_frozen_s42,neuralprophet,frozen,selected,42,9,2025-03-10 01:00:00,2025-03-15 00:00:00,120,152.25,True,True,190.43777465820312,-1.294731629241991,189.14304302896113,48,192,0.1
core_neuralprophet_frozen_s42,neuralprophet,frozen,selected,42,9,2025-03-10 01:00:00,2025-03-15 01:00:00,121,204.83,True,True,235.80636596679688,-1.294731629241991,234.51163433755488,48,192,0.1
core_neuralprophet_frozen_s42,neuralprophet,frozen,selected,42,9,2025-03-10 01:00:00,2025-03-15 02:00:00,122,183.26,True,True,210.2601318359375,-1.294731629241991,208.9654002066955,48,192,0.1
core_neuralprophet_frozen_s42,neuralprophet,frozen,selected,42,9,2025-03-10 01:00:00,2025-03-15 03:00:00,123,100.88,True,True,128.34909057617188,-1.294731629241991,127.05435894692988,48,192,0.1
core_neuralprophet_frozen_s42,neuralprophet,frozen,selected,42,9,2025-03-10 01:00:00,2025-03-15 04:00:00,124,29.22,True,True,58.91322708129883,-1.294731629241991,57.618495452056834,48,192,0.1
core_neuralprophet_frozen_s42,neuralprophet,frozen,selected,42,9,2025-03-10 01:00:00,2025-03-15 05:00:00,125,23.38,True,True,57.034950256347656,-1.294731629241991,55.74021862710566,48,192,0.1
core_neuralprophet_frozen_s42,neuralprophet,frozen,selected,42,9,2025-03-10 01:00:00,2025-03-15 06:00:00,126,24.16,True,True,63.95115661621094,-1.294731629241991,62.65642498696894,48,192,0.1
core_neuralprophet_frozen_s42,neuralprophet,frozen,selected,42,9,2025-03-10 01:00:00,2025-03-15 07:00:00,127,28.38,True,True,73.75831604003906,-1.294731629241991,72.46358441079707,48,192,0.1
core_neuralprophet_frozen_s42,neuralprophet,frozen,selected,42,9,2025-03-10 01:00:00,2025-03-15 08:00:00,128,33.38,True,True,79.57245635986328,-1.294731629241991,78.27772473062129,48,192,0.1
core_neuralprophet_frozen_s42,neuralprophet,frozen,selected,42,9,2025-03-10 01:00:00,2025-03-15 09:00:00,129,32.87,True,True,71.81639862060547,-1.294731629241991,70.52166699136347,48,192,0.1
core_neuralprophet_frozen_s42,neuralprophet,frozen,selected,42,9,2025-03-10 01:00:00,2025-03-15 10:00:00,130,26.69,True,True,39.8884162902832,-1.294731629241991,38.59368466104121,48,192,0.1
core_neuralprophet_frozen_s42,neuralprophet,frozen,selected,42,9,2025-03-10 01:00:00,2025-03-15 11:00:00,131,22.78,True,True,26.99325561523437,-1.294731629241991,25.69852398599238,48,192,0.1
core_neuralprophet_frozen_s42,neuralprophet,frozen,selected,42,9,2025-03-10 01:00:00,2025-03-15 12:00:00,132,20.4,True,True,21.63611602783203,-1.294731629241991,20.34138439859004,48,192,0.1
core_neuralprophet_frozen_s42,neuralprophet,frozen,selected,42,9,2025-03-10 01:00:00,2025-03-15 13:00:00,133,26.92,True,True,28.184038162231445,-1.294731629241991,26.889306532989455,48,192,0.1
core_neuralprophet_frozen_s42,neuralprophet,frozen,selected,42,9,2025-03-10 01:00:00,2025-03-15 14:00:00,134,40.88,True,True,49.66379165649414,-1.294731629241991,48.36906002725215,48,192,0.1
core_neuralprophet_frozen_s42,neuralprophet,frozen,selected,42,9,2025-03-10 01:00:00,2025-03-15 15:00:00,135,46.72,True,True,80.3152847290039,-1.294731629241991,79.02055309976191,48,192,0.1
core_neuralprophet_frozen_s42,neuralprophet,frozen,selected,42,9,2025-03-10 01:00:00,2025-03-15 16:00:00,136,49.4,True,True,94.9769515991211,-1.294731629241991,93.6822199698791,48,192,0.1
core_neuralprophet_frozen_s42,neuralprophet,frozen,selected,42,9,2025-03-10 01:00:00,2025-03-15 17:00:00,137,57.81,True,True,109.07772827148438,-1.294731629241991,107.78299664224238,48,192,0.1
core_neuralprophet_frozen_s42,neuralprophet,frozen,selected,42,9,2025-03-10 01:00:00,2025-03-15 18:00:00,138,64.68,True,True,130.8980712890625,-1.294731629241991,129.6033396598205,48,192,0.1
core_neuralprophet_frozen_s42,neuralprophet,frozen,selected,42,9,2025-03-10 01:00:00,2025-03-15 19:00:00,139,67.57,True,True,133.56468200683594,-1.294731629241991,132.26995037759394,48,192,0.1
core_neuralprophet_frozen_s42,neuralprophet,frozen,selected,42,9,2025-03-10 01:00:00,2025-03-15 20:00:00,140,67.97,True,True,128.3084259033203,-1.294731629241991,127.01369427407832,48,192,0.1
core_neuralprophet_frozen_s42,neuralprophet,frozen,selected,42,9,2025-03-10 01:00:00,2025-03-15 21:00:00,141,70.45,True,True,152.12277221679688,-1.294731629241991,150.82804058755488,48,192,0.1
core_neuralprophet_frozen_s42,neuralprophet,frozen,selected,42,9,2025-03-10 01:00:00,2025-03-15 22:00:00,142,76.65,True,True,140.67288208007812,-1.294731629241991,139.37815045083613,48,192,0.1
core_neuralprophet_frozen_s42,neuralprophet,frozen,selected,42,9,2025-03-10 01:00:00,2025-03-15 23:00:00,143,101.52,True,True,177.2688751220703,-1.294731629241991,175.97414349282832,48,192,0.1
core_neuralprophet_frozen_s42,neuralprophet,frozen,selected,42,9,2025-03-10 01:00:00,2025-03-16 00:00:00,144,97.72,True,True,167.17410278320312,-1.294731629241991,165.87937115396113,48,192,0.1
core_neuralprophet_frozen_s42,neuralprophet,frozen,selected,42,9,2025-03-10 01:00:00,2025-03-16 01:00:00,145,56.58,True,True,99.24859619140624,-1.294731629241991,97.95386456216424,48,192,0.1
core_neuralprophet_frozen_s42,neuralprophet,frozen,selected,42,9,2025-03-10 01:00:00,2025-03-16 02:00:00,146,39.15,True,True,67.34270477294922,-1.294731629241991,66.04797314370722,48,192,0.1
core_neuralprophet_frozen_s42,neuralprophet,frozen,selected,42,9,2025-03-10 01:00:00,2025-03-16 03:00:00,147,25.37,True,True,45.49601745605469,-1.294731629241991,44.20128582681269,48,192,0.1
core_neuralprophet_frozen_s42,neuralprophet,frozen,selected,42,9,2025-03-10 01:00:00,2025-03-16 04:00:00,148,11.05,True,True,54.90302276611328,-1.294731629241991,53.60829113687129,48,192,0.1
core_neuralprophet_frozen_s42,neuralprophet,frozen,selected,42,9,2025-03-10 01:00:00,2025-03-16 05:00:00,149,9.46,True,True,70.13046264648438,-1.294731629241991,68.83573101724238,48,192,0.1
core_neuralprophet_frozen_s42,neuralprophet,frozen,selected,42,9,2025-03-10 01:00:00,2025-03-16 06:00:00,150,10.43,True,True,64.70561218261719,-1.294731629241991,63.41088055337519,48,192,0.1
core_neuralprophet_frozen_s42,neuralprophet,frozen,selected,42,9,2025-03-10 01:00:00,2025-03-16 07:00:00,151,13.59,True,True,68.5684585571289,-1.294731629241991,67.27372692788691,48,192,0.1
core_neuralprophet_frozen_s42,neuralprophet,frozen,selected,42,9,2025-03-10 01:00:00,2025-03-16 08:00:00,152,18.98,True,True,84.7565689086914,-1.294731629241991,83.46183727944941,48,192,0.1
core_neuralprophet_frozen_s42,neuralprophet,frozen,selected,42,9,2025-03-10 01:00:00,2025-03-16 09:00:00,153,24.69,True,True,70.72260284423828,-1.294731629241991,69.42787121499629,48,192,0.1
core_neuralprophet_frozen_s42,neuralprophet,frozen,selected,42,9,2025-03-10 01:00:00,2025-03-16 10:00:00,154,40.9,True,True,90.23429107666016,-1.294731629241991,88.93955944741816,48,192,0.1
core_neuralprophet_frozen_s42,neuralprophet,frozen,selected,42,9,2025-03-10 01:00:00,2025-03-16 11:00:00,155,84.58,True,True,137.4086456298828,-1.294731629241991,136.11391400064082,48,192,0.1
core_neuralprophet_frozen_s42,neuralprophet,frozen,selected,42,9,2025-03-10 01:00:00,2025-03-16 12:00:00,156,146.1,True,True,196.1903076171875,-1.294731629241991,194.8955759879455,48,192,0.1
core_neuralprophet_frozen_s42,neuralprophet,frozen,selected,42,9,2025-03-10 01:00:00,2025-03-16 13:00:00,157,210.75,True,True,261.808349609375,-1.294731629241991,260.513617980133,48,192,0.1
core_neuralprophet_frozen_s42,neuralprophet,frozen,selected,42,9,2025-03-10 01:00:00,2025-03-16 14:00:00,158,284.49,True,True,328.0809326171875,-1.294731629241991,326.7862009879455,48,192,0.1
core_neuralprophet_frozen_s42,neuralprophet,frozen,selected,42,9,2025-03-10 01:00:00,2025-03-16 15:00:00,159,332.76,True,True,380.253662109375,-1.294731629241991,378.958930480133,48,192,0.1
core_neuralprophet_frozen_s42,neuralprophet,frozen,selected,42,9,2025-03-10 01:00:00,2025-03-16 16:00:00,160,333.31,True,True,400.6892395019531,-1.294731629241991,399.39450787271113,48,192,0.1
core_neuralprophet_frozen_s42,neuralprophet,frozen,selected,42,9,2025-03-10 01:00:00,2025-03-16 17:00:00,161,327.65,True,True,402.3168640136719,-1.294731629241991,401.0221323844299,48,192,0.1
core_neuralprophet_frozen_s42,neuralprophet,frozen,selected,42,9,2025-03-10 01:00:00,2025-03-16 18:00:00,162,301.94,True,True,359.7279357910156,-1.294731629241991,358.43320416177363,48,192,0.1
core_neuralprophet_frozen_s42,neuralprophet,frozen,selected,42,9,2025-03-10 01:00:00,2025-03-16 19:00:00,163,225.27,True,True,280.50634765625,-1.294731629241991,279.211616027008,48,192,0.1
core_neuralprophet_frozen_s42,neuralprophet,frozen,selected,42,9,2025-03-10 01:00:00,2025-03-16 20:00:00,164,150.19,True,True,204.08984375,-1.294731629241991,202.795112120758,48,192,0.1
core_neuralprophet_frozen_s42,neuralprophet,frozen,selected,42,9,2025-03-10 01:00:00,2025-03-16 21:00:00,165,102.02,True,True,145.55319213867188,-1.294731629241991,144.25846050942988,48,192,0.1
core_neuralprophet_frozen_s42,neuralprophet,frozen,selected,42,9,2025-03-10 01:00:00,2025-03-16 22:00:00,166,69.13,True,True,100.7447280883789,-1.294731629241991,99.44999645913691,48,192,0.1
core_neuralprophet_frozen_s42,neuralprophet,frozen,selected,42,9,2025-03-10 01:00:00,2025-03-16 23:00:00,167,74.17,True,True,103.54512786865234,-1.294731629241991,102.25039623941035,48,192,0.1
core_neuralprophet_frozen_s42,neuralprophet,frozen,selected,42,9,2025-03-10 01:00:00,2025-03-17 00:00:00,168,73.99,True,True,102.26749420166016,-1.294731629241991,100.97276257241816,48,192,0.1
core_neuralprophet_frozen_s42,neuralprophet,frozen,selected,42,10,2025-03-17 01:00:00,2025-03-17 01:00:00,1,31.77,True,True,19.69306755065918,-1.0806160825152873,18.61245146814389,0,0,0.1
core_neuralprophet_frozen_s42,neuralprophet,frozen,selected,42,10,2025-03-17 01:00:00,2025-03-17 02:00:00,2,15.45,True,True,0.7817826271057129,-1.0806160825152873,-0.2988334554095744,0,0,0.1
core_neuralprophet_frozen_s42,neuralprophet,frozen,selected,42,10,2025-03-17 01:00:00,2025-03-17 03:00:00,3,8.29,True,True,-18.586811065673828,-1.0806160825152873,-19.667427148189116,0,0,0.1
core_neuralprophet_frozen_s42,neuralprophet,frozen,selected,42,10,2025-03-17 01:00:00,2025-03-17 04:00:00,4,4.12,True,True,-20.757999420166016,-1.0806160825152873,-21.838615502681304,0,0,0.1
core_neuralprophet_frozen_s42,neuralprophet,frozen,selected,42,10,2025-03-17 01:00:00,2025-03-17 05:00:00,5,3.51,True,True,-2.511842727661133,-1.0806160825152873,-3.59245881017642,0,0,0.1
core_neuralprophet_frozen_s42,neuralprophet,frozen,selected,42,10,2025-03-17 01:00:00,2025-03-17 06:00:00,6,3.35,True,True,-13.01358699798584,-1.0806160825152873,-14.094203080501128,0,0,0.1
core_neuralprophet_frozen_s42,neuralprophet,frozen,selected,42,10,2025-03-17 01:00:00,2025-03-17 07:00:00,7,3.31,True,True,-2.551150321960449,-1.0806160825152873,-3.6317664044757363,0,0,0.1
core_neuralprophet_frozen_s42,neuralprophet,frozen,selected,42,10,2025-03-17 01:00:00,2025-03-17 08:00:00,8,3.61,True,True,9.913100242614746,-1.0806160825152873,8.832484160099458,0,0,0.1
core_neuralprophet_frozen_s42,neuralprophet,frozen,selected,42,10,2025-03-17 01:00:00,2025-03-17 09:00:00,9,4.11,True,True,-11.248994827270508,-1.0806160825152873,-12.329610909785796,0,0,0.1
core_neuralprophet_frozen_s42,neuralprophet,frozen,selected,42,10,2025-03-17 01:00:00,2025-03-17 10:00:00,10,6.24,True,True,-9.9681978225708,-1.0806160825152873,-11.048813905086089,0,0,0.1
core_neuralprophet_frozen_s42,neuralprophet,frozen,selected,42,10,2025-03-17 01:00:00,2025-03-17 11:00:00,11,11.18,True,True,6.777096271514893,-1.0806160825152873,5.6964801889996055,0,0,0.1
core_neuralprophet_frozen_s42,neuralprophet,frozen,selected,42,10,2025-03-17 01:00:00,2025-03-17 12:00:00,12,16.6,True,True,9.791006088256836,-1.0806160825152873,8.710390005741548,0,0,0.1
core_neuralprophet_frozen_s42,neuralprophet,frozen,selected,42,10,2025-03-17 01:00:00,2025-03-17 13:00:00,13,33.88,True,True,39.60744857788086,-1.0806160825152873,38.526832495365575,0,0,0.1
core_neuralprophet_frozen_s42,neuralprophet,frozen,selected,42,10,2025-03-17 01:00:00,2025-03-17 14:00:00,14,61.93,True,True,73.08817291259766,-1.0806160825152873,72.00755683008236,0,0,0.1
core_neuralprophet_frozen_s42,neuralprophet,frozen,selected,42,10,2025-03-17 01:00:00,2025-03-17 15:00:00,15,74.69,True,True,91.2282485961914,-1.0806160825152873,90.14763251367611,0,0,0.1
core_neuralprophet_frozen_s42,neuralprophet,frozen,selected,42,10,2025-03-17 01:00:00,2025-03-17 16:00:00,16,65.45,True,True,77.38400268554688,-1.0806160825152873,76.30338660303158,0,0,0.1
core_neuralprophet_frozen_s42,neuralprophet,frozen,selected,42,10,2025-03-17 01:00:00,2025-03-17 17:00:00,17,54.79,True,True,79.41533660888672,-1.0806160825152873,78.33472052637143,0,0,0.1
core_neuralprophet_frozen_s42,neuralprophet,frozen,selected,42,10,2025-03-17 01:00:00,2025-03-17 18:00:00,18,50.25,True,True,69.98833465576172,-1.0806160825152873,68.90771857324643,0,0,0.1
core_neuralprophet_frozen_s42,neuralprophet,frozen,selected,42,10,2025-03-17 01:00:00,2025-03-17 19:00:00,19,61.72,True,True,84.46946716308594,-1.0806160825152873,83.38885108057065,0,0,0.1
core_neuralprophet_frozen_s42,neuralprophet,frozen,selected,42,10,2025-03-17 01:00:00,2025-03-17 20:00:00,20,88.07,True,True,116.4614715576172,-1.0806160825152873,115.38085547510191,0,0,0.1
core_neuralprophet_frozen_s42,neuralprophet,frozen,selected,42,10,2025-03-17 01:00:00,2025-03-17 21:00:00,21,119.37,True,True,167.0033416748047,-1.0806160825152873,165.9227255922894,0,0,0.1
core_neuralprophet_frozen_s42,neuralprophet,frozen,selected,42,10,2025-03-17 01:00:00,2025-03-17 22:00:00,22,153.66,True,True,201.33642578125,-1.0806160825152873,200.2558096987347,0,0,0.1
core_neuralprophet_frozen_s42,neuralprophet,frozen,selected,42,10,2025-03-17 01:00:00,2025-03-17 23:00:00,23,240.13,True,True,284.50909423828125,-1.0806160825152873,283.42847815576596,0,0,0.1
core_neuralprophet_frozen_s42,neuralprophet,frozen,selected,42,10,2025-03-17 01:00:00,2025-03-18 00:00:00,24,360.81,True,True,422.48052978515625,-1.0806160825152873,421.39991370264096,0,0,0.1
core_neuralprophet_frozen_s42,neuralprophet,frozen,selected,42,10,2025-03-17 01:00:00,2025-03-18 01:00:00,25,344.22,True,True,389.0833129882813,-1.0806160825152873,388.002696905766,0,0,0.1
core_neuralprophet_frozen_s42,neuralprophet,frozen,selected,42,10,2025-03-17 01:00:00,2025-03-18 02:00:00,26,369.17,True,True,417.3905944824219,-1.0806160825152873,416.3099783999066,0,0,0.1
core_neuralprophet_frozen_s42,neuralprophet,frozen,selected,42,10,2025-03-17 01:00:00,2025-03-18 03:00:00,27,355.79,True,True,382.4771423339844,-1.0806160825152873,381.3965262514691,0,0,0.1
core_neuralprophet_frozen_s42,neuralprophet,frozen,selected,42,10,2025-03-17 01:00:00,2025-03-18 04:00:00,28,87.33,True,True,144.9370880126953,-1.0806160825152873,143.85647193018002,0,0,0.1
core_neuralprophet_frozen_s42,neuralprophet,frozen,selected,42,10,2025-03-17 01:00:00,2025-03-18 05:00:00,29,35.3,True,True,84.9457778930664,-1.0806160825152873,83.86516181055111,0,0,0.1
core_neuralprophet_frozen_s42,neuralprophet,frozen,selected,42,10,2025-03-17 01:00:00,2025-03-18 06:00:00,30,13.98,True,True,59.37406921386719,-1.0806160825152873,58.2934531313519,0,0,0.1
core_neuralprophet_frozen_s42,neuralprophet,frozen,selected,42,10,2025-03-17 01:00:00,2025-03-18 07:00:00,31,8.81,True,True,44.03275680541992,-1.0806160825152873,42.95214072290464,0,0,0.1
core_neuralprophet_frozen_s42,neuralprophet,frozen,selected,42,10,2025-03-17 01:00:00,2025-03-18 08:00:00,32,8.33,True,True,45.05037689208984,-1.0806160825152873,43.96976080957455,0,0,0.1
core_neuralprophet_frozen_s42,neuralprophet,frozen,selected,42,10,2025-03-17 01:00:00,2025-03-18 09:00:00,33,8.4,True,True,44.726898193359375,-1.0806160825152873,43.64628211084409,0,0,0.1
core_neuralprophet_frozen_s42,neuralprophet,frozen,selected,42,10,2025-03-17 01:00:00,2025-03-18 10:00:00,34,39.59,True,True,100.69818878173828,-1.0806160825152873,99.61757269922299,0,0,0.1
core_neuralprophet_frozen_s42,neuralprophet,frozen,selected,42,10,2025-03-17 01:00:00,2025-03-18 11:00:00,35,111.19,True,True,198.777587890625,-1.0806160825152873,197.6969718081097,0,0,0.1
core_neuralprophet_frozen_s42,neuralprophet,frozen,selected,42,10,2025-03-17 01:00:00,2025-03-18 12:00:00,36,231.14,True,True,311.83917236328125,-1.0806160825152873,310.75855628076596,0,0,0.1
core_neuralprophet_frozen_s42,neuralprophet,frozen,selected,42,10,2025-03-17 01:00:00,2025-03-18 13:00:00,37,374.95,True,True,459.469970703125,-1.0806160825152873,458.3893546206097,0,0,0.1
core_neuralprophet_frozen_s42,neuralprophet,frozen,selected,42,10,2025-03-17 01:00:00,2025-03-18 14:00:00,38,457.73,True,True,525.5330200195312,-1.0806160825152873,524.452403937016,0,0,0.1
core_neuralprophet_frozen_s42,neuralprophet,frozen,selected,42,10,2025-03-17 01:00:00,2025-03-18 15:00:00,39,433.59,True,True,494.0461730957031,-1.0806160825152873,492.96555701318783,0,0,0.1
core_neuralprophet_frozen_s42,neuralprophet,frozen,selected,42,10,2025-03-17 01:00:00,2025-03-18 16:00:00,40,278.25,True,True,323.84063720703125,-1.0806160825152873,322.76002112451596,0,0,0.1
core_neuralprophet_frozen_s42,neuralprophet,frozen,selected,42,10,2025-03-17 01:00:00,2025-03-18 17:00:00,41,214.72,True,True,256.61444091796875,-1.0806160825152873,255.53382483545346,0,0,0.1
core_neuralprophet_frozen_s42,neuralprophet,frozen,selected,42,10,2025-03-17 01:00:00,2025-03-18 18:00:00,42,187.9,True,True,223.1400451660156,-1.0806160825152873,222.0594290835003,0,0,0.1
core_neuralprophet_frozen_s42,neuralprophet,frozen,selected,42,10,2025-03-17 01:00:00,2025-03-18 19:00:00,43,151.21,True,True,179.243896484375,-1.0806160825152873,178.1632804018597,0,0,0.1
core_neuralprophet_frozen_s42,neuralprophet,frozen,selected,42,10,2025-03-17 01:00:00,2025-03-18 20:00:00,44,113.15,True,True,156.50782775878906,-1.0806160825152873,155.42721167627377,0,0,0.1
core_neuralprophet_frozen_s42,neuralprophet,frozen,selected,42,10,2025-03-17 01:00:00,2025-03-18 21:00:00,45,91.78,True,True,126.1855239868164,-1.0806160825152873,125.10490790430111,0,0,0.1
core_neuralprophet_frozen_s42,neuralprophet,frozen,selected,42,10,2025-03-17 01:00:00,2025-03-18 22:00:00,46,85.27,True,True,115.6981430053711,-1.0806160825152873,114.6175269228558,0,0,0.1
core_neuralprophet_frozen_s42,neuralprophet,frozen,selected,42,10,2025-03-17 01:00:00,2025-03-18 23:00:00,47,115.74,True,True,149.01124572753906,-1.0806160825152873,147.93062964502377,0,0,0.1
core_neuralprophet_frozen_s42,neuralprophet,frozen,selected,42,10,2025-03-17 01:00:00,2025-03-19 00:00:00,48,158.89,True,True,194.91195678710935,-1.0806160825152873,193.83134070459406,0,0,0.1
core_neuralprophet_frozen_s42,neuralprophet,frozen,selected,42,10,2025-03-17 01:00:00,2025-03-19 01:00:00,49,184.39,True,True,213.22271728515625,-1.0806160825152873,212.14210120264096,0,0,0.1
core_neuralprophet_frozen_s42,neuralprophet,frozen,selected,42,10,2025-03-17 01:00:00,2025-03-19 02:00:00,50,208.95,True,True,246.813232421875,-1.0806160825152873,245.7326163393597,0,0,0.1
core_neuralprophet_frozen_s42,neuralprophet,frozen,selected,42,10,2025-03-17 01:00:00,2025-03-19 03:00:00,51,218.09,True,True,254.4683074951172,-1.0806160825152873,253.3876914126019,0,0,0.1
core_neuralprophet_frozen_s42,neuralprophet,frozen,selected,42,10,2025-03-17 01:00:00,2025-03-19 04:00:00,52,115.44,True,True,138.78968811035156,-1.0806160825152873,137.70907202783627,0,0,0.1
core_neuralprophet_frozen_s42,neuralprophet,frozen,selected,42,10,2025-03-17 01:00:00,2025-03-19 05:00:00,53,47.51,True,True,55.47964096069336,-1.0806160825152873,54.399024878178075,0,0,0.1
core_neuralprophet_frozen_s42,neuralprophet,frozen,selected,42,10,2025-03-17 01:00:00,2025-03-19 06:00:00,54,20.3,True,True,31.935361862182617,-1.0806160825152873,30.85474577966733,0,0,0.1
core_neuralprophet_frozen_s42,neuralprophet,frozen,selected,42,10,2025-03-17 01:00:00,2025-03-19 07:00:00,55,12.77,True,True,11.064180374145508,-1.0806160825152873,9.98356429163022,0,0,0.1
core_neuralprophet_frozen_s42,neuralprophet,frozen,selected,42,10,2025-03-17 01:00:00,2025-03-19 08:00:00,56,17.03,True,True,25.613052368164062,-1.0806160825152873,24.532436285648775,0,0,0.1
core_neuralprophet_frozen_s42,neuralprophet,frozen,selected,42,10,2025-03-17 01:00:00,2025-03-19 09:00:00,57,22.13,True,True,35.4196891784668,-1.0806160825152873,34.33907309595151,0,0,0.1
core_neuralprophet_frozen_s42,neuralprophet,frozen,selected,42,10,2025-03-17 01:00:00,2025-03-19 10:00:00,58,37.15,True,True,47.33579254150391,-1.0806160825152873,46.25517645898863,0,0,0.1
core_neuralprophet_frozen_s42,neuralprophet,frozen,selected,42,10,2025-03-17 01:00:00,2025-03-19 11:00:00,59,68.63,True,True,108.2261734008789,-1.0806160825152873,107.14555731836361,0,0,0.1
core_neuralprophet_frozen_s42,neuralprophet,frozen,selected,42,10,2025-03-17 01:00:00,2025-03-19 12:00:00,60,99.64,True,True,128.7432403564453,-1.0806160825152873,127.66262427393002,0,0,0.1
core_neuralprophet_frozen_s42,neuralprophet,frozen,selected,42,10,2025-03-17 01:00:00,2025-03-19 13:00:00,61,123.41,True,True,158.2115936279297,-1.0806160825152873,157.1309775454144,0,0,0.1
core_neuralprophet_frozen_s42,neuralprophet,frozen,selected,42,10,2025-03-17 01:00:00,2025-03-19 14:00:00,62,145.21,True,True,170.75711059570312,-1.0806160825152873,169.67649451318783,0,0,0.1
core_neuralprophet_frozen_s42,neuralprophet,frozen,selected,42,10,2025-03-17 01:00:00,2025-03-19 15:00:00,63,146.28,True,True,163.4371795654297,-1.0806160825152873,162.3565634829144,0,0,0.1
core_neuralprophet_frozen_s42,neuralprophet,frozen,selected,42,10,2025-03-17 01:00:00,2025-03-19 16:00:00,64,115.46,True,True,135.6120147705078,-1.0806160825152873,134.53139868799252,0,0,0.1
core_neuralprophet_frozen_s42,neuralprophet,frozen,selected,42,10,2025-03-17 01:00:00,2025-03-19 17:00:00,65,80.15,True,True,90.17413330078124,-1.0806160825152873,89.09351721826594,0,0,0.1
core_neuralprophet_frozen_s42,neuralprophet,frozen,selected,42,10,2025-03-17 01:00:00,2025-03-19 18:00:00,66,57.06,True,True,64.58230590820312,-1.0806160825152873,63.50168982568784,0,0,0.1
core_neuralprophet_frozen_s42,neuralprophet,frozen,selected,42,10,2025-03-17 01:00:00,2025-03-19 19:00:00,67,44.98,True,True,49.9307975769043,-1.0806160825152873,48.85018149438901,0,0,0.1
core_neuralprophet_frozen_s42,neuralprophet,frozen,selected,42,10,2025-03-17 01:00:00,2025-03-19 20:00:00,68,42.52,True,True,52.56667709350586,-1.0806160825152873,51.486061010990575,0,0,0.1
core_neuralprophet_frozen_s42,neuralprophet,frozen,selected,42,10,2025-03-17 01:00:00,2025-03-19 21:00:00,69,43.49,True,True,69.52605438232422,-1.0806160825152873,68.44543829980893,0,0,0.1
core_neuralprophet_frozen_s42,neuralprophet,frozen,selected,42,10,2025-03-17 01:00:00,2025-03-19 22:00:00,70,46.51,True,True,71.45729064941406,-1.0806160825152873,70.37667456689877,0,0,0.1
core_neuralprophet_frozen_s42,neuralprophet,frozen,selected,42,10,2025-03-17 01:00:00,2025-03-19 23:00:00,71,69.63,True,True,104.03968811035156,-1.0806160825152873,102.95907202783627,0,0,0.1
core_neuralprophet_frozen_s42,neuralprophet,frozen,selected,42,10,2025-03-17 01:00:00,2025-03-20 00:00:00,72,99.32,True,True,142.9739532470703,-1.0806160825152873,141.89333716455502,0,0,0.1
core_neuralprophet_frozen_s42,neuralprophet,frozen,selected,42,10,2025-03-17 01:00:00,2025-03-20 01:00:00,73,110.67,True,True,163.2469940185547,-1.0806160825152873,162.1663779360394,0,0,0.1
core_neuralprophet_frozen_s42,neuralprophet,frozen,selected,42,10,2025-03-17 01:00:00,2025-03-20 02:00:00,74,96.42,True,True,131.0923309326172,-1.0806160825152873,130.0117148501019,0,0,0.1
core_neuralprophet_frozen_s42,neuralprophet,frozen,selected,42,10,2025-03-17 01:00:00,2025-03-20 03:00:00,75,55.87,True,True,85.74175262451172,-1.0806160825152873,84.66113654199643,0,0,0.1
core_neuralprophet_frozen_s42,neuralprophet,frozen,selected,42,10,2025-03-17 01:00:00,2025-03-20 04:00:00,76,16.8,True,True,45.24674606323242,-1.0806160825152873,44.16612998071714,0,0,0.1
core_neuralprophet_frozen_s42,neuralprophet,frozen,selected,42,10,2025-03-17 01:00:00,2025-03-20 05:00:00,77,12.08,True,True,49.97213745117188,-1.0806160825152873,48.8915213686566,0,0,0.1
core_neuralprophet_frozen_s42,neuralprophet,frozen,selected,42,10,2025-03-17 01:00:00,2025-03-20 06:00:00,78,11.12,True,True,45.39060592651367,-1.0806160825152873,44.30998984399839,0,0,0.1
core_neuralprophet_frozen_s42,neuralprophet,frozen,selected,42,10,2025-03-17 01:00:00,2025-03-20 07:00:00,79,10.16,True,True,51.27647399902344,-1.0806160825152873,50.19585791650815,0,0,0.1
core_neuralprophet_frozen_s42,neuralprophet,frozen,selected,42,10,2025-03-17 01:00:00,2025-03-20 08:00:00,80,10.39,True,True,53.38199996948242,-1.0806160825152873,52.30138388696714,0,0,0.1
core_neuralprophet_frozen_s42,neuralprophet,frozen,selected,42,10,2025-03-17 01:00:00,2025-03-20 09:00:00,81,11.27,True,True,50.53991317749024,-1.0806160825152873,49.45929709497496,0,0,0.1
core_neuralprophet_frozen_s42,neuralprophet,frozen,selected,42,10,2025-03-17 01:00:00,2025-03-20 10:00:00,82,23.62,True,True,75.17585754394531,-1.0806160825152873,74.09524146143002,0,0,0.1
core_neuralprophet_frozen_s42,neuralprophet,frozen,selected,42,10,2025-03-17 01:00:00,2025-03-20 11:00:00,83,55.05,True,True,127.45054626464844,-1.0806160825152873,126.36993018213315,0,0,0.1
core_neuralprophet_frozen_s42,neuralprophet,frozen,selected,42,10,2025-03-17 01:00:00,2025-03-20 12:00:00,84,92.13,True,True,167.5813751220703,-1.0806160825152873,166.50075903955502,0,0,0.1
core_neuralprophet_frozen_s42,neuralprophet,frozen,selected,42,10,2025-03-17 01:00:00,2025-03-20 13:00:00,85,135.18,True,True,228.6174774169922,-1.0806160825152873,227.5368613344769,0,0,0.1
core_neuralprophet_frozen_s42,neuralprophet,frozen,selected,42,10,2025-03-17 01:00:00,2025-03-20 14:00:00,86,178.08,True,True,268.8274841308594,-1.0806160825152873,267.7468680483441,0,0,0.1
core_neuralprophet_frozen_s42,neuralprophet,frozen,selected,42,10,2025-03-17 01:00:00,2025-03-20 15:00:00,87,188.44,True,True,269.91046142578125,-1.0806160825152873,268.82984534326596,0,0,0.1
core_neuralprophet_frozen_s42,neuralprophet,frozen,selected,42,10,2025-03-17 01:00:00,2025-03-20 16:00:00,88,161.08,True,True,236.18002319335935,-1.0806160825152873,235.09940711084406,0,0,0.1
core_neuralprophet_frozen_s42,neuralprophet,frozen,selected,42,10,2025-03-17 01:00:00,2025-03-20 17:00:00,89,134.87,True,True,206.6421661376953,-1.0806160825152873,205.56155005518002,0,0,0.1
core_neuralprophet_frozen_s42,neuralprophet,frozen,selected,42,10,2025-03-17 01:00:00,2025-03-20 18:00:00,90,119.77,True,True,188.110595703125,-1.0806160825152873,187.0299796206097,0,0,0.1
core_neuralprophet_frozen_s42,neuralprophet,frozen,selected,42,10,2025-03-17 01:00:00,2025-03-20 19:00:00,91,108.81,True,True,178.5709991455078,-1.0806160825152873,177.49038306299252,0,0,0.1
core_neuralprophet_frozen_s42,neuralprophet,frozen,selected,42,10,2025-03-17 01:00:00,2025-03-20 20:00:00,92,104.19,True,True,174.15841674804688,-1.0806160825152873,173.07780066553158,0,0,0.1
core_neuralprophet_frozen_s42,neuralprophet,frozen,selected,42,10,2025-03-17 01:00:00,2025-03-20 21:00:00,93,106.24,True,True,175.21246337890625,-1.0806160825152873,174.13184729639096,0,0,0.1
core_neuralprophet_frozen_s42,neuralprophet,frozen,selected,42,10,2025-03-17 01:00:00,2025-03-20 22:00:00,94,117.33,True,True,176.93222045898438,-1.0806160825152873,175.85160437646908,0,0,0.1
core_neuralprophet_frozen_s42,neuralprophet,frozen,selected,42,10,2025-03-17 01:00:00,2025-03-20 23:00:00,95,182.51,True,True,257.11505126953125,-1.0806160825152873,256.03443518701596,0,0,0.1
core_neuralprophet_frozen_s42,neuralprophet,frozen,selected,42,10,2025-03-17 01:00:00,2025-03-21 00:00:00,96,290.87,True,True,388.8544006347656,-1.0806160825152873,387.77378455225033,0,0,0.1
core_neuralprophet_frozen_s42,neuralprophet,frozen,selected,42,10,2025-03-17 01:00:00,2025-03-21 01:00:00,97,383.88,True,True,503.3462829589844,-1.0806160825152873,502.2656668764691,0,0,0.1
core_neuralprophet_frozen_s42,neuralprophet,frozen,selected,42,10,2025-03-17 01:00:00,2025-03-21 02:00:00,98,350.81,True,True,471.9135437011719,-1.0806160825152873,470.8329276186566,0,0,0.1
core_neuralprophet_frozen_s42,neuralprophet,frozen,selected,42,10,2025-03-17 01:00:00,2025-03-21 03:00:00,99,194.99,True,True,296.5692749023437,-1.0806160825152873,295.4886588198284,0,0,0.1
core_neuralprophet_frozen_s42,neuralprophet,frozen,selected,42,10,2025-03-17 01:00:00,2025-03-21 04:00:00,100,16.08,True,True,34.22001647949219,-1.0806160825152873,33.1394003969769,0,0,0.1
core_neuralprophet_frozen_s42,neuralprophet,frozen,selected,42,10,2025-03-17 01:00:00,2025-03-21 05:00:00,101,10.66,True,True,43.24384689331055,-1.0806160825152873,42.16323081079526,0,0,0.1
core_neuralprophet_frozen_s42,neuralprophet,frozen,selected,42,10,2025-03-17 01:00:00,2025-03-21 06:00:00,102,10.46,True,True,28.56711769104004,-1.0806160825152873,27.48650160852475,0,0,0.1
core_neuralprophet_frozen_s42,neuralprophet,frozen,selected,42,10,2025-03-17 01:00:00,2025-03-21 07:00:00,103,10.8,True,True,30.036779403686523,-1.0806160825152873,28.956163321171235,0,0,0.1
core_neuralprophet_frozen_s42,neuralprophet,frozen,selected,42,10,2025-03-17 01:00:00,2025-03-21 08:00:00,104,11.66,True,True,31.73287582397461,-1.0806160825152873,30.65225974145932,0,0,0.1
core_neuralprophet_frozen_s42,neuralprophet,frozen,selected,42,10,2025-03-17 01:00:00,2025-03-21 09:00:00,105,12.27,True,True,24.4132137298584,-1.0806160825152873,23.33259764734311,0,0,0.1
core_neuralprophet_frozen_s42,neuralprophet,frozen,selected,42,10,2025-03-17 01:00:00,2025-03-21 10:00:00,106,14.8,True,True,38.96743774414063,-1.0806160825152873,37.88682166162535,0,0,0.1
core_neuralprophet_frozen_s42,neuralprophet,frozen,selected,42,10,2025-03-17 01:00:00,2025-03-21 11:00:00,107,20.49,True,True,45.32978439331055,-1.0806160825152873,44.24916831079526,0,0,0.1
core_neuralprophet_frozen_s42,neuralprophet,frozen,selected,42,10,2025-03-17 01:00:00,2025-03-21 12:00:00,108,26.74,True,True,41.50979232788086,-1.0806160825152873,40.429176245365575,0,0,0.1
core_neuralprophet_frozen_s42,neuralprophet,frozen,selected,42,10,2025-03-17 01:00:00,2025-03-21 13:00:00,109,55.02,True,True,91.885009765625,-1.0806160825152873,90.80439368310971,0,0,0.1
core_neuralprophet_frozen_s42,neuralprophet,frozen,selected,42,10,2025-03-17 01:00:00,2025-03-21 14:00:00,110,100.48,True,True,147.4352569580078,-1.0806160825152873,146.35464087549252,0,0,0.1
core_neuralprophet_frozen_s42,neuralprophet,frozen,selected,42,10,2025-03-17 01:00:00,2025-03-21 15:00:00,111,123.63,True,True,188.30496215820312,-1.0806160825152873,187.22434607568783,0,0,0.1
core_neuralprophet_frozen_s42,neuralprophet,frozen,selected,42,10,2025-03-17 01:00:00,2025-03-21 16:00:00,112,110.11,True,True,175.3722381591797,-1.0806160825152873,174.2916220766644,0,0,0.1
core_neuralprophet_frozen_s42,neuralprophet,frozen,selected,42,10,2025-03-17 01:00:00,2025-03-21 17:00:00,113,76.11,True,True,114.14167785644533,-1.0806160825152873,113.06106177393004,0,0,0.1
core_neuralprophet_frozen_s42,neuralprophet,frozen,selected,42,10,2025-03-17 01:00:00,2025-03-21 18:00:00,114,50.2,True,True,72.84440612792969,-1.0806160825152873,71.7637900454144,0,0,0.1
core_neuralprophet_frozen_s42,neuralprophet,frozen,selected,42,10,2025-03-17 01:00:00,2025-03-21 19:00:00,115,35.2,True,True,49.96792602539063,-1.0806160825152873,48.88730994287535,0,0,0.1
core_neuralprophet_frozen_s42,neuralprophet,frozen,selected,42,10,2025-03-17 01:00:00,2025-03-21 20:00:00,116,32.61,True,True,49.86923599243164,-1.0806160825152873,48.788619909916356,0,0,0.1
core_neuralprophet_frozen_s42,neuralprophet,frozen,selected,42,10,2025-03-17 01:00:00,2025-03-21 21:00:00,117,33.94,True,True,53.77299118041992,-1.0806160825152873,52.69237509790464,0,0,0.1
core_neuralprophet_frozen_s42,neuralprophet,frozen,selected,42,10,2025-03-17 01:00:00,2025-03-21 22:00:00,118,37.62,True,True,65.06773376464844,-1.0806160825152873,63.98711768213315,0,0,0.1
core_neuralprophet_frozen_s42,neuralprophet,frozen,selected,42,10,2025-03-17 01:00:00,2025-03-21 23:00:00,119,50.38,True,True,86.8788833618164,-1.0806160825152873,85.79826727930111,0,0,0.1
core_neuralprophet_frozen_s42,neuralprophet,frozen,selected,42,10,2025-03-17 01:00:00,2025-03-22 00:00:00,120,57.67,True,True,89.95447540283203,-1.0806160825152873,88.87385932031674,0,0,0.1
core_neuralprophet_frozen_s42,neuralprophet,frozen,selected,42,10,2025-03-17 01:00:00,2025-03-22 01:00:00,121,54.64,True,True,68.61492919921875,-1.0806160825152873,67.53431311670346,0,0,0.1
core_neuralprophet_frozen_s42,neuralprophet,frozen,selected,42,10,2025-03-17 01:00:00,2025-03-22 02:00:00,122,49.73,True,True,64.4856948852539,-1.0806160825152873,63.40507880273862,0,0,0.1
core_neuralprophet_frozen_s42,neuralprophet,frozen,selected,42,10,2025-03-17 01:00:00,2025-03-22 03:00:00,123,40.46,True,True,49.83489990234375,-1.0806160825152873,48.754283819828466,0,0,0.1
core_neuralprophet_frozen_s42,neuralprophet,frozen,selected,42,10,2025-03-17 01:00:00,2025-03-22 04:00:00,124,29.47,True,True,63.2534065246582,-1.0806160825152873,62.17279044214292,0,0,0.1
core_neuralprophet_frozen_s42,neuralprophet,frozen,selected,42,10,2025-03-17 01:00:00,2025-03-22 05:00:00,125,27.4,True,True,43.29207229614258,-1.0806160825152873,42.211456213627294,0,0,0.1
core_neuralprophet_frozen_s42,neuralprophet,frozen,selected,42,10,2025-03-17 01:00:00,2025-03-22 06:00:00,126,26.35,True,True,51.82658386230469,-1.0806160825152873,50.7459677797894,0,0,0.1
core_neuralprophet_frozen_s42,neuralprophet,frozen,selected,42,10,2025-03-17 01:00:00,2025-03-22 07:00:00,127,25.59,True,True,54.060546875,-1.0806160825152873,52.979930792484716,0,0,0.1
core_neuralprophet_frozen_s42,neuralprophet,frozen,selected,42,10,2025-03-17 01:00:00,2025-03-22 08:00:00,128,24.99,True,True,67.71166229248047,-1.0806160825152873,66.63104620996518,0,0,0.1
core_neuralprophet_frozen_s42,neuralprophet,frozen,selected,42,10,2025-03-17 01:00:00,2025-03-22 09:00:00,129,23.85,True,True,56.94223403930664,-1.0806160825152873,55.861617956791356,0,0,0.1
core_neuralprophet_frozen_s42,neuralprophet,frozen,selected,42,10,2025-03-17 01:00:00,2025-03-22 10:00:00,130,25.71,True,True,70.07250213623047,-1.0806160825152873,68.99188605371518,0,0,0.1
core_neuralprophet_frozen_s42,neuralprophet,frozen,selected,42,10,2025-03-17 01:00:00,2025-03-22 11:00:00,131,33.44,True,True,75.598876953125,-1.0806160825152873,74.51826087060971,0,0,0.1
core_neuralprophet_frozen_s42,neuralprophet,frozen,selected,42,10,2025-03-17 01:00:00,2025-03-22 12:00:00,132,41.52,True,True,103.2515106201172,-1.0806160825152873,102.17089453760191,0,0,0.1
core_neuralprophet_frozen_s42,neuralprophet,frozen,selected,42,10,2025-03-17 01:00:00,2025-03-22 13:00:00,133,43.21,True,True,91.13695526123048,-1.0806160825152873,90.05633917871519,0,0,0.1
core_neuralprophet_frozen_s42,neuralprophet,frozen,selected,42,10,2025-03-17 01:00:00,2025-03-22 14:00:00,134,37.36,True,True,81.4504165649414,-1.0806160825152873,80.36980048242611,0,0,0.1
core_neuralprophet_frozen_s42,neuralprophet,frozen,selected,42,10,2025-03-17 01:00:00,2025-03-22 15:00:00,135,27.27,True,True,74.2562255859375,-1.0806160825152873,73.17560950342221,0,0,0.1
core_neuralprophet_frozen_s42,neuralprophet,frozen,selected,42,10,2025-03-17 01:00:00,2025-03-22 16:00:00,136,19.07,True,True,53.67979049682617,-1.0806160825152873,52.59917441431089,0,0,0.1
core_neuralprophet_frozen_s42,neuralprophet,frozen,selected,42,10,2025-03-17 01:00:00,2025-03-22 17:00:00,137,18.65,True,True,60.62782669067383,-1.0806160825152873,59.547210608158544,0,0,0.1
core_neuralprophet_frozen_s42,neuralprophet,frozen,selected,42,10,2025-03-17 01:00:00,2025-03-22 18:00:00,138,19.15,True,True,48.11014938354492,-1.0806160825152873,47.02953330102964,0,0,0.1
core_neuralprophet_frozen_s42,neuralprophet,frozen,selected,42,10,2025-03-17 01:00:00,2025-03-22 19:00:00,139,20.44,True,True,60.32310485839844,-1.0806160825152873,59.24248877588315,0,0,0.1
core_neuralprophet_frozen_s42,neuralprophet,frozen,selected,42,10,2025-03-17 01:00:00,2025-03-22 20:00:00,140,23.09,True,True,72.39056396484375,-1.0806160825152873,71.30994788232846,0,0,0.1
core_neuralprophet_frozen_s42,neuralprophet,frozen,selected,42,10,2025-03-17 01:00:00,2025-03-22 21:00:00,141,25.95,True,True,95.06118774414062,-1.0806160825152873,93.98057166162533,0,0,0.1
core_neuralprophet_frozen_s42,neuralprophet,frozen,selected,42,10,2025-03-17 01:00:00,2025-03-22 22:00:00,142,30.06,True,True,99.53942108154295,-1.0806160825152873,98.45880499902766,0,0,0.1
core_neuralprophet_frozen_s42,neuralprophet,frozen,selected,42,10,2025-03-17 01:00:00,2025-03-22 23:00:00,143,43.62,True,True,117.20326232910156,-1.0806160825152873,116.12264624658627,0,0,0.1
core_neuralprophet_frozen_s42,neuralprophet,frozen,selected,42,10,2025-03-17 01:00:00,2025-03-23 00:00:00,144,66.71,True,True,143.89968872070312,-1.0806160825152873,142.81907263818783,0,0,0.1
core_neuralprophet_frozen_s42,neuralprophet,frozen,selected,42,10,2025-03-17 01:00:00,2025-03-23 01:00:00,145,88.97,True,True,170.82850646972656,-1.0806160825152873,169.74789038721127,0,0,0.1
core_neuralprophet_frozen_s42,neuralprophet,frozen,selected,42,10,2025-03-17 01:00:00,2025-03-23 02:00:00,146,106.82,True,True,193.982421875,-1.0806160825152873,192.9018057924847,0,0,0.1
core_neuralprophet_frozen_s42,neuralprophet,frozen,selected,42,10,2025-03-17 01:00:00,2025-03-23 03:00:00,147,113.84,True,True,180.2218475341797,-1.0806160825152873,179.1412314516644,0,0,0.1
core_neuralprophet_frozen_s42,neuralprophet,frozen,selected,42,10,2025-03-17 01:00:00,2025-03-23 04:00:00,148,75.39,True,True,96.80707550048828,-1.0806160825152873,95.72645941797299,0,0,0.1
core_neuralprophet_frozen_s42,neuralprophet,frozen,selected,42,10,2025-03-17 01:00:00,2025-03-23 05:00:00,149,72.53,True,True,74.95063781738281,-1.0806160825152873,73.87002173486752,0,0,0.1
core_neuralprophet_frozen_s42,neuralprophet,frozen,selected,42,10,2025-03-17 01:00:00,2025-03-23 06:00:00,150,71.86,True,True,66.4111099243164,-1.0806160825152873,65.33049384180111,0,0,0.1
core_neuralprophet_frozen_s42,neuralprophet,frozen,selected,42,10,2025-03-17 01:00:00,2025-03-23 07:00:00,151,72.02,True,True,61.38667297363281,-1.0806160825152873,60.30605689111753,0,0,0.1
core_neuralprophet_frozen_s42,neuralprophet,frozen,selected,42,10,2025-03-17 01:00:00,2025-03-23 08:00:00,152,72.96,True,True,68.11470031738281,-1.0806160825152873,67.03408423486752,0,0,0.1
core_neuralprophet_frozen_s42,neuralprophet,frozen,selected,42,10,2025-03-17 01:00:00,2025-03-23 09:00:00,153,69.95,True,True,81.10163879394531,-1.0806160825152873,80.02102271143002,0,0,0.1
core_neuralprophet_frozen_s42,neuralprophet,frozen,selected,42,10,2025-03-17 01:00:00,2025-03-23 10:00:00,154,82.91,True,True,105.09407043457033,-1.0806160825152873,104.01345435205504,0,0,0.1
core_neuralprophet_frozen_s42,neuralprophet,frozen,selected,42,10,2025-03-17 01:00:00,2025-03-23 11:00:00,155,133.93,True,True,164.7282257080078,-1.0806160825152873,163.64760962549252,0,0,0.1
core_neuralprophet_frozen_s42,neuralprophet,frozen,selected,42,10,2025-03-17 01:00:00,2025-03-23 12:00:00,156,197.12,True,True,218.95458984375,-1.0806160825152873,217.8739737612347,0,0,0.1
core_neuralprophet_frozen_s42,neuralprophet,frozen,selected,42,10,2025-03-17 01:00:00,2025-03-23 13:00:00,157,246.71,True,True,260.8531188964844,-1.0806160825152873,259.7725028139691,0,0,0.1
core_neuralprophet_frozen_s42,neuralprophet,frozen,selected,42,10,2025-03-17 01:00:00,2025-03-23 14:00:00,158,281.62,True,True,281.92822265625,-1.0806160825152873,280.8476065737347,0,0,0.1
core_neuralprophet_frozen_s42,neuralprophet,frozen,selected,42,10,2025-03-17 01:00:00,2025-03-23 15:00:00,159,281.44,True,True,285.71124267578125,-1.0806160825152873,284.63062659326596,0,0,0.1
core_neuralprophet_frozen_s42,neuralprophet,frozen,selected,42,10,2025-03-17 01:00:00,2025-03-23 16:00:00,160,233.89,True,True,196.1525421142578,-1.0806160825152873,195.07192603174252,0,0,0.1
core_neuralprophet_frozen_s42,neuralprophet,frozen,selected,42,10,2025-03-17 01:00:00,2025-03-23 17:00:00,161,185.95,True,True,125.72730255126952,-1.0806160825152873,124.64668646875423,0,0,0.1
core_neuralprophet_frozen_s42,neuralprophet,frozen,selected,42,10,2025-03-17 01:00:00,2025-03-23 18:00:00,162,160.92,True,True,55.02097702026367,-1.0806160825152873,53.94036093774839,0,0,0.1
core_neuralprophet_frozen_s42,neuralprophet,frozen,selected,42,10,2025-03-17 01:00:00,2025-03-23 19:00:00,163,149.14,True,True,14.046426773071287,-1.0806160825152873,12.965810690556,0,0,0.1
core_neuralprophet_frozen_s42,neuralprophet,frozen,selected,42,10,2025-03-17 01:00:00,2025-03-23 20:00:00,164,128.14,True,True,9.613022804260254,-1.0806160825152873,8.532406721744966,0,0,0.1
core_neuralprophet_frozen_s42,neuralprophet,frozen,selected,42,10,2025-03-17 01:00:00,2025-03-23 21:00:00,165,104.76,True,True,14.14078140258789,-1.0806160825152873,13.060165320072603,0,0,0.1
core_neuralprophet_frozen_s42,neuralprophet,frozen,selected,42,10,2025-03-17 01:00:00,2025-03-23 22:00:00,166,63.46,True,True,26.25111961364746,-1.0806160825152873,25.170503531132173,0,0,0.1
core_neuralprophet_frozen_s42,neuralprophet,frozen,selected,42,10,2025-03-17 01:00:00,2025-03-23 23:00:00,167,28.11,True,True,28.246871948242188,-1.0806160825152873,27.1662558657269,0,0,0.1
core_neuralprophet_frozen_s42,neuralprophet,frozen,selected,42,10,2025-03-17 01:00:00,2025-03-24 00:00:00,168,14.75,True,True,21.307167053222656,-1.0806160825152873,20.22655097070737,0,0,0.1
core_neuralprophet_frozen_s42,neuralprophet,frozen,selected,42,11,2025-03-24 01:00:00,2025-03-24 01:00:00,1,10.98,True,True,-4.026698589324951,-3.9598950255946885,-7.98659361491964,0,0,0.1
core_neuralprophet_frozen_s42,neuralprophet,frozen,selected,42,11,2025-03-24 01:00:00,2025-03-24 02:00:00,2,9.89,True,True,-0.0172747373580932,-3.9598950255946885,-3.977169762952782,0,0,0.1
core_neuralprophet_frozen_s42,neuralprophet,frozen,selected,42,11,2025-03-24 01:00:00,2025-03-24 03:00:00,3,9.18,True,True,12.765012741088867,-3.9598950255946885,8.805117715494179,0,0,0.1
core_neuralprophet_frozen_s42,neuralprophet,frozen,selected,42,11,2025-03-24 01:00:00,2025-03-24 04:00:00,4,9.04,True,True,45.80984115600586,-3.9598950255946885,41.84994613041117,0,0,0.1
core_neuralprophet_frozen_s42,neuralprophet,frozen,selected,42,11,2025-03-24 01:00:00,2025-03-24 05:00:00,5,9.29,True,True,56.77655792236328,-3.9598950255946885,52.81666289676859,0,0,0.1
core_neuralprophet_frozen_s42,neuralprophet,frozen,selected,42,11,2025-03-24 01:00:00,2025-03-24 06:00:00,6,8.98,True,True,59.151065826416016,-3.9598950255946885,55.191170800821325,0,0,0.1
core_neuralprophet_frozen_s42,neuralprophet,frozen,selected,42,11,2025-03-24 01:00:00,2025-03-24 07:00:00,7,10.02,True,True,68.83285522460938,-3.9598950255946885,64.87296019901468,0,0,0.1
core_neuralprophet_frozen_s42,neuralprophet,frozen,selected,42,11,2025-03-24 01:00:00,2025-03-24 08:00:00,8,14.35,True,True,71.35234832763672,-3.9598950255946885,67.39245330204203,0,0,0.1
core_neuralprophet_frozen_s42,neuralprophet,frozen,selected,42,11,2025-03-24 01:00:00,2025-03-24 09:00:00,9,18.28,True,True,73.90821075439453,-3.9598950255946885,69.94831572879984,0,0,0.1
core_neuralprophet_frozen_s42,neuralprophet,frozen,selected,42,11,2025-03-24 01:00:00,2025-03-24 10:00:00,10,22.33,True,True,57.99264144897461,-3.9598950255946885,54.03274642337992,0,0,0.1
core_neuralprophet_frozen_s42,neuralprophet,frozen,selected,42,11,2025-03-24 01:00:00,2025-03-24 11:00:00,11,34.71,True,True,46.28681182861328,-3.9598950255946885,42.32691680301859,0,0,0.1
core_neuralprophet_frozen_s42,neuralprophet,frozen,selected,42,11,2025-03-24 01:00:00,2025-03-24 12:00:00,12,44.08,True,True,38.80565643310547,-3.9598950255946885,34.84576140751078,0,0,0.1
core_neuralprophet_frozen_s42,neuralprophet,frozen,selected,42,11,2025-03-24 01:00:00,2025-03-24 13:00:00,13,31.5,True,True,33.00443649291992,-3.9598950255946885,29.04454146732523,0,0,0.1
core_neuralprophet_frozen_s42,neuralprophet,frozen,selected,42,11,2025-03-24 01:00:00,2025-03-24 14:00:00,14,29.34,True,True,25.627046585083008,-3.9598950255946885,21.667151559488318,0,0,0.1
core_neuralprophet_frozen_s42,neuralprophet,frozen,selected,42,11,2025-03-24 01:00:00,2025-03-24 15:00:00,15,29.73,True,True,44.94772338867188,-3.9598950255946885,40.98782836307719,0,0,0.1
core_neuralprophet_frozen_s42,neuralprophet,frozen,selected,42,11,2025-03-24 01:00:00,2025-03-24 16:00:00,16,27.99,True,True,43.937782287597656,-3.9598950255946885,39.977887262002966,0,0,0.1
core_neuralprophet_frozen_s42,neuralprophet,frozen,selected,42,11,2025-03-24 01:00:00,2025-03-24 17:00:00,17,29.82,True,True,68.75848388671875,-3.9598950255946885,64.79858886112406,0,0,0.1
core_neuralprophet_frozen_s42,neuralprophet,frozen,selected,42,11,2025-03-24 01:00:00,2025-03-24 18:00:00,18,34.22,True,True,86.29197692871094,-3.9598950255946885,82.33208190311625,0,0,0.1
core_neuralprophet_frozen_s42,neuralprophet,frozen,selected,42,11,2025-03-24 01:00:00,2025-03-24 19:00:00,19,44.33,True,True,102.22211456298828,-3.9598950255946885,98.26221953739359,0,0,0.1
core_neuralprophet_frozen_s42,neuralprophet,frozen,selected,42,11,2025-03-24 01:00:00,2025-03-24 20:00:00,20,64.38,True,True,146.7334747314453,-3.9598950255946885,142.77357970585064,0,0,0.1
core_neuralprophet_frozen_s42,neuralprophet,frozen,selected,42,11,2025-03-24 01:00:00,2025-03-24 21:00:00,21,90.68,True,True,157.7166748046875,-3.9598950255946885,153.75677977909282,0,0,0.1
core_neuralprophet_frozen_s42,neuralprophet,frozen,selected,42,11,2025-03-24 01:00:00,2025-03-24 22:00:00,22,110.22,True,True,169.8538360595703,-3.9598950255946885,165.89394103397564,0,0,0.1
core_neuralprophet_frozen_s42,neuralprophet,frozen,selected,42,11,2025-03-24 01:00:00,2025-03-24 23:00:00,23,124.73,True,True,164.77198791503906,-3.9598950255946885,160.8120928894444,0,0,0.1
core_neuralprophet_frozen_s42,neuralprophet,frozen,selected,42,11,2025-03-24 01:00:00,2025-03-25 00:00:00,24,81.76,True,True,99.6722640991211,-3.9598950255946885,95.7123690735264,0,0,0.1
core_neuralprophet_frozen_s42,neuralprophet,frozen,selected,42,11,2025-03-24 01:00:00,2025-03-25 01:00:00,25,17.08,True,True,17.80931854248047,-3.9598950255946885,13.84942351688578,0,0,0.1
core_neuralprophet_frozen_s42,neuralprophet,frozen,selected,42,11,2025-03-24 01:00:00,2025-03-25 02:00:00,26,18.51,True,True,5.649584293365479,-3.9598950255946885,1.6896892677707909,0,0,0.1
core_neuralprophet_frozen_s42,neuralprophet,frozen,selected,42,11,2025-03-24 01:00:00,2025-03-25 03:00:00,27,18.15,True,True,20.24469947814941,-3.9598950255946885,16.284804452554724,0,0,0.1
core_neuralprophet_frozen_s42,neuralprophet,frozen,selected,42,11,2025-03-24 01:00:00,2025-03-25 04:00:00,28,15.79,True,True,31.17696952819824,-3.9598950255946885,27.217074502603552,0,0,0.1
core_neuralprophet_frozen_s42,neuralprophet,frozen,selected,42,11,2025-03-24 01:00:00,2025-03-25 05:00:00,29,13.61,True,True,47.02334213256836,-3.9598950255946885,43.06344710697367,0,0,0.1
core_neuralprophet_frozen_s42,neuralprophet,frozen,selected,42,11,2025-03-24 01:00:00,2025-03-25 06:00:00,30,13.12,True,True,36.67011642456055,-3.9598950255946885,32.71022139896586,0,0,0.1
core_neuralprophet_frozen_s42,neuralprophet,frozen,selected,42,11,2025-03-24 01:00:00,2025-03-25 07:00:00,31,34.61,True,True,89.33634185791016,-3.9598950255946885,85.37644683231547,0,0,0.1
core_neuralprophet_frozen_s42,neuralprophet,frozen,selected,42,11,2025-03-24 01:00:00,2025-03-25 08:00:00,32,76.86,True,True,158.21922302246094,-3.9598950255946885,154.25932799686626,0,0,0.1
core_neuralprophet_frozen_s42,neuralprophet,frozen,selected,42,11,2025-03-24 01:00:00,2025-03-25 09:00:00,33,137.21,True,True,239.88446044921875,-3.9598950255946885,235.92456542362407,0,0,0.1
core_neuralprophet_frozen_s42,neuralprophet,frozen,selected,42,11,2025-03-24 01:00:00,2025-03-25 10:00:00,34,200.18,True,True,312.1942138671875,-3.9598950255946885,308.2343188415928,0,0,0.1
core_neuralprophet_frozen_s42,neuralprophet,frozen,selected,42,11,2025-03-24 01:00:00,2025-03-25 11:00:00,35,217.86,True,True,319.9735107421875,-3.9598950255946885,316.0136157165928,0,0,0.1
core_neuralprophet_frozen_s42,neuralprophet,frozen,selected,42,11,2025-03-24 01:00:00,2025-03-25 12:00:00,36,158.61,True,True,208.34190368652344,-3.9598950255946885,204.38200866092876,0,0,0.1
core_neuralprophet_frozen_s42,neuralprophet,frozen,selected,42,11,2025-03-24 01:00:00,2025-03-25 13:00:00,37,45.83,True,True,52.75486755371094,-3.9598950255946885,48.79497252811625,0,0,0.1
core_neuralprophet_frozen_s42,neuralprophet,frozen,selected,42,11,2025-03-24 01:00:00,2025-03-25 14:00:00,38,39.0,True,True,38.68935775756836,-3.9598950255946885,34.72946273197367,0,0,0.1
core_neuralprophet_frozen_s42,neuralprophet,frozen,selected,42,11,2025-03-24 01:00:00,2025-03-25 15:00:00,39,38.26,True,True,58.76519012451172,-3.9598950255946885,54.80529509891703,0,0,0.1
core_neuralprophet_frozen_s42,neuralprophet,frozen,selected,42,11,2025-03-24 01:00:00,2025-03-25 16:00:00,40,32.27,True,True,60.34204864501953,-3.9598950255946885,56.38215361942484,0,0,0.1
core_neuralprophet_frozen_s42,neuralprophet,frozen,selected,42,11,2025-03-24 01:00:00,2025-03-25 17:00:00,41,28.94,True,True,65.71785736083984,-3.9598950255946885,61.75796233524515,0,0,0.1
core_neuralprophet_frozen_s42,neuralprophet,frozen,selected,42,11,2025-03-24 01:00:00,2025-03-25 18:00:00,42,27.97,True,True,56.66495132446289,-3.9598950255946885,52.7050562988682,0,0,0.1
core_neuralprophet_frozen_s42,neuralprophet,frozen,selected,42,11,2025-03-24 01:00:00,2025-03-25 19:00:00,43,26.08,True,True,50.611026763916016,-3.9598950255946885,46.651131738321325,0,0,0.1
core_neuralprophet_frozen_s42,neuralprophet,frozen,selected,42,11,2025-03-24 01:00:00,2025-03-25 20:00:00,44,27.82,True,True,66.7825927734375,-3.9598950255946885,62.82269774784281,0,0,0.1
core_neuralprophet_frozen_s42,neuralprophet,frozen,selected,42,11,2025-03-24 01:00:00,2025-03-25 21:00:00,45,30.65,True,True,77.98213195800781,-3.9598950255946885,74.02223693241312,0,0,0.1
core_neuralprophet_frozen_s42,neuralprophet,frozen,selected,42,11,2025-03-24 01:00:00,2025-03-25 22:00:00,46,32.09,True,True,77.2542724609375,-3.9598950255946885,73.29437743534281,0,0,0.1
core_neuralprophet_frozen_s42,neuralprophet,frozen,selected,42,11,2025-03-24 01:00:00,2025-03-25 23:00:00,47,41.35,True,True,77.1496810913086,-3.9598950255946885,73.1897860657139,0,0,0.1
core_neuralprophet_frozen_s42,neuralprophet,frozen,selected,42,11,2025-03-24 01:00:00,2025-03-26 00:00:00,48,50.02,True,True,79.61483001708984,-3.9598950255946885,75.65493499149515,0,0,0.1
core_neuralprophet_frozen_s42,neuralprophet,frozen,selected,42,11,2025-03-24 01:00:00,2025-03-26 01:00:00,49,,False,False,,-3.9598950255946885,,0,0,0.1
core_neuralprophet_frozen_s42,neuralprophet,frozen,selected,42,11,2025-03-24 01:00:00,2025-03-26 02:00:00,50,,False,False,,-3.9598950255946885,,0,0,0.1
core_neuralprophet_frozen_s42,neuralprophet,frozen,selected,42,11,2025-03-24 01:00:00,2025-03-26 03:00:00,51,,False,False,,-3.9598950255946885,,0,0,0.1
core_neuralprophet_frozen_s42,neuralprophet,frozen,selected,42,11,2025-03-24 01:00:00,2025-03-26 04:00:00,52,,False,False,,-3.9598950255946885,,0,0,0.1
core_neuralprophet_frozen_s42,neuralprophet,frozen,selected,42,11,2025-03-24 01:00:00,2025-03-26 05:00:00,53,,False,False,,-3.9598950255946885,,0,0,0.1
core_neuralprophet_frozen_s42,neuralprophet,frozen,selected,42,11,2025-03-24 01:00:00,2025-03-26 06:00:00,54,,False,False,,-3.9598950255946885,,0,0,0.1
core_neuralprophet_frozen_s42,neuralprophet,frozen,selected,42,11,2025-03-24 01:00:00,2025-03-26 07:00:00,55,,False,False,,-3.9598950255946885,,0,0,0.1
core_neuralprophet_frozen_s42,neuralprophet,frozen,selected,42,11,2025-03-24 01:00:00,2025-03-26 08:00:00,56,,False,False,,-3.9598950255946885,,0,0,0.1
core_neuralprophet_frozen_s42,neuralprophet,frozen,selected,42,11,2025-03-24 01:00:00,2025-03-26 09:00:00,57,,False,False,,-3.9598950255946885,,0,0,0.1
core_neuralprophet_frozen_s42,neuralprophet,frozen,selected,42,11,2025-03-24 01:00:00,2025-03-26 10:00:00,58,,False,False,,-3.9598950255946885,,0,0,0.1
core_neuralprophet_frozen_s42,neuralprophet,frozen,selected,42,11,2025-03-24 01:00:00,2025-03-26 11:00:00,59,,False,False,,-3.9598950255946885,,0,0,0.1
core_neuralprophet_frozen_s42,neuralprophet,frozen,selected,42,11,2025-03-24 01:00:00,2025-03-26 12:00:00,60,,False,False,,-3.9598950255946885,,0,0,0.1
core_neuralprophet_frozen_s42,neuralprophet,frozen,selected,42,11,2025-03-24 01:00:00,2025-03-26 13:00:00,61,,False,False,,-3.9598950255946885,,0,0,0.1
core_neuralprophet_frozen_s42,neuralprophet,frozen,selected,42,11,2025-03-24 01:00:00,2025-03-26 14:00:00,62,,False,False,,-3.9598950255946885,,0,0,0.1
core_neuralprophet_frozen_s42,neuralprophet,frozen,selected,42,11,2025-03-24 01:00:00,2025-03-26 15:00:00,63,,False,False,,-3.9598950255946885,,0,0,0.1
core_neuralprophet_frozen_s42,neuralprophet,frozen,selected,42,11,2025-03-24 01:00:00,2025-03-26 16:00:00,64,,False,False,,-3.9598950255946885,,0,0,0.1
core_neuralprophet_frozen_s42,neuralprophet,frozen,selected,42,11,2025-03-24 01:00:00,2025-03-26 17:00:00,65,,False,False,,-3.9598950255946885,,0,0,0.1
core_neuralprophet_frozen_s42,neuralprophet,frozen,selected,42,11,2025-03-24 01:00:00,2025-03-26 18:00:00,66,,False,False,,-3.9598950255946885,,0,0,0.1
core_neuralprophet_frozen_s42,neuralprophet,frozen,selected,42,11,2025-03-24 01:00:00,2025-03-26 19:00:00,67,,False,False,,-3.9598950255946885,,0,0,0.1
core_neuralprophet_frozen_s42,neuralprophet,frozen,selected,42,11,2025-03-24 01:00:00,2025-03-26 20:00:00,68,,False,False,,-3.9598950255946885,,0,0,0.1
core_neuralprophet_frozen_s42,neuralprophet,frozen,selected,42,11,2025-03-24 01:00:00,2025-03-26 21:00:00,69,,False,False,,-3.9598950255946885,,0,0,0.1
core_neuralprophet_frozen_s42,neuralprophet,frozen,selected,42,11,2025-03-24 01:00:00,2025-03-26 22:00:00,70,,False,False,,-3.9598950255946885,,0,0,0.1
core_neuralprophet_frozen_s42,neuralprophet,frozen,selected,42,11,2025-03-24 01:00:00,2025-03-26 23:00:00,71,,False,False,,-3.9598950255946885,,0,0,0.1
core_neuralprophet_frozen_s42,neuralprophet,frozen,selected,42,11,2025-03-24 01:00:00,2025-03-27 00:00:00,72,,False,False,,-3.9598950255946885,,0,0,0.1
core_neuralprophet_frozen_s42,neuralprophet,frozen,selected,42,11,2025-03-24 01:00:00,2025-03-27 01:00:00,73,11.1,True,True,34.66131591796875,-3.9598950255946885,30.70142089237406,0,0,0.1
core_neuralprophet_frozen_s42,neuralprophet,frozen,selected,42,11,2025-03-24 01:00:00,2025-03-27 02:00:00,74,8.91,True,True,32.57682037353516,-3.9598950255946885,28.616925347940473,0,0,0.1
core_neuralprophet_frozen_s42,neuralprophet,frozen,selected,42,11,2025-03-24 01:00:00,2025-03-27 03:00:00,75,6.39,True,True,27.959585189819336,-3.9598950255946885,23.999690164224646,0,0,0.1
core_neuralprophet_frozen_s42,neuralprophet,frozen,selected,42,11,2025-03-24 01:00:00,2025-03-27 04:00:00,76,4.92,True,True,41.93278884887695,-3.9598950255946885,37.97289382328226,0,0,0.1
core_neuralprophet_frozen_s42,neuralprophet,frozen,selected,42,11,2025-03-24 01:00:00,2025-03-27 05:00:00,77,4.57,True,True,55.35377502441406,-3.9598950255946885,51.39387999881937,0,0,0.1
core_neuralprophet_frozen_s42,neuralprophet,frozen,selected,42,11,2025-03-24 01:00:00,2025-03-27 06:00:00,78,4.38,True,True,56.58946990966797,-3.9598950255946885,52.62957488407328,0,0,0.1
core_neuralprophet_frozen_s42,neuralprophet,frozen,selected,42,11,2025-03-24 01:00:00,2025-03-27 07:00:00,79,5.26,True,True,57.52679443359375,-3.9598950255946885,53.56689940799906,0,0,0.1
core_neuralprophet_frozen_s42,neuralprophet,frozen,selected,42,11,2025-03-24 01:00:00,2025-03-27 08:00:00,80,7.37,True,True,67.13348388671875,-3.9598950255946885,63.17358886112406,0,0,0.1
core_neuralprophet_frozen_s42,neuralprophet,frozen,selected,42,11,2025-03-24 01:00:00,2025-03-27 09:00:00,81,9.76,True,True,58.04280853271485,-3.9598950255946885,54.08291350712016,0,0,0.1
core_neuralprophet_frozen_s42,neuralprophet,frozen,selected,42,11,2025-03-24 01:00:00,2025-03-27 10:00:00,82,11.07,True,True,51.86515426635742,-3.9598950255946885,47.90525924076273,0,0,0.1
core_neuralprophet_frozen_s42,neuralprophet,frozen,selected,42,11,2025-03-24 01:00:00,2025-03-27 11:00:00,83,12.15,True,True,45.80108642578125,-3.9598950255946885,41.84119140018656,0,0,0.1
core_neuralprophet_frozen_s42,neuralprophet,frozen,selected,42,11,2025-03-24 01:00:00,2025-03-27 12:00:00,84,12.62,True,True,29.816795349121094,-3.9598950255946885,25.856900323526403,0,0,0.1
core_neuralprophet_frozen_s42,neuralprophet,frozen,selected,42,11,2025-03-24 01:00:00,2025-03-27 13:00:00,85,11.36,True,True,28.401350021362305,-3.9598950255946885,24.441454995767614,0,0,0.1
core_neuralprophet_frozen_s42,neuralprophet,frozen,selected,42,11,2025-03-24 01:00:00,2025-03-27 14:00:00,86,11.07,True,True,19.51900863647461,-3.9598950255946885,15.55911361087992,0,0,0.1
core_neuralprophet_frozen_s42,neuralprophet,frozen,selected,42,11,2025-03-24 01:00:00,2025-03-27 15:00:00,87,9.25,True,True,26.798791885375977,-3.9598950255946885,22.838896859781286,0,0,0.1
core_neuralprophet_frozen_s42,neuralprophet,frozen,selected,42,11,2025-03-24 01:00:00,2025-03-27 16:00:00,88,6.17,True,True,21.151447296142575,-3.9598950255946885,17.191552270547888,0,0,0.1
core_neuralprophet_frozen_s42,neuralprophet,frozen,selected,42,11,2025-03-24 01:00:00,2025-03-27 17:00:00,89,5.94,True,True,40.937744140625,-3.9598950255946885,36.97784911503031,0,0,0.1
core_neuralprophet_frozen_s42,neuralprophet,frozen,selected,42,11,2025-03-24 01:00:00,2025-03-27 18:00:00,90,6.44,True,True,43.89079284667969,-3.9598950255946885,39.930897821085,0,0,0.1
core_neuralprophet_frozen_s42,neuralprophet,frozen,selected,42,11,2025-03-24 01:00:00,2025-03-27 19:00:00,91,7.23,True,True,61.60330581665039,-3.9598950255946885,57.6434107910557,0,0,0.1
core_neuralprophet_frozen_s42,neuralprophet,frozen,selected,42,11,2025-03-24 01:00:00,2025-03-27 20:00:00,92,8.06,True,True,62.05734634399414,-3.9598950255946885,58.09745131839945,0,0,0.1
core_neuralprophet_frozen_s42,neuralprophet,frozen,selected,42,11,2025-03-24 01:00:00,2025-03-27 21:00:00,93,9.01,True,True,69.093505859375,-3.9598950255946885,65.13361083378031,0,0,0.1
core_neuralprophet_frozen_s42,neuralprophet,frozen,selected,42,11,2025-03-24 01:00:00,2025-03-27 22:00:00,94,11.14,True,True,67.00151062011719,-3.9598950255946885,63.0416155945225,0,0,0.1
core_neuralprophet_frozen_s42,neuralprophet,frozen,selected,42,11,2025-03-24 01:00:00,2025-03-27 23:00:00,95,22.7,True,True,74.0042953491211,-3.9598950255946885,70.0444003235264,0,0,0.1
core_neuralprophet_frozen_s42,neuralprophet,frozen,selected,42,11,2025-03-24 01:00:00,2025-03-28 00:00:00,96,37.07,True,True,87.32353973388672,-3.9598950255946885,83.36364470829203,0,0,0.1
core_neuralprophet_frozen_s42,neuralprophet,frozen,selected,42,11,2025-03-24 01:00:00,2025-03-28 01:00:00,97,42.55,True,True,83.55518341064453,-3.9598950255946885,79.59528838504984,0,0,0.1
core_neuralprophet_frozen_s42,neuralprophet,frozen,selected,42,11,2025-03-24 01:00:00,2025-03-28 02:00:00,98,35.04,True,True,68.27037048339844,-3.9598950255946885,64.31047545780375,0,0,0.1
core_neuralprophet_frozen_s42,neuralprophet,frozen,selected,42,11,2025-03-24 01:00:00,2025-03-28 03:00:00,99,22.55,True,True,67.49456787109375,-3.9598950255946885,63.53467284549906,0,0,0.1
core_neuralprophet_frozen_s42,neuralprophet,frozen,selected,42,11,2025-03-24 01:00:00,2025-03-28 04:00:00,100,12.73,True,True,79.89762878417969,-3.9598950255946885,75.937733758585,0,0,0.1
core_neuralprophet_frozen_s42,neuralprophet,frozen,selected,42,11,2025-03-24 01:00:00,2025-03-28 05:00:00,101,12.92,True,True,75.11697387695312,-3.9598950255946885,71.15707885135843,0,0,0.1
core_neuralprophet_frozen_s42,neuralprophet,frozen,selected,42,11,2025-03-24 01:00:00,2025-03-28 06:00:00,102,13.7,True,True,86.95365142822266,-3.9598950255946885,82.99375640262797,0,0,0.1
core_neuralprophet_frozen_s42,neuralprophet,frozen,selected,42,11,2025-03-24 01:00:00,2025-03-28 07:00:00,103,11.83,True,True,79.5194320678711,-3.9598950255946885,75.5595370422764,0,0,0.1
core_neuralprophet_frozen_s42,neuralprophet,frozen,selected,42,11,2025-03-24 01:00:00,2025-03-28 08:00:00,104,8.21,True,True,72.38789367675781,-3.9598950255946885,68.42799865116312,0,0,0.1
core_neuralprophet_frozen_s42,neuralprophet,frozen,selected,42,11,2025-03-24 01:00:00,2025-03-28 09:00:00,105,6.66,True,True,68.15086364746094,-3.9598950255946885,64.19096862186625,0,0,0.1
core_neuralprophet_frozen_s42,neuralprophet,frozen,selected,42,11,2025-03-24 01:00:00,2025-03-28 10:00:00,106,7.03,True,True,55.75338745117188,-3.9598950255946885,51.79349242557719,0,0,0.1
core_neuralprophet_frozen_s42,neuralprophet,frozen,selected,42,11,2025-03-24 01:00:00,2025-03-28 11:00:00,107,10.12,True,True,52.46615219116211,-3.9598950255946885,48.50625716556742,0,0,0.1
core_neuralprophet_frozen_s42,neuralprophet,frozen,selected,42,11,2025-03-24 01:00:00,2025-03-28 12:00:00,108,13.25,True,True,40.595829010009766,-3.9598950255946885,36.635933984415075,0,0,0.1
core_neuralprophet_frozen_s42,neuralprophet,frozen,selected,42,11,2025-03-24 01:00:00,2025-03-28 13:00:00,109,14.78,True,True,43.70689010620117,-3.9598950255946885,39.74699508060648,0,0,0.1
core_neuralprophet_frozen_s42,neuralprophet,frozen,selected,42,11,2025-03-24 01:00:00,2025-03-28 14:00:00,110,15.86,True,True,33.02196502685547,-3.9598950255946885,29.06207000126078,0,0,0.1
core_neuralprophet_frozen_s42,neuralprophet,frozen,selected,42,11,2025-03-24 01:00:00,2025-03-28 15:00:00,111,14.46,True,True,40.09183883666992,-3.9598950255946885,36.13194381107523,0,0,0.1
core_neuralprophet_frozen_s42,neuralprophet,frozen,selected,42,11,2025-03-24 01:00:00,2025-03-28 16:00:00,112,11.2,True,True,46.13251876831055,-3.9598950255946885,42.17262374271586,0,0,0.1
core_neuralprophet_frozen_s42,neuralprophet,frozen,selected,42,11,2025-03-24 01:00:00,2025-03-28 17:00:00,113,10.33,True,True,65.76211547851562,-3.9598950255946885,61.802220452920935,0,0,0.1
core_neuralprophet_frozen_s42,neuralprophet,frozen,selected,42,11,2025-03-24 01:00:00,2025-03-28 18:00:00,114,10.75,True,True,58.34553527832031,-3.9598950255946885,54.38564025272562,0,0,0.1
core_neuralprophet_frozen_s42,neuralprophet,frozen,selected,42,11,2025-03-24 01:00:00,2025-03-28 19:00:00,115,12.22,True,True,85.31029510498047,-3.9598950255946885,81.35040007938578,0,0,0.1
core_neuralprophet_frozen_s42,neuralprophet,frozen,selected,42,11,2025-03-24 01:00:00,2025-03-28 20:00:00,116,15.21,True,True,98.17869567871094,-3.9598950255946885,94.21880065311625,0,0,0.1
core_neuralprophet_frozen_s42,neuralprophet,frozen,selected,42,11,2025-03-24 01:00:00,2025-03-28 21:00:00,117,19.23,True,True,100.61196899414062,-3.9598950255946885,96.65207396854593,0,0,0.1
core_neuralprophet_frozen_s42,neuralprophet,frozen,selected,42,11,2025-03-24 01:00:00,2025-03-28 22:00:00,118,25.19,True,True,97.14891815185548,-3.9598950255946885,93.18902312626079,0,0,0.1
core_neuralprophet_frozen_s42,neuralprophet,frozen,selected,42,11,2025-03-24 01:00:00,2025-03-28 23:00:00,119,42.02,True,True,111.4292449951172,-3.9598950255946885,107.46934996952251,0,0,0.1
core_neuralprophet_frozen_s42,neuralprophet,frozen,selected,42,11,2025-03-24 01:00:00,2025-03-29 00:00:00,120,59.87,True,True,124.53653717041016,-3.9598950255946885,120.57664214481547,0,0,0.1
core_neuralprophet_frozen_s42,neuralprophet,frozen,selected,42,11,2025-03-24 01:00:00,2025-03-29 01:00:00,121,67.51,True,True,119.5599136352539,-3.9598950255946885,115.60001860965922,0,0,0.1
core_neuralprophet_frozen_s42,neuralprophet,frozen,selected,42,11,2025-03-24 01:00:00,2025-03-29 02:00:00,122,65.69,True,True,120.60205078125,-3.9598950255946885,116.64215575565531,0,0,0.1
core_neuralprophet_frozen_s42,neuralprophet,frozen,selected,42,11,2025-03-24 01:00:00,2025-03-29 03:00:00,123,36.14,True,True,81.17372131347656,-3.9598950255946885,77.21382628788187,0,0,0.1
core_neuralprophet_frozen_s42,neuralprophet,frozen,selected,42,11,2025-03-24 01:00:00,2025-03-29 04:00:00,124,12.07,True,True,64.47601318359375,-3.9598950255946885,60.51611815799906,0,0,0.1
core_neuralprophet_frozen_s42,neuralprophet,frozen,selected,42,11,2025-03-24 01:00:00,2025-03-29 05:00:00,125,10.26,True,True,77.7606430053711,-3.9598950255946885,73.8007479797764,0,0,0.1
core_neuralprophet_frozen_s42,neuralprophet,frozen,selected,42,11,2025-03-24 01:00:00,2025-03-29 06:00:00,126,9.24,True,True,72.2032241821289,-3.9598950255946885,68.24332915653422,0,0,0.1
core_neuralprophet_frozen_s42,neuralprophet,frozen,selected,42,11,2025-03-24 01:00:00,2025-03-29 07:00:00,127,7.88,True,True,69.37168884277344,-3.9598950255946885,65.41179381717875,0,0,0.1
core_neuralprophet_frozen_s42,neuralprophet,frozen,selected,42,11,2025-03-24 01:00:00,2025-03-29 08:00:00,128,6.94,True,True,74.94084930419922,-3.9598950255946885,70.98095427860453,0,0,0.1
core_neuralprophet_frozen_s42,neuralprophet,frozen,selected,42,11,2025-03-24 01:00:00,2025-03-29 09:00:00,129,6.22,True,True,63.6748161315918,-3.9598950255946885,59.71492110599711,0,0,0.1
core_neuralprophet_frozen_s42,neuralprophet,frozen,selected,42,11,2025-03-24 01:00:00,2025-03-29 10:00:00,130,21.1,True,True,78.84010314941406,-3.9598950255946885,74.88020812381937,0,0,0.1
core_neuralprophet_frozen_s42,neuralprophet,frozen,selected,42,11,2025-03-24 01:00:00,2025-03-29 11:00:00,131,64.27,True,True,136.86680603027344,-3.9598950255946885,132.90691100467876,0,0,0.1
core_neuralprophet_frozen_s42,neuralprophet,frozen,selected,42,11,2025-03-24 01:00:00,2025-03-29 12:00:00,132,121.16,True,True,176.85816955566406,-3.9598950255946885,172.8982745300694,0,0,0.1
core_neuralprophet_frozen_s42,neuralprophet,frozen,selected,42,11,2025-03-24 01:00:00,2025-03-29 13:00:00,133,182.14,True,True,251.6242828369141,-3.9598950255946885,247.66438781131941,0,0,0.1
core_neuralprophet_frozen_s42,neuralprophet,frozen,selected,42,11,2025-03-24 01:00:00,2025-03-29 14:00:00,134,246.53,True,True,300.8275756835937,-3.9598950255946885,296.867680657999,0,0,0.1
core_neuralprophet_frozen_s42,neuralprophet,frozen,selected,42,11,2025-03-24 01:00:00,2025-03-29 15:00:00,135,298.38,True,True,358.5857238769531,-3.9598950255946885,354.62582885135845,0,0,0.1
core_neuralprophet_frozen_s42,neuralprophet,frozen,selected,42,11,2025-03-24 01:00:00,2025-03-29 16:00:00,136,311.37,True,True,379.8758544921875,-3.9598950255946885,375.9159594665928,0,0,0.1
core_neuralprophet_frozen_s42,neuralprophet,frozen,selected,42,11,2025-03-24 01:00:00,2025-03-29 17:00:00,137,272.47,True,True,351.45318603515625,-3.9598950255946885,347.4932910095616,0,0,0.1
core_neuralprophet_frozen_s42,neuralprophet,frozen,selected,42,11,2025-03-24 01:00:00,2025-03-29 18:00:00,138,208.71,True,True,294.33599853515625,-3.9598950255946885,290.3761035095616,0,0,0.1
core_neuralprophet_frozen_s42,neuralprophet,frozen,selected,42,11,2025-03-24 01:00:00,2025-03-29 19:00:00,139,141.98,True,True,229.0686187744141,-3.9598950255946885,225.10872374881941,0,0,0.1
core_neuralprophet_frozen_s42,neuralprophet,frozen,selected,42,11,2025-03-24 01:00:00,2025-03-29 20:00:00,140,103.89,True,True,176.2101593017578,-3.9598950255946885,172.25026427616314,0,0,0.1
core_neuralprophet_frozen_s42,neuralprophet,frozen,selected,42,11,2025-03-24 01:00:00,2025-03-29 21:00:00,141,91.39,True,True,173.74346923828125,-3.9598950255946885,169.78357421268657,0,0,0.1
core_neuralprophet_frozen_s42,neuralprophet,frozen,selected,42,11,2025-03-24 01:00:00,2025-03-29 22:00:00,142,97.15,True,True,170.9974365234375,-3.9598950255946885,167.03754149784282,0,0,0.1
core_neuralprophet_frozen_s42,neuralprophet,frozen,selected,42,11,2025-03-24 01:00:00,2025-03-29 23:00:00,143,155.4,True,True,218.0737762451172,-3.9598950255946885,214.1138812195225,0,0,0.1
core_neuralprophet_frozen_s42,neuralprophet,frozen,selected,42,11,2025-03-24 01:00:00,2025-03-30 00:00:00,144,257.0,True,True,319.1744384765625,-3.9598950255946885,315.2145434509678,0,0,0.1
core_neuralprophet_frozen_s42,neuralprophet,frozen,selected,42,11,2025-03-24 01:00:00,2025-03-30 01:00:00,145,,False,False,,-3.9598950255946885,,0,0,0.1
core_neuralprophet_frozen_s42,neuralprophet,frozen,selected,42,11,2025-03-24 01:00:00,2025-03-30 02:00:00,146,,False,False,,-3.9598950255946885,,0,0,0.1
core_neuralprophet_frozen_s42,neuralprophet,frozen,selected,42,11,2025-03-24 01:00:00,2025-03-30 03:00:00,147,,False,False,,-3.9598950255946885,,0,0,0.1
core_neuralprophet_frozen_s42,neuralprophet,frozen,selected,42,11,2025-03-24 01:00:00,2025-03-30 04:00:00,148,,False,False,,-3.9598950255946885,,0,0,0.1
core_neuralprophet_frozen_s42,neuralprophet,frozen,selected,42,11,2025-03-24 01:00:00,2025-03-30 05:00:00,149,,False,False,,-3.9598950255946885,,0,0,0.1
core_neuralprophet_frozen_s42,neuralprophet,frozen,selected,42,11,2025-03-24 01:00:00,2025-03-30 06:00:00,150,,False,False,,-3.9598950255946885,,0,0,0.1
core_neuralprophet_frozen_s42,neuralprophet,frozen,selected,42,11,2025-03-24 01:00:00,2025-03-30 07:00:00,151,,False,False,,-3.9598950255946885,,0,0,0.1
core_neuralprophet_frozen_s42,neuralprophet,frozen,selected,42,11,2025-03-24 01:00:00,2025-03-30 08:00:00,152,,False,False,,-3.9598950255946885,,0,0,0.1
core_neuralprophet_frozen_s42,neuralprophet,frozen,selected,42,11,2025-03-24 01:00:00,2025-03-30 09:00:00,153,,False,False,,-3.9598950255946885,,0,0,0.1
core_neuralprophet_frozen_s42,neuralprophet,frozen,selected,42,11,2025-03-24 01:00:00,2025-03-30 10:00:00,154,,False,False,,-3.9598950255946885,,0,0,0.1
core_neuralprophet_frozen_s42,neuralprophet,frozen,selected,42,11,2025-03-24 01:00:00,2025-03-30 11:00:00,155,,False,False,,-3.9598950255946885,,0,0,0.1
core_neuralprophet_frozen_s42,neuralprophet,frozen,selected,42,11,2025-03-24 01:00:00,2025-03-30 12:00:00,156,,False,False,,-3.9598950255946885,,0,0,0.1
core_neuralprophet_frozen_s42,neuralprophet,frozen,selected,42,11,2025-03-24 01:00:00,2025-03-30 13:00:00,157,,False,False,,-3.9598950255946885,,0,0,0.1
core_neuralprophet_frozen_s42,neuralprophet,frozen,selected,42,11,2025-03-24 01:00:00,2025-03-30 14:00:00,158,,False,False,,-3.9598950255946885,,0,0,0.1
core_neuralprophet_frozen_s42,neuralprophet,frozen,selected,42,11,2025-03-24 01:00:00,2025-03-30 15:00:00,159,,False,False,,-3.9598950255946885,,0,0,0.1
core_neuralprophet_frozen_s42,neuralprophet,frozen,selected,42,11,2025-03-24 01:00:00,2025-03-30 16:00:00,160,,False,False,,-3.9598950255946885,,0,0,0.1
core_neuralprophet_frozen_s42,neuralprophet,frozen,selected,42,11,2025-03-24 01:00:00,2025-03-30 17:00:00,161,,False,False,,-3.9598950255946885,,0,0,0.1
core_neuralprophet_frozen_s42,neuralprophet,frozen,selected,42,11,2025-03-24 01:00:00,2025-03-30 18:00:00,162,,False,False,,-3.9598950255946885,,0,0,0.1
core_neuralprophet_frozen_s42,neuralprophet,frozen,selected,42,11,2025-03-24 01:00:00,2025-03-30 19:00:00,163,,False,False,,-3.9598950255946885,,0,0,0.1
core_neuralprophet_frozen_s42,neuralprophet,frozen,selected,42,11,2025-03-24 01:00:00,2025-03-30 20:00:00,164,,False,False,,-3.9598950255946885,,0,0,0.1
core_neuralprophet_frozen_s42,neuralprophet,frozen,selected,42,11,2025-03-24 01:00:00,2025-03-30 21:00:00,165,,False,False,,-3.9598950255946885,,0,0,0.1
core_neuralprophet_frozen_s42,neuralprophet,frozen,selected,42,11,2025-03-24 01:00:00,2025-03-30 22:00:00,166,,False,False,,-3.9598950255946885,,0,0,0.1
core_neuralprophet_frozen_s42,neuralprophet,frozen,selected,42,11,2025-03-24 01:00:00,2025-03-30 23:00:00,167,,False,False,,-3.9598950255946885,,0,0,0.1
core_neuralprophet_frozen_s42,neuralprophet,frozen,selected,42,11,2025-03-24 01:00:00,2025-03-31 00:00:00,168,,False,False,,-3.9598950255946885,,0,0,0.1
core_neuralprophet_frozen_s42,neuralprophet,frozen,selected,42,12,2025-03-31 01:00:00,2025-03-31 01:00:00,1,,False,False,,-8.103544535757393,,48,192,0.1
core_neuralprophet_frozen_s42,neuralprophet,frozen,selected,42,12,2025-03-31 01:00:00,2025-03-31 02:00:00,2,,False,False,,-8.103544535757393,,48,192,0.1
core_neuralprophet_frozen_s42,neuralprophet,frozen,selected,42,12,2025-03-31 01:00:00,2025-03-31 03:00:00,3,,False,False,,-8.103544535757393,,48,192,0.1
core_neuralprophet_frozen_s42,neuralprophet,frozen,selected,42,12,2025-03-31 01:00:00,2025-03-31 04:00:00,4,,False,False,,-8.103544535757393,,48,192,0.1
core_neuralprophet_frozen_s42,neuralprophet,frozen,selected,42,12,2025-03-31 01:00:00,2025-03-31 05:00:00,5,,False,False,,-8.103544535757393,,48,192,0.1
core_neuralprophet_frozen_s42,neuralprophet,frozen,selected,42,12,2025-03-31 01:00:00,2025-03-31 06:00:00,6,,False,False,,-8.103544535757393,,48,192,0.1
core_neuralprophet_frozen_s42,neuralprophet,frozen,selected,42,12,2025-03-31 01:00:00,2025-03-31 07:00:00,7,,False,False,,-8.103544535757393,,48,192,0.1
core_neuralprophet_frozen_s42,neuralprophet,frozen,selected,42,12,2025-03-31 01:00:00,2025-03-31 08:00:00,8,,False,False,,-8.103544535757393,,48,192,0.1
core_neuralprophet_frozen_s42,neuralprophet,frozen,selected,42,12,2025-03-31 01:00:00,2025-03-31 09:00:00,9,,False,False,,-8.103544535757393,,48,192,0.1
core_neuralprophet_frozen_s42,neuralprophet,frozen,selected,42,12,2025-03-31 01:00:00,2025-03-31 10:00:00,10,,False,False,,-8.103544535757393,,48,192,0.1
core_neuralprophet_frozen_s42,neuralprophet,frozen,selected,42,12,2025-03-31 01:00:00,2025-03-31 11:00:00,11,,False,False,,-8.103544535757393,,48,192,0.1
core_neuralprophet_frozen_s42,neuralprophet,frozen,selected,42,12,2025-03-31 01:00:00,2025-03-31 12:00:00,12,,False,False,,-8.103544535757393,,48,192,0.1
core_neuralprophet_frozen_s42,neuralprophet,frozen,selected,42,12,2025-03-31 01:00:00,2025-03-31 13:00:00,13,,False,False,,-8.103544535757393,,48,192,0.1
core_neuralprophet_frozen_s42,neuralprophet,frozen,selected,42,12,2025-03-31 01:00:00,2025-03-31 14:00:00,14,,False,False,,-8.103544535757393,,48,192,0.1
core_neuralprophet_frozen_s42,neuralprophet,frozen,selected,42,12,2025-03-31 01:00:00,2025-03-31 15:00:00,15,,False,False,,-8.103544535757393,,48,192,0.1
core_neuralprophet_frozen_s42,neuralprophet,frozen,selected,42,12,2025-03-31 01:00:00,2025-03-31 16:00:00,16,,False,False,,-8.103544535757393,,48,192,0.1
core_neuralprophet_frozen_s42,neuralprophet,frozen,selected,42,12,2025-03-31 01:00:00,2025-03-31 17:00:00,17,,False,False,,-8.103544535757393,,48,192,0.1
core_neuralprophet_frozen_s42,neuralprophet,frozen,selected,42,12,2025-03-31 01:00:00,2025-03-31 18:00:00,18,,False,False,,-8.103544535757393,,48,192,0.1
core_neuralprophet_frozen_s42,neuralprophet,frozen,selected,42,12,2025-03-31 01:00:00,2025-03-31 19:00:00,19,,False,False,,-8.103544535757393,,48,192,0.1
core_neuralprophet_frozen_s42,neuralprophet,frozen,selected,42,12,2025-03-31 01:00:00,2025-03-31 20:00:00,20,,False,False,,-8.103544535757393,,48,192,0.1
core_neuralprophet_frozen_s42,neuralprophet,frozen,selected,42,12,2025-03-31 01:00:00,2025-03-31 21:00:00,21,,False,False,,-8.103544535757393,,48,192,0.1
core_neuralprophet_frozen_s42,neuralprophet,frozen,selected,42,12,2025-03-31 01:00:00,2025-03-31 22:00:00,22,,False,False,,-8.103544535757393,,48,192,0.1
core_neuralprophet_frozen_s42,neuralprophet,frozen,selected,42,12,2025-03-31 01:00:00,2025-03-31 23:00:00,23,,False,False,,-8.103544535757393,,48,192,0.1
core_neuralprophet_frozen_s42,neuralprophet,frozen,selected,42,12,2025-03-31 01:00:00,2025-04-01 00:00:00,24,,False,False,,-8.103544535757393,,48,192,0.1
core_neuralprophet_frozen_s42,neuralprophet,frozen,selected,42,12,2025-03-31 01:00:00,2025-04-01 01:00:00,25,,False,False,,-8.103544535757393,,48,192,0.1
core_neuralprophet_frozen_s42,neuralprophet,frozen,selected,42,12,2025-03-31 01:00:00,2025-04-01 02:00:00,26,,False,False,,-8.103544535757393,,48,192,0.1
core_neuralprophet_frozen_s42,neuralprophet,frozen,selected,42,12,2025-03-31 01:00:00,2025-04-01 03:00:00,27,,False,False,,-8.103544535757393,,48,192,0.1
core_neuralprophet_frozen_s42,neuralprophet,frozen,selected,42,12,2025-03-31 01:00:00,2025-04-01 04:00:00,28,,False,False,,-8.103544535757393,,48,192,0.1
core_neuralprophet_frozen_s42,neuralprophet,frozen,selected,42,12,2025-03-31 01:00:00,2025-04-01 05:00:00,29,,False,False,,-8.103544535757393,,48,192,0.1
core_neuralprophet_frozen_s42,neuralprophet,frozen,selected,42,12,2025-03-31 01:00:00,2025-04-01 06:00:00,30,,False,False,,-8.103544535757393,,48,192,0.1
core_neuralprophet_frozen_s42,neuralprophet,frozen,selected,42,12,2025-03-31 01:00:00,2025-04-01 07:00:00,31,,False,False,,-8.103544535757393,,48,192,0.1
core_neuralprophet_frozen_s42,neuralprophet,frozen,selected,42,12,2025-03-31 01:00:00,2025-04-01 08:00:00,32,,False,False,,-8.103544535757393,,48,192,0.1
core_neuralprophet_frozen_s42,neuralprophet,frozen,selected,42,12,2025-03-31 01:00:00,2025-04-01 09:00:00,33,,False,False,,-8.103544535757393,,48,192,0.1
core_neuralprophet_frozen_s42,neuralprophet,frozen,selected,42,12,2025-03-31 01:00:00,2025-04-01 10:00:00,34,,False,False,,-8.103544535757393,,48,192,0.1
core_neuralprophet_frozen_s42,neuralprophet,frozen,selected,42,12,2025-03-31 01:00:00,2025-04-01 11:00:00,35,,False,False,,-8.103544535757393,,48,192,0.1
core_neuralprophet_frozen_s42,neuralprophet,frozen,selected,42,12,2025-03-31 01:00:00,2025-04-01 12:00:00,36,,False,False,,-8.103544535757393,,48,192,0.1
core_neuralprophet_frozen_s42,neuralprophet,frozen,selected,42,12,2025-03-31 01:00:00,2025-04-01 13:00:00,37,,False,False,,-8.103544535757393,,48,192,0.1
core_neuralprophet_frozen_s42,neuralprophet,frozen,selected,42,12,2025-03-31 01:00:00,2025-04-01 14:00:00,38,,False,False,,-8.103544535757393,,48,192,0.1
core_neuralprophet_frozen_s42,neuralprophet,frozen,selected,42,12,2025-03-31 01:00:00,2025-04-01 15:00:00,39,,False,False,,-8.103544535757393,,48,192,0.1
core_neuralprophet_frozen_s42,neuralprophet,frozen,selected,42,12,2025-03-31 01:00:00,2025-04-01 16:00:00,40,,False,False,,-8.103544535757393,,48,192,0.1
core_neuralprophet_frozen_s42,neuralprophet,frozen,selected,42,12,2025-03-31 01:00:00,2025-04-01 17:00:00,41,,False,False,,-8.103544535757393,,48,192,0.1
core_neuralprophet_frozen_s42,neuralprophet,frozen,selected,42,12,2025-03-31 01:00:00,2025-04-01 18:00:00,42,,False,False,,-8.103544535757393,,48,192,0.1
core_neuralprophet_frozen_s42,neuralprophet,frozen,selected,42,12,2025-03-31 01:00:00,2025-04-01 19:00:00,43,,False,False,,-8.103544535757393,,48,192,0.1
core_neuralprophet_frozen_s42,neuralprophet,frozen,selected,42,12,2025-03-31 01:00:00,2025-04-01 20:00:00,44,,False,False,,-8.103544535757393,,48,192,0.1
core_neuralprophet_frozen_s42,neuralprophet,frozen,selected,42,12,2025-03-31 01:00:00,2025-04-01 21:00:00,45,,False,False,,-8.103544535757393,,48,192,0.1
core_neuralprophet_frozen_s42,neuralprophet,frozen,selected,42,12,2025-03-31 01:00:00,2025-04-01 22:00:00,46,,False,False,,-8.103544535757393,,48,192,0.1
core_neuralprophet_frozen_s42,neuralprophet,frozen,selected,42,12,2025-03-31 01:00:00,2025-04-01 23:00:00,47,,False,False,,-8.103544535757393,,48,192,0.1
core_neuralprophet_frozen_s42,neuralprophet,frozen,selected,42,12,2025-03-31 01:00:00,2025-04-02 00:00:00,48,,False,False,,-8.103544535757393,,48,192,0.1
core_neuralprophet_frozen_s42,neuralprophet,frozen,selected,42,12,2025-03-31 01:00:00,2025-04-02 01:00:00,49,,False,False,,-8.103544535757393,,48,192,0.1
core_neuralprophet_frozen_s42,neuralprophet,frozen,selected,42,12,2025-03-31 01:00:00,2025-04-02 02:00:00,50,,False,False,,-8.103544535757393,,48,192,0.1
core_neuralprophet_frozen_s42,neuralprophet,frozen,selected,42,12,2025-03-31 01:00:00,2025-04-02 03:00:00,51,,False,False,,-8.103544535757393,,48,192,0.1
core_neuralprophet_frozen_s42,neuralprophet,frozen,selected,42,12,2025-03-31 01:00:00,2025-04-02 04:00:00,52,,False,False,,-8.103544535757393,,48,192,0.1
core_neuralprophet_frozen_s42,neuralprophet,frozen,selected,42,12,2025-03-31 01:00:00,2025-04-02 05:00:00,53,,False,False,,-8.103544535757393,,48,192,0.1
core_neuralprophet_frozen_s42,neuralprophet,frozen,selected,42,12,2025-03-31 01:00:00,2025-04-02 06:00:00,54,,False,False,,-8.103544535757393,,48,192,0.1
core_neuralprophet_frozen_s42,neuralprophet,frozen,selected,42,12,2025-03-31 01:00:00,2025-04-02 07:00:00,55,,False,False,,-8.103544535757393,,48,192,0.1
core_neuralprophet_frozen_s42,neuralprophet,frozen,selected,42,12,2025-03-31 01:00:00,2025-04-02 08:00:00,56,,False,False,,-8.103544535757393,,48,192,0.1
core_neuralprophet_frozen_s42,neuralprophet,frozen,selected,42,12,2025-03-31 01:00:00,2025-04-02 09:00:00,57,,False,False,,-8.103544535757393,,48,192,0.1
core_neuralprophet_frozen_s42,neuralprophet,frozen,selected,42,12,2025-03-31 01:00:00,2025-04-02 10:00:00,58,,False,False,,-8.103544535757393,,48,192,0.1
core_neuralprophet_frozen_s42,neuralprophet,frozen,selected,42,12,2025-03-31 01:00:00,2025-04-02 11:00:00,59,,False,False,,-8.103544535757393,,48,192,0.1
core_neuralprophet_frozen_s42,neuralprophet,frozen,selected,42,12,2025-03-31 01:00:00,2025-04-02 12:00:00,60,,False,False,,-8.103544535757393,,48,192,0.1
core_neuralprophet_frozen_s42,neuralprophet,frozen,selected,42,12,2025-03-31 01:00:00,2025-04-02 13:00:00,61,,False,False,,-8.103544535757393,,48,192,0.1
core_neuralprophet_frozen_s42,neuralprophet,frozen,selected,42,12,2025-03-31 01:00:00,2025-04-02 14:00:00,62,,False,False,,-8.103544535757393,,48,192,0.1
core_neuralprophet_frozen_s42,neuralprophet,frozen,selected,42,12,2025-03-31 01:00:00,2025-04-02 15:00:00,63,,False,False,,-8.103544535757393,,48,192,0.1
core_neuralprophet_frozen_s42,neuralprophet,frozen,selected,42,12,2025-03-31 01:00:00,2025-04-02 16:00:00,64,,False,False,,-8.103544535757393,,48,192,0.1
core_neuralprophet_frozen_s42,neuralprophet,frozen,selected,42,12,2025-03-31 01:00:00,2025-04-02 17:00:00,65,,False,False,,-8.103544535757393,,48,192,0.1
core_neuralprophet_frozen_s42,neuralprophet,frozen,selected,42,12,2025-03-31 01:00:00,2025-04-02 18:00:00,66,,False,False,,-8.103544535757393,,48,192,0.1
core_neuralprophet_frozen_s42,neuralprophet,frozen,selected,42,12,2025-03-31 01:00:00,2025-04-02 19:00:00,67,,False,False,,-8.103544535757393,,48,192,0.1
core_neuralprophet_frozen_s42,neuralprophet,frozen,selected,42,12,2025-03-31 01:00:00,2025-04-02 20:00:00,68,,False,False,,-8.103544535757393,,48,192,0.1
core_neuralprophet_frozen_s42,neuralprophet,frozen,selected,42,12,2025-03-31 01:00:00,2025-04-02 21:00:00,69,,False,False,,-8.103544535757393,,48,192,0.1
core_neuralprophet_frozen_s42,neuralprophet,frozen,selected,42,12,2025-03-31 01:00:00,2025-04-02 22:00:00,70,,False,False,,-8.103544535757393,,48,192,0.1
core_neuralprophet_frozen_s42,neuralprophet,frozen,selected,42,12,2025-03-31 01:00:00,2025-04-02 23:00:00,71,,False,False,,-8.103544535757393,,48,192,0.1
core_neuralprophet_frozen_s42,neuralprophet,frozen,selected,42,12,2025-03-31 01:00:00,2025-04-03 00:00:00,72,,False,False,,-8.103544535757393,,48,192,0.1
core_neuralprophet_frozen_s42,neuralprophet,frozen,selected,42,12,2025-03-31 01:00:00,2025-04-03 01:00:00,73,,False,False,,-8.103544535757393,,48,192,0.1
core_neuralprophet_frozen_s42,neuralprophet,frozen,selected,42,12,2025-03-31 01:00:00,2025-04-03 02:00:00,74,,False,False,,-8.103544535757393,,48,192,0.1
core_neuralprophet_frozen_s42,neuralprophet,frozen,selected,42,12,2025-03-31 01:00:00,2025-04-03 03:00:00,75,,False,False,,-8.103544535757393,,48,192,0.1
core_neuralprophet_frozen_s42,neuralprophet,frozen,selected,42,12,2025-03-31 01:00:00,2025-04-03 04:00:00,76,,False,False,,-8.103544535757393,,48,192,0.1
core_neuralprophet_frozen_s42,neuralprophet,frozen,selected,42,12,2025-03-31 01:00:00,2025-04-03 05:00:00,77,,False,False,,-8.103544535757393,,48,192,0.1
core_neuralprophet_frozen_s42,neuralprophet,frozen,selected,42,12,2025-03-31 01:00:00,2025-04-03 06:00:00,78,,False,False,,-8.103544535757393,,48,192,0.1
core_neuralprophet_frozen_s42,neuralprophet,frozen,selected,42,12,2025-03-31 01:00:00,2025-04-03 07:00:00,79,,False,False,,-8.103544535757393,,48,192,0.1
core_neuralprophet_frozen_s42,neuralprophet,frozen,selected,42,12,2025-03-31 01:00:00,2025-04-03 08:00:00,80,,False,False,,-8.103544535757393,,48,192,0.1
core_neuralprophet_frozen_s42,neuralprophet,frozen,selected,42,12,2025-03-31 01:00:00,2025-04-03 09:00:00,81,,False,False,,-8.103544535757393,,48,192,0.1
core_neuralprophet_frozen_s42,neuralprophet,frozen,selected,42,12,2025-03-31 01:00:00,2025-04-03 10:00:00,82,,False,False,,-8.103544535757393,,48,192,0.1
core_neuralprophet_frozen_s42,neuralprophet,frozen,selected,42,12,2025-03-31 01:00:00,2025-04-03 11:00:00,83,,False,False,,-8.103544535757393,,48,192,0.1
core_neuralprophet_frozen_s42,neuralprophet,frozen,selected,42,12,2025-03-31 01:00:00,2025-04-03 12:00:00,84,,False,False,,-8.103544535757393,,48,192,0.1
core_neuralprophet_frozen_s42,neuralprophet,frozen,selected,42,12,2025-03-31 01:00:00,2025-04-03 13:00:00,85,,False,False,,-8.103544535757393,,48,192,0.1
core_neuralprophet_frozen_s42,neuralprophet,frozen,selected,42,12,2025-03-31 01:00:00,2025-04-03 14:00:00,86,,False,False,,-8.103544535757393,,48,192,0.1
core_neuralprophet_frozen_s42,neuralprophet,frozen,selected,42,12,2025-03-31 01:00:00,2025-04-03 15:00:00,87,,False,False,,-8.103544535757393,,48,192,0.1
core_neuralprophet_frozen_s42,neuralprophet,frozen,selected,42,12,2025-03-31 01:00:00,2025-04-03 16:00:00,88,,False,False,,-8.103544535757393,,48,192,0.1
core_neuralprophet_frozen_s42,neuralprophet,frozen,selected,42,12,2025-03-31 01:00:00,2025-04-03 17:00:00,89,,False,False,,-8.103544535757393,,48,192,0.1
core_neuralprophet_frozen_s42,neuralprophet,frozen,selected,42,12,2025-03-31 01:00:00,2025-04-03 18:00:00,90,,False,False,,-8.103544535757393,,48,192,0.1
core_neuralprophet_frozen_s42,neuralprophet,frozen,selected,42,12,2025-03-31 01:00:00,2025-04-03 19:00:00,91,,False,False,,-8.103544535757393,,48,192,0.1
core_neuralprophet_frozen_s42,neuralprophet,frozen,selected,42,12,2025-03-31 01:00:00,2025-04-03 20:00:00,92,,False,False,,-8.103544535757393,,48,192,0.1
core_neuralprophet_frozen_s42,neuralprophet,frozen,selected,42,12,2025-03-31 01:00:00,2025-04-03 21:00:00,93,,False,False,,-8.103544535757393,,48,192,0.1
core_neuralprophet_frozen_s42,neuralprophet,frozen,selected,42,12,2025-03-31 01:00:00,2025-04-03 22:00:00,94,,False,False,,-8.103544535757393,,48,192,0.1
core_neuralprophet_frozen_s42,neuralprophet,frozen,selected,42,12,2025-03-31 01:00:00,2025-04-03 23:00:00,95,,False,False,,-8.103544535757393,,48,192,0.1
core_neuralprophet_frozen_s42,neuralprophet,frozen,selected,42,12,2025-03-31 01:00:00,2025-04-04 00:00:00,96,,False,False,,-8.103544535757393,,48,192,0.1
core_neuralprophet_frozen_s42,neuralprophet,frozen,selected,42,12,2025-03-31 01:00:00,2025-04-04 01:00:00,97,67.51,True,True,121.42644500732422,-8.103544535757393,113.32290047156683,48,192,0.1
core_neuralprophet_frozen_s42,neuralprophet,frozen,selected,42,12,2025-03-31 01:00:00,2025-04-04 02:00:00,98,65.69,True,True,124.40330505371094,-8.103544535757393,116.29976051795354,48,192,0.1
core_neuralprophet_frozen_s42,neuralprophet,frozen,selected,42,12,2025-03-31 01:00:00,2025-04-04 03:00:00,99,36.14,True,True,87.11787414550781,-8.103544535757393,79.01432960975042,48,192,0.1
core_neuralprophet_frozen_s42,neuralprophet,frozen,selected,42,12,2025-03-31 01:00:00,2025-04-04 04:00:00,100,12.07,True,True,66.14594268798828,-8.103544535757393,58.04239815223089,48,192,0.1
core_neuralprophet_frozen_s42,neuralprophet,frozen,selected,42,12,2025-03-31 01:00:00,2025-04-04 05:00:00,101,10.26,True,True,77.2783432006836,-8.103544535757393,69.1747986649262,48,192,0.1
core_neuralprophet_frozen_s42,neuralprophet,frozen,selected,42,12,2025-03-31 01:00:00,2025-04-04 06:00:00,102,9.24,True,True,78.13663482666016,-8.103544535757393,70.03309029090276,48,192,0.1
core_neuralprophet_frozen_s42,neuralprophet,frozen,selected,42,12,2025-03-31 01:00:00,2025-04-04 07:00:00,103,7.88,True,True,67.1607894897461,-8.103544535757393,59.0572449539887,48,192,0.1
core_neuralprophet_frozen_s42,neuralprophet,frozen,selected,42,12,2025-03-31 01:00:00,2025-04-04 08:00:00,104,6.94,True,True,58.85847854614258,-8.103544535757393,50.754934010385185,48,192,0.1
core_neuralprophet_frozen_s42,neuralprophet,frozen,selected,42,12,2025-03-31 01:00:00,2025-04-04 09:00:00,105,6.22,True,True,48.10028839111328,-8.103544535757393,39.99674385535589,48,192,0.1
core_neuralprophet_frozen_s42,neuralprophet,frozen,selected,42,12,2025-03-31 01:00:00,2025-04-04 10:00:00,106,21.1,True,True,63.82743453979492,-8.103544535757393,55.72389000403753,48,192,0.1
core_neuralprophet_frozen_s42,neuralprophet,frozen,selected,42,12,2025-03-31 01:00:00,2025-04-04 11:00:00,107,64.27,True,True,137.6732635498047,-8.103544535757393,129.56971901404728,48,192,0.1
core_neuralprophet_frozen_s42,neuralprophet,frozen,selected,42,12,2025-03-31 01:00:00,2025-04-04 12:00:00,108,121.16,True,True,184.4394989013672,-8.103544535757393,176.33595436560978,48,192,0.1
core_neuralprophet_frozen_s42,neuralprophet,frozen,selected,42,12,2025-03-31 01:00:00,2025-04-04 13:00:00,109,182.14,True,True,264.4969177246094,-8.103544535757393,256.39337318885197,48,192,0.1
core_neuralprophet_frozen_s42,neuralprophet,frozen,selected,42,12,2025-03-31 01:00:00,2025-04-04 14:00:00,110,246.53,True,True,329.94171142578125,-8.103544535757393,321.83816689002384,48,192,0.1
core_neuralprophet_frozen_s42,neuralprophet,frozen,selected,42,12,2025-03-31 01:00:00,2025-04-04 15:00:00,111,298.38,True,True,380.0640258789063,-8.103544535757393,371.9604813431489,48,192,0.1
core_neuralprophet_frozen_s42,neuralprophet,frozen,selected,42,12,2025-03-31 01:00:00,2025-04-04 16:00:00,112,311.37,True,True,392.3915710449219,-8.103544535757393,384.28802650916447,48,192,0.1
core_neuralprophet_frozen_s42,neuralprophet,frozen,selected,42,12,2025-03-31 01:00:00,2025-04-04 17:00:00,113,272.47,True,True,364.5166015625,-8.103544535757393,356.4130570267426,48,192,0.1
core_neuralprophet_frozen_s42,neuralprophet,frozen,selected,42,12,2025-03-31 01:00:00,2025-04-04 18:00:00,114,208.71,True,True,295.7044372558594,-8.103544535757393,287.60089272010197,48,192,0.1
core_neuralprophet_frozen_s42,neuralprophet,frozen,selected,42,12,2025-03-31 01:00:00,2025-04-04 19:00:00,115,141.98,True,True,228.22857666015625,-8.103544535757393,220.12503212439884,48,192,0.1
core_neuralprophet_frozen_s42,neuralprophet,frozen,selected,42,12,2025-03-31 01:00:00,2025-04-04 20:00:00,116,103.89,True,True,181.5816650390625,-8.103544535757393,173.4781205033051,48,192,0.1
core_neuralprophet_frozen_s42,neuralprophet,frozen,selected,42,12,2025-03-31 01:00:00,2025-04-04 21:00:00,117,91.39,True,True,169.58563232421875,-8.103544535757393,161.48208778846134,48,192,0.1
core_neuralprophet_frozen_s42,neuralprophet,frozen,selected,42,12,2025-03-31 01:00:00,2025-04-04 22:00:00,118,97.15,True,True,168.10186767578125,-8.103544535757393,159.99832314002384,48,192,0.1
core_neuralprophet_frozen_s42,neuralprophet,frozen,selected,42,12,2025-03-31 01:00:00,2025-04-04 23:00:00,119,155.4,True,True,220.129150390625,-8.103544535757393,212.0256058548676,48,192,0.1
core_neuralprophet_frozen_s42,neuralprophet,frozen,selected,42,12,2025-03-31 01:00:00,2025-04-05 00:00:00,120,257.0,True,True,327.7634582519531,-8.103544535757393,319.6599137161957,48,192,0.1
core_neuralprophet_frozen_s42,neuralprophet,frozen,selected,42,12,2025-03-31 01:00:00,2025-04-05 01:00:00,121,,False,False,,-8.103544535757393,,48,192,0.1
core_neuralprophet_frozen_s42,neuralprophet,frozen,selected,42,12,2025-03-31 01:00:00,2025-04-05 02:00:00,122,,False,False,,-8.103544535757393,,48,192,0.1
core_neuralprophet_frozen_s42,neuralprophet,frozen,selected,42,12,2025-03-31 01:00:00,2025-04-05 03:00:00,123,,False,False,,-8.103544535757393,,48,192,0.1
core_neuralprophet_frozen_s42,neuralprophet,frozen,selected,42,12,2025-03-31 01:00:00,2025-04-05 04:00:00,124,,False,False,,-8.103544535757393,,48,192,0.1
core_neuralprophet_frozen_s42,neuralprophet,frozen,selected,42,12,2025-03-31 01:00:00,2025-04-05 05:00:00,125,,False,False,,-8.103544535757393,,48,192,0.1
core_neuralprophet_frozen_s42,neuralprophet,frozen,selected,42,12,2025-03-31 01:00:00,2025-04-05 06:00:00,126,,False,False,,-8.103544535757393,,48,192,0.1
core_neuralprophet_frozen_s42,neuralprophet,frozen,selected,42,12,2025-03-31 01:00:00,2025-04-05 07:00:00,127,,False,False,,-8.103544535757393,,48,192,0.1
core_neuralprophet_frozen_s42,neuralprophet,frozen,selected,42,12,2025-03-31 01:00:00,2025-04-05 08:00:00,128,,False,False,,-8.103544535757393,,48,192,0.1
core_neuralprophet_frozen_s42,neuralprophet,frozen,selected,42,12,2025-03-31 01:00:00,2025-04-05 09:00:00,129,,False,False,,-8.103544535757393,,48,192,0.1
core_neuralprophet_frozen_s42,neuralprophet,frozen,selected,42,12,2025-03-31 01:00:00,2025-04-05 10:00:00,130,,False,False,,-8.103544535757393,,48,192,0.1
core_neuralprophet_frozen_s42,neuralprophet,frozen,selected,42,12,2025-03-31 01:00:00,2025-04-05 11:00:00,131,,False,False,,-8.103544535757393,,48,192,0.1
core_neuralprophet_frozen_s42,neuralprophet,frozen,selected,42,12,2025-03-31 01:00:00,2025-04-05 12:00:00,132,,False,False,,-8.103544535757393,,48,192,0.1
core_neuralprophet_frozen_s42,neuralprophet,frozen,selected,42,12,2025-03-31 01:00:00,2025-04-05 13:00:00,133,,False,False,,-8.103544535757393,,48,192,0.1
core_neuralprophet_frozen_s42,neuralprophet,frozen,selected,42,12,2025-03-31 01:00:00,2025-04-05 14:00:00,134,,False,False,,-8.103544535757393,,48,192,0.1
core_neuralprophet_frozen_s42,neuralprophet,frozen,selected,42,12,2025-03-31 01:00:00,2025-04-05 15:00:00,135,,False,False,,-8.103544535757393,,48,192,0.1
core_neuralprophet_frozen_s42,neuralprophet,frozen,selected,42,12,2025-03-31 01:00:00,2025-04-05 16:00:00,136,,False,False,,-8.103544535757393,,48,192,0.1
core_neuralprophet_frozen_s42,neuralprophet,frozen,selected,42,12,2025-03-31 01:00:00,2025-04-05 17:00:00,137,,False,False,,-8.103544535757393,,48,192,0.1
core_neuralprophet_frozen_s42,neuralprophet,frozen,selected,42,12,2025-03-31 01:00:00,2025-04-05 18:00:00,138,,False,False,,-8.103544535757393,,48,192,0.1
core_neuralprophet_frozen_s42,neuralprophet,frozen,selected,42,12,2025-03-31 01:00:00,2025-04-05 19:00:00,139,,False,False,,-8.103544535757393,,48,192,0.1
core_neuralprophet_frozen_s42,neuralprophet,frozen,selected,42,12,2025-03-31 01:00:00,2025-04-05 20:00:00,140,,False,False,,-8.103544535757393,,48,192,0.1
core_neuralprophet_frozen_s42,neuralprophet,frozen,selected,42,12,2025-03-31 01:00:00,2025-04-05 21:00:00,141,,False,False,,-8.103544535757393,,48,192,0.1
core_neuralprophet_frozen_s42,neuralprophet,frozen,selected,42,12,2025-03-31 01:00:00,2025-04-05 22:00:00,142,,False,False,,-8.103544535757393,,48,192,0.1
core_neuralprophet_frozen_s42,neuralprophet,frozen,selected,42,12,2025-03-31 01:00:00,2025-04-05 23:00:00,143,,False,False,,-8.103544535757393,,48,192,0.1
core_neuralprophet_frozen_s42,neuralprophet,frozen,selected,42,12,2025-03-31 01:00:00,2025-04-06 00:00:00,144,,False,False,,-8.103544535757393,,48,192,0.1
core_neuralprophet_frozen_s42,neuralprophet,frozen,selected,42,12,2025-03-31 01:00:00,2025-04-06 01:00:00,145,31.57,True,True,48.21430587768555,-8.103544535757393,40.11076134192815,48,192,0.1
core_neuralprophet_frozen_s42,neuralprophet,frozen,selected,42,12,2025-03-31 01:00:00,2025-04-06 02:00:00,146,33.66,True,True,51.97678756713867,-8.103544535757393,43.87324303138128,48,192,0.1
core_neuralprophet_frozen_s42,neuralprophet,frozen,selected,42,12,2025-03-31 01:00:00,2025-04-06 03:00:00,147,37.4,True,True,61.27303314208984,-8.103544535757393,53.16948860633244,48,192,0.1
core_neuralprophet_frozen_s42,neuralprophet,frozen,selected,42,12,2025-03-31 01:00:00,2025-04-06 04:00:00,148,41.7,True,True,55.830841064453125,-8.103544535757393,47.72729652869573,48,192,0.1
core_neuralprophet_frozen_s42,neuralprophet,frozen,selected,42,12,2025-03-31 01:00:00,2025-04-06 05:00:00,149,47.06,True,True,68.97171783447266,-8.103544535757393,60.86817329871526,48,192,0.1
core_neuralprophet_frozen_s42,neuralprophet,frozen,selected,42,12,2025-03-31 01:00:00,2025-04-06 06:00:00,150,53.58,True,True,63.13917922973633,-8.103544535757393,55.035634693978935,48,192,0.1
core_neuralprophet_frozen_s42,neuralprophet,frozen,selected,42,12,2025-03-31 01:00:00,2025-04-06 07:00:00,151,57.5,True,True,57.21817398071289,-8.103544535757393,49.1146294449555,48,192,0.1
core_neuralprophet_frozen_s42,neuralprophet,frozen,selected,42,12,2025-03-31 01:00:00,2025-04-06 08:00:00,152,60.15,True,True,51.82856750488281,-8.103544535757393,43.72502296912542,48,192,0.1
core_neuralprophet_frozen_s42,neuralprophet,frozen,selected,42,12,2025-03-31 01:00:00,2025-04-06 09:00:00,153,62.03,True,True,36.79081344604492,-8.103544535757393,28.68726891028753,48,192,0.1
core_neuralprophet_frozen_s42,neuralprophet,frozen,selected,42,12,2025-03-31 01:00:00,2025-04-06 10:00:00,154,64.11,True,True,23.83015251159668,-8.103544535757393,15.726607975839286,48,192,0.1
core_neuralprophet_frozen_s42,neuralprophet,frozen,selected,42,12,2025-03-31 01:00:00,2025-04-06 11:00:00,155,67.99,True,True,29.236385345458984,-8.103544535757393,21.13284080970159,48,192,0.1
core_neuralprophet_frozen_s42,neuralprophet,frozen,selected,42,12,2025-03-31 01:00:00,2025-04-06 12:00:00,156,73.24,True,True,27.34682273864746,-8.103544535757393,19.243278202890068,48,192,0.1
core_neuralprophet_frozen_s42,neuralprophet,frozen,selected,42,12,2025-03-31 01:00:00,2025-04-06 13:00:00,157,78.02,True,True,44.04434585571289,-8.103544535757393,35.9408013199555,48,192,0.1
core_neuralprophet_frozen_s42,neuralprophet,frozen,selected,42,12,2025-03-31 01:00:00,2025-04-06 14:00:00,158,83.82,True,True,43.8812370300293,-8.103544535757393,35.7776924942719,48,192,0.1
core_neuralprophet_frozen_s42,neuralprophet,frozen,selected,42,12,2025-03-31 01:00:00,2025-04-06 15:00:00,159,88.63,True,True,45.52303695678711,-8.103544535757393,37.419492421029716,48,192,0.1
core_neuralprophet_frozen_s42,neuralprophet,frozen,selected,42,12,2025-03-31 01:00:00,2025-04-06 16:00:00,160,90.09,True,True,49.88431930541992,-8.103544535757393,41.78077476966253,48,192,0.1
core_neuralprophet_frozen_s42,neuralprophet,frozen,selected,42,12,2025-03-31 01:00:00,2025-04-06 17:00:00,161,92.26,True,True,69.69559478759766,-8.103544535757393,61.59205025184026,48,192,0.1
core_neuralprophet_frozen_s42,neuralprophet,frozen,selected,42,12,2025-03-31 01:00:00,2025-04-06 18:00:00,162,94.44,True,True,77.2786636352539,-8.103544535757393,69.17511909949651,48,192,0.1
core_neuralprophet_frozen_s42,neuralprophet,frozen,selected,42,12,2025-03-31 01:00:00,2025-04-06 19:00:00,163,95.51,True,True,86.330322265625,-8.103544535757393,78.2267777298676,48,192,0.1
core_neuralprophet_frozen_s42,neuralprophet,frozen,selected,42,12,2025-03-31 01:00:00,2025-04-06 20:00:00,164,97.43,True,True,79.64517974853516,-8.103544535757393,71.54163521277776,48,192,0.1
core_neuralprophet_frozen_s42,neuralprophet,frozen,selected,42,12,2025-03-31 01:00:00,2025-04-06 21:00:00,165,99.46,True,True,87.76991271972656,-8.103544535757393,79.66636818396917,48,192,0.1
core_neuralprophet_frozen_s42,neuralprophet,frozen,selected,42,12,2025-03-31 01:00:00,2025-04-06 22:00:00,166,100.53,True,True,71.12837219238281,-8.103544535757393,63.02482765662542,48,192,0.1
core_neuralprophet_frozen_s42,neuralprophet,frozen,selected,42,12,2025-03-31 01:00:00,2025-04-06 23:00:00,167,101.69,True,True,72.4997329711914,-8.103544535757393,64.39618843543401,48,192,0.1
core_neuralprophet_frozen_s42,neuralprophet,frozen,selected,42,12,2025-03-31 01:00:00,2025-04-07 00:00:00,168,103.32,True,True,60.261009216308594,-8.103544535757393,52.1574646805512,48,192,0.1
core_neuralprophet_frozen_s42,neuralprophet,frozen,selected,42,13,2025-04-07 01:00:00,2025-04-07 01:00:00,1,104.5,True,True,97.2398910522461,-9.898590958226881,87.34130009401922,120,480,0.1
core_neuralprophet_frozen_s42,neuralprophet,frozen,selected,42,13,2025-04-07 01:00:00,2025-04-07 02:00:00,2,104.36,True,True,104.91693115234376,-9.898590958226881,95.01834019411689,120,480,0.1
core_neuralprophet_frozen_s42,neuralprophet,frozen,selected,42,13,2025-04-07 01:00:00,2025-04-07 03:00:00,3,105.74,True,True,93.49512481689452,-9.898590958226881,83.59653385866764,120,480,0.1
core_neuralprophet_frozen_s42,neuralprophet,frozen,selected,42,13,2025-04-07 01:00:00,2025-04-07 04:00:00,4,111.78,True,True,104.50394439697266,-9.898590958226881,94.60535343874578,120,480,0.1
core_neuralprophet_frozen_s42,neuralprophet,frozen,selected,42,13,2025-04-07 01:00:00,2025-04-07 05:00:00,5,110.17,True,True,89.97249603271484,-9.898590958226881,80.07390507448797,120,480,0.1
core_neuralprophet_frozen_s42,neuralprophet,frozen,selected,42,13,2025-04-07 01:00:00,2025-04-07 06:00:00,6,99.21,True,True,81.34601593017578,-9.898590958226881,71.4474249719489,120,480,0.1
core_neuralprophet_frozen_s42,neuralprophet,frozen,selected,42,13,2025-04-07 01:00:00,2025-04-07 07:00:00,7,77.12,True,True,70.66455841064453,-9.898590958226881,60.76596745241765,120,480,0.1
core_neuralprophet_frozen_s42,neuralprophet,frozen,selected,42,13,2025-04-07 01:00:00,2025-04-07 08:00:00,8,52.05,True,True,66.15461730957031,-9.898590958226881,56.25602635134343,120,480,0.1
core_neuralprophet_frozen_s42,neuralprophet,frozen,selected,42,13,2025-04-07 01:00:00,2025-04-07 09:00:00,9,30.51,True,True,41.31072616577149,-9.898590958226881,31.41213520754461,120,480,0.1
core_neuralprophet_frozen_s42,neuralprophet,frozen,selected,42,13,2025-04-07 01:00:00,2025-04-07 10:00:00,10,19.27,True,True,24.1378231048584,-9.898590958226881,14.239232146631517,120,480,0.1
core_neuralprophet_frozen_s42,neuralprophet,frozen,selected,42,13,2025-04-07 01:00:00,2025-04-07 11:00:00,11,13.84,True,True,15.979427337646484,-9.898590958226881,6.080836379419603,120,480,0.1
core_neuralprophet_frozen_s42,neuralprophet,frozen,selected,42,13,2025-04-07 01:00:00,2025-04-07 12:00:00,12,11.05,True,True,23.92588424682617,-9.898590958226881,14.027293288599287,120,480,0.1
core_neuralprophet_frozen_s42,neuralprophet,frozen,selected,42,13,2025-04-07 01:00:00,2025-04-07 13:00:00,13,9.87,True,True,31.51312828063965,-9.898590958226881,21.614537322412765,120,480,0.1
core_neuralprophet_frozen_s42,neuralprophet,frozen,selected,42,13,2025-04-07 01:00:00,2025-04-07 14:00:00,14,9.97,True,True,40.23065948486328,-9.898590958226881,30.332068526636398,120,480,0.1
core_neuralprophet_frozen_s42,neuralprophet,frozen,selected,42,13,2025-04-07 01:00:00,2025-04-07 15:00:00,15,10.6,True,True,43.99745559692383,-9.898590958226881,34.098864638696945,120,480,0.1
core_neuralprophet_frozen_s42,neuralprophet,frozen,selected,42,13,2025-04-07 01:00:00,2025-04-07 16:00:00,16,11.1,True,True,39.4601936340332,-9.898590958226881,29.56160267580632,120,480,0.1
core_neuralprophet_frozen_s42,neuralprophet,frozen,selected,42,13,2025-04-07 01:00:00,2025-04-07 17:00:00,17,11.37,True,True,46.56501770019531,-9.898590958226881,36.66642674196843,120,480,0.1
core_neuralprophet_frozen_s42,neuralprophet,frozen,selected,42,13,2025-04-07 01:00:00,2025-04-07 18:00:00,18,11.68,True,True,41.06622695922852,-9.898590958226881,31.16763600100164,120,480,0.1
core_neuralprophet_frozen_s42,neuralprophet,frozen,selected,42,13,2025-04-07 01:00:00,2025-04-07 19:00:00,19,12.34,True,True,49.38030242919922,-9.898590958226881,39.481711470972336,120,480,0.1
core_neuralprophet_frozen_s42,neuralprophet,frozen,selected,42,13,2025-04-07 01:00:00,2025-04-07 20:00:00,20,13.63,True,True,50.26231384277344,-9.898590958226881,40.363722884546554,120,480,0.1
core_neuralprophet_frozen_s42,neuralprophet,frozen,selected,42,13,2025-04-07 01:00:00,2025-04-07 21:00:00,21,15.21,True,True,56.336158752441406,-9.898590958226881,46.43756779421452,120,480,0.1
core_neuralprophet_frozen_s42,neuralprophet,frozen,selected,42,13,2025-04-07 01:00:00,2025-04-07 22:00:00,22,16.57,True,True,60.421607971191406,-9.898590958226881,50.52301701296452,120,480,0.1
core_neuralprophet_frozen_s42,neuralprophet,frozen,selected,42,13,2025-04-07 01:00:00,2025-04-07 23:00:00,23,17.96,True,True,51.43096160888672,-9.898590958226881,41.532370650659836,120,480,0.1
core_neuralprophet_frozen_s42,neuralprophet,frozen,selected,42,13,2025-04-07 01:00:00,2025-04-08 00:00:00,24,19.21,True,True,48.39056396484375,-9.898590958226881,38.49197300661687,120,480,0.1
core_neuralprophet_frozen_s42,neuralprophet,frozen,selected,42,13,2025-04-07 01:00:00,2025-04-08 01:00:00,25,19.91,True,True,54.248043060302734,-9.898590958226881,44.34945210207585,120,480,0.1
core_neuralprophet_frozen_s42,neuralprophet,frozen,selected,42,13,2025-04-07 01:00:00,2025-04-08 02:00:00,26,19.99,True,True,51.60487747192383,-9.898590958226881,41.706286513696945,120,480,0.1
core_neuralprophet_frozen_s42,neuralprophet,frozen,selected,42,13,2025-04-07 01:00:00,2025-04-08 03:00:00,27,21.43,True,True,57.04701614379883,-9.898590958226881,47.148425185571945,120,480,0.1
core_neuralprophet_frozen_s42,neuralprophet,frozen,selected,42,13,2025-04-07 01:00:00,2025-04-08 04:00:00,28,27.87,True,True,45.80032730102539,-9.898590958226881,35.90173634279851,120,480,0.1
core_neuralprophet_frozen_s42,neuralprophet,frozen,selected,42,13,2025-04-07 01:00:00,2025-04-08 05:00:00,29,32.85,True,True,42.381832122802734,-9.898590958226881,32.48324116457585,120,480,0.1
core_neuralprophet_frozen_s42,neuralprophet,frozen,selected,42,13,2025-04-07 01:00:00,2025-04-08 06:00:00,30,35.82,True,True,41.64445877075195,-9.898590958226881,31.74586781252507,120,480,0.1
core_neuralprophet_frozen_s42,neuralprophet,frozen,selected,42,13,2025-04-07 01:00:00,2025-04-08 07:00:00,31,35.9,True,True,44.85258483886719,-9.898590958226881,34.953993880640304,120,480,0.1
core_neuralprophet_frozen_s42,neuralprophet,frozen,selected,42,13,2025-04-07 01:00:00,2025-04-08 08:00:00,32,33.28,True,True,43.08797454833984,-9.898590958226881,33.18938359011295,120,480,0.1
core_neuralprophet_frozen_s42,neuralprophet,frozen,selected,42,13,2025-04-07 01:00:00,2025-04-08 09:00:00,33,30.4,True,True,31.764406204223636,-9.898590958226881,21.865815245996757,120,480,0.1
core_neuralprophet_frozen_s42,neuralprophet,frozen,selected,42,13,2025-04-07 01:00:00,2025-04-08 10:00:00,34,27.85,True,True,22.34408569335937,-9.898590958226881,12.44549473513249,120,480,0.1
core_neuralprophet_frozen_s42,neuralprophet,frozen,selected,42,13,2025-04-07 01:00:00,2025-04-08 11:00:00,35,25.08,True,True,21.147388458251957,-9.898590958226881,11.248797500025075,120,480,0.1
core_neuralprophet_frozen_s42,neuralprophet,frozen,selected,42,13,2025-04-07 01:00:00,2025-04-08 12:00:00,36,21.36,True,True,17.220844268798828,-9.898590958226881,7.322253310571947,120,480,0.1
core_neuralprophet_frozen_s42,neuralprophet,frozen,selected,42,13,2025-04-07 01:00:00,2025-04-08 13:00:00,37,17.63,True,True,23.702571868896484,-9.898590958226881,13.803980910669603,120,480,0.1
core_neuralprophet_frozen_s42,neuralprophet,frozen,selected,42,13,2025-04-07 01:00:00,2025-04-08 14:00:00,38,16.68,True,True,36.69208908081055,-9.898590958226881,26.793498122583664,120,480,0.1
core_neuralprophet_frozen_s42,neuralprophet,frozen,selected,42,13,2025-04-07 01:00:00,2025-04-08 15:00:00,39,17.27,True,True,35.16801071166992,-9.898590958226881,25.26941975344304,120,480,0.1
core_neuralprophet_frozen_s42,neuralprophet,frozen,selected,42,13,2025-04-07 01:00:00,2025-04-08 16:00:00,40,18.13,True,True,31.19683265686035,-9.898590958226881,21.29824169863347,120,480,0.1
core_neuralprophet_frozen_s42,neuralprophet,frozen,selected,42,13,2025-04-07 01:00:00,2025-04-08 17:00:00,41,19.61,True,True,41.09511947631836,-9.898590958226881,31.196528518091476,120,480,0.1
core_neuralprophet_frozen_s42,neuralprophet,frozen,selected,42,13,2025-04-07 01:00:00,2025-04-08 18:00:00,42,21.53,True,True,35.97309875488281,-9.898590958226881,26.07450779665593,120,480,0.1
core_neuralprophet_frozen_s42,neuralprophet,frozen,selected,42,13,2025-04-07 01:00:00,2025-04-08 19:00:00,43,23.75,True,True,44.21573257446289,-9.898590958226881,34.31714161623601,120,480,0.1
core_neuralprophet_frozen_s42,neuralprophet,frozen,selected,42,13,2025-04-07 01:00:00,2025-04-08 20:00:00,44,26.2,True,True,50.4042854309082,-9.898590958226881,40.50569447268132,120,480,0.1
core_neuralprophet_frozen_s42,neuralprophet,frozen,selected,42,13,2025-04-07 01:00:00,2025-04-08 21:00:00,45,28.7,True,True,66.14730072021484,-9.898590958226881,56.24870976198796,120,480,0.1
core_neuralprophet_frozen_s42,neuralprophet,frozen,selected,42,13,2025-04-07 01:00:00,2025-04-08 22:00:00,46,31.1,True,True,55.87361145019531,-9.898590958226881,45.97502049196843,120,480,0.1
core_neuralprophet_frozen_s42,neuralprophet,frozen,selected,42,13,2025-04-07 01:00:00,2025-04-08 23:00:00,47,34.38,True,True,61.09892272949219,-9.898590958226881,51.200331771265304,120,480,0.1
core_neuralprophet_frozen_s42,neuralprophet,frozen,selected,42,13,2025-04-07 01:00:00,2025-04-09 00:00:00,48,38.09,True,True,65.40618896484375,-9.898590958226881,55.50759800661687,120,480,0.1
core_neuralprophet_frozen_s42,neuralprophet,frozen,selected,42,13,2025-04-07 01:00:00,2025-04-09 01:00:00,49,42.03,True,True,62.06548309326172,-9.898590958226881,52.166892135034836,120,480,0.1
core_neuralprophet_frozen_s42,neuralprophet,frozen,selected,42,13,2025-04-07 01:00:00,2025-04-09 02:00:00,50,45.62,True,True,66.14382934570312,-9.898590958226881,56.24523838747624,120,480,0.1
core_neuralprophet_frozen_s42,neuralprophet,frozen,selected,42,13,2025-04-07 01:00:00,2025-04-09 03:00:00,51,49.72,True,True,66.91368865966797,-9.898590958226881,57.015097701441086,120,480,0.1
core_neuralprophet_frozen_s42,neuralprophet,frozen,selected,42,13,2025-04-07 01:00:00,2025-04-09 04:00:00,52,55.9,True,True,68.29796600341797,-9.898590958226881,58.399375045191086,120,480,0.1
core_neuralprophet_frozen_s42,neuralprophet,frozen,selected,42,13,2025-04-07 01:00:00,2025-04-09 05:00:00,53,58.4,True,True,65.32077026367188,-9.898590958226881,55.42217930544499,120,480,0.1
core_neuralprophet_frozen_s42,neuralprophet,frozen,selected,42,13,2025-04-07 01:00:00,2025-04-09 06:00:00,54,59.76,True,True,49.0969123840332,-9.898590958226881,39.19832142580632,120,480,0.1
core_neuralprophet_frozen_s42,neuralprophet,frozen,selected,42,13,2025-04-07 01:00:00,2025-04-09 07:00:00,55,48.65,True,True,40.42947769165039,-9.898590958226881,30.530886733423507,120,480,0.1
core_neuralprophet_frozen_s42,neuralprophet,frozen,selected,42,13,2025-04-07 01:00:00,2025-04-09 08:00:00,56,36.9,True,True,37.6097412109375,-9.898590958226881,27.711150252710617,120,480,0.1
core_neuralprophet_frozen_s42,neuralprophet,frozen,selected,42,13,2025-04-07 01:00:00,2025-04-09 09:00:00,57,32.83,True,True,26.36147117614746,-9.898590958226881,16.462880217920578,120,480,0.1
core_neuralprophet_frozen_s42,neuralprophet,frozen,selected,42,13,2025-04-07 01:00:00,2025-04-09 10:00:00,58,33.91,True,True,10.420339584350586,-9.898590958226881,0.5217486261237045,120,480,0.1
core_neuralprophet_frozen_s42,neuralprophet,frozen,selected,42,13,2025-04-07 01:00:00,2025-04-09 11:00:00,59,37.59,True,True,11.300827980041504,-9.898590958226881,1.4022370218146225,120,480,0.1
core_neuralprophet_frozen_s42,neuralprophet,frozen,selected,42,13,2025-04-07 01:00:00,2025-04-09 12:00:00,60,43.55,True,True,10.0144624710083,-9.898590958226881,0.11587151278141938,120,480,0.1
core_neuralprophet_frozen_s42,neuralprophet,frozen,selected,42,13,2025-04-07 01:00:00,2025-04-09 13:00:00,61,51.59,True,True,20.887256622314453,-9.898590958226881,10.988665664087572,120,480,0.1
core_neuralprophet_frozen_s42,neuralprophet,frozen,selected,42,13,2025-04-07 01:00:00,2025-04-09 14:00:00,62,62.17,True,True,22.831207275390625,-9.898590958226881,12.932616317163744,120,480,0.1
core_neuralprophet_frozen_s42,neuralprophet,frozen,selected,42,13,2025-04-07 01:00:00,2025-04-09 15:00:00,63,73.06,True,True,31.845691680908203,-9.898590958226881,21.94710072268132,120,480,0.1
core_neuralprophet_frozen_s42,neuralprophet,frozen,selected,42,13,2025-04-07 01:00:00,2025-04-09 16:00:00,64,80.88,True,True,27.47109603881836,-9.898590958226881,17.572505080591476,120,480,0.1
core_neuralprophet_frozen_s42,neuralprophet,frozen,selected,42,13,2025-04-07 01:00:00,2025-04-09 17:00:00,65,85.79,True,True,32.61197662353516,-9.898590958226881,22.71338566530828,120,480,0.1
core_neuralprophet_frozen_s42,neuralprophet,frozen,selected,42,13,2025-04-07 01:00:00,2025-04-09 18:00:00,66,88.68,True,True,32.632904052734375,-9.898590958226881,22.734313094507492,120,480,0.1
core_neuralprophet_frozen_s42,neuralprophet,frozen,selected,42,13,2025-04-07 01:00:00,2025-04-09 19:00:00,67,90.53,True,True,41.08137130737305,-9.898590958226881,31.182780349146164,120,480,0.1
core_neuralprophet_frozen_s42,neuralprophet,frozen,selected,42,13,2025-04-07 01:00:00,2025-04-09 20:00:00,68,93.26,True,True,53.04357147216797,-9.898590958226881,43.144980513941086,120,480,0.1
core_neuralprophet_frozen_s42,neuralprophet,frozen,selected,42,13,2025-04-07 01:00:00,2025-04-09 21:00:00,69,96.1,True,True,45.25345230102539,-9.898590958226881,35.35486134279851,120,480,0.1
core_neuralprophet_frozen_s42,neuralprophet,frozen,selected,42,13,2025-04-07 01:00:00,2025-04-09 22:00:00,70,97.51,True,True,46.95808410644531,-9.898590958226881,37.05949314821843,120,480,0.1
core_neuralprophet_frozen_s42,neuralprophet,frozen,selected,42,13,2025-04-07 01:00:00,2025-04-09 23:00:00,71,98.92,True,True,46.35874176025391,-9.898590958226881,36.46015080202703,120,480,0.1
core_neuralprophet_frozen_s42,neuralprophet,frozen,selected,42,13,2025-04-07 01:00:00,2025-04-10 00:00:00,72,100.05,True,True,45.07622528076172,-9.898590958226881,35.177634322534836,120,480,0.1
core_neuralprophet_frozen_s42,neuralprophet,frozen,selected,42,13,2025-04-07 01:00:00,2025-04-10 01:00:00,73,100.84,True,True,35.87417221069336,-9.898590958226881,25.975581252466476,120,480,0.1
core_neuralprophet_frozen_s42,neuralprophet,frozen,selected,42,13,2025-04-07 01:00:00,2025-04-10 02:00:00,74,101.94,True,True,36.78480911254883,-9.898590958226881,26.886218154321945,120,480,0.1
core_neuralprophet_frozen_s42,neuralprophet,frozen,selected,42,13,2025-04-07 01:00:00,2025-04-10 03:00:00,75,106.03,True,True,45.0281982421875,-9.898590958226881,35.12960728396062,120,480,0.1
core_neuralprophet_frozen_s42,neuralprophet,frozen,selected,42,13,2025-04-07 01:00:00,2025-04-10 04:00:00,76,54.97,True,True,26.896465301513672,-9.898590958226881,16.99787434328679,120,480,0.1
core_neuralprophet_frozen_s42,neuralprophet,frozen,selected,42,13,2025-04-07 01:00:00,2025-04-10 05:00:00,77,31.76,True,True,28.65213394165039,-9.898590958226881,18.753542983423507,120,480,0.1
core_neuralprophet_frozen_s42,neuralprophet,frozen,selected,42,13,2025-04-07 01:00:00,2025-04-10 06:00:00,78,25.44,True,True,21.959453582763672,-9.898590958226881,12.06086262453679,120,480,0.1
core_neuralprophet_frozen_s42,neuralprophet,frozen,selected,42,13,2025-04-07 01:00:00,2025-04-10 07:00:00,79,24.47,True,True,23.044452667236328,-9.898590958226881,13.145861709009447,120,480,0.1
core_neuralprophet_frozen_s42,neuralprophet,frozen,selected,42,13,2025-04-07 01:00:00,2025-04-10 08:00:00,80,24.73,True,True,21.5245418548584,-9.898590958226881,11.625950896631517,120,480,0.1
core_neuralprophet_frozen_s42,neuralprophet,frozen,selected,42,13,2025-04-07 01:00:00,2025-04-10 09:00:00,81,23.97,True,True,8.828903198242188,-9.898590958226881,-1.069687759984694,120,480,0.1
core_neuralprophet_frozen_s42,neuralprophet,frozen,selected,42,13,2025-04-07 01:00:00,2025-04-10 10:00:00,82,23.87,True,True,6.2170491218566895,-9.898590958226881,-3.681541836370192,120,480,0.1
core_neuralprophet_frozen_s42,neuralprophet,frozen,selected,42,13,2025-04-07 01:00:00,2025-04-10 11:00:00,83,25.71,True,True,8.516743659973145,-9.898590958226881,-1.3818472982537369,120,480,0.1
core_neuralprophet_frozen_s42,neuralprophet,frozen,selected,42,13,2025-04-07 01:00:00,2025-04-10 12:00:00,84,29.93,True,True,3.7294881343841553,-9.898590958226881,-6.169102823842726,120,480,0.1
core_neuralprophet_frozen_s42,neuralprophet,frozen,selected,42,13,2025-04-07 01:00:00,2025-04-10 13:00:00,85,36.65,True,True,20.77841567993164,-9.898590958226881,10.87982472170476,120,480,0.1
core_neuralprophet_frozen_s42,neuralprophet,frozen,selected,42,13,2025-04-07 01:00:00,2025-04-10 14:00:00,86,45.35,True,True,20.189477920532227,-9.898590958226881,10.290886962305345,120,480,0.1
core_neuralprophet_frozen_s42,neuralprophet,frozen,selected,42,13,2025-04-07 01:00:00,2025-04-10 15:00:00,87,54.1,True,True,33.2083625793457,-9.898590958226881,23.30977162111882,120,480,0.1
core_neuralprophet_frozen_s42,neuralprophet,frozen,selected,42,13,2025-04-07 01:00:00,2025-04-10 16:00:00,88,60.54,True,True,21.282716751098636,-9.898590958226881,11.384125792871755,120,480,0.1
core_neuralprophet_frozen_s42,neuralprophet,frozen,selected,42,13,2025-04-07 01:00:00,2025-04-10 17:00:00,89,66.42,True,True,41.68239212036133,-9.898590958226881,31.783801162134445,120,480,0.1
core_neuralprophet_frozen_s42,neuralprophet,frozen,selected,42,13,2025-04-07 01:00:00,2025-04-10 18:00:00,90,73.19,True,True,39.89511489868164,-9.898590958226881,29.996523940454757,120,480,0.1
core_neuralprophet_frozen_s42,neuralprophet,frozen,selected,42,13,2025-04-07 01:00:00,2025-04-10 19:00:00,91,80.85,True,True,47.25524520874024,-9.898590958226881,37.35665425051336,120,480,0.1
core_neuralprophet_frozen_s42,neuralprophet,frozen,selected,42,13,2025-04-07 01:00:00,2025-04-10 20:00:00,92,88.81,True,True,53.39973449707031,-9.898590958226881,43.50114353884343,120,480,0.1
core_neuralprophet_frozen_s42,neuralprophet,frozen,selected,42,13,2025-04-07 01:00:00,2025-04-10 21:00:00,93,96.0,True,True,58.65553665161133,-9.898590958226881,48.756945693384445,120,480,0.1
core_neuralprophet_frozen_s42,neuralprophet,frozen,selected,42,13,2025-04-07 01:00:00,2025-04-10 22:00:00,94,101.25,True,True,64.5857162475586,-9.898590958226881,54.68712528933171,120,480,0.1
core_neuralprophet_frozen_s42,neuralprophet,frozen,selected,42,13,2025-04-07 01:00:00,2025-04-10 23:00:00,95,105.45,True,True,63.03453063964844,-9.898590958226881,53.135939681421554,120,480,0.1
core_neuralprophet_frozen_s42,neuralprophet,frozen,selected,42,13,2025-04-07 01:00:00,2025-04-11 00:00:00,96,107.09,True,True,55.32241821289063,-9.898590958226881,45.42382725466375,120,480,0.1
core_neuralprophet_frozen_s42,neuralprophet,frozen,selected,42,13,2025-04-07 01:00:00,2025-04-11 01:00:00,97,105.74,True,True,63.67771911621094,-9.898590958226881,53.779128157984054,120,480,0.1
core_neuralprophet_frozen_s42,neuralprophet,frozen,selected,42,13,2025-04-07 01:00:00,2025-04-11 02:00:00,98,101.44,True,True,62.068115234375,-9.898590958226881,52.16952427614812,120,480,0.1
core_neuralprophet_frozen_s42,neuralprophet,frozen,selected,42,13,2025-04-07 01:00:00,2025-04-11 03:00:00,99,96.51,True,True,70.36705017089844,-9.898590958226881,60.468459212671554,120,480,0.1
core_neuralprophet_frozen_s42,neuralprophet,frozen,selected,42,13,2025-04-07 01:00:00,2025-04-11 04:00:00,100,79.14,True,True,69.54261779785156,-9.898590958226881,59.64402683962468,120,480,0.1
core_neuralprophet_frozen_s42,neuralprophet,frozen,selected,42,13,2025-04-07 01:00:00,2025-04-11 05:00:00,101,67.93,True,True,71.53733825683594,-9.898590958226881,61.638747298609054,120,480,0.1
core_neuralprophet_frozen_s42,neuralprophet,frozen,selected,42,13,2025-04-07 01:00:00,2025-04-11 06:00:00,102,64.95,True,True,70.27828216552734,-9.898590958226881,60.37969120730046,120,480,0.1
core_neuralprophet_frozen_s42,neuralprophet,frozen,selected,42,13,2025-04-07 01:00:00,2025-04-11 07:00:00,103,72.03,True,True,68.3653564453125,-9.898590958226881,58.46676548708562,120,480,0.1
core_neuralprophet_frozen_s42,neuralprophet,frozen,selected,42,13,2025-04-07 01:00:00,2025-04-11 08:00:00,104,77.42,True,True,50.48294448852539,-9.898590958226881,40.58435353029851,120,480,0.1
core_neuralprophet_frozen_s42,neuralprophet,frozen,selected,42,13,2025-04-07 01:00:00,2025-04-11 09:00:00,105,81.14,True,True,44.67338943481445,-9.898590958226881,34.77479847658757,120,480,0.1
core_neuralprophet_frozen_s42,neuralprophet,frozen,selected,42,13,2025-04-07 01:00:00,2025-04-11 10:00:00,106,69.28,True,True,33.41417694091797,-9.898590958226881,23.515585982691086,120,480,0.1
core_neuralprophet_frozen_s42,neuralprophet,frozen,selected,42,13,2025-04-07 01:00:00,2025-04-11 11:00:00,107,45.18,True,True,23.813838958740234,-9.898590958226881,13.915248000513353,120,480,0.1
core_neuralprophet_frozen_s42,neuralprophet,frozen,selected,42,13,2025-04-07 01:00:00,2025-04-11 12:00:00,108,28.07,True,True,10.227171897888184,-9.898590958226881,0.3285809396613022,120,480,0.1
core_neuralprophet_frozen_s42,neuralprophet,frozen,selected,42,13,2025-04-07 01:00:00,2025-04-11 13:00:00,109,23.7,True,True,18.002344131469727,-9.898590958226881,8.103753173242845,120,480,0.1
core_neuralprophet_frozen_s42,neuralprophet,frozen,selected,42,13,2025-04-07 01:00:00,2025-04-11 14:00:00,110,25.46,True,True,33.71867370605469,-9.898590958226881,23.820082747827804,120,480,0.1
core_neuralprophet_frozen_s42,neuralprophet,frozen,selected,42,13,2025-04-07 01:00:00,2025-04-11 15:00:00,111,27.59,True,True,28.410533905029297,-9.898590958226881,18.511942946802414,120,480,0.1
core_neuralprophet_frozen_s42,neuralprophet,frozen,selected,42,13,2025-04-07 01:00:00,2025-04-11 16:00:00,112,22.0,True,True,30.06416893005371,-9.898590958226881,20.165577971826828,120,480,0.1
core_neuralprophet_frozen_s42,neuralprophet,frozen,selected,42,13,2025-04-07 01:00:00,2025-04-11 17:00:00,113,15.75,True,True,41.74265670776367,-9.898590958226881,31.84406574953679,120,480,0.1
core_neuralprophet_frozen_s42,neuralprophet,frozen,selected,42,13,2025-04-07 01:00:00,2025-04-11 18:00:00,114,11.23,True,True,37.792945861816406,-9.898590958226881,27.894354903589523,120,480,0.1
core_neuralprophet_frozen_s42,neuralprophet,frozen,selected,42,13,2025-04-07 01:00:00,2025-04-11 19:00:00,115,7.89,True,True,36.03811264038086,-9.898590958226881,26.139521682153976,120,480,0.1
core_neuralprophet_frozen_s42,neuralprophet,frozen,selected,42,13,2025-04-07 01:00:00,2025-04-11 20:00:00,116,5.14,True,True,47.88433074951172,-9.898590958226881,37.985739791284836,120,480,0.1
core_neuralprophet_frozen_s42,neuralprophet,frozen,selected,42,13,2025-04-07 01:00:00,2025-04-11 21:00:00,117,2.72,True,True,51.388221740722656,-9.898590958226881,41.48963078249577,120,480,0.1
core_neuralprophet_frozen_s42,neuralprophet,frozen,selected,42,13,2025-04-07 01:00:00,2025-04-11 22:00:00,118,1.19,True,True,45.67065048217773,-9.898590958226881,35.772059523950844,120,480,0.1
core_neuralprophet_frozen_s42,neuralprophet,frozen,selected,42,13,2025-04-07 01:00:00,2025-04-11 23:00:00,119,0.56,True,True,42.176849365234375,-9.898590958226881,32.27825840700749,120,480,0.1
core_neuralprophet_frozen_s42,neuralprophet,frozen,selected,42,13,2025-04-07 01:00:00,2025-04-12 00:00:00,120,0.5,True,True,31.711515426635746,-9.898590958226881,21.812924468408866,120,480,0.1
core_neuralprophet_frozen_s42,neuralprophet,frozen,selected,42,13,2025-04-07 01:00:00,2025-04-12 01:00:00,121,0.5,True,True,29.247234344482425,-9.898590958226881,19.348643386255546,120,480,0.1
core_neuralprophet_frozen_s42,neuralprophet,frozen,selected,42,13,2025-04-07 01:00:00,2025-04-12 02:00:00,122,0.5,True,True,33.616058349609375,-9.898590958226881,23.717467391382492,120,480,0.1
core_neuralprophet_frozen_s42,neuralprophet,frozen,selected,42,13,2025-04-07 01:00:00,2025-04-12 03:00:00,123,0.5,True,True,36.72748565673828,-9.898590958226881,26.828894698511398,120,480,0.1
core_neuralprophet_frozen_s42,neuralprophet,frozen,selected,42,13,2025-04-07 01:00:00,2025-04-12 04:00:00,124,0.5,True,True,30.199907302856445,-9.898590958226881,20.301316344629562,120,480,0.1
core_neuralprophet_frozen_s42,neuralprophet,frozen,selected,42,13,2025-04-07 01:00:00,2025-04-12 05:00:00,125,0.5,True,True,43.05587005615234,-9.898590958226881,33.15727909792545,120,480,0.1
core_neuralprophet_frozen_s42,neuralprophet,frozen,selected,42,13,2025-04-07 01:00:00,2025-04-12 06:00:00,126,0.51,True,True,44.40230178833008,-9.898590958226881,34.503710830103195,120,480,0.1
core_neuralprophet_frozen_s42,neuralprophet,frozen,selected,42,13,2025-04-07 01:00:00,2025-04-12 07:00:00,127,0.62,True,True,34.61428451538086,-9.898590958226881,24.715693557153976,120,480,0.1
core_neuralprophet_frozen_s42,neuralprophet,frozen,selected,42,13,2025-04-07 01:00:00,2025-04-12 08:00:00,128,0.94,True,True,36.02190017700195,-9.898590958226881,26.12330921877507,120,480,0.1
core_neuralprophet_frozen_s42,neuralprophet,frozen,selected,42,13,2025-04-07 01:00:00,2025-04-12 09:00:00,129,1.26,True,True,20.673067092895508,-9.898590958226881,10.774476134668626,120,480,0.1
core_neuralprophet_frozen_s42,neuralprophet,frozen,selected,42,13,2025-04-07 01:00:00,2025-04-12 10:00:00,130,1.39,True,True,7.968182563781738,-9.898590958226881,-1.9304083944451431,120,480,0.1
core_neuralprophet_frozen_s42,neuralprophet,frozen,selected,42,13,2025-04-07 01:00:00,2025-04-12 11:00:00,131,1.42,True,True,8.443378448486328,-9.898590958226881,-1.4552125097405533,120,480,0.1
core_neuralprophet_frozen_s42,neuralprophet,frozen,selected,42,13,2025-04-07 01:00:00,2025-04-12 12:00:00,132,1.45,True,True,8.111440658569336,-9.898590958226881,-1.7871502996575455,120,480,0.1
core_neuralprophet_frozen_s42,neuralprophet,frozen,selected,42,13,2025-04-07 01:00:00,2025-04-12 13:00:00,133,1.66,True,True,14.561525344848633,-9.898590958226881,4.662934386621751,120,480,0.1
core_neuralprophet_frozen_s42,neuralprophet,frozen,selected,42,13,2025-04-07 01:00:00,2025-04-12 14:00:00,134,2.14,True,True,12.201945304870604,-9.898590958226881,2.3033543466437223,120,480,0.1
core_neuralprophet_frozen_s42,neuralprophet,frozen,selected,42,13,2025-04-07 01:00:00,2025-04-12 15:00:00,135,2.71,True,True,26.418100357055664,-9.898590958226881,16.51950939882878,120,480,0.1
core_neuralprophet_frozen_s42,neuralprophet,frozen,selected,42,13,2025-04-07 01:00:00,2025-04-12 16:00:00,136,3.2,True,True,17.186899185180664,-9.898590958226881,7.288308226953783,120,480,0.1
core_neuralprophet_frozen_s42,neuralprophet,frozen,selected,42,13,2025-04-07 01:00:00,2025-04-12 17:00:00,137,3.65,True,True,29.669921875,-9.898590958226881,19.771330916773117,120,480,0.1
core_neuralprophet_frozen_s42,neuralprophet,frozen,selected,42,13,2025-04-07 01:00:00,2025-04-12 18:00:00,138,4.09,True,True,32.33493423461914,-9.898590958226881,22.436343276392257,120,480,0.1
core_neuralprophet_frozen_s42,neuralprophet,frozen,selected,42,13,2025-04-07 01:00:00,2025-04-12 19:00:00,139,4.51,True,True,46.49837112426758,-9.898590958226881,36.599780166040695,120,480,0.1
core_neuralprophet_frozen_s42,neuralprophet,frozen,selected,42,13,2025-04-07 01:00:00,2025-04-12 20:00:00,140,4.88,True,True,23.337770462036133,-9.898590958226881,13.439179503809251,120,480,0.1
core_neuralprophet_frozen_s42,neuralprophet,frozen,selected,42,13,2025-04-07 01:00:00,2025-04-12 21:00:00,141,5.02,True,True,43.78051376342773,-9.898590958226881,33.881922805200844,120,480,0.1
core_neuralprophet_frozen_s42,neuralprophet,frozen,selected,42,13,2025-04-07 01:00:00,2025-04-12 22:00:00,142,4.81,True,True,40.17961883544922,-9.898590958226881,30.281027877222336,120,480,0.1
core_neuralprophet_frozen_s42,neuralprophet,frozen,selected,42,13,2025-04-07 01:00:00,2025-04-12 23:00:00,143,4.41,True,True,36.083892822265625,-9.898590958226881,26.185301864038742,120,480,0.1
core_neuralprophet_frozen_s42,neuralprophet,frozen,selected,42,13,2025-04-07 01:00:00,2025-04-13 00:00:00,144,3.97,True,True,40.6241569519043,-9.898590958226881,30.725565993677414,120,480,0.1
core_neuralprophet_frozen_s42,neuralprophet,frozen,selected,42,13,2025-04-07 01:00:00,2025-04-13 01:00:00,145,3.16,True,True,32.89680862426758,-9.898590958226881,22.998217666040695,120,480,0.1
core_neuralprophet_frozen_s42,neuralprophet,frozen,selected,42,13,2025-04-07 01:00:00,2025-04-13 02:00:00,146,3.15,True,True,36.44997024536133,-9.898590958226881,26.551379287134445,120,480,0.1
core_neuralprophet_frozen_s42,neuralprophet,frozen,selected,42,13,2025-04-07 01:00:00,2025-04-13 03:00:00,147,3.17,True,True,37.299617767333984,-9.898590958226881,27.4010268091071,120,480,0.1
core_neuralprophet_frozen_s42,neuralprophet,frozen,selected,42,13,2025-04-07 01:00:00,2025-04-13 04:00:00,148,1.99,True,True,50.282859802246094,-9.898590958226881,40.38426884401921,120,480,0.1
core_neuralprophet_frozen_s42,neuralprophet,frozen,selected,42,13,2025-04-07 01:00:00,2025-04-13 05:00:00,149,1.69,True,True,51.01548767089844,-9.898590958226881,41.116896712671554,120,480,0.1
core_neuralprophet_frozen_s42,neuralprophet,frozen,selected,42,13,2025-04-07 01:00:00,2025-04-13 06:00:00,150,1.41,True,True,46.44673538208008,-9.898590958226881,36.548144423853195,120,480,0.1
core_neuralprophet_frozen_s42,neuralprophet,frozen,selected,42,13,2025-04-07 01:00:00,2025-04-13 07:00:00,151,1.18,True,True,45.2537841796875,-9.898590958226881,35.35519322146062,120,480,0.1
core_neuralprophet_frozen_s42,neuralprophet,frozen,selected,42,13,2025-04-07 01:00:00,2025-04-13 08:00:00,152,0.99,True,True,39.014461517333984,-9.898590958226881,29.1158705591071,120,480,0.1
core_neuralprophet_frozen_s42,neuralprophet,frozen,selected,42,13,2025-04-07 01:00:00,2025-04-13 09:00:00,153,0.78,True,True,27.786420822143555,-9.898590958226881,17.88782986391667,120,480,0.1
core_neuralprophet_frozen_s42,neuralprophet,frozen,selected,42,13,2025-04-07 01:00:00,2025-04-13 10:00:00,154,0.69,True,True,23.89691162109375,-9.898590958226881,13.998320662866869,120,480,0.1
core_neuralprophet_frozen_s42,neuralprophet,frozen,selected,42,13,2025-04-07 01:00:00,2025-04-13 11:00:00,155,0.77,True,True,15.350083351135254,-9.898590958226881,5.4514923929083725,120,480,0.1
core_neuralprophet_frozen_s42,neuralprophet,frozen,selected,42,13,2025-04-07 01:00:00,2025-04-13 12:00:00,156,0.93,True,True,10.534770011901855,-9.898590958226881,0.6361790536749741,120,480,0.1
core_neuralprophet_frozen_s42,neuralprophet,frozen,selected,42,13,2025-04-07 01:00:00,2025-04-13 13:00:00,157,1.27,True,True,25.166757583618164,-9.898590958226881,15.268166625391283,120,480,0.1
core_neuralprophet_frozen_s42,neuralprophet,frozen,selected,42,13,2025-04-07 01:00:00,2025-04-13 14:00:00,158,1.78,True,True,13.670373916625977,-9.898590958226881,3.771782958399095,120,480,0.1
core_neuralprophet_frozen_s42,neuralprophet,frozen,selected,42,13,2025-04-07 01:00:00,2025-04-13 15:00:00,159,2.1,True,True,24.04195785522461,-9.898590958226881,14.143366896997728,120,480,0.1
core_neuralprophet_frozen_s42,neuralprophet,frozen,selected,42,13,2025-04-07 01:00:00,2025-04-13 16:00:00,160,2.0,True,True,27.495588302612305,-9.898590958226881,17.59699734438542,120,480,0.1
core_neuralprophet_frozen_s42,neuralprophet,frozen,selected,42,13,2025-04-07 01:00:00,2025-04-13 17:00:00,161,1.85,True,True,34.23527145385742,-9.898590958226881,24.33668049563054,120,480,0.1
core_neuralprophet_frozen_s42,neuralprophet,frozen,selected,42,13,2025-04-07 01:00:00,2025-04-13 18:00:00,162,1.79,True,True,32.391807556152344,-9.898590958226881,22.49321659792546,120,480,0.1
core_neuralprophet_frozen_s42,neuralprophet,frozen,selected,42,13,2025-04-07 01:00:00,2025-04-13 19:00:00,163,1.87,True,True,43.21234893798828,-9.898590958226881,33.3137579797614,120,480,0.1
core_neuralprophet_frozen_s42,neuralprophet,frozen,selected,42,13,2025-04-07 01:00:00,2025-04-13 20:00:00,164,2.4,True,True,41.63517379760742,-9.898590958226881,31.73658283938054,120,480,0.1
core_neuralprophet_frozen_s42,neuralprophet,frozen,selected,42,13,2025-04-07 01:00:00,2025-04-13 21:00:00,165,3.38,True,True,42.39082336425781,-9.898590958226881,32.49223240603093,120,480,0.1
core_neuralprophet_frozen_s42,neuralprophet,frozen,selected,42,13,2025-04-07 01:00:00,2025-04-13 22:00:00,166,4.4,True,True,32.536136627197266,-9.898590958226881,22.637545668970382,120,480,0.1
core_neuralprophet_frozen_s42,neuralprophet,frozen,selected,42,13,2025-04-07 01:00:00,2025-04-13 23:00:00,167,5.29,True,True,34.245269775390625,-9.898590958226881,24.346678817163742,120,480,0.1
core_neuralprophet_frozen_s42,neuralprophet,frozen,selected,42,13,2025-04-07 01:00:00,2025-04-14 00:00:00,168,5.96,True,True,24.96974754333496,-9.898590958226881,15.07115658510808,120,480,0.1
core_neuralprophet_frozen_s42,neuralprophet,frozen,selected,42,14,2025-04-14 01:00:00,2025-04-14 01:00:00,1,6.01,True,True,-0.595958411693573,-9.439707569418596,-10.03566598111217,0,0,0.1
core_neuralprophet_frozen_s42,neuralprophet,frozen,selected,42,14,2025-04-14 01:00:00,2025-04-14 02:00:00,2,6.2,True,True,10.240260124206545,-9.439707569418596,0.8005525547879486,0,0,0.1
core_neuralprophet_frozen_s42,neuralprophet,frozen,selected,42,14,2025-04-14 01:00:00,2025-04-14 03:00:00,3,6.58,True,True,-0.6877037882804871,-9.439707569418596,-10.127411357699083,0,0,0.1
core_neuralprophet_frozen_s42,neuralprophet,frozen,selected,42,14,2025-04-14 01:00:00,2025-04-14 04:00:00,4,6.34,True,True,-1.4671995639801023,-9.439707569418596,-10.906907133398699,0,0,0.1
core_neuralprophet_frozen_s42,neuralprophet,frozen,selected,42,14,2025-04-14 01:00:00,2025-04-14 05:00:00,5,5.97,True,True,12.084875106811523,-9.439707569418596,2.6451675373929273,0,0,0.1
core_neuralprophet_frozen_s42,neuralprophet,frozen,selected,42,14,2025-04-14 01:00:00,2025-04-14 06:00:00,6,5.94,True,True,-0.4395599961280823,-9.439707569418596,-9.879267565546678,0,0,0.1
core_neuralprophet_frozen_s42,neuralprophet,frozen,selected,42,14,2025-04-14 01:00:00,2025-04-14 07:00:00,7,6.01,True,True,-3.4779937267303467,-9.439707569418596,-12.917701296148943,0,0,0.1
core_neuralprophet_frozen_s42,neuralprophet,frozen,selected,42,14,2025-04-14 01:00:00,2025-04-14 08:00:00,8,6.21,True,True,-5.154323101043701,-9.439707569418596,-14.594030670462297,0,0,0.1
core_neuralprophet_frozen_s42,neuralprophet,frozen,selected,42,14,2025-04-14 01:00:00,2025-04-14 09:00:00,9,6.34,True,True,-13.787267684936523,-9.439707569418596,-23.226975254355118,0,0,0.1
core_neuralprophet_frozen_s42,neuralprophet,frozen,selected,42,14,2025-04-14 01:00:00,2025-04-14 10:00:00,10,7.45,True,True,-14.537216186523438,-9.439707569418596,-23.976923755942032,0,0,0.1
core_neuralprophet_frozen_s42,neuralprophet,frozen,selected,42,14,2025-04-14 01:00:00,2025-04-14 11:00:00,11,9.77,True,True,-15.386102676391602,-9.439707569418596,-24.825810245810196,0,0,0.1
core_neuralprophet_frozen_s42,neuralprophet,frozen,selected,42,14,2025-04-14 01:00:00,2025-04-14 12:00:00,12,12.69,True,True,-13.722604751586914,-9.439707569418596,-23.16231232100551,0,0,0.1
core_neuralprophet_frozen_s42,neuralprophet,frozen,selected,42,14,2025-04-14 01:00:00,2025-04-14 13:00:00,13,15.52,True,True,2.1499998569488525,-9.439707569418596,-7.289707712469744,0,0,0.1
core_neuralprophet_frozen_s42,neuralprophet,frozen,selected,42,14,2025-04-14 01:00:00,2025-04-14 14:00:00,14,18.43,True,True,2.626304864883423,-9.439707569418596,-6.813402704535173,0,0,0.1
core_neuralprophet_frozen_s42,neuralprophet,frozen,selected,42,14,2025-04-14 01:00:00,2025-04-14 15:00:00,15,20.95,True,True,6.226809501647949,-9.439707569418596,-3.212898067770647,0,0,0.1
core_neuralprophet_frozen_s42,neuralprophet,frozen,selected,42,14,2025-04-14 01:00:00,2025-04-14 16:00:00,16,22.23,True,True,3.895410537719727,-9.439707569418596,-5.54429703169887,0,0,0.1
core_neuralprophet_frozen_s42,neuralprophet,frozen,selected,42,14,2025-04-14 01:00:00,2025-04-14 17:00:00,17,23.19,True,True,14.68816089630127,-9.439707569418596,5.248453326882673,0,0,0.1
core_neuralprophet_frozen_s42,neuralprophet,frozen,selected,42,14,2025-04-14 01:00:00,2025-04-14 18:00:00,18,23.61,True,True,16.328142166137695,-9.439707569418596,6.888434596719099,0,0,0.1
core_neuralprophet_frozen_s42,neuralprophet,frozen,selected,42,14,2025-04-14 01:00:00,2025-04-14 19:00:00,19,22.39,True,True,9.629768371582031,-9.439707569418596,0.19006080216343513,0,0,0.1
core_neuralprophet_frozen_s42,neuralprophet,frozen,selected,42,14,2025-04-14 01:00:00,2025-04-14 20:00:00,20,19.98,True,True,0.511601448059082,-9.439707569418596,-8.928106121359514,0,0,0.1
core_neuralprophet_frozen_s42,neuralprophet,frozen,selected,42,14,2025-04-14 01:00:00,2025-04-14 21:00:00,21,17.37,True,True,16.392414093017578,-9.439707569418596,6.952706523598982,0,0,0.1
core_neuralprophet_frozen_s42,neuralprophet,frozen,selected,42,14,2025-04-14 01:00:00,2025-04-14 22:00:00,22,14.23,True,True,11.665261268615724,-9.439707569418596,2.2255536991971283,0,0,0.1
core_neuralprophet_frozen_s42,neuralprophet,frozen,selected,42,14,2025-04-14 01:00:00,2025-04-14 23:00:00,23,13.02,True,True,5.474312782287598,-9.439707569418596,-3.9653947871309985,0,0,0.1
core_neuralprophet_frozen_s42,neuralprophet,frozen,selected,42,14,2025-04-14 01:00:00,2025-04-15 00:00:00,24,13.45,True,True,14.655150413513184,-9.439707569418596,5.2154428440945875,0,0,0.1
core_neuralprophet_frozen_s42,neuralprophet,frozen,selected,42,14,2025-04-14 01:00:00,2025-04-15 01:00:00,25,14.89,True,True,6.613988876342773,-9.439707569418596,-2.8257186930758227,0,0,0.1
core_neuralprophet_frozen_s42,neuralprophet,frozen,selected,42,14,2025-04-14 01:00:00,2025-04-15 02:00:00,26,16.38,True,True,13.748300552368164,-9.439707569418596,4.308592982949568,0,0,0.1
core_neuralprophet_frozen_s42,neuralprophet,frozen,selected,42,14,2025-04-14 01:00:00,2025-04-15 03:00:00,27,18.55,True,True,13.602879524230955,-9.439707569418596,4.163171954812359,0,0,0.1
core_neuralprophet_frozen_s42,neuralprophet,frozen,selected,42,14,2025-04-14 01:00:00,2025-04-15 04:00:00,28,12.42,True,True,16.535045623779297,-9.439707569418596,7.095338054360701,0,0,0.1
core_neuralprophet_frozen_s42,neuralprophet,frozen,selected,42,14,2025-04-14 01:00:00,2025-04-15 05:00:00,29,12.49,True,True,11.564906120300291,-9.439707569418596,2.125198550881695,0,0,0.1
core_neuralprophet_frozen_s42,neuralprophet,frozen,selected,42,14,2025-04-14 01:00:00,2025-04-15 06:00:00,30,14.06,True,True,8.217323303222656,-9.439707569418596,-1.2223842661959399,0,0,0.1
core_neuralprophet_frozen_s42,neuralprophet,frozen,selected,42,14,2025-04-14 01:00:00,2025-04-15 07:00:00,31,16.21,True,True,6.1964192390441895,-9.439707569418596,-3.2432883303744067,0,0,0.1
core_neuralprophet_frozen_s42,neuralprophet,frozen,selected,42,14,2025-04-14 01:00:00,2025-04-15 08:00:00,32,18.69,True,True,2.6430306434631348,-9.439707569418596,-6.796676925955461,0,0,0.1
core_neuralprophet_frozen_s42,neuralprophet,frozen,selected,42,14,2025-04-14 01:00:00,2025-04-15 09:00:00,33,20.55,True,True,-1.0916707515716553,-9.439707569418596,-10.531378320990251,0,0,0.1
core_neuralprophet_frozen_s42,neuralprophet,frozen,selected,42,14,2025-04-14 01:00:00,2025-04-15 10:00:00,34,21.91,True,True,-7.80648136138916,-9.439707569418596,-17.246188930807755,0,0,0.1
core_neuralprophet_frozen_s42,neuralprophet,frozen,selected,42,14,2025-04-14 01:00:00,2025-04-15 11:00:00,35,23.95,True,True,3.59824013710022,-9.439707569418596,-5.841467432318376,0,0,0.1
core_neuralprophet_frozen_s42,neuralprophet,frozen,selected,42,14,2025-04-14 01:00:00,2025-04-15 12:00:00,36,26.27,True,True,-6.539163589477539,-9.439707569418596,-15.978871158896135,0,0,0.1
core_neuralprophet_frozen_s42,neuralprophet,frozen,selected,42,14,2025-04-14 01:00:00,2025-04-15 13:00:00,37,28.15,True,True,3.9337217807769775,-9.439707569418596,-5.505985788641619,0,0,0.1
core_neuralprophet_frozen_s42,neuralprophet,frozen,selected,42,14,2025-04-14 01:00:00,2025-04-15 14:00:00,38,30.82,True,True,4.57003116607666,-9.439707569418596,-4.869676403341936,0,0,0.1
core_neuralprophet_frozen_s42,neuralprophet,frozen,selected,42,14,2025-04-14 01:00:00,2025-04-15 15:00:00,39,33.89,True,True,9.816197395324709,-9.439707569418596,0.3764898259061127,0,0,0.1
core_neuralprophet_frozen_s42,neuralprophet,frozen,selected,42,14,2025-04-14 01:00:00,2025-04-15 16:00:00,40,37.33,True,True,15.360089302062988,-9.439707569418596,5.920381732644392,0,0,0.1
core_neuralprophet_frozen_s42,neuralprophet,frozen,selected,42,14,2025-04-14 01:00:00,2025-04-15 17:00:00,41,41.02,True,True,26.612491607666016,-9.439707569418596,17.17278403824742,0,0,0.1
core_neuralprophet_frozen_s42,neuralprophet,frozen,selected,42,14,2025-04-14 01:00:00,2025-04-15 18:00:00,42,43.27,True,True,25.83498764038086,-9.439707569418596,16.395280070962265,0,0,0.1
core_neuralprophet_frozen_s42,neuralprophet,frozen,selected,42,14,2025-04-14 01:00:00,2025-04-15 19:00:00,43,42.22,True,True,30.235063552856445,-9.439707569418596,20.79535598343785,0,0,0.1
core_neuralprophet_frozen_s42,neuralprophet,frozen,selected,42,14,2025-04-14 01:00:00,2025-04-15 20:00:00,44,38.11,True,True,43.72760391235352,-9.439707569418596,34.28789634293493,0,0,0.1
core_neuralprophet_frozen_s42,neuralprophet,frozen,selected,42,14,2025-04-14 01:00:00,2025-04-15 21:00:00,45,33.1,True,True,37.17287826538086,-9.439707569418596,27.733170695962265,0,0,0.1
core_neuralprophet_frozen_s42,neuralprophet,frozen,selected,42,14,2025-04-14 01:00:00,2025-04-15 22:00:00,46,28.75,True,True,37.122188568115234,-9.439707569418596,27.68248099869664,0,0,0.1
core_neuralprophet_frozen_s42,neuralprophet,frozen,selected,42,14,2025-04-14 01:00:00,2025-04-15 23:00:00,47,26.05,True,True,39.830963134765625,-9.439707569418596,30.39125556534703,0,0,0.1
core_neuralprophet_frozen_s42,neuralprophet,frozen,selected,42,14,2025-04-14 01:00:00,2025-04-16 00:00:00,48,25.44,True,True,41.493988037109375,-9.439707569418596,32.05428046769078,0,0,0.1
core_neuralprophet_frozen_s42,neuralprophet,frozen,selected,42,14,2025-04-14 01:00:00,2025-04-16 01:00:00,49,27.54,True,True,44.85394287109375,-9.439707569418596,35.414235301675156,0,0,0.1
core_neuralprophet_frozen_s42,neuralprophet,frozen,selected,42,14,2025-04-14 01:00:00,2025-04-16 02:00:00,50,31.87,True,True,47.99214553833008,-9.439707569418596,38.552437968911484,0,0,0.1
core_neuralprophet_frozen_s42,neuralprophet,frozen,selected,42,14,2025-04-14 01:00:00,2025-04-16 03:00:00,51,38.87,True,True,48.0658073425293,-9.439707569418596,38.6260997731107,0,0,0.1
core_neuralprophet_frozen_s42,neuralprophet,frozen,selected,42,14,2025-04-14 01:00:00,2025-04-16 04:00:00,52,55.84,True,True,40.79530715942383,-9.439707569418596,31.355599590005234,0,0,0.1
core_neuralprophet_frozen_s42,neuralprophet,frozen,selected,42,14,2025-04-14 01:00:00,2025-04-16 05:00:00,53,60.54,True,True,38.80672454833984,-9.439707569418596,29.367016978921242,0,0,0.1
core_neuralprophet_frozen_s42,neuralprophet,frozen,selected,42,14,2025-04-14 01:00:00,2025-04-16 06:00:00,54,61.76,True,True,37.70730209350586,-9.439707569418596,28.267594524087265,0,0,0.1
core_neuralprophet_frozen_s42,neuralprophet,frozen,selected,42,14,2025-04-14 01:00:00,2025-04-16 07:00:00,55,55.33,True,True,23.20690155029297,-9.439707569418596,13.767193980874373,0,0,0.1
core_neuralprophet_frozen_s42,neuralprophet,frozen,selected,42,14,2025-04-14 01:00:00,2025-04-16 08:00:00,56,51.15,True,True,16.299293518066406,-9.439707569418596,6.85958594864781,0,0,0.1
core_neuralprophet_frozen_s42,neuralprophet,frozen,selected,42,14,2025-04-14 01:00:00,2025-04-16 09:00:00,57,50.26,True,True,7.949792385101318,-9.439707569418596,-1.4899151843172778,0,0,0.1
core_neuralprophet_frozen_s42,neuralprophet,frozen,selected,42,14,2025-04-14 01:00:00,2025-04-16 10:00:00,58,51.43,True,True,-3.6342227458953857,-9.439707569418596,-13.073930315313982,0,0,0.1
core_neuralprophet_frozen_s42,neuralprophet,frozen,selected,42,14,2025-04-14 01:00:00,2025-04-16 11:00:00,59,53.39,True,True,1.0889290571212769,-9.439707569418596,-8.35077851229732,0,0,0.1
core_neuralprophet_frozen_s42,neuralprophet,frozen,selected,42,14,2025-04-14 01:00:00,2025-04-16 12:00:00,60,57.49,True,True,-5.634922504425049,-9.439707569418596,-15.074630073843645,0,0,0.1
core_neuralprophet_frozen_s42,neuralprophet,frozen,selected,42,14,2025-04-14 01:00:00,2025-04-16 13:00:00,61,61.56,True,True,8.430093765258789,-9.439707569418596,-1.009613804159807,0,0,0.1
core_neuralprophet_frozen_s42,neuralprophet,frozen,selected,42,14,2025-04-14 01:00:00,2025-04-16 14:00:00,62,66.7,True,True,17.231128692626953,-9.439707569418596,7.791421123208357,0,0,0.1
core_neuralprophet_frozen_s42,neuralprophet,frozen,selected,42,14,2025-04-14 01:00:00,2025-04-16 15:00:00,63,73.05,True,True,24.118745803833008,-9.439707569418596,14.679038234414412,0,0,0.1
core_neuralprophet_frozen_s42,neuralprophet,frozen,selected,42,14,2025-04-14 01:00:00,2025-04-16 16:00:00,64,78.35,True,True,31.06138801574707,-9.439707569418596,21.621680446328476,0,0,0.1
core_neuralprophet_frozen_s42,neuralprophet,frozen,selected,42,14,2025-04-14 01:00:00,2025-04-16 17:00:00,65,85.89,True,True,38.50591659545898,-9.439707569418596,29.066209026040383,0,0,0.1
core_neuralprophet_frozen_s42,neuralprophet,frozen,selected,42,14,2025-04-14 01:00:00,2025-04-16 18:00:00,66,98.3,True,True,42.73078918457031,-9.439707569418596,33.29108161515172,0,0,0.1
core_neuralprophet_frozen_s42,neuralprophet,frozen,selected,42,14,2025-04-14 01:00:00,2025-04-16 19:00:00,67,119.32,True,True,49.559871673583984,-9.439707569418596,40.12016410416539,0,0,0.1
core_neuralprophet_frozen_s42,neuralprophet,frozen,selected,42,14,2025-04-14 01:00:00,2025-04-16 20:00:00,68,138.07,True,True,44.40190505981445,-9.439707569418596,34.96219749039586,0,0,0.1
core_neuralprophet_frozen_s42,neuralprophet,frozen,selected,42,14,2025-04-14 01:00:00,2025-04-16 21:00:00,69,156.15,True,True,57.08316802978516,-9.439707569418596,47.64346046036657,0,0,0.1
core_neuralprophet_frozen_s42,neuralprophet,frozen,selected,42,14,2025-04-14 01:00:00,2025-04-16 22:00:00,70,173.93,True,True,60.87125396728516,-9.439707569418596,51.43154639786657,0,0,0.1
core_neuralprophet_frozen_s42,neuralprophet,frozen,selected,42,14,2025-04-14 01:00:00,2025-04-16 23:00:00,71,191.27,True,True,71.8842544555664,-9.439707569418596,62.44454688614781,0,0,0.1
core_neuralprophet_frozen_s42,neuralprophet,frozen,selected,42,14,2025-04-14 01:00:00,2025-04-17 00:00:00,72,203.69,True,True,69.06446075439453,-9.439707569418596,59.62475318497594,0,0,0.1
core_neuralprophet_frozen_s42,neuralprophet,frozen,selected,42,14,2025-04-14 01:00:00,2025-04-17 01:00:00,73,209.72,True,True,72.87492370605469,-9.439707569418596,63.43521613663609,0,0,0.1
core_neuralprophet_frozen_s42,neuralprophet,frozen,selected,42,14,2025-04-14 01:00:00,2025-04-17 02:00:00,74,210.86,True,True,67.38005065917969,-9.439707569418596,57.94034308976109,0,0,0.1
core_neuralprophet_frozen_s42,neuralprophet,frozen,selected,42,14,2025-04-14 01:00:00,2025-04-17 03:00:00,75,211.07,True,True,67.90975189208984,-9.439707569418596,58.47004432267125,0,0,0.1
core_neuralprophet_frozen_s42,neuralprophet,frozen,selected,42,14,2025-04-14 01:00:00,2025-04-17 04:00:00,76,210.02,True,True,65.70729064941406,-9.439707569418596,56.26758307999547,0,0,0.1
core_neuralprophet_frozen_s42,neuralprophet,frozen,selected,42,14,2025-04-14 01:00:00,2025-04-17 05:00:00,77,196.37,True,True,58.441184997558594,-9.439707569418596,49.00147742814,0,0,0.1
core_neuralprophet_frozen_s42,neuralprophet,frozen,selected,42,14,2025-04-14 01:00:00,2025-04-17 06:00:00,78,167.1,True,True,49.796783447265625,-9.439707569418596,40.35707587784703,0,0,0.1
core_neuralprophet_frozen_s42,neuralprophet,frozen,selected,42,14,2025-04-14 01:00:00,2025-04-17 07:00:00,79,84.79,True,True,25.512266159057617,-9.439707569418596,16.072558589639023,0,0,0.1
core_neuralprophet_frozen_s42,neuralprophet,frozen,selected,42,14,2025-04-14 01:00:00,2025-04-17 08:00:00,80,60.81,True,True,28.246091842651367,-9.439707569418596,18.806384273232773,0,0,0.1
core_neuralprophet_frozen_s42,neuralprophet,frozen,selected,42,14,2025-04-14 01:00:00,2025-04-17 09:00:00,81,50.78,True,True,9.397292137145996,-9.439707569418596,-0.04241543227260003,0,0,0.1
core_neuralprophet_frozen_s42,neuralprophet,frozen,selected,42,14,2025-04-14 01:00:00,2025-04-17 10:00:00,82,42.59,True,True,7.707329750061035,-9.439707569418596,-1.732377819357561,0,0,0.1
core_neuralprophet_frozen_s42,neuralprophet,frozen,selected,42,14,2025-04-14 01:00:00,2025-04-17 11:00:00,83,34.11,True,True,5.959053039550781,-9.439707569418596,-3.480654529867815,0,0,0.1
core_neuralprophet_frozen_s42,neuralprophet,frozen,selected,42,14,2025-04-14 01:00:00,2025-04-17 12:00:00,84,26.54,True,True,5.96023416519165,-9.439707569418596,-3.4794734042269457,0,0,0.1
core_neuralprophet_frozen_s42,neuralprophet,frozen,selected,42,14,2025-04-14 01:00:00,2025-04-17 13:00:00,85,21.57,True,True,20.551733016967773,-9.439707569418596,11.112025447549177,0,0,0.1
core_neuralprophet_frozen_s42,neuralprophet,frozen,selected,42,14,2025-04-14 01:00:00,2025-04-17 14:00:00,86,18.96,True,True,27.068422317504883,-9.439707569418596,17.62871474808629,0,0,0.1
core_neuralprophet_frozen_s42,neuralprophet,frozen,selected,42,14,2025-04-14 01:00:00,2025-04-17 15:00:00,87,15.6,True,True,30.267786026000977,-9.439707569418596,20.828078456582382,0,0,0.1
core_neuralprophet_frozen_s42,neuralprophet,frozen,selected,42,14,2025-04-14 01:00:00,2025-04-17 16:00:00,88,10.29,True,True,21.55518913269043,-9.439707569418596,12.115481563271834,0,0,0.1
core_neuralprophet_frozen_s42,neuralprophet,frozen,selected,42,14,2025-04-14 01:00:00,2025-04-17 17:00:00,89,7.24,True,True,30.77495384216309,-9.439707569418596,21.33524627274449,0,0,0.1
core_neuralprophet_frozen_s42,neuralprophet,frozen,selected,42,14,2025-04-14 01:00:00,2025-04-17 18:00:00,90,5.21,True,True,36.01403045654297,-9.439707569418596,26.574322887124374,0,0,0.1
core_neuralprophet_frozen_s42,neuralprophet,frozen,selected,42,14,2025-04-14 01:00:00,2025-04-17 19:00:00,91,4.93,True,True,30.50647735595703,-9.439707569418596,21.066769786538437,0,0,0.1
core_neuralprophet_frozen_s42,neuralprophet,frozen,selected,42,14,2025-04-14 01:00:00,2025-04-17 20:00:00,92,9.05,True,True,41.58766555786133,-9.439707569418596,32.147957988442734,0,0,0.1
core_neuralprophet_frozen_s42,neuralprophet,frozen,selected,42,14,2025-04-14 01:00:00,2025-04-17 21:00:00,93,15.76,True,True,41.53001022338867,-9.439707569418596,32.09030265397008,0,0,0.1
core_neuralprophet_frozen_s42,neuralprophet,frozen,selected,42,14,2025-04-14 01:00:00,2025-04-17 22:00:00,94,22.01,True,True,48.995384216308594,-9.439707569418596,39.55567664689,0,0,0.1
core_neuralprophet_frozen_s42,neuralprophet,frozen,selected,42,14,2025-04-14 01:00:00,2025-04-17 23:00:00,95,28.58,True,True,58.37973785400391,-9.439707569418596,48.94003028458532,0,0,0.1
core_neuralprophet_frozen_s42,neuralprophet,frozen,selected,42,14,2025-04-14 01:00:00,2025-04-18 00:00:00,96,33.67,True,True,58.03109359741211,-9.439707569418596,48.591386027993515,0,0,0.1
core_neuralprophet_frozen_s42,neuralprophet,frozen,selected,42,14,2025-04-14 01:00:00,2025-04-18 01:00:00,97,34.01,True,True,55.387298583984375,-9.439707569418596,45.94759101456578,0,0,0.1
core_neuralprophet_frozen_s42,neuralprophet,frozen,selected,42,14,2025-04-14 01:00:00,2025-04-18 02:00:00,98,27.92,True,True,58.151954650878906,-9.439707569418596,48.71224708146031,0,0,0.1
core_neuralprophet_frozen_s42,neuralprophet,frozen,selected,42,14,2025-04-14 01:00:00,2025-04-18 03:00:00,99,21.04,True,True,48.87924957275391,-9.439707569418596,39.43954200333532,0,0,0.1
core_neuralprophet_frozen_s42,neuralprophet,frozen,selected,42,14,2025-04-14 01:00:00,2025-04-18 04:00:00,100,15.5,True,True,39.64064025878906,-9.439707569418596,30.200932689370468,0,0,0.1
core_neuralprophet_frozen_s42,neuralprophet,frozen,selected,42,14,2025-04-14 01:00:00,2025-04-18 05:00:00,101,11.64,True,True,48.88748550415039,-9.439707569418596,39.447777934731796,0,0,0.1
core_neuralprophet_frozen_s42,neuralprophet,frozen,selected,42,14,2025-04-14 01:00:00,2025-04-18 06:00:00,102,9.4,True,True,44.48140335083008,-9.439707569418596,35.041695781411484,0,0,0.1
core_neuralprophet_frozen_s42,neuralprophet,frozen,selected,42,14,2025-04-14 01:00:00,2025-04-18 07:00:00,103,8.11,True,True,41.11359024047852,-9.439707569418596,31.67388267105993,0,0,0.1
core_neuralprophet_frozen_s42,neuralprophet,frozen,selected,42,14,2025-04-14 01:00:00,2025-04-18 08:00:00,104,7.49,True,True,41.80061340332031,-9.439707569418596,32.36090583390172,0,0,0.1
core_neuralprophet_frozen_s42,neuralprophet,frozen,selected,42,14,2025-04-14 01:00:00,2025-04-18 09:00:00,105,7.12,True,True,28.956876754760746,-9.439707569418596,19.517169185342148,0,0,0.1
core_neuralprophet_frozen_s42,neuralprophet,frozen,selected,42,14,2025-04-14 01:00:00,2025-04-18 10:00:00,106,7.15,True,True,30.46477699279785,-9.439707569418596,21.025069423379257,0,0,0.1
core_neuralprophet_frozen_s42,neuralprophet,frozen,selected,42,14,2025-04-14 01:00:00,2025-04-18 11:00:00,107,8.29,True,True,30.82059097290039,-9.439707569418596,21.380883403481796,0,0,0.1
core_neuralprophet_frozen_s42,neuralprophet,frozen,selected,42,14,2025-04-14 01:00:00,2025-04-18 12:00:00,108,10.45,True,True,27.08451271057129,-9.439707569418596,17.644805141152695,0,0,0.1
core_neuralprophet_frozen_s42,neuralprophet,frozen,selected,42,14,2025-04-14 01:00:00,2025-04-18 13:00:00,109,14.22,True,True,29.2587833404541,-9.439707569418596,19.819075771035507,0,0,0.1
core_neuralprophet_frozen_s42,neuralprophet,frozen,selected,42,14,2025-04-14 01:00:00,2025-04-18 14:00:00,110,19.19,True,True,46.19665145874024,-9.439707569418596,36.75694388932165,0,0,0.1
core_neuralprophet_frozen_s42,neuralprophet,frozen,selected,42,14,2025-04-14 01:00:00,2025-04-18 15:00:00,111,23.64,True,True,51.56121063232422,-9.439707569418596,42.121503062905624,0,0,0.1
core_neuralprophet_frozen_s42,neuralprophet,frozen,selected,42,14,2025-04-14 01:00:00,2025-04-18 16:00:00,112,26.41,True,True,48.601444244384766,-9.439707569418596,39.16173667496617,0,0,0.1
core_neuralprophet_frozen_s42,neuralprophet,frozen,selected,42,14,2025-04-14 01:00:00,2025-04-18 17:00:00,113,28.14,True,True,54.21744918823242,-9.439707569418596,44.77774161881383,0,0,0.1
core_neuralprophet_frozen_s42,neuralprophet,frozen,selected,42,14,2025-04-14 01:00:00,2025-04-18 18:00:00,114,29.76,True,True,48.47372055053711,-9.439707569418596,39.034012981118515,0,0,0.1
core_neuralprophet_frozen_s42,neuralprophet,frozen,selected,42,14,2025-04-14 01:00:00,2025-04-18 19:00:00,115,31.25,True,True,55.44482421875,-9.439707569418596,46.005116649331406,0,0,0.1
core_neuralprophet_frozen_s42,neuralprophet,frozen,selected,42,14,2025-04-14 01:00:00,2025-04-18 20:00:00,116,32.77,True,True,43.73834991455078,-9.439707569418596,34.29864234513219,0,0,0.1
core_neuralprophet_frozen_s42,neuralprophet,frozen,selected,42,14,2025-04-14 01:00:00,2025-04-18 21:00:00,117,34.42,True,True,58.513790130615234,-9.439707569418596,49.07408256119664,0,0,0.1
core_neuralprophet_frozen_s42,neuralprophet,frozen,selected,42,14,2025-04-14 01:00:00,2025-04-18 22:00:00,118,36.19,True,True,55.657901763916016,-9.439707569418596,46.21819419449742,0,0,0.1
core_neuralprophet_frozen_s42,neuralprophet,frozen,selected,42,14,2025-04-14 01:00:00,2025-04-18 23:00:00,119,38.7,True,True,57.85831069946289,-9.439707569418596,48.418603130044296,0,0,0.1
core_neuralprophet_frozen_s42,neuralprophet,frozen,selected,42,14,2025-04-14 01:00:00,2025-04-19 00:00:00,120,41.24,True,True,48.12486267089844,-9.439707569418596,38.68515510147984,0,0,0.1
core_neuralprophet_frozen_s42,neuralprophet,frozen,selected,42,14,2025-04-14 01:00:00,2025-04-19 01:00:00,121,,False,False,,-9.439707569418596,,0,0,0.1
core_neuralprophet_frozen_s42,neuralprophet,frozen,selected,42,14,2025-04-14 01:00:00,2025-04-19 02:00:00,122,,False,False,,-9.439707569418596,,0,0,0.1
core_neuralprophet_frozen_s42,neuralprophet,frozen,selected,42,14,2025-04-14 01:00:00,2025-04-19 03:00:00,123,,False,False,,-9.439707569418596,,0,0,0.1
core_neuralprophet_frozen_s42,neuralprophet,frozen,selected,42,14,2025-04-14 01:00:00,2025-04-19 04:00:00,124,,False,False,,-9.439707569418596,,0,0,0.1
core_neuralprophet_frozen_s42,neuralprophet,frozen,selected,42,14,2025-04-14 01:00:00,2025-04-19 05:00:00,125,,False,False,,-9.439707569418596,,0,0,0.1
core_neuralprophet_frozen_s42,neuralprophet,frozen,selected,42,14,2025-04-14 01:00:00,2025-04-19 06:00:00,126,,False,False,,-9.439707569418596,,0,0,0.1
core_neuralprophet_frozen_s42,neuralprophet,frozen,selected,42,14,2025-04-14 01:00:00,2025-04-19 07:00:00,127,,False,False,,-9.439707569418596,,0,0,0.1
core_neuralprophet_frozen_s42,neuralprophet,frozen,selected,42,14,2025-04-14 01:00:00,2025-04-19 08:00:00,128,,False,False,,-9.439707569418596,,0,0,0.1
core_neuralprophet_frozen_s42,neuralprophet,frozen,selected,42,14,2025-04-14 01:00:00,2025-04-19 09:00:00,129,,False,False,,-9.439707569418596,,0,0,0.1
core_neuralprophet_frozen_s42,neuralprophet,frozen,selected,42,14,2025-04-14 01:00:00,2025-04-19 10:00:00,130,,False,False,,-9.439707569418596,,0,0,0.1
core_neuralprophet_frozen_s42,neuralprophet,frozen,selected,42,14,2025-04-14 01:00:00,2025-04-19 11:00:00,131,,False,False,,-9.439707569418596,,0,0,0.1
core_neuralprophet_frozen_s42,neuralprophet,frozen,selected,42,14,2025-04-14 01:00:00,2025-04-19 12:00:00,132,,False,False,,-9.439707569418596,,0,0,0.1
core_neuralprophet_frozen_s42,neuralprophet,frozen,selected,42,14,2025-04-14 01:00:00,2025-04-19 13:00:00,133,,False,False,,-9.439707569418596,,0,0,0.1
core_neuralprophet_frozen_s42,neuralprophet,frozen,selected,42,14,2025-04-14 01:00:00,2025-04-19 14:00:00,134,,False,False,,-9.439707569418596,,0,0,0.1
core_neuralprophet_frozen_s42,neuralprophet,frozen,selected,42,14,2025-04-14 01:00:00,2025-04-19 15:00:00,135,,False,False,,-9.439707569418596,,0,0,0.1
core_neuralprophet_frozen_s42,neuralprophet,frozen,selected,42,14,2025-04-14 01:00:00,2025-04-19 16:00:00,136,,False,False,,-9.439707569418596,,0,0,0.1
core_neuralprophet_frozen_s42,neuralprophet,frozen,selected,42,14,2025-04-14 01:00:00,2025-04-19 17:00:00,137,,False,False,,-9.439707569418596,,0,0,0.1
core_neuralprophet_frozen_s42,neuralprophet,frozen,selected,42,14,2025-04-14 01:00:00,2025-04-19 18:00:00,138,,False,False,,-9.439707569418596,,0,0,0.1
core_neuralprophet_frozen_s42,neuralprophet,frozen,selected,42,14,2025-04-14 01:00:00,2025-04-19 19:00:00,139,,False,False,,-9.439707569418596,,0,0,0.1
core_neuralprophet_frozen_s42,neuralprophet,frozen,selected,42,14,2025-04-14 01:00:00,2025-04-19 20:00:00,140,,False,False,,-9.439707569418596,,0,0,0.1
core_neuralprophet_frozen_s42,neuralprophet,frozen,selected,42,14,2025-04-14 01:00:00,2025-04-19 21:00:00,141,,False,False,,-9.439707569418596,,0,0,0.1
core_neuralprophet_frozen_s42,neuralprophet,frozen,selected,42,14,2025-04-14 01:00:00,2025-04-19 22:00:00,142,,False,False,,-9.439707569418596,,0,0,0.1
core_neuralprophet_frozen_s42,neuralprophet,frozen,selected,42,14,2025-04-14 01:00:00,2025-04-19 23:00:00,143,,False,False,,-9.439707569418596,,0,0,0.1
core_neuralprophet_frozen_s42,neuralprophet,frozen,selected,42,14,2025-04-14 01:00:00,2025-04-20 00:00:00,144,,False,False,,-9.439707569418596,,0,0,0.1
core_neuralprophet_frozen_s42,neuralprophet,frozen,selected,42,14,2025-04-14 01:00:00,2025-04-20 01:00:00,145,79.86,True,True,43.53126907348633,-9.439707569418596,34.091561504067734,0,0,0.1
core_neuralprophet_frozen_s42,neuralprophet,frozen,selected,42,14,2025-04-14 01:00:00,2025-04-20 02:00:00,146,82.41,True,True,50.59428024291992,-9.439707569418596,41.15457267350133,0,0,0.1
core_neuralprophet_frozen_s42,neuralprophet,frozen,selected,42,14,2025-04-14 01:00:00,2025-04-20 03:00:00,147,89.55,True,True,52.07476043701172,-9.439707569418596,42.635052867593124,0,0,0.1
core_neuralprophet_frozen_s42,neuralprophet,frozen,selected,42,14,2025-04-14 01:00:00,2025-04-20 04:00:00,148,93.49,True,True,44.34198760986328,-9.439707569418596,34.90228004044469,0,0,0.1
core_neuralprophet_frozen_s42,neuralprophet,frozen,selected,42,14,2025-04-14 01:00:00,2025-04-20 05:00:00,149,90.2,True,True,48.346981048583984,-9.439707569418596,38.90727347916539,0,0,0.1
core_neuralprophet_frozen_s42,neuralprophet,frozen,selected,42,14,2025-04-14 01:00:00,2025-04-20 06:00:00,150,91.14,True,True,43.727970123291016,-9.439707569418596,34.28826255387242,0,0,0.1
core_neuralprophet_frozen_s42,neuralprophet,frozen,selected,42,14,2025-04-14 01:00:00,2025-04-20 07:00:00,151,91.17,True,True,39.396915435791016,-9.439707569418596,29.95720786637242,0,0,0.1
core_neuralprophet_frozen_s42,neuralprophet,frozen,selected,42,14,2025-04-14 01:00:00,2025-04-20 08:00:00,152,89.62,True,True,34.8416862487793,-9.439707569418596,25.401978679360703,0,0,0.1
core_neuralprophet_frozen_s42,neuralprophet,frozen,selected,42,14,2025-04-14 01:00:00,2025-04-20 09:00:00,153,84.11,True,True,31.216440200805664,-9.439707569418596,21.77673263138707,0,0,0.1
core_neuralprophet_frozen_s42,neuralprophet,frozen,selected,42,14,2025-04-14 01:00:00,2025-04-20 10:00:00,154,79.05,True,True,26.416547775268555,-9.439707569418596,16.97684020584996,0,0,0.1
core_neuralprophet_frozen_s42,neuralprophet,frozen,selected,42,14,2025-04-14 01:00:00,2025-04-20 11:00:00,155,77.68,True,True,35.83830642700195,-9.439707569418596,26.39859885758336,0,0,0.1
core_neuralprophet_frozen_s42,neuralprophet,frozen,selected,42,14,2025-04-14 01:00:00,2025-04-20 12:00:00,156,78.67,True,True,18.736635208129883,-9.439707569418596,9.296927638711287,0,0,0.1
core_neuralprophet_frozen_s42,neuralprophet,frozen,selected,42,14,2025-04-14 01:00:00,2025-04-20 13:00:00,157,79.42,True,True,35.257999420166016,-9.439707569418596,25.81829185074742,0,0,0.1
core_neuralprophet_frozen_s42,neuralprophet,frozen,selected,42,14,2025-04-14 01:00:00,2025-04-20 14:00:00,158,80.5,True,True,30.800731658935547,-9.439707569418596,21.361024089516953,0,0,0.1
core_neuralprophet_frozen_s42,neuralprophet,frozen,selected,42,14,2025-04-14 01:00:00,2025-04-20 15:00:00,159,81.76,True,True,41.00251007080078,-9.439707569418596,31.562802501382187,0,0,0.1
core_neuralprophet_frozen_s42,neuralprophet,frozen,selected,42,14,2025-04-14 01:00:00,2025-04-20 16:00:00,160,82.98,True,True,26.740461349487305,-9.439707569418596,17.30075378006871,0,0,0.1
core_neuralprophet_frozen_s42,neuralprophet,frozen,selected,42,14,2025-04-14 01:00:00,2025-04-20 17:00:00,161,84.97,True,True,36.27544021606445,-9.439707569418596,26.83573264664586,0,0,0.1
core_neuralprophet_frozen_s42,neuralprophet,frozen,selected,42,14,2025-04-14 01:00:00,2025-04-20 18:00:00,162,88.26,True,True,38.92634201049805,-9.439707569418596,29.486634441079453,0,0,0.1
core_neuralprophet_frozen_s42,neuralprophet,frozen,selected,42,14,2025-04-14 01:00:00,2025-04-20 19:00:00,163,92.57,True,True,38.5595588684082,-9.439707569418596,29.11985129898961,0,0,0.1
core_neuralprophet_frozen_s42,neuralprophet,frozen,selected,42,14,2025-04-14 01:00:00,2025-04-20 20:00:00,164,95.9,True,True,30.44923210144043,-9.439707569418596,21.009524532021835,0,0,0.1
core_neuralprophet_frozen_s42,neuralprophet,frozen,selected,42,14,2025-04-14 01:00:00,2025-04-20 21:00:00,165,99.09,True,True,44.91373062133789,-9.439707569418596,35.474023051919296,0,0,0.1
core_neuralprophet_frozen_s42,neuralprophet,frozen,selected,42,14,2025-04-14 01:00:00,2025-04-20 22:00:00,166,100.87,True,True,46.11674118041992,-9.439707569418596,36.67703361100133,0,0,0.1
core_neuralprophet_frozen_s42,neuralprophet,frozen,selected,42,14,2025-04-14 01:00:00,2025-04-20 23:00:00,167,101.08,True,True,51.401763916015625,-9.439707569418596,41.96205634659703,0,0,0.1
core_neuralprophet_frozen_s42,neuralprophet,frozen,selected,42,14,2025-04-14 01:00:00,2025-04-21 00:00:00,168,99.8,True,True,46.976783752441406,-9.439707569418596,37.53707618302281,0,0,0.1
core_neuralprophet_frozen_s42,neuralprophet,frozen,selected,42,15,2025-04-21 01:00:00,2025-04-21 01:00:00,1,95.95,True,True,97.03861236572266,-6.329571287396307,90.70904107832635,24,96,0.1
core_neuralprophet_frozen_s42,neuralprophet,frozen,selected,42,15,2025-04-21 01:00:00,2025-04-21 02:00:00,2,90.31,True,True,98.79824829101562,-6.329571287396307,92.46867700361932,24,96,0.1
core_neuralprophet_frozen_s42,neuralprophet,frozen,selected,42,15,2025-04-21 01:00:00,2025-04-21 03:00:00,3,84.04,True,True,97.16649627685548,-6.329571287396307,90.83692498945918,24,96,0.1
core_neuralprophet_frozen_s42,neuralprophet,frozen,selected,42,15,2025-04-21 01:00:00,2025-04-21 04:00:00,4,81.25,True,True,102.73939514160156,-6.329571287396307,96.40982385420526,24,96,0.1
core_neuralprophet_frozen_s42,neuralprophet,frozen,selected,42,15,2025-04-21 01:00:00,2025-04-21 05:00:00,5,79.33,True,True,104.04898071289062,-6.329571287396307,97.71940942549432,24,96,0.1
core_neuralprophet_frozen_s42,neuralprophet,frozen,selected,42,15,2025-04-21 01:00:00,2025-04-21 06:00:00,6,78.16,True,True,88.96449279785156,-6.329571287396307,82.63492151045526,24,96,0.1
core_neuralprophet_frozen_s42,neuralprophet,frozen,selected,42,15,2025-04-21 01:00:00,2025-04-21 07:00:00,7,78.28,True,True,95.36699676513672,-6.329571287396307,89.03742547774041,24,96,0.1
core_neuralprophet_frozen_s42,neuralprophet,frozen,selected,42,15,2025-04-21 01:00:00,2025-04-21 08:00:00,8,79.63,True,True,86.50737762451172,-6.329571287396307,80.17780633711541,24,96,0.1
core_neuralprophet_frozen_s42,neuralprophet,frozen,selected,42,15,2025-04-21 01:00:00,2025-04-21 09:00:00,9,81.23,True,True,80.87632751464844,-6.329571287396307,74.54675622725213,24,96,0.1
core_neuralprophet_frozen_s42,neuralprophet,frozen,selected,42,15,2025-04-21 01:00:00,2025-04-21 10:00:00,10,84.19,True,True,74.12681579589844,-6.329571287396307,67.79724450850213,24,96,0.1
core_neuralprophet_frozen_s42,neuralprophet,frozen,selected,42,15,2025-04-21 01:00:00,2025-04-21 11:00:00,11,89.85,True,True,77.89240264892578,-6.329571287396307,71.56283136152948,24,96,0.1
core_neuralprophet_frozen_s42,neuralprophet,frozen,selected,42,15,2025-04-21 01:00:00,2025-04-21 12:00:00,12,97.2,True,True,75.85372924804688,-6.329571287396307,69.52415796065057,24,96,0.1
core_neuralprophet_frozen_s42,neuralprophet,frozen,selected,42,15,2025-04-21 01:00:00,2025-04-21 13:00:00,13,104.1,True,True,84.77643585205078,-6.329571287396307,78.44686456465448,24,96,0.1
core_neuralprophet_frozen_s42,neuralprophet,frozen,selected,42,15,2025-04-21 01:00:00,2025-04-21 14:00:00,14,109.19,True,True,81.64368438720703,-6.329571287396307,75.31411309981073,24,96,0.1
core_neuralprophet_frozen_s42,neuralprophet,frozen,selected,42,15,2025-04-21 01:00:00,2025-04-21 15:00:00,15,109.37,True,True,91.51438903808594,-6.329571287396307,85.18481775068963,24,96,0.1
core_neuralprophet_frozen_s42,neuralprophet,frozen,selected,42,15,2025-04-21 01:00:00,2025-04-21 16:00:00,16,95.1,True,True,76.60969543457031,-6.329571287396307,70.280124147174,24,96,0.1
core_neuralprophet_frozen_s42,neuralprophet,frozen,selected,42,15,2025-04-21 01:00:00,2025-04-21 17:00:00,17,73.7,True,True,63.67252731323242,-6.329571287396307,57.342956025836116,24,96,0.1
core_neuralprophet_frozen_s42,neuralprophet,frozen,selected,42,15,2025-04-21 01:00:00,2025-04-21 18:00:00,18,53.92,True,True,55.79875564575195,-6.329571287396307,49.46918435835565,24,96,0.1
core_neuralprophet_frozen_s42,neuralprophet,frozen,selected,42,15,2025-04-21 01:00:00,2025-04-21 19:00:00,19,39.7,True,True,51.804718017578125,-6.329571287396307,45.47514673018182,24,96,0.1
core_neuralprophet_frozen_s42,neuralprophet,frozen,selected,42,15,2025-04-21 01:00:00,2025-04-21 20:00:00,20,36.29,True,True,57.89561462402344,-6.329571287396307,51.56604333662713,24,96,0.1
core_neuralprophet_frozen_s42,neuralprophet,frozen,selected,42,15,2025-04-21 01:00:00,2025-04-21 21:00:00,21,35.79,True,True,49.779483795166016,-6.329571287396307,43.44991250776971,24,96,0.1
core_neuralprophet_frozen_s42,neuralprophet,frozen,selected,42,15,2025-04-21 01:00:00,2025-04-21 22:00:00,22,35.5,True,True,51.91520690917969,-6.329571287396307,45.58563562178338,24,96,0.1
core_neuralprophet_frozen_s42,neuralprophet,frozen,selected,42,15,2025-04-21 01:00:00,2025-04-21 23:00:00,23,36.01,True,True,50.49955749511719,-6.329571287396307,44.16998620772088,24,96,0.1
core_neuralprophet_frozen_s42,neuralprophet,frozen,selected,42,15,2025-04-21 01:00:00,2025-04-22 00:00:00,24,37.05,True,True,49.03101348876953,-6.329571287396307,42.701442201373226,24,96,0.1
core_neuralprophet_frozen_s42,neuralprophet,frozen,selected,42,15,2025-04-21 01:00:00,2025-04-22 01:00:00,25,37.3,True,True,43.73561477661133,-6.329571287396307,37.40604348921502,24,96,0.1
core_neuralprophet_frozen_s42,neuralprophet,frozen,selected,42,15,2025-04-21 01:00:00,2025-04-22 02:00:00,26,37.43,True,True,44.17272567749024,-6.329571287396307,37.843154390093936,24,96,0.1
core_neuralprophet_frozen_s42,neuralprophet,frozen,selected,42,15,2025-04-21 01:00:00,2025-04-22 03:00:00,27,36.87,True,True,46.04303741455078,-6.329571287396307,39.713466127154476,24,96,0.1
core_neuralprophet_frozen_s42,neuralprophet,frozen,selected,42,15,2025-04-21 01:00:00,2025-04-22 04:00:00,28,28.19,True,True,27.320018768310547,-6.329571287396307,20.99044748091424,24,96,0.1
core_neuralprophet_frozen_s42,neuralprophet,frozen,selected,42,15,2025-04-21 01:00:00,2025-04-22 05:00:00,29,24.66,True,True,32.613311767578125,-6.329571287396307,26.28374048018182,24,96,0.1
core_neuralprophet_frozen_s42,neuralprophet,frozen,selected,42,15,2025-04-21 01:00:00,2025-04-22 06:00:00,30,24.64,True,True,13.718711853027344,-6.329571287396307,7.3891405656310365,24,96,0.1
core_neuralprophet_frozen_s42,neuralprophet,frozen,selected,42,15,2025-04-21 01:00:00,2025-04-22 07:00:00,31,25.98,True,True,20.738245010375977,-6.329571287396307,14.40867372297967,24,96,0.1
core_neuralprophet_frozen_s42,neuralprophet,frozen,selected,42,15,2025-04-21 01:00:00,2025-04-22 08:00:00,32,28.01,True,True,14.224821090698242,-6.329571287396307,7.895249803301935,24,96,0.1
core_neuralprophet_frozen_s42,neuralprophet,frozen,selected,42,15,2025-04-21 01:00:00,2025-04-22 09:00:00,33,28.49,True,True,3.104901075363159,-6.329571287396307,-3.224670212033148,24,96,0.1
core_neuralprophet_frozen_s42,neuralprophet,frozen,selected,42,15,2025-04-21 01:00:00,2025-04-22 10:00:00,34,28.07,True,True,-0.3704068064689636,-6.329571287396307,-6.699978093865271,24,96,0.1
core_neuralprophet_frozen_s42,neuralprophet,frozen,selected,42,15,2025-04-21 01:00:00,2025-04-22 11:00:00,35,28.25,True,True,3.633695125579834,-6.329571287396307,-2.6958761618164733,24,96,0.1
core_neuralprophet_frozen_s42,neuralprophet,frozen,selected,42,15,2025-04-21 01:00:00,2025-04-22 12:00:00,36,29.42,True,True,-0.9867287278175354,-6.329571287396307,-7.316300015213843,24,96,0.1
core_neuralprophet_frozen_s42,neuralprophet,frozen,selected,42,15,2025-04-21 01:00:00,2025-04-22 13:00:00,37,30.56,True,True,2.091192483901977,-6.329571287396307,-4.23837880349433,24,96,0.1
core_neuralprophet_frozen_s42,neuralprophet,frozen,selected,42,15,2025-04-21 01:00:00,2025-04-22 14:00:00,38,32.4,True,True,10.398467063903809,-6.329571287396307,4.068895776507501,24,96,0.1
core_neuralprophet_frozen_s42,neuralprophet,frozen,selected,42,15,2025-04-21 01:00:00,2025-04-22 15:00:00,39,34.47,True,True,6.014603614807129,-6.329571287396307,-0.31496767258917835,24,96,0.1
core_neuralprophet_frozen_s42,neuralprophet,frozen,selected,42,15,2025-04-21 01:00:00,2025-04-22 16:00:00,40,36.16,True,True,4.377150535583496,-6.329571287396307,-1.9524207518128112,24,96,0.1
core_neuralprophet_frozen_s42,neuralprophet,frozen,selected,42,15,2025-04-21 01:00:00,2025-04-22 17:00:00,41,38.39,True,True,5.324561595916748,-6.329571287396307,-1.0050096914795592,24,96,0.1
core_neuralprophet_frozen_s42,neuralprophet,frozen,selected,42,15,2025-04-21 01:00:00,2025-04-22 18:00:00,42,40.94,True,True,10.9652738571167,-6.329571287396307,4.635702569720392,24,96,0.1
core_neuralprophet_frozen_s42,neuralprophet,frozen,selected,42,15,2025-04-21 01:00:00,2025-04-22 19:00:00,43,43.84,True,True,19.263954162597656,-6.329571287396307,12.934382875201349,24,96,0.1
core_neuralprophet_frozen_s42,neuralprophet,frozen,selected,42,15,2025-04-21 01:00:00,2025-04-22 20:00:00,44,48.09,True,True,19.1027946472168,-6.329571287396307,12.773223359820493,24,96,0.1
core_neuralprophet_frozen_s42,neuralprophet,frozen,selected,42,15,2025-04-21 01:00:00,2025-04-22 21:00:00,45,53.64,True,True,30.803001403808597,-6.329571287396307,24.47343011641229,24,96,0.1
core_neuralprophet_frozen_s42,neuralprophet,frozen,selected,42,15,2025-04-21 01:00:00,2025-04-22 22:00:00,46,59.41,True,True,20.855098724365234,-6.329571287396307,14.525527436968927,24,96,0.1
core_neuralprophet_frozen_s42,neuralprophet,frozen,selected,42,15,2025-04-21 01:00:00,2025-04-22 23:00:00,47,64.04,True,True,37.221309661865234,-6.329571287396307,30.89173837446893,24,96,0.1
core_neuralprophet_frozen_s42,neuralprophet,frozen,selected,42,15,2025-04-21 01:00:00,2025-04-23 00:00:00,48,66.68,True,True,33.24272918701172,-6.329571287396307,26.913157899615413,24,96,0.1
core_neuralprophet_frozen_s42,neuralprophet,frozen,selected,42,15,2025-04-21 01:00:00,2025-04-23 01:00:00,49,67.4,True,True,38.92477035522461,-6.329571287396307,32.595199067828304,24,96,0.1
core_neuralprophet_frozen_s42,neuralprophet,frozen,selected,42,15,2025-04-21 01:00:00,2025-04-23 02:00:00,50,65.28,True,True,37.15861892700195,-6.329571287396307,30.829047639605648,24,96,0.1
core_neuralprophet_frozen_s42,neuralprophet,frozen,selected,42,15,2025-04-21 01:00:00,2025-04-23 03:00:00,51,62.01,True,True,30.76184463500977,-6.329571287396307,24.43227334761346,24,96,0.1
core_neuralprophet_frozen_s42,neuralprophet,frozen,selected,42,15,2025-04-21 01:00:00,2025-04-23 04:00:00,52,60.0,True,True,31.92060852050781,-6.329571287396307,25.5910372331115,24,96,0.1
core_neuralprophet_frozen_s42,neuralprophet,frozen,selected,42,15,2025-04-21 01:00:00,2025-04-23 05:00:00,53,63.63,True,True,32.89225769042969,-6.329571287396307,26.562686403033382,24,96,0.1
core_neuralprophet_frozen_s42,neuralprophet,frozen,selected,42,15,2025-04-21 01:00:00,2025-04-23 06:00:00,54,66.22,True,True,14.344635009765623,-6.329571287396307,8.015063722369316,24,96,0.1
core_neuralprophet_frozen_s42,neuralprophet,frozen,selected,42,15,2025-04-21 01:00:00,2025-04-23 07:00:00,55,70.81,True,True,10.667302131652832,-6.329571287396307,4.337730844256525,24,96,0.1
core_neuralprophet_frozen_s42,neuralprophet,frozen,selected,42,15,2025-04-21 01:00:00,2025-04-23 08:00:00,56,65.39,True,True,7.99066162109375,-6.329571287396307,1.6610903336974427,24,96,0.1
core_neuralprophet_frozen_s42,neuralprophet,frozen,selected,42,15,2025-04-21 01:00:00,2025-04-23 09:00:00,57,54.6,True,True,-0.4620648026466369,-6.329571287396307,-6.791636090042944,24,96,0.1
core_neuralprophet_frozen_s42,neuralprophet,frozen,selected,42,15,2025-04-21 01:00:00,2025-04-23 10:00:00,58,41.77,True,True,-7.279989242553711,-6.329571287396307,-13.609560529950018,24,96,0.1
core_neuralprophet_frozen_s42,neuralprophet,frozen,selected,42,15,2025-04-21 01:00:00,2025-04-23 11:00:00,59,28.24,True,True,2.5552098751068115,-6.329571287396307,-3.7743614122894957,24,96,0.1
core_neuralprophet_frozen_s42,neuralprophet,frozen,selected,42,15,2025-04-21 01:00:00,2025-04-23 12:00:00,60,16.39,True,True,-7.188407897949219,-6.329571287396307,-13.517979185345526,24,96,0.1
core_neuralprophet_frozen_s42,neuralprophet,frozen,selected,42,15,2025-04-21 01:00:00,2025-04-23 13:00:00,61,8.51,True,True,3.427396535873413,-6.329571287396307,-2.902174751522894,24,96,0.1
core_neuralprophet_frozen_s42,neuralprophet,frozen,selected,42,15,2025-04-21 01:00:00,2025-04-23 14:00:00,62,5.41,True,True,4.467416286468506,-6.329571287396307,-1.8621550009278014,24,96,0.1
core_neuralprophet_frozen_s42,neuralprophet,frozen,selected,42,15,2025-04-21 01:00:00,2025-04-23 15:00:00,63,4.73,True,True,6.267473220825195,-6.329571287396307,-0.06209806657111194,24,96,0.1
core_neuralprophet_frozen_s42,neuralprophet,frozen,selected,42,15,2025-04-21 01:00:00,2025-04-23 16:00:00,64,5.22,True,True,1.8892602920532229,-6.329571287396307,-4.440310995343085,24,96,0.1
core_neuralprophet_frozen_s42,neuralprophet,frozen,selected,42,15,2025-04-21 01:00:00,2025-04-23 17:00:00,65,7.02,True,True,13.71501350402832,-6.329571287396307,7.385442216632013,24,96,0.1
core_neuralprophet_frozen_s42,neuralprophet,frozen,selected,42,15,2025-04-21 01:00:00,2025-04-23 18:00:00,66,9.78,True,True,8.971555709838867,-6.329571287396307,2.64198442244256,24,96,0.1
core_neuralprophet_frozen_s42,neuralprophet,frozen,selected,42,15,2025-04-21 01:00:00,2025-04-23 19:00:00,67,12.38,True,True,20.05080223083496,-6.329571287396307,13.721230943438654,24,96,0.1
core_neuralprophet_frozen_s42,neuralprophet,frozen,selected,42,15,2025-04-21 01:00:00,2025-04-23 20:00:00,68,14.46,True,True,23.898895263671875,-6.329571287396307,17.56932397627557,24,96,0.1
core_neuralprophet_frozen_s42,neuralprophet,frozen,selected,42,15,2025-04-21 01:00:00,2025-04-23 21:00:00,69,16.14,True,True,32.20706558227539,-6.329571287396307,25.877494294879085,24,96,0.1
core_neuralprophet_frozen_s42,neuralprophet,frozen,selected,42,15,2025-04-21 01:00:00,2025-04-23 22:00:00,70,17.44,True,True,32.246002197265625,-6.329571287396307,25.91643090986932,24,96,0.1
core_neuralprophet_frozen_s42,neuralprophet,frozen,selected,42,15,2025-04-21 01:00:00,2025-04-23 23:00:00,71,18.87,True,True,30.043323516845703,-6.329571287396307,23.713752229449398,24,96,0.1
core_neuralprophet_frozen_s42,neuralprophet,frozen,selected,42,15,2025-04-21 01:00:00,2025-04-24 00:00:00,72,19.77,True,True,35.19194030761719,-6.329571287396307,28.862369020220882,24,96,0.1
core_neuralprophet_frozen_s42,neuralprophet,frozen,selected,42,15,2025-04-21 01:00:00,2025-04-24 01:00:00,73,20.96,True,True,25.2252254486084,-6.329571287396307,18.895654161212093,24,96,0.1
core_neuralprophet_frozen_s42,neuralprophet,frozen,selected,42,15,2025-04-21 01:00:00,2025-04-24 02:00:00,74,22.45,True,True,22.47662734985352,-6.329571287396307,16.14705606245721,24,96,0.1
core_neuralprophet_frozen_s42,neuralprophet,frozen,selected,42,15,2025-04-21 01:00:00,2025-04-24 03:00:00,75,23.73,True,True,32.30307388305664,-6.329571287396307,25.973502595660335,24,96,0.1
core_neuralprophet_frozen_s42,neuralprophet,frozen,selected,42,15,2025-04-21 01:00:00,2025-04-24 04:00:00,76,23.97,True,True,24.31053733825684,-6.329571287396307,17.98096605086053,24,96,0.1
core_neuralprophet_frozen_s42,neuralprophet,frozen,selected,42,15,2025-04-21 01:00:00,2025-04-24 05:00:00,77,23.27,True,True,25.914281845092773,-6.329571287396307,19.584710557696468,24,96,0.1
core_neuralprophet_frozen_s42,neuralprophet,frozen,selected,42,15,2025-04-21 01:00:00,2025-04-24 06:00:00,78,23.54,True,True,21.75175666809082,-6.329571287396307,15.422185380694513,24,96,0.1
core_neuralprophet_frozen_s42,neuralprophet,frozen,selected,42,15,2025-04-21 01:00:00,2025-04-24 07:00:00,79,23.88,True,True,9.819413185119627,-6.329571287396307,3.48984189772332,24,96,0.1
core_neuralprophet_frozen_s42,neuralprophet,frozen,selected,42,15,2025-04-21 01:00:00,2025-04-24 08:00:00,80,22.37,True,True,9.733123779296877,-6.329571287396307,3.4035524919005695,24,96,0.1
core_neuralprophet_frozen_s42,neuralprophet,frozen,selected,42,15,2025-04-21 01:00:00,2025-04-24 09:00:00,81,20.55,True,True,2.517689943313598,-6.329571287396307,-3.811881344082709,24,96,0.1
core_neuralprophet_frozen_s42,neuralprophet,frozen,selected,42,15,2025-04-21 01:00:00,2025-04-24 10:00:00,82,21.51,True,True,8.845998764038086,-6.329571287396307,2.5164274766417787,24,96,0.1
core_neuralprophet_frozen_s42,neuralprophet,frozen,selected,42,15,2025-04-21 01:00:00,2025-04-24 11:00:00,83,24.91,True,True,15.705300331115724,-6.329571287396307,9.375729043719417,24,96,0.1
core_neuralprophet_frozen_s42,neuralprophet,frozen,selected,42,15,2025-04-21 01:00:00,2025-04-24 12:00:00,84,28.72,True,True,9.020828247070312,-6.329571287396307,2.6912569596740052,24,96,0.1
core_neuralprophet_frozen_s42,neuralprophet,frozen,selected,42,15,2025-04-21 01:00:00,2025-04-24 13:00:00,85,32.48,True,True,19.996761322021484,-6.329571287396307,13.667190034625177,24,96,0.1
core_neuralprophet_frozen_s42,neuralprophet,frozen,selected,42,15,2025-04-21 01:00:00,2025-04-24 14:00:00,86,36.22,True,True,9.882915496826172,-6.329571287396307,3.5533442094298646,24,96,0.1
core_neuralprophet_frozen_s42,neuralprophet,frozen,selected,42,15,2025-04-21 01:00:00,2025-04-24 15:00:00,87,39.18,True,True,27.174850463867188,-6.329571287396307,20.845279176470882,24,96,0.1
core_neuralprophet_frozen_s42,neuralprophet,frozen,selected,42,15,2025-04-21 01:00:00,2025-04-24 16:00:00,88,40.25,True,True,11.050085067749023,-6.329571287396307,4.720513780352716,24,96,0.1
core_neuralprophet_frozen_s42,neuralprophet,frozen,selected,42,15,2025-04-21 01:00:00,2025-04-24 17:00:00,89,40.51,True,True,23.44005584716797,-6.329571287396307,17.110484559771663,24,96,0.1
core_neuralprophet_frozen_s42,neuralprophet,frozen,selected,42,15,2025-04-21 01:00:00,2025-04-24 18:00:00,90,39.93,True,True,15.535576820373535,-6.329571287396307,9.206005532977228,24,96,0.1
core_neuralprophet_frozen_s42,neuralprophet,frozen,selected,42,15,2025-04-21 01:00:00,2025-04-24 19:00:00,91,36.7,True,True,33.9400520324707,-6.329571287396307,27.610480745074398,24,96,0.1
core_neuralprophet_frozen_s42,neuralprophet,frozen,selected,42,15,2025-04-21 01:00:00,2025-04-24 20:00:00,92,35.51,True,True,31.899219512939453,-6.329571287396307,25.569648225543148,24,96,0.1
core_neuralprophet_frozen_s42,neuralprophet,frozen,selected,42,15,2025-04-21 01:00:00,2025-04-24 21:00:00,93,34.73,True,True,36.444915771484375,-6.329571287396307,30.11534448408807,24,96,0.1
core_neuralprophet_frozen_s42,neuralprophet,frozen,selected,42,15,2025-04-21 01:00:00,2025-04-24 22:00:00,94,32.25,True,True,47.26872253417969,-6.329571287396307,40.93915124678338,24,96,0.1
core_neuralprophet_frozen_s42,neuralprophet,frozen,selected,42,15,2025-04-21 01:00:00,2025-04-24 23:00:00,95,29.59,True,True,46.49039840698242,-6.329571287396307,40.160827119586116,24,96,0.1
core_neuralprophet_frozen_s42,neuralprophet,frozen,selected,42,15,2025-04-21 01:00:00,2025-04-25 00:00:00,96,25.55,True,True,48.12971115112305,-6.329571287396307,41.80013986372674,24,96,0.1
core_neuralprophet_frozen_s42,neuralprophet,frozen,selected,42,15,2025-04-21 01:00:00,2025-04-25 01:00:00,97,20.18,True,True,37.35758972167969,-6.329571287396307,31.028018434283382,24,96,0.1
core_neuralprophet_frozen_s42,neuralprophet,frozen,selected,42,15,2025-04-21 01:00:00,2025-04-25 02:00:00,98,19.03,True,True,32.54840087890625,-6.329571287396307,26.218829591509945,24,96,0.1
core_neuralprophet_frozen_s42,neuralprophet,frozen,selected,42,15,2025-04-21 01:00:00,2025-04-25 03:00:00,99,19.71,True,True,33.63642120361328,-6.329571287396307,27.306849916216976,24,96,0.1
core_neuralprophet_frozen_s42,neuralprophet,frozen,selected,42,15,2025-04-21 01:00:00,2025-04-25 04:00:00,100,24.73,True,True,31.28011703491211,-6.329571287396307,24.950545747515804,24,96,0.1
core_neuralprophet_frozen_s42,neuralprophet,frozen,selected,42,15,2025-04-21 01:00:00,2025-04-25 05:00:00,101,34.24,True,True,25.3746280670166,-6.329571287396307,19.045056779620296,24,96,0.1
core_neuralprophet_frozen_s42,neuralprophet,frozen,selected,42,15,2025-04-21 01:00:00,2025-04-25 06:00:00,102,45.0,True,True,27.862323760986328,-6.329571287396307,21.532752473590023,24,96,0.1
core_neuralprophet_frozen_s42,neuralprophet,frozen,selected,42,15,2025-04-21 01:00:00,2025-04-25 07:00:00,103,58.64,True,True,18.684741973876957,-6.329571287396307,12.35517068648065,24,96,0.1
core_neuralprophet_frozen_s42,neuralprophet,frozen,selected,42,15,2025-04-21 01:00:00,2025-04-25 08:00:00,104,69.88,True,True,11.221709251403809,-6.329571287396307,4.892137964007501,24,96,0.1
core_neuralprophet_frozen_s42,neuralprophet,frozen,selected,42,15,2025-04-21 01:00:00,2025-04-25 09:00:00,105,79.71,True,True,23.28849601745605,-6.329571287396307,16.958924730059742,24,96,0.1
core_neuralprophet_frozen_s42,neuralprophet,frozen,selected,42,15,2025-04-21 01:00:00,2025-04-25 10:00:00,106,86.6,True,True,21.90506362915039,-6.329571287396307,15.575492341754083,24,96,0.1
core_neuralprophet_frozen_s42,neuralprophet,frozen,selected,42,15,2025-04-21 01:00:00,2025-04-25 11:00:00,107,92.47,True,True,21.3249626159668,-6.329571287396307,14.995391328570493,24,96,0.1
core_neuralprophet_frozen_s42,neuralprophet,frozen,selected,42,15,2025-04-21 01:00:00,2025-04-25 12:00:00,108,98.24,True,True,16.70469856262207,-6.329571287396307,10.375127275225763,24,96,0.1
core_neuralprophet_frozen_s42,neuralprophet,frozen,selected,42,15,2025-04-21 01:00:00,2025-04-25 13:00:00,109,102.83,True,True,32.35089874267578,-6.329571287396307,26.021327455279476,24,96,0.1
core_neuralprophet_frozen_s42,neuralprophet,frozen,selected,42,15,2025-04-21 01:00:00,2025-04-25 14:00:00,110,108.25,True,True,36.59088516235352,-6.329571287396307,30.261313874957217,24,96,0.1
core_neuralprophet_frozen_s42,neuralprophet,frozen,selected,42,15,2025-04-21 01:00:00,2025-04-25 15:00:00,111,112.22,True,True,32.166893005371094,-6.329571287396307,25.83732171797479,24,96,0.1
core_neuralprophet_frozen_s42,neuralprophet,frozen,selected,42,15,2025-04-21 01:00:00,2025-04-25 16:00:00,112,112.43,True,True,37.50406646728516,-6.329571287396307,31.174495179888858,24,96,0.1
core_neuralprophet_frozen_s42,neuralprophet,frozen,selected,42,15,2025-04-21 01:00:00,2025-04-25 17:00:00,113,112.5,True,True,51.64036178588867,-6.329571287396307,45.310790498492366,24,96,0.1
core_neuralprophet_frozen_s42,neuralprophet,frozen,selected,42,15,2025-04-21 01:00:00,2025-04-25 18:00:00,114,111.81,True,True,42.56364059448242,-6.329571287396307,36.234069307086116,24,96,0.1
core_neuralprophet_frozen_s42,neuralprophet,frozen,selected,42,15,2025-04-21 01:00:00,2025-04-25 19:00:00,115,109.75,True,True,42.03005599975586,-6.329571287396307,35.700484712359554,24,96,0.1
core_neuralprophet_frozen_s42,neuralprophet,frozen,selected,42,15,2025-04-21 01:00:00,2025-04-25 20:00:00,116,109.51,True,True,63.60770797729492,-6.329571287396307,57.278136689898616,24,96,0.1
core_neuralprophet_frozen_s42,neuralprophet,frozen,selected,42,15,2025-04-21 01:00:00,2025-04-25 21:00:00,117,110.95,True,True,51.060089111328125,-6.329571287396307,44.73051782393182,24,96,0.1
core_neuralprophet_frozen_s42,neuralprophet,frozen,selected,42,15,2025-04-21 01:00:00,2025-04-25 22:00:00,118,112.76,True,True,65.81745147705078,-6.329571287396307,59.487880189654476,24,96,0.1
core_neuralprophet_frozen_s42,neuralprophet,frozen,selected,42,15,2025-04-21 01:00:00,2025-04-25 23:00:00,119,115.79,True,True,69.80017852783203,-6.329571287396307,63.470607240435726,24,96,0.1
core_neuralprophet_frozen_s42,neuralprophet,frozen,selected,42,15,2025-04-21 01:00:00,2025-04-26 00:00:00,120,119.86,True,True,67.83465576171875,-6.329571287396307,61.505084474322445,24,96,0.1
core_neuralprophet_frozen_s42,neuralprophet,frozen,selected,42,15,2025-04-21 01:00:00,2025-04-26 01:00:00,121,124.41,True,True,67.12210083007812,-6.329571287396307,60.79252954268182,24,96,0.1
core_neuralprophet_frozen_s42,neuralprophet,frozen,selected,42,15,2025-04-21 01:00:00,2025-04-26 02:00:00,122,127.17,True,True,79.27830505371094,-6.329571287396307,72.94873376631463,24,96,0.1
core_neuralprophet_frozen_s42,neuralprophet,frozen,selected,42,15,2025-04-21 01:00:00,2025-04-26 03:00:00,123,133.66,True,True,78.79459381103516,-6.329571287396307,72.46502252363885,24,96,0.1
core_neuralprophet_frozen_s42,neuralprophet,frozen,selected,42,15,2025-04-21 01:00:00,2025-04-26 04:00:00,124,166.8,True,True,64.97838592529297,-6.329571287396307,58.64881463789666,24,96,0.1
core_neuralprophet_frozen_s42,neuralprophet,frozen,selected,42,15,2025-04-21 01:00:00,2025-04-26 05:00:00,125,178.22,True,True,73.62945556640625,-6.329571287396307,67.29988427900994,24,96,0.1
core_neuralprophet_frozen_s42,neuralprophet,frozen,selected,42,15,2025-04-21 01:00:00,2025-04-26 06:00:00,126,178.08,True,True,55.560001373291016,-6.329571287396307,49.23043008589471,24,96,0.1
core_neuralprophet_frozen_s42,neuralprophet,frozen,selected,42,15,2025-04-21 01:00:00,2025-04-26 07:00:00,127,175.59,True,True,50.453887939453125,-6.329571287396307,44.12431665205682,24,96,0.1
core_neuralprophet_frozen_s42,neuralprophet,frozen,selected,42,15,2025-04-21 01:00:00,2025-04-26 08:00:00,128,168.91,True,True,46.4852409362793,-6.329571287396307,40.15566964888299,24,96,0.1
core_neuralprophet_frozen_s42,neuralprophet,frozen,selected,42,15,2025-04-21 01:00:00,2025-04-26 09:00:00,129,161.74,True,True,43.66934967041016,-6.329571287396307,37.33977838301386,24,96,0.1
core_neuralprophet_frozen_s42,neuralprophet,frozen,selected,42,15,2025-04-21 01:00:00,2025-04-26 10:00:00,130,157.03,True,True,36.45467758178711,-6.329571287396307,30.125106294390804,24,96,0.1
core_neuralprophet_frozen_s42,neuralprophet,frozen,selected,42,15,2025-04-21 01:00:00,2025-04-26 11:00:00,131,154.07,True,True,42.1787338256836,-6.329571287396307,35.849162538287295,24,96,0.1
core_neuralprophet_frozen_s42,neuralprophet,frozen,selected,42,15,2025-04-21 01:00:00,2025-04-26 12:00:00,132,152.02,True,True,33.952999114990234,-6.329571287396307,27.62342782759393,24,96,0.1
core_neuralprophet_frozen_s42,neuralprophet,frozen,selected,42,15,2025-04-21 01:00:00,2025-04-26 13:00:00,133,149.22,True,True,42.4149055480957,-6.329571287396307,36.0853342606994,24,96,0.1
core_neuralprophet_frozen_s42,neuralprophet,frozen,selected,42,15,2025-04-21 01:00:00,2025-04-26 14:00:00,134,149.3,True,True,38.15517807006836,-6.329571287396307,31.825606782672054,24,96,0.1
core_neuralprophet_frozen_s42,neuralprophet,frozen,selected,42,15,2025-04-21 01:00:00,2025-04-26 15:00:00,135,149.61,True,True,43.55936813354492,-6.329571287396307,37.229796846148616,24,96,0.1
core_neuralprophet_frozen_s42,neuralprophet,frozen,selected,42,15,2025-04-21 01:00:00,2025-04-26 16:00:00,136,146.47,True,True,34.73046112060547,-6.329571287396307,28.400889833209163,24,96,0.1
core_neuralprophet_frozen_s42,neuralprophet,frozen,selected,42,15,2025-04-21 01:00:00,2025-04-26 17:00:00,137,143.18,True,True,43.79140090942383,-6.329571287396307,37.46182962202752,24,96,0.1
core_neuralprophet_frozen_s42,neuralprophet,frozen,selected,42,15,2025-04-21 01:00:00,2025-04-26 18:00:00,138,134.26,True,True,50.82466125488281,-6.329571287396307,44.49508996748651,24,96,0.1
core_neuralprophet_frozen_s42,neuralprophet,frozen,selected,42,15,2025-04-21 01:00:00,2025-04-26 19:00:00,139,79.93,True,True,47.1157455444336,-6.329571287396307,40.786174257037295,24,96,0.1
core_neuralprophet_frozen_s42,neuralprophet,frozen,selected,42,15,2025-04-21 01:00:00,2025-04-26 20:00:00,140,46.27,True,True,28.909225463867188,-6.329571287396307,22.579654176470882,24,96,0.1
core_neuralprophet_frozen_s42,neuralprophet,frozen,selected,42,15,2025-04-21 01:00:00,2025-04-26 21:00:00,141,20.42,True,True,35.46992874145508,-6.329571287396307,29.140357454058773,24,96,0.1
core_neuralprophet_frozen_s42,neuralprophet,frozen,selected,42,15,2025-04-21 01:00:00,2025-04-26 22:00:00,142,5.25,True,True,32.91831970214844,-6.329571287396307,26.588748414752132,24,96,0.1
core_neuralprophet_frozen_s42,neuralprophet,frozen,selected,42,15,2025-04-21 01:00:00,2025-04-26 23:00:00,143,2.39,True,True,30.92595863342285,-6.329571287396307,24.596387346026546,24,96,0.1
core_neuralprophet_frozen_s42,neuralprophet,frozen,selected,42,15,2025-04-21 01:00:00,2025-04-27 00:00:00,144,2.2,True,True,36.00986099243164,-6.329571287396307,29.680289705035335,24,96,0.1
core_neuralprophet_frozen_s42,neuralprophet,frozen,selected,42,15,2025-04-21 01:00:00,2025-04-27 01:00:00,145,2.1,True,True,17.79012680053711,-6.329571287396307,11.460555513140802,24,96,0.1
core_neuralprophet_frozen_s42,neuralprophet,frozen,selected,42,15,2025-04-21 01:00:00,2025-04-27 02:00:00,146,2.25,True,True,28.3501033782959,-6.329571287396307,22.020532090899593,24,96,0.1
core_neuralprophet_frozen_s42,neuralprophet,frozen,selected,42,15,2025-04-21 01:00:00,2025-04-27 03:00:00,147,2.86,True,True,23.97834205627441,-6.329571287396307,17.6487707688781,24,96,0.1
core_neuralprophet_frozen_s42,neuralprophet,frozen,selected,42,15,2025-04-21 01:00:00,2025-04-27 04:00:00,148,3.35,True,True,22.45965576171875,-6.329571287396307,16.130084474322445,24,96,0.1
core_neuralprophet_frozen_s42,neuralprophet,frozen,selected,42,15,2025-04-21 01:00:00,2025-04-27 05:00:00,149,4.37,True,True,20.72756004333496,-6.329571287396307,14.397988755938654,24,96,0.1
core_neuralprophet_frozen_s42,neuralprophet,frozen,selected,42,15,2025-04-21 01:00:00,2025-04-27 06:00:00,150,5.97,True,True,14.670787811279297,-6.329571287396307,8.34121652388299,24,96,0.1
core_neuralprophet_frozen_s42,neuralprophet,frozen,selected,42,15,2025-04-21 01:00:00,2025-04-27 07:00:00,151,7.69,True,True,10.256148338317873,-6.329571287396307,3.9265770509215656,24,96,0.1
core_neuralprophet_frozen_s42,neuralprophet,frozen,selected,42,15,2025-04-21 01:00:00,2025-04-27 08:00:00,152,9.47,True,True,-2.7757670879364014,-6.329571287396307,-9.105338375332709,24,96,0.1
core_neuralprophet_frozen_s42,neuralprophet,frozen,selected,42,15,2025-04-21 01:00:00,2025-04-27 09:00:00,153,11.38,True,True,-7.134284973144531,-6.329571287396307,-13.463856260540839,24,96,0.1
core_neuralprophet_frozen_s42,neuralprophet,frozen,selected,42,15,2025-04-21 01:00:00,2025-04-27 10:00:00,154,13.39,True,True,-8.422828674316406,-6.329571287396307,-14.752399961712714,24,96,0.1
core_neuralprophet_frozen_s42,neuralprophet,frozen,selected,42,15,2025-04-21 01:00:00,2025-04-27 11:00:00,155,15.17,True,True,-4.420802593231201,-6.329571287396307,-10.750373880627508,24,96,0.1
core_neuralprophet_frozen_s42,neuralprophet,frozen,selected,42,15,2025-04-21 01:00:00,2025-04-27 12:00:00,156,16.92,True,True,-6.539328098297119,-6.329571287396307,-12.868899385693426,24,96,0.1
core_neuralprophet_frozen_s42,neuralprophet,frozen,selected,42,15,2025-04-21 01:00:00,2025-04-27 13:00:00,157,18.5,True,True,-0.1497043967247009,-6.329571287396307,-6.479275684121008,24,96,0.1
core_neuralprophet_frozen_s42,neuralprophet,frozen,selected,42,15,2025-04-21 01:00:00,2025-04-27 14:00:00,158,20.36,True,True,-4.1078619956970215,-6.329571287396307,-10.437433283093329,24,96,0.1
core_neuralprophet_frozen_s42,neuralprophet,frozen,selected,42,15,2025-04-21 01:00:00,2025-04-27 15:00:00,159,22.2,True,True,-11.449705123901367,-6.329571287396307,-17.779276411297673,24,96,0.1
core_neuralprophet_frozen_s42,neuralprophet,frozen,selected,42,15,2025-04-21 01:00:00,2025-04-27 16:00:00,160,23.19,True,True,2.462622165679932,-6.329571287396307,-3.866949121716375,24,96,0.1
core_neuralprophet_frozen_s42,neuralprophet,frozen,selected,42,15,2025-04-21 01:00:00,2025-04-27 17:00:00,161,24.22,True,True,17.684246063232422,-6.329571287396307,11.354674775836115,24,96,0.1
core_neuralprophet_frozen_s42,neuralprophet,frozen,selected,42,15,2025-04-21 01:00:00,2025-04-27 18:00:00,162,25.79,True,True,9.51477336883545,-6.329571287396307,3.185202081439142,24,96,0.1
core_neuralprophet_frozen_s42,neuralprophet,frozen,selected,42,15,2025-04-21 01:00:00,2025-04-27 19:00:00,163,27.7,True,True,19.95422744750977,-6.329571287396307,13.624656160113462,24,96,0.1
core_neuralprophet_frozen_s42,neuralprophet,frozen,selected,42,15,2025-04-21 01:00:00,2025-04-27 20:00:00,164,29.08,True,True,22.24964714050293,-6.329571287396307,15.920075853106622,24,96,0.1
core_neuralprophet_frozen_s42,neuralprophet,frozen,selected,42,15,2025-04-21 01:00:00,2025-04-27 21:00:00,165,28.78,True,True,37.32551574707031,-6.329571287396307,30.995944459674007,24,96,0.1
core_neuralprophet_frozen_s42,neuralprophet,frozen,selected,42,15,2025-04-21 01:00:00,2025-04-27 22:00:00,166,26.49,True,True,20.506547927856445,-6.329571287396307,14.176976640460138,24,96,0.1
core_neuralprophet_frozen_s42,neuralprophet,frozen,selected,42,15,2025-04-21 01:00:00,2025-04-27 23:00:00,167,23.45,True,True,37.56404495239258,-6.329571287396307,31.234473664996273,24,96,0.1
core_neuralprophet_frozen_s42,neuralprophet,frozen,selected,42,15,2025-04-21 01:00:00,2025-04-28 00:00:00,168,21.53,True,True,36.204383850097656,-6.329571287396307,29.87481256270135,24,96,0.1
core_neuralprophet_frozen_s42,neuralprophet,frozen,selected,42,16,2025-04-28 01:00:00,2025-04-28 01:00:00,1,22.19,True,True,26.32400131225586,-3.3804861746154167,22.943515137640443,0,0,0.1
core_neuralprophet_frozen_s42,neuralprophet,frozen,selected,42,16,2025-04-28 01:00:00,2025-04-28 02:00:00,2,26.54,True,True,34.709503173828125,-3.3804861746154167,31.32901699921271,0,0,0.1
core_neuralprophet_frozen_s42,neuralprophet,frozen,selected,42,16,2025-04-28 01:00:00,2025-04-28 03:00:00,3,35.48,True,True,44.62177276611328,-3.3804861746154167,41.24128659149787,0,0,0.1
core_neuralprophet_frozen_s42,neuralprophet,frozen,selected,42,16,2025-04-28 01:00:00,2025-04-28 04:00:00,4,30.33,True,True,28.42808151245117,-3.3804861746154167,25.04759533783575,0,0,0.1
core_neuralprophet_frozen_s42,neuralprophet,frozen,selected,42,16,2025-04-28 01:00:00,2025-04-28 05:00:00,5,36.13,True,True,38.40080642700195,-3.3804861746154167,35.02032025238654,0,0,0.1
core_neuralprophet_frozen_s42,neuralprophet,frozen,selected,42,16,2025-04-28 01:00:00,2025-04-28 06:00:00,6,47.26,True,True,32.87895202636719,-3.3804861746154167,29.49846585175177,0,0,0.1
core_neuralprophet_frozen_s42,neuralprophet,frozen,selected,42,16,2025-04-28 01:00:00,2025-04-28 07:00:00,7,58.62,True,True,34.0194091796875,-3.3804861746154167,30.638923005072083,0,0,0.1
core_neuralprophet_frozen_s42,neuralprophet,frozen,selected,42,16,2025-04-28 01:00:00,2025-04-28 08:00:00,8,67.43,True,True,41.96411895751953,-3.3804861746154167,38.58363278290412,0,0,0.1
core_neuralprophet_frozen_s42,neuralprophet,frozen,selected,42,16,2025-04-28 01:00:00,2025-04-28 09:00:00,9,72.08,True,True,23.788707733154297,-3.3804861746154167,20.40822155853888,0,0,0.1
core_neuralprophet_frozen_s42,neuralprophet,frozen,selected,42,16,2025-04-28 01:00:00,2025-04-28 10:00:00,10,74.14,True,True,21.925466537475582,-3.3804861746154167,18.544980362860166,0,0,0.1
core_neuralprophet_frozen_s42,neuralprophet,frozen,selected,42,16,2025-04-28 01:00:00,2025-04-28 11:00:00,11,75.93,True,True,25.48138427734375,-3.3804861746154167,22.100898102728333,0,0,0.1
core_neuralprophet_frozen_s42,neuralprophet,frozen,selected,42,16,2025-04-28 01:00:00,2025-04-28 12:00:00,12,76.86,True,True,21.57139015197754,-3.3804861746154167,18.190903977362122,0,0,0.1
core_neuralprophet_frozen_s42,neuralprophet,frozen,selected,42,16,2025-04-28 01:00:00,2025-04-28 13:00:00,13,76.48,True,True,29.262523651123047,-3.3804861746154167,25.88203747650763,0,0,0.1
core_neuralprophet_frozen_s42,neuralprophet,frozen,selected,42,16,2025-04-28 01:00:00,2025-04-28 14:00:00,14,76.49,True,True,27.85430908203125,-3.3804861746154167,24.473822907415833,0,0,0.1
core_neuralprophet_frozen_s42,neuralprophet,frozen,selected,42,16,2025-04-28 01:00:00,2025-04-28 15:00:00,15,74.55,True,True,27.39089775085449,-3.3804861746154167,24.010411576239072,0,0,0.1
core_neuralprophet_frozen_s42,neuralprophet,frozen,selected,42,16,2025-04-28 01:00:00,2025-04-28 16:00:00,16,67.96,True,True,25.493896484375,-3.3804861746154167,22.113410309759583,0,0,0.1
core_neuralprophet_frozen_s42,neuralprophet,frozen,selected,42,16,2025-04-28 01:00:00,2025-04-28 17:00:00,17,60.95,True,True,31.24955368041992,-3.3804861746154167,27.8690675058045,0,0,0.1
core_neuralprophet_frozen_s42,neuralprophet,frozen,selected,42,16,2025-04-28 01:00:00,2025-04-28 18:00:00,18,56.13,True,True,26.02082061767578,-3.3804861746154167,22.640334443060365,0,0,0.1
core_neuralprophet_frozen_s42,neuralprophet,frozen,selected,42,16,2025-04-28 01:00:00,2025-04-28 19:00:00,19,54.39,True,True,20.251266479492188,-3.3804861746154167,16.87078030487677,0,0,0.1
core_neuralprophet_frozen_s42,neuralprophet,frozen,selected,42,16,2025-04-28 01:00:00,2025-04-28 20:00:00,20,55.22,True,True,8.990099906921387,-3.3804861746154167,5.60961373230597,0,0,0.1
core_neuralprophet_frozen_s42,neuralprophet,frozen,selected,42,16,2025-04-28 01:00:00,2025-04-28 21:00:00,21,57.62,True,True,25.448835372924805,-3.3804861746154167,22.068349198309388,0,0,0.1
core_neuralprophet_frozen_s42,neuralprophet,frozen,selected,42,16,2025-04-28 01:00:00,2025-04-28 22:00:00,22,60.3,True,True,17.423250198364258,-3.3804861746154167,14.042764023748841,0,0,0.1
core_neuralprophet_frozen_s42,neuralprophet,frozen,selected,42,16,2025-04-28 01:00:00,2025-04-28 23:00:00,23,62.71,True,True,21.1965389251709,-3.3804861746154167,17.81605275055548,0,0,0.1
core_neuralprophet_frozen_s42,neuralprophet,frozen,selected,42,16,2025-04-28 01:00:00,2025-04-29 00:00:00,24,64.32,True,True,20.6801815032959,-3.3804861746154167,17.29969532868048,0,0,0.1
core_neuralprophet_frozen_s42,neuralprophet,frozen,selected,42,16,2025-04-28 01:00:00,2025-04-29 01:00:00,25,64.31,True,True,14.532050132751465,-3.3804861746154167,11.151563958136048,0,0,0.1
core_neuralprophet_frozen_s42,neuralprophet,frozen,selected,42,16,2025-04-28 01:00:00,2025-04-29 02:00:00,26,65.02,True,True,3.844801664352417,-3.3804861746154167,0.4643154897370003,0,0,0.1
core_neuralprophet_frozen_s42,neuralprophet,frozen,selected,42,16,2025-04-28 01:00:00,2025-04-29 03:00:00,27,67.37,True,True,4.963801383972168,-3.3804861746154167,1.5833152093567513,0,0,0.1
core_neuralprophet_frozen_s42,neuralprophet,frozen,selected,42,16,2025-04-28 01:00:00,2025-04-29 04:00:00,28,55.43,True,True,7.1531596183776855,-3.3804861746154167,3.772673443762269,0,0,0.1
core_neuralprophet_frozen_s42,neuralprophet,frozen,selected,42,16,2025-04-28 01:00:00,2025-04-29 05:00:00,29,35.4,True,True,-7.906014442443848,-3.3804861746154167,-11.286500617059264,0,0,0.1
core_neuralprophet_frozen_s42,neuralprophet,frozen,selected,42,16,2025-04-28 01:00:00,2025-04-29 06:00:00,30,23.89,True,True,-14.585359573364258,-3.3804861746154167,-17.965845747979674,0,0,0.1
core_neuralprophet_frozen_s42,neuralprophet,frozen,selected,42,16,2025-04-28 01:00:00,2025-04-29 07:00:00,31,17.38,True,True,-28.62372589111328,-3.3804861746154167,-32.004212065728694,0,0,0.1
core_neuralprophet_frozen_s42,neuralprophet,frozen,selected,42,16,2025-04-28 01:00:00,2025-04-29 08:00:00,32,16.68,True,True,-25.935476303100582,-3.3804861746154167,-29.315962477716,0,0,0.1
core_neuralprophet_frozen_s42,neuralprophet,frozen,selected,42,16,2025-04-28 01:00:00,2025-04-29 09:00:00,33,16.48,True,True,-38.055965423583984,-3.3804861746154167,-41.4364515981994,0,0,0.1
core_neuralprophet_frozen_s42,neuralprophet,frozen,selected,42,16,2025-04-28 01:00:00,2025-04-29 10:00:00,34,16.57,True,True,-34.98146057128906,-3.3804861746154167,-38.361946745904476,0,0,0.1
core_neuralprophet_frozen_s42,neuralprophet,frozen,selected,42,16,2025-04-28 01:00:00,2025-04-29 11:00:00,35,17.29,True,True,-33.51294708251953,-3.3804861746154167,-36.893433257134944,0,0,0.1
core_neuralprophet_frozen_s42,neuralprophet,frozen,selected,42,16,2025-04-28 01:00:00,2025-04-29 12:00:00,36,18.41,True,True,-37.42208480834961,-3.3804861746154167,-40.80257098296502,0,0,0.1
core_neuralprophet_frozen_s42,neuralprophet,frozen,selected,42,16,2025-04-28 01:00:00,2025-04-29 13:00:00,37,19.63,True,True,-27.70978736877441,-3.3804861746154167,-31.090273543389827,0,0,0.1
core_neuralprophet_frozen_s42,neuralprophet,frozen,selected,42,16,2025-04-28 01:00:00,2025-04-29 14:00:00,38,21.47,True,True,-32.259788513183594,-3.3804861746154167,-35.64027468779901,0,0,0.1
core_neuralprophet_frozen_s42,neuralprophet,frozen,selected,42,16,2025-04-28 01:00:00,2025-04-29 15:00:00,39,23.16,True,True,-17.488569259643555,-3.3804861746154167,-20.86905543425897,0,0,0.1
core_neuralprophet_frozen_s42,neuralprophet,frozen,selected,42,16,2025-04-28 01:00:00,2025-04-29 16:00:00,40,24.08,True,True,-14.876253128051758,-3.3804861746154167,-18.256739302667174,0,0,0.1
core_neuralprophet_frozen_s42,neuralprophet,frozen,selected,42,16,2025-04-28 01:00:00,2025-04-29 17:00:00,41,25.21,True,True,-8.09665584564209,-3.3804861746154167,-11.477142020257507,0,0,0.1
core_neuralprophet_frozen_s42,neuralprophet,frozen,selected,42,16,2025-04-28 01:00:00,2025-04-29 18:00:00,42,26.58,True,True,-16.357471466064453,-3.3804861746154167,-19.73795764067987,0,0,0.1
core_neuralprophet_frozen_s42,neuralprophet,frozen,selected,42,16,2025-04-28 01:00:00,2025-04-29 19:00:00,43,28.12,True,True,-6.949556827545166,-3.3804861746154167,-10.330043002160583,0,0,0.1
core_neuralprophet_frozen_s42,neuralprophet,frozen,selected,42,16,2025-04-28 01:00:00,2025-04-29 20:00:00,44,30.63,True,True,5.461147308349609,-3.3804861746154167,2.0806611337341927,0,0,0.1
core_neuralprophet_frozen_s42,neuralprophet,frozen,selected,42,16,2025-04-28 01:00:00,2025-04-29 21:00:00,45,34.63,True,True,5.0047783851623535,-3.3804861746154167,1.6242922105469368,0,0,0.1
core_neuralprophet_frozen_s42,neuralprophet,frozen,selected,42,16,2025-04-28 01:00:00,2025-04-29 22:00:00,46,44.43,True,True,13.70091724395752,-3.3804861746154167,10.320431069342103,0,0,0.1
core_neuralprophet_frozen_s42,neuralprophet,frozen,selected,42,16,2025-04-28 01:00:00,2025-04-29 23:00:00,47,50.92,True,True,21.743106842041016,-3.3804861746154167,18.3626206674256,0,0,0.1
core_neuralprophet_frozen_s42,neuralprophet,frozen,selected,42,16,2025-04-28 01:00:00,2025-04-30 00:00:00,48,54.0,True,True,23.921342849731445,-3.3804861746154167,20.54085667511603,0,0,0.1
core_neuralprophet_frozen_s42,neuralprophet,frozen,selected,42,16,2025-04-28 01:00:00,2025-04-30 01:00:00,49,58.78,True,True,23.34193992614746,-3.3804861746154167,19.961453751532044,0,0,0.1
core_neuralprophet_frozen_s42,neuralprophet,frozen,selected,42,16,2025-04-28 01:00:00,2025-04-30 02:00:00,50,59.43,True,True,24.95667839050293,-3.3804861746154167,21.576192215887513,0,0,0.1
core_neuralprophet_frozen_s42,neuralprophet,frozen,selected,42,16,2025-04-28 01:00:00,2025-04-30 03:00:00,51,59.05,True,True,34.17485046386719,-3.3804861746154167,30.79436428925177,0,0,0.1
core_neuralprophet_frozen_s42,neuralprophet,frozen,selected,42,16,2025-04-28 01:00:00,2025-04-30 04:00:00,52,44.67,True,True,22.150814056396484,-3.3804861746154167,18.770327881781068,0,0,0.1
core_neuralprophet_frozen_s42,neuralprophet,frozen,selected,42,16,2025-04-28 01:00:00,2025-04-30 05:00:00,53,41.78,True,True,22.394550323486328,-3.3804861746154167,19.01406414887091,0,0,0.1
core_neuralprophet_frozen_s42,neuralprophet,frozen,selected,42,16,2025-04-28 01:00:00,2025-04-30 06:00:00,54,41.48,True,True,28.683612823486328,-3.3804861746154167,25.30312664887091,0,0,0.1
core_neuralprophet_frozen_s42,neuralprophet,frozen,selected,42,16,2025-04-28 01:00:00,2025-04-30 07:00:00,55,38.05,True,True,23.2536678314209,-3.3804861746154167,19.87318165680548,0,0,0.1
core_neuralprophet_frozen_s42,neuralprophet,frozen,selected,42,16,2025-04-28 01:00:00,2025-04-30 08:00:00,56,31.35,True,True,27.011568069458008,-3.3804861746154167,23.63108189484259,0,0,0.1
core_neuralprophet_frozen_s42,neuralprophet,frozen,selected,42,16,2025-04-28 01:00:00,2025-04-30 09:00:00,57,22.48,True,True,25.145809173583984,-3.3804861746154167,21.765322998968568,0,0,0.1
core_neuralprophet_frozen_s42,neuralprophet,frozen,selected,42,16,2025-04-28 01:00:00,2025-04-30 10:00:00,58,16.3,True,True,24.179935455322266,-3.3804861746154167,20.79944928070685,0,0,0.1
core_neuralprophet_frozen_s42,neuralprophet,frozen,selected,42,16,2025-04-28 01:00:00,2025-04-30 11:00:00,59,15.64,True,True,32.366493225097656,-3.3804861746154167,28.98600705048224,0,0,0.1
core_neuralprophet_frozen_s42,neuralprophet,frozen,selected,42,16,2025-04-28 01:00:00,2025-04-30 12:00:00,60,17.16,True,True,37.2432746887207,-3.3804861746154167,33.86278851410529,0,0,0.1
core_neuralprophet_frozen_s42,neuralprophet,frozen,selected,42,16,2025-04-28 01:00:00,2025-04-30 13:00:00,61,19.88,True,True,48.545555114746094,-3.3804861746154167,45.16506894013068,0,0,0.1
core_neuralprophet_frozen_s42,neuralprophet,frozen,selected,42,16,2025-04-28 01:00:00,2025-04-30 14:00:00,62,22.64,True,True,51.294708251953125,-3.3804861746154167,47.91422207733771,0,0,0.1
core_neuralprophet_frozen_s42,neuralprophet,frozen,selected,42,16,2025-04-28 01:00:00,2025-04-30 15:00:00,63,24.2,True,True,60.4432258605957,-3.3804861746154167,57.06273968598029,0,0,0.1
core_neuralprophet_frozen_s42,neuralprophet,frozen,selected,42,16,2025-04-28 01:00:00,2025-04-30 16:00:00,64,23.42,True,True,54.16513442993164,-3.3804861746154167,50.78464825531623,0,0,0.1
core_neuralprophet_frozen_s42,neuralprophet,frozen,selected,42,16,2025-04-28 01:00:00,2025-04-30 17:00:00,65,22.61,True,True,61.581092834472656,-3.3804861746154167,58.20060665985724,0,0,0.1
core_neuralprophet_frozen_s42,neuralprophet,frozen,selected,42,16,2025-04-28 01:00:00,2025-04-30 18:00:00,66,22.06,True,True,56.420989990234375,-3.3804861746154167,53.04050381561896,0,0,0.1
core_neuralprophet_frozen_s42,neuralprophet,frozen,selected,42,16,2025-04-28 01:00:00,2025-04-30 19:00:00,67,21.33,True,True,56.35559844970703,-3.3804861746154167,52.97511227509162,0,0,0.1
core_neuralprophet_frozen_s42,neuralprophet,frozen,selected,42,16,2025-04-28 01:00:00,2025-04-30 20:00:00,68,20.74,True,True,44.132957458496094,-3.3804861746154167,40.75247128388068,0,0,0.1
core_neuralprophet_frozen_s42,neuralprophet,frozen,selected,42,16,2025-04-28 01:00:00,2025-04-30 21:00:00,69,20.1,True,True,53.73704528808594,-3.3804861746154167,50.356559113470524,0,0,0.1
core_neuralprophet_frozen_s42,neuralprophet,frozen,selected,42,16,2025-04-28 01:00:00,2025-04-30 22:00:00,70,18.95,True,True,48.2078971862793,-3.3804861746154167,44.827411011663884,0,0,0.1
core_neuralprophet_frozen_s42,neuralprophet,frozen,selected,42,16,2025-04-28 01:00:00,2025-04-30 23:00:00,71,18.27,True,True,51.21127700805664,-3.3804861746154167,47.83079083344123,0,0,0.1
core_neuralprophet_frozen_s42,neuralprophet,frozen,selected,42,16,2025-04-28 01:00:00,2025-05-01 00:00:00,72,18.18,True,True,54.86903762817383,-3.3804861746154167,51.488551453558415,0,0,0.1
core_neuralprophet_frozen_s42,neuralprophet,frozen,selected,42,16,2025-04-28 01:00:00,2025-05-01 01:00:00,73,15.54,True,True,40.18075180053711,-3.3804861746154167,36.800265625921696,0,0,0.1
core_neuralprophet_frozen_s42,neuralprophet,frozen,selected,42,16,2025-04-28 01:00:00,2025-05-01 02:00:00,74,16.06,True,True,36.36912536621094,-3.3804861746154167,32.988639191595524,0,0,0.1
core_neuralprophet_frozen_s42,neuralprophet,frozen,selected,42,16,2025-04-28 01:00:00,2025-05-01 03:00:00,75,17.33,True,True,27.53804016113281,-3.3804861746154167,24.157553986517392,0,0,0.1
core_neuralprophet_frozen_s42,neuralprophet,frozen,selected,42,16,2025-04-28 01:00:00,2025-05-01 04:00:00,76,14.04,True,True,28.63612174987793,-3.3804861746154167,25.255635575262513,0,0,0.1
core_neuralprophet_frozen_s42,neuralprophet,frozen,selected,42,16,2025-04-28 01:00:00,2025-05-01 05:00:00,77,14.73,True,True,28.510746002197266,-3.3804861746154167,25.13025982758185,0,0,0.1
core_neuralprophet_frozen_s42,neuralprophet,frozen,selected,42,16,2025-04-28 01:00:00,2025-05-01 06:00:00,78,16.17,True,True,23.0606632232666,-3.3804861746154167,19.680177048651185,0,0,0.1
core_neuralprophet_frozen_s42,neuralprophet,frozen,selected,42,16,2025-04-28 01:00:00,2025-05-01 07:00:00,79,17.55,True,True,21.88449478149414,-3.3804861746154167,18.504008606878724,0,0,0.1
core_neuralprophet_frozen_s42,neuralprophet,frozen,selected,42,16,2025-04-28 01:00:00,2025-05-01 08:00:00,80,18.82,True,True,15.472043991088867,-3.3804861746154167,12.09155781647345,0,0,0.1
core_neuralprophet_frozen_s42,neuralprophet,frozen,selected,42,16,2025-04-28 01:00:00,2025-05-01 09:00:00,81,19.62,True,True,4.385430812835693,-3.3804861746154167,1.0049446382202767,0,0,0.1
core_neuralprophet_frozen_s42,neuralprophet,frozen,selected,42,16,2025-04-28 01:00:00,2025-05-01 10:00:00,82,20.58,True,True,-5.159285545349121,-3.3804861746154167,-8.539771719964538,0,0,0.1
core_neuralprophet_frozen_s42,neuralprophet,frozen,selected,42,16,2025-04-28 01:00:00,2025-05-01 11:00:00,83,21.79,True,True,-0.8561329245567322,-3.3804861746154167,-4.236619099172149,0,0,0.1
core_neuralprophet_frozen_s42,neuralprophet,frozen,selected,42,16,2025-04-28 01:00:00,2025-05-01 12:00:00,84,22.77,True,True,-7.848429679870605,-3.3804861746154167,-11.228915854486022,0,0,0.1
core_neuralprophet_frozen_s42,neuralprophet,frozen,selected,42,16,2025-04-28 01:00:00,2025-05-01 13:00:00,85,23.46,True,True,1.3926645517349243,-3.3804861746154167,-1.9878216228804924,0,0,0.1
core_neuralprophet_frozen_s42,neuralprophet,frozen,selected,42,16,2025-04-28 01:00:00,2025-05-01 14:00:00,86,24.92,True,True,0.1023743152618408,-3.3804861746154167,-3.278111859353576,0,0,0.1
core_neuralprophet_frozen_s42,neuralprophet,frozen,selected,42,16,2025-04-28 01:00:00,2025-05-01 15:00:00,87,27.03,True,True,4.66613245010376,-3.3804861746154167,1.285646275488343,0,0,0.1
core_neuralprophet_frozen_s42,neuralprophet,frozen,selected,42,16,2025-04-28 01:00:00,2025-05-01 16:00:00,88,28.78,True,True,-7.147692680358887,-3.3804861746154167,-10.528178854974303,0,0,0.1
core_neuralprophet_frozen_s42,neuralprophet,frozen,selected,42,16,2025-04-28 01:00:00,2025-05-01 17:00:00,89,31.18,True,True,3.6547152996063232,-3.3804861746154167,0.27422912499090657,0,0,0.1
core_neuralprophet_frozen_s42,neuralprophet,frozen,selected,42,16,2025-04-28 01:00:00,2025-05-01 18:00:00,90,34.31,True,True,5.596468925476074,-3.3804861746154167,2.2159827508606575,0,0,0.1
core_neuralprophet_frozen_s42,neuralprophet,frozen,selected,42,16,2025-04-28 01:00:00,2025-05-01 19:00:00,91,37.34,True,True,0.458506315946579,-3.3804861746154167,-2.9219798586688377,0,0,0.1
core_neuralprophet_frozen_s42,neuralprophet,frozen,selected,42,16,2025-04-28 01:00:00,2025-05-01 20:00:00,92,40.61,True,True,9.226788520812988,-3.3804861746154167,5.846302346197572,0,0,0.1
core_neuralprophet_frozen_s42,neuralprophet,frozen,selected,42,16,2025-04-28 01:00:00,2025-05-01 21:00:00,93,43.76,True,True,4.7347822189331055,-3.3804861746154167,1.3542960443176888,0,0,0.1
core_neuralprophet_frozen_s42,neuralprophet,frozen,selected,42,16,2025-04-28 01:00:00,2025-05-01 22:00:00,94,45.48,True,True,15.963502883911133,-3.3804861746154167,12.583016709295716,0,0,0.1
core_neuralprophet_frozen_s42,neuralprophet,frozen,selected,42,16,2025-04-28 01:00:00,2025-05-01 23:00:00,95,46.39,True,True,15.320021629333496,-3.3804861746154167,11.93953545471808,0,0,0.1
core_neuralprophet_frozen_s42,neuralprophet,frozen,selected,42,16,2025-04-28 01:00:00,2025-05-02 00:00:00,96,46.55,True,True,20.336013793945312,-3.3804861746154167,16.955527619329896,0,0,0.1
core_neuralprophet_frozen_s42,neuralprophet,frozen,selected,42,16,2025-04-28 01:00:00,2025-05-02 01:00:00,97,46.72,True,True,19.128570556640625,-3.3804861746154167,15.748084382025208,0,0,0.1
core_neuralprophet_frozen_s42,neuralprophet,frozen,selected,42,16,2025-04-28 01:00:00,2025-05-02 02:00:00,98,0.0,True,True,24.13032341003418,-3.3804861746154167,20.749837235418763,0,0,0.1
core_neuralprophet_frozen_s42,neuralprophet,frozen,selected,42,16,2025-04-28 01:00:00,2025-05-02 03:00:00,99,48.42,True,True,15.927482604980469,-3.3804861746154167,12.546996430365052,0,0,0.1
core_neuralprophet_frozen_s42,neuralprophet,frozen,selected,42,16,2025-04-28 01:00:00,2025-05-02 04:00:00,100,51.74,True,True,6.761983394622803,-3.3804861746154167,3.381497220007386,0,0,0.1
core_neuralprophet_frozen_s42,neuralprophet,frozen,selected,42,16,2025-04-28 01:00:00,2025-05-02 05:00:00,101,49.36,True,True,14.144217491149902,-3.3804861746154167,10.763731316534486,0,0,0.1
core_neuralprophet_frozen_s42,neuralprophet,frozen,selected,42,16,2025-04-28 01:00:00,2025-05-02 06:00:00,102,48.76,True,True,15.218690872192385,-3.3804861746154167,11.838204697576968,0,0,0.1
core_neuralprophet_frozen_s42,neuralprophet,frozen,selected,42,16,2025-04-28 01:00:00,2025-05-02 07:00:00,103,47.14,True,True,22.340755462646484,-3.3804861746154167,18.960269288031068,0,0,0.1
core_neuralprophet_frozen_s42,neuralprophet,frozen,selected,42,16,2025-04-28 01:00:00,2025-05-02 08:00:00,104,44.02,True,True,15.857815742492676,-3.3804861746154167,12.477329567877259,0,0,0.1
core_neuralprophet_frozen_s42,neuralprophet,frozen,selected,42,16,2025-04-28 01:00:00,2025-05-02 09:00:00,105,39.1,True,True,9.354738235473633,-3.3804861746154167,5.974252060858216,0,0,0.1
core_neuralprophet_frozen_s42,neuralprophet,frozen,selected,42,16,2025-04-28 01:00:00,2025-05-02 10:00:00,106,32.99,True,True,15.346476554870604,-3.3804861746154167,11.965990380255187,0,0,0.1
core_neuralprophet_frozen_s42,neuralprophet,frozen,selected,42,16,2025-04-28 01:00:00,2025-05-02 11:00:00,107,28.2,True,True,15.048125267028809,-3.3804861746154167,11.667639092413392,0,0,0.1
core_neuralprophet_frozen_s42,neuralprophet,frozen,selected,42,16,2025-04-28 01:00:00,2025-05-02 12:00:00,108,24.65,True,True,8.36653995513916,-3.3804861746154167,4.9860537805237435,0,0,0.1
core_neuralprophet_frozen_s42,neuralprophet,frozen,selected,42,16,2025-04-28 01:00:00,2025-05-02 13:00:00,109,24.45,True,True,23.3629207611084,-3.3804861746154167,19.98243458649298,0,0,0.1
core_neuralprophet_frozen_s42,neuralprophet,frozen,selected,42,16,2025-04-28 01:00:00,2025-05-02 14:00:00,110,27.36,True,True,34.72041320800781,-3.3804861746154167,31.339927033392396,0,0,0.1
core_neuralprophet_frozen_s42,neuralprophet,frozen,selected,42,16,2025-04-28 01:00:00,2025-05-02 15:00:00,111,30.12,True,True,42.45029830932617,-3.3804861746154167,39.06981213471076,0,0,0.1
core_neuralprophet_frozen_s42,neuralprophet,frozen,selected,42,16,2025-04-28 01:00:00,2025-05-02 16:00:00,112,30.93,True,True,49.67350006103516,-3.3804861746154167,46.29301388641974,0,0,0.1
core_neuralprophet_frozen_s42,neuralprophet,frozen,selected,42,16,2025-04-28 01:00:00,2025-05-02 17:00:00,113,30.3,True,True,46.1776237487793,-3.3804861746154167,42.797137574163884,0,0,0.1
core_neuralprophet_frozen_s42,neuralprophet,frozen,selected,42,16,2025-04-28 01:00:00,2025-05-02 18:00:00,114,27.63,True,True,47.19830703735352,-3.3804861746154167,43.8178208627381,0,0,0.1
core_neuralprophet_frozen_s42,neuralprophet,frozen,selected,42,16,2025-04-28 01:00:00,2025-05-02 19:00:00,115,17.99,True,True,38.102638244628906,-3.3804861746154167,34.72215207001349,0,0,0.1
core_neuralprophet_frozen_s42,neuralprophet,frozen,selected,42,16,2025-04-28 01:00:00,2025-05-02 20:00:00,116,11.01,True,True,31.507970809936523,-3.3804861746154167,28.127484635321107,0,0,0.1
core_neuralprophet_frozen_s42,neuralprophet,frozen,selected,42,16,2025-04-28 01:00:00,2025-05-02 21:00:00,117,6.61,True,True,42.011817932128906,-3.3804861746154167,38.63133175751349,0,0,0.1
core_neuralprophet_frozen_s42,neuralprophet,frozen,selected,42,16,2025-04-28 01:00:00,2025-05-02 22:00:00,118,3.89,True,True,37.84675979614258,-3.3804861746154167,34.466273621527165,0,0,0.1
core_neuralprophet_frozen_s42,neuralprophet,frozen,selected,42,16,2025-04-28 01:00:00,2025-05-02 23:00:00,119,2.54,True,True,43.66291809082031,-3.3804861746154167,40.2824319162049,0,0,0.1
core_neuralprophet_frozen_s42,neuralprophet,frozen,selected,42,16,2025-04-28 01:00:00,2025-05-03 00:00:00,120,2.17,True,True,44.554500579833984,-3.3804861746154167,41.17401440521857,0,0,0.1
core_neuralprophet_frozen_s42,neuralprophet,frozen,selected,42,16,2025-04-28 01:00:00,2025-05-03 01:00:00,121,2.0,True,True,36.09926223754883,-3.3804861746154167,32.718776062933415,0,0,0.1
core_neuralprophet_frozen_s42,neuralprophet,frozen,selected,42,16,2025-04-28 01:00:00,2025-05-03 02:00:00,122,2.24,True,True,38.4773063659668,-3.3804861746154167,35.096820191351384,0,0,0.1
core_neuralprophet_frozen_s42,neuralprophet,frozen,selected,42,16,2025-04-28 01:00:00,2025-05-03 03:00:00,123,2.62,True,True,38.83625411987305,-3.3804861746154167,35.455767945257634,0,0,0.1
core_neuralprophet_frozen_s42,neuralprophet,frozen,selected,42,16,2025-04-28 01:00:00,2025-05-03 04:00:00,124,2.58,True,True,45.01822280883789,-3.3804861746154167,41.63773663422248,0,0,0.1
core_neuralprophet_frozen_s42,neuralprophet,frozen,selected,42,16,2025-04-28 01:00:00,2025-05-03 05:00:00,125,2.88,True,True,44.90789413452149,-3.3804861746154167,41.52740795990607,0,0,0.1
core_neuralprophet_frozen_s42,neuralprophet,frozen,selected,42,16,2025-04-28 01:00:00,2025-05-03 06:00:00,126,3.4,True,True,46.61981201171875,-3.3804861746154167,43.23932583710334,0,0,0.1
core_neuralprophet_frozen_s42,neuralprophet,frozen,selected,42,16,2025-04-28 01:00:00,2025-05-03 07:00:00,127,4.03,True,True,38.87264251708984,-3.3804861746154167,35.492156342474416,0,0,0.1
core_neuralprophet_frozen_s42,neuralprophet,frozen,selected,42,16,2025-04-28 01:00:00,2025-05-03 08:00:00,128,4.63,True,True,33.56031036376953,-3.3804861746154167,30.179824189154115,0,0,0.1
core_neuralprophet_frozen_s42,neuralprophet,frozen,selected,42,16,2025-04-28 01:00:00,2025-05-03 09:00:00,129,5.09,True,True,26.98415756225586,-3.3804861746154167,23.603671387640443,0,0,0.1
core_neuralprophet_frozen_s42,neuralprophet,frozen,selected,42,16,2025-04-28 01:00:00,2025-05-03 10:00:00,130,5.84,True,True,20.598047256469727,-3.3804861746154167,17.21756108185431,0,0,0.1
core_neuralprophet_frozen_s42,neuralprophet,frozen,selected,42,16,2025-04-28 01:00:00,2025-05-03 11:00:00,131,6.81,True,True,10.394583702087402,-3.3804861746154167,7.014097527471986,0,0,0.1
core_neuralprophet_frozen_s42,neuralprophet,frozen,selected,42,16,2025-04-28 01:00:00,2025-05-03 12:00:00,132,7.64,True,True,26.09158706665039,-3.3804861746154167,22.711100892034974,0,0,0.1
core_neuralprophet_frozen_s42,neuralprophet,frozen,selected,42,16,2025-04-28 01:00:00,2025-05-03 13:00:00,133,8.22,True,True,21.179607391357425,-3.3804861746154167,17.79912121674201,0,0,0.1
core_neuralprophet_frozen_s42,neuralprophet,frozen,selected,42,16,2025-04-28 01:00:00,2025-05-03 14:00:00,134,8.82,True,True,17.54564094543457,-3.3804861746154167,14.165154770819154,0,0,0.1
core_neuralprophet_frozen_s42,neuralprophet,frozen,selected,42,16,2025-04-28 01:00:00,2025-05-03 15:00:00,135,9.35,True,True,18.41887664794922,-3.3804861746154167,15.038390473333802,0,0,0.1
core_neuralprophet_frozen_s42,neuralprophet,frozen,selected,42,16,2025-04-28 01:00:00,2025-05-03 16:00:00,136,10.24,True,True,16.553302764892578,-3.3804861746154167,13.172816590277161,0,0,0.1
core_neuralprophet_frozen_s42,neuralprophet,frozen,selected,42,16,2025-04-28 01:00:00,2025-05-03 17:00:00,137,11.59,True,True,17.678163528442383,-3.3804861746154167,14.297677353826966,0,0,0.1
core_neuralprophet_frozen_s42,neuralprophet,frozen,selected,42,16,2025-04-28 01:00:00,2025-05-03 18:00:00,138,13.29,True,True,10.272047996520996,-3.3804861746154167,6.891561821905579,0,0,0.1
core_neuralprophet_frozen_s42,neuralprophet,frozen,selected,42,16,2025-04-28 01:00:00,2025-05-03 19:00:00,139,15.0,True,True,1.5877439975738523,-3.3804861746154167,-1.7927421770415644,0,0,0.1
core_neuralprophet_frozen_s42,neuralprophet,frozen,selected,42,16,2025-04-28 01:00:00,2025-05-03 20:00:00,140,16.66,True,True,11.611796379089355,-3.3804861746154167,8.231310204473939,0,0,0.1
core_neuralprophet_frozen_s42,neuralprophet,frozen,selected,42,16,2025-04-28 01:00:00,2025-05-03 21:00:00,141,18.3,True,True,5.40812873840332,-3.3804861746154167,2.0276425637879036,0,0,0.1
core_neuralprophet_frozen_s42,neuralprophet,frozen,selected,42,16,2025-04-28 01:00:00,2025-05-03 22:00:00,142,19.67,True,True,5.118982315063477,-3.3804861746154167,1.73849614044806,0,0,0.1
core_neuralprophet_frozen_s42,neuralprophet,frozen,selected,42,16,2025-04-28 01:00:00,2025-05-03 23:00:00,143,21.67,True,True,11.601152420043944,-3.3804861746154167,8.220666245428527,0,0,0.1
core_neuralprophet_frozen_s42,neuralprophet,frozen,selected,42,16,2025-04-28 01:00:00,2025-05-04 00:00:00,144,24.7,True,True,4.886290550231934,-3.3804861746154167,1.505804375616517,0,0,0.1
core_neuralprophet_frozen_s42,neuralprophet,frozen,selected,42,16,2025-04-28 01:00:00,2025-05-04 01:00:00,145,29.81,True,True,3.006827116012573,-3.3804861746154167,-0.3736590586028439,0,0,0.1
core_neuralprophet_frozen_s42,neuralprophet,frozen,selected,42,16,2025-04-28 01:00:00,2025-05-04 02:00:00,146,33.82,True,True,-0.5219252705574036,-3.3804861746154167,-3.9024114451728202,0,0,0.1
core_neuralprophet_frozen_s42,neuralprophet,frozen,selected,42,16,2025-04-28 01:00:00,2025-05-04 03:00:00,147,39.67,True,True,-2.2323226928710938,-3.3804861746154167,-5.61280886748651,0,0,0.1
core_neuralprophet_frozen_s42,neuralprophet,frozen,selected,42,16,2025-04-28 01:00:00,2025-05-04 04:00:00,148,37.33,True,True,-4.314920425415039,-3.3804861746154167,-7.695406600030456,0,0,0.1
core_neuralprophet_frozen_s42,neuralprophet,frozen,selected,42,16,2025-04-28 01:00:00,2025-05-04 05:00:00,149,33.02,True,True,-2.1105880737304688,-3.3804861746154167,-5.491074248345885,0,0,0.1
core_neuralprophet_frozen_s42,neuralprophet,frozen,selected,42,16,2025-04-28 01:00:00,2025-05-04 06:00:00,150,29.74,True,True,-6.489048004150391,-3.3804861746154167,-9.869534178765807,0,0,0.1
core_neuralprophet_frozen_s42,neuralprophet,frozen,selected,42,16,2025-04-28 01:00:00,2025-05-04 07:00:00,151,27.35,True,True,-4.254150867462158,-3.3804861746154167,-7.634637042077575,0,0,0.1
core_neuralprophet_frozen_s42,neuralprophet,frozen,selected,42,16,2025-04-28 01:00:00,2025-05-04 08:00:00,152,26.13,True,True,-4.86703634262085,-3.3804861746154167,-8.247522517236266,0,0,0.1
core_neuralprophet_frozen_s42,neuralprophet,frozen,selected,42,16,2025-04-28 01:00:00,2025-05-04 09:00:00,153,25.65,True,True,-10.81342601776123,-3.3804861746154167,-14.193912192376647,0,0,0.1
core_neuralprophet_frozen_s42,neuralprophet,frozen,selected,42,16,2025-04-28 01:00:00,2025-05-04 10:00:00,154,26.59,True,True,-15.482572555541992,-3.3804861746154167,-18.86305873015741,0,0,0.1
core_neuralprophet_frozen_s42,neuralprophet,frozen,selected,42,16,2025-04-28 01:00:00,2025-05-04 11:00:00,155,28.79,True,True,-13.56175708770752,-3.3804861746154167,-16.942243262322936,0,0,0.1
core_neuralprophet_frozen_s42,neuralprophet,frozen,selected,42,16,2025-04-28 01:00:00,2025-05-04 12:00:00,156,31.73,True,True,-12.006001472473145,-3.3804861746154167,-15.386487647088561,0,0,0.1
core_neuralprophet_frozen_s42,neuralprophet,frozen,selected,42,16,2025-04-28 01:00:00,2025-05-04 13:00:00,157,35.63,True,True,-3.4826576709747314,-3.3804861746154167,-6.863143845590148,0,0,0.1
core_neuralprophet_frozen_s42,neuralprophet,frozen,selected,42,16,2025-04-28 01:00:00,2025-05-04 14:00:00,158,39.99,True,True,-0.9623642563819884,-3.3804861746154167,-4.342850430997405,0,0,0.1
core_neuralprophet_frozen_s42,neuralprophet,frozen,selected,42,16,2025-04-28 01:00:00,2025-05-04 15:00:00,159,44.42,True,True,3.828445672988892,-3.3804861746154167,0.4479594983734754,0,0,0.1
core_neuralprophet_frozen_s42,neuralprophet,frozen,selected,42,16,2025-04-28 01:00:00,2025-05-04 16:00:00,160,47.44,True,True,-0.9601451754570008,-3.3804861746154167,-4.340631350072417,0,0,0.1
core_neuralprophet_frozen_s42,neuralprophet,frozen,selected,42,16,2025-04-28 01:00:00,2025-05-04 17:00:00,161,50.61,True,True,7.961447715759277,-3.3804861746154167,4.580961541143861,0,0,0.1
core_neuralprophet_frozen_s42,neuralprophet,frozen,selected,42,16,2025-04-28 01:00:00,2025-05-04 18:00:00,162,54.85,True,True,8.043304443359375,-3.3804861746154167,4.662818268743958,0,0,0.1
core_neuralprophet_frozen_s42,neuralprophet,frozen,selected,42,16,2025-04-28 01:00:00,2025-05-04 19:00:00,163,60.67,True,True,20.99137115478516,-3.3804861746154167,17.610884980169743,0,0,0.1
core_neuralprophet_frozen_s42,neuralprophet,frozen,selected,42,16,2025-04-28 01:00:00,2025-05-04 20:00:00,164,66.99,True,True,19.35672187805176,-3.3804861746154167,15.976235703436345,0,0,0.1
core_neuralprophet_frozen_s42,neuralprophet,frozen,selected,42,16,2025-04-28 01:00:00,2025-05-04 21:00:00,165,71.97,True,True,27.75700569152832,-3.3804861746154167,24.376519516912904,0,0,0.1
core_neuralprophet_frozen_s42,neuralprophet,frozen,selected,42,16,2025-04-28 01:00:00,2025-05-04 22:00:00,166,75.63,True,True,29.273576736450195,-3.3804861746154167,25.89309056183478,0,0,0.1
core_neuralprophet_frozen_s42,neuralprophet,frozen,selected,42,16,2025-04-28 01:00:00,2025-05-04 23:00:00,167,79.47,True,True,32.950767517089844,-3.3804861746154167,29.570281342474427,0,0,0.1
core_neuralprophet_frozen_s42,neuralprophet,frozen,selected,42,16,2025-04-28 01:00:00,2025-05-05 00:00:00,168,82.81,True,True,39.71220016479492,-3.3804861746154167,36.33171399017951,0,0,0.1
core_neuralprophet_frozen_s42,neuralprophet,frozen,selected,42,17,2025-05-05 01:00:00,2025-05-05 01:00:00,1,86.7,True,True,69.80120849609375,-1.53725021944526,68.2639582766485,0,0,0.1
core_neuralprophet_frozen_s42,neuralprophet,frozen,selected,42,17,2025-05-05 01:00:00,2025-05-05 02:00:00,2,87.26,True,True,73.0841293334961,-1.53725021944526,71.54687911405084,0,0,0.1
core_neuralprophet_frozen_s42,neuralprophet,frozen,selected,42,17,2025-05-05 01:00:00,2025-05-05 03:00:00,3,87.02,True,True,62.88050842285156,-1.53725021944526,61.3432582034063,0,0,0.1
core_neuralprophet_frozen_s42,neuralprophet,frozen,selected,42,17,2025-05-05 01:00:00,2025-05-05 04:00:00,4,90.26,True,True,62.169803619384766,-1.53725021944526,60.6325533999395,0,0,0.1
core_neuralprophet_frozen_s42,neuralprophet,frozen,selected,42,17,2025-05-05 01:00:00,2025-05-05 05:00:00,5,85.26,True,True,47.02237701416016,-1.53725021944526,45.4851267947149,0,0,0.1
core_neuralprophet_frozen_s42,neuralprophet,frozen,selected,42,17,2025-05-05 01:00:00,2025-05-05 06:00:00,6,72.32,True,True,43.96846008300781,-1.53725021944526,42.43120986356255,0,0,0.1
core_neuralprophet_frozen_s42,neuralprophet,frozen,selected,42,17,2025-05-05 01:00:00,2025-05-05 07:00:00,7,63.44,True,True,34.76913070678711,-1.53725021944526,33.23188048734185,0,0,0.1
core_neuralprophet_frozen_s42,neuralprophet,frozen,selected,42,17,2025-05-05 01:00:00,2025-05-05 08:00:00,8,62.04,True,True,38.57301712036133,-1.53725021944526,37.035766900916066,0,0,0.1
core_neuralprophet_frozen_s42,neuralprophet,frozen,selected,42,17,2025-05-05 01:00:00,2025-05-05 09:00:00,9,65.73,True,True,30.97058868408203,-1.53725021944526,29.433338464636773,0,0,0.1
core_neuralprophet_frozen_s42,neuralprophet,frozen,selected,42,17,2025-05-05 01:00:00,2025-05-05 10:00:00,10,69.24,True,True,26.858230590820312,-1.53725021944526,25.320980371375054,0,0,0.1
core_neuralprophet_frozen_s42,neuralprophet,frozen,selected,42,17,2025-05-05 01:00:00,2025-05-05 11:00:00,11,69.96,True,True,19.58784294128418,-1.53725021944526,18.05059272183892,0,0,0.1
core_neuralprophet_frozen_s42,neuralprophet,frozen,selected,42,17,2025-05-05 01:00:00,2025-05-05 12:00:00,12,65.56,True,True,13.329395294189451,-1.53725021944526,11.792145074744191,0,0,0.1
core_neuralprophet_frozen_s42,neuralprophet,frozen,selected,42,17,2025-05-05 01:00:00,2025-05-05 13:00:00,13,56.87,True,True,18.066349029541016,-1.53725021944526,16.529098810095757,0,0,0.1
core_neuralprophet_frozen_s42,neuralprophet,frozen,selected,42,17,2025-05-05 01:00:00,2025-05-05 14:00:00,14,49.75,True,True,16.315135955810547,-1.53725021944526,14.777885736365286,0,0,0.1
core_neuralprophet_frozen_s42,neuralprophet,frozen,selected,42,17,2025-05-05 01:00:00,2025-05-05 15:00:00,15,45.13,True,True,24.92487144470215,-1.53725021944526,23.38762122525689,0,0,0.1
core_neuralprophet_frozen_s42,neuralprophet,frozen,selected,42,17,2025-05-05 01:00:00,2025-05-05 16:00:00,16,46.25,True,True,22.5809383392334,-1.53725021944526,21.04368811978814,0,0,0.1
core_neuralprophet_frozen_s42,neuralprophet,frozen,selected,42,17,2025-05-05 01:00:00,2025-05-05 17:00:00,17,53.46,True,True,37.13345718383789,-1.53725021944526,35.59620696439263,0,0,0.1
core_neuralprophet_frozen_s42,neuralprophet,frozen,selected,42,17,2025-05-05 01:00:00,2025-05-05 18:00:00,18,61.41,True,True,52.1533432006836,-1.53725021944526,50.61609298123834,0,0,0.1
core_neuralprophet_frozen_s42,neuralprophet,frozen,selected,42,17,2025-05-05 01:00:00,2025-05-05 19:00:00,19,62.97,True,True,49.11295700073242,-1.53725021944526,47.57570678128716,0,0,0.1
core_neuralprophet_frozen_s42,neuralprophet,frozen,selected,42,17,2025-05-05 01:00:00,2025-05-05 20:00:00,20,58.23,True,True,50.79811477661133,-1.53725021944526,49.260864557166066,0,0,0.1
core_neuralprophet_frozen_s42,neuralprophet,frozen,selected,42,17,2025-05-05 01:00:00,2025-05-05 21:00:00,21,50.07,True,True,44.67133712768555,-1.53725021944526,43.134086908240285,0,0,0.1
core_neuralprophet_frozen_s42,neuralprophet,frozen,selected,42,17,2025-05-05 01:00:00,2025-05-05 22:00:00,22,40.34,True,True,44.81007385253906,-1.53725021944526,43.2728236330938,0,0,0.1
core_neuralprophet_frozen_s42,neuralprophet,frozen,selected,42,17,2025-05-05 01:00:00,2025-05-05 23:00:00,23,31.01,True,True,39.58383941650391,-1.53725021944526,38.04658919705865,0,0,0.1
core_neuralprophet_frozen_s42,neuralprophet,frozen,selected,42,17,2025-05-05 01:00:00,2025-05-06 00:00:00,24,24.56,True,True,46.13439178466797,-1.53725021944526,44.59714156522271,0,0,0.1
core_neuralprophet_frozen_s42,neuralprophet,frozen,selected,42,17,2025-05-05 01:00:00,2025-05-06 01:00:00,25,19.25,True,True,26.67257308959961,-1.53725021944526,25.13532287015435,0,0,0.1
core_neuralprophet_frozen_s42,neuralprophet,frozen,selected,42,17,2025-05-05 01:00:00,2025-05-06 02:00:00,26,16.0,True,True,25.751379013061523,-1.53725021944526,24.214128793616265,0,0,0.1
core_neuralprophet_frozen_s42,neuralprophet,frozen,selected,42,17,2025-05-05 01:00:00,2025-05-06 03:00:00,27,15.46,True,True,22.57459831237793,-1.53725021944526,21.03734809293267,0,0,0.1
core_neuralprophet_frozen_s42,neuralprophet,frozen,selected,42,17,2025-05-05 01:00:00,2025-05-06 04:00:00,28,15.81,True,True,24.82980728149414,-1.53725021944526,23.292557062048882,0,0,0.1
core_neuralprophet_frozen_s42,neuralprophet,frozen,selected,42,17,2025-05-05 01:00:00,2025-05-06 05:00:00,29,18.46,True,True,27.98737525939941,-1.53725021944526,26.450125039954152,0,0,0.1
core_neuralprophet_frozen_s42,neuralprophet,frozen,selected,42,17,2025-05-05 01:00:00,2025-05-06 06:00:00,30,22.91,True,True,18.0603084564209,-1.53725021944526,16.52305823697564,0,0,0.1
core_neuralprophet_frozen_s42,neuralprophet,frozen,selected,42,17,2025-05-05 01:00:00,2025-05-06 07:00:00,31,26.75,True,True,23.848051071166992,-1.53725021944526,22.310800851721734,0,0,0.1
core_neuralprophet_frozen_s42,neuralprophet,frozen,selected,42,17,2025-05-05 01:00:00,2025-05-06 08:00:00,32,29.39,True,True,15.743005752563477,-1.53725021944526,14.205755533118216,0,0,0.1
core_neuralprophet_frozen_s42,neuralprophet,frozen,selected,42,17,2025-05-05 01:00:00,2025-05-06 09:00:00,33,30.24,True,True,10.190966606140137,-1.53725021944526,8.653716386694876,0,0,0.1
core_neuralprophet_frozen_s42,neuralprophet,frozen,selected,42,17,2025-05-05 01:00:00,2025-05-06 10:00:00,34,32.33,True,True,4.69644021987915,-1.53725021944526,3.1591900004338904,0,0,0.1
core_neuralprophet_frozen_s42,neuralprophet,frozen,selected,42,17,2025-05-05 01:00:00,2025-05-06 11:00:00,35,35.97,True,True,19.1319522857666,-1.53725021944526,17.594702066321343,0,0,0.1
core_neuralprophet_frozen_s42,neuralprophet,frozen,selected,42,17,2025-05-05 01:00:00,2025-05-06 12:00:00,36,39.82,True,True,5.956022262573242,-1.53725021944526,4.418772043127982,0,0,0.1
core_neuralprophet_frozen_s42,neuralprophet,frozen,selected,42,17,2025-05-05 01:00:00,2025-05-06 13:00:00,37,43.29,True,True,12.358672142028809,-1.53725021944526,10.821421922583548,0,0,0.1
core_neuralprophet_frozen_s42,neuralprophet,frozen,selected,42,17,2025-05-05 01:00:00,2025-05-06 14:00:00,38,46.76,True,True,13.448202133178713,-1.53725021944526,11.910951913733452,0,0,0.1
core_neuralprophet_frozen_s42,neuralprophet,frozen,selected,42,17,2025-05-05 01:00:00,2025-05-06 15:00:00,39,49.47,True,True,19.69001579284668,-1.53725021944526,18.15276557340142,0,0,0.1
core_neuralprophet_frozen_s42,neuralprophet,frozen,selected,42,17,2025-05-05 01:00:00,2025-05-06 16:00:00,40,51.03,True,True,13.552902221679688,-1.53725021944526,12.015652002234427,0,0,0.1
core_neuralprophet_frozen_s42,neuralprophet,frozen,selected,42,17,2025-05-05 01:00:00,2025-05-06 17:00:00,41,53.03,True,True,19.87405014038086,-1.53725021944526,18.3367999209356,0,0,0.1
core_neuralprophet_frozen_s42,neuralprophet,frozen,selected,42,17,2025-05-05 01:00:00,2025-05-06 18:00:00,42,54.62,True,True,15.731026649475098,-1.53725021944526,14.193776430029837,0,0,0.1
core_neuralprophet_frozen_s42,neuralprophet,frozen,selected,42,17,2025-05-05 01:00:00,2025-05-06 19:00:00,43,55.62,True,True,21.554386138916016,-1.53725021944526,20.017135919470757,0,0,0.1
core_neuralprophet_frozen_s42,neuralprophet,frozen,selected,42,17,2025-05-05 01:00:00,2025-05-06 20:00:00,44,56.59,True,True,16.68229103088379,-1.53725021944526,15.145040811438529,0,0,0.1
core_neuralprophet_frozen_s42,neuralprophet,frozen,selected,42,17,2025-05-05 01:00:00,2025-05-06 21:00:00,45,57.52,True,True,31.482820510864254,-1.53725021944526,29.945570291418996,0,0,0.1
core_neuralprophet_frozen_s42,neuralprophet,frozen,selected,42,17,2025-05-05 01:00:00,2025-05-06 22:00:00,46,58.06,True,True,38.653995513916016,-1.53725021944526,37.11674529447075,0,0,0.1
core_neuralprophet_frozen_s42,neuralprophet,frozen,selected,42,17,2025-05-05 01:00:00,2025-05-06 23:00:00,47,59.13,True,True,31.98097801208496,-1.53725021944526,30.443727792639702,0,0,0.1
core_neuralprophet_frozen_s42,neuralprophet,frozen,selected,42,17,2025-05-05 01:00:00,2025-05-07 00:00:00,48,62.21,True,True,33.27110290527344,-1.53725021944526,31.73385268582818,0,0,0.1
core_neuralprophet_frozen_s42,neuralprophet,frozen,selected,42,17,2025-05-05 01:00:00,2025-05-07 01:00:00,49,70.07,True,True,27.61799049377441,-1.53725021944526,26.080740274329152,0,0,0.1
core_neuralprophet_frozen_s42,neuralprophet,frozen,selected,42,17,2025-05-05 01:00:00,2025-05-07 02:00:00,50,78.1,True,True,30.943321228027344,-1.53725021944526,29.406071008582085,0,0,0.1
core_neuralprophet_frozen_s42,neuralprophet,frozen,selected,42,17,2025-05-05 01:00:00,2025-05-07 03:00:00,51,90.32,True,True,32.705284118652344,-1.53725021944526,31.168033899207085,0,0,0.1
core_neuralprophet_frozen_s42,neuralprophet,frozen,selected,42,17,2025-05-05 01:00:00,2025-05-07 04:00:00,52,94.67,True,True,36.79430770874024,-1.53725021944526,35.25705748929498,0,0,0.1
core_neuralprophet_frozen_s42,neuralprophet,frozen,selected,42,17,2025-05-05 01:00:00,2025-05-07 05:00:00,53,93.01,True,True,23.939897537231445,-1.53725021944526,22.402647317786187,0,0,0.1
core_neuralprophet_frozen_s42,neuralprophet,frozen,selected,42,17,2025-05-05 01:00:00,2025-05-07 06:00:00,54,97.38,True,True,20.187854766845703,-1.53725021944526,18.650604547400444,0,0,0.1
core_neuralprophet_frozen_s42,neuralprophet,frozen,selected,42,17,2025-05-05 01:00:00,2025-05-07 07:00:00,55,106.46,True,True,21.3604679107666,-1.53725021944526,19.823217691321343,0,0,0.1
core_neuralprophet_frozen_s42,neuralprophet,frozen,selected,42,17,2025-05-05 01:00:00,2025-05-07 08:00:00,56,117.34,True,True,13.04616641998291,-1.53725021944526,11.50891620053765,0,0,0.1
core_neuralprophet_frozen_s42,neuralprophet,frozen,selected,42,17,2025-05-05 01:00:00,2025-05-07 09:00:00,57,122.16,True,True,13.534255981445312,-1.53725021944526,11.997005762000052,0,0,0.1
core_neuralprophet_frozen_s42,neuralprophet,frozen,selected,42,17,2025-05-05 01:00:00,2025-05-07 10:00:00,58,123.5,True,True,-2.698667049407959,-1.53725021944526,-4.235917268853219,0,0,0.1
core_neuralprophet_frozen_s42,neuralprophet,frozen,selected,42,17,2025-05-05 01:00:00,2025-05-07 11:00:00,59,124.59,True,True,13.044954299926758,-1.53725021944526,11.507704080481497,0,0,0.1
core_neuralprophet_frozen_s42,neuralprophet,frozen,selected,42,17,2025-05-05 01:00:00,2025-05-07 12:00:00,60,125.09,True,True,6.471059322357178,-1.53725021944526,4.933809102911917,0,0,0.1
core_neuralprophet_frozen_s42,neuralprophet,frozen,selected,42,17,2025-05-05 01:00:00,2025-05-07 13:00:00,61,122.36,True,True,9.57700252532959,-1.53725021944526,8.03975230588433,0,0,0.1
core_neuralprophet_frozen_s42,neuralprophet,frozen,selected,42,17,2025-05-05 01:00:00,2025-05-07 14:00:00,62,117.8,True,True,11.076324462890623,-1.53725021944526,9.539074243445363,0,0,0.1
core_neuralprophet_frozen_s42,neuralprophet,frozen,selected,42,17,2025-05-05 01:00:00,2025-05-07 15:00:00,63,109.39,True,True,10.345032691955566,-1.53725021944526,8.807782472510306,0,0,0.1
core_neuralprophet_frozen_s42,neuralprophet,frozen,selected,42,17,2025-05-05 01:00:00,2025-05-07 16:00:00,64,97.03,True,True,2.407020330429077,-1.53725021944526,0.8697701109838172,0,0,0.1
core_neuralprophet_frozen_s42,neuralprophet,frozen,selected,42,17,2025-05-05 01:00:00,2025-05-07 17:00:00,65,87.12,True,True,8.873923301696777,-1.53725021944526,7.336673082251517,0,0,0.1
core_neuralprophet_frozen_s42,neuralprophet,frozen,selected,42,17,2025-05-05 01:00:00,2025-05-07 18:00:00,66,81.19,True,True,12.96149444580078,-1.53725021944526,11.424244226355519,0,0,0.1
core_neuralprophet_frozen_s42,neuralprophet,frozen,selected,42,17,2025-05-05 01:00:00,2025-05-07 19:00:00,67,79.57,True,True,8.533469200134277,-1.53725021944526,6.996218980689017,0,0,0.1
core_neuralprophet_frozen_s42,neuralprophet,frozen,selected,42,17,2025-05-05 01:00:00,2025-05-07 20:00:00,68,81.32,True,True,25.27934837341309,-1.53725021944526,23.74209815396783,0,0,0.1
core_neuralprophet_frozen_s42,neuralprophet,frozen,selected,42,17,2025-05-05 01:00:00,2025-05-07 21:00:00,69,85.07,True,True,18.044713973999023,-1.53725021944526,16.507463754553765,0,0,0.1
core_neuralprophet_frozen_s42,neuralprophet,frozen,selected,42,17,2025-05-05 01:00:00,2025-05-07 22:00:00,70,90.21,True,True,24.612031936645508,-1.53725021944526,23.07478171720025,0,0,0.1
core_neuralprophet_frozen_s42,neuralprophet,frozen,selected,42,17,2025-05-05 01:00:00,2025-05-07 23:00:00,71,96.66,True,True,25.47807502746582,-1.53725021944526,23.94082480802056,0,0,0.1
core_neuralprophet_frozen_s42,neuralprophet,frozen,selected,42,17,2025-05-05 01:00:00,2025-05-08 00:00:00,72,105.36,True,True,28.19839096069336,-1.53725021944526,26.6611407412481,0,0,0.1
core_neuralprophet_frozen_s42,neuralprophet,frozen,selected,42,17,2025-05-05 01:00:00,2025-05-08 01:00:00,73,119.21,True,True,23.04093742370605,-1.53725021944526,21.503687204260792,0,0,0.1
core_neuralprophet_frozen_s42,neuralprophet,frozen,selected,42,17,2025-05-05 01:00:00,2025-05-08 02:00:00,74,129.66,True,True,22.839000701904297,-1.53725021944526,21.30175048245904,0,0,0.1
core_neuralprophet_frozen_s42,neuralprophet,frozen,selected,42,17,2025-05-05 01:00:00,2025-05-08 03:00:00,75,142.78,True,True,19.401424407958984,-1.53725021944526,17.864174188513726,0,0,0.1
core_neuralprophet_frozen_s42,neuralprophet,frozen,selected,42,17,2025-05-05 01:00:00,2025-05-08 04:00:00,76,161.52,True,True,18.056549072265625,-1.53725021944526,16.519298852820366,0,0,0.1
core_neuralprophet_frozen_s42,neuralprophet,frozen,selected,42,17,2025-05-05 01:00:00,2025-05-08 05:00:00,77,168.76,True,True,26.09175109863281,-1.53725021944526,24.55450087918755,0,0,0.1
core_neuralprophet_frozen_s42,neuralprophet,frozen,selected,42,17,2025-05-05 01:00:00,2025-05-08 06:00:00,78,165.94,True,True,35.217193603515625,-1.53725021944526,33.67994338407036,0,0,0.1
core_neuralprophet_frozen_s42,neuralprophet,frozen,selected,42,17,2025-05-05 01:00:00,2025-05-08 07:00:00,79,157.53,True,True,29.421951293945312,-1.53725021944526,27.884701074500054,0,0,0.1
core_neuralprophet_frozen_s42,neuralprophet,frozen,selected,42,17,2025-05-05 01:00:00,2025-05-08 08:00:00,80,145.81,True,True,23.814661026000977,-1.53725021944526,22.277410806555718,0,0,0.1
core_neuralprophet_frozen_s42,neuralprophet,frozen,selected,42,17,2025-05-05 01:00:00,2025-05-08 09:00:00,81,133.18,True,True,23.24826431274414,-1.53725021944526,21.711014093298882,0,0,0.1
core_neuralprophet_frozen_s42,neuralprophet,frozen,selected,42,17,2025-05-05 01:00:00,2025-05-08 10:00:00,82,128.88,True,True,18.96625518798828,-1.53725021944526,17.429004968543023,0,0,0.1
core_neuralprophet_frozen_s42,neuralprophet,frozen,selected,42,17,2025-05-05 01:00:00,2025-05-08 11:00:00,83,132.37,True,True,36.31178665161133,-1.53725021944526,34.774536432166066,0,0,0.1
core_neuralprophet_frozen_s42,neuralprophet,frozen,selected,42,17,2025-05-05 01:00:00,2025-05-08 12:00:00,84,137.92,True,True,32.07241439819336,-1.53725021944526,30.5351641787481,0,0,0.1
core_neuralprophet_frozen_s42,neuralprophet,frozen,selected,42,17,2025-05-05 01:00:00,2025-05-08 13:00:00,85,139.78,True,True,34.14664077758789,-1.53725021944526,32.60939055814263,0,0,0.1
core_neuralprophet_frozen_s42,neuralprophet,frozen,selected,42,17,2025-05-05 01:00:00,2025-05-08 14:00:00,86,141.48,True,True,34.46648406982422,-1.53725021944526,32.92923385037896,0,0,0.1
core_neuralprophet_frozen_s42,neuralprophet,frozen,selected,42,17,2025-05-05 01:00:00,2025-05-08 15:00:00,87,143.23,True,True,28.89744758605957,-1.53725021944526,27.36019736661431,0,0,0.1
core_neuralprophet_frozen_s42,neuralprophet,frozen,selected,42,17,2025-05-05 01:00:00,2025-05-08 16:00:00,88,143.8,True,True,23.843950271606445,-1.53725021944526,22.306700052161187,0,0,0.1
core_neuralprophet_frozen_s42,neuralprophet,frozen,selected,42,17,2025-05-05 01:00:00,2025-05-08 17:00:00,89,140.46,True,True,45.09856414794922,-1.53725021944526,43.56131392850396,0,0,0.1
core_neuralprophet_frozen_s42,neuralprophet,frozen,selected,42,17,2025-05-05 01:00:00,2025-05-08 18:00:00,90,131.19,True,True,34.68809127807617,-1.53725021944526,33.15084105863091,0,0,0.1
core_neuralprophet_frozen_s42,neuralprophet,frozen,selected,42,17,2025-05-05 01:00:00,2025-05-08 19:00:00,91,116.65,True,True,38.39242172241211,-1.53725021944526,36.85517150296685,0,0,0.1
core_neuralprophet_frozen_s42,neuralprophet,frozen,selected,42,17,2025-05-05 01:00:00,2025-05-08 20:00:00,92,104.79,True,True,37.8482780456543,-1.53725021944526,36.311027826209035,0,0,0.1
core_neuralprophet_frozen_s42,neuralprophet,frozen,selected,42,17,2025-05-05 01:00:00,2025-05-08 21:00:00,93,96.12,True,True,44.2539291381836,-1.53725021944526,42.71667891873834,0,0,0.1
core_neuralprophet_frozen_s42,neuralprophet,frozen,selected,42,17,2025-05-05 01:00:00,2025-05-08 22:00:00,94,88.13,True,True,43.291969299316406,-1.53725021944526,41.754719079871144,0,0,0.1
core_neuralprophet_frozen_s42,neuralprophet,frozen,selected,42,17,2025-05-05 01:00:00,2025-05-08 23:00:00,95,82.17,True,True,42.84456634521485,-1.53725021944526,41.30731612576959,0,0,0.1
core_neuralprophet_frozen_s42,neuralprophet,frozen,selected,42,17,2025-05-05 01:00:00,2025-05-09 00:00:00,96,78.3,True,True,37.06180953979492,-1.53725021944526,35.52455932034966,0,0,0.1
core_neuralprophet_frozen_s42,neuralprophet,frozen,selected,42,17,2025-05-05 01:00:00,2025-05-09 01:00:00,97,76.15,True,True,41.09214019775391,-1.53725021944526,39.55488997830865,0,0,0.1
core_neuralprophet_frozen_s42,neuralprophet,frozen,selected,42,17,2025-05-05 01:00:00,2025-05-09 02:00:00,98,71.09,True,True,34.186912536621094,-1.53725021944526,32.64966231717583,0,0,0.1
core_neuralprophet_frozen_s42,neuralprophet,frozen,selected,42,17,2025-05-05 01:00:00,2025-05-09 03:00:00,99,62.98,True,True,36.28153991699219,-1.53725021944526,34.744289697546925,0,0,0.1
core_neuralprophet_frozen_s42,neuralprophet,frozen,selected,42,17,2025-05-05 01:00:00,2025-05-09 04:00:00,100,49.29,True,True,44.09235382080078,-1.53725021944526,42.55510360135552,0,0,0.1
core_neuralprophet_frozen_s42,neuralprophet,frozen,selected,42,17,2025-05-05 01:00:00,2025-05-09 05:00:00,101,34.49,True,True,40.38972091674805,-1.53725021944526,38.852470697302785,0,0,0.1
core_neuralprophet_frozen_s42,neuralprophet,frozen,selected,42,17,2025-05-05 01:00:00,2025-05-09 06:00:00,102,22.89,True,True,37.62836837768555,-1.53725021944526,36.091118158240285,0,0,0.1
core_neuralprophet_frozen_s42,neuralprophet,frozen,selected,42,17,2025-05-05 01:00:00,2025-05-09 07:00:00,103,15.63,True,True,37.43759536743164,-1.53725021944526,35.90034514798638,0,0,0.1
core_neuralprophet_frozen_s42,neuralprophet,frozen,selected,42,17,2025-05-05 01:00:00,2025-05-09 08:00:00,104,11.52,True,True,39.046085357666016,-1.53725021944526,37.50883513822075,0,0,0.1
core_neuralprophet_frozen_s42,neuralprophet,frozen,selected,42,17,2025-05-05 01:00:00,2025-05-09 09:00:00,105,9.42,True,True,29.55310821533203,-1.53725021944526,28.015857995886773,0,0,0.1
core_neuralprophet_frozen_s42,neuralprophet,frozen,selected,42,17,2025-05-05 01:00:00,2025-05-09 10:00:00,106,8.51,True,True,27.176904678344727,-1.53725021944526,25.639654458899468,0,0,0.1
core_neuralprophet_frozen_s42,neuralprophet,frozen,selected,42,17,2025-05-05 01:00:00,2025-05-09 11:00:00,107,8.45,True,True,26.68299102783203,-1.53725021944526,25.145740808386773,0,0,0.1
core_neuralprophet_frozen_s42,neuralprophet,frozen,selected,42,17,2025-05-05 01:00:00,2025-05-09 12:00:00,108,8.71,True,True,17.912612915039062,-1.53725021944526,16.375362695593804,0,0,0.1
core_neuralprophet_frozen_s42,neuralprophet,frozen,selected,42,17,2025-05-05 01:00:00,2025-05-09 13:00:00,109,9.01,True,True,23.016260147094727,-1.53725021944526,21.479009927649468,0,0,0.1
core_neuralprophet_frozen_s42,neuralprophet,frozen,selected,42,17,2025-05-05 01:00:00,2025-05-09 14:00:00,110,9.49,True,True,19.69923210144043,-1.53725021944526,18.16198188199517,0,0,0.1
core_neuralprophet_frozen_s42,neuralprophet,frozen,selected,42,17,2025-05-05 01:00:00,2025-05-09 15:00:00,111,9.53,True,True,25.20086669921875,-1.53725021944526,23.66361647977349,0,0,0.1
core_neuralprophet_frozen_s42,neuralprophet,frozen,selected,42,17,2025-05-05 01:00:00,2025-05-09 16:00:00,112,9.31,True,True,22.071128845214844,-1.53725021944526,20.533878625769585,0,0,0.1
core_neuralprophet_frozen_s42,neuralprophet,frozen,selected,42,17,2025-05-05 01:00:00,2025-05-09 17:00:00,113,9.03,True,True,27.468505859375,-1.53725021944526,25.93125563992974,0,0,0.1
core_neuralprophet_frozen_s42,neuralprophet,frozen,selected,42,17,2025-05-05 01:00:00,2025-05-09 18:00:00,114,8.5,True,True,14.38560676574707,-1.53725021944526,12.84835654630181,0,0,0.1
core_neuralprophet_frozen_s42,neuralprophet,frozen,selected,42,17,2025-05-05 01:00:00,2025-05-09 19:00:00,115,8.1,True,True,26.018129348754883,-1.53725021944526,24.480879129309624,0,0,0.1
core_neuralprophet_frozen_s42,neuralprophet,frozen,selected,42,17,2025-05-05 01:00:00,2025-05-09 20:00:00,116,8.48,True,True,34.81881332397461,-1.53725021944526,33.28156310452935,0,0,0.1
core_neuralprophet_frozen_s42,neuralprophet,frozen,selected,42,17,2025-05-05 01:00:00,2025-05-09 21:00:00,117,9.4,True,True,33.45296096801758,-1.53725021944526,31.91571074857232,0,0,0.1
core_neuralprophet_frozen_s42,neuralprophet,frozen,selected,42,17,2025-05-05 01:00:00,2025-05-09 22:00:00,118,10.12,True,True,35.35093688964844,-1.53725021944526,33.813686670203175,0,0,0.1
core_neuralprophet_frozen_s42,neuralprophet,frozen,selected,42,17,2025-05-05 01:00:00,2025-05-09 23:00:00,119,9.88,True,True,28.999799728393555,-1.53725021944526,27.462549508948296,0,0,0.1
core_neuralprophet_frozen_s42,neuralprophet,frozen,selected,42,17,2025-05-05 01:00:00,2025-05-10 00:00:00,120,9.0,True,True,29.713008880615234,-1.53725021944526,28.175758661169976,0,0,0.1
core_neuralprophet_frozen_s42,neuralprophet,frozen,selected,42,17,2025-05-05 01:00:00,2025-05-10 01:00:00,121,7.34,True,True,22.69039535522461,-1.53725021944526,21.15314513577935,0,0,0.1
core_neuralprophet_frozen_s42,neuralprophet,frozen,selected,42,17,2025-05-05 01:00:00,2025-05-10 02:00:00,122,6.9,True,True,30.766056060791016,-1.53725021944526,29.228805841345757,0,0,0.1
core_neuralprophet_frozen_s42,neuralprophet,frozen,selected,42,17,2025-05-05 01:00:00,2025-05-10 03:00:00,123,6.93,True,True,19.99959754943848,-1.53725021944526,18.46234732999322,0,0,0.1
core_neuralprophet_frozen_s42,neuralprophet,frozen,selected,42,17,2025-05-05 01:00:00,2025-05-10 04:00:00,124,5.2,True,True,15.583658218383787,-1.53725021944526,14.046407998938527,0,0,0.1
core_neuralprophet_frozen_s42,neuralprophet,frozen,selected,42,17,2025-05-05 01:00:00,2025-05-10 05:00:00,125,5.53,True,True,24.24140930175781,-1.53725021944526,22.70415908231255,0,0,0.1
core_neuralprophet_frozen_s42,neuralprophet,frozen,selected,42,17,2025-05-05 01:00:00,2025-05-10 06:00:00,126,6.76,True,True,31.724727630615234,-1.53725021944526,30.187477411169976,0,0,0.1
core_neuralprophet_frozen_s42,neuralprophet,frozen,selected,42,17,2025-05-05 01:00:00,2025-05-10 07:00:00,127,8.94,True,True,23.18826484680176,-1.53725021944526,21.651014627356503,0,0,0.1
core_neuralprophet_frozen_s42,neuralprophet,frozen,selected,42,17,2025-05-05 01:00:00,2025-05-10 08:00:00,128,11.49,True,True,29.85165405273437,-1.53725021944526,28.314403833289113,0,0,0.1
core_neuralprophet_frozen_s42,neuralprophet,frozen,selected,42,17,2025-05-05 01:00:00,2025-05-10 09:00:00,129,13.47,True,True,29.75829696655273,-1.53725021944526,28.221046747107472,0,0,0.1
core_neuralprophet_frozen_s42,neuralprophet,frozen,selected,42,17,2025-05-05 01:00:00,2025-05-10 10:00:00,130,15.13,True,True,28.45802116394043,-1.53725021944526,26.92077094449517,0,0,0.1
core_neuralprophet_frozen_s42,neuralprophet,frozen,selected,42,17,2025-05-05 01:00:00,2025-05-10 11:00:00,131,16.48,True,True,24.39003562927246,-1.53725021944526,22.852785409827202,0,0,0.1
core_neuralprophet_frozen_s42,neuralprophet,frozen,selected,42,17,2025-05-05 01:00:00,2025-05-10 12:00:00,132,17.58,True,True,15.116753578186035,-1.53725021944526,13.579503358740775,0,0,0.1
core_neuralprophet_frozen_s42,neuralprophet,frozen,selected,42,17,2025-05-05 01:00:00,2025-05-10 13:00:00,133,18.03,True,True,22.37146377563477,-1.53725021944526,20.83421355618951,0,0,0.1
core_neuralprophet_frozen_s42,neuralprophet,frozen,selected,42,17,2025-05-05 01:00:00,2025-05-10 14:00:00,134,18.64,True,True,14.79928207397461,-1.53725021944526,13.262031854529349,0,0,0.1
core_neuralprophet_frozen_s42,neuralprophet,frozen,selected,42,17,2025-05-05 01:00:00,2025-05-10 15:00:00,135,19.63,True,True,21.712722778320312,-1.53725021944526,20.175472558875054,0,0,0.1
core_neuralprophet_frozen_s42,neuralprophet,frozen,selected,42,17,2025-05-05 01:00:00,2025-05-10 16:00:00,136,21.5,True,True,11.70736312866211,-1.53725021944526,10.170112909216849,0,0,0.1
core_neuralprophet_frozen_s42,neuralprophet,frozen,selected,42,17,2025-05-05 01:00:00,2025-05-10 17:00:00,137,25.3,True,True,21.32730484008789,-1.53725021944526,19.790054620642632,0,0,0.1
core_neuralprophet_frozen_s42,neuralprophet,frozen,selected,42,17,2025-05-05 01:00:00,2025-05-10 18:00:00,138,30.59,True,True,25.55441093444824,-1.53725021944526,24.01716071500298,0,0,0.1
core_neuralprophet_frozen_s42,neuralprophet,frozen,selected,42,17,2025-05-05 01:00:00,2025-05-10 19:00:00,139,35.43,True,True,26.96856117248535,-1.53725021944526,25.431310953040093,0,0,0.1
core_neuralprophet_frozen_s42,neuralprophet,frozen,selected,42,17,2025-05-05 01:00:00,2025-05-10 20:00:00,140,38.37,True,True,27.08808708190918,-1.53725021944526,25.55083686246392,0,0,0.1
core_neuralprophet_frozen_s42,neuralprophet,frozen,selected,42,17,2025-05-05 01:00:00,2025-05-10 21:00:00,141,39.43,True,True,41.57484436035156,-1.53725021944526,40.0375941409063,0,0,0.1
core_neuralprophet_frozen_s42,neuralprophet,frozen,selected,42,17,2025-05-05 01:00:00,2025-05-10 22:00:00,142,38.65,True,True,39.29302597045898,-1.53725021944526,37.755775751013715,0,0,0.1
core_neuralprophet_frozen_s42,neuralprophet,frozen,selected,42,17,2025-05-05 01:00:00,2025-05-10 23:00:00,143,36.22,True,True,37.64493942260742,-1.53725021944526,36.10768920316216,0,0,0.1
core_neuralprophet_frozen_s42,neuralprophet,frozen,selected,42,17,2025-05-05 01:00:00,2025-05-11 00:00:00,144,34.1,True,True,43.12920379638672,-1.53725021944526,41.59195357694146,0,0,0.1
core_neuralprophet_frozen_s42,neuralprophet,frozen,selected,42,17,2025-05-05 01:00:00,2025-05-11 01:00:00,145,33.46,True,True,21.728271484375,-1.53725021944526,20.19102126492974,0,0,0.1
core_neuralprophet_frozen_s42,neuralprophet,frozen,selected,42,17,2025-05-05 01:00:00,2025-05-11 02:00:00,146,34.72,True,True,36.03688049316406,-1.53725021944526,34.4996302737188,0,0,0.1
core_neuralprophet_frozen_s42,neuralprophet,frozen,selected,42,17,2025-05-05 01:00:00,2025-05-11 03:00:00,147,39.24,True,True,30.635887145996094,-1.53725021944526,29.098636926550835,0,0,0.1
core_neuralprophet_frozen_s42,neuralprophet,frozen,selected,42,17,2025-05-05 01:00:00,2025-05-11 04:00:00,148,44.99,True,True,35.61012268066406,-1.53725021944526,34.0728724612188,0,0,0.1
core_neuralprophet_frozen_s42,neuralprophet,frozen,selected,42,17,2025-05-05 01:00:00,2025-05-11 05:00:00,149,51.22,True,True,34.56010055541992,-1.53725021944526,33.02285033597466,0,0,0.1
core_neuralprophet_frozen_s42,neuralprophet,frozen,selected,42,17,2025-05-05 01:00:00,2025-05-11 06:00:00,150,55.36,True,True,26.75936508178711,-1.53725021944526,25.22211486234185,0,0,0.1
core_neuralprophet_frozen_s42,neuralprophet,frozen,selected,42,17,2025-05-05 01:00:00,2025-05-11 07:00:00,151,47.69,True,True,23.4443302154541,-1.53725021944526,21.907079996008843,0,0,0.1
core_neuralprophet_frozen_s42,neuralprophet,frozen,selected,42,17,2025-05-05 01:00:00,2025-05-11 08:00:00,152,43.78,True,True,13.416876792907717,-1.53725021944526,11.879626573462456,0,0,0.1
core_neuralprophet_frozen_s42,neuralprophet,frozen,selected,42,17,2025-05-05 01:00:00,2025-05-11 09:00:00,153,43.41,True,True,5.620838165283203,-1.53725021944526,4.083587945837943,0,0,0.1
core_neuralprophet_frozen_s42,neuralprophet,frozen,selected,42,17,2025-05-05 01:00:00,2025-05-11 10:00:00,154,45.11,True,True,3.042107343673706,-1.53725021944526,1.504857124228446,0,0,0.1
core_neuralprophet_frozen_s42,neuralprophet,frozen,selected,42,17,2025-05-05 01:00:00,2025-05-11 11:00:00,155,47.9,True,True,10.25174617767334,-1.53725021944526,8.71449595822808,0,0,0.1
core_neuralprophet_frozen_s42,neuralprophet,frozen,selected,42,17,2025-05-05 01:00:00,2025-05-11 12:00:00,156,49.68,True,True,7.062482833862305,-1.53725021944526,5.525232614417044,0,0,0.1
core_neuralprophet_frozen_s42,neuralprophet,frozen,selected,42,17,2025-05-05 01:00:00,2025-05-11 13:00:00,157,50.59,True,True,10.081180572509766,-1.53725021944526,8.543930353064505,0,0,0.1
core_neuralprophet_frozen_s42,neuralprophet,frozen,selected,42,17,2025-05-05 01:00:00,2025-05-11 14:00:00,158,52.63,True,True,7.787044525146484,-1.53725021944526,6.249794305701224,0,0,0.1
core_neuralprophet_frozen_s42,neuralprophet,frozen,selected,42,17,2025-05-05 01:00:00,2025-05-11 15:00:00,159,55.38,True,True,20.247072219848636,-1.53725021944526,18.709822000403378,0,0,0.1
core_neuralprophet_frozen_s42,neuralprophet,frozen,selected,42,17,2025-05-05 01:00:00,2025-05-11 16:00:00,160,56.79,True,True,16.651355743408203,-1.53725021944526,15.114105523962943,0,0,0.1
core_neuralprophet_frozen_s42,neuralprophet,frozen,selected,42,17,2025-05-05 01:00:00,2025-05-11 17:00:00,161,58.16,True,True,18.134014129638672,-1.53725021944526,16.596763910193413,0,0,0.1
core_neuralprophet_frozen_s42,neuralprophet,frozen,selected,42,17,2025-05-05 01:00:00,2025-05-11 18:00:00,162,58.77,True,True,22.97825813293457,-1.53725021944526,21.44100791348931,0,0,0.1
core_neuralprophet_frozen_s42,neuralprophet,frozen,selected,42,17,2025-05-05 01:00:00,2025-05-11 19:00:00,163,58.28,True,True,24.56329345703125,-1.53725021944526,23.02604323758599,0,0,0.1
core_neuralprophet_frozen_s42,neuralprophet,frozen,selected,42,17,2025-05-05 01:00:00,2025-05-11 20:00:00,164,58.78,True,True,34.873390197753906,-1.53725021944526,33.336139978308644,0,0,0.1
core_neuralprophet_frozen_s42,neuralprophet,frozen,selected,42,17,2025-05-05 01:00:00,2025-05-11 21:00:00,165,60.1,True,True,26.22118186950684,-1.53725021944526,24.68393165006158,0,0,0.1
core_neuralprophet_frozen_s42,neuralprophet,frozen,selected,42,17,2025-05-05 01:00:00,2025-05-11 22:00:00,166,61.29,True,True,28.76991271972656,-1.53725021944526,27.2326625002813,0,0,0.1
core_neuralprophet_frozen_s42,neuralprophet,frozen,selected,42,17,2025-05-05 01:00:00,2025-05-11 23:00:00,167,63.57,True,True,41.83799743652344,-1.53725021944526,40.300747217078175,0,0,0.1
core_neuralprophet_frozen_s42,neuralprophet,frozen,selected,42,17,2025-05-05 01:00:00,2025-05-12 00:00:00,168,67.27,True,True,47.15641021728516,-1.53725021944526,45.6191599978399,0,0,0.1
core_neuralprophet_frozen_s42,neuralprophet,frozen,selected,42,18,2025-05-12 01:00:00,2025-05-12 01:00:00,1,77.71,True,True,54.14575958251953,1.9605353570490736,56.106294939568606,0,0,0.1
core_neuralprophet_frozen_s42,neuralprophet,frozen,selected,42,18,2025-05-12 01:00:00,2025-05-12 02:00:00,2,88.22,True,True,67.66983795166016,1.9605353570490736,69.63037330870922,0,0,0.1
core_neuralprophet_frozen_s42,neuralprophet,frozen,selected,42,18,2025-05-12 01:00:00,2025-05-12 03:00:00,3,101.18,True,True,65.6209945678711,1.9605353570490736,67.58152992492016,0,0,0.1
core_neuralprophet_frozen_s42,neuralprophet,frozen,selected,42,18,2025-05-12 01:00:00,2025-05-12 04:00:00,4,127.41,True,True,56.669525146484375,1.9605353570490736,58.63006050353345,0,0,0.1
core_neuralprophet_frozen_s42,neuralprophet,frozen,selected,42,18,2025-05-12 01:00:00,2025-05-12 05:00:00,5,135.56,True,True,60.50651168823242,1.9605353570490736,62.4670470452815,0,0,0.1
core_neuralprophet_frozen_s42,neuralprophet,frozen,selected,42,18,2025-05-12 01:00:00,2025-05-12 06:00:00,6,138.99,True,True,41.75759506225586,1.9605353570490736,43.718130419304934,0,0,0.1
core_neuralprophet_frozen_s42,neuralprophet,frozen,selected,42,18,2025-05-12 01:00:00,2025-05-12 07:00:00,7,135.38,True,True,42.10382461547852,1.9605353570490736,44.0643599725276,0,0,0.1
core_neuralprophet_frozen_s42,neuralprophet,frozen,selected,42,18,2025-05-12 01:00:00,2025-05-12 08:00:00,8,127.51,True,True,41.10343933105469,1.9605353570490736,43.06397468810376,0,0,0.1
core_neuralprophet_frozen_s42,neuralprophet,frozen,selected,42,18,2025-05-12 01:00:00,2025-05-12 09:00:00,9,118.33,True,True,30.203338623046875,1.9605353570490736,32.16387398009595,0,0,0.1
core_neuralprophet_frozen_s42,neuralprophet,frozen,selected,42,18,2025-05-12 01:00:00,2025-05-12 10:00:00,10,107.63,True,True,26.66238021850586,1.9605353570490736,28.622915575554934,0,0,0.1
core_neuralprophet_frozen_s42,neuralprophet,frozen,selected,42,18,2025-05-12 01:00:00,2025-05-12 11:00:00,11,98.76,True,True,32.1094856262207,1.9605353570490736,34.07002098326978,0,0,0.1
core_neuralprophet_frozen_s42,neuralprophet,frozen,selected,42,18,2025-05-12 01:00:00,2025-05-12 12:00:00,12,90.7,True,True,25.572799682617188,1.9605353570490736,27.533335039666262,0,0,0.1
core_neuralprophet_frozen_s42,neuralprophet,frozen,selected,42,18,2025-05-12 01:00:00,2025-05-12 13:00:00,13,82.25,True,True,33.39554977416992,1.9605353570490736,35.356085131219,0,0,0.1
core_neuralprophet_frozen_s42,neuralprophet,frozen,selected,42,18,2025-05-12 01:00:00,2025-05-12 14:00:00,14,75.62,True,True,28.65572929382324,1.9605353570490736,30.616264650872314,0,0,0.1
core_neuralprophet_frozen_s42,neuralprophet,frozen,selected,42,18,2025-05-12 01:00:00,2025-05-12 15:00:00,15,70.54,True,True,27.2945499420166,1.9605353570490736,29.255085299065676,0,0,0.1
core_neuralprophet_frozen_s42,neuralprophet,frozen,selected,42,18,2025-05-12 01:00:00,2025-05-12 16:00:00,16,64.84,True,True,22.327163696289062,1.9605353570490736,24.287699053338137,0,0,0.1
core_neuralprophet_frozen_s42,neuralprophet,frozen,selected,42,18,2025-05-12 01:00:00,2025-05-12 17:00:00,17,60.52,True,True,29.57710647583008,1.9605353570490736,31.537641832879157,0,0,0.1
core_neuralprophet_frozen_s42,neuralprophet,frozen,selected,42,18,2025-05-12 01:00:00,2025-05-12 18:00:00,18,59.36,True,True,26.66058349609375,1.9605353570490736,28.621118853142825,0,0,0.1
core_neuralprophet_frozen_s42,neuralprophet,frozen,selected,42,18,2025-05-12 01:00:00,2025-05-12 19:00:00,19,62.45,True,True,27.033838272094727,1.9605353570490736,28.9943736291438,0,0,0.1
core_neuralprophet_frozen_s42,neuralprophet,frozen,selected,42,18,2025-05-12 01:00:00,2025-05-12 20:00:00,20,68.51,True,True,25.90346336364746,1.9605353570490736,27.863998720696536,0,0,0.1
core_neuralprophet_frozen_s42,neuralprophet,frozen,selected,42,18,2025-05-12 01:00:00,2025-05-12 21:00:00,21,74.6,True,True,37.33434295654297,1.9605353570490736,39.294878313592044,0,0,0.1
core_neuralprophet_frozen_s42,neuralprophet,frozen,selected,42,18,2025-05-12 01:00:00,2025-05-12 22:00:00,22,78.75,True,True,35.413753509521484,1.9605353570490736,37.37428886657056,0,0,0.1
core_neuralprophet_frozen_s42,neuralprophet,frozen,selected,42,18,2025-05-12 01:00:00,2025-05-12 23:00:00,23,82.5,True,True,34.20871353149414,1.9605353570490736,36.169248888543216,0,0,0.1
core_neuralprophet_frozen_s42,neuralprophet,frozen,selected,42,18,2025-05-12 01:00:00,2025-05-13 00:00:00,24,86.35,True,True,40.67809295654297,1.9605353570490736,42.638628313592044,0,0,0.1
core_neuralprophet_frozen_s42,neuralprophet,frozen,selected,42,18,2025-05-12 01:00:00,2025-05-13 01:00:00,25,91.14,True,True,33.200233459472656,1.9605353570490736,35.16076881652173,0,0,0.1
core_neuralprophet_frozen_s42,neuralprophet,frozen,selected,42,18,2025-05-12 01:00:00,2025-05-13 02:00:00,26,97.53,True,True,38.49947738647461,1.9605353570490736,40.460012743523684,0,0,0.1
core_neuralprophet_frozen_s42,neuralprophet,frozen,selected,42,18,2025-05-12 01:00:00,2025-05-13 03:00:00,27,109.15,True,True,39.46357345581055,1.9605353570490736,41.42410881285962,0,0,0.1
core_neuralprophet_frozen_s42,neuralprophet,frozen,selected,42,18,2025-05-12 01:00:00,2025-05-13 04:00:00,28,143.35,True,True,41.20952606201172,1.9605353570490736,43.170061419060794,0,0,0.1
core_neuralprophet_frozen_s42,neuralprophet,frozen,selected,42,18,2025-05-12 01:00:00,2025-05-13 05:00:00,29,163.07,True,True,35.78512954711914,1.9605353570490736,37.745664904168216,0,0,0.1
core_neuralprophet_frozen_s42,neuralprophet,frozen,selected,42,18,2025-05-12 01:00:00,2025-05-13 06:00:00,30,169.11,True,True,22.925172805786133,1.9605353570490736,24.885708162835208,0,0,0.1
core_neuralprophet_frozen_s42,neuralprophet,frozen,selected,42,18,2025-05-12 01:00:00,2025-05-13 07:00:00,31,166.15,True,True,23.14936828613281,1.9605353570490736,25.109903643181884,0,0,0.1
core_neuralprophet_frozen_s42,neuralprophet,frozen,selected,42,18,2025-05-12 01:00:00,2025-05-13 08:00:00,32,155.28,True,True,16.509639739990234,1.9605353570490736,18.47017509703931,0,0,0.1
core_neuralprophet_frozen_s42,neuralprophet,frozen,selected,42,18,2025-05-12 01:00:00,2025-05-13 09:00:00,33,142.93,True,True,7.000572681427002,1.9605353570490736,8.961108038476075,0,0,0.1
core_neuralprophet_frozen_s42,neuralprophet,frozen,selected,42,18,2025-05-12 01:00:00,2025-05-13 10:00:00,34,133.61,True,True,3.443608522415161,1.9605353570490736,5.404143879464234,0,0,0.1
core_neuralprophet_frozen_s42,neuralprophet,frozen,selected,42,18,2025-05-12 01:00:00,2025-05-13 11:00:00,35,132.52,True,True,8.735411643981934,1.9605353570490736,10.695947001031007,0,0,0.1
core_neuralprophet_frozen_s42,neuralprophet,frozen,selected,42,18,2025-05-12 01:00:00,2025-05-13 12:00:00,36,135.47,True,True,2.1387269496917725,1.9605353570490736,4.099262306740846,0,0,0.1
core_neuralprophet_frozen_s42,neuralprophet,frozen,selected,42,18,2025-05-12 01:00:00,2025-05-13 13:00:00,37,138.29,True,True,14.910301208496094,1.9605353570490736,16.87083656554517,0,0,0.1
core_neuralprophet_frozen_s42,neuralprophet,frozen,selected,42,18,2025-05-12 01:00:00,2025-05-13 14:00:00,38,141.36,True,True,15.294347763061523,1.9605353570490736,17.2548831201106,0,0,0.1
core_neuralprophet_frozen_s42,neuralprophet,frozen,selected,42,18,2025-05-12 01:00:00,2025-05-13 15:00:00,39,142.6,True,True,14.285016059875488,1.9605353570490736,16.245551416924563,0,0,0.1
core_neuralprophet_frozen_s42,neuralprophet,frozen,selected,42,18,2025-05-12 01:00:00,2025-05-13 16:00:00,40,139.18,True,True,14.865816116333008,1.9605353570490736,16.826351473382083,0,0,0.1
core_neuralprophet_frozen_s42,neuralprophet,frozen,selected,42,18,2025-05-12 01:00:00,2025-05-13 17:00:00,41,138.04,True,True,15.010049819946287,1.9605353570490736,16.97058517699536,0,0,0.1
core_neuralprophet_frozen_s42,neuralprophet,frozen,selected,42,18,2025-05-12 01:00:00,2025-05-13 18:00:00,42,138.91,True,True,15.186420440673828,1.9605353570490736,17.146955797722903,0,0,0.1
core_neuralprophet_frozen_s42,neuralprophet,frozen,selected,42,18,2025-05-12 01:00:00,2025-05-13 19:00:00,43,140.74,True,True,15.78413200378418,1.9605353570490736,17.744667360833255,0,0,0.1
core_neuralprophet_frozen_s42,neuralprophet,frozen,selected,42,18,2025-05-12 01:00:00,2025-05-13 20:00:00,44,144.43,True,True,30.4432315826416,1.9605353570490736,32.40376693969068,0,0,0.1
core_neuralprophet_frozen_s42,neuralprophet,frozen,selected,42,18,2025-05-12 01:00:00,2025-05-13 21:00:00,45,149.35,True,True,32.76787185668945,1.9605353570490736,34.72840721373853,0,0,0.1
core_neuralprophet_frozen_s42,neuralprophet,frozen,selected,42,18,2025-05-12 01:00:00,2025-05-13 22:00:00,46,150.69,True,True,26.985780715942383,1.9605353570490736,28.946316072991458,0,0,0.1
core_neuralprophet_frozen_s42,neuralprophet,frozen,selected,42,18,2025-05-12 01:00:00,2025-05-13 23:00:00,47,117.67,True,True,30.152565002441406,1.9605353570490736,32.11310035949048,0,0,0.1
core_neuralprophet_frozen_s42,neuralprophet,frozen,selected,42,18,2025-05-12 01:00:00,2025-05-14 00:00:00,48,62.75,True,True,16.41429901123047,1.9605353570490736,18.374834368279544,0,0,0.1
core_neuralprophet_frozen_s42,neuralprophet,frozen,selected,42,18,2025-05-12 01:00:00,2025-05-14 01:00:00,49,15.94,True,True,2.6469757556915283,1.9605353570490736,4.607511112740601,0,0,0.1
core_neuralprophet_frozen_s42,neuralprophet,frozen,selected,42,18,2025-05-12 01:00:00,2025-05-14 02:00:00,50,5.62,True,True,-5.562594890594482,1.9605353570490736,-3.602059533545409,0,0,0.1
core_neuralprophet_frozen_s42,neuralprophet,frozen,selected,42,18,2025-05-12 01:00:00,2025-05-14 03:00:00,51,4.86,True,True,3.481991767883301,1.9605353570490736,5.442527124932374,0,0,0.1
core_neuralprophet_frozen_s42,neuralprophet,frozen,selected,42,18,2025-05-12 01:00:00,2025-05-14 04:00:00,52,6.25,True,True,-4.461528301239014,1.9605353570490736,-2.50099294418994,0,0,0.1
core_neuralprophet_frozen_s42,neuralprophet,frozen,selected,42,18,2025-05-12 01:00:00,2025-05-14 05:00:00,53,9.43,True,True,5.488840103149414,1.9605353570490736,7.449375460198487,0,0,0.1
core_neuralprophet_frozen_s42,neuralprophet,frozen,selected,42,18,2025-05-12 01:00:00,2025-05-14 06:00:00,54,13.26,True,True,1.5977712869644165,1.9605353570490736,3.55830664401349,0,0,0.1
core_neuralprophet_frozen_s42,neuralprophet,frozen,selected,42,18,2025-05-12 01:00:00,2025-05-14 07:00:00,55,15.36,True,True,-6.014992713928223,1.9605353570490736,-4.0544573568791495,0,0,0.1
core_neuralprophet_frozen_s42,neuralprophet,frozen,selected,42,18,2025-05-12 01:00:00,2025-05-14 08:00:00,56,16.84,True,True,1.5563266277313232,1.9605353570490736,3.516861984780397,0,0,0.1
core_neuralprophet_frozen_s42,neuralprophet,frozen,selected,42,18,2025-05-12 01:00:00,2025-05-14 09:00:00,57,17.53,True,True,-9.535741806030272,1.9605353570490736,-7.5752064489811985,0,0,0.1
core_neuralprophet_frozen_s42,neuralprophet,frozen,selected,42,18,2025-05-12 01:00:00,2025-05-14 10:00:00,58,17.77,True,True,-10.652091026306152,1.9605353570490736,-8.69155566925708,0,0,0.1
core_neuralprophet_frozen_s42,neuralprophet,frozen,selected,42,18,2025-05-12 01:00:00,2025-05-14 11:00:00,59,17.57,True,True,-6.130696773529053,1.9605353570490736,-4.17016141647998,0,0,0.1
core_neuralprophet_frozen_s42,neuralprophet,frozen,selected,42,18,2025-05-12 01:00:00,2025-05-14 12:00:00,60,17.39,True,True,-4.89989185333252,1.9605353570490736,-2.939356496283447,0,0,0.1
core_neuralprophet_frozen_s42,neuralprophet,frozen,selected,42,18,2025-05-12 01:00:00,2025-05-14 13:00:00,61,18.98,True,True,-1.3690640926361084,1.9605353570490736,0.5914712644129652,0,0,0.1
core_neuralprophet_frozen_s42,neuralprophet,frozen,selected,42,18,2025-05-12 01:00:00,2025-05-14 14:00:00,62,22.12,True,True,-0.9830968976020812,1.9605353570490736,0.9774384594469924,0,0,0.1
core_neuralprophet_frozen_s42,neuralprophet,frozen,selected,42,18,2025-05-12 01:00:00,2025-05-14 15:00:00,63,24.71,True,True,-3.603704214096069,1.9605353570490736,-1.6431688570469953,0,0,0.1
core_neuralprophet_frozen_s42,neuralprophet,frozen,selected,42,18,2025-05-12 01:00:00,2025-05-14 16:00:00,64,25.69,True,True,-2.849851608276367,1.9605353570490736,-0.8893162512272936,0,0,0.1
core_neuralprophet_frozen_s42,neuralprophet,frozen,selected,42,18,2025-05-12 01:00:00,2025-05-14 17:00:00,65,26.29,True,True,2.4661359786987305,1.9605353570490736,4.426671335747804,0,0,0.1
core_neuralprophet_frozen_s42,neuralprophet,frozen,selected,42,18,2025-05-12 01:00:00,2025-05-14 18:00:00,66,26.96,True,True,5.358660697937012,1.9605353570490736,7.319196054986085,0,0,0.1
core_neuralprophet_frozen_s42,neuralprophet,frozen,selected,42,18,2025-05-12 01:00:00,2025-05-14 19:00:00,67,27.85,True,True,7.575619220733643,1.9605353570490736,9.536154577782716,0,0,0.1
core_neuralprophet_frozen_s42,neuralprophet,frozen,selected,42,18,2025-05-12 01:00:00,2025-05-14 20:00:00,68,29.18,True,True,-5.128874778747559,1.9605353570490736,-3.168339421698485,0,0,0.1
core_neuralprophet_frozen_s42,neuralprophet,frozen,selected,42,18,2025-05-12 01:00:00,2025-05-14 21:00:00,69,30.38,True,True,13.545269012451172,1.9605353570490736,15.505804369500245,0,0,0.1
core_neuralprophet_frozen_s42,neuralprophet,frozen,selected,42,18,2025-05-12 01:00:00,2025-05-14 22:00:00,70,31.16,True,True,11.15446662902832,1.9605353570490736,13.115001986077393,0,0,0.1
core_neuralprophet_frozen_s42,neuralprophet,frozen,selected,42,18,2025-05-12 01:00:00,2025-05-14 23:00:00,71,31.99,True,True,9.656614303588867,1.9605353570490736,11.61714966063794,0,0,0.1
core_neuralprophet_frozen_s42,neuralprophet,frozen,selected,42,18,2025-05-12 01:00:00,2025-05-15 00:00:00,72,34.43,True,True,15.082131385803224,1.9605353570490736,17.042666742852298,0,0,0.1
core_neuralprophet_frozen_s42,neuralprophet,frozen,selected,42,18,2025-05-12 01:00:00,2025-05-15 01:00:00,73,39.39,True,True,10.77857780456543,1.9605353570490736,12.739113161614503,0,0,0.1
core_neuralprophet_frozen_s42,neuralprophet,frozen,selected,42,18,2025-05-12 01:00:00,2025-05-15 02:00:00,74,46.82,True,True,13.294110298156738,1.9605353570490736,15.254645655205811,0,0,0.1
core_neuralprophet_frozen_s42,neuralprophet,frozen,selected,42,18,2025-05-12 01:00:00,2025-05-15 03:00:00,75,58.84,True,True,17.393598556518555,1.9605353570490736,19.35413391356763,0,0,0.1
core_neuralprophet_frozen_s42,neuralprophet,frozen,selected,42,18,2025-05-12 01:00:00,2025-05-15 04:00:00,76,53.22,True,True,22.678199768066406,1.9605353570490736,24.63873512511548,0,0,0.1
core_neuralprophet_frozen_s42,neuralprophet,frozen,selected,42,18,2025-05-12 01:00:00,2025-05-15 05:00:00,77,45.04,True,True,16.138795852661133,1.9605353570490736,18.099331209710208,0,0,0.1
core_neuralprophet_frozen_s42,neuralprophet,frozen,selected,42,18,2025-05-12 01:00:00,2025-05-15 06:00:00,78,39.93,True,True,10.144508361816406,1.9605353570490736,12.10504371886548,0,0,0.1
core_neuralprophet_frozen_s42,neuralprophet,frozen,selected,42,18,2025-05-12 01:00:00,2025-05-15 07:00:00,79,37.1,True,True,6.544702053070068,1.9605353570490736,8.505237410119141,0,0,0.1
core_neuralprophet_frozen_s42,neuralprophet,frozen,selected,42,18,2025-05-12 01:00:00,2025-05-15 08:00:00,80,34.96,True,True,5.399950981140137,1.9605353570490736,7.36048633818921,0,0,0.1
core_neuralprophet_frozen_s42,neuralprophet,frozen,selected,42,18,2025-05-12 01:00:00,2025-05-15 09:00:00,81,33.31,True,True,-9.861288070678713,1.9605353570490736,-7.90075271362964,0,0,0.1
core_neuralprophet_frozen_s42,neuralprophet,frozen,selected,42,18,2025-05-12 01:00:00,2025-05-15 10:00:00,82,33.19,True,True,-4.469213008880615,1.9605353570490736,-2.5086776518315417,0,0,0.1
core_neuralprophet_frozen_s42,neuralprophet,frozen,selected,42,18,2025-05-12 01:00:00,2025-05-15 11:00:00,83,34.38,True,True,-6.3741455078125,1.9605353570490736,-4.413610150763427,0,0,0.1
core_neuralprophet_frozen_s42,neuralprophet,frozen,selected,42,18,2025-05-12 01:00:00,2025-05-15 12:00:00,84,35.56,True,True,-1.763127088546753,1.9605353570490736,0.19740826850232063,0,0,0.1
core_neuralprophet_frozen_s42,neuralprophet,frozen,selected,42,18,2025-05-12 01:00:00,2025-05-15 13:00:00,85,36.41,True,True,8.236247062683105,1.9605353570490736,10.196782419732179,0,0,0.1
core_neuralprophet_frozen_s42,neuralprophet,frozen,selected,42,18,2025-05-12 01:00:00,2025-05-15 14:00:00,86,38.29,True,True,-0.3193663954734802,1.9605353570490736,1.6411689615755933,0,0,0.1
core_neuralprophet_frozen_s42,neuralprophet,frozen,selected,42,18,2025-05-12 01:00:00,2025-05-15 15:00:00,87,40.83,True,True,8.990633964538574,1.9605353570490736,10.951169321587647,0,0,0.1
core_neuralprophet_frozen_s42,neuralprophet,frozen,selected,42,18,2025-05-12 01:00:00,2025-05-15 16:00:00,88,44.56,True,True,-0.7264360785484314,1.9605353570490736,1.2340992785006422,0,0,0.1
core_neuralprophet_frozen_s42,neuralprophet,frozen,selected,42,18,2025-05-12 01:00:00,2025-05-15 17:00:00,89,51.39,True,True,7.686330318450928,1.9605353570490736,9.6468656755,0,0,0.1
core_neuralprophet_frozen_s42,neuralprophet,frozen,selected,42,18,2025-05-12 01:00:00,2025-05-15 18:00:00,90,60.87,True,True,1.8000013828277588,1.9605353570490736,3.7605367398768323,0,0,0.1
core_neuralprophet_frozen_s42,neuralprophet,frozen,selected,42,18,2025-05-12 01:00:00,2025-05-15 19:00:00,91,72.05,True,True,7.834334850311279,1.9605353570490736,9.794870207360352,0,0,0.1
core_neuralprophet_frozen_s42,neuralprophet,frozen,selected,42,18,2025-05-12 01:00:00,2025-05-15 20:00:00,92,84.88,True,True,16.126075744628906,1.9605353570490736,18.08661110167798,0,0,0.1
core_neuralprophet_frozen_s42,neuralprophet,frozen,selected,42,18,2025-05-12 01:00:00,2025-05-15 21:00:00,93,97.79,True,True,12.10522747039795,1.9605353570490736,14.065762827447022,0,0,0.1
core_neuralprophet_frozen_s42,neuralprophet,frozen,selected,42,18,2025-05-12 01:00:00,2025-05-15 22:00:00,94,108.37,True,True,10.761287689208984,1.9605353570490736,12.721823046258057,0,0,0.1
core_neuralprophet_frozen_s42,neuralprophet,frozen,selected,42,18,2025-05-12 01:00:00,2025-05-15 23:00:00,95,116.25,True,True,14.710691452026367,1.9605353570490736,16.671226809075442,0,0,0.1
core_neuralprophet_frozen_s42,neuralprophet,frozen,selected,42,18,2025-05-12 01:00:00,2025-05-16 00:00:00,96,123.15,True,True,20.948251724243164,1.9605353570490736,22.90878708129224,0,0,0.1
core_neuralprophet_frozen_s42,neuralprophet,frozen,selected,42,18,2025-05-12 01:00:00,2025-05-16 01:00:00,97,132.18,True,True,19.16342544555664,1.9605353570490736,21.123960802605716,0,0,0.1
core_neuralprophet_frozen_s42,neuralprophet,frozen,selected,42,18,2025-05-12 01:00:00,2025-05-16 02:00:00,98,142.04,True,True,24.091642379760746,1.9605353570490736,26.05217773680982,0,0,0.1
core_neuralprophet_frozen_s42,neuralprophet,frozen,selected,42,18,2025-05-12 01:00:00,2025-05-16 03:00:00,99,159.17,True,True,21.97926139831543,1.9605353570490736,23.939796755364505,0,0,0.1
core_neuralprophet_frozen_s42,neuralprophet,frozen,selected,42,18,2025-05-12 01:00:00,2025-05-16 04:00:00,100,174.04,True,True,19.78923988342285,1.9605353570490736,21.749775240471926,0,0,0.1
core_neuralprophet_frozen_s42,neuralprophet,frozen,selected,42,18,2025-05-12 01:00:00,2025-05-16 05:00:00,101,174.39,True,True,23.509254455566406,1.9605353570490736,25.46978981261548,0,0,0.1
core_neuralprophet_frozen_s42,neuralprophet,frozen,selected,42,18,2025-05-12 01:00:00,2025-05-16 06:00:00,102,172.46,True,True,24.9186954498291,1.9605353570490736,26.879230806878176,0,0,0.1
core_neuralprophet_frozen_s42,neuralprophet,frozen,selected,42,18,2025-05-12 01:00:00,2025-05-16 07:00:00,103,168.26,True,True,15.178972244262695,1.9605353570490736,17.13950760131177,0,0,0.1
core_neuralprophet_frozen_s42,neuralprophet,frozen,selected,42,18,2025-05-12 01:00:00,2025-05-16 08:00:00,104,160.05,True,True,14.632322311401367,1.9605353570490736,16.592857668450442,0,0,0.1
core_neuralprophet_frozen_s42,neuralprophet,frozen,selected,42,18,2025-05-12 01:00:00,2025-05-16 09:00:00,105,155.52,True,True,8.5040864944458,1.9605353570490736,10.464621851494874,0,0,0.1
core_neuralprophet_frozen_s42,neuralprophet,frozen,selected,42,18,2025-05-12 01:00:00,2025-05-16 10:00:00,106,149.99,True,True,8.4205904006958,1.9605353570490736,10.381125757744874,0,0,0.1
core_neuralprophet_frozen_s42,neuralprophet,frozen,selected,42,18,2025-05-12 01:00:00,2025-05-16 11:00:00,107,142.95,True,True,10.742712020874023,1.9605353570490736,12.703247377923097,0,0,0.1
core_neuralprophet_frozen_s42,neuralprophet,frozen,selected,42,18,2025-05-12 01:00:00,2025-05-16 12:00:00,108,135.27,True,True,2.0230255126953125,1.9605353570490736,3.983560869744386,0,0,0.1
core_neuralprophet_frozen_s42,neuralprophet,frozen,selected,42,18,2025-05-12 01:00:00,2025-05-16 13:00:00,109,128.41,True,True,9.758438110351562,1.9605353570490736,11.718973467400636,0,0,0.1
core_neuralprophet_frozen_s42,neuralprophet,frozen,selected,42,18,2025-05-12 01:00:00,2025-05-16 14:00:00,110,127.57,True,True,9.322848320007324,1.9605353570490736,11.283383677056397,0,0,0.1
core_neuralprophet_frozen_s42,neuralprophet,frozen,selected,42,18,2025-05-12 01:00:00,2025-05-16 15:00:00,111,129.89,True,True,24.232784271240234,1.9605353570490736,26.19331962828931,0,0,0.1
core_neuralprophet_frozen_s42,neuralprophet,frozen,selected,42,18,2025-05-12 01:00:00,2025-05-16 16:00:00,112,130.59,True,True,21.43057632446289,1.9605353570490736,23.391111681511966,0,0,0.1
core_neuralprophet_frozen_s42,neuralprophet,frozen,selected,42,18,2025-05-12 01:00:00,2025-05-16 17:00:00,113,127.01,True,True,26.644895553588867,1.9605353570490736,28.605430910637942,0,0,0.1
core_neuralprophet_frozen_s42,neuralprophet,frozen,selected,42,18,2025-05-12 01:00:00,2025-05-16 18:00:00,114,112.05,True,True,18.730449676513672,1.9605353570490736,20.690985033562747,0,0,0.1
core_neuralprophet_frozen_s42,neuralprophet,frozen,selected,42,18,2025-05-12 01:00:00,2025-05-16 19:00:00,115,80.06,True,True,6.493826389312744,1.9605353570490736,8.454361746361817,0,0,0.1
core_neuralprophet_frozen_s42,neuralprophet,frozen,selected,42,18,2025-05-12 01:00:00,2025-05-16 20:00:00,116,89.46,True,True,-2.913076877593994,1.9605353570490736,-0.9525415205449206,0,0,0.1
core_neuralprophet_frozen_s42,neuralprophet,frozen,selected,42,18,2025-05-12 01:00:00,2025-05-16 21:00:00,117,74.72,True,True,9.36678409576416,1.9605353570490736,11.327319452813233,0,0,0.1
core_neuralprophet_frozen_s42,neuralprophet,frozen,selected,42,18,2025-05-12 01:00:00,2025-05-16 22:00:00,118,33.73,True,True,11.953791618347168,1.9605353570490736,13.914326975396241,0,0,0.1
core_neuralprophet_frozen_s42,neuralprophet,frozen,selected,42,18,2025-05-12 01:00:00,2025-05-16 23:00:00,119,9.38,True,True,16.725635528564453,1.9605353570490736,18.686170885613528,0,0,0.1
core_neuralprophet_frozen_s42,neuralprophet,frozen,selected,42,18,2025-05-12 01:00:00,2025-05-17 00:00:00,120,2.03,True,True,14.971091270446776,1.9605353570490736,16.93162662749585,0,0,0.1
core_neuralprophet_frozen_s42,neuralprophet,frozen,selected,42,18,2025-05-12 01:00:00,2025-05-17 01:00:00,121,0.71,True,True,7.667426109313965,1.9605353570490736,9.627961466363038,0,0,0.1
core_neuralprophet_frozen_s42,neuralprophet,frozen,selected,42,18,2025-05-12 01:00:00,2025-05-17 02:00:00,122,0.79,True,True,18.007829666137695,1.9605353570490736,19.96836502318677,0,0,0.1
core_neuralprophet_frozen_s42,neuralprophet,frozen,selected,42,18,2025-05-12 01:00:00,2025-05-17 03:00:00,123,1.11,True,True,16.993432998657227,1.9605353570490736,18.9539683557063,0,0,0.1
core_neuralprophet_frozen_s42,neuralprophet,frozen,selected,42,18,2025-05-12 01:00:00,2025-05-17 04:00:00,124,1.41,True,True,27.96218490600586,1.9605353570490736,29.922720263054934,0,0,0.1
core_neuralprophet_frozen_s42,neuralprophet,frozen,selected,42,18,2025-05-12 01:00:00,2025-05-17 05:00:00,125,1.59,True,True,21.25179100036621,1.9605353570490736,23.212326357415286,0,0,0.1
core_neuralprophet_frozen_s42,neuralprophet,frozen,selected,42,18,2025-05-12 01:00:00,2025-05-17 06:00:00,126,1.8,True,True,18.93714904785156,1.9605353570490736,20.897684404900634,0,0,0.1
core_neuralprophet_frozen_s42,neuralprophet,frozen,selected,42,18,2025-05-12 01:00:00,2025-05-17 07:00:00,127,1.98,True,True,13.57532024383545,1.9605353570490736,15.535855600884522,0,0,0.1
core_neuralprophet_frozen_s42,neuralprophet,frozen,selected,42,18,2025-05-12 01:00:00,2025-05-17 08:00:00,128,2.06,True,True,7.075407028198242,1.9605353570490736,9.035942385247315,0,0,0.1
core_neuralprophet_frozen_s42,neuralprophet,frozen,selected,42,18,2025-05-12 01:00:00,2025-05-17 09:00:00,129,2.07,True,True,2.7170021533966064,1.9605353570490736,4.67753751044568,0,0,0.1
core_neuralprophet_frozen_s42,neuralprophet,frozen,selected,42,18,2025-05-12 01:00:00,2025-05-17 10:00:00,130,2.49,True,True,-3.2744691371917725,1.9605353570490736,-1.313933780142699,0,0,0.1
core_neuralprophet_frozen_s42,neuralprophet,frozen,selected,42,18,2025-05-12 01:00:00,2025-05-17 11:00:00,131,3.33,True,True,0.6300997734069824,1.9605353570490736,2.590635130456056,0,0,0.1
core_neuralprophet_frozen_s42,neuralprophet,frozen,selected,42,18,2025-05-12 01:00:00,2025-05-17 12:00:00,132,4.39,True,True,-2.3149755001068115,1.9605353570490736,-0.35444014305773797,0,0,0.1
core_neuralprophet_frozen_s42,neuralprophet,frozen,selected,42,18,2025-05-12 01:00:00,2025-05-17 13:00:00,133,5.46,True,True,5.319085597991943,1.9605353570490736,7.2796209550410165,0,0,0.1
core_neuralprophet_frozen_s42,neuralprophet,frozen,selected,42,18,2025-05-12 01:00:00,2025-05-17 14:00:00,134,6.52,True,True,-1.9824321269989011,1.9605353570490736,-0.021896769949827588,0,0,0.1
core_neuralprophet_frozen_s42,neuralprophet,frozen,selected,42,18,2025-05-12 01:00:00,2025-05-17 15:00:00,135,7.63,True,True,4.309353351593018,1.9605353570490736,6.269888708642091,0,0,0.1
core_neuralprophet_frozen_s42,neuralprophet,frozen,selected,42,18,2025-05-12 01:00:00,2025-05-17 16:00:00,136,8.39,True,True,1.6690716743469238,1.9605353570490736,3.6296070313959974,0,0,0.1
core_neuralprophet_frozen_s42,neuralprophet,frozen,selected,42,18,2025-05-12 01:00:00,2025-05-17 17:00:00,137,9.24,True,True,6.610372543334961,1.9605353570490736,8.570907900384034,0,0,0.1
core_neuralprophet_frozen_s42,neuralprophet,frozen,selected,42,18,2025-05-12 01:00:00,2025-05-17 18:00:00,138,10.63,True,True,5.869629383087158,1.9605353570490736,7.830164740136231,0,0,0.1
core_neuralprophet_frozen_s42,neuralprophet,frozen,selected,42,18,2025-05-12 01:00:00,2025-05-17 19:00:00,139,12.19,True,True,9.558180809020996,1.9605353570490736,11.51871616607007,0,0,0.1
core_neuralprophet_frozen_s42,neuralprophet,frozen,selected,42,18,2025-05-12 01:00:00,2025-05-17 20:00:00,140,13.51,True,True,14.12382984161377,1.9605353570490736,16.084365198662844,0,0,0.1
core_neuralprophet_frozen_s42,neuralprophet,frozen,selected,42,18,2025-05-12 01:00:00,2025-05-17 21:00:00,141,15.07,True,True,15.693876266479492,1.9605353570490736,17.654411623528567,0,0,0.1
core_neuralprophet_frozen_s42,neuralprophet,frozen,selected,42,18,2025-05-12 01:00:00,2025-05-17 22:00:00,142,16.71,True,True,15.942173957824709,1.9605353570490736,17.902709314873782,0,0,0.1
core_neuralprophet_frozen_s42,neuralprophet,frozen,selected,42,18,2025-05-12 01:00:00,2025-05-17 23:00:00,143,18.53,True,True,18.492570877075195,1.9605353570490736,20.45310623412427,0,0,0.1
core_neuralprophet_frozen_s42,neuralprophet,frozen,selected,42,18,2025-05-12 01:00:00,2025-05-18 00:00:00,144,20.61,True,True,20.59581756591797,1.9605353570490736,22.556352922967044,0,0,0.1
core_neuralprophet_frozen_s42,neuralprophet,frozen,selected,42,18,2025-05-12 01:00:00,2025-05-18 01:00:00,145,24.64,True,True,14.954057693481444,1.9605353570490736,16.914593050530517,0,0,0.1
core_neuralprophet_frozen_s42,neuralprophet,frozen,selected,42,18,2025-05-12 01:00:00,2025-05-18 02:00:00,146,29.03,True,True,14.411373138427734,1.9605353570490736,16.37190849547681,0,0,0.1
core_neuralprophet_frozen_s42,neuralprophet,frozen,selected,42,18,2025-05-12 01:00:00,2025-05-18 03:00:00,147,35.98,True,True,19.863561630249023,1.9605353570490736,21.8240969872981,0,0,0.1
core_neuralprophet_frozen_s42,neuralprophet,frozen,selected,42,18,2025-05-12 01:00:00,2025-05-18 04:00:00,148,43.15,True,True,11.699256896972656,1.9605353570490736,13.65979225402173,0,0,0.1
core_neuralprophet_frozen_s42,neuralprophet,frozen,selected,42,18,2025-05-12 01:00:00,2025-05-18 05:00:00,149,48.28,True,True,18.65660285949707,1.9605353570490736,20.617138216546145,0,0,0.1
core_neuralprophet_frozen_s42,neuralprophet,frozen,selected,42,18,2025-05-12 01:00:00,2025-05-18 06:00:00,150,50.0,True,True,6.1839470863342285,1.9605353570490736,8.144482443383302,0,0,0.1
core_neuralprophet_frozen_s42,neuralprophet,frozen,selected,42,18,2025-05-12 01:00:00,2025-05-18 07:00:00,151,49.48,True,True,10.290843963623049,1.9605353570490736,12.251379320672122,0,0,0.1
core_neuralprophet_frozen_s42,neuralprophet,frozen,selected,42,18,2025-05-12 01:00:00,2025-05-18 08:00:00,152,48.42,True,True,-0.3345922827720642,1.9605353570490736,1.6259430742770093,0,0,0.1
core_neuralprophet_frozen_s42,neuralprophet,frozen,selected,42,18,2025-05-12 01:00:00,2025-05-18 09:00:00,153,49.69,True,True,-4.336351871490479,1.9605353570490736,-2.375816514441406,0,0,0.1
core_neuralprophet_frozen_s42,neuralprophet,frozen,selected,42,18,2025-05-12 01:00:00,2025-05-18 10:00:00,154,51.97,True,True,-4.003397464752197,1.9605353570490736,-2.0428621077031237,0,0,0.1
core_neuralprophet_frozen_s42,neuralprophet,frozen,selected,42,18,2025-05-12 01:00:00,2025-05-18 11:00:00,155,55.69,True,True,3.00000524520874,1.9605353570490736,4.960540602257813,0,0,0.1
core_neuralprophet_frozen_s42,neuralprophet,frozen,selected,42,18,2025-05-12 01:00:00,2025-05-18 12:00:00,156,60.11,True,True,-9.127099990844728,1.9605353570490736,-7.166564633795655,0,0,0.1
core_neuralprophet_frozen_s42,neuralprophet,frozen,selected,42,18,2025-05-12 01:00:00,2025-05-18 13:00:00,157,63.29,True,True,5.721100807189941,1.9605353570490736,7.6816361642390145,0,0,0.1
core_neuralprophet_frozen_s42,neuralprophet,frozen,selected,42,18,2025-05-12 01:00:00,2025-05-18 14:00:00,158,66.17,True,True,4.439348220825195,1.9605353570490736,6.399883577874268,0,0,0.1
core_neuralprophet_frozen_s42,neuralprophet,frozen,selected,42,18,2025-05-12 01:00:00,2025-05-18 15:00:00,159,69.01,True,True,8.370485305786133,1.9605353570490736,10.331020662835206,0,0,0.1
core_neuralprophet_frozen_s42,neuralprophet,frozen,selected,42,18,2025-05-12 01:00:00,2025-05-18 16:00:00,160,70.53,True,True,4.615297794342041,1.9605353570490736,6.575833151391114,0,0,0.1
core_neuralprophet_frozen_s42,neuralprophet,frozen,selected,42,18,2025-05-12 01:00:00,2025-05-18 17:00:00,161,72.16,True,True,12.755478858947754,1.9605353570490736,14.716014215996827,0,0,0.1
core_neuralprophet_frozen_s42,neuralprophet,frozen,selected,42,18,2025-05-12 01:00:00,2025-05-18 18:00:00,162,73.77,True,True,10.012818336486816,1.9605353570490736,11.97335369353589,0,0,0.1
core_neuralprophet_frozen_s42,neuralprophet,frozen,selected,42,18,2025-05-12 01:00:00,2025-05-18 19:00:00,163,75.17,True,True,14.452139854431152,1.9605353570490736,16.412675211480227,0,0,0.1
core_neuralprophet_frozen_s42,neuralprophet,frozen,selected,42,18,2025-05-12 01:00:00,2025-05-18 20:00:00,164,76.93,True,True,9.190234184265137,1.9605353570490736,11.15076954131421,0,0,0.1
core_neuralprophet_frozen_s42,neuralprophet,frozen,selected,42,18,2025-05-12 01:00:00,2025-05-18 21:00:00,165,78.91,True,True,22.863189697265625,1.9605353570490736,24.8237250543147,0,0,0.1
core_neuralprophet_frozen_s42,neuralprophet,frozen,selected,42,18,2025-05-12 01:00:00,2025-05-18 22:00:00,166,79.54,True,True,16.94679069519043,1.9605353570490736,18.907326052239505,0,0,0.1
core_neuralprophet_frozen_s42,neuralprophet,frozen,selected,42,18,2025-05-12 01:00:00,2025-05-18 23:00:00,167,80.6,True,True,31.39504051208496,1.9605353570490736,33.355575869134036,0,0,0.1
core_neuralprophet_frozen_s42,neuralprophet,frozen,selected,42,18,2025-05-12 01:00:00,2025-05-19 00:00:00,168,83.05,True,True,30.88385581970215,1.9605353570490736,32.84439117675122,0,0,0.1
core_neuralprophet_frozen_s42,neuralprophet,frozen,selected,42,19,2025-05-19 01:00:00,2025-05-19 01:00:00,1,106.21,True,True,61.47907257080078,7.320963808377737,68.80003637917852,0,0,0.1
core_neuralprophet_frozen_s42,neuralprophet,frozen,selected,42,19,2025-05-19 01:00:00,2025-05-19 02:00:00,2,120.42,True,True,69.34112548828125,7.320963808377737,76.66208929665899,0,0,0.1
core_neuralprophet_frozen_s42,neuralprophet,frozen,selected,42,19,2025-05-19 01:00:00,2025-05-19 03:00:00,3,134.36,True,True,72.74346923828125,7.320963808377737,80.06443304665899,0,0,0.1
core_neuralprophet_frozen_s42,neuralprophet,frozen,selected,42,19,2025-05-19 01:00:00,2025-05-19 04:00:00,4,150.03,True,True,61.76205825805664,7.320963808377737,69.08302206643438,0,0,0.1
core_neuralprophet_frozen_s42,neuralprophet,frozen,selected,42,19,2025-05-19 01:00:00,2025-05-19 05:00:00,5,158.37,True,True,63.29279708862305,7.320963808377737,70.61376089700079,0,0,0.1
core_neuralprophet_frozen_s42,neuralprophet,frozen,selected,42,19,2025-05-19 01:00:00,2025-05-19 06:00:00,6,165.03,True,True,44.94063186645508,7.320963808377737,52.26159567483282,0,0,0.1
core_neuralprophet_frozen_s42,neuralprophet,frozen,selected,42,19,2025-05-19 01:00:00,2025-05-19 07:00:00,7,169.88,True,True,35.241111755371094,7.320963808377737,42.562075563748834,0,0,0.1
core_neuralprophet_frozen_s42,neuralprophet,frozen,selected,42,19,2025-05-19 01:00:00,2025-05-19 08:00:00,8,169.11,True,True,25.178634643554688,7.320963808377737,32.49959845193243,0,0,0.1
core_neuralprophet_frozen_s42,neuralprophet,frozen,selected,42,19,2025-05-19 01:00:00,2025-05-19 09:00:00,9,165.39,True,True,14.01564598083496,7.320963808377737,21.336609789212694,0,0,0.1
core_neuralprophet_frozen_s42,neuralprophet,frozen,selected,42,19,2025-05-19 01:00:00,2025-05-19 10:00:00,10,161.09,True,True,0.0833471417427063,7.320963808377737,7.404310950120443,0,0,0.1
core_neuralprophet_frozen_s42,neuralprophet,frozen,selected,42,19,2025-05-19 01:00:00,2025-05-19 11:00:00,11,160.83,True,True,-7.926151275634766,7.320963808377737,-0.6051874672570285,0,0,0.1
core_neuralprophet_frozen_s42,neuralprophet,frozen,selected,42,19,2025-05-19 01:00:00,2025-05-19 12:00:00,12,163.43,True,True,-4.279989719390869,7.320963808377737,3.040974088986868,0,0,0.1
core_neuralprophet_frozen_s42,neuralprophet,frozen,selected,42,19,2025-05-19 01:00:00,2025-05-19 13:00:00,13,166.63,True,True,-1.7747879028320312,7.320963808377737,5.546175905545706,0,0,0.1
core_neuralprophet_frozen_s42,neuralprophet,frozen,selected,42,19,2025-05-19 01:00:00,2025-05-19 14:00:00,14,174.66,True,True,-2.6358067989349365,7.320963808377737,4.685157009442801,0,0,0.1
core_neuralprophet_frozen_s42,neuralprophet,frozen,selected,42,19,2025-05-19 01:00:00,2025-05-19 15:00:00,15,184.39,True,True,2.1499485969543457,7.320963808377737,9.470912405332083,0,0,0.1
core_neuralprophet_frozen_s42,neuralprophet,frozen,selected,42,19,2025-05-19 01:00:00,2025-05-19 16:00:00,16,188.7,True,True,-1.4507615566253662,7.320963808377737,5.870202251752371,0,0,0.1
core_neuralprophet_frozen_s42,neuralprophet,frozen,selected,42,19,2025-05-19 01:00:00,2025-05-19 17:00:00,17,191.52,True,True,7.129549980163574,7.320963808377737,14.450513788541311,0,0,0.1
core_neuralprophet_frozen_s42,neuralprophet,frozen,selected,42,19,2025-05-19 01:00:00,2025-05-19 18:00:00,18,192.55,True,True,6.274397850036621,7.320963808377737,13.595361658414358,0,0,0.1
core_neuralprophet_frozen_s42,neuralprophet,frozen,selected,42,19,2025-05-19 01:00:00,2025-05-19 19:00:00,19,192.69,True,True,6.8681840896606445,7.320963808377737,14.189147898038382,0,0,0.1
core_neuralprophet_frozen_s42,neuralprophet,frozen,selected,42,19,2025-05-19 01:00:00,2025-05-19 20:00:00,20,195.21,True,True,24.242359161376957,7.320963808377737,31.563322969754694,0,0,0.1
core_neuralprophet_frozen_s42,neuralprophet,frozen,selected,42,19,2025-05-19 01:00:00,2025-05-19 21:00:00,21,199.0,True,True,26.51969718933105,7.320963808377737,33.84066099770879,0,0,0.1
core_neuralprophet_frozen_s42,neuralprophet,frozen,selected,42,19,2025-05-19 01:00:00,2025-05-19 22:00:00,22,200.71,True,True,21.77359962463379,7.320963808377737,29.094563433011526,0,0,0.1
core_neuralprophet_frozen_s42,neuralprophet,frozen,selected,42,19,2025-05-19 01:00:00,2025-05-19 23:00:00,23,202.4,True,True,38.62152862548828,7.320963808377737,45.94249243386602,0,0,0.1
core_neuralprophet_frozen_s42,neuralprophet,frozen,selected,42,19,2025-05-19 01:00:00,2025-05-20 00:00:00,24,207.16,True,True,33.26430130004883,7.320963808377737,40.58526510842657,0,0,0.1
core_neuralprophet_frozen_s42,neuralprophet,frozen,selected,42,19,2025-05-19 01:00:00,2025-05-20 01:00:00,25,217.86,True,True,23.85614585876465,7.320963808377737,31.177109667142386,0,0,0.1
core_neuralprophet_frozen_s42,neuralprophet,frozen,selected,42,19,2025-05-19 01:00:00,2025-05-20 02:00:00,26,224.36,True,True,23.005247116088867,7.320963808377737,30.326210924466604,0,0,0.1
core_neuralprophet_frozen_s42,neuralprophet,frozen,selected,42,19,2025-05-19 01:00:00,2025-05-20 03:00:00,27,234.96,True,True,35.65047073364258,7.320963808377737,42.97143454202032,0,0,0.1
core_neuralprophet_frozen_s42,neuralprophet,frozen,selected,42,19,2025-05-19 01:00:00,2025-05-20 04:00:00,28,244.15,True,True,35.84354782104492,7.320963808377737,43.16451162942266,0,0,0.1
core_neuralprophet_frozen_s42,neuralprophet,frozen,selected,42,19,2025-05-19 01:00:00,2025-05-20 05:00:00,29,248.93,True,True,40.701690673828125,7.320963808377737,48.022654482205866,0,0,0.1
core_neuralprophet_frozen_s42,neuralprophet,frozen,selected,42,19,2025-05-19 01:00:00,2025-05-20 06:00:00,30,248.07,True,True,35.82610321044922,7.320963808377737,43.14706701882696,0,0,0.1
core_neuralprophet_frozen_s42,neuralprophet,frozen,selected,42,19,2025-05-19 01:00:00,2025-05-20 07:00:00,31,241.33,True,True,37.5189208984375,7.320963808377737,44.83988470681524,0,0,0.1
core_neuralprophet_frozen_s42,neuralprophet,frozen,selected,42,19,2025-05-19 01:00:00,2025-05-20 08:00:00,32,235.59,True,True,44.91525650024414,7.320963808377737,52.23622030862188,0,0,0.1
core_neuralprophet_frozen_s42,neuralprophet,frozen,selected,42,19,2025-05-19 01:00:00,2025-05-20 09:00:00,33,232.31,True,True,38.96060562133789,7.320963808377737,46.28156942971563,0,0,0.1
core_neuralprophet_frozen_s42,neuralprophet,frozen,selected,42,19,2025-05-19 01:00:00,2025-05-20 10:00:00,34,235.85,True,True,36.45975112915039,7.320963808377737,43.78071493752813,0,0,0.1
core_neuralprophet_frozen_s42,neuralprophet,frozen,selected,42,19,2025-05-19 01:00:00,2025-05-20 11:00:00,35,241.27,True,True,39.00381851196289,7.320963808377737,46.32478232034063,0,0,0.1
core_neuralprophet_frozen_s42,neuralprophet,frozen,selected,42,19,2025-05-19 01:00:00,2025-05-20 12:00:00,36,248.47,True,True,50.57497024536133,7.320963808377737,57.89593405373907,0,0,0.1
core_neuralprophet_frozen_s42,neuralprophet,frozen,selected,42,19,2025-05-19 01:00:00,2025-05-20 13:00:00,37,252.48,True,True,56.604923248291016,7.320963808377737,63.925887056668756,0,0,0.1
core_neuralprophet_frozen_s42,neuralprophet,frozen,selected,42,19,2025-05-19 01:00:00,2025-05-20 14:00:00,38,255.56,True,True,66.07596588134766,7.320963808377737,73.3969296897254,0,0,0.1
core_neuralprophet_frozen_s42,neuralprophet,frozen,selected,42,19,2025-05-19 01:00:00,2025-05-20 15:00:00,39,252.79,True,True,67.32560729980469,7.320963808377737,74.64657110818243,0,0,0.1
core_neuralprophet_frozen_s42,neuralprophet,frozen,selected,42,19,2025-05-19 01:00:00,2025-05-20 16:00:00,40,235.97,True,True,70.31636047363281,7.320963808377737,77.63732428201055,0,0,0.1
core_neuralprophet_frozen_s42,neuralprophet,frozen,selected,42,19,2025-05-19 01:00:00,2025-05-20 17:00:00,41,221.36,True,True,79.60836791992188,7.320963808377737,86.92933172829962,0,0,0.1
core_neuralprophet_frozen_s42,neuralprophet,frozen,selected,42,19,2025-05-19 01:00:00,2025-05-20 18:00:00,42,203.64,True,True,73.3456802368164,7.320963808377737,80.66664404519415,0,0,0.1
core_neuralprophet_frozen_s42,neuralprophet,frozen,selected,42,19,2025-05-19 01:00:00,2025-05-20 19:00:00,43,183.0,True,True,79.11105346679688,7.320963808377737,86.43201727517462,0,0,0.1
core_neuralprophet_frozen_s42,neuralprophet,frozen,selected,42,19,2025-05-19 01:00:00,2025-05-20 20:00:00,44,176.9,True,True,69.2933349609375,7.320963808377737,76.61429876931524,0,0,0.1
core_neuralprophet_frozen_s42,neuralprophet,frozen,selected,42,19,2025-05-19 01:00:00,2025-05-20 21:00:00,45,180.99,True,True,85.26918029785156,7.320963808377737,92.5901441062293,0,0,0.1
core_neuralprophet_frozen_s42,neuralprophet,frozen,selected,42,19,2025-05-19 01:00:00,2025-05-20 22:00:00,46,185.2,True,True,73.10629272460938,7.320963808377737,80.42725653298712,0,0,0.1
core_neuralprophet_frozen_s42,neuralprophet,frozen,selected,42,19,2025-05-19 01:00:00,2025-05-20 23:00:00,47,190.97,True,True,69.29084777832031,7.320963808377737,76.61181158669805,0,0,0.1
core_neuralprophet_frozen_s42,neuralprophet,frozen,selected,42,19,2025-05-19 01:00:00,2025-05-21 00:00:00,48,197.37,True,True,65.83271789550781,7.320963808377737,73.15368170388555,0,0,0.1
core_neuralprophet_frozen_s42,neuralprophet,frozen,selected,42,19,2025-05-19 01:00:00,2025-05-21 01:00:00,49,193.42,True,True,59.74211883544922,7.320963808377737,67.06308264382696,0,0,0.1
core_neuralprophet_frozen_s42,neuralprophet,frozen,selected,42,19,2025-05-19 01:00:00,2025-05-21 02:00:00,50,176.81,True,True,59.16715240478516,7.320963808377737,66.4881162131629,0,0,0.1
core_neuralprophet_frozen_s42,neuralprophet,frozen,selected,42,19,2025-05-19 01:00:00,2025-05-21 03:00:00,51,157.6,True,True,62.246856689453125,7.320963808377737,69.56782049783087,0,0,0.1
core_neuralprophet_frozen_s42,neuralprophet,frozen,selected,42,19,2025-05-19 01:00:00,2025-05-21 04:00:00,52,141.83,True,True,73.14961242675781,7.320963808377737,80.47057623513555,0,0,0.1
core_neuralprophet_frozen_s42,neuralprophet,frozen,selected,42,19,2025-05-19 01:00:00,2025-05-21 05:00:00,53,127.85,True,True,57.44682312011719,7.320963808377737,64.76778692849493,0,0,0.1
core_neuralprophet_frozen_s42,neuralprophet,frozen,selected,42,19,2025-05-19 01:00:00,2025-05-21 06:00:00,54,112.63,True,True,46.30696868896485,7.320963808377737,53.627932497342584,0,0,0.1
core_neuralprophet_frozen_s42,neuralprophet,frozen,selected,42,19,2025-05-19 01:00:00,2025-05-21 07:00:00,55,100.55,True,True,36.09153747558594,7.320963808377737,43.41250128396368,0,0,0.1
core_neuralprophet_frozen_s42,neuralprophet,frozen,selected,42,19,2025-05-19 01:00:00,2025-05-21 08:00:00,56,87.82,True,True,24.29105758666992,7.320963808377737,31.612021395047655,0,0,0.1
core_neuralprophet_frozen_s42,neuralprophet,frozen,selected,42,19,2025-05-19 01:00:00,2025-05-21 09:00:00,57,72.32,True,True,8.811746597290039,7.320963808377737,16.132710405667776,0,0,0.1
core_neuralprophet_frozen_s42,neuralprophet,frozen,selected,42,19,2025-05-19 01:00:00,2025-05-21 10:00:00,58,57.66,True,True,0.0021582245826721,7.320963808377737,7.323122032960409,0,0,0.1
core_neuralprophet_frozen_s42,neuralprophet,frozen,selected,42,19,2025-05-19 01:00:00,2025-05-21 11:00:00,59,47.97,True,True,-6.7075514793396,7.320963808377737,0.6134123290381375,0,0,0.1
core_neuralprophet_frozen_s42,neuralprophet,frozen,selected,42,19,2025-05-19 01:00:00,2025-05-21 12:00:00,60,40.63,True,True,-20.74727439880371,7.320963808377737,-13.426310590425974,0,0,0.1
core_neuralprophet_frozen_s42,neuralprophet,frozen,selected,42,19,2025-05-19 01:00:00,2025-05-21 13:00:00,61,34.79,True,True,-27.91144180297852,7.320963808377737,-20.590477994600782,0,0,0.1
core_neuralprophet_frozen_s42,neuralprophet,frozen,selected,42,19,2025-05-19 01:00:00,2025-05-21 14:00:00,62,32.57,True,True,-29.9900016784668,7.320963808377737,-22.669037870089063,0,0,0.1
core_neuralprophet_frozen_s42,neuralprophet,frozen,selected,42,19,2025-05-19 01:00:00,2025-05-21 15:00:00,63,32.98,True,True,-23.003570556640625,7.320963808377737,-15.682606748262888,0,0,0.1
core_neuralprophet_frozen_s42,neuralprophet,frozen,selected,42,19,2025-05-19 01:00:00,2025-05-21 16:00:00,64,34.16,True,True,-34.46365737915039,7.320963808377737,-27.142693570772654,0,0,0.1
core_neuralprophet_frozen_s42,neuralprophet,frozen,selected,42,19,2025-05-19 01:00:00,2025-05-21 17:00:00,65,36.09,True,True,-25.20164680480957,7.320963808377737,-17.880682996431833,0,0,0.1
core_neuralprophet_frozen_s42,neuralprophet,frozen,selected,42,19,2025-05-19 01:00:00,2025-05-21 18:00:00,66,39.22,True,True,-26.5803337097168,7.320963808377737,-19.259369901339063,0,0,0.1
core_neuralprophet_frozen_s42,neuralprophet,frozen,selected,42,19,2025-05-19 01:00:00,2025-05-21 19:00:00,67,43.18,True,True,-17.752534866333008,7.320963808377737,-10.43157105795527,0,0,0.1
core_neuralprophet_frozen_s42,neuralprophet,frozen,selected,42,19,2025-05-19 01:00:00,2025-05-21 20:00:00,68,47.18,True,True,-18.836854934692383,7.320963808377737,-11.515891126314646,0,0,0.1
core_neuralprophet_frozen_s42,neuralprophet,frozen,selected,42,19,2025-05-19 01:00:00,2025-05-21 21:00:00,69,51.07,True,True,-13.18039321899414,7.320963808377737,-5.8594294106164035,0,0,0.1
core_neuralprophet_frozen_s42,neuralprophet,frozen,selected,42,19,2025-05-19 01:00:00,2025-05-21 22:00:00,70,54.83,True,True,-17.337697982788086,7.320963808377737,-10.016734174410349,0,0,0.1
core_neuralprophet_frozen_s42,neuralprophet,frozen,selected,42,19,2025-05-19 01:00:00,2025-05-21 23:00:00,71,59.2,True,True,-14.30457592010498,7.320963808377737,-6.983612111727243,0,0,0.1
core_neuralprophet_frozen_s42,neuralprophet,frozen,selected,42,19,2025-05-19 01:00:00,2025-05-22 00:00:00,72,63.88,True,True,-16.836828231811523,7.320963808377737,-9.515864423433786,0,0,0.1
core_neuralprophet_frozen_s42,neuralprophet,frozen,selected,42,19,2025-05-19 01:00:00,2025-05-22 01:00:00,73,73.72,True,True,-23.072355270385746,7.320963808377737,-15.751391462008009,0,0,0.1
core_neuralprophet_frozen_s42,neuralprophet,frozen,selected,42,19,2025-05-19 01:00:00,2025-05-22 02:00:00,74,73.79,True,True,-22.09101867675781,7.320963808377737,-14.770054868380072,0,0,0.1
core_neuralprophet_frozen_s42,neuralprophet,frozen,selected,42,19,2025-05-19 01:00:00,2025-05-22 03:00:00,75,69.67,True,True,-7.171137809753418,7.320963808377737,0.1498259986243191,0,0,0.1
core_neuralprophet_frozen_s42,neuralprophet,frozen,selected,42,19,2025-05-19 01:00:00,2025-05-22 04:00:00,76,53.7,True,True,-7.175257682800293,7.320963808377737,0.1457061255774441,0,0,0.1
core_neuralprophet_frozen_s42,neuralprophet,frozen,selected,42,19,2025-05-19 01:00:00,2025-05-22 05:00:00,77,39.75,True,True,6.749767780303955,7.320963808377737,14.070731588681692,0,0,0.1
core_neuralprophet_frozen_s42,neuralprophet,frozen,selected,42,19,2025-05-19 01:00:00,2025-05-22 06:00:00,78,32.66,True,True,-2.449316024780273,7.320963808377737,4.871647783597464,0,0,0.1
core_neuralprophet_frozen_s42,neuralprophet,frozen,selected,42,19,2025-05-19 01:00:00,2025-05-22 07:00:00,79,30.01,True,True,0.9166369438171388,7.320963808377737,8.237600752194876,0,0,0.1
core_neuralprophet_frozen_s42,neuralprophet,frozen,selected,42,19,2025-05-19 01:00:00,2025-05-22 08:00:00,80,29.59,True,True,8.201069831848145,7.320963808377737,15.522033640225882,0,0,0.1
core_neuralprophet_frozen_s42,neuralprophet,frozen,selected,42,19,2025-05-19 01:00:00,2025-05-22 09:00:00,81,28.73,True,True,1.9379582405090328,7.320963808377737,9.25892204888677,0,0,0.1
core_neuralprophet_frozen_s42,neuralprophet,frozen,selected,42,19,2025-05-19 01:00:00,2025-05-22 10:00:00,82,26.27,True,True,6.63955020904541,7.320963808377737,13.960514017423147,0,0,0.1
core_neuralprophet_frozen_s42,neuralprophet,frozen,selected,42,19,2025-05-19 01:00:00,2025-05-22 11:00:00,83,23.29,True,True,-1.338571310043335,7.320963808377737,5.982392498334402,0,0,0.1
core_neuralprophet_frozen_s42,neuralprophet,frozen,selected,42,19,2025-05-19 01:00:00,2025-05-22 12:00:00,84,20.54,True,True,-8.555413246154785,7.320963808377737,-1.234449437777048,0,0,0.1
core_neuralprophet_frozen_s42,neuralprophet,frozen,selected,42,19,2025-05-19 01:00:00,2025-05-22 13:00:00,85,19.19,True,True,-3.6036221981048575,7.320963808377737,3.7173416102728796,0,0,0.1
core_neuralprophet_frozen_s42,neuralprophet,frozen,selected,42,19,2025-05-19 01:00:00,2025-05-22 14:00:00,86,18.8,True,True,-3.92529559135437,7.320963808377737,3.395668217023367,0,0,0.1
core_neuralprophet_frozen_s42,neuralprophet,frozen,selected,42,19,2025-05-19 01:00:00,2025-05-22 15:00:00,87,18.92,True,True,2.272428035736084,7.320963808377737,9.593391844113821,0,0,0.1
core_neuralprophet_frozen_s42,neuralprophet,frozen,selected,42,19,2025-05-19 01:00:00,2025-05-22 16:00:00,88,19.72,True,True,1.1075760126113892,7.320963808377737,8.428539820989126,0,0,0.1
core_neuralprophet_frozen_s42,neuralprophet,frozen,selected,42,19,2025-05-19 01:00:00,2025-05-22 17:00:00,89,21.6,True,True,18.873748779296875,7.320963808377737,26.194712587674612,0,0,0.1
core_neuralprophet_frozen_s42,neuralprophet,frozen,selected,42,19,2025-05-19 01:00:00,2025-05-22 18:00:00,90,23.58,True,True,22.715011596679688,7.320963808377737,30.035975405057425,0,0,0.1
core_neuralprophet_frozen_s42,neuralprophet,frozen,selected,42,19,2025-05-19 01:00:00,2025-05-22 19:00:00,91,25.79,True,True,32.50641250610352,7.320963808377737,39.827376314481256,0,0,0.1
core_neuralprophet_frozen_s42,neuralprophet,frozen,selected,42,19,2025-05-19 01:00:00,2025-05-22 20:00:00,92,28.15,True,True,33.123714447021484,7.320963808377737,40.444678255399225,0,0,0.1
core_neuralprophet_frozen_s42,neuralprophet,frozen,selected,42,19,2025-05-19 01:00:00,2025-05-22 21:00:00,93,30.46,True,True,49.81005859375,7.320963808377737,57.13102240212774,0,0,0.1
core_neuralprophet_frozen_s42,neuralprophet,frozen,selected,42,19,2025-05-19 01:00:00,2025-05-22 22:00:00,94,32.33,True,True,59.08954620361328,7.320963808377737,66.41051001199102,0,0,0.1
core_neuralprophet_frozen_s42,neuralprophet,frozen,selected,42,19,2025-05-19 01:00:00,2025-05-22 23:00:00,95,32.66,True,True,60.120391845703125,7.320963808377737,67.44135565408087,0,0,0.1
core_neuralprophet_frozen_s42,neuralprophet,frozen,selected,42,19,2025-05-19 01:00:00,2025-05-23 00:00:00,96,30.51,True,True,48.84498596191406,7.320963808377737,56.1659497702918,0,0,0.1
core_neuralprophet_frozen_s42,neuralprophet,frozen,selected,42,19,2025-05-19 01:00:00,2025-05-23 01:00:00,97,27.16,True,True,37.986454010009766,7.320963808377737,45.307417818387506,0,0,0.1
core_neuralprophet_frozen_s42,neuralprophet,frozen,selected,42,19,2025-05-19 01:00:00,2025-05-23 02:00:00,98,23.62,True,True,52.456329345703125,7.320963808377737,59.777293154080866,0,0,0.1
core_neuralprophet_frozen_s42,neuralprophet,frozen,selected,42,19,2025-05-19 01:00:00,2025-05-23 03:00:00,99,20.2,True,True,54.46034240722656,7.320963808377737,61.7813062156043,0,0,0.1
core_neuralprophet_frozen_s42,neuralprophet,frozen,selected,42,19,2025-05-19 01:00:00,2025-05-23 04:00:00,100,13.57,True,True,67.46233367919922,7.320963808377737,74.78329748757696,0,0,0.1
core_neuralprophet_frozen_s42,neuralprophet,frozen,selected,42,19,2025-05-19 01:00:00,2025-05-23 05:00:00,101,11.08,True,True,58.39374923706055,7.320963808377737,65.71471304543829,0,0,0.1
core_neuralprophet_frozen_s42,neuralprophet,frozen,selected,42,19,2025-05-19 01:00:00,2025-05-23 06:00:00,102,10.87,True,True,58.40324401855469,7.320963808377737,65.72420782693243,0,0,0.1
core_neuralprophet_frozen_s42,neuralprophet,frozen,selected,42,19,2025-05-19 01:00:00,2025-05-23 07:00:00,103,11.57,True,True,65.30458068847656,7.320963808377737,72.6255444968543,0,0,0.1
core_neuralprophet_frozen_s42,neuralprophet,frozen,selected,42,19,2025-05-19 01:00:00,2025-05-23 08:00:00,104,12.49,True,True,57.51031494140625,7.320963808377737,64.83127874978399,0,0,0.1
core_neuralprophet_frozen_s42,neuralprophet,frozen,selected,42,19,2025-05-19 01:00:00,2025-05-23 09:00:00,105,13.52,True,True,56.65045547485352,7.320963808377737,63.971419283231256,0,0,0.1
core_neuralprophet_frozen_s42,neuralprophet,frozen,selected,42,19,2025-05-19 01:00:00,2025-05-23 10:00:00,106,15.21,True,True,40.75576400756836,7.320963808377737,48.0767278159461,0,0,0.1
core_neuralprophet_frozen_s42,neuralprophet,frozen,selected,42,19,2025-05-19 01:00:00,2025-05-23 11:00:00,107,16.57,True,True,39.812984466552734,7.320963808377737,47.133948274930475,0,0,0.1
core_neuralprophet_frozen_s42,neuralprophet,frozen,selected,42,19,2025-05-19 01:00:00,2025-05-23 12:00:00,108,17.55,True,True,25.84947395324707,7.320963808377737,33.17043776162481,0,0,0.1
core_neuralprophet_frozen_s42,neuralprophet,frozen,selected,42,19,2025-05-19 01:00:00,2025-05-23 13:00:00,109,18.58,True,True,30.81841278076172,7.320963808377737,38.13937658913946,0,0,0.1
core_neuralprophet_frozen_s42,neuralprophet,frozen,selected,42,19,2025-05-19 01:00:00,2025-05-23 14:00:00,110,20.24,True,True,30.107112884521484,7.320963808377737,37.428076692899225,0,0,0.1
core_neuralprophet_frozen_s42,neuralprophet,frozen,selected,42,19,2025-05-19 01:00:00,2025-05-23 15:00:00,111,21.72,True,True,27.82488441467285,7.320963808377737,35.14584822305059,0,0,0.1
core_neuralprophet_frozen_s42,neuralprophet,frozen,selected,42,19,2025-05-19 01:00:00,2025-05-23 16:00:00,112,22.19,True,True,27.555423736572266,7.320963808377737,34.876387544950006,0,0,0.1
core_neuralprophet_frozen_s42,neuralprophet,frozen,selected,42,19,2025-05-19 01:00:00,2025-05-23 17:00:00,113,22.27,True,True,37.7843132019043,7.320963808377737,45.10527701028204,0,0,0.1
core_neuralprophet_frozen_s42,neuralprophet,frozen,selected,42,19,2025-05-19 01:00:00,2025-05-23 18:00:00,114,21.94,True,True,25.26353645324707,7.320963808377737,32.58450026162481,0,0,0.1
core_neuralprophet_frozen_s42,neuralprophet,frozen,selected,42,19,2025-05-19 01:00:00,2025-05-23 19:00:00,115,21.13,True,True,25.94115829467773,7.320963808377737,33.26212210305547,0,0,0.1
core_neuralprophet_frozen_s42,neuralprophet,frozen,selected,42,19,2025-05-19 01:00:00,2025-05-23 20:00:00,116,20.2,True,True,33.33893203735352,7.320963808377737,40.659895845731256,0,0,0.1
core_neuralprophet_frozen_s42,neuralprophet,frozen,selected,42,19,2025-05-19 01:00:00,2025-05-23 21:00:00,117,19.07,True,True,36.298641204833984,7.320963808377737,43.619605013211725,0,0,0.1
core_neuralprophet_frozen_s42,neuralprophet,frozen,selected,42,19,2025-05-19 01:00:00,2025-05-23 22:00:00,118,17.49,True,True,20.651369094848636,7.320963808377737,27.972332903226373,0,0,0.1
core_neuralprophet_frozen_s42,neuralprophet,frozen,selected,42,19,2025-05-19 01:00:00,2025-05-23 23:00:00,119,16.28,True,True,13.719944953918455,7.320963808377737,21.04090876229619,0,0,0.1
core_neuralprophet_frozen_s42,neuralprophet,frozen,selected,42,19,2025-05-19 01:00:00,2025-05-24 00:00:00,120,15.78,True,True,3.0211076736450195,7.320963808377737,10.342071482022757,0,0,0.1
core_neuralprophet_frozen_s42,neuralprophet,frozen,selected,42,19,2025-05-19 01:00:00,2025-05-24 01:00:00,121,15.27,True,True,-11.724961280822754,7.320963808377737,-4.403997472445017,0,0,0.1
core_neuralprophet_frozen_s42,neuralprophet,frozen,selected,42,19,2025-05-19 01:00:00,2025-05-24 02:00:00,122,16.66,True,True,-9.950177192687988,7.320963808377737,-2.629213384310251,0,0,0.1
core_neuralprophet_frozen_s42,neuralprophet,frozen,selected,42,19,2025-05-19 01:00:00,2025-05-24 03:00:00,123,21.0,True,True,-12.305206298828123,7.320963808377737,-4.984242490450386,0,0,0.1
core_neuralprophet_frozen_s42,neuralprophet,frozen,selected,42,19,2025-05-19 01:00:00,2025-05-24 04:00:00,124,8.1,True,True,-21.75951385498047,7.320963808377737,-14.438550046602732,0,0,0.1
core_neuralprophet_frozen_s42,neuralprophet,frozen,selected,42,19,2025-05-19 01:00:00,2025-05-24 05:00:00,125,6.35,True,True,-9.439095497131348,7.320963808377737,-2.1181316887536106,0,0,0.1
core_neuralprophet_frozen_s42,neuralprophet,frozen,selected,42,19,2025-05-19 01:00:00,2025-05-24 06:00:00,126,6.48,True,True,-18.748685836791992,7.320963808377737,-11.427722028414255,0,0,0.1
core_neuralprophet_frozen_s42,neuralprophet,frozen,selected,42,19,2025-05-19 01:00:00,2025-05-24 07:00:00,127,7.06,True,True,-21.568687438964844,7.320963808377737,-14.247723630587107,0,0,0.1
core_neuralprophet_frozen_s42,neuralprophet,frozen,selected,42,19,2025-05-19 01:00:00,2025-05-24 08:00:00,128,8.02,True,True,-30.0533390045166,7.320963808377737,-22.732375196138864,0,0,0.1
core_neuralprophet_frozen_s42,neuralprophet,frozen,selected,42,19,2025-05-19 01:00:00,2025-05-24 09:00:00,129,8.71,True,True,-31.77919006347656,7.320963808377737,-24.458226255098822,0,0,0.1
core_neuralprophet_frozen_s42,neuralprophet,frozen,selected,42,19,2025-05-19 01:00:00,2025-05-24 10:00:00,130,9.36,True,True,-37.49974060058594,7.320963808377737,-30.1787767922082,0,0,0.1
core_neuralprophet_frozen_s42,neuralprophet,frozen,selected,42,19,2025-05-19 01:00:00,2025-05-24 11:00:00,131,9.98,True,True,-40.84132766723633,7.320963808377737,-33.52036385885859,0,0,0.1
core_neuralprophet_frozen_s42,neuralprophet,frozen,selected,42,19,2025-05-19 01:00:00,2025-05-24 12:00:00,132,10.31,True,True,-37.22824478149414,7.320963808377737,-29.907280973116404,0,0,0.1
core_neuralprophet_frozen_s42,neuralprophet,frozen,selected,42,19,2025-05-19 01:00:00,2025-05-24 13:00:00,133,10.45,True,True,-32.90922927856445,7.320963808377737,-25.588265470186716,0,0,0.1
core_neuralprophet_frozen_s42,neuralprophet,frozen,selected,42,19,2025-05-19 01:00:00,2025-05-24 14:00:00,134,10.93,True,True,-32.213401794433594,7.320963808377737,-24.892437986055857,0,0,0.1
core_neuralprophet_frozen_s42,neuralprophet,frozen,selected,42,19,2025-05-19 01:00:00,2025-05-24 15:00:00,135,12.21,True,True,-20.473485946655277,7.320963808377737,-13.15252213827754,0,0,0.1
core_neuralprophet_frozen_s42,neuralprophet,frozen,selected,42,19,2025-05-19 01:00:00,2025-05-24 16:00:00,136,14.99,True,True,-23.18354797363281,7.320963808377737,-15.862584165255072,0,0,0.1
core_neuralprophet_frozen_s42,neuralprophet,frozen,selected,42,19,2025-05-19 01:00:00,2025-05-24 17:00:00,137,20.75,True,True,-11.54590892791748,7.320963808377737,-4.224945119539743,0,0,0.1
core_neuralprophet_frozen_s42,neuralprophet,frozen,selected,42,19,2025-05-19 01:00:00,2025-05-24 18:00:00,138,28.33,True,True,-1.736086368560791,7.320963808377737,5.584877439816946,0,0,0.1
core_neuralprophet_frozen_s42,neuralprophet,frozen,selected,42,19,2025-05-19 01:00:00,2025-05-24 19:00:00,139,33.88,True,True,-0.0842395424842834,7.320963808377737,7.236724265893454,0,0,0.1
core_neuralprophet_frozen_s42,neuralprophet,frozen,selected,42,19,2025-05-19 01:00:00,2025-05-24 20:00:00,140,36.17,True,True,7.324629783630371,7.320963808377737,14.645593592008108,0,0,0.1
core_neuralprophet_frozen_s42,neuralprophet,frozen,selected,42,19,2025-05-19 01:00:00,2025-05-24 21:00:00,141,37.23,True,True,24.848926544189453,7.320963808377737,32.169890352567194,0,0,0.1
core_neuralprophet_frozen_s42,neuralprophet,frozen,selected,42,19,2025-05-19 01:00:00,2025-05-24 22:00:00,142,36.97,True,True,15.372633934020996,7.320963808377737,22.693597742398733,0,0,0.1
core_neuralprophet_frozen_s42,neuralprophet,frozen,selected,42,19,2025-05-19 01:00:00,2025-05-24 23:00:00,143,36.1,True,True,16.959529876708984,7.320963808377737,24.28049368508672,0,0,0.1
core_neuralprophet_frozen_s42,neuralprophet,frozen,selected,42,19,2025-05-19 01:00:00,2025-05-25 00:00:00,144,36.23,True,True,18.61739730834961,7.320963808377737,25.938361116727346,0,0,0.1
core_neuralprophet_frozen_s42,neuralprophet,frozen,selected,42,19,2025-05-19 01:00:00,2025-05-25 01:00:00,145,38.53,True,True,16.07750129699707,7.320963808377737,23.398465105374807,0,0,0.1
core_neuralprophet_frozen_s42,neuralprophet,frozen,selected,42,19,2025-05-19 01:00:00,2025-05-25 02:00:00,146,43.74,True,True,28.023601531982425,7.320963808377737,35.34456534036016,0,0,0.1
core_neuralprophet_frozen_s42,neuralprophet,frozen,selected,42,19,2025-05-19 01:00:00,2025-05-25 03:00:00,147,53.17,True,True,25.2808895111084,7.320963808377737,32.60185331948614,0,0,0.1
core_neuralprophet_frozen_s42,neuralprophet,frozen,selected,42,19,2025-05-19 01:00:00,2025-05-25 04:00:00,148,70.97,True,True,56.198089599609375,7.320963808377737,63.519053407987116,0,0,0.1
core_neuralprophet_frozen_s42,neuralprophet,frozen,selected,42,19,2025-05-19 01:00:00,2025-05-25 05:00:00,149,85.64,True,True,60.52634048461914,7.320963808377737,67.84730429299688,0,0,0.1
core_neuralprophet_frozen_s42,neuralprophet,frozen,selected,42,19,2025-05-19 01:00:00,2025-05-25 06:00:00,150,96.54,True,True,52.151588439941406,7.320963808377737,59.47255224831915,0,0,0.1
core_neuralprophet_frozen_s42,neuralprophet,frozen,selected,42,19,2025-05-19 01:00:00,2025-05-25 07:00:00,151,75.53,True,True,52.655006408691406,7.320963808377737,59.97597021706915,0,0,0.1
core_neuralprophet_frozen_s42,neuralprophet,frozen,selected,42,19,2025-05-19 01:00:00,2025-05-25 08:00:00,152,59.07,True,True,45.11477279663086,7.320963808377737,52.4357366050086,0,0,0.1
core_neuralprophet_frozen_s42,neuralprophet,frozen,selected,42,19,2025-05-19 01:00:00,2025-05-25 09:00:00,153,57.36,True,True,36.81333541870117,7.320963808377737,44.13429922707891,0,0,0.1
core_neuralprophet_frozen_s42,neuralprophet,frozen,selected,42,19,2025-05-19 01:00:00,2025-05-25 10:00:00,154,61.11,True,True,38.11001586914063,7.320963808377737,45.430979677518366,0,0,0.1
core_neuralprophet_frozen_s42,neuralprophet,frozen,selected,42,19,2025-05-19 01:00:00,2025-05-25 11:00:00,155,68.26,True,True,36.14345932006836,7.320963808377737,43.4644231284461,0,0,0.1
core_neuralprophet_frozen_s42,neuralprophet,frozen,selected,42,19,2025-05-19 01:00:00,2025-05-25 12:00:00,156,72.31,True,True,30.473438262939453,7.320963808377737,37.794402071317194,0,0,0.1
core_neuralprophet_frozen_s42,neuralprophet,frozen,selected,42,19,2025-05-19 01:00:00,2025-05-25 13:00:00,157,74.21,True,True,38.798301696777344,7.320963808377737,46.119265505155084,0,0,0.1
core_neuralprophet_frozen_s42,neuralprophet,frozen,selected,42,19,2025-05-19 01:00:00,2025-05-25 14:00:00,158,78.92,True,True,31.459272384643555,7.320963808377737,38.780236193021295,0,0,0.1
core_neuralprophet_frozen_s42,neuralprophet,frozen,selected,42,19,2025-05-19 01:00:00,2025-05-25 15:00:00,159,85.57,True,True,35.63357162475586,7.320963808377737,42.9545354331336,0,0,0.1
core_neuralprophet_frozen_s42,neuralprophet,frozen,selected,42,19,2025-05-19 01:00:00,2025-05-25 16:00:00,160,90.13,True,True,41.23701858520508,7.320963808377737,48.55798239358282,0,0,0.1
core_neuralprophet_frozen_s42,neuralprophet,frozen,selected,42,19,2025-05-19 01:00:00,2025-05-25 17:00:00,161,94.95,True,True,46.399322509765625,7.320963808377737,53.720286318143366,0,0,0.1
core_neuralprophet_frozen_s42,neuralprophet,frozen,selected,42,19,2025-05-19 01:00:00,2025-05-25 18:00:00,162,99.77,True,True,53.19489669799805,7.320963808377737,60.51586050637579,0,0,0.1
core_neuralprophet_frozen_s42,neuralprophet,frozen,selected,42,19,2025-05-19 01:00:00,2025-05-25 19:00:00,163,103.65,True,True,48.5876579284668,7.320963808377737,55.90862173684454,0,0,0.1
core_neuralprophet_frozen_s42,neuralprophet,frozen,selected,42,19,2025-05-19 01:00:00,2025-05-25 20:00:00,164,107.85,True,True,57.32737731933594,7.320963808377737,64.64834112771368,0,0,0.1
core_neuralprophet_frozen_s42,neuralprophet,frozen,selected,42,19,2025-05-19 01:00:00,2025-05-25 21:00:00,165,111.85,True,True,58.97850036621094,7.320963808377737,66.29946417458868,0,0,0.1
core_neuralprophet_frozen_s42,neuralprophet,frozen,selected,42,19,2025-05-19 01:00:00,2025-05-25 22:00:00,166,115.0,True,True,50.49222183227539,7.320963808377737,57.81318564065313,0,0,0.1
core_neuralprophet_frozen_s42,neuralprophet,frozen,selected,42,19,2025-05-19 01:00:00,2025-05-25 23:00:00,167,118.86,True,True,39.09583282470703,7.320963808377737,46.41679663308477,0,0,0.1
core_neuralprophet_frozen_s42,neuralprophet,frozen,selected,42,19,2025-05-19 01:00:00,2025-05-26 00:00:00,168,123.56,True,True,42.46842193603516,7.320963808377737,49.7893857444129,0,0,0.1
core_neuralprophet_frozen_s42,neuralprophet,frozen,selected,42,20,2025-05-26 01:00:00,2025-05-26 01:00:00,1,147.57,True,True,110.57049560546876,13.189010458690067,123.75950606415883,0,0,0.1
core_neuralprophet_frozen_s42,neuralprophet,frozen,selected,42,20,2025-05-26 01:00:00,2025-05-26 02:00:00,2,159.14,True,True,114.99504852294922,13.189010458690067,128.18405898163928,0,0,0.1
core_neuralprophet_frozen_s42,neuralprophet,frozen,selected,42,20,2025-05-26 01:00:00,2025-05-26 03:00:00,3,169.05,True,True,101.90158081054688,13.189010458690067,115.09059126923694,0,0,0.1
core_neuralprophet_frozen_s42,neuralprophet,frozen,selected,42,20,2025-05-26 01:00:00,2025-05-26 04:00:00,4,116.49,True,True,69.3180923461914,13.189010458690067,82.50710280488147,0,0,0.1
core_neuralprophet_frozen_s42,neuralprophet,frozen,selected,42,20,2025-05-26 01:00:00,2025-05-26 05:00:00,5,77.15,True,True,66.85613250732422,13.189010458690067,80.04514296601428,0,0,0.1
core_neuralprophet_frozen_s42,neuralprophet,frozen,selected,42,20,2025-05-26 01:00:00,2025-05-26 06:00:00,6,61.24,True,True,55.6874885559082,13.189010458690067,68.87649901459827,0,0,0.1
core_neuralprophet_frozen_s42,neuralprophet,frozen,selected,42,20,2025-05-26 01:00:00,2025-05-26 07:00:00,7,53.83,True,True,43.76680755615234,13.189010458690067,56.95581801484241,0,0,0.1
core_neuralprophet_frozen_s42,neuralprophet,frozen,selected,42,20,2025-05-26 01:00:00,2025-05-26 08:00:00,8,51.38,True,True,46.30816268920898,13.189010458690067,59.49717314789905,0,0,0.1
core_neuralprophet_frozen_s42,neuralprophet,frozen,selected,42,20,2025-05-26 01:00:00,2025-05-26 09:00:00,9,47.56,True,True,19.168773651123047,13.189010458690067,32.35778410981311,0,0,0.1
core_neuralprophet_frozen_s42,neuralprophet,frozen,selected,42,20,2025-05-26 01:00:00,2025-05-26 10:00:00,10,46.02,True,True,21.64002990722656,13.189010458690067,34.829040365916626,0,0,0.1
core_neuralprophet_frozen_s42,neuralprophet,frozen,selected,42,20,2025-05-26 01:00:00,2025-05-26 11:00:00,11,48.74,True,True,22.828907012939453,13.189010458690067,36.01791747162952,0,0,0.1
core_neuralprophet_frozen_s42,neuralprophet,frozen,selected,42,20,2025-05-26 01:00:00,2025-05-26 12:00:00,12,51.95,True,True,24.999828338623047,13.189010458690067,38.18883879731311,0,0,0.1
core_neuralprophet_frozen_s42,neuralprophet,frozen,selected,42,20,2025-05-26 01:00:00,2025-05-26 13:00:00,13,54.55,True,True,29.335569381713867,13.189010458690067,42.52457984040393,0,0,0.1
core_neuralprophet_frozen_s42,neuralprophet,frozen,selected,42,20,2025-05-26 01:00:00,2025-05-26 14:00:00,14,58.95,True,True,27.39729881286621,13.189010458690067,40.586309271556274,0,0,0.1
core_neuralprophet_frozen_s42,neuralprophet,frozen,selected,42,20,2025-05-26 01:00:00,2025-05-26 15:00:00,15,64.15,True,True,28.46646499633789,13.189010458690067,41.655475455027954,0,0,0.1
core_neuralprophet_frozen_s42,neuralprophet,frozen,selected,42,20,2025-05-26 01:00:00,2025-05-26 16:00:00,16,67.48,True,True,24.0164794921875,13.189010458690067,37.20548995087756,0,0,0.1
core_neuralprophet_frozen_s42,neuralprophet,frozen,selected,42,20,2025-05-26 01:00:00,2025-05-26 17:00:00,17,70.49,True,True,35.204246520996094,13.189010458690067,48.39325697968616,0,0,0.1
core_neuralprophet_frozen_s42,neuralprophet,frozen,selected,42,20,2025-05-26 01:00:00,2025-05-26 18:00:00,18,75.28,True,True,25.038663864135746,13.189010458690067,38.22767432282581,0,0,0.1
core_neuralprophet_frozen_s42,neuralprophet,frozen,selected,42,20,2025-05-26 01:00:00,2025-05-26 19:00:00,19,82.19,True,True,21.94022560119629,13.189010458690067,35.12923605988635,0,0,0.1
core_neuralprophet_frozen_s42,neuralprophet,frozen,selected,42,20,2025-05-26 01:00:00,2025-05-26 20:00:00,20,87.9,True,True,17.265073776245117,13.189010458690067,30.454084234935184,0,0,0.1
core_neuralprophet_frozen_s42,neuralprophet,frozen,selected,42,20,2025-05-26 01:00:00,2025-05-26 21:00:00,21,92.42,True,True,34.23505783081055,13.189010458690067,47.42406828950061,0,0,0.1
core_neuralprophet_frozen_s42,neuralprophet,frozen,selected,42,20,2025-05-26 01:00:00,2025-05-26 22:00:00,22,94.82,True,True,29.235769271850582,13.189010458690067,42.42477973054065,0,0,0.1
core_neuralprophet_frozen_s42,neuralprophet,frozen,selected,42,20,2025-05-26 01:00:00,2025-05-26 23:00:00,23,94.78,True,True,35.764869689941406,13.189010458690067,48.95388014863147,0,0,0.1
core_neuralprophet_frozen_s42,neuralprophet,frozen,selected,42,20,2025-05-26 01:00:00,2025-05-27 00:00:00,24,95.66,True,True,35.932918548583984,13.189010458690067,49.12192900727405,0,0,0.1
core_neuralprophet_frozen_s42,neuralprophet,frozen,selected,42,20,2025-05-26 01:00:00,2025-05-27 01:00:00,25,100.08,True,True,28.303009033203125,13.189010458690067,41.49201949189319,0,0,0.1
core_neuralprophet_frozen_s42,neuralprophet,frozen,selected,42,20,2025-05-26 01:00:00,2025-05-27 02:00:00,26,105.77,True,True,34.314842224121094,13.189010458690067,47.50385268281116,0,0,0.1
core_neuralprophet_frozen_s42,neuralprophet,frozen,selected,42,20,2025-05-26 01:00:00,2025-05-27 03:00:00,27,117.39,True,True,33.912071228027344,13.189010458690067,47.10108168671741,0,0,0.1
core_neuralprophet_frozen_s42,neuralprophet,frozen,selected,42,20,2025-05-26 01:00:00,2025-05-27 04:00:00,28,74.96,True,True,34.271663665771484,13.189010458690067,47.46067412446155,0,0,0.1
core_neuralprophet_frozen_s42,neuralprophet,frozen,selected,42,20,2025-05-26 01:00:00,2025-05-27 05:00:00,29,50.71,True,True,28.85296630859375,13.189010458690067,42.04197676728381,0,0,0.1
core_neuralprophet_frozen_s42,neuralprophet,frozen,selected,42,20,2025-05-26 01:00:00,2025-05-27 06:00:00,30,46.92,True,True,17.37253761291504,13.189010458690067,30.561548071605106,0,0,0.1
core_neuralprophet_frozen_s42,neuralprophet,frozen,selected,42,20,2025-05-26 01:00:00,2025-05-27 07:00:00,31,47.1,True,True,13.490139961242676,13.189010458690067,26.679150419932743,0,0,0.1
core_neuralprophet_frozen_s42,neuralprophet,frozen,selected,42,20,2025-05-26 01:00:00,2025-05-27 08:00:00,32,48.59,True,True,10.652363777160645,13.189010458690067,23.84137423585071,0,0,0.1
core_neuralprophet_frozen_s42,neuralprophet,frozen,selected,42,20,2025-05-26 01:00:00,2025-05-27 09:00:00,33,49.5,True,True,5.9745869636535645,13.189010458690067,19.16359742234363,0,0,0.1
core_neuralprophet_frozen_s42,neuralprophet,frozen,selected,42,20,2025-05-26 01:00:00,2025-05-27 10:00:00,34,51.4,True,True,4.33582878112793,13.189010458690067,17.524839239817997,0,0,0.1
core_neuralprophet_frozen_s42,neuralprophet,frozen,selected,42,20,2025-05-26 01:00:00,2025-05-27 11:00:00,35,54.19,True,True,8.391608238220215,13.189010458690067,21.580618696910282,0,0,0.1
core_neuralprophet_frozen_s42,neuralprophet,frozen,selected,42,20,2025-05-26 01:00:00,2025-05-27 12:00:00,36,56.51,True,True,8.304694175720215,13.189010458690067,21.493704634410282,0,0,0.1
core_neuralprophet_frozen_s42,neuralprophet,frozen,selected,42,20,2025-05-26 01:00:00,2025-05-27 13:00:00,37,56.85,True,True,16.664609909057617,13.189010458690067,29.853620367747684,0,0,0.1
core_neuralprophet_frozen_s42,neuralprophet,frozen,selected,42,20,2025-05-26 01:00:00,2025-05-27 14:00:00,38,57.91,True,True,15.98641300201416,13.189010458690067,29.175423460704227,0,0,0.1
core_neuralprophet_frozen_s42,neuralprophet,frozen,selected,42,20,2025-05-26 01:00:00,2025-05-27 15:00:00,39,60.82,True,True,22.118749618530277,13.189010458690067,35.307760077220344,0,0,0.1
core_neuralprophet_frozen_s42,neuralprophet,frozen,selected,42,20,2025-05-26 01:00:00,2025-05-27 16:00:00,40,64.69,True,True,14.642426490783691,13.189010458690067,27.83143694947376,0,0,0.1
core_neuralprophet_frozen_s42,neuralprophet,frozen,selected,42,20,2025-05-26 01:00:00,2025-05-27 17:00:00,41,68.07,True,True,20.623300552368164,13.189010458690067,33.81231101105823,0,0,0.1
core_neuralprophet_frozen_s42,neuralprophet,frozen,selected,42,20,2025-05-26 01:00:00,2025-05-27 18:00:00,42,71.53,True,True,16.027109146118164,13.189010458690067,29.21611960480823,0,0,0.1
core_neuralprophet_frozen_s42,neuralprophet,frozen,selected,42,20,2025-05-26 01:00:00,2025-05-27 19:00:00,43,74.79,True,True,14.311639785766602,13.189010458690067,27.50065024445667,0,0,0.1
core_neuralprophet_frozen_s42,neuralprophet,frozen,selected,42,20,2025-05-26 01:00:00,2025-05-27 20:00:00,44,77.76,True,True,30.81822204589844,13.189010458690067,44.00723250458851,0,0,0.1
core_neuralprophet_frozen_s42,neuralprophet,frozen,selected,42,20,2025-05-26 01:00:00,2025-05-27 21:00:00,45,80.77,True,True,25.67204475402832,13.189010458690067,38.861055212718384,0,0,0.1
core_neuralprophet_frozen_s42,neuralprophet,frozen,selected,42,20,2025-05-26 01:00:00,2025-05-27 22:00:00,46,83.57,True,True,30.844898223876957,13.189010458690067,44.033908682567024,0,0,0.1
core_neuralprophet_frozen_s42,neuralprophet,frozen,selected,42,20,2025-05-26 01:00:00,2025-05-27 23:00:00,47,87.36,True,True,31.506574630737305,13.189010458690067,44.69558508942737,0,0,0.1
core_neuralprophet_frozen_s42,neuralprophet,frozen,selected,42,20,2025-05-26 01:00:00,2025-05-28 00:00:00,48,94.33,True,True,32.09027099609375,13.189010458690067,45.27928145478381,0,0,0.1
core_neuralprophet_frozen_s42,neuralprophet,frozen,selected,42,20,2025-05-26 01:00:00,2025-05-28 01:00:00,49,107.22,True,True,25.705846786499023,13.189010458690067,38.89485724518909,0,0,0.1
core_neuralprophet_frozen_s42,neuralprophet,frozen,selected,42,20,2025-05-26 01:00:00,2025-05-28 02:00:00,50,116.34,True,True,21.39254379272461,13.189010458690067,34.58155425141467,0,0,0.1
core_neuralprophet_frozen_s42,neuralprophet,frozen,selected,42,20,2025-05-26 01:00:00,2025-05-28 03:00:00,51,127.5,True,True,24.52784919738769,13.189010458690067,37.71685965607776,0,0,0.1
core_neuralprophet_frozen_s42,neuralprophet,frozen,selected,42,20,2025-05-26 01:00:00,2025-05-28 04:00:00,52,76.77,True,True,12.071817398071287,13.189010458690067,25.260827856761352,0,0,0.1
core_neuralprophet_frozen_s42,neuralprophet,frozen,selected,42,20,2025-05-26 01:00:00,2025-05-28 05:00:00,53,61.04,True,True,10.248992919921877,13.189010458690067,23.438003378611945,0,0,0.1
core_neuralprophet_frozen_s42,neuralprophet,frozen,selected,42,20,2025-05-26 01:00:00,2025-05-28 06:00:00,54,60.03,True,True,8.126471519470215,13.189010458690067,21.315481978160282,0,0,0.1
core_neuralprophet_frozen_s42,neuralprophet,frozen,selected,42,20,2025-05-26 01:00:00,2025-05-28 07:00:00,55,61.12,True,True,-6.508609294891357,13.189010458690067,6.6804011637987095,0,0,0.1
core_neuralprophet_frozen_s42,neuralprophet,frozen,selected,42,20,2025-05-26 01:00:00,2025-05-28 08:00:00,56,61.88,True,True,-8.51147174835205,13.189010458690067,4.677538710338016,0,0,0.1
core_neuralprophet_frozen_s42,neuralprophet,frozen,selected,42,20,2025-05-26 01:00:00,2025-05-28 09:00:00,57,62.25,True,True,-18.87151336669922,13.189010458690067,-5.682502908009152,0,0,0.1
core_neuralprophet_frozen_s42,neuralprophet,frozen,selected,42,20,2025-05-26 01:00:00,2025-05-28 10:00:00,58,64.2,True,True,-33.04525375366211,13.189010458690067,-19.856243294972042,0,0,0.1
core_neuralprophet_frozen_s42,neuralprophet,frozen,selected,42,20,2025-05-26 01:00:00,2025-05-28 11:00:00,59,67.54,True,True,-21.06231117248535,13.189010458690067,-7.873300713795285,0,0,0.1
core_neuralprophet_frozen_s42,neuralprophet,frozen,selected,42,20,2025-05-26 01:00:00,2025-05-28 12:00:00,60,70.93,True,True,-24.893585205078125,13.189010458690067,-11.704574746388058,0,0,0.1
core_neuralprophet_frozen_s42,neuralprophet,frozen,selected,42,20,2025-05-26 01:00:00,2025-05-28 13:00:00,61,73.18,True,True,-19.88901901245117,13.189010458690067,-6.700008553761101,0,0,0.1
core_neuralprophet_frozen_s42,neuralprophet,frozen,selected,42,20,2025-05-26 01:00:00,2025-05-28 14:00:00,62,77.64,True,True,-21.913434982299805,13.189010458690067,-8.724424523609738,0,0,0.1
core_neuralprophet_frozen_s42,neuralprophet,frozen,selected,42,20,2025-05-26 01:00:00,2025-05-28 15:00:00,63,82.59,True,True,-20.620330810546875,13.189010458690067,-7.431320351856808,0,0,0.1
core_neuralprophet_frozen_s42,neuralprophet,frozen,selected,42,20,2025-05-26 01:00:00,2025-05-28 16:00:00,64,86.65,True,True,-18.31287002563477,13.189010458690067,-5.123859566944702,0,0,0.1
core_neuralprophet_frozen_s42,neuralprophet,frozen,selected,42,20,2025-05-26 01:00:00,2025-05-28 17:00:00,65,90.37,True,True,-14.391990661621094,13.189010458690067,-1.2029802029310268,0,0,0.1
core_neuralprophet_frozen_s42,neuralprophet,frozen,selected,42,20,2025-05-26 01:00:00,2025-05-28 18:00:00,66,93.81,True,True,-11.566415786743164,13.189010458690067,1.6225946719469029,0,0,0.1
core_neuralprophet_frozen_s42,neuralprophet,frozen,selected,42,20,2025-05-26 01:00:00,2025-05-28 19:00:00,67,96.0,True,True,-10.671298027038574,13.189010458690067,2.5177124316514927,0,0,0.1
core_neuralprophet_frozen_s42,neuralprophet,frozen,selected,42,20,2025-05-26 01:00:00,2025-05-28 20:00:00,68,99.02,True,True,-12.147143363952637,13.189010458690067,1.0418670947374302,0,0,0.1
core_neuralprophet_frozen_s42,neuralprophet,frozen,selected,42,20,2025-05-26 01:00:00,2025-05-28 21:00:00,69,103.1,True,True,-5.372775554656982,13.189010458690067,7.8162349040330845,0,0,0.1
core_neuralprophet_frozen_s42,neuralprophet,frozen,selected,42,20,2025-05-26 01:00:00,2025-05-28 22:00:00,70,107.17,True,True,1.230790138244629,13.189010458690067,14.419800596934696,0,0,0.1
core_neuralprophet_frozen_s42,neuralprophet,frozen,selected,42,20,2025-05-26 01:00:00,2025-05-28 23:00:00,71,112.82,True,True,-0.0554831027984619,13.189010458690067,13.133527355891605,0,0,0.1
core_neuralprophet_frozen_s42,neuralprophet,frozen,selected,42,20,2025-05-26 01:00:00,2025-05-29 00:00:00,72,121.45,True,True,5.640841484069824,13.189010458690067,18.82985194275989,0,0,0.1
core_neuralprophet_frozen_s42,neuralprophet,frozen,selected,42,20,2025-05-26 01:00:00,2025-05-29 01:00:00,73,134.6,True,True,3.779593706130981,13.189010458690067,16.96860416482105,0,0,0.1
core_neuralprophet_frozen_s42,neuralprophet,frozen,selected,42,20,2025-05-26 01:00:00,2025-05-29 02:00:00,74,140.45,True,True,0.7166516780853271,13.189010458690067,13.905662136775394,0,0,0.1
core_neuralprophet_frozen_s42,neuralprophet,frozen,selected,42,20,2025-05-26 01:00:00,2025-05-29 03:00:00,75,151.07,True,True,1.1505823135375977,13.189010458690067,14.339592772227665,0,0,0.1
core_neuralprophet_frozen_s42,neuralprophet,frozen,selected,42,20,2025-05-26 01:00:00,2025-05-29 04:00:00,76,97.0,True,True,-1.5472943782806396,13.189010458690067,11.641716080409427,0,0,0.1
core_neuralprophet_frozen_s42,neuralprophet,frozen,selected,42,20,2025-05-26 01:00:00,2025-05-29 05:00:00,77,74.96,True,True,-4.208627700805664,13.189010458690067,8.980382757884403,0,0,0.1
core_neuralprophet_frozen_s42,neuralprophet,frozen,selected,42,20,2025-05-26 01:00:00,2025-05-29 06:00:00,78,70.03,True,True,-10.55316925048828,13.189010458690067,2.6358412082017875,0,0,0.1
core_neuralprophet_frozen_s42,neuralprophet,frozen,selected,42,20,2025-05-26 01:00:00,2025-05-29 07:00:00,79,67.01,True,True,-6.022800922393799,13.189010458690067,7.166209536296268,0,0,0.1
core_neuralprophet_frozen_s42,neuralprophet,frozen,selected,42,20,2025-05-26 01:00:00,2025-05-29 08:00:00,80,63.85,True,True,-17.370389938354492,13.189010458690067,-4.181379479664425,0,0,0.1
core_neuralprophet_frozen_s42,neuralprophet,frozen,selected,42,20,2025-05-26 01:00:00,2025-05-29 09:00:00,81,60.88,True,True,-24.624616622924805,13.189010458690067,-11.435606164234738,0,0,0.1
core_neuralprophet_frozen_s42,neuralprophet,frozen,selected,42,20,2025-05-26 01:00:00,2025-05-29 10:00:00,82,60.44,True,True,-26.27147102355957,13.189010458690067,-13.082460564869503,0,0,0.1
core_neuralprophet_frozen_s42,neuralprophet,frozen,selected,42,20,2025-05-26 01:00:00,2025-05-29 11:00:00,83,62.44,True,True,-19.261205673217773,13.189010458690067,-6.0721952145277065,0,0,0.1
core_neuralprophet_frozen_s42,neuralprophet,frozen,selected,42,20,2025-05-26 01:00:00,2025-05-29 12:00:00,84,65.02,True,True,-21.25721549987793,13.189010458690067,-8.068205041187863,0,0,0.1
core_neuralprophet_frozen_s42,neuralprophet,frozen,selected,42,20,2025-05-26 01:00:00,2025-05-29 13:00:00,85,66.8,True,True,-5.113422870635986,13.189010458690067,8.07558758805408,0,0,0.1
core_neuralprophet_frozen_s42,neuralprophet,frozen,selected,42,20,2025-05-26 01:00:00,2025-05-29 14:00:00,86,69.31,True,True,-5.855748176574707,13.189010458690067,7.33326228211536,0,0,0.1
core_neuralprophet_frozen_s42,neuralprophet,frozen,selected,42,20,2025-05-26 01:00:00,2025-05-29 15:00:00,87,71.86,True,True,0.5518132448196411,13.189010458690067,13.740823703509708,0,0,0.1
core_neuralprophet_frozen_s42,neuralprophet,frozen,selected,42,20,2025-05-26 01:00:00,2025-05-29 16:00:00,88,73.66,True,True,-0.0581029057502746,13.189010458690067,13.130907552939792,0,0,0.1
core_neuralprophet_frozen_s42,neuralprophet,frozen,selected,42,20,2025-05-26 01:00:00,2025-05-29 17:00:00,89,75.8,True,True,14.067323684692385,13.189010458690067,27.256334143382453,0,0,0.1
core_neuralprophet_frozen_s42,neuralprophet,frozen,selected,42,20,2025-05-26 01:00:00,2025-05-29 18:00:00,90,78.69,True,True,19.575780868530277,13.189010458690067,32.764791327220344,0,0,0.1
core_neuralprophet_frozen_s42,neuralprophet,frozen,selected,42,20,2025-05-26 01:00:00,2025-05-29 19:00:00,91,81.27,True,True,17.472286224365234,13.189010458690067,30.6612966830553,0,0,0.1
core_neuralprophet_frozen_s42,neuralprophet,frozen,selected,42,20,2025-05-26 01:00:00,2025-05-29 20:00:00,92,84.11,True,True,28.575511932373047,13.189010458690067,41.76452239106311,0,0,0.1
core_neuralprophet_frozen_s42,neuralprophet,frozen,selected,42,20,2025-05-26 01:00:00,2025-05-29 21:00:00,93,87.09,True,True,30.01534843444824,13.189010458690067,43.204358893138306,0,0,0.1
core_neuralprophet_frozen_s42,neuralprophet,frozen,selected,42,20,2025-05-26 01:00:00,2025-05-29 22:00:00,94,89.67,True,True,29.107017517089844,13.189010458690067,42.29602797577991,0,0,0.1
core_neuralprophet_frozen_s42,neuralprophet,frozen,selected,42,20,2025-05-26 01:00:00,2025-05-29 23:00:00,95,92.55,True,True,34.23632049560547,13.189010458690067,47.42533095429553,0,0,0.1
core_neuralprophet_frozen_s42,neuralprophet,frozen,selected,42,20,2025-05-26 01:00:00,2025-05-30 00:00:00,96,97.17,True,True,36.137245178222656,13.189010458690067,49.32625563691272,0,0,0.1
core_neuralprophet_frozen_s42,neuralprophet,frozen,selected,42,20,2025-05-26 01:00:00,2025-05-30 01:00:00,97,105.87,True,True,32.8476676940918,13.189010458690067,46.03667815278186,0,0,0.1
core_neuralprophet_frozen_s42,neuralprophet,frozen,selected,42,20,2025-05-26 01:00:00,2025-05-30 02:00:00,98,110.74,True,True,30.61347007751465,13.189010458690067,43.80248053620471,0,0,0.1
core_neuralprophet_frozen_s42,neuralprophet,frozen,selected,42,20,2025-05-26 01:00:00,2025-05-30 03:00:00,99,116.39,True,True,37.6849479675293,13.189010458690067,50.87395842621936,0,0,0.1
core_neuralprophet_frozen_s42,neuralprophet,frozen,selected,42,20,2025-05-26 01:00:00,2025-05-30 04:00:00,100,94.0,True,True,22.869068145751957,13.189010458690067,36.058078604442024,0,0,0.1
core_neuralprophet_frozen_s42,neuralprophet,frozen,selected,42,20,2025-05-26 01:00:00,2025-05-30 05:00:00,101,74.83,True,True,30.06510353088379,13.189010458690067,43.25411398957385,0,0,0.1
core_neuralprophet_frozen_s42,neuralprophet,frozen,selected,42,20,2025-05-26 01:00:00,2025-05-30 06:00:00,102,64.71,True,True,24.955549240112305,13.189010458690067,38.14455969880237,0,0,0.1
core_neuralprophet_frozen_s42,neuralprophet,frozen,selected,42,20,2025-05-26 01:00:00,2025-05-30 07:00:00,103,57.6,True,True,18.828441619873047,13.189010458690067,32.01745207856311,0,0,0.1
core_neuralprophet_frozen_s42,neuralprophet,frozen,selected,42,20,2025-05-26 01:00:00,2025-05-30 08:00:00,104,54.48,True,True,10.680277824401855,13.189010458690067,23.869288283091922,0,0,0.1
core_neuralprophet_frozen_s42,neuralprophet,frozen,selected,42,20,2025-05-26 01:00:00,2025-05-30 09:00:00,105,54.66,True,True,-1.7757329940795898,13.189010458690067,11.413277464610477,0,0,0.1
core_neuralprophet_frozen_s42,neuralprophet,frozen,selected,42,20,2025-05-26 01:00:00,2025-05-30 10:00:00,106,57.58,True,True,6.332393646240234,13.189010458690067,19.5214041049303,0,0,0.1
core_neuralprophet_frozen_s42,neuralprophet,frozen,selected,42,20,2025-05-26 01:00:00,2025-05-30 11:00:00,107,62.16,True,True,4.590948581695557,13.189010458690067,17.779959040385624,0,0,0.1
core_neuralprophet_frozen_s42,neuralprophet,frozen,selected,42,20,2025-05-26 01:00:00,2025-05-30 12:00:00,108,66.63,True,True,2.04451847076416,13.189010458690067,15.233528929454227,0,0,0.1
core_neuralprophet_frozen_s42,neuralprophet,frozen,selected,42,20,2025-05-26 01:00:00,2025-05-30 13:00:00,109,69.82,True,True,10.5344820022583,13.189010458690067,23.723492460948368,0,0,0.1
core_neuralprophet_frozen_s42,neuralprophet,frozen,selected,42,20,2025-05-26 01:00:00,2025-05-30 14:00:00,110,72.65,True,True,9.669734001159668,13.189010458690067,22.858744459849735,0,0,0.1
core_neuralprophet_frozen_s42,neuralprophet,frozen,selected,42,20,2025-05-26 01:00:00,2025-05-30 15:00:00,111,74.49,True,True,15.37353801727295,13.189010458690067,28.562548475963016,0,0,0.1
core_neuralprophet_frozen_s42,neuralprophet,frozen,selected,42,20,2025-05-26 01:00:00,2025-05-30 16:00:00,112,75.29,True,True,10.79194450378418,13.189010458690067,23.980954962474247,0,0,0.1
core_neuralprophet_frozen_s42,neuralprophet,frozen,selected,42,20,2025-05-26 01:00:00,2025-05-30 17:00:00,113,78.23,True,True,14.637849807739258,13.189010458690067,27.826860266429325,0,0,0.1
core_neuralprophet_frozen_s42,neuralprophet,frozen,selected,42,20,2025-05-26 01:00:00,2025-05-30 18:00:00,114,84.03,True,True,15.320032119750977,13.189010458690067,28.509042578441044,0,0,0.1
core_neuralprophet_frozen_s42,neuralprophet,frozen,selected,42,20,2025-05-26 01:00:00,2025-05-30 19:00:00,115,90.11,True,True,11.686302185058594,13.189010458690067,24.87531264374866,0,0,0.1
core_neuralprophet_frozen_s42,neuralprophet,frozen,selected,42,20,2025-05-26 01:00:00,2025-05-30 20:00:00,116,95.29,True,True,10.478448867797852,13.189010458690067,23.66745932648792,0,0,0.1
core_neuralprophet_frozen_s42,neuralprophet,frozen,selected,42,20,2025-05-26 01:00:00,2025-05-30 21:00:00,117,98.96,True,True,24.37179946899414,13.189010458690067,37.560809927684204,0,0,0.1
core_neuralprophet_frozen_s42,neuralprophet,frozen,selected,42,20,2025-05-26 01:00:00,2025-05-30 22:00:00,118,101.53,True,True,19.15817070007324,13.189010458690067,32.347181158763306,0,0,0.1
core_neuralprophet_frozen_s42,neuralprophet,frozen,selected,42,20,2025-05-26 01:00:00,2025-05-30 23:00:00,119,102.05,True,True,28.22844123840332,13.189010458690067,41.417451697093384,0,0,0.1
core_neuralprophet_frozen_s42,neuralprophet,frozen,selected,42,20,2025-05-26 01:00:00,2025-05-31 00:00:00,120,99.91,True,True,23.104061126708984,13.189010458690067,36.29307158539905,0,0,0.1
core_neuralprophet_frozen_s42,neuralprophet,frozen,selected,42,20,2025-05-26 01:00:00,2025-05-31 01:00:00,121,98.65,True,True,14.638794898986816,13.189010458690067,27.827805357676883,0,0,0.1
core_neuralprophet_frozen_s42,neuralprophet,frozen,selected,42,20,2025-05-26 01:00:00,2025-05-31 02:00:00,122,98.22,True,True,22.496631622314453,13.189010458690067,35.68564208100452,0,0,0.1
core_neuralprophet_frozen_s42,neuralprophet,frozen,selected,42,20,2025-05-26 01:00:00,2025-05-31 03:00:00,123,98.0,True,True,17.83746910095215,13.189010458690067,31.026479559642215,0,0,0.1
core_neuralprophet_frozen_s42,neuralprophet,frozen,selected,42,20,2025-05-26 01:00:00,2025-05-31 04:00:00,124,98.24,True,True,29.42369842529297,13.189010458690067,42.61270888398303,0,0,0.1
core_neuralprophet_frozen_s42,neuralprophet,frozen,selected,42,20,2025-05-26 01:00:00,2025-05-31 05:00:00,125,91.89,True,True,19.756317138671875,13.189010458690067,32.94532759736194,0,0,0.1
core_neuralprophet_frozen_s42,neuralprophet,frozen,selected,42,20,2025-05-26 01:00:00,2025-05-31 06:00:00,126,83.84,True,True,22.79323005676269,13.189010458690067,35.98224051545276,0,0,0.1
core_neuralprophet_frozen_s42,neuralprophet,frozen,selected,42,20,2025-05-26 01:00:00,2025-05-31 07:00:00,127,75.26,True,True,12.912904739379885,13.189010458690067,26.101915198069953,0,0,0.1
core_neuralprophet_frozen_s42,neuralprophet,frozen,selected,42,20,2025-05-26 01:00:00,2025-05-31 08:00:00,128,68.52,True,True,12.146230697631836,13.189010458690067,25.335241156321903,0,0,0.1
core_neuralprophet_frozen_s42,neuralprophet,frozen,selected,42,20,2025-05-26 01:00:00,2025-05-31 09:00:00,129,63.14,True,True,-2.202888011932373,13.189010458690067,10.986122446757694,0,0,0.1
core_neuralprophet_frozen_s42,neuralprophet,frozen,selected,42,20,2025-05-26 01:00:00,2025-05-31 10:00:00,130,61.54,True,True,-1.066664218902588,13.189010458690067,12.122346239787479,0,0,0.1
core_neuralprophet_frozen_s42,neuralprophet,frozen,selected,42,20,2025-05-26 01:00:00,2025-05-31 11:00:00,131,62.94,True,True,-5.561320781707764,13.189010458690067,7.627689676982303,0,0,0.1
core_neuralprophet_frozen_s42,neuralprophet,frozen,selected,42,20,2025-05-26 01:00:00,2025-05-31 12:00:00,132,65.73,True,True,4.988319873809815,13.189010458690067,18.17733033249988,0,0,0.1
core_neuralprophet_frozen_s42,neuralprophet,frozen,selected,42,20,2025-05-26 01:00:00,2025-05-31 13:00:00,133,70.66,True,True,10.745671272277832,13.189010458690067,23.9346817309679,0,0,0.1
core_neuralprophet_frozen_s42,neuralprophet,frozen,selected,42,20,2025-05-26 01:00:00,2025-05-31 14:00:00,134,80.01,True,True,13.38349723815918,13.189010458690067,26.572507696849247,0,0,0.1
core_neuralprophet_frozen_s42,neuralprophet,frozen,selected,42,20,2025-05-26 01:00:00,2025-05-31 15:00:00,135,95.77,True,True,26.22614860534668,13.189010458690067,39.41515906403674,0,0,0.1
core_neuralprophet_frozen_s42,neuralprophet,frozen,selected,42,20,2025-05-26 01:00:00,2025-05-31 16:00:00,136,112.0,True,True,24.959617614746094,13.189010458690067,38.14862807343616,0,0,0.1
core_neuralprophet_frozen_s42,neuralprophet,frozen,selected,42,20,2025-05-26 01:00:00,2025-05-31 17:00:00,137,124.52,True,True,38.74302673339844,13.189010458690067,51.9320371920885,0,0,0.1
core_neuralprophet_frozen_s42,neuralprophet,frozen,selected,42,20,2025-05-26 01:00:00,2025-05-31 18:00:00,138,133.55,True,True,33.174713134765625,13.189010458690067,46.36372359345569,0,0,0.1
core_neuralprophet_frozen_s42,neuralprophet,frozen,selected,42,20,2025-05-26 01:00:00,2025-05-31 19:00:00,139,139.23,True,True,43.36849212646485,13.189010458690067,56.55750258515492,0,0,0.1
core_neuralprophet_frozen_s42,neuralprophet,frozen,selected,42,20,2025-05-26 01:00:00,2025-05-31 20:00:00,140,142.26,True,True,51.93287658691406,13.189010458690067,65.12188704560413,0,0,0.1
core_neuralprophet_frozen_s42,neuralprophet,frozen,selected,42,20,2025-05-26 01:00:00,2025-05-31 21:00:00,141,143.15,True,True,61.47048568725586,13.189010458690067,74.65949614594592,0,0,0.1
core_neuralprophet_frozen_s42,neuralprophet,frozen,selected,42,20,2025-05-26 01:00:00,2025-05-31 22:00:00,142,141.43,True,True,56.46018600463867,13.189010458690067,69.64919646332874,0,0,0.1
core_neuralprophet_frozen_s42,neuralprophet,frozen,selected,42,20,2025-05-26 01:00:00,2025-05-31 23:00:00,143,140.49,True,True,59.62415313720703,13.189010458690067,72.8131635958971,0,0,0.1
core_neuralprophet_frozen_s42,neuralprophet,frozen,selected,42,20,2025-05-26 01:00:00,2025-06-01 00:00:00,144,140.82,True,True,60.587982177734375,13.189010458690067,73.77699263642444,0,0,0.1
core_neuralprophet_frozen_s42,neuralprophet,frozen,selected,42,20,2025-05-26 01:00:00,2025-06-01 01:00:00,145,142.92,True,True,56.69977188110352,13.189010458690067,69.8887823397936,0,0,0.1
core_neuralprophet_frozen_s42,neuralprophet,frozen,selected,42,20,2025-05-26 01:00:00,2025-06-01 02:00:00,146,141.13,True,True,55.49951934814453,13.189010458690067,68.6885298068346,0,0,0.1
core_neuralprophet_frozen_s42,neuralprophet,frozen,selected,42,20,2025-05-26 01:00:00,2025-06-01 03:00:00,147,141.26,True,True,56.31341171264648,13.189010458690067,69.50242217133655,0,0,0.1
core_neuralprophet_frozen_s42,neuralprophet,frozen,selected,42,20,2025-05-26 01:00:00,2025-06-01 04:00:00,148,144.88,True,True,61.50420379638672,13.189010458690067,74.69321425507678,0,0,0.1
core_neuralprophet_frozen_s42,neuralprophet,frozen,selected,42,20,2025-05-26 01:00:00,2025-06-01 05:00:00,149,144.08,True,True,51.99589920043945,13.189010458690067,65.18490965912952,0,0,0.1
core_neuralprophet_frozen_s42,neuralprophet,frozen,selected,42,20,2025-05-26 01:00:00,2025-06-01 06:00:00,150,140.46,True,True,51.26187515258789,13.189010458690067,64.45088561127795,0,0,0.1
core_neuralprophet_frozen_s42,neuralprophet,frozen,selected,42,20,2025-05-26 01:00:00,2025-06-01 07:00:00,151,132.96,True,True,46.31167602539063,13.189010458690067,59.5006864840807,0,0,0.1
core_neuralprophet_frozen_s42,neuralprophet,frozen,selected,42,20,2025-05-26 01:00:00,2025-06-01 08:00:00,152,124.21,True,True,38.6629524230957,13.189010458690067,51.85196288178577,0,0,0.1
core_neuralprophet_frozen_s42,neuralprophet,frozen,selected,42,20,2025-05-26 01:00:00,2025-06-01 09:00:00,153,116.33,True,True,31.531518936157227,13.189010458690067,44.72052939484729,0,0,0.1
core_neuralprophet_frozen_s42,neuralprophet,frozen,selected,42,20,2025-05-26 01:00:00,2025-06-01 10:00:00,154,115.28,True,True,28.35076141357422,13.189010458690067,41.53977187226428,0,0,0.1
core_neuralprophet_frozen_s42,neuralprophet,frozen,selected,42,20,2025-05-26 01:00:00,2025-06-01 11:00:00,155,114.98,True,True,26.616724014282227,13.189010458690067,39.80573447297229,0,0,0.1
core_neuralprophet_frozen_s42,neuralprophet,frozen,selected,42,20,2025-05-26 01:00:00,2025-06-01 12:00:00,156,113.42,True,True,21.36145401000977,13.189010458690067,34.550464468699836,0,0,0.1
core_neuralprophet_frozen_s42,neuralprophet,frozen,selected,42,20,2025-05-26 01:00:00,2025-06-01 13:00:00,157,109.48,True,True,29.46436309814453,13.189010458690067,42.653373556834595,0,0,0.1
core_neuralprophet_frozen_s42,neuralprophet,frozen,selected,42,20,2025-05-26 01:00:00,2025-06-01 14:00:00,158,105.92,True,True,24.37002182006836,13.189010458690067,37.55903227875842,0,0,0.1
core_neuralprophet_frozen_s42,neuralprophet,frozen,selected,42,20,2025-05-26 01:00:00,2025-06-01 15:00:00,159,102.49,True,True,34.41168212890625,13.189010458690067,47.60069258759631,0,0,0.1
core_neuralprophet_frozen_s42,neuralprophet,frozen,selected,42,20,2025-05-26 01:00:00,2025-06-01 16:00:00,160,98.07,True,True,18.14854049682617,13.189010458690067,31.337550955516235,0,0,0.1
core_neuralprophet_frozen_s42,neuralprophet,frozen,selected,42,20,2025-05-26 01:00:00,2025-06-01 17:00:00,161,96.47,True,True,23.03418731689453,13.189010458690067,36.223197775584595,0,0,0.1
core_neuralprophet_frozen_s42,neuralprophet,frozen,selected,42,20,2025-05-26 01:00:00,2025-06-01 18:00:00,162,96.95,True,True,24.33261489868164,13.189010458690067,37.521625357371704,0,0,0.1
core_neuralprophet_frozen_s42,neuralprophet,frozen,selected,42,20,2025-05-26 01:00:00,2025-06-01 19:00:00,163,98.76,True,True,21.26827049255371,13.189010458690067,34.457280951243774,0,0,0.1
core_neuralprophet_frozen_s42,neuralprophet,frozen,selected,42,20,2025-05-26 01:00:00,2025-06-01 20:00:00,164,101.29,True,True,16.055084228515625,13.189010458690067,29.244094687205692,0,0,0.1
core_neuralprophet_frozen_s42,neuralprophet,frozen,selected,42,20,2025-05-26 01:00:00,2025-06-01 21:00:00,165,104.07,True,True,27.254091262817383,13.189010458690067,40.443101721507446,0,0,0.1
core_neuralprophet_frozen_s42,neuralprophet,frozen,selected,42,20,2025-05-26 01:00:00,2025-06-01 22:00:00,166,106.16,True,True,32.15265655517578,13.189010458690067,45.341667013865845,0,0,0.1
core_neuralprophet_frozen_s42,neuralprophet,frozen,selected,42,20,2025-05-26 01:00:00,2025-06-01 23:00:00,167,110.18,True,True,38.47560119628906,13.189010458690067,51.664611654979126,0,0,0.1
core_neuralprophet_frozen_s42,neuralprophet,frozen,selected,42,20,2025-05-26 01:00:00,2025-06-02 00:00:00,168,117.77,True,True,39.60625457763672,13.189010458690067,52.79526503632678,0,0,0.1
core_neuralprophet_frozen_s42,neuralprophet,frozen,selected,42,21,2025-06-02 01:00:00,2025-06-02 01:00:00,1,151.6,True,True,102.33094787597656,18.766404780804187,121.09735265678074,0,0,0.1
core_neuralprophet_frozen_s42,neuralprophet,frozen,selected,42,21,2025-06-02 01:00:00,2025-06-02 02:00:00,2,178.26,True,True,112.3682098388672,18.766404780804187,131.1346146196714,0,0,0.1
core_neuralprophet_frozen_s42,neuralprophet,frozen,selected,42,21,2025-06-02 01:00:00,2025-06-02 03:00:00,3,202.42,True,True,107.46987915039062,18.766404780804187,126.2362839311948,0,0,0.1
core_neuralprophet_frozen_s42,neuralprophet,frozen,selected,42,21,2025-06-02 01:00:00,2025-06-02 04:00:00,4,111.52,True,True,81.31546020507812,18.766404780804187,100.0818649858823,0,0,0.1
core_neuralprophet_frozen_s42,neuralprophet,frozen,selected,42,21,2025-06-02 01:00:00,2025-06-02 05:00:00,5,52.03,True,True,56.7522087097168,18.766404780804187,75.51861349052098,0,0,0.1
core_neuralprophet_frozen_s42,neuralprophet,frozen,selected,42,21,2025-06-02 01:00:00,2025-06-02 06:00:00,6,36.71,True,True,41.99748992919922,18.766404780804187,60.763894710003406,0,0,0.1
core_neuralprophet_frozen_s42,neuralprophet,frozen,selected,42,21,2025-06-02 01:00:00,2025-06-02 07:00:00,7,0.0,True,True,33.98240280151367,18.766404780804187,52.74880758231786,0,0,0.1
core_neuralprophet_frozen_s42,neuralprophet,frozen,selected,42,21,2025-06-02 01:00:00,2025-06-02 08:00:00,8,22.27,True,True,24.085765838623047,18.766404780804187,42.852170619427234,0,0,0.1
core_neuralprophet_frozen_s42,neuralprophet,frozen,selected,42,21,2025-06-02 01:00:00,2025-06-02 09:00:00,9,17.89,True,True,13.689749717712402,18.766404780804187,32.45615449851659,0,0,0.1
core_neuralprophet_frozen_s42,neuralprophet,frozen,selected,42,21,2025-06-02 01:00:00,2025-06-02 10:00:00,10,15.41,True,True,5.042945861816406,18.766404780804187,23.809350642620593,0,0,0.1
core_neuralprophet_frozen_s42,neuralprophet,frozen,selected,42,21,2025-06-02 01:00:00,2025-06-02 11:00:00,11,14.09,True,True,5.489662170410156,18.766404780804187,24.256066951214343,0,0,0.1
core_neuralprophet_frozen_s42,neuralprophet,frozen,selected,42,21,2025-06-02 01:00:00,2025-06-02 12:00:00,12,12.35,True,True,-3.77170205116272,18.766404780804187,14.994702729641467,0,0,0.1
core_neuralprophet_frozen_s42,neuralprophet,frozen,selected,42,21,2025-06-02 01:00:00,2025-06-02 13:00:00,13,10.6,True,True,8.2774658203125,18.766404780804187,27.043870601116687,0,0,0.1
core_neuralprophet_frozen_s42,neuralprophet,frozen,selected,42,21,2025-06-02 01:00:00,2025-06-02 14:00:00,14,9.83,True,True,8.433320045471191,18.766404780804187,27.19972482627538,0,0,0.1
core_neuralprophet_frozen_s42,neuralprophet,frozen,selected,42,21,2025-06-02 01:00:00,2025-06-02 15:00:00,15,9.13,True,True,13.780046463012695,18.766404780804187,32.54645124381688,0,0,0.1
core_neuralprophet_frozen_s42,neuralprophet,frozen,selected,42,21,2025-06-02 01:00:00,2025-06-02 16:00:00,16,8.18,True,True,4.955628395080566,18.766404780804187,23.722033175884754,0,0,0.1
core_neuralprophet_frozen_s42,neuralprophet,frozen,selected,42,21,2025-06-02 01:00:00,2025-06-02 17:00:00,17,7.99,True,True,12.333521842956545,18.766404780804187,31.09992662376073,0,0,0.1
core_neuralprophet_frozen_s42,neuralprophet,frozen,selected,42,21,2025-06-02 01:00:00,2025-06-02 18:00:00,18,8.24,True,True,11.138809204101562,18.766404780804187,29.90521398490575,0,0,0.1
core_neuralprophet_frozen_s42,neuralprophet,frozen,selected,42,21,2025-06-02 01:00:00,2025-06-02 19:00:00,19,8.39,True,True,13.325305938720703,18.766404780804187,32.09171071952489,0,0,0.1
core_neuralprophet_frozen_s42,neuralprophet,frozen,selected,42,21,2025-06-02 01:00:00,2025-06-02 20:00:00,20,8.28,True,True,30.687707901000977,18.766404780804187,49.454112681805164,0,0,0.1
core_neuralprophet_frozen_s42,neuralprophet,frozen,selected,42,21,2025-06-02 01:00:00,2025-06-02 21:00:00,21,8.13,True,True,20.63608169555664,18.766404780804187,39.40248647636083,0,0,0.1
core_neuralprophet_frozen_s42,neuralprophet,frozen,selected,42,21,2025-06-02 01:00:00,2025-06-02 22:00:00,22,8.39,True,True,17.012008666992188,18.766404780804187,35.778413447796375,0,0,0.1
core_neuralprophet_frozen_s42,neuralprophet,frozen,selected,42,21,2025-06-02 01:00:00,2025-06-02 23:00:00,23,9.32,True,True,18.589750289916992,18.766404780804187,37.35615507072118,0,0,0.1
core_neuralprophet_frozen_s42,neuralprophet,frozen,selected,42,21,2025-06-02 01:00:00,2025-06-03 00:00:00,24,10.74,True,True,22.90395736694336,18.766404780804187,41.67036214774755,0,0,0.1
core_neuralprophet_frozen_s42,neuralprophet,frozen,selected,42,21,2025-06-02 01:00:00,2025-06-03 01:00:00,25,12.42,True,True,24.36996078491211,18.766404780804187,43.1363655657163,0,0,0.1
core_neuralprophet_frozen_s42,neuralprophet,frozen,selected,42,21,2025-06-02 01:00:00,2025-06-03 02:00:00,26,13.46,True,True,26.623750686645508,18.766404780804187,45.390155467449695,0,0,0.1
core_neuralprophet_frozen_s42,neuralprophet,frozen,selected,42,21,2025-06-02 01:00:00,2025-06-03 03:00:00,27,14.42,True,True,26.57558822631836,18.766404780804187,45.34199300712255,0,0,0.1
core_neuralprophet_frozen_s42,neuralprophet,frozen,selected,42,21,2025-06-02 01:00:00,2025-06-03 04:00:00,28,12.8,True,True,6.31061315536499,18.766404780804187,25.077017936169177,0,0,0.1
core_neuralprophet_frozen_s42,neuralprophet,frozen,selected,42,21,2025-06-02 01:00:00,2025-06-03 05:00:00,29,12.03,True,True,-4.94427490234375,18.766404780804187,13.822129878460437,0,0,0.1
core_neuralprophet_frozen_s42,neuralprophet,frozen,selected,42,21,2025-06-02 01:00:00,2025-06-03 06:00:00,30,11.27,True,True,-19.189144134521484,18.766404780804187,-0.4227393537172972,0,0,0.1
core_neuralprophet_frozen_s42,neuralprophet,frozen,selected,42,21,2025-06-02 01:00:00,2025-06-03 07:00:00,31,10.46,True,True,-14.380642890930176,18.766404780804187,4.385761889874011,0,0,0.1
core_neuralprophet_frozen_s42,neuralprophet,frozen,selected,42,21,2025-06-02 01:00:00,2025-06-03 08:00:00,32,9.58,True,True,-21.138317108154297,18.766404780804187,-2.3719123273501097,0,0,0.1
core_neuralprophet_frozen_s42,neuralprophet,frozen,selected,42,21,2025-06-02 01:00:00,2025-06-03 09:00:00,33,8.34,True,True,-24.311511993408203,18.766404780804187,-5.545107212604016,0,0,0.1
core_neuralprophet_frozen_s42,neuralprophet,frozen,selected,42,21,2025-06-02 01:00:00,2025-06-03 10:00:00,34,7.77,True,True,-26.53978157043457,18.766404780804187,-7.773376789630383,0,0,0.1
core_neuralprophet_frozen_s42,neuralprophet,frozen,selected,42,21,2025-06-02 01:00:00,2025-06-03 11:00:00,35,7.91,True,True,-18.34352684020996,18.766404780804187,0.42287794059422623,0,0,0.1
core_neuralprophet_frozen_s42,neuralprophet,frozen,selected,42,21,2025-06-02 01:00:00,2025-06-03 12:00:00,36,8.07,True,True,-27.062503814697266,18.766404780804187,-8.296099033893078,0,0,0.1
core_neuralprophet_frozen_s42,neuralprophet,frozen,selected,42,21,2025-06-02 01:00:00,2025-06-03 13:00:00,37,8.04,True,True,-21.754653930664062,18.766404780804187,-2.9882491498598753,0,0,0.1
core_neuralprophet_frozen_s42,neuralprophet,frozen,selected,42,21,2025-06-02 01:00:00,2025-06-03 14:00:00,38,8.34,True,True,-11.821617126464844,18.766404780804187,6.944787654339343,0,0,0.1
core_neuralprophet_frozen_s42,neuralprophet,frozen,selected,42,21,2025-06-02 01:00:00,2025-06-03 15:00:00,39,8.61,True,True,-7.172216415405273,18.766404780804187,11.594188365398914,0,0,0.1
core_neuralprophet_frozen_s42,neuralprophet,frozen,selected,42,21,2025-06-02 01:00:00,2025-06-03 16:00:00,40,8.84,True,True,2.158113718032837,18.766404780804187,20.924518498837024,0,0,0.1
core_neuralprophet_frozen_s42,neuralprophet,frozen,selected,42,21,2025-06-02 01:00:00,2025-06-03 17:00:00,41,9.51,True,True,1.262885570526123,18.766404780804187,20.02929035133031,0,0,0.1
core_neuralprophet_frozen_s42,neuralprophet,frozen,selected,42,21,2025-06-02 01:00:00,2025-06-03 18:00:00,42,10.41,True,True,0.9365373253822328,18.766404780804187,19.70294210618642,0,0,0.1
core_neuralprophet_frozen_s42,neuralprophet,frozen,selected,42,21,2025-06-02 01:00:00,2025-06-03 19:00:00,43,11.41,True,True,4.590733051300049,18.766404780804187,23.357137832104236,0,0,0.1
core_neuralprophet_frozen_s42,neuralprophet,frozen,selected,42,21,2025-06-02 01:00:00,2025-06-03 20:00:00,44,12.47,True,True,8.623046875,18.766404780804187,27.389451655804187,0,0,0.1
core_neuralprophet_frozen_s42,neuralprophet,frozen,selected,42,21,2025-06-02 01:00:00,2025-06-03 21:00:00,45,13.51,True,True,24.72775650024414,18.766404780804187,43.49416128104833,0,0,0.1
core_neuralprophet_frozen_s42,neuralprophet,frozen,selected,42,21,2025-06-02 01:00:00,2025-06-03 22:00:00,46,14.0,True,True,19.77507209777832,18.766404780804187,38.54147687858251,0,0,0.1
core_neuralprophet_frozen_s42,neuralprophet,frozen,selected,42,21,2025-06-02 01:00:00,2025-06-03 23:00:00,47,14.24,True,True,24.86259078979492,18.766404780804187,43.6289955705991,0,0,0.1
core_neuralprophet_frozen_s42,neuralprophet,frozen,selected,42,21,2025-06-02 01:00:00,2025-06-04 00:00:00,48,14.68,True,True,23.009151458740234,18.766404780804187,41.77555623954442,0,0,0.1
core_neuralprophet_frozen_s42,neuralprophet,frozen,selected,42,21,2025-06-02 01:00:00,2025-06-04 01:00:00,49,15.19,True,True,21.007686614990234,18.766404780804187,39.77409139579442,0,0,0.1
core_neuralprophet_frozen_s42,neuralprophet,frozen,selected,42,21,2025-06-02 01:00:00,2025-06-04 02:00:00,50,16.09,True,True,31.945430755615234,18.766404780804187,50.71183553641942,0,0,0.1
core_neuralprophet_frozen_s42,neuralprophet,frozen,selected,42,21,2025-06-02 01:00:00,2025-06-04 03:00:00,51,19.43,True,True,29.895801544189453,18.766404780804187,48.66220632499364,0,0,0.1
core_neuralprophet_frozen_s42,neuralprophet,frozen,selected,42,21,2025-06-02 01:00:00,2025-06-04 04:00:00,52,11.29,True,True,4.384732246398926,18.766404780804187,23.151137027203113,0,0,0.1
core_neuralprophet_frozen_s42,neuralprophet,frozen,selected,42,21,2025-06-02 01:00:00,2025-06-04 05:00:00,53,11.63,True,True,-17.683822631835938,18.766404780804187,1.0825821489682497,0,0,0.1
core_neuralprophet_frozen_s42,neuralprophet,frozen,selected,42,21,2025-06-02 01:00:00,2025-06-04 06:00:00,54,12.87,True,True,-25.599706649780277,18.766404780804187,-6.83330186897609,0,0,0.1
core_neuralprophet_frozen_s42,neuralprophet,frozen,selected,42,21,2025-06-02 01:00:00,2025-06-04 07:00:00,55,13.31,True,True,-30.62151336669922,18.766404780804187,-11.855108585895032,0,0,0.1
core_neuralprophet_frozen_s42,neuralprophet,frozen,selected,42,21,2025-06-02 01:00:00,2025-06-04 08:00:00,56,13.35,True,True,-26.749038696289062,18.766404780804187,-7.982633915484875,0,0,0.1
core_neuralprophet_frozen_s42,neuralprophet,frozen,selected,42,21,2025-06-02 01:00:00,2025-06-04 09:00:00,57,13.17,True,True,-29.854463577270508,18.766404780804187,-11.08805879646632,0,0,0.1
core_neuralprophet_frozen_s42,neuralprophet,frozen,selected,42,21,2025-06-02 01:00:00,2025-06-04 10:00:00,58,14.46,True,True,-39.61284637451172,18.766404780804187,-20.84644159370753,0,0,0.1
core_neuralprophet_frozen_s42,neuralprophet,frozen,selected,42,21,2025-06-02 01:00:00,2025-06-04 11:00:00,59,17.07,True,True,-29.42590713500977,18.766404780804187,-10.659502354205582,0,0,0.1
core_neuralprophet_frozen_s42,neuralprophet,frozen,selected,42,21,2025-06-02 01:00:00,2025-06-04 12:00:00,60,19.94,True,True,-23.017501831054688,18.766404780804187,-4.2510970502505,0,0,0.1
core_neuralprophet_frozen_s42,neuralprophet,frozen,selected,42,21,2025-06-02 01:00:00,2025-06-04 13:00:00,61,22.86,True,True,-21.529523849487305,18.766404780804187,-2.7631190686831175,0,0,0.1
core_neuralprophet_frozen_s42,neuralprophet,frozen,selected,42,21,2025-06-02 01:00:00,2025-06-04 14:00:00,62,26.36,True,True,-14.731514930725098,18.766404780804187,4.0348898500790895,0,0,0.1
core_neuralprophet_frozen_s42,neuralprophet,frozen,selected,42,21,2025-06-02 01:00:00,2025-06-04 15:00:00,63,29.44,True,True,-12.479060173034668,18.766404780804187,6.287344607769519,0,0,0.1
core_neuralprophet_frozen_s42,neuralprophet,frozen,selected,42,21,2025-06-02 01:00:00,2025-06-04 16:00:00,64,30.85,True,True,-13.79702854156494,18.766404780804187,4.9693762392392475,0,0,0.1
core_neuralprophet_frozen_s42,neuralprophet,frozen,selected,42,21,2025-06-02 01:00:00,2025-06-04 17:00:00,65,31.64,True,True,-8.000513076782227,18.766404780804187,10.76589170402196,0,0,0.1
core_neuralprophet_frozen_s42,neuralprophet,frozen,selected,42,21,2025-06-02 01:00:00,2025-06-04 18:00:00,66,34.21,True,True,-8.65122127532959,18.766404780804187,10.115183505474597,0,0,0.1
core_neuralprophet_frozen_s42,neuralprophet,frozen,selected,42,21,2025-06-02 01:00:00,2025-06-04 19:00:00,67,38.51,True,True,-1.212552547454834,18.766404780804187,17.553852233349353,0,0,0.1
core_neuralprophet_frozen_s42,neuralprophet,frozen,selected,42,21,2025-06-02 01:00:00,2025-06-04 20:00:00,68,43.42,True,True,3.6384313106536874,18.766404780804187,22.404836091457874,0,0,0.1
core_neuralprophet_frozen_s42,neuralprophet,frozen,selected,42,21,2025-06-02 01:00:00,2025-06-04 21:00:00,69,48.58,True,True,-5.301002502441406,18.766404780804187,13.465402278362781,0,0,0.1
core_neuralprophet_frozen_s42,neuralprophet,frozen,selected,42,21,2025-06-02 01:00:00,2025-06-04 22:00:00,70,52.49,True,True,10.450339317321776,18.766404780804187,29.216744098125965,0,0,0.1
core_neuralprophet_frozen_s42,neuralprophet,frozen,selected,42,21,2025-06-02 01:00:00,2025-06-04 23:00:00,71,56.1,True,True,17.238279342651367,18.766404780804187,36.004684123455554,0,0,0.1
core_neuralprophet_frozen_s42,neuralprophet,frozen,selected,42,21,2025-06-02 01:00:00,2025-06-05 00:00:00,72,62.38,True,True,17.642934799194336,18.766404780804187,36.40933957999852,0,0,0.1
core_neuralprophet_frozen_s42,neuralprophet,frozen,selected,42,21,2025-06-02 01:00:00,2025-06-05 01:00:00,73,74.59,True,True,14.644548416137695,18.766404780804187,33.41095319694188,0,0,0.1
core_neuralprophet_frozen_s42,neuralprophet,frozen,selected,42,21,2025-06-02 01:00:00,2025-06-05 02:00:00,74,85.38,True,True,25.14704322814941,18.766404780804187,43.913448008953594,0,0,0.1
core_neuralprophet_frozen_s42,neuralprophet,frozen,selected,42,21,2025-06-02 01:00:00,2025-06-05 03:00:00,75,99.4,True,True,22.529682159423828,18.766404780804187,41.296086940228015,0,0,0.1
core_neuralprophet_frozen_s42,neuralprophet,frozen,selected,42,21,2025-06-02 01:00:00,2025-06-05 04:00:00,76,120.44,True,True,7.903359413146973,18.766404780804187,26.66976419395116,0,0,0.1
core_neuralprophet_frozen_s42,neuralprophet,frozen,selected,42,21,2025-06-02 01:00:00,2025-06-05 05:00:00,77,134.36,True,True,2.7120707035064697,18.766404780804187,21.478475484310657,0,0,0.1
core_neuralprophet_frozen_s42,neuralprophet,frozen,selected,42,21,2025-06-02 01:00:00,2025-06-05 06:00:00,78,145.41,True,True,-6.075669765472412,18.766404780804187,12.690735015331775,0,0,0.1
core_neuralprophet_frozen_s42,neuralprophet,frozen,selected,42,21,2025-06-02 01:00:00,2025-06-05 07:00:00,79,126.95,True,True,-15.73994255065918,18.766404780804187,3.0264622301450075,0,0,0.1
core_neuralprophet_frozen_s42,neuralprophet,frozen,selected,42,21,2025-06-02 01:00:00,2025-06-05 08:00:00,80,103.9,True,True,-8.684503555297852,18.766404780804187,10.081901225506336,0,0,0.1
core_neuralprophet_frozen_s42,neuralprophet,frozen,selected,42,21,2025-06-02 01:00:00,2025-06-05 09:00:00,81,87.12,True,True,-24.24460792541504,18.766404780804187,-5.478203144610852,0,0,0.1
core_neuralprophet_frozen_s42,neuralprophet,frozen,selected,42,21,2025-06-02 01:00:00,2025-06-05 10:00:00,82,80.59,True,True,-16.72712516784668,18.766404780804187,2.0392796129575075,0,0,0.1
core_neuralprophet_frozen_s42,neuralprophet,frozen,selected,42,21,2025-06-02 01:00:00,2025-06-05 11:00:00,83,81.51,True,True,-15.568031311035156,18.766404780804187,3.198373469769031,0,0,0.1
core_neuralprophet_frozen_s42,neuralprophet,frozen,selected,42,21,2025-06-02 01:00:00,2025-06-05 12:00:00,84,83.28,True,True,-10.02975845336914,18.766404780804187,8.736646327435047,0,0,0.1
core_neuralprophet_frozen_s42,neuralprophet,frozen,selected,42,21,2025-06-02 01:00:00,2025-06-05 13:00:00,85,83.0,True,True,-3.4257819652557373,18.766404780804187,15.34062281554845,0,0,0.1
core_neuralprophet_frozen_s42,neuralprophet,frozen,selected,42,21,2025-06-02 01:00:00,2025-06-05 14:00:00,86,83.2,True,True,8.206104278564453,18.766404780804187,26.97250905936864,0,0,0.1
core_neuralprophet_frozen_s42,neuralprophet,frozen,selected,42,21,2025-06-02 01:00:00,2025-06-05 15:00:00,87,82.87,True,True,3.2525975704193115,18.766404780804187,22.0190023512235,0,0,0.1
core_neuralprophet_frozen_s42,neuralprophet,frozen,selected,42,21,2025-06-02 01:00:00,2025-06-05 16:00:00,88,81.15,True,True,-9.098322868347168,18.766404780804187,9.66808191245702,0,0,0.1
core_neuralprophet_frozen_s42,neuralprophet,frozen,selected,42,21,2025-06-02 01:00:00,2025-06-05 17:00:00,89,80.3,True,True,6.571743011474609,18.766404780804187,25.338147792278797,0,0,0.1
core_neuralprophet_frozen_s42,neuralprophet,frozen,selected,42,21,2025-06-02 01:00:00,2025-06-05 18:00:00,90,80.19,True,True,5.627701282501221,18.766404780804187,24.394106063305408,0,0,0.1
core_neuralprophet_frozen_s42,neuralprophet,frozen,selected,42,21,2025-06-02 01:00:00,2025-06-05 19:00:00,91,80.36,True,True,12.881148338317873,18.766404780804187,31.64755311912206,0,0,0.1
core_neuralprophet_frozen_s42,neuralprophet,frozen,selected,42,21,2025-06-02 01:00:00,2025-06-05 20:00:00,92,82.62,True,True,7.912724018096924,18.766404780804187,26.67912879890111,0,0,0.1
core_neuralprophet_frozen_s42,neuralprophet,frozen,selected,42,21,2025-06-02 01:00:00,2025-06-05 21:00:00,93,86.87,True,True,19.95270729064941,18.766404780804187,38.719112071453594,0,0,0.1
core_neuralprophet_frozen_s42,neuralprophet,frozen,selected,42,21,2025-06-02 01:00:00,2025-06-05 22:00:00,94,90.15,True,True,36.22447967529297,18.766404780804187,54.990884456097156,0,0,0.1
core_neuralprophet_frozen_s42,neuralprophet,frozen,selected,42,21,2025-06-02 01:00:00,2025-06-05 23:00:00,95,92.06,True,True,40.57917785644531,18.766404780804187,59.3455826372495,0,0,0.1
core_neuralprophet_frozen_s42,neuralprophet,frozen,selected,42,21,2025-06-02 01:00:00,2025-06-06 00:00:00,96,92.32,True,True,46.6539192199707,18.766404780804187,65.42032400077488,0,0,0.1
core_neuralprophet_frozen_s42,neuralprophet,frozen,selected,42,21,2025-06-02 01:00:00,2025-06-06 01:00:00,97,92.26,True,True,50.5286750793457,18.766404780804187,69.29507986014988,0,0,0.1
core_neuralprophet_frozen_s42,neuralprophet,frozen,selected,42,21,2025-06-02 01:00:00,2025-06-06 02:00:00,98,87.72,True,True,49.05355453491211,18.766404780804187,67.81995931571629,0,0,0.1
core_neuralprophet_frozen_s42,neuralprophet,frozen,selected,42,21,2025-06-02 01:00:00,2025-06-06 03:00:00,99,84.53,True,True,41.11235809326172,18.766404780804187,59.878762874065906,0,0,0.1
core_neuralprophet_frozen_s42,neuralprophet,frozen,selected,42,21,2025-06-02 01:00:00,2025-06-06 04:00:00,100,92.1,True,True,43.82716751098633,18.766404780804187,62.593572291790515,0,0,0.1
core_neuralprophet_frozen_s42,neuralprophet,frozen,selected,42,21,2025-06-02 01:00:00,2025-06-06 05:00:00,101,97.26,True,True,18.002159118652344,18.766404780804187,36.76856389945653,0,0,0.1
core_neuralprophet_frozen_s42,neuralprophet,frozen,selected,42,21,2025-06-02 01:00:00,2025-06-06 06:00:00,102,101.51,True,True,14.403606414794922,18.766404780804187,33.17001119559911,0,0,0.1
core_neuralprophet_frozen_s42,neuralprophet,frozen,selected,42,21,2025-06-02 01:00:00,2025-06-06 07:00:00,103,94.8,True,True,8.3043212890625,18.766404780804187,27.070726069866687,0,0,0.1
core_neuralprophet_frozen_s42,neuralprophet,frozen,selected,42,21,2025-06-02 01:00:00,2025-06-06 08:00:00,104,86.36,True,True,0.0876519083976745,18.766404780804187,18.85405668920186,0,0,0.1
core_neuralprophet_frozen_s42,neuralprophet,frozen,selected,42,21,2025-06-02 01:00:00,2025-06-06 09:00:00,105,84.85,True,True,-0.6295744776725769,18.766404780804187,18.13683030313161,0,0,0.1
core_neuralprophet_frozen_s42,neuralprophet,frozen,selected,42,21,2025-06-02 01:00:00,2025-06-06 10:00:00,106,88.51,True,True,-0.9944135546684264,18.766404780804187,17.77199122613576,0,0,0.1
core_neuralprophet_frozen_s42,neuralprophet,frozen,selected,42,21,2025-06-02 01:00:00,2025-06-06 11:00:00,107,95.3,True,True,5.5242438316345215,18.766404780804187,24.29064861243871,0,0,0.1
core_neuralprophet_frozen_s42,neuralprophet,frozen,selected,42,21,2025-06-02 01:00:00,2025-06-06 12:00:00,108,103.02,True,True,3.3782260417938232,18.766404780804187,22.14463082259801,0,0,0.1
core_neuralprophet_frozen_s42,neuralprophet,frozen,selected,42,21,2025-06-02 01:00:00,2025-06-06 13:00:00,109,111.17,True,True,7.793363094329834,18.766404780804187,26.55976787513402,0,0,0.1
core_neuralprophet_frozen_s42,neuralprophet,frozen,selected,42,21,2025-06-02 01:00:00,2025-06-06 14:00:00,110,122.15,True,True,12.35605239868164,18.766404780804187,31.122457179485828,0,0,0.1
core_neuralprophet_frozen_s42,neuralprophet,frozen,selected,42,21,2025-06-02 01:00:00,2025-06-06 15:00:00,111,138.37,True,True,18.57552146911621,18.766404780804187,37.3419262499204,0,0,0.1
core_neuralprophet_frozen_s42,neuralprophet,frozen,selected,42,21,2025-06-02 01:00:00,2025-06-06 16:00:00,112,151.05,True,True,17.69242286682129,18.766404780804187,36.458827647625476,0,0,0.1
core_neuralprophet_frozen_s42,neuralprophet,frozen,selected,42,21,2025-06-02 01:00:00,2025-06-06 17:00:00,113,161.27,True,True,26.080121994018555,18.766404780804187,44.84652677482274,0,0,0.1
core_neuralprophet_frozen_s42,neuralprophet,frozen,selected,42,21,2025-06-02 01:00:00,2025-06-06 18:00:00,114,168.87,True,True,23.210538864135746,18.766404780804187,41.97694364493994,0,0,0.1
core_neuralprophet_frozen_s42,neuralprophet,frozen,selected,42,21,2025-06-02 01:00:00,2025-06-06 19:00:00,115,171.45,True,True,38.751163482666016,18.766404780804187,57.5175682634702,0,0,0.1
core_neuralprophet_frozen_s42,neuralprophet,frozen,selected,42,21,2025-06-02 01:00:00,2025-06-06 20:00:00,116,173.44,True,True,43.00847625732422,18.766404780804187,61.774881038128406,0,0,0.1
core_neuralprophet_frozen_s42,neuralprophet,frozen,selected,42,21,2025-06-02 01:00:00,2025-06-06 21:00:00,117,175.13,True,True,51.4068489074707,18.766404780804187,70.17325368827488,0,0,0.1
core_neuralprophet_frozen_s42,neuralprophet,frozen,selected,42,21,2025-06-02 01:00:00,2025-06-06 22:00:00,118,183.1,True,True,60.62481689453125,18.766404780804187,79.39122167533543,0,0,0.1
core_neuralprophet_frozen_s42,neuralprophet,frozen,selected,42,21,2025-06-02 01:00:00,2025-06-06 23:00:00,119,150.18,True,True,61.76986312866211,18.766404780804187,80.53626790946629,0,0,0.1
core_neuralprophet_frozen_s42,neuralprophet,frozen,selected,42,21,2025-06-02 01:00:00,2025-06-07 00:00:00,120,121.85,True,True,59.15285110473633,18.766404780804187,77.91925588554051,0,0,0.1
core_neuralprophet_frozen_s42,neuralprophet,frozen,selected,42,21,2025-06-02 01:00:00,2025-06-07 01:00:00,121,97.42,True,True,35.311424255371094,18.766404780804187,54.07782903617528,0,0,0.1
core_neuralprophet_frozen_s42,neuralprophet,frozen,selected,42,21,2025-06-02 01:00:00,2025-06-07 02:00:00,122,84.6,True,True,48.48052215576172,18.766404780804187,67.2469269365659,0,0,0.1
core_neuralprophet_frozen_s42,neuralprophet,frozen,selected,42,21,2025-06-02 01:00:00,2025-06-07 03:00:00,123,80.29,True,True,36.97964859008789,18.766404780804187,55.74605337089208,0,0,0.1
core_neuralprophet_frozen_s42,neuralprophet,frozen,selected,42,21,2025-06-02 01:00:00,2025-06-07 04:00:00,124,65.58,True,True,14.779196739196776,18.766404780804187,33.545601520000965,0,0,0.1
core_neuralprophet_frozen_s42,neuralprophet,frozen,selected,42,21,2025-06-02 01:00:00,2025-06-07 05:00:00,125,54.96,True,True,16.249069213867188,18.766404780804187,35.015473994671375,0,0,0.1
core_neuralprophet_frozen_s42,neuralprophet,frozen,selected,42,21,2025-06-02 01:00:00,2025-06-07 06:00:00,126,51.06,True,True,2.294763326644897,18.766404780804187,21.061168107449085,0,0,0.1
core_neuralprophet_frozen_s42,neuralprophet,frozen,selected,42,21,2025-06-02 01:00:00,2025-06-07 07:00:00,127,47.29,True,True,-1.02390456199646,18.766404780804187,17.742500218807727,0,0,0.1
core_neuralprophet_frozen_s42,neuralprophet,frozen,selected,42,21,2025-06-02 01:00:00,2025-06-07 08:00:00,128,43.79,True,True,-7.612778663635254,18.766404780804187,11.153626117168933,0,0,0.1
core_neuralprophet_frozen_s42,neuralprophet,frozen,selected,42,21,2025-06-02 01:00:00,2025-06-07 09:00:00,129,41.15,True,True,-15.344060897827148,18.766404780804187,3.4223438829770387,0,0,0.1
core_neuralprophet_frozen_s42,neuralprophet,frozen,selected,42,21,2025-06-02 01:00:00,2025-06-07 10:00:00,130,39.25,True,True,-10.412623405456545,18.766404780804187,8.353781375347642,0,0,0.1
core_neuralprophet_frozen_s42,neuralprophet,frozen,selected,42,21,2025-06-02 01:00:00,2025-06-07 11:00:00,131,38.59,True,True,-4.4276862144470215,18.766404780804187,14.338718566357166,0,0,0.1
core_neuralprophet_frozen_s42,neuralprophet,frozen,selected,42,21,2025-06-02 01:00:00,2025-06-07 12:00:00,132,39.35,True,True,-7.472211837768555,18.766404780804187,11.294192943035632,0,0,0.1
core_neuralprophet_frozen_s42,neuralprophet,frozen,selected,42,21,2025-06-02 01:00:00,2025-06-07 13:00:00,133,42.39,True,True,5.516620635986328,18.766404780804187,24.283025416790515,0,0,0.1
core_neuralprophet_frozen_s42,neuralprophet,frozen,selected,42,21,2025-06-02 01:00:00,2025-06-07 14:00:00,134,48.36,True,True,3.3053536415100098,18.766404780804187,22.071758422314197,0,0,0.1
core_neuralprophet_frozen_s42,neuralprophet,frozen,selected,42,21,2025-06-02 01:00:00,2025-06-07 15:00:00,135,56.86,True,True,10.382203102111816,18.766404780804187,29.148607882916004,0,0,0.1
core_neuralprophet_frozen_s42,neuralprophet,frozen,selected,42,21,2025-06-02 01:00:00,2025-06-07 16:00:00,136,67.42,True,True,10.80914306640625,18.766404780804187,29.575547847210437,0,0,0.1
core_neuralprophet_frozen_s42,neuralprophet,frozen,selected,42,21,2025-06-02 01:00:00,2025-06-07 17:00:00,137,80.18,True,True,23.1236629486084,18.766404780804187,41.890067729412586,0,0,0.1
core_neuralprophet_frozen_s42,neuralprophet,frozen,selected,42,21,2025-06-02 01:00:00,2025-06-07 18:00:00,138,94.26,True,True,22.13260841369629,18.766404780804187,40.899013194500476,0,0,0.1
core_neuralprophet_frozen_s42,neuralprophet,frozen,selected,42,21,2025-06-02 01:00:00,2025-06-07 19:00:00,139,106.22,True,True,31.282665252685547,18.766404780804187,50.049070033489734,0,0,0.1
core_neuralprophet_frozen_s42,neuralprophet,frozen,selected,42,21,2025-06-02 01:00:00,2025-06-07 20:00:00,140,116.89,True,True,33.538612365722656,18.766404780804187,52.30501714652684,0,0,0.1
core_neuralprophet_frozen_s42,neuralprophet,frozen,selected,42,21,2025-06-02 01:00:00,2025-06-07 21:00:00,141,128.1,True,True,47.32087326049805,18.766404780804187,66.08727804130223,0,0,0.1
core_neuralprophet_frozen_s42,neuralprophet,frozen,selected,42,21,2025-06-02 01:00:00,2025-06-07 22:00:00,142,138.62,True,True,57.320350646972656,18.766404780804187,76.08675542777684,0,0,0.1
core_neuralprophet_frozen_s42,neuralprophet,frozen,selected,42,21,2025-06-02 01:00:00,2025-06-07 23:00:00,143,147.74,True,True,59.309200286865234,18.766404780804187,78.07560506766941,0,0,0.1
core_neuralprophet_frozen_s42,neuralprophet,frozen,selected,42,21,2025-06-02 01:00:00,2025-06-08 00:00:00,144,154.85,True,True,71.4184341430664,18.766404780804187,90.18483892387059,0,0,0.1
core_neuralprophet_frozen_s42,neuralprophet,frozen,selected,42,21,2025-06-02 01:00:00,2025-06-08 01:00:00,145,171.91,True,True,49.43933868408203,18.766404780804187,68.20574346488621,0,0,0.1
core_neuralprophet_frozen_s42,neuralprophet,frozen,selected,42,21,2025-06-02 01:00:00,2025-06-08 02:00:00,146,172.97,True,True,66.38851165771484,18.766404780804187,85.15491643851902,0,0,0.1
core_neuralprophet_frozen_s42,neuralprophet,frozen,selected,42,21,2025-06-02 01:00:00,2025-06-08 03:00:00,147,180.31,True,True,68.96605682373047,18.766404780804187,87.73246160453465,0,0,0.1
core_neuralprophet_frozen_s42,neuralprophet,frozen,selected,42,21,2025-06-02 01:00:00,2025-06-08 04:00:00,148,104.44,True,True,37.03986358642578,18.766404780804187,55.80626836722997,0,0,0.1
core_neuralprophet_frozen_s42,neuralprophet,frozen,selected,42,21,2025-06-02 01:00:00,2025-06-08 05:00:00,149,74.95,True,True,20.337194442749023,18.766404780804187,39.10359922355321,0,0,0.1
core_neuralprophet_frozen_s42,neuralprophet,frozen,selected,42,21,2025-06-02 01:00:00,2025-06-08 06:00:00,150,72.65,True,True,0.4310751855373382,18.766404780804187,19.197479966341525,0,0,0.1
core_neuralprophet_frozen_s42,neuralprophet,frozen,selected,42,21,2025-06-02 01:00:00,2025-06-08 07:00:00,151,75.11,True,True,2.1632838249206543,18.766404780804187,20.92968860572484,0,0,0.1
core_neuralprophet_frozen_s42,neuralprophet,frozen,selected,42,21,2025-06-02 01:00:00,2025-06-08 08:00:00,152,77.15,True,True,-1.6391220092773438,18.766404780804187,17.127282771526843,0,0,0.1
core_neuralprophet_frozen_s42,neuralprophet,frozen,selected,42,21,2025-06-02 01:00:00,2025-06-08 09:00:00,153,78.52,True,True,-7.624470710754394,18.766404780804187,11.141934070049793,0,0,0.1
core_neuralprophet_frozen_s42,neuralprophet,frozen,selected,42,21,2025-06-02 01:00:00,2025-06-08 10:00:00,154,81.02,True,True,-5.204038143157959,18.766404780804187,13.562366637646228,0,0,0.1
core_neuralprophet_frozen_s42,neuralprophet,frozen,selected,42,21,2025-06-02 01:00:00,2025-06-08 11:00:00,155,84.05,True,True,0.3586241602897644,18.766404780804187,19.12502894109395,0,0,0.1
core_neuralprophet_frozen_s42,neuralprophet,frozen,selected,42,21,2025-06-02 01:00:00,2025-06-08 12:00:00,156,86.65,True,True,-1.437980890274048,18.766404780804187,17.32842389053014,0,0,0.1
core_neuralprophet_frozen_s42,neuralprophet,frozen,selected,42,21,2025-06-02 01:00:00,2025-06-08 13:00:00,157,88.71,True,True,7.259144306182861,18.766404780804187,26.02554908698705,0,0,0.1
core_neuralprophet_frozen_s42,neuralprophet,frozen,selected,42,21,2025-06-02 01:00:00,2025-06-08 14:00:00,158,93.2,True,True,10.557772636413574,18.766404780804187,29.32417741721776,0,0,0.1
core_neuralprophet_frozen_s42,neuralprophet,frozen,selected,42,21,2025-06-02 01:00:00,2025-06-08 15:00:00,159,97.43,True,True,16.121822357177734,18.766404780804187,34.88822713798192,0,0,0.1
core_neuralprophet_frozen_s42,neuralprophet,frozen,selected,42,21,2025-06-02 01:00:00,2025-06-08 16:00:00,160,98.75,True,True,14.78905963897705,18.766404780804187,33.55546441978124,0,0,0.1
core_neuralprophet_frozen_s42,neuralprophet,frozen,selected,42,21,2025-06-02 01:00:00,2025-06-08 17:00:00,161,99.91,True,True,17.15833854675293,18.766404780804187,35.92474332755712,0,0,0.1
core_neuralprophet_frozen_s42,neuralprophet,frozen,selected,42,21,2025-06-02 01:00:00,2025-06-08 18:00:00,162,100.83,True,True,22.09744071960449,18.766404780804187,40.86384550040867,0,0,0.1
core_neuralprophet_frozen_s42,neuralprophet,frozen,selected,42,21,2025-06-02 01:00:00,2025-06-08 19:00:00,163,101.08,True,True,25.326393127441406,18.766404780804187,44.09279790824559,0,0,0.1
core_neuralprophet_frozen_s42,neuralprophet,frozen,selected,42,21,2025-06-02 01:00:00,2025-06-08 20:00:00,164,102.18,True,True,34.46186065673828,18.766404780804187,53.22826543754247,0,0,0.1
core_neuralprophet_frozen_s42,neuralprophet,frozen,selected,42,21,2025-06-02 01:00:00,2025-06-08 21:00:00,165,104.27,True,True,36.68666076660156,18.766404780804187,55.45306554740575,0,0,0.1
core_neuralprophet_frozen_s42,neuralprophet,frozen,selected,42,21,2025-06-02 01:00:00,2025-06-08 22:00:00,166,108.48,True,True,35.87095642089844,18.766404780804187,54.637361201702625,0,0,0.1
core_neuralprophet_frozen_s42,neuralprophet,frozen,selected,42,21,2025-06-02 01:00:00,2025-06-08 23:00:00,167,114.67,True,True,38.94174575805664,18.766404780804187,57.70815053886083,0,0,0.1
core_neuralprophet_frozen_s42,neuralprophet,frozen,selected,42,21,2025-06-02 01:00:00,2025-06-09 00:00:00,168,126.33,True,True,45.30732727050781,18.766404780804187,64.07373205131199,0,0,0.1
core_neuralprophet_frozen_s42,neuralprophet,frozen,selected,42,22,2025-06-09 01:00:00,2025-06-09 01:00:00,1,158.34,True,True,115.9767074584961,22.225982233440188,138.20268969193629,0,0,0.1
core_neuralprophet_frozen_s42,neuralprophet,frozen,selected,42,22,2025-06-09 01:00:00,2025-06-09 02:00:00,2,176.42,True,True,121.56355285644533,22.225982233440188,143.7895350898855,0,0,0.1
core_neuralprophet_frozen_s42,neuralprophet,frozen,selected,42,22,2025-06-09 01:00:00,2025-06-09 03:00:00,3,191.92,True,True,116.65167999267578,22.225982233440188,138.87766222611597,0,0,0.1
core_neuralprophet_frozen_s42,neuralprophet,frozen,selected,42,22,2025-06-09 01:00:00,2025-06-09 04:00:00,4,171.79,True,True,85.51194763183594,22.225982233440188,107.73792986527613,0,0,0.1
core_neuralprophet_frozen_s42,neuralprophet,frozen,selected,42,22,2025-06-09 01:00:00,2025-06-09 05:00:00,5,142.8,True,True,80.80783081054688,22.225982233440188,103.03381304398707,0,0,0.1
core_neuralprophet_frozen_s42,neuralprophet,frozen,selected,42,22,2025-06-09 01:00:00,2025-06-09 06:00:00,6,122.66,True,True,58.72328186035156,22.225982233440188,80.94926409379175,0,0,0.1
core_neuralprophet_frozen_s42,neuralprophet,frozen,selected,42,22,2025-06-09 01:00:00,2025-06-09 07:00:00,7,83.41,True,True,51.60512161254883,22.225982233440188,73.83110384598902,0,0,0.1
core_neuralprophet_frozen_s42,neuralprophet,frozen,selected,42,22,2025-06-09 01:00:00,2025-06-09 08:00:00,8,47.78,True,True,33.11015319824219,22.225982233440188,55.33613543168238,0,0,0.1
core_neuralprophet_frozen_s42,neuralprophet,frozen,selected,42,22,2025-06-09 01:00:00,2025-06-09 09:00:00,9,29.72,True,True,16.70978355407715,22.225982233440188,38.93576578751734,0,0,0.1
core_neuralprophet_frozen_s42,neuralprophet,frozen,selected,42,22,2025-06-09 01:00:00,2025-06-09 10:00:00,10,23.67,True,True,14.724950790405272,22.225982233440188,36.95093302384546,0,0,0.1
core_neuralprophet_frozen_s42,neuralprophet,frozen,selected,42,22,2025-06-09 01:00:00,2025-06-09 11:00:00,11,26.68,True,True,14.086350440979004,22.225982233440188,36.312332674419196,0,0,0.1
core_neuralprophet_frozen_s42,neuralprophet,frozen,selected,42,22,2025-06-09 01:00:00,2025-06-09 12:00:00,12,34.32,True,True,11.313177108764648,22.225982233440188,33.53915934220484,0,0,0.1
core_neuralprophet_frozen_s42,neuralprophet,frozen,selected,42,22,2025-06-09 01:00:00,2025-06-09 13:00:00,13,44.57,True,True,32.935665130615234,22.225982233440188,55.161647364055426,0,0,0.1
core_neuralprophet_frozen_s42,neuralprophet,frozen,selected,42,22,2025-06-09 01:00:00,2025-06-09 14:00:00,14,50.09,True,True,47.929969787597656,22.225982233440188,70.15595202103785,0,0,0.1
core_neuralprophet_frozen_s42,neuralprophet,frozen,selected,42,22,2025-06-09 01:00:00,2025-06-09 15:00:00,15,42.91,True,True,40.45378494262695,22.225982233440188,62.679767176067145,0,0,0.1
core_neuralprophet_frozen_s42,neuralprophet,frozen,selected,42,22,2025-06-09 01:00:00,2025-06-09 16:00:00,16,20.31,True,True,19.555500030517575,22.225982233440188,41.78148226395776,0,0,0.1
core_neuralprophet_frozen_s42,neuralprophet,frozen,selected,42,22,2025-06-09 01:00:00,2025-06-09 17:00:00,17,10.7,True,True,20.397172927856445,22.225982233440188,42.62315516129664,0,0,0.1
core_neuralprophet_frozen_s42,neuralprophet,frozen,selected,42,22,2025-06-09 01:00:00,2025-06-09 18:00:00,18,7.82,True,True,19.379838943481445,22.225982233440188,41.60582117692164,0,0,0.1
core_neuralprophet_frozen_s42,neuralprophet,frozen,selected,42,22,2025-06-09 01:00:00,2025-06-09 19:00:00,19,7.85,True,True,10.616806030273438,22.225982233440188,32.84278826371363,0,0,0.1
core_neuralprophet_frozen_s42,neuralprophet,frozen,selected,42,22,2025-06-09 01:00:00,2025-06-09 20:00:00,20,9.45,True,True,13.464393615722656,22.225982233440188,35.69037584916285,0,0,0.1
core_neuralprophet_frozen_s42,neuralprophet,frozen,selected,42,22,2025-06-09 01:00:00,2025-06-09 21:00:00,21,12.06,True,True,34.77184295654297,22.225982233440188,56.99782518998316,0,0,0.1
core_neuralprophet_frozen_s42,neuralprophet,frozen,selected,42,22,2025-06-09 01:00:00,2025-06-09 22:00:00,22,14.91,True,True,31.007143020629883,22.225982233440188,53.233125254070075,0,0,0.1
core_neuralprophet_frozen_s42,neuralprophet,frozen,selected,42,22,2025-06-09 01:00:00,2025-06-09 23:00:00,23,17.74,True,True,24.391998291015625,22.225982233440188,46.61798052445582,0,0,0.1
core_neuralprophet_frozen_s42,neuralprophet,frozen,selected,42,22,2025-06-09 01:00:00,2025-06-10 00:00:00,24,20.22,True,True,34.11921691894531,22.225982233440188,56.345199152385504,0,0,0.1
core_neuralprophet_frozen_s42,neuralprophet,frozen,selected,42,22,2025-06-09 01:00:00,2025-06-10 01:00:00,25,23.79,True,True,28.42799949645996,22.225982233440188,50.65398172990015,0,0,0.1
core_neuralprophet_frozen_s42,neuralprophet,frozen,selected,42,22,2025-06-09 01:00:00,2025-06-10 02:00:00,26,26.6,True,True,29.898452758789062,22.225982233440188,52.124434992229254,0,0,0.1
core_neuralprophet_frozen_s42,neuralprophet,frozen,selected,42,22,2025-06-09 01:00:00,2025-06-10 03:00:00,27,29.32,True,True,38.725982666015625,22.225982233440188,60.95196489945582,0,0,0.1
core_neuralprophet_frozen_s42,neuralprophet,frozen,selected,42,22,2025-06-09 01:00:00,2025-06-10 04:00:00,28,15.98,True,True,12.36557674407959,22.225982233440188,34.59155897751978,0,0,0.1
core_neuralprophet_frozen_s42,neuralprophet,frozen,selected,42,22,2025-06-09 01:00:00,2025-06-10 05:00:00,29,15.15,True,True,-0.238408625125885,22.225982233440188,21.987573608314303,0,0,0.1
core_neuralprophet_frozen_s42,neuralprophet,frozen,selected,42,22,2025-06-09 01:00:00,2025-06-10 06:00:00,30,15.29,True,True,-11.11732578277588,22.225982233440188,11.108656450664308,0,0,0.1
core_neuralprophet_frozen_s42,neuralprophet,frozen,selected,42,22,2025-06-09 01:00:00,2025-06-10 07:00:00,31,14.77,True,True,-8.372014999389648,22.225982233440188,13.85396723405054,0,0,0.1
core_neuralprophet_frozen_s42,neuralprophet,frozen,selected,42,22,2025-06-09 01:00:00,2025-06-10 08:00:00,32,14.31,True,True,-15.860466003417969,22.225982233440188,6.3655162300222194,0,0,0.1
core_neuralprophet_frozen_s42,neuralprophet,frozen,selected,42,22,2025-06-09 01:00:00,2025-06-10 09:00:00,33,14.16,True,True,-22.03265380859375,22.225982233440188,0.1933284248464382,0,0,0.1
core_neuralprophet_frozen_s42,neuralprophet,frozen,selected,42,22,2025-06-09 01:00:00,2025-06-10 10:00:00,34,15.65,True,True,-17.26247215270996,22.225982233440188,4.963510080730227,0,0,0.1
core_neuralprophet_frozen_s42,neuralprophet,frozen,selected,42,22,2025-06-09 01:00:00,2025-06-10 11:00:00,35,18.42,True,True,-7.083542823791504,22.225982233440188,15.142439409648684,0,0,0.1
core_neuralprophet_frozen_s42,neuralprophet,frozen,selected,42,22,2025-06-09 01:00:00,2025-06-10 12:00:00,36,21.21,True,True,-18.448760986328125,22.225982233440188,3.777221247112063,0,0,0.1
core_neuralprophet_frozen_s42,neuralprophet,frozen,selected,42,22,2025-06-09 01:00:00,2025-06-10 13:00:00,37,23.4,True,True,10.44014835357666,22.225982233440188,32.66613058701685,0,0,0.1
core_neuralprophet_frozen_s42,neuralprophet,frozen,selected,42,22,2025-06-09 01:00:00,2025-06-10 14:00:00,38,25.6,True,True,8.542376518249512,22.225982233440188,30.7683587516897,0,0,0.1
core_neuralprophet_frozen_s42,neuralprophet,frozen,selected,42,22,2025-06-09 01:00:00,2025-06-10 15:00:00,39,27.41,True,True,12.798125267028809,22.225982233440188,35.024107500469,0,0,0.1
core_neuralprophet_frozen_s42,neuralprophet,frozen,selected,42,22,2025-06-09 01:00:00,2025-06-10 16:00:00,40,28.68,True,True,4.785940647125244,22.225982233440188,27.011922880565432,0,0,0.1
core_neuralprophet_frozen_s42,neuralprophet,frozen,selected,42,22,2025-06-09 01:00:00,2025-06-10 17:00:00,41,30.87,True,True,6.117557525634766,22.225982233440188,28.343539759074954,0,0,0.1
core_neuralprophet_frozen_s42,neuralprophet,frozen,selected,42,22,2025-06-09 01:00:00,2025-06-10 18:00:00,42,33.03,True,True,13.102240562438965,22.225982233440188,35.32822279587916,0,0,0.1
core_neuralprophet_frozen_s42,neuralprophet,frozen,selected,42,22,2025-06-09 01:00:00,2025-06-10 19:00:00,43,35.11,True,True,20.07164764404297,22.225982233440188,42.29762987748316,0,0,0.1
core_neuralprophet_frozen_s42,neuralprophet,frozen,selected,42,22,2025-06-09 01:00:00,2025-06-10 20:00:00,44,37.22,True,True,22.93161392211914,22.225982233440188,45.15759615555933,0,0,0.1
core_neuralprophet_frozen_s42,neuralprophet,frozen,selected,42,22,2025-06-09 01:00:00,2025-06-10 21:00:00,45,39.44,True,True,35.202911376953125,22.225982233440188,57.42889361039332,0,0,0.1
core_neuralprophet_frozen_s42,neuralprophet,frozen,selected,42,22,2025-06-09 01:00:00,2025-06-10 22:00:00,46,40.92,True,True,31.79859733581543,22.225982233440188,54.02457956925562,0,0,0.1
core_neuralprophet_frozen_s42,neuralprophet,frozen,selected,42,22,2025-06-09 01:00:00,2025-06-10 23:00:00,47,42.62,True,True,38.16323471069336,22.225982233440188,60.38921694413355,0,0,0.1
core_neuralprophet_frozen_s42,neuralprophet,frozen,selected,42,22,2025-06-09 01:00:00,2025-06-11 00:00:00,48,46.18,True,True,41.9232292175293,22.225982233440188,64.14921145096949,0,0,0.1
core_neuralprophet_frozen_s42,neuralprophet,frozen,selected,42,22,2025-06-09 01:00:00,2025-06-11 01:00:00,49,60.26,True,True,40.23119354248047,22.225982233440188,62.45717577592066,0,0,0.1
core_neuralprophet_frozen_s42,neuralprophet,frozen,selected,42,22,2025-06-09 01:00:00,2025-06-11 02:00:00,50,75.14,True,True,40.10948944091797,22.225982233440188,62.33547167435816,0,0,0.1
core_neuralprophet_frozen_s42,neuralprophet,frozen,selected,42,22,2025-06-09 01:00:00,2025-06-11 03:00:00,51,98.09,True,True,47.01105499267578,22.225982233440188,69.23703722611597,0,0,0.1
core_neuralprophet_frozen_s42,neuralprophet,frozen,selected,42,22,2025-06-09 01:00:00,2025-06-11 04:00:00,52,84.17,True,True,23.409809112548828,22.225982233440188,45.63579134598902,0,0,0.1
core_neuralprophet_frozen_s42,neuralprophet,frozen,selected,42,22,2025-06-09 01:00:00,2025-06-11 05:00:00,53,78.78,True,True,15.116260528564451,22.225982233440188,37.34224276200464,0,0,0.1
core_neuralprophet_frozen_s42,neuralprophet,frozen,selected,42,22,2025-06-09 01:00:00,2025-06-11 06:00:00,54,84.32,True,True,15.818394660949709,22.225982233440188,38.0443768943899,0,0,0.1
core_neuralprophet_frozen_s42,neuralprophet,frozen,selected,42,22,2025-06-09 01:00:00,2025-06-11 07:00:00,55,91.92,True,True,6.2726922035217285,22.225982233440188,28.498674436961917,0,0,0.1
core_neuralprophet_frozen_s42,neuralprophet,frozen,selected,42,22,2025-06-09 01:00:00,2025-06-11 08:00:00,56,97.34,True,True,15.080015182495115,22.225982233440188,37.3059974159353,0,0,0.1
core_neuralprophet_frozen_s42,neuralprophet,frozen,selected,42,22,2025-06-09 01:00:00,2025-06-11 09:00:00,57,99.94,True,True,-1.7926950454711914,22.225982233440188,20.433287187968997,0,0,0.1
core_neuralprophet_frozen_s42,neuralprophet,frozen,selected,42,22,2025-06-09 01:00:00,2025-06-11 10:00:00,58,101.17,True,True,-2.98707914352417,22.225982233440188,19.23890308991602,0,0,0.1
core_neuralprophet_frozen_s42,neuralprophet,frozen,selected,42,22,2025-06-09 01:00:00,2025-06-11 11:00:00,59,101.84,True,True,2.185763120651245,22.225982233440188,24.411745354091433,0,0,0.1
core_neuralprophet_frozen_s42,neuralprophet,frozen,selected,42,22,2025-06-09 01:00:00,2025-06-11 12:00:00,60,101.79,True,True,-2.59049916267395,22.225982233440188,19.635483070766238,0,0,0.1
core_neuralprophet_frozen_s42,neuralprophet,frozen,selected,42,22,2025-06-09 01:00:00,2025-06-11 13:00:00,61,99.36,True,True,7.94788122177124,22.225982233440188,30.17386345521143,0,0,0.1
core_neuralprophet_frozen_s42,neuralprophet,frozen,selected,42,22,2025-06-09 01:00:00,2025-06-11 14:00:00,62,96.72,True,True,0.4455818235874176,22.225982233440188,22.671564057027606,0,0,0.1
core_neuralprophet_frozen_s42,neuralprophet,frozen,selected,42,22,2025-06-09 01:00:00,2025-06-11 15:00:00,63,92.8,True,True,13.43692111968994,22.225982233440188,35.662903353130126,0,0,0.1
core_neuralprophet_frozen_s42,neuralprophet,frozen,selected,42,22,2025-06-09 01:00:00,2025-06-11 16:00:00,64,86.85,True,True,6.039065361022949,22.225982233440188,28.265047594463137,0,0,0.1
core_neuralprophet_frozen_s42,neuralprophet,frozen,selected,42,22,2025-06-09 01:00:00,2025-06-11 17:00:00,65,81.91,True,True,-7.273177146911621,22.225982233440188,14.952805086528567,0,0,0.1
core_neuralprophet_frozen_s42,neuralprophet,frozen,selected,42,22,2025-06-09 01:00:00,2025-06-11 18:00:00,66,79.52,True,True,-6.26068639755249,22.225982233440188,15.965295835887698,0,0,0.1
core_neuralprophet_frozen_s42,neuralprophet,frozen,selected,42,22,2025-06-09 01:00:00,2025-06-11 19:00:00,67,79.06,True,True,4.627913951873779,22.225982233440188,26.853896185313967,0,0,0.1
core_neuralprophet_frozen_s42,neuralprophet,frozen,selected,42,22,2025-06-09 01:00:00,2025-06-11 20:00:00,68,79.5,True,True,-2.4505181312561035,22.225982233440188,19.775464102184085,0,0,0.1
core_neuralprophet_frozen_s42,neuralprophet,frozen,selected,42,22,2025-06-09 01:00:00,2025-06-11 21:00:00,69,79.85,True,True,15.895386695861816,22.225982233440188,38.12136892930201,0,0,0.1
core_neuralprophet_frozen_s42,neuralprophet,frozen,selected,42,22,2025-06-09 01:00:00,2025-06-11 22:00:00,70,75.8,True,True,6.99991512298584,22.225982233440188,29.225897356426028,0,0,0.1
core_neuralprophet_frozen_s42,neuralprophet,frozen,selected,42,22,2025-06-09 01:00:00,2025-06-11 23:00:00,71,68.71,True,True,19.232789993286133,22.225982233440188,41.458772226726325,0,0,0.1
core_neuralprophet_frozen_s42,neuralprophet,frozen,selected,42,22,2025-06-09 01:00:00,2025-06-12 00:00:00,72,62.9,True,True,11.671342849731444,22.225982233440188,33.89732508317163,0,0,0.1
core_neuralprophet_frozen_s42,neuralprophet,frozen,selected,42,22,2025-06-09 01:00:00,2025-06-12 01:00:00,73,59.25,True,True,5.00730562210083,22.225982233440188,27.23328785554102,0,0,0.1
core_neuralprophet_frozen_s42,neuralprophet,frozen,selected,42,22,2025-06-09 01:00:00,2025-06-12 02:00:00,74,59.6,True,True,8.57539176940918,22.225982233440188,30.801374002849368,0,0,0.1
core_neuralprophet_frozen_s42,neuralprophet,frozen,selected,42,22,2025-06-09 01:00:00,2025-06-12 03:00:00,75,66.62,True,True,16.002347946166992,22.225982233440188,38.228330179607184,0,0,0.1
core_neuralprophet_frozen_s42,neuralprophet,frozen,selected,42,22,2025-06-09 01:00:00,2025-06-12 04:00:00,76,73.98,True,True,16.478683471679688,22.225982233440188,38.70466570511988,0,0,0.1
core_neuralprophet_frozen_s42,neuralprophet,frozen,selected,42,22,2025-06-09 01:00:00,2025-06-12 05:00:00,77,75.26,True,True,9.998743057250977,22.225982233440188,32.22472529069117,0,0,0.1
core_neuralprophet_frozen_s42,neuralprophet,frozen,selected,42,22,2025-06-09 01:00:00,2025-06-12 06:00:00,78,73.21,True,True,-6.034142971038818,22.225982233440188,16.19183926240137,0,0,0.1
core_neuralprophet_frozen_s42,neuralprophet,frozen,selected,42,22,2025-06-09 01:00:00,2025-06-12 07:00:00,79,72.03,True,True,-7.771694183349609,22.225982233440188,14.454288050090579,0,0,0.1
core_neuralprophet_frozen_s42,neuralprophet,frozen,selected,42,22,2025-06-09 01:00:00,2025-06-12 08:00:00,80,72.25,True,True,-8.57128620147705,22.225982233440188,13.654696031963137,0,0,0.1
core_neuralprophet_frozen_s42,neuralprophet,frozen,selected,42,22,2025-06-09 01:00:00,2025-06-12 09:00:00,81,74.2,True,True,-22.30371856689453,22.225982233440188,-0.07773633345434305,0,0,0.1
core_neuralprophet_frozen_s42,neuralprophet,frozen,selected,42,22,2025-06-09 01:00:00,2025-06-12 10:00:00,82,76.94,True,True,-22.113117218017575,22.225982233440188,0.11286501542261362,0,0,0.1
core_neuralprophet_frozen_s42,neuralprophet,frozen,selected,42,22,2025-06-09 01:00:00,2025-06-12 11:00:00,83,79.41,True,True,-16.38471794128418,22.225982233440188,5.8412642921560085,0,0,0.1
core_neuralprophet_frozen_s42,neuralprophet,frozen,selected,42,22,2025-06-09 01:00:00,2025-06-12 12:00:00,84,80.37,True,True,-16.103050231933594,22.225982233440188,6.1229320015065944,0,0,0.1
core_neuralprophet_frozen_s42,neuralprophet,frozen,selected,42,22,2025-06-09 01:00:00,2025-06-12 13:00:00,85,78.5,True,True,-0.7937707304954529,22.225982233440188,21.432211502944735,0,0,0.1
core_neuralprophet_frozen_s42,neuralprophet,frozen,selected,42,22,2025-06-09 01:00:00,2025-06-12 14:00:00,86,75.41,True,True,1.2762415409088137,22.225982233440188,23.502223774349,0,0,0.1
core_neuralprophet_frozen_s42,neuralprophet,frozen,selected,42,22,2025-06-09 01:00:00,2025-06-12 15:00:00,87,70.32,True,True,10.241822242736816,22.225982233440188,32.46780447617701,0,0,0.1
core_neuralprophet_frozen_s42,neuralprophet,frozen,selected,42,22,2025-06-09 01:00:00,2025-06-12 16:00:00,88,64.01,True,True,-5.542365550994873,22.225982233440188,16.683616682445315,0,0,0.1
core_neuralprophet_frozen_s42,neuralprophet,frozen,selected,42,22,2025-06-09 01:00:00,2025-06-12 17:00:00,89,60.76,True,True,-0.9871242642402648,22.225982233440188,21.238857969199923,0,0,0.1
core_neuralprophet_frozen_s42,neuralprophet,frozen,selected,42,22,2025-06-09 01:00:00,2025-06-12 18:00:00,90,60.36,True,True,8.315746307373047,22.225982233440188,30.541728540813235,0,0,0.1
core_neuralprophet_frozen_s42,neuralprophet,frozen,selected,42,22,2025-06-09 01:00:00,2025-06-12 19:00:00,91,61.03,True,True,13.40037727355957,22.225982233440188,35.62635950699976,0,0,0.1
core_neuralprophet_frozen_s42,neuralprophet,frozen,selected,42,22,2025-06-09 01:00:00,2025-06-12 20:00:00,92,62.91,True,True,32.289215087890625,22.225982233440188,54.51519732133082,0,0,0.1
core_neuralprophet_frozen_s42,neuralprophet,frozen,selected,42,22,2025-06-09 01:00:00,2025-06-12 21:00:00,93,64.59,True,True,29.589805603027344,22.225982233440188,51.815787836467535,0,0,0.1
core_neuralprophet_frozen_s42,neuralprophet,frozen,selected,42,22,2025-06-09 01:00:00,2025-06-12 22:00:00,94,64.79,True,True,37.33232879638672,22.225982233440188,59.55831102982691,0,0,0.1
core_neuralprophet_frozen_s42,neuralprophet,frozen,selected,42,22,2025-06-09 01:00:00,2025-06-12 23:00:00,95,63.91,True,True,35.502498626708984,22.225982233440188,57.728480860149176,0,0,0.1
core_neuralprophet_frozen_s42,neuralprophet,frozen,selected,42,22,2025-06-09 01:00:00,2025-06-13 00:00:00,96,63.63,True,True,48.49861526489258,22.225982233440188,70.72459749833277,0,0,0.1
core_neuralprophet_frozen_s42,neuralprophet,frozen,selected,42,22,2025-06-09 01:00:00,2025-06-13 01:00:00,97,66.41,True,True,39.07762145996094,22.225982233440188,61.30360369340113,0,0,0.1
core_neuralprophet_frozen_s42,neuralprophet,frozen,selected,42,22,2025-06-09 01:00:00,2025-06-13 02:00:00,98,71.33,True,True,36.01978302001953,22.225982233440188,58.24576525345972,0,0,0.1
core_neuralprophet_frozen_s42,neuralprophet,frozen,selected,42,22,2025-06-09 01:00:00,2025-06-13 03:00:00,99,82.48,True,True,52.06119918823242,22.225982233440188,74.28718142167261,0,0,0.1
core_neuralprophet_frozen_s42,neuralprophet,frozen,selected,42,22,2025-06-09 01:00:00,2025-06-13 04:00:00,100,94.66,True,True,30.50188636779785,22.225982233440188,52.72786860123804,0,0,0.1
core_neuralprophet_frozen_s42,neuralprophet,frozen,selected,42,22,2025-06-09 01:00:00,2025-06-13 05:00:00,101,95.64,True,True,32.308929443359375,22.225982233440188,54.53491167679957,0,0,0.1
core_neuralprophet_frozen_s42,neuralprophet,frozen,selected,42,22,2025-06-09 01:00:00,2025-06-13 06:00:00,102,89.85,True,True,49.260101318359375,22.225982233440188,71.48608355179957,0,0,0.1
core_neuralprophet_frozen_s42,neuralprophet,frozen,selected,42,22,2025-06-09 01:00:00,2025-06-13 07:00:00,103,85.13,True,True,28.03847885131836,22.225982233440188,50.26446108475855,0,0,0.1
core_neuralprophet_frozen_s42,neuralprophet,frozen,selected,42,22,2025-06-09 01:00:00,2025-06-13 08:00:00,104,81.83,True,True,27.248729705810547,22.225982233440188,49.47471193925074,0,0,0.1
core_neuralprophet_frozen_s42,neuralprophet,frozen,selected,42,22,2025-06-09 01:00:00,2025-06-13 09:00:00,105,80.16,True,True,26.25516700744629,22.225982233440188,48.48114924088648,0,0,0.1
core_neuralprophet_frozen_s42,neuralprophet,frozen,selected,42,22,2025-06-09 01:00:00,2025-06-13 10:00:00,106,81.73,True,True,24.31094741821289,22.225982233440188,46.53692965165308,0,0,0.1
core_neuralprophet_frozen_s42,neuralprophet,frozen,selected,42,22,2025-06-09 01:00:00,2025-06-13 11:00:00,107,85.72,True,True,32.19781875610352,22.225982233440188,54.42380098954371,0,0,0.1
core_neuralprophet_frozen_s42,neuralprophet,frozen,selected,42,22,2025-06-09 01:00:00,2025-06-13 12:00:00,108,89.84,True,True,32.618160247802734,22.225982233440188,54.844142481242926,0,0,0.1
core_neuralprophet_frozen_s42,neuralprophet,frozen,selected,42,22,2025-06-09 01:00:00,2025-06-13 13:00:00,109,93.15,True,True,37.43441009521485,22.225982233440188,59.660392328655035,0,0,0.1
core_neuralprophet_frozen_s42,neuralprophet,frozen,selected,42,22,2025-06-09 01:00:00,2025-06-13 14:00:00,110,96.12,True,True,57.07881164550781,22.225982233440188,79.304793878948,0,0,0.1
core_neuralprophet_frozen_s42,neuralprophet,frozen,selected,42,22,2025-06-09 01:00:00,2025-06-13 15:00:00,111,96.41,True,True,46.857234954833984,22.225982233440188,69.08321718827418,0,0,0.1
core_neuralprophet_frozen_s42,neuralprophet,frozen,selected,42,22,2025-06-09 01:00:00,2025-06-13 16:00:00,112,93.86,True,True,38.27024841308594,22.225982233440188,60.49623064652613,0,0,0.1
core_neuralprophet_frozen_s42,neuralprophet,frozen,selected,42,22,2025-06-09 01:00:00,2025-06-13 17:00:00,113,83.3,True,True,40.07749557495117,22.225982233440188,62.303477808391364,0,0,0.1
core_neuralprophet_frozen_s42,neuralprophet,frozen,selected,42,22,2025-06-09 01:00:00,2025-06-13 18:00:00,114,75.73,True,True,32.76978302001953,22.225982233440188,54.99576525345972,0,0,0.1
core_neuralprophet_frozen_s42,neuralprophet,frozen,selected,42,22,2025-06-09 01:00:00,2025-06-13 19:00:00,115,71.15,True,True,33.79693984985352,22.225982233440188,56.02292208329371,0,0,0.1
core_neuralprophet_frozen_s42,neuralprophet,frozen,selected,42,22,2025-06-09 01:00:00,2025-06-13 20:00:00,116,68.65,True,True,34.06488037109375,22.225982233440188,56.29086260453394,0,0,0.1
core_neuralprophet_frozen_s42,neuralprophet,frozen,selected,42,22,2025-06-09 01:00:00,2025-06-13 21:00:00,117,68.08,True,True,45.74689102172852,22.225982233440188,67.97287325516871,0,0,0.1
core_neuralprophet_frozen_s42,neuralprophet,frozen,selected,42,22,2025-06-09 01:00:00,2025-06-13 22:00:00,118,66.61,True,True,46.43960571289063,22.225982233440188,68.66558794633082,0,0,0.1
core_neuralprophet_frozen_s42,neuralprophet,frozen,selected,42,22,2025-06-09 01:00:00,2025-06-13 23:00:00,119,63.17,True,True,47.33622360229492,22.225982233440188,69.56220583573511,0,0,0.1
core_neuralprophet_frozen_s42,neuralprophet,frozen,selected,42,22,2025-06-09 01:00:00,2025-06-14 00:00:00,120,62.69,True,True,45.237422943115234,22.225982233440188,67.46340517655543,0,0,0.1
core_neuralprophet_frozen_s42,neuralprophet,frozen,selected,42,22,2025-06-09 01:00:00,2025-06-14 01:00:00,121,63.99,True,True,45.50951385498047,22.225982233440188,67.73549608842066,0,0,0.1
core_neuralprophet_frozen_s42,neuralprophet,frozen,selected,42,22,2025-06-09 01:00:00,2025-06-14 02:00:00,122,63.91,True,True,58.23979568481445,22.225982233440188,80.46577791825464,0,0,0.1
core_neuralprophet_frozen_s42,neuralprophet,frozen,selected,42,22,2025-06-09 01:00:00,2025-06-14 03:00:00,123,66.76,True,True,47.49016571044922,22.225982233440188,69.71614794388941,0,0,0.1
core_neuralprophet_frozen_s42,neuralprophet,frozen,selected,42,22,2025-06-09 01:00:00,2025-06-14 04:00:00,124,68.52,True,True,36.0258674621582,22.225982233440188,58.251849695598395,0,0,0.1
core_neuralprophet_frozen_s42,neuralprophet,frozen,selected,42,22,2025-06-09 01:00:00,2025-06-14 05:00:00,125,66.03,True,True,29.3802433013916,22.225982233440188,51.60622553483179,0,0,0.1
core_neuralprophet_frozen_s42,neuralprophet,frozen,selected,42,22,2025-06-09 01:00:00,2025-06-14 06:00:00,126,62.59,True,True,22.168577194213867,22.225982233440188,44.39455942765406,0,0,0.1
core_neuralprophet_frozen_s42,neuralprophet,frozen,selected,42,22,2025-06-09 01:00:00,2025-06-14 07:00:00,127,59.91,True,True,18.820541381835938,22.225982233440188,41.04652361527613,0,0,0.1
core_neuralprophet_frozen_s42,neuralprophet,frozen,selected,42,22,2025-06-09 01:00:00,2025-06-14 08:00:00,128,58.87,True,True,12.562464714050291,22.225982233440188,34.78844694749048,0,0,0.1
core_neuralprophet_frozen_s42,neuralprophet,frozen,selected,42,22,2025-06-09 01:00:00,2025-06-14 09:00:00,129,59.09,True,True,6.516017436981201,22.225982233440188,28.74199967042139,0,0,0.1
core_neuralprophet_frozen_s42,neuralprophet,frozen,selected,42,22,2025-06-09 01:00:00,2025-06-14 10:00:00,130,60.27,True,True,9.904285430908203,22.225982233440188,32.130267664348395,0,0,0.1
core_neuralprophet_frozen_s42,neuralprophet,frozen,selected,42,22,2025-06-09 01:00:00,2025-06-14 11:00:00,131,63.47,True,True,1.4237017631530762,22.225982233440188,23.649683996593264,0,0,0.1
core_neuralprophet_frozen_s42,neuralprophet,frozen,selected,42,22,2025-06-09 01:00:00,2025-06-14 12:00:00,132,67.83,True,True,3.0678741931915283,22.225982233440188,25.293856426631717,0,0,0.1
core_neuralprophet_frozen_s42,neuralprophet,frozen,selected,42,22,2025-06-09 01:00:00,2025-06-14 13:00:00,133,72.6,True,True,14.45030117034912,22.225982233440188,36.676283403789306,0,0,0.1
core_neuralprophet_frozen_s42,neuralprophet,frozen,selected,42,22,2025-06-09 01:00:00,2025-06-14 14:00:00,134,76.78,True,True,20.213293075561523,22.225982233440188,42.439275309001715,0,0,0.1
core_neuralprophet_frozen_s42,neuralprophet,frozen,selected,42,22,2025-06-09 01:00:00,2025-06-14 15:00:00,135,80.37,True,True,31.38639068603516,22.225982233440188,53.61237291947535,0,0,0.1
core_neuralprophet_frozen_s42,neuralprophet,frozen,selected,42,22,2025-06-09 01:00:00,2025-06-14 16:00:00,136,82.35,True,True,28.98500633239746,22.225982233440188,51.21098856583765,0,0,0.1
core_neuralprophet_frozen_s42,neuralprophet,frozen,selected,42,22,2025-06-09 01:00:00,2025-06-14 17:00:00,137,84.18,True,True,31.13572883605957,22.225982233440188,53.36171106949976,0,0,0.1
core_neuralprophet_frozen_s42,neuralprophet,frozen,selected,42,22,2025-06-09 01:00:00,2025-06-14 18:00:00,138,87.05,True,True,36.23606872558594,22.225982233440188,58.46205095902613,0,0,0.1
core_neuralprophet_frozen_s42,neuralprophet,frozen,selected,42,22,2025-06-09 01:00:00,2025-06-14 19:00:00,139,93.04,True,True,42.32308578491211,22.225982233440188,64.5490680183523,0,0,0.1
core_neuralprophet_frozen_s42,neuralprophet,frozen,selected,42,22,2025-06-09 01:00:00,2025-06-14 20:00:00,140,99.01,True,True,47.53074645996094,22.225982233440188,69.75672869340113,0,0,0.1
core_neuralprophet_frozen_s42,neuralprophet,frozen,selected,42,22,2025-06-09 01:00:00,2025-06-14 21:00:00,141,103.9,True,True,46.672882080078125,22.225982233440188,68.89886431351832,0,0,0.1
core_neuralprophet_frozen_s42,neuralprophet,frozen,selected,42,22,2025-06-09 01:00:00,2025-06-14 22:00:00,142,107.77,True,True,45.9034538269043,22.225982233440188,68.12943606034449,0,0,0.1
core_neuralprophet_frozen_s42,neuralprophet,frozen,selected,42,22,2025-06-09 01:00:00,2025-06-14 23:00:00,143,109.7,True,True,52.43522644042969,22.225982233440188,74.66120867386988,0,0,0.1
core_neuralprophet_frozen_s42,neuralprophet,frozen,selected,42,22,2025-06-09 01:00:00,2025-06-15 00:00:00,144,108.51,True,True,54.19206237792969,22.225982233440188,76.41804461136988,0,0,0.1
core_neuralprophet_frozen_s42,neuralprophet,frozen,selected,42,22,2025-06-09 01:00:00,2025-06-15 01:00:00,145,78.38,True,True,34.88409423828125,22.225982233440188,57.11007647172144,0,0,0.1
core_neuralprophet_frozen_s42,neuralprophet,frozen,selected,42,22,2025-06-09 01:00:00,2025-06-15 02:00:00,146,55.37,True,True,41.6031608581543,22.225982233440188,63.82914309159449,0,0,0.1
core_neuralprophet_frozen_s42,neuralprophet,frozen,selected,42,22,2025-06-09 01:00:00,2025-06-15 03:00:00,147,45.04,True,True,36.78375625610352,22.225982233440188,59.00973848954371,0,0,0.1
core_neuralprophet_frozen_s42,neuralprophet,frozen,selected,42,22,2025-06-09 01:00:00,2025-06-15 04:00:00,148,16.64,True,True,13.481267929077148,22.225982233440188,35.70725016251734,0,0,0.1
core_neuralprophet_frozen_s42,neuralprophet,frozen,selected,42,22,2025-06-09 01:00:00,2025-06-15 05:00:00,149,9.68,True,True,3.125304937362671,22.225982233440188,25.35128717080286,0,0,0.1
core_neuralprophet_frozen_s42,neuralprophet,frozen,selected,42,22,2025-06-09 01:00:00,2025-06-15 06:00:00,150,8.31,True,True,11.113761901855469,22.225982233440188,33.33974413529566,0,0,0.1
core_neuralprophet_frozen_s42,neuralprophet,frozen,selected,42,22,2025-06-09 01:00:00,2025-06-15 07:00:00,151,7.98,True,True,-4.69440507888794,22.225982233440188,17.53157715455225,0,0,0.1
core_neuralprophet_frozen_s42,neuralprophet,frozen,selected,42,22,2025-06-09 01:00:00,2025-06-15 08:00:00,152,8.07,True,True,-13.62950325012207,22.225982233440188,8.596478983318118,0,0,0.1
core_neuralprophet_frozen_s42,neuralprophet,frozen,selected,42,22,2025-06-09 01:00:00,2025-06-15 09:00:00,153,7.99,True,True,-3.108916521072388,22.225982233440188,19.1170657123678,0,0,0.1
core_neuralprophet_frozen_s42,neuralprophet,frozen,selected,42,22,2025-06-09 01:00:00,2025-06-15 10:00:00,154,7.95,True,True,-2.743414878845215,22.225982233440188,19.482567354594973,0,0,0.1
core_neuralprophet_frozen_s42,neuralprophet,frozen,selected,42,22,2025-06-09 01:00:00,2025-06-15 11:00:00,155,7.65,True,True,3.2207486629486084,22.225982233440188,25.446730896388797,0,0,0.1
core_neuralprophet_frozen_s42,neuralprophet,frozen,selected,42,22,2025-06-09 01:00:00,2025-06-15 12:00:00,156,6.58,True,True,-8.330241203308105,22.225982233440188,13.895741030132083,0,0,0.1
core_neuralprophet_frozen_s42,neuralprophet,frozen,selected,42,22,2025-06-09 01:00:00,2025-06-15 13:00:00,157,5.75,True,True,6.479278564453125,22.225982233440188,28.705260797893313,0,0,0.1
core_neuralprophet_frozen_s42,neuralprophet,frozen,selected,42,22,2025-06-09 01:00:00,2025-06-15 14:00:00,158,5.51,True,True,15.625678062438965,22.225982233440188,37.85166029587916,0,0,0.1
core_neuralprophet_frozen_s42,neuralprophet,frozen,selected,42,22,2025-06-09 01:00:00,2025-06-15 15:00:00,159,5.25,True,True,12.337518692016602,22.225982233440188,34.56350092545679,0,0,0.1
core_neuralprophet_frozen_s42,neuralprophet,frozen,selected,42,22,2025-06-09 01:00:00,2025-06-15 16:00:00,160,4.8,True,True,1.7176873683929443,22.225982233440188,23.943669601833133,0,0,0.1
core_neuralprophet_frozen_s42,neuralprophet,frozen,selected,42,22,2025-06-09 01:00:00,2025-06-15 17:00:00,161,4.56,True,True,7.011478424072266,22.225982233440188,29.237460657512454,0,0,0.1
core_neuralprophet_frozen_s42,neuralprophet,frozen,selected,42,22,2025-06-09 01:00:00,2025-06-15 18:00:00,162,4.45,True,True,9.607135772705078,22.225982233440188,31.833118006145266,0,0,0.1
core_neuralprophet_frozen_s42,neuralprophet,frozen,selected,42,22,2025-06-09 01:00:00,2025-06-15 19:00:00,163,4.35,True,True,19.162670135498047,22.225982233440188,41.38865236893824,0,0,0.1
core_neuralprophet_frozen_s42,neuralprophet,frozen,selected,42,22,2025-06-09 01:00:00,2025-06-15 20:00:00,164,4.28,True,True,7.729665279388428,22.225982233440188,29.955647512828616,0,0,0.1
core_neuralprophet_frozen_s42,neuralprophet,frozen,selected,42,22,2025-06-09 01:00:00,2025-06-15 21:00:00,165,4.25,True,True,26.779460906982425,22.225982233440188,49.005443140422614,0,0,0.1
core_neuralprophet_frozen_s42,neuralprophet,frozen,selected,42,22,2025-06-09 01:00:00,2025-06-15 22:00:00,166,4.37,True,True,15.936235427856444,22.225982233440188,38.16221766129663,0,0,0.1
core_neuralprophet_frozen_s42,neuralprophet,frozen,selected,42,22,2025-06-09 01:00:00,2025-06-15 23:00:00,167,4.76,True,True,34.897552490234375,22.225982233440188,57.12353472367457,0,0,0.1
core_neuralprophet_frozen_s42,neuralprophet,frozen,selected,42,22,2025-06-09 01:00:00,2025-06-16 00:00:00,168,5.25,True,True,20.61261558532715,22.225982233440188,42.83859781876734,0,0,0.1
core_neuralprophet_frozen_s42,neuralprophet,frozen,selected,42,23,2025-06-16 01:00:00,2025-06-16 01:00:00,1,5.48,True,True,0.806706964969635,23.727084328788155,24.53379129375779,0,0,0.1
core_neuralprophet_frozen_s42,neuralprophet,frozen,selected,42,23,2025-06-16 01:00:00,2025-06-16 02:00:00,2,5.18,True,True,2.353904485702514,23.727084328788155,26.08098881449067,0,0,0.1
core_neuralprophet_frozen_s42,neuralprophet,frozen,selected,42,23,2025-06-16 01:00:00,2025-06-16 03:00:00,3,4.44,True,True,5.013120651245117,23.727084328788155,28.740204980033273,0,0,0.1
core_neuralprophet_frozen_s42,neuralprophet,frozen,selected,42,23,2025-06-16 01:00:00,2025-06-16 04:00:00,4,2.25,True,True,10.189528465270996,23.727084328788155,33.91661279405915,0,0,0.1
core_neuralprophet_frozen_s42,neuralprophet,frozen,selected,42,23,2025-06-16 01:00:00,2025-06-16 05:00:00,5,2.03,True,True,-4.893008232116699,23.727084328788155,18.834076096671456,0,0,0.1
core_neuralprophet_frozen_s42,neuralprophet,frozen,selected,42,23,2025-06-16 01:00:00,2025-06-16 06:00:00,6,2.09,True,True,-12.499094009399414,23.727084328788155,11.227990319388741,0,0,0.1
core_neuralprophet_frozen_s42,neuralprophet,frozen,selected,42,23,2025-06-16 01:00:00,2025-06-16 07:00:00,7,2.23,True,True,-19.514907836914062,23.727084328788155,4.212176491874093,0,0,0.1
core_neuralprophet_frozen_s42,neuralprophet,frozen,selected,42,23,2025-06-16 01:00:00,2025-06-16 08:00:00,8,2.38,True,True,-18.50181579589844,23.727084328788155,5.225268532889714,0,0,0.1
core_neuralprophet_frozen_s42,neuralprophet,frozen,selected,42,23,2025-06-16 01:00:00,2025-06-16 09:00:00,9,2.53,True,True,-34.722434997558594,23.727084328788155,-10.995350668770438,0,0,0.1
core_neuralprophet_frozen_s42,neuralprophet,frozen,selected,42,23,2025-06-16 01:00:00,2025-06-16 10:00:00,10,3.46,True,True,-33.71315383911133,23.727084328788155,-9.986069510323173,0,0,0.1
core_neuralprophet_frozen_s42,neuralprophet,frozen,selected,42,23,2025-06-16 01:00:00,2025-06-16 11:00:00,11,5.08,True,True,-28.88431167602539,23.727084328788155,-5.157227347237235,0,0,0.1
core_neuralprophet_frozen_s42,neuralprophet,frozen,selected,42,23,2025-06-16 01:00:00,2025-06-16 12:00:00,12,6.66,True,True,-23.71427345275879,23.727084328788155,0.01281087602936637,0,0,0.1
core_neuralprophet_frozen_s42,neuralprophet,frozen,selected,42,23,2025-06-16 01:00:00,2025-06-16 13:00:00,13,7.77,True,True,-19.34493637084961,23.727084328788155,4.382147957938546,0,0,0.1
core_neuralprophet_frozen_s42,neuralprophet,frozen,selected,42,23,2025-06-16 01:00:00,2025-06-16 14:00:00,14,8.71,True,True,-13.298027992248535,23.727084328788155,10.42905633653962,0,0,0.1
core_neuralprophet_frozen_s42,neuralprophet,frozen,selected,42,23,2025-06-16 01:00:00,2025-06-16 15:00:00,15,9.49,True,True,-11.53791618347168,23.727084328788155,12.189168145316476,0,0,0.1
core_neuralprophet_frozen_s42,neuralprophet,frozen,selected,42,23,2025-06-16 01:00:00,2025-06-16 16:00:00,16,10.15,True,True,-23.860809326171875,23.727084328788155,-0.13372499738371957,0,0,0.1
core_neuralprophet_frozen_s42,neuralprophet,frozen,selected,42,23,2025-06-16 01:00:00,2025-06-16 17:00:00,17,11.29,True,True,-13.230364799499512,23.727084328788155,10.496719529288644,0,0,0.1
core_neuralprophet_frozen_s42,neuralprophet,frozen,selected,42,23,2025-06-16 01:00:00,2025-06-16 18:00:00,18,12.97,True,True,-22.48331451416016,23.727084328788155,1.2437698146279956,0,0,0.1
core_neuralprophet_frozen_s42,neuralprophet,frozen,selected,42,23,2025-06-16 01:00:00,2025-06-16 19:00:00,19,14.77,True,True,-16.689178466796875,23.727084328788155,7.03790586199128,0,0,0.1
core_neuralprophet_frozen_s42,neuralprophet,frozen,selected,42,23,2025-06-16 01:00:00,2025-06-16 20:00:00,20,16.29,True,True,-3.85237193107605,23.727084328788155,19.874712397712106,0,0,0.1
core_neuralprophet_frozen_s42,neuralprophet,frozen,selected,42,23,2025-06-16 01:00:00,2025-06-16 21:00:00,21,17.54,True,True,-0.2325319647789001,23.727084328788155,23.494552364009255,0,0,0.1
core_neuralprophet_frozen_s42,neuralprophet,frozen,selected,42,23,2025-06-16 01:00:00,2025-06-16 22:00:00,22,18.01,True,True,-0.4982954859733581,23.727084328788155,23.228788842814797,0,0,0.1
core_neuralprophet_frozen_s42,neuralprophet,frozen,selected,42,23,2025-06-16 01:00:00,2025-06-16 23:00:00,23,18.3,True,True,1.3418912887573242,23.727084328788155,25.06897561754548,0,0,0.1
core_neuralprophet_frozen_s42,neuralprophet,frozen,selected,42,23,2025-06-16 01:00:00,2025-06-17 00:00:00,24,19.5,True,True,1.7455500364303589,23.727084328788155,25.472634365218514,0,0,0.1
core_neuralprophet_frozen_s42,neuralprophet,frozen,selected,42,23,2025-06-16 01:00:00,2025-06-17 01:00:00,25,22.85,True,True,-4.6345391273498535,23.727084328788155,19.092545201438302,0,0,0.1
core_neuralprophet_frozen_s42,neuralprophet,frozen,selected,42,23,2025-06-16 01:00:00,2025-06-17 02:00:00,26,28.34,True,True,-3.11524510383606,23.727084328788155,20.611839224952096,0,0,0.1
core_neuralprophet_frozen_s42,neuralprophet,frozen,selected,42,23,2025-06-16 01:00:00,2025-06-17 03:00:00,27,40.45,True,True,6.8489203453063965,23.727084328788155,30.576004674094552,0,0,0.1
core_neuralprophet_frozen_s42,neuralprophet,frozen,selected,42,23,2025-06-16 01:00:00,2025-06-17 04:00:00,28,46.02,True,True,3.846692085266113,23.727084328788155,27.57377641405427,0,0,0.1
core_neuralprophet_frozen_s42,neuralprophet,frozen,selected,42,23,2025-06-16 01:00:00,2025-06-17 05:00:00,29,52.47,True,True,-11.421143531799316,23.727084328788155,12.305940796988839,0,0,0.1
core_neuralprophet_frozen_s42,neuralprophet,frozen,selected,42,23,2025-06-16 01:00:00,2025-06-17 06:00:00,30,53.46,True,True,-20.063077926635746,23.727084328788155,3.6640064021524097,0,0,0.1
core_neuralprophet_frozen_s42,neuralprophet,frozen,selected,42,23,2025-06-16 01:00:00,2025-06-17 07:00:00,31,31.18,True,True,-24.219087600708008,23.727084328788155,-0.4920032719198524,0,0,0.1
core_neuralprophet_frozen_s42,neuralprophet,frozen,selected,42,23,2025-06-16 01:00:00,2025-06-17 08:00:00,32,21.99,True,True,-31.132164001464844,23.727084328788155,-7.405079672676688,0,0,0.1
core_neuralprophet_frozen_s42,neuralprophet,frozen,selected,42,23,2025-06-16 01:00:00,2025-06-17 09:00:00,33,20.8,True,True,-33.50453567504883,23.727084328788155,-9.777451346260673,0,0,0.1
core_neuralprophet_frozen_s42,neuralprophet,frozen,selected,42,23,2025-06-16 01:00:00,2025-06-17 10:00:00,34,22.03,True,True,-32.024898529052734,23.727084328788155,-8.297814200264579,0,0,0.1
core_neuralprophet_frozen_s42,neuralprophet,frozen,selected,42,23,2025-06-16 01:00:00,2025-06-17 11:00:00,35,23.63,True,True,-22.752037048339844,23.727084328788155,0.9750472804483117,0,0,0.1
core_neuralprophet_frozen_s42,neuralprophet,frozen,selected,42,23,2025-06-16 01:00:00,2025-06-17 12:00:00,36,24.23,True,True,-26.65276336669922,23.727084328788155,-2.9256790379110633,0,0,0.1
core_neuralprophet_frozen_s42,neuralprophet,frozen,selected,42,23,2025-06-16 01:00:00,2025-06-17 13:00:00,37,24.31,True,True,-17.35037612915039,23.727084328788155,6.376708199637765,0,0,0.1
core_neuralprophet_frozen_s42,neuralprophet,frozen,selected,42,23,2025-06-16 01:00:00,2025-06-17 14:00:00,38,26.22,True,True,-14.441320419311523,23.727084328788155,9.285763909476632,0,0,0.1
core_neuralprophet_frozen_s42,neuralprophet,frozen,selected,42,23,2025-06-16 01:00:00,2025-06-17 15:00:00,39,29.48,True,True,-2.251164674758911,23.727084328788155,21.475919654029244,0,0,0.1
core_neuralprophet_frozen_s42,neuralprophet,frozen,selected,42,23,2025-06-16 01:00:00,2025-06-17 16:00:00,40,32.99,True,True,-3.125893831253052,23.727084328788155,20.601190497535104,0,0,0.1
core_neuralprophet_frozen_s42,neuralprophet,frozen,selected,42,23,2025-06-16 01:00:00,2025-06-17 17:00:00,41,36.36,True,True,1.937300682067871,23.727084328788155,25.664385010856027,0,0,0.1
core_neuralprophet_frozen_s42,neuralprophet,frozen,selected,42,23,2025-06-16 01:00:00,2025-06-17 18:00:00,42,39.55,True,True,2.1349077224731445,23.727084328788155,25.8619920512613,0,0,0.1
core_neuralprophet_frozen_s42,neuralprophet,frozen,selected,42,23,2025-06-16 01:00:00,2025-06-17 19:00:00,43,43.07,True,True,6.89285135269165,23.727084328788155,30.619935681479806,0,0,0.1
core_neuralprophet_frozen_s42,neuralprophet,frozen,selected,42,23,2025-06-16 01:00:00,2025-06-17 20:00:00,44,46.8,True,True,8.721542358398438,23.727084328788155,32.44862668718659,0,0,0.1
core_neuralprophet_frozen_s42,neuralprophet,frozen,selected,42,23,2025-06-16 01:00:00,2025-06-17 21:00:00,45,50.48,True,True,27.44173240661621,23.727084328788155,51.16881673540436,0,0,0.1
core_neuralprophet_frozen_s42,neuralprophet,frozen,selected,42,23,2025-06-16 01:00:00,2025-06-17 22:00:00,46,53.37,True,True,30.787261962890625,23.727084328788155,54.51434629167878,0,0,0.1
core_neuralprophet_frozen_s42,neuralprophet,frozen,selected,42,23,2025-06-16 01:00:00,2025-06-17 23:00:00,47,56.24,True,True,32.12950897216797,23.727084328788155,55.85659330095612,0,0,0.1
core_neuralprophet_frozen_s42,neuralprophet,frozen,selected,42,23,2025-06-16 01:00:00,2025-06-18 00:00:00,48,59.75,True,True,42.00248336791992,23.727084328788155,65.72956769670807,0,0,0.1
core_neuralprophet_frozen_s42,neuralprophet,frozen,selected,42,23,2025-06-16 01:00:00,2025-06-18 01:00:00,49,69.21,True,True,38.92914962768555,23.727084328788155,62.6562339564737,0,0,0.1
core_neuralprophet_frozen_s42,neuralprophet,frozen,selected,42,23,2025-06-16 01:00:00,2025-06-18 02:00:00,50,76.38,True,True,46.76199722290039,23.727084328788155,70.48908155168854,0,0,0.1
core_neuralprophet_frozen_s42,neuralprophet,frozen,selected,42,23,2025-06-16 01:00:00,2025-06-18 03:00:00,51,85.89,True,True,51.98773956298828,23.727084328788155,75.71482389177643,0,0,0.1
core_neuralprophet_frozen_s42,neuralprophet,frozen,selected,42,23,2025-06-16 01:00:00,2025-06-18 04:00:00,52,97.85,True,True,51.237586975097656,23.727084328788155,74.96467130388581,0,0,0.1
core_neuralprophet_frozen_s42,neuralprophet,frozen,selected,42,23,2025-06-16 01:00:00,2025-06-18 05:00:00,53,97.78,True,True,36.09682846069336,23.727084328788155,59.82391278948151,0,0,0.1
core_neuralprophet_frozen_s42,neuralprophet,frozen,selected,42,23,2025-06-16 01:00:00,2025-06-18 06:00:00,54,90.87,True,True,27.3936824798584,23.727084328788155,51.12076680864655,0,0,0.1
core_neuralprophet_frozen_s42,neuralprophet,frozen,selected,42,23,2025-06-16 01:00:00,2025-06-18 07:00:00,55,75.46,True,True,20.43403625488281,23.727084328788155,44.161120583670964,0,0,0.1
core_neuralprophet_frozen_s42,neuralprophet,frozen,selected,42,23,2025-06-16 01:00:00,2025-06-18 08:00:00,56,59.9,True,True,11.234704971313477,23.727084328788155,34.96178930010163,0,0,0.1
core_neuralprophet_frozen_s42,neuralprophet,frozen,selected,42,23,2025-06-16 01:00:00,2025-06-18 09:00:00,57,46.39,True,True,12.867632865905762,23.727084328788155,36.594717194693914,0,0,0.1
core_neuralprophet_frozen_s42,neuralprophet,frozen,selected,42,23,2025-06-16 01:00:00,2025-06-18 10:00:00,58,36.19,True,True,0.8890722393989563,23.727084328788155,24.61615656818711,0,0,0.1
core_neuralprophet_frozen_s42,neuralprophet,frozen,selected,42,23,2025-06-16 01:00:00,2025-06-18 11:00:00,59,30.61,True,True,16.3599910736084,23.727084328788155,40.08707540239655,0,0,0.1
core_neuralprophet_frozen_s42,neuralprophet,frozen,selected,42,23,2025-06-16 01:00:00,2025-06-18 12:00:00,60,26.85,True,True,9.16506290435791,23.727084328788155,32.89214723314606,0,0,0.1
core_neuralprophet_frozen_s42,neuralprophet,frozen,selected,42,23,2025-06-16 01:00:00,2025-06-18 13:00:00,61,24.36,True,True,14.521673202514648,23.727084328788155,38.2487575313028,0,0,0.1
core_neuralprophet_frozen_s42,neuralprophet,frozen,selected,42,23,2025-06-16 01:00:00,2025-06-18 14:00:00,62,23.93,True,True,12.39077854156494,23.727084328788155,36.11786287035309,0,0,0.1
core_neuralprophet_frozen_s42,neuralprophet,frozen,selected,42,23,2025-06-16 01:00:00,2025-06-18 15:00:00,63,24.87,True,True,22.441028594970703,23.727084328788155,46.168112923758855,0,0,0.1
core_neuralprophet_frozen_s42,neuralprophet,frozen,selected,42,23,2025-06-16 01:00:00,2025-06-18 16:00:00,64,26.9,True,True,11.840204238891602,23.727084328788155,35.56728856767975,0,0,0.1
core_neuralprophet_frozen_s42,neuralprophet,frozen,selected,42,23,2025-06-16 01:00:00,2025-06-18 17:00:00,65,29.09,True,True,18.833065032958984,23.727084328788155,42.560149361747136,0,0,0.1
core_neuralprophet_frozen_s42,neuralprophet,frozen,selected,42,23,2025-06-16 01:00:00,2025-06-18 18:00:00,66,30.3,True,True,16.374948501586914,23.727084328788155,40.102032830375066,0,0,0.1
core_neuralprophet_frozen_s42,neuralprophet,frozen,selected,42,23,2025-06-16 01:00:00,2025-06-18 19:00:00,67,29.82,True,True,18.02917861938477,23.727084328788155,41.756262948172925,0,0,0.1
core_neuralprophet_frozen_s42,neuralprophet,frozen,selected,42,23,2025-06-16 01:00:00,2025-06-18 20:00:00,68,30.38,True,True,29.53724479675293,23.727084328788155,53.26432912554108,0,0,0.1
core_neuralprophet_frozen_s42,neuralprophet,frozen,selected,42,23,2025-06-16 01:00:00,2025-06-18 21:00:00,69,32.74,True,True,21.71238899230957,23.727084328788155,45.43947332109772,0,0,0.1
core_neuralprophet_frozen_s42,neuralprophet,frozen,selected,42,23,2025-06-16 01:00:00,2025-06-18 22:00:00,70,37.14,True,True,25.967849731445312,23.727084328788155,49.694934060233464,0,0,0.1
core_neuralprophet_frozen_s42,neuralprophet,frozen,selected,42,23,2025-06-16 01:00:00,2025-06-18 23:00:00,71,40.6,True,True,31.43914604187012,23.727084328788155,55.166230370658276,0,0,0.1
core_neuralprophet_frozen_s42,neuralprophet,frozen,selected,42,23,2025-06-16 01:00:00,2025-06-19 00:00:00,72,43.9,True,True,37.25800704956055,23.727084328788155,60.9850913783487,0,0,0.1
core_neuralprophet_frozen_s42,neuralprophet,frozen,selected,42,23,2025-06-16 01:00:00,2025-06-19 01:00:00,73,46.43,True,True,28.37187385559082,23.727084328788155,52.09895818437897,0,0,0.1
core_neuralprophet_frozen_s42,neuralprophet,frozen,selected,42,23,2025-06-16 01:00:00,2025-06-19 02:00:00,74,48.33,True,True,39.18092727661133,23.727084328788155,62.90801160539948,0,0,0.1
core_neuralprophet_frozen_s42,neuralprophet,frozen,selected,42,23,2025-06-16 01:00:00,2025-06-19 03:00:00,75,51.16,True,True,43.79938507080078,23.727084328788155,67.52646939958893,0,0,0.1
core_neuralprophet_frozen_s42,neuralprophet,frozen,selected,42,23,2025-06-16 01:00:00,2025-06-19 04:00:00,76,53.02,True,True,44.1411018371582,23.727084328788155,67.86818616594636,0,0,0.1
core_neuralprophet_frozen_s42,neuralprophet,frozen,selected,42,23,2025-06-16 01:00:00,2025-06-19 05:00:00,77,51.8,True,True,44.05932235717773,23.727084328788155,67.78640668596589,0,0,0.1
core_neuralprophet_frozen_s42,neuralprophet,frozen,selected,42,23,2025-06-16 01:00:00,2025-06-19 06:00:00,78,51.7,True,True,26.954219818115234,23.727084328788155,50.681304146903386,0,0,0.1
core_neuralprophet_frozen_s42,neuralprophet,frozen,selected,42,23,2025-06-16 01:00:00,2025-06-19 07:00:00,79,49.32,True,True,27.62939453125,23.727084328788155,51.35647886003815,0,0,0.1
core_neuralprophet_frozen_s42,neuralprophet,frozen,selected,42,23,2025-06-16 01:00:00,2025-06-19 08:00:00,80,46.48,True,True,13.358757972717283,23.727084328788155,37.08584230150544,0,0,0.1
core_neuralprophet_frozen_s42,neuralprophet,frozen,selected,42,23,2025-06-16 01:00:00,2025-06-19 09:00:00,81,45.29,True,True,7.860697746276855,23.727084328788155,31.58778207506501,0,0,0.1
core_neuralprophet_frozen_s42,neuralprophet,frozen,selected,42,23,2025-06-16 01:00:00,2025-06-19 10:00:00,82,46.36,True,True,6.916080474853516,23.727084328788155,30.64316480364167,0,0,0.1
core_neuralprophet_frozen_s42,neuralprophet,frozen,selected,42,23,2025-06-16 01:00:00,2025-06-19 11:00:00,83,48.95,True,True,15.556638717651367,23.727084328788155,39.28372304643952,0,0,0.1
core_neuralprophet_frozen_s42,neuralprophet,frozen,selected,42,23,2025-06-16 01:00:00,2025-06-19 12:00:00,84,51.03,True,True,7.810602188110352,23.727084328788155,31.537686516898507,0,0,0.1
core_neuralprophet_frozen_s42,neuralprophet,frozen,selected,42,23,2025-06-16 01:00:00,2025-06-19 13:00:00,85,52.05,True,True,17.14014434814453,23.727084328788155,40.86722867693268,0,0,0.1
core_neuralprophet_frozen_s42,neuralprophet,frozen,selected,42,23,2025-06-16 01:00:00,2025-06-19 14:00:00,86,53.05,True,True,15.898345947265623,23.727084328788155,39.62543027605378,0,0,0.1
core_neuralprophet_frozen_s42,neuralprophet,frozen,selected,42,23,2025-06-16 01:00:00,2025-06-19 15:00:00,87,54.56,True,True,19.65860939025879,23.727084328788155,43.38569371904694,0,0,0.1
core_neuralprophet_frozen_s42,neuralprophet,frozen,selected,42,23,2025-06-16 01:00:00,2025-06-19 16:00:00,88,55.69,True,True,6.5835371017456055,23.727084328788155,30.31062143053376,0,0,0.1
core_neuralprophet_frozen_s42,neuralprophet,frozen,selected,42,23,2025-06-16 01:00:00,2025-06-19 17:00:00,89,57.7,True,True,27.13925170898437,23.727084328788155,50.86633603777253,0,0,0.1
core_neuralprophet_frozen_s42,neuralprophet,frozen,selected,42,23,2025-06-16 01:00:00,2025-06-19 18:00:00,90,61.39,True,True,29.88737678527832,23.727084328788155,53.61446111406647,0,0,0.1
core_neuralprophet_frozen_s42,neuralprophet,frozen,selected,42,23,2025-06-16 01:00:00,2025-06-19 19:00:00,91,66.16,True,True,37.31595230102539,23.727084328788155,61.04303662981354,0,0,0.1
core_neuralprophet_frozen_s42,neuralprophet,frozen,selected,42,23,2025-06-16 01:00:00,2025-06-19 20:00:00,92,72.33,True,True,42.413272857666016,23.727084328788155,66.14035718645417,0,0,0.1
core_neuralprophet_frozen_s42,neuralprophet,frozen,selected,42,23,2025-06-16 01:00:00,2025-06-19 21:00:00,93,79.8,True,True,60.71211242675781,23.727084328788155,84.43919675554596,0,0,0.1
core_neuralprophet_frozen_s42,neuralprophet,frozen,selected,42,23,2025-06-16 01:00:00,2025-06-19 22:00:00,94,90.16,True,True,73.1768569946289,23.727084328788155,96.90394132341706,0,0,0.1
core_neuralprophet_frozen_s42,neuralprophet,frozen,selected,42,23,2025-06-16 01:00:00,2025-06-19 23:00:00,95,99.96,True,True,73.33101654052734,23.727084328788155,97.0581008693155,0,0,0.1
core_neuralprophet_frozen_s42,neuralprophet,frozen,selected,42,23,2025-06-16 01:00:00,2025-06-20 00:00:00,96,109.55,True,True,64.09465026855469,23.727084328788155,87.82173459734284,0,0,0.1
core_neuralprophet_frozen_s42,neuralprophet,frozen,selected,42,23,2025-06-16 01:00:00,2025-06-20 01:00:00,97,91.43,True,True,53.85676193237305,23.727084328788155,77.5838462611612,0,0,0.1
core_neuralprophet_frozen_s42,neuralprophet,frozen,selected,42,23,2025-06-16 01:00:00,2025-06-20 02:00:00,98,72.16,True,True,48.34507369995117,23.727084328788155,72.07215802873932,0,0,0.1
core_neuralprophet_frozen_s42,neuralprophet,frozen,selected,42,23,2025-06-16 01:00:00,2025-06-20 03:00:00,99,63.05,True,True,51.01049423217773,23.727084328788155,74.73757856096589,0,0,0.1
core_neuralprophet_frozen_s42,neuralprophet,frozen,selected,42,23,2025-06-16 01:00:00,2025-06-20 04:00:00,100,43.21,True,True,42.87094879150391,23.727084328788155,66.59803312029207,0,0,0.1
core_neuralprophet_frozen_s42,neuralprophet,frozen,selected,42,23,2025-06-16 01:00:00,2025-06-20 05:00:00,101,33.74,True,True,32.55617904663086,23.727084328788155,56.28326337541901,0,0,0.1
core_neuralprophet_frozen_s42,neuralprophet,frozen,selected,42,23,2025-06-16 01:00:00,2025-06-20 06:00:00,102,31.59,True,True,30.91048622131348,23.727084328788155,54.637570550101636,0,0,0.1
core_neuralprophet_frozen_s42,neuralprophet,frozen,selected,42,23,2025-06-16 01:00:00,2025-06-20 07:00:00,103,31.27,True,True,33.609317779541016,23.727084328788155,57.33640210832917,0,0,0.1
core_neuralprophet_frozen_s42,neuralprophet,frozen,selected,42,23,2025-06-16 01:00:00,2025-06-20 08:00:00,104,30.63,True,True,21.516342163085938,23.727084328788155,45.24342649187409,0,0,0.1
core_neuralprophet_frozen_s42,neuralprophet,frozen,selected,42,23,2025-06-16 01:00:00,2025-06-20 09:00:00,105,29.19,True,True,18.232622146606445,23.727084328788155,41.9597064753946,0,0,0.1
core_neuralprophet_frozen_s42,neuralprophet,frozen,selected,42,23,2025-06-16 01:00:00,2025-06-20 10:00:00,106,29.26,True,True,19.96688461303711,23.727084328788155,43.69396894182526,0,0,0.1
core_neuralprophet_frozen_s42,neuralprophet,frozen,selected,42,23,2025-06-16 01:00:00,2025-06-20 11:00:00,107,30.76,True,True,23.545589447021484,23.727084328788155,47.272673775809636,0,0,0.1
core_neuralprophet_frozen_s42,neuralprophet,frozen,selected,42,23,2025-06-16 01:00:00,2025-06-20 12:00:00,108,32.65,True,True,29.105825424194336,23.727084328788155,52.83290975298249,0,0,0.1
core_neuralprophet_frozen_s42,neuralprophet,frozen,selected,42,23,2025-06-16 01:00:00,2025-06-20 13:00:00,109,34.17,True,True,28.526525497436523,23.727084328788155,52.253609826224675,0,0,0.1
core_neuralprophet_frozen_s42,neuralprophet,frozen,selected,42,23,2025-06-16 01:00:00,2025-06-20 14:00:00,110,36.1,True,True,41.07553482055664,23.727084328788155,64.80261914934479,0,0,0.1
core_neuralprophet_frozen_s42,neuralprophet,frozen,selected,42,23,2025-06-16 01:00:00,2025-06-20 15:00:00,111,37.93,True,True,37.74237823486328,23.727084328788155,61.46946256365143,0,0,0.1
core_neuralprophet_frozen_s42,neuralprophet,frozen,selected,42,23,2025-06-16 01:00:00,2025-06-20 16:00:00,112,38.98,True,True,38.4712028503418,23.727084328788155,62.19828717912995,0,0,0.1
core_neuralprophet_frozen_s42,neuralprophet,frozen,selected,42,23,2025-06-16 01:00:00,2025-06-20 17:00:00,113,41.14,True,True,40.99911880493164,23.727084328788155,64.72620313371979,0,0,0.1
core_neuralprophet_frozen_s42,neuralprophet,frozen,selected,42,23,2025-06-16 01:00:00,2025-06-20 18:00:00,114,44.2,True,True,34.20863342285156,23.727084328788155,57.935717751639714,0,0,0.1
core_neuralprophet_frozen_s42,neuralprophet,frozen,selected,42,23,2025-06-16 01:00:00,2025-06-20 19:00:00,115,47.15,True,True,36.65707015991211,23.727084328788155,60.38415448870026,0,0,0.1
core_neuralprophet_frozen_s42,neuralprophet,frozen,selected,42,23,2025-06-16 01:00:00,2025-06-20 20:00:00,116,49.59,True,True,47.43805694580078,23.727084328788155,71.16514127458893,0,0,0.1
core_neuralprophet_frozen_s42,neuralprophet,frozen,selected,42,23,2025-06-16 01:00:00,2025-06-20 21:00:00,117,52.15,True,True,50.65513610839844,23.727084328788155,74.38222043718659,0,0,0.1
core_neuralprophet_frozen_s42,neuralprophet,frozen,selected,42,23,2025-06-16 01:00:00,2025-06-20 22:00:00,118,54.48,True,True,44.50771331787109,23.727084328788155,68.23479764665925,0,0,0.1
core_neuralprophet_frozen_s42,neuralprophet,frozen,selected,42,23,2025-06-16 01:00:00,2025-06-20 23:00:00,119,57.55,True,True,49.72811508178711,23.727084328788155,73.45519941057526,0,0,0.1
core_neuralprophet_frozen_s42,neuralprophet,frozen,selected,42,23,2025-06-16 01:00:00,2025-06-21 00:00:00,120,64.16,True,True,48.50801467895508,23.727084328788155,72.23509900774323,0,0,0.1
core_neuralprophet_frozen_s42,neuralprophet,frozen,selected,42,23,2025-06-16 01:00:00,2025-06-21 01:00:00,121,75.31,True,True,43.93548202514648,23.727084328788155,67.66256635393464,0,0,0.1
core_neuralprophet_frozen_s42,neuralprophet,frozen,selected,42,23,2025-06-16 01:00:00,2025-06-21 02:00:00,122,78.91,True,True,50.77834701538086,23.727084328788155,74.50543134416901,0,0,0.1
core_neuralprophet_frozen_s42,neuralprophet,frozen,selected,42,23,2025-06-16 01:00:00,2025-06-21 03:00:00,123,75.05,True,True,51.96801376342773,23.727084328788155,75.69509809221589,0,0,0.1
core_neuralprophet_frozen_s42,neuralprophet,frozen,selected,42,23,2025-06-16 01:00:00,2025-06-21 04:00:00,124,40.02,True,True,22.92474174499512,23.727084328788155,46.651826073783276,0,0,0.1
core_neuralprophet_frozen_s42,neuralprophet,frozen,selected,42,23,2025-06-16 01:00:00,2025-06-21 05:00:00,125,27.51,True,True,28.18268585205078,23.727084328788155,51.90977018083893,0,0,0.1
core_neuralprophet_frozen_s42,neuralprophet,frozen,selected,42,23,2025-06-16 01:00:00,2025-06-21 06:00:00,126,25.22,True,True,17.885427474975586,23.727084328788155,41.61251180376374,0,0,0.1
core_neuralprophet_frozen_s42,neuralprophet,frozen,selected,42,23,2025-06-16 01:00:00,2025-06-21 07:00:00,127,24.2,True,True,3.170057535171509,23.727084328788155,26.897141863959664,0,0,0.1
core_neuralprophet_frozen_s42,neuralprophet,frozen,selected,42,23,2025-06-16 01:00:00,2025-06-21 08:00:00,128,23.4,True,True,9.2794828414917,23.727084328788155,33.00656717027985,0,0,0.1
core_neuralprophet_frozen_s42,neuralprophet,frozen,selected,42,23,2025-06-16 01:00:00,2025-06-21 09:00:00,129,22.58,True,True,-2.8549063205718994,23.727084328788155,20.872178008216256,0,0,0.1
core_neuralprophet_frozen_s42,neuralprophet,frozen,selected,42,23,2025-06-16 01:00:00,2025-06-21 10:00:00,130,22.31,True,True,-6.406898021697998,23.727084328788155,17.320186307090157,0,0,0.1
core_neuralprophet_frozen_s42,neuralprophet,frozen,selected,42,23,2025-06-16 01:00:00,2025-06-21 11:00:00,131,22.71,True,True,-3.4535367488861084,23.727084328788155,20.273547579902047,0,0,0.1
core_neuralprophet_frozen_s42,neuralprophet,frozen,selected,42,23,2025-06-16 01:00:00,2025-06-21 12:00:00,132,23.08,True,True,1.4893207550048828,23.727084328788155,25.21640508379304,0,0,0.1
core_neuralprophet_frozen_s42,neuralprophet,frozen,selected,42,23,2025-06-16 01:00:00,2025-06-21 13:00:00,133,22.7,True,True,11.154589653015137,23.727084328788155,34.88167398180329,0,0,0.1
core_neuralprophet_frozen_s42,neuralprophet,frozen,selected,42,23,2025-06-16 01:00:00,2025-06-21 14:00:00,134,22.97,True,True,9.847481727600098,23.727084328788155,33.57456605638825,0,0,0.1
core_neuralprophet_frozen_s42,neuralprophet,frozen,selected,42,23,2025-06-16 01:00:00,2025-06-21 15:00:00,135,23.56,True,True,12.565248489379885,23.727084328788155,36.29233281816804,0,0,0.1
core_neuralprophet_frozen_s42,neuralprophet,frozen,selected,42,23,2025-06-16 01:00:00,2025-06-21 16:00:00,136,23.93,True,True,4.231292724609375,23.727084328788155,27.95837705339753,0,0,0.1
core_neuralprophet_frozen_s42,neuralprophet,frozen,selected,42,23,2025-06-16 01:00:00,2025-06-21 17:00:00,137,24.46,True,True,8.749712944030762,23.727084328788155,32.476797272818914,0,0,0.1
core_neuralprophet_frozen_s42,neuralprophet,frozen,selected,42,23,2025-06-16 01:00:00,2025-06-21 18:00:00,138,25.31,True,True,2.2199954986572266,23.727084328788155,25.947079827445382,0,0,0.1
core_neuralprophet_frozen_s42,neuralprophet,frozen,selected,42,23,2025-06-16 01:00:00,2025-06-21 19:00:00,139,26.29,True,True,3.1362361907958984,23.727084328788155,26.863320519584054,0,0,0.1
core_neuralprophet_frozen_s42,neuralprophet,frozen,selected,42,23,2025-06-16 01:00:00,2025-06-21 20:00:00,140,26.1,True,True,3.538703203201294,23.727084328788155,27.26578753198945,0,0,0.1
core_neuralprophet_frozen_s42,neuralprophet,frozen,selected,42,23,2025-06-16 01:00:00,2025-06-21 21:00:00,141,25.82,True,True,17.627492904663086,23.727084328788155,41.35457723345124,0,0,0.1
core_neuralprophet_frozen_s42,neuralprophet,frozen,selected,42,23,2025-06-16 01:00:00,2025-06-21 22:00:00,142,25.95,True,True,16.711273193359375,23.727084328788155,40.43835752214753,0,0,0.1
core_neuralprophet_frozen_s42,neuralprophet,frozen,selected,42,23,2025-06-16 01:00:00,2025-06-21 23:00:00,143,26.66,True,True,16.319368362426758,23.727084328788155,40.04645269121491,0,0,0.1
core_neuralprophet_frozen_s42,neuralprophet,frozen,selected,42,23,2025-06-16 01:00:00,2025-06-22 00:00:00,144,28.15,True,True,25.13304901123047,23.727084328788155,48.86013334001862,0,0,0.1
core_neuralprophet_frozen_s42,neuralprophet,frozen,selected,42,23,2025-06-16 01:00:00,2025-06-22 01:00:00,145,29.82,True,True,17.173410415649414,23.727084328788155,40.900494744437566,0,0,0.1
core_neuralprophet_frozen_s42,neuralprophet,frozen,selected,42,23,2025-06-16 01:00:00,2025-06-22 02:00:00,146,31.16,True,True,24.255016326904297,23.727084328788155,47.98210065569245,0,0,0.1
core_neuralprophet_frozen_s42,neuralprophet,frozen,selected,42,23,2025-06-16 01:00:00,2025-06-22 03:00:00,147,40.39,True,True,24.78240394592285,23.727084328788155,48.509488274711,0,0,0.1
core_neuralprophet_frozen_s42,neuralprophet,frozen,selected,42,23,2025-06-16 01:00:00,2025-06-22 04:00:00,148,16.97,True,True,29.064319610595703,23.727084328788155,52.791403939383855,0,0,0.1
core_neuralprophet_frozen_s42,neuralprophet,frozen,selected,42,23,2025-06-16 01:00:00,2025-06-22 05:00:00,149,10.58,True,True,18.43867301940918,23.727084328788155,42.16575734819733,0,0,0.1
core_neuralprophet_frozen_s42,neuralprophet,frozen,selected,42,23,2025-06-16 01:00:00,2025-06-22 06:00:00,150,10.02,True,True,15.577946662902832,23.727084328788155,39.305030991690984,0,0,0.1
core_neuralprophet_frozen_s42,neuralprophet,frozen,selected,42,23,2025-06-16 01:00:00,2025-06-22 07:00:00,151,10.45,True,True,13.800583839416504,23.727084328788155,37.527668168204656,0,0,0.1
core_neuralprophet_frozen_s42,neuralprophet,frozen,selected,42,23,2025-06-16 01:00:00,2025-06-22 08:00:00,152,10.84,True,True,6.622598171234131,23.727084328788155,30.349682500022286,0,0,0.1
core_neuralprophet_frozen_s42,neuralprophet,frozen,selected,42,23,2025-06-16 01:00:00,2025-06-22 09:00:00,153,11.14,True,True,1.0748744010925293,23.727084328788155,24.801958729880685,0,0,0.1
core_neuralprophet_frozen_s42,neuralprophet,frozen,selected,42,23,2025-06-16 01:00:00,2025-06-22 10:00:00,154,12.45,True,True,7.353704452514648,23.727084328788155,31.080788781302804,0,0,0.1
core_neuralprophet_frozen_s42,neuralprophet,frozen,selected,42,23,2025-06-16 01:00:00,2025-06-22 11:00:00,155,15.28,True,True,6.7702741622924805,23.727084328788155,30.497358491080636,0,0,0.1
core_neuralprophet_frozen_s42,neuralprophet,frozen,selected,42,23,2025-06-16 01:00:00,2025-06-22 12:00:00,156,18.72,True,True,5.41100549697876,23.727084328788155,29.138089825766915,0,0,0.1
core_neuralprophet_frozen_s42,neuralprophet,frozen,selected,42,23,2025-06-16 01:00:00,2025-06-22 13:00:00,157,21.94,True,True,17.902616500854492,23.727084328788155,41.629700829642644,0,0,0.1
core_neuralprophet_frozen_s42,neuralprophet,frozen,selected,42,23,2025-06-16 01:00:00,2025-06-22 14:00:00,158,24.59,True,True,10.847947120666504,23.727084328788155,34.575031449454656,0,0,0.1
core_neuralprophet_frozen_s42,neuralprophet,frozen,selected,42,23,2025-06-16 01:00:00,2025-06-22 15:00:00,159,26.44,True,True,25.75902366638184,23.727084328788155,49.486107995169995,0,0,0.1
core_neuralprophet_frozen_s42,neuralprophet,frozen,selected,42,23,2025-06-16 01:00:00,2025-06-22 16:00:00,160,27.66,True,True,26.399473190307617,23.727084328788155,50.12655751909577,0,0,0.1
core_neuralprophet_frozen_s42,neuralprophet,frozen,selected,42,23,2025-06-16 01:00:00,2025-06-22 17:00:00,161,29.38,True,True,28.29734230041504,23.727084328788155,52.02442662920319,0,0,0.1
core_neuralprophet_frozen_s42,neuralprophet,frozen,selected,42,23,2025-06-16 01:00:00,2025-06-22 18:00:00,162,31.61,True,True,29.783374786376957,23.727084328788155,53.51045911516511,0,0,0.1
core_neuralprophet_frozen_s42,neuralprophet,frozen,selected,42,23,2025-06-16 01:00:00,2025-06-22 19:00:00,163,33.9,True,True,43.581241607666016,23.727084328788155,67.30832593645417,0,0,0.1
core_neuralprophet_frozen_s42,neuralprophet,frozen,selected,42,23,2025-06-16 01:00:00,2025-06-22 20:00:00,164,36.33,True,True,43.66170501708984,23.727084328788155,67.388789345878,0,0,0.1
core_neuralprophet_frozen_s42,neuralprophet,frozen,selected,42,23,2025-06-16 01:00:00,2025-06-22 21:00:00,165,38.63,True,True,50.35220718383789,23.727084328788155,74.07929151262604,0,0,0.1
core_neuralprophet_frozen_s42,neuralprophet,frozen,selected,42,23,2025-06-16 01:00:00,2025-06-22 22:00:00,166,40.34,True,True,48.10480880737305,23.727084328788155,71.8318931361612,0,0,0.1
core_neuralprophet_frozen_s42,neuralprophet,frozen,selected,42,23,2025-06-16 01:00:00,2025-06-22 23:00:00,167,42.74,True,True,51.69265365600586,23.727084328788155,75.41973798479401,0,0,0.1
core_neuralprophet_frozen_s42,neuralprophet,frozen,selected,42,23,2025-06-16 01:00:00,2025-06-23 00:00:00,168,45.63,True,True,59.74859237670898,23.727084328788155,83.47567670549714,0,0,0.1
