run_id,family,regime,feature_set,clip_inputs,seed,window,forecast_origin,target_timestamp,lead_hour,original_target,observed,eligible,base_prediction,applied_bias,corrected_prediction,fit_seconds,forecast_seconds,state_update_seconds,alpha
core_sarimax_frozen_s42,sarimax,frozen,selected,False,42,1,2025-01-13 01:00:00,2025-01-13 01:00:00,1,759.79,True,True,763.7413125187268,0.0,763.7413125187268,512.4520041270007,0.0085010109978611,0.0,0.3
core_sarimax_frozen_s42,sarimax,frozen,selected,False,42,1,2025-01-13 01:00:00,2025-01-13 02:00:00,2,837.21,True,True,834.4952515974464,0.0,834.4952515974464,512.4520041270007,0.0085010109978611,0.0,0.3
core_sarimax_frozen_s42,sarimax,frozen,selected,False,42,1,2025-01-13 01:00:00,2025-01-13 03:00:00,3,900.28,True,True,911.6945227526304,0.0,911.6945227526304,512.4520041270007,0.0085010109978611,0.0,0.3
core_sarimax_frozen_s42,sarimax,frozen,selected,False,42,1,2025-01-13 01:00:00,2025-01-13 04:00:00,4,908.42,True,True,910.3702076033586,0.0,910.3702076033586,512.4520041270007,0.0085010109978611,0.0,0.3
core_sarimax_frozen_s42,sarimax,frozen,selected,False,42,1,2025-01-13 01:00:00,2025-01-13 05:00:00,5,672.94,True,True,687.5538552143921,0.0,687.5538552143921,512.4520041270007,0.0085010109978611,0.0,0.3
core_sarimax_frozen_s42,sarimax,frozen,selected,False,42,1,2025-01-13 01:00:00,2025-01-13 06:00:00,6,294.8,True,True,328.50626897792813,0.0,328.50626897792813,512.4520041270007,0.0085010109978611,0.0,0.3
core_sarimax_frozen_s42,sarimax,frozen,selected,False,42,1,2025-01-13 01:00:00,2025-01-13 07:00:00,7,76.4,True,True,110.8940704513805,0.0,110.8940704513805,512.4520041270007,0.0085010109978611,0.0,0.3
core_sarimax_frozen_s42,sarimax,frozen,selected,False,42,1,2025-01-13 01:00:00,2025-01-13 08:00:00,8,129.61,True,True,167.57497298601757,0.0,167.57497298601757,512.4520041270007,0.0085010109978611,0.0,0.3
core_sarimax_frozen_s42,sarimax,frozen,selected,False,42,1,2025-01-13 01:00:00,2025-01-13 09:00:00,9,233.27,True,True,264.1804278084129,0.0,264.1804278084129,512.4520041270007,0.0085010109978611,0.0,0.3
core_sarimax_frozen_s42,sarimax,frozen,selected,False,42,1,2025-01-13 01:00:00,2025-01-13 10:00:00,10,355.33,True,True,378.75723862793166,0.0,378.75723862793166,512.4520041270007,0.0085010109978611,0.0,0.3
core_sarimax_frozen_s42,sarimax,frozen,selected,False,42,1,2025-01-13 01:00:00,2025-01-13 11:00:00,11,508.8,True,True,526.7651328995554,0.0,526.7651328995554,512.4520041270007,0.0085010109978611,0.0,0.3
core_sarimax_frozen_s42,sarimax,frozen,selected,False,42,1,2025-01-13 01:00:00,2025-01-13 12:00:00,12,683.67,True,True,706.2421919731687,0.0,706.2421919731687,512.4520041270007,0.0085010109978611,0.0,0.3
core_sarimax_frozen_s42,sarimax,frozen,selected,False,42,1,2025-01-13 01:00:00,2025-01-13 13:00:00,13,823.34,True,True,847.6657227751848,0.0,847.6657227751848,512.4520041270007,0.0085010109978611,0.0,0.3
core_sarimax_frozen_s42,sarimax,frozen,selected,False,42,1,2025-01-13 01:00:00,2025-01-13 14:00:00,14,903.43,True,True,934.5218397749125,0.0,934.5218397749125,512.4520041270007,0.0085010109978611,0.0,0.3
core_sarimax_frozen_s42,sarimax,frozen,selected,False,42,1,2025-01-13 01:00:00,2025-01-13 15:00:00,15,904.75,True,True,940.3525884841932,0.0,940.3525884841932,512.4520041270007,0.0085010109978611,0.0,0.3
core_sarimax_frozen_s42,sarimax,frozen,selected,False,42,1,2025-01-13 01:00:00,2025-01-13 16:00:00,16,870.4,True,True,900.277431729537,0.0,900.277431729537,512.4520041270007,0.0085010109978611,0.0,0.3
core_sarimax_frozen_s42,sarimax,frozen,selected,False,42,1,2025-01-13 01:00:00,2025-01-13 17:00:00,17,833.22,True,True,871.9076423753295,0.0,871.9076423753295,512.4520041270007,0.0085010109978611,0.0,0.3
core_sarimax_frozen_s42,sarimax,frozen,selected,False,42,1,2025-01-13 01:00:00,2025-01-13 18:00:00,18,773.03,True,True,798.1336661877845,0.0,798.1336661877845,512.4520041270007,0.0085010109978611,0.0,0.3
core_sarimax_frozen_s42,sarimax,frozen,selected,False,42,1,2025-01-13 01:00:00,2025-01-13 19:00:00,19,622.36,True,True,649.9586949875925,0.0,649.9586949875925,512.4520041270007,0.0085010109978611,0.0,0.3
core_sarimax_frozen_s42,sarimax,frozen,selected,False,42,1,2025-01-13 01:00:00,2025-01-13 20:00:00,20,421.75,True,True,447.44793501839496,0.0,447.44793501839496,512.4520041270007,0.0085010109978611,0.0,0.3
core_sarimax_frozen_s42,sarimax,frozen,selected,False,42,1,2025-01-13 01:00:00,2025-01-13 21:00:00,21,253.7,True,True,280.7987609348444,0.0,280.7987609348444,512.4520041270007,0.0085010109978611,0.0,0.3
core_sarimax_frozen_s42,sarimax,frozen,selected,False,42,1,2025-01-13 01:00:00,2025-01-13 22:00:00,22,82.4,True,True,108.40321474751391,0.0,108.40321474751391,512.4520041270007,0.0085010109978611,0.0,0.3
core_sarimax_frozen_s42,sarimax,frozen,selected,False,42,1,2025-01-13 01:00:00,2025-01-13 23:00:00,23,42.86,True,True,69.03462270115762,0.0,69.03462270115762,512.4520041270007,0.0085010109978611,0.0,0.3
core_sarimax_frozen_s42,sarimax,frozen,selected,False,42,1,2025-01-13 01:00:00,2025-01-14 00:00:00,24,37.24,True,True,64.94465536380116,0.0,64.94465536380116,512.4520041270007,0.0085010109978611,0.0,0.3
core_sarimax_frozen_s42,sarimax,frozen,selected,False,42,1,2025-01-13 01:00:00,2025-01-14 01:00:00,25,24.54,True,True,46.25610968125045,0.0,46.25610968125045,512.4520041270007,0.0085010109978611,0.0,0.3
core_sarimax_frozen_s42,sarimax,frozen,selected,False,42,1,2025-01-13 01:00:00,2025-01-14 02:00:00,26,18.33,True,True,34.49450494286634,0.0,34.49450494286634,512.4520041270007,0.0085010109978611,0.0,0.3
core_sarimax_frozen_s42,sarimax,frozen,selected,False,42,1,2025-01-13 01:00:00,2025-01-14 03:00:00,27,11.8,True,True,23.460826013876183,0.0,23.460826013876183,512.4520041270007,0.0085010109978611,0.0,0.3
core_sarimax_frozen_s42,sarimax,frozen,selected,False,42,1,2025-01-13 01:00:00,2025-01-14 04:00:00,28,8.15,True,True,19.98669267652872,0.0,19.98669267652872,512.4520041270007,0.0085010109978611,0.0,0.3
core_sarimax_frozen_s42,sarimax,frozen,selected,False,42,1,2025-01-13 01:00:00,2025-01-14 05:00:00,29,8.22,True,True,18.25587078830841,0.0,18.25587078830841,512.4520041270007,0.0085010109978611,0.0,0.3
core_sarimax_frozen_s42,sarimax,frozen,selected,False,42,1,2025-01-13 01:00:00,2025-01-14 06:00:00,30,8.56,True,True,15.972308698192393,0.0,15.972308698192393,512.4520041270007,0.0085010109978611,0.0,0.3
core_sarimax_frozen_s42,sarimax,frozen,selected,False,42,1,2025-01-13 01:00:00,2025-01-14 07:00:00,31,8.96,True,True,14.228333742633026,0.0,14.228333742633026,512.4520041270007,0.0085010109978611,0.0,0.3
core_sarimax_frozen_s42,sarimax,frozen,selected,False,42,1,2025-01-13 01:00:00,2025-01-14 08:00:00,32,10.47,True,True,14.141623939504823,0.0,14.141623939504823,512.4520041270007,0.0085010109978611,0.0,0.3
core_sarimax_frozen_s42,sarimax,frozen,selected,False,42,1,2025-01-13 01:00:00,2025-01-14 09:00:00,33,12.1,True,True,12.605669558720734,0.0,12.605669558720734,512.4520041270007,0.0085010109978611,0.0,0.3
core_sarimax_frozen_s42,sarimax,frozen,selected,False,42,1,2025-01-13 01:00:00,2025-01-14 10:00:00,34,15.07,True,True,10.023339525102529,0.0,10.023339525102529,512.4520041270007,0.0085010109978611,0.0,0.3
core_sarimax_frozen_s42,sarimax,frozen,selected,False,42,1,2025-01-13 01:00:00,2025-01-14 11:00:00,35,22.42,True,True,16.56562127932324,0.0,16.56562127932324,512.4520041270007,0.0085010109978611,0.0,0.3
core_sarimax_frozen_s42,sarimax,frozen,selected,False,42,1,2025-01-13 01:00:00,2025-01-14 12:00:00,36,31.0,True,True,28.310703738531373,0.0,28.310703738531373,512.4520041270007,0.0085010109978611,0.0,0.3
core_sarimax_frozen_s42,sarimax,frozen,selected,False,42,1,2025-01-13 01:00:00,2025-01-14 13:00:00,37,36.65,True,True,36.12757910107322,0.0,36.12757910107322,512.4520041270007,0.0085010109978611,0.0,0.3
core_sarimax_frozen_s42,sarimax,frozen,selected,False,42,1,2025-01-13 01:00:00,2025-01-14 14:00:00,38,39.83,True,True,39.777839948051565,0.0,39.777839948051565,512.4520041270007,0.0085010109978611,0.0,0.3
core_sarimax_frozen_s42,sarimax,frozen,selected,False,42,1,2025-01-13 01:00:00,2025-01-14 15:00:00,39,36.94,True,True,37.91697743301066,0.0,37.91697743301066,512.4520041270007,0.0085010109978611,0.0,0.3
core_sarimax_frozen_s42,sarimax,frozen,selected,False,42,1,2025-01-13 01:00:00,2025-01-14 16:00:00,40,28.02,True,True,29.7749247695358,0.0,29.7749247695358,512.4520041270007,0.0085010109978611,0.0,0.3
core_sarimax_frozen_s42,sarimax,frozen,selected,False,42,1,2025-01-13 01:00:00,2025-01-14 17:00:00,41,24.98,True,True,29.044465823732025,0.0,29.044465823732025,512.4520041270007,0.0085010109978611,0.0,0.3
core_sarimax_frozen_s42,sarimax,frozen,selected,False,42,1,2025-01-13 01:00:00,2025-01-14 18:00:00,42,24.96,True,True,32.65102987970286,0.0,32.65102987970286,512.4520041270007,0.0085010109978611,0.0,0.3
core_sarimax_frozen_s42,sarimax,frozen,selected,False,42,1,2025-01-13 01:00:00,2025-01-14 19:00:00,43,37.67,True,True,49.65094991035957,0.0,49.65094991035957,512.4520041270007,0.0085010109978611,0.0,0.3
core_sarimax_frozen_s42,sarimax,frozen,selected,False,42,1,2025-01-13 01:00:00,2025-01-14 20:00:00,44,63.94,True,True,77.24688032870912,0.0,77.24688032870912,512.4520041270007,0.0085010109978611,0.0,0.3
core_sarimax_frozen_s42,sarimax,frozen,selected,False,42,1,2025-01-13 01:00:00,2025-01-14 21:00:00,45,93.66,True,True,106.78807250932462,0.0,106.78807250932462,512.4520041270007,0.0085010109978611,0.0,0.3
core_sarimax_frozen_s42,sarimax,frozen,selected,False,42,1,2025-01-13 01:00:00,2025-01-14 22:00:00,46,138.62,True,True,149.39570801210712,0.0,149.39570801210712,512.4520041270007,0.0085010109978611,0.0,0.3
core_sarimax_frozen_s42,sarimax,frozen,selected,False,42,1,2025-01-13 01:00:00,2025-01-14 23:00:00,47,271.25,True,True,277.8185038202716,0.0,277.8185038202716,512.4520041270007,0.0085010109978611,0.0,0.3
core_sarimax_frozen_s42,sarimax,frozen,selected,False,42,1,2025-01-13 01:00:00,2025-01-15 00:00:00,48,471.95,True,True,477.07618507605525,0.0,477.07618507605525,512.4520041270007,0.0085010109978611,0.0,0.3
core_sarimax_frozen_s42,sarimax,frozen,selected,False,42,1,2025-01-13 01:00:00,2025-01-15 01:00:00,49,641.87,True,True,647.6845598000857,0.0,647.6845598000857,512.4520041270007,0.0085010109978611,0.0,0.3
core_sarimax_frozen_s42,sarimax,frozen,selected,False,42,1,2025-01-13 01:00:00,2025-01-15 02:00:00,50,717.12,True,True,719.3852510252232,0.0,719.3852510252232,512.4520041270007,0.0085010109978611,0.0,0.3
core_sarimax_frozen_s42,sarimax,frozen,selected,False,42,1,2025-01-13 01:00:00,2025-01-15 03:00:00,51,713.25,True,True,710.4532126456247,0.0,710.4532126456247,512.4520041270007,0.0085010109978611,0.0,0.3
core_sarimax_frozen_s42,sarimax,frozen,selected,False,42,1,2025-01-13 01:00:00,2025-01-15 04:00:00,52,533.68,True,True,540.101947720003,0.0,540.101947720003,512.4520041270007,0.0085010109978611,0.0,0.3
core_sarimax_frozen_s42,sarimax,frozen,selected,False,42,1,2025-01-13 01:00:00,2025-01-15 05:00:00,53,400.19,True,True,417.0358082248536,0.0,417.0358082248536,512.4520041270007,0.0085010109978611,0.0,0.3
core_sarimax_frozen_s42,sarimax,frozen,selected,False,42,1,2025-01-13 01:00:00,2025-01-15 06:00:00,54,306.47,True,True,335.60317687943103,0.0,335.60317687943103,512.4520041270007,0.0085010109978611,0.0,0.3
core_sarimax_frozen_s42,sarimax,frozen,selected,False,42,1,2025-01-13 01:00:00,2025-01-15 07:00:00,55,237.43,True,True,279.8022380044548,0.0,279.8022380044548,512.4520041270007,0.0085010109978611,0.0,0.3
core_sarimax_frozen_s42,sarimax,frozen,selected,False,42,1,2025-01-13 01:00:00,2025-01-15 08:00:00,56,216.12,True,True,257.93647397754444,0.0,257.93647397754444,512.4520041270007,0.0085010109978611,0.0,0.3
core_sarimax_frozen_s42,sarimax,frozen,selected,False,42,1,2025-01-13 01:00:00,2025-01-15 09:00:00,57,206.06,True,True,234.44993139214637,0.0,234.44993139214637,512.4520041270007,0.0085010109978611,0.0,0.3
core_sarimax_frozen_s42,sarimax,frozen,selected,False,42,1,2025-01-13 01:00:00,2025-01-15 10:00:00,58,232.84,True,True,252.20151944577788,0.0,252.20151944577788,512.4520041270007,0.0085010109978611,0.0,0.3
core_sarimax_frozen_s42,sarimax,frozen,selected,False,42,1,2025-01-13 01:00:00,2025-01-15 11:00:00,59,292.56,True,True,307.9662855776494,0.0,307.9662855776494,512.4520041270007,0.0085010109978611,0.0,0.3
core_sarimax_frozen_s42,sarimax,frozen,selected,False,42,1,2025-01-13 01:00:00,2025-01-15 12:00:00,60,357.03,True,True,370.1784044518171,0.0,370.1784044518171,512.4520041270007,0.0085010109978611,0.0,0.3
core_sarimax_frozen_s42,sarimax,frozen,selected,False,42,1,2025-01-13 01:00:00,2025-01-15 13:00:00,61,460.7,True,True,470.7884514596,0.0,470.7884514596,512.4520041270007,0.0085010109978611,0.0,0.3
core_sarimax_frozen_s42,sarimax,frozen,selected,False,42,1,2025-01-13 01:00:00,2025-01-15 14:00:00,62,610.88,True,True,615.8985764305721,0.0,615.8985764305721,512.4520041270007,0.0085010109978611,0.0,0.3
core_sarimax_frozen_s42,sarimax,frozen,selected,False,42,1,2025-01-13 01:00:00,2025-01-15 15:00:00,63,709.51,True,True,706.4414663071004,0.0,706.4414663071004,512.4520041270007,0.0085010109978611,0.0,0.3
core_sarimax_frozen_s42,sarimax,frozen,selected,False,42,1,2025-01-13 01:00:00,2025-01-15 16:00:00,64,690.86,True,True,689.4159032546801,0.0,689.4159032546801,512.4520041270007,0.0085010109978611,0.0,0.3
core_sarimax_frozen_s42,sarimax,frozen,selected,False,42,1,2025-01-13 01:00:00,2025-01-15 17:00:00,65,619.09,True,True,624.5556981990143,0.0,624.5556981990143,512.4520041270007,0.0085010109978611,0.0,0.3
core_sarimax_frozen_s42,sarimax,frozen,selected,False,42,1,2025-01-13 01:00:00,2025-01-15 18:00:00,66,539.14,True,True,546.2594059435431,0.0,546.2594059435431,512.4520041270007,0.0085010109978611,0.0,0.3
core_sarimax_frozen_s42,sarimax,frozen,selected,False,42,1,2025-01-13 01:00:00,2025-01-15 19:00:00,67,417.74,True,True,425.4595989795212,0.0,425.4595989795212,512.4520041270007,0.0085010109978611,0.0,0.3
core_sarimax_frozen_s42,sarimax,frozen,selected,False,42,1,2025-01-13 01:00:00,2025-01-15 20:00:00,68,267.09,True,True,272.9963354248205,0.0,272.9963354248205,512.4520041270007,0.0085010109978611,0.0,0.3
core_sarimax_frozen_s42,sarimax,frozen,selected,False,42,1,2025-01-13 01:00:00,2025-01-15 21:00:00,69,144.86,True,True,146.18450910696882,0.0,146.18450910696882,512.4520041270007,0.0085010109978611,0.0,0.3
core_sarimax_frozen_s42,sarimax,frozen,selected,False,42,1,2025-01-13 01:00:00,2025-01-15 22:00:00,70,66.81,True,True,68.66391092897626,0.0,68.66391092897626,512.4520041270007,0.0085010109978611,0.0,0.3
core_sarimax_frozen_s42,sarimax,frozen,selected,False,42,1,2025-01-13 01:00:00,2025-01-15 23:00:00,71,71.43,True,True,71.94835355144265,0.0,71.94835355144265,512.4520041270007,0.0085010109978611,0.0,0.3
core_sarimax_frozen_s42,sarimax,frozen,selected,False,42,1,2025-01-13 01:00:00,2025-01-16 00:00:00,72,77.06,True,True,74.85969198286548,0.0,74.85969198286548,512.4520041270007,0.0085010109978611,0.0,0.3
core_sarimax_frozen_s42,sarimax,frozen,selected,False,42,1,2025-01-13 01:00:00,2025-01-16 01:00:00,73,67.35,True,True,58.231248734709325,0.0,58.231248734709325,512.4520041270007,0.0085010109978611,0.0,0.3
core_sarimax_frozen_s42,sarimax,frozen,selected,False,42,1,2025-01-13 01:00:00,2025-01-16 02:00:00,74,66.52,True,True,49.0040853207758,0.0,49.0040853207758,512.4520041270007,0.0085010109978611,0.0,0.3
core_sarimax_frozen_s42,sarimax,frozen,selected,False,42,1,2025-01-13 01:00:00,2025-01-16 03:00:00,75,64.37,True,True,39.13597845965364,0.0,39.13597845965364,512.4520041270007,0.0085010109978611,0.0,0.3
core_sarimax_frozen_s42,sarimax,frozen,selected,False,42,1,2025-01-13 01:00:00,2025-01-16 04:00:00,76,61.6,True,True,32.22489386735131,0.0,32.22489386735131,512.4520041270007,0.0085010109978611,0.0,0.3
core_sarimax_frozen_s42,sarimax,frozen,selected,False,42,1,2025-01-13 01:00:00,2025-01-16 05:00:00,77,61.76,True,True,29.69340589007604,0.0,29.69340589007604,512.4520041270007,0.0085010109978611,0.0,0.3
core_sarimax_frozen_s42,sarimax,frozen,selected,False,42,1,2025-01-13 01:00:00,2025-01-16 06:00:00,78,62.94,True,True,28.41728305686803,0.0,28.41728305686803,512.4520041270007,0.0085010109978611,0.0,0.3
core_sarimax_frozen_s42,sarimax,frozen,selected,False,42,1,2025-01-13 01:00:00,2025-01-16 07:00:00,79,125.28,True,True,101.74942210771924,0.0,101.74942210771924,512.4520041270007,0.0085010109978611,0.0,0.3
core_sarimax_frozen_s42,sarimax,frozen,selected,False,42,1,2025-01-13 01:00:00,2025-01-16 08:00:00,80,253.15,True,True,231.5564538515976,0.0,231.5564538515976,512.4520041270007,0.0085010109978611,0.0,0.3
core_sarimax_frozen_s42,sarimax,frozen,selected,False,42,1,2025-01-13 01:00:00,2025-01-16 09:00:00,81,425.83,True,True,400.197856575009,0.0,400.197856575009,512.4520041270007,0.0085010109978611,0.0,0.3
core_sarimax_frozen_s42,sarimax,frozen,selected,False,42,1,2025-01-13 01:00:00,2025-01-16 10:00:00,82,603.52,True,True,573.6538047318744,0.0,573.6538047318744,512.4520041270007,0.0085010109978611,0.0,0.3
core_sarimax_frozen_s42,sarimax,frozen,selected,False,42,1,2025-01-13 01:00:00,2025-01-16 11:00:00,83,783.19,True,True,748.5077422376094,0.0,748.5077422376094,512.4520041270007,0.0085010109978611,0.0,0.3
core_sarimax_frozen_s42,sarimax,frozen,selected,False,42,1,2025-01-13 01:00:00,2025-01-16 12:00:00,84,933.18,True,True,900.4517106115416,0.0,900.4517106115416,512.4520041270007,0.0085010109978611,0.0,0.3
core_sarimax_frozen_s42,sarimax,frozen,selected,False,42,1,2025-01-13 01:00:00,2025-01-16 13:00:00,85,950.58,True,True,926.6355920033108,0.0,926.6355920033108,512.4520041270007,0.0085010109978611,0.0,0.3
core_sarimax_frozen_s42,sarimax,frozen,selected,False,42,1,2025-01-13 01:00:00,2025-01-16 14:00:00,86,938.02,True,True,922.848600161941,0.0,922.848600161941,512.4520041270007,0.0085010109978611,0.0,0.3
core_sarimax_frozen_s42,sarimax,frozen,selected,False,42,1,2025-01-13 01:00:00,2025-01-16 15:00:00,87,898.71,True,True,883.8794969001622,0.0,883.8794969001622,512.4520041270007,0.0085010109978611,0.0,0.3
core_sarimax_frozen_s42,sarimax,frozen,selected,False,42,1,2025-01-13 01:00:00,2025-01-16 16:00:00,88,760.12,True,True,744.9030165614026,0.0,744.9030165614026,512.4520041270007,0.0085010109978611,0.0,0.3
core_sarimax_frozen_s42,sarimax,frozen,selected,False,42,1,2025-01-13 01:00:00,2025-01-16 17:00:00,89,620.84,True,True,605.6636644432618,0.0,605.6636644432618,512.4520041270007,0.0085010109978611,0.0,0.3
core_sarimax_frozen_s42,sarimax,frozen,selected,False,42,1,2025-01-13 01:00:00,2025-01-16 18:00:00,90,532.51,True,True,513.5959304029825,0.0,513.5959304029825,512.4520041270007,0.0085010109978611,0.0,0.3
core_sarimax_frozen_s42,sarimax,frozen,selected,False,42,1,2025-01-13 01:00:00,2025-01-16 19:00:00,91,469.09,True,True,451.4748661623457,0.0,451.4748661623457,512.4520041270007,0.0085010109978611,0.0,0.3
core_sarimax_frozen_s42,sarimax,frozen,selected,False,42,1,2025-01-13 01:00:00,2025-01-16 20:00:00,92,427.47,True,True,407.2155010187551,0.0,407.2155010187551,512.4520041270007,0.0085010109978611,0.0,0.3
core_sarimax_frozen_s42,sarimax,frozen,selected,False,42,1,2025-01-13 01:00:00,2025-01-16 21:00:00,93,413.61,True,True,390.522502572696,0.0,390.522502572696,512.4520041270007,0.0085010109978611,0.0,0.3
core_sarimax_frozen_s42,sarimax,frozen,selected,False,42,1,2025-01-13 01:00:00,2025-01-16 22:00:00,94,435.55,True,True,408.6189746585257,0.0,408.6189746585257,512.4520041270007,0.0085010109978611,0.0,0.3
core_sarimax_frozen_s42,sarimax,frozen,selected,False,42,1,2025-01-13 01:00:00,2025-01-16 23:00:00,95,532.22,True,True,495.6540943356547,0.0,495.6540943356547,512.4520041270007,0.0085010109978611,0.0,0.3
core_sarimax_frozen_s42,sarimax,frozen,selected,False,42,1,2025-01-13 01:00:00,2025-01-17 00:00:00,96,641.2,True,True,604.4789215888336,0.0,604.4789215888336,512.4520041270007,0.0085010109978611,0.0,0.3
core_sarimax_frozen_s42,sarimax,frozen,selected,False,42,1,2025-01-13 01:00:00,2025-01-17 01:00:00,97,746.25,True,True,705.1036184415254,0.0,705.1036184415254,512.4520041270007,0.0085010109978611,0.0,0.3
core_sarimax_frozen_s42,sarimax,frozen,selected,False,42,1,2025-01-13 01:00:00,2025-01-17 02:00:00,98,848.37,True,True,800.947487187437,0.0,800.947487187437,512.4520041270007,0.0085010109978611,0.0,0.3
core_sarimax_frozen_s42,sarimax,frozen,selected,False,42,1,2025-01-13 01:00:00,2025-01-17 03:00:00,99,894.42,True,True,836.5952792165248,0.0,836.5952792165248,512.4520041270007,0.0085010109978611,0.0,0.3
core_sarimax_frozen_s42,sarimax,frozen,selected,False,42,1,2025-01-13 01:00:00,2025-01-17 04:00:00,100,531.09,True,True,484.19641156251606,0.0,484.19641156251606,512.4520041270007,0.0085010109978611,0.0,0.3
core_sarimax_frozen_s42,sarimax,frozen,selected,False,42,1,2025-01-13 01:00:00,2025-01-17 05:00:00,101,509.3,True,True,458.37474172347777,0.0,458.37474172347777,512.4520041270007,0.0085010109978611,0.0,0.3
core_sarimax_frozen_s42,sarimax,frozen,selected,False,42,1,2025-01-13 01:00:00,2025-01-17 06:00:00,102,496.87,True,True,447.0690353237979,0.0,447.0690353237979,512.4520041270007,0.0085010109978611,0.0,0.3
core_sarimax_frozen_s42,sarimax,frozen,selected,False,42,1,2025-01-13 01:00:00,2025-01-17 07:00:00,103,497.75,True,True,464.60739701608,0.0,464.60739701608,512.4520041270007,0.0085010109978611,0.0,0.3
core_sarimax_frozen_s42,sarimax,frozen,selected,False,42,1,2025-01-13 01:00:00,2025-01-17 08:00:00,104,551.56,True,True,535.3619662245451,0.0,535.3619662245451,512.4520041270007,0.0085010109978611,0.0,0.3
core_sarimax_frozen_s42,sarimax,frozen,selected,False,42,1,2025-01-13 01:00:00,2025-01-17 09:00:00,105,621.64,True,True,622.915860803496,0.0,622.915860803496,512.4520041270007,0.0085010109978611,0.0,0.3
core_sarimax_frozen_s42,sarimax,frozen,selected,False,42,1,2025-01-13 01:00:00,2025-01-17 10:00:00,106,732.46,True,True,724.700786584477,0.0,724.700786584477,512.4520041270007,0.0085010109978611,0.0,0.3
core_sarimax_frozen_s42,sarimax,frozen,selected,False,42,1,2025-01-13 01:00:00,2025-01-17 11:00:00,107,899.52,True,True,889.8701779916325,0.0,889.8701779916325,512.4520041270007,0.0085010109978611,0.0,0.3
core_sarimax_frozen_s42,sarimax,frozen,selected,False,42,1,2025-01-13 01:00:00,2025-01-17 12:00:00,108,1077.14,True,True,1059.809885036129,0.0,1059.809885036129,512.4520041270007,0.0085010109978611,0.0,0.3
core_sarimax_frozen_s42,sarimax,frozen,selected,False,42,1,2025-01-13 01:00:00,2025-01-17 13:00:00,109,1212.6,True,True,1185.070459989162,0.0,1185.070459989162,512.4520041270007,0.0085010109978611,0.0,0.3
core_sarimax_frozen_s42,sarimax,frozen,selected,False,42,1,2025-01-13 01:00:00,2025-01-17 14:00:00,110,1314.23,True,True,1289.2805845746675,0.0,1289.2805845746675,512.4520041270007,0.0085010109978611,0.0,0.3
core_sarimax_frozen_s42,sarimax,frozen,selected,False,42,1,2025-01-13 01:00:00,2025-01-17 15:00:00,111,1345.67,True,True,1308.803443025837,0.0,1308.803443025837,512.4520041270007,0.0085010109978611,0.0,0.3
core_sarimax_frozen_s42,sarimax,frozen,selected,False,42,1,2025-01-13 01:00:00,2025-01-17 16:00:00,112,1265.23,True,True,1210.7713642391757,0.0,1210.7713642391757,512.4520041270007,0.0085010109978611,0.0,0.3
core_sarimax_frozen_s42,sarimax,frozen,selected,False,42,1,2025-01-13 01:00:00,2025-01-17 17:00:00,113,1130.31,True,True,1080.2940468600375,0.0,1080.2940468600375,512.4520041270007,0.0085010109978611,0.0,0.3
core_sarimax_frozen_s42,sarimax,frozen,selected,False,42,1,2025-01-13 01:00:00,2025-01-17 18:00:00,114,976.9,True,True,912.4101275959608,0.0,912.4101275959608,512.4520041270007,0.0085010109978611,0.0,0.3
core_sarimax_frozen_s42,sarimax,frozen,selected,False,42,1,2025-01-13 01:00:00,2025-01-17 19:00:00,115,850.99,True,True,784.7040136409281,0.0,784.7040136409281,512.4520041270007,0.0085010109978611,0.0,0.3
core_sarimax_frozen_s42,sarimax,frozen,selected,False,42,1,2025-01-13 01:00:00,2025-01-17 20:00:00,116,758.99,True,True,683.1009818878206,0.0,683.1009818878206,512.4520041270007,0.0085010109978611,0.0,0.3
core_sarimax_frozen_s42,sarimax,frozen,selected,False,42,1,2025-01-13 01:00:00,2025-01-17 21:00:00,117,692.69,True,True,611.1273818982855,0.0,611.1273818982855,512.4520041270007,0.0085010109978611,0.0,0.3
core_sarimax_frozen_s42,sarimax,frozen,selected,False,42,1,2025-01-13 01:00:00,2025-01-17 22:00:00,118,630.07,True,True,546.9492023360859,0.0,546.9492023360859,512.4520041270007,0.0085010109978611,0.0,0.3
core_sarimax_frozen_s42,sarimax,frozen,selected,False,42,1,2025-01-13 01:00:00,2025-01-17 23:00:00,119,622.89,True,True,536.4814398881966,0.0,536.4814398881966,512.4520041270007,0.0085010109978611,0.0,0.3
core_sarimax_frozen_s42,sarimax,frozen,selected,False,42,1,2025-01-13 01:00:00,2025-01-18 00:00:00,120,645.64,True,True,559.1883618792359,0.0,559.1883618792359,512.4520041270007,0.0085010109978611,0.0,0.3
core_sarimax_frozen_s42,sarimax,frozen,selected,False,42,1,2025-01-13 01:00:00,2025-01-18 01:00:00,121,650.54,True,True,571.2276350246641,0.0,571.2276350246641,512.4520041270007,0.0085010109978611,0.0,0.3
core_sarimax_frozen_s42,sarimax,frozen,selected,False,42,1,2025-01-13 01:00:00,2025-01-18 02:00:00,122,657.67,True,True,586.3338042212182,0.0,586.3338042212182,512.4520041270007,0.0085010109978611,0.0,0.3
core_sarimax_frozen_s42,sarimax,frozen,selected,False,42,1,2025-01-13 01:00:00,2025-01-18 03:00:00,123,657.83,True,True,586.0028317474968,0.0,586.0028317474968,512.4520041270007,0.0085010109978611,0.0,0.3
core_sarimax_frozen_s42,sarimax,frozen,selected,False,42,1,2025-01-13 01:00:00,2025-01-18 04:00:00,124,587.58,True,True,515.5674178259039,0.0,515.5674178259039,512.4520041270007,0.0085010109978611,0.0,0.3
core_sarimax_frozen_s42,sarimax,frozen,selected,False,42,1,2025-01-13 01:00:00,2025-01-18 05:00:00,125,565.86,True,True,492.4676344857954,0.0,492.4676344857954,512.4520041270007,0.0085010109978611,0.0,0.3
core_sarimax_frozen_s42,sarimax,frozen,selected,False,42,1,2025-01-13 01:00:00,2025-01-18 06:00:00,126,530.85,True,True,466.7148270090912,0.0,466.7148270090912,512.4520041270007,0.0085010109978611,0.0,0.3
core_sarimax_frozen_s42,sarimax,frozen,selected,False,42,1,2025-01-13 01:00:00,2025-01-18 07:00:00,127,519.16,True,True,454.75164575806855,0.0,454.75164575806855,512.4520041270007,0.0085010109978611,0.0,0.3
core_sarimax_frozen_s42,sarimax,frozen,selected,False,42,1,2025-01-13 01:00:00,2025-01-18 08:00:00,128,596.14,True,True,513.3924862267643,0.0,513.3924862267643,512.4520041270007,0.0085010109978611,0.0,0.3
core_sarimax_frozen_s42,sarimax,frozen,selected,False,42,1,2025-01-13 01:00:00,2025-01-18 09:00:00,129,695.65,True,True,605.6055602150582,0.0,605.6055602150582,512.4520041270007,0.0085010109978611,0.0,0.3
core_sarimax_frozen_s42,sarimax,frozen,selected,False,42,1,2025-01-13 01:00:00,2025-01-18 10:00:00,130,803.42,True,True,713.9111294516111,0.0,713.9111294516111,512.4520041270007,0.0085010109978611,0.0,0.3
core_sarimax_frozen_s42,sarimax,frozen,selected,False,42,1,2025-01-13 01:00:00,2025-01-18 11:00:00,131,913.99,True,True,831.1218083605804,0.0,831.1218083605804,512.4520041270007,0.0085010109978611,0.0,0.3
core_sarimax_frozen_s42,sarimax,frozen,selected,False,42,1,2025-01-13 01:00:00,2025-01-18 12:00:00,132,983.6,True,True,903.6787705731996,0.0,903.6787705731996,512.4520041270007,0.0085010109978611,0.0,0.3
core_sarimax_frozen_s42,sarimax,frozen,selected,False,42,1,2025-01-13 01:00:00,2025-01-18 13:00:00,133,987.13,True,True,910.9669833291978,0.0,910.9669833291978,512.4520041270007,0.0085010109978611,0.0,0.3
core_sarimax_frozen_s42,sarimax,frozen,selected,False,42,1,2025-01-13 01:00:00,2025-01-18 14:00:00,134,945.19,True,True,871.7075605917627,0.0,871.7075605917627,512.4520041270007,0.0085010109978611,0.0,0.3
core_sarimax_frozen_s42,sarimax,frozen,selected,False,42,1,2025-01-13 01:00:00,2025-01-18 15:00:00,135,796.17,True,True,747.941750533299,0.0,747.941750533299,512.4520041270007,0.0085010109978611,0.0,0.3
core_sarimax_frozen_s42,sarimax,frozen,selected,False,42,1,2025-01-13 01:00:00,2025-01-18 16:00:00,136,551.72,True,True,515.5610832048108,0.0,515.5610832048108,512.4520041270007,0.0085010109978611,0.0,0.3
core_sarimax_frozen_s42,sarimax,frozen,selected,False,42,1,2025-01-13 01:00:00,2025-01-18 17:00:00,137,335.28,True,True,307.01619002930806,0.0,307.01619002930806,512.4520041270007,0.0085010109978611,0.0,0.3
core_sarimax_frozen_s42,sarimax,frozen,selected,False,42,1,2025-01-13 01:00:00,2025-01-18 18:00:00,138,187.69,True,True,159.14067604874938,0.0,159.14067604874938,512.4520041270007,0.0085010109978611,0.0,0.3
core_sarimax_frozen_s42,sarimax,frozen,selected,False,42,1,2025-01-13 01:00:00,2025-01-18 19:00:00,139,70.81,True,True,43.585058668457805,0.0,43.585058668457805,512.4520041270007,0.0085010109978611,0.0,0.3
core_sarimax_frozen_s42,sarimax,frozen,selected,False,42,1,2025-01-13 01:00:00,2025-01-18 20:00:00,140,51.73,True,True,21.178877697649256,0.0,21.178877697649256,512.4520041270007,0.0085010109978611,0.0,0.3
core_sarimax_frozen_s42,sarimax,frozen,selected,False,42,1,2025-01-13 01:00:00,2025-01-18 21:00:00,141,50.45,True,True,18.358495671620343,0.0,18.358495671620343,512.4520041270007,0.0085010109978611,0.0,0.3
core_sarimax_frozen_s42,sarimax,frozen,selected,False,42,1,2025-01-13 01:00:00,2025-01-18 22:00:00,142,53.33,True,True,18.44438287675706,0.0,18.44438287675706,512.4520041270007,0.0085010109978611,0.0,0.3
core_sarimax_frozen_s42,sarimax,frozen,selected,False,42,1,2025-01-13 01:00:00,2025-01-18 23:00:00,143,63.47,True,True,27.968002788739284,0.0,27.968002788739284,512.4520041270007,0.0085010109978611,0.0,0.3
core_sarimax_frozen_s42,sarimax,frozen,selected,False,42,1,2025-01-13 01:00:00,2025-01-19 00:00:00,144,73.44,True,True,38.88796162845756,0.0,38.88796162845756,512.4520041270007,0.0085010109978611,0.0,0.3
core_sarimax_frozen_s42,sarimax,frozen,selected,False,42,1,2025-01-13 01:00:00,2025-01-19 01:00:00,145,78.05,True,True,40.80298418420679,0.0,40.80298418420679,512.4520041270007,0.0085010109978611,0.0,0.3
core_sarimax_frozen_s42,sarimax,frozen,selected,False,42,1,2025-01-13 01:00:00,2025-01-19 02:00:00,146,78.83,True,True,37.47727897667775,0.0,37.47727897667775,512.4520041270007,0.0085010109978611,0.0,0.3
core_sarimax_frozen_s42,sarimax,frozen,selected,False,42,1,2025-01-13 01:00:00,2025-01-19 03:00:00,147,76.0,True,True,32.06559892203413,0.0,32.06559892203413,512.4520041270007,0.0085010109978611,0.0,0.3
core_sarimax_frozen_s42,sarimax,frozen,selected,False,42,1,2025-01-13 01:00:00,2025-01-19 04:00:00,148,72.06,True,True,30.76727412366492,0.0,30.76727412366492,512.4520041270007,0.0085010109978611,0.0,0.3
core_sarimax_frozen_s42,sarimax,frozen,selected,False,42,1,2025-01-13 01:00:00,2025-01-19 05:00:00,149,67.78,True,True,28.84616414073517,0.0,28.84616414073517,512.4520041270007,0.0085010109978611,0.0,0.3
core_sarimax_frozen_s42,sarimax,frozen,selected,False,42,1,2025-01-13 01:00:00,2025-01-19 06:00:00,150,64.1,True,True,26.51413391442955,0.0,26.51413391442955,512.4520041270007,0.0085010109978611,0.0,0.3
core_sarimax_frozen_s42,sarimax,frozen,selected,False,42,1,2025-01-13 01:00:00,2025-01-19 07:00:00,151,88.26,True,True,57.0556604529214,0.0,57.0556604529214,512.4520041270007,0.0085010109978611,0.0,0.3
core_sarimax_frozen_s42,sarimax,frozen,selected,False,42,1,2025-01-13 01:00:00,2025-01-19 08:00:00,152,151.64,True,True,125.44390896660936,0.0,125.44390896660936,512.4520041270007,0.0085010109978611,0.0,0.3
core_sarimax_frozen_s42,sarimax,frozen,selected,False,42,1,2025-01-13 01:00:00,2025-01-19 09:00:00,153,235.76,True,True,209.00516542504644,0.0,209.00516542504644,512.4520041270007,0.0085010109978611,0.0,0.3
core_sarimax_frozen_s42,sarimax,frozen,selected,False,42,1,2025-01-13 01:00:00,2025-01-19 10:00:00,154,322.92,True,True,293.09552604622183,0.0,293.09552604622183,512.4520041270007,0.0085010109978611,0.0,0.3
core_sarimax_frozen_s42,sarimax,frozen,selected,False,42,1,2025-01-13 01:00:00,2025-01-19 11:00:00,155,425.28,True,True,391.11783473199097,0.0,391.11783473199097,512.4520041270007,0.0085010109978611,0.0,0.3
core_sarimax_frozen_s42,sarimax,frozen,selected,False,42,1,2025-01-13 01:00:00,2025-01-19 12:00:00,156,528.69,True,True,490.9617588280773,0.0,490.9617588280773,512.4520041270007,0.0085010109978611,0.0,0.3
core_sarimax_frozen_s42,sarimax,frozen,selected,False,42,1,2025-01-13 01:00:00,2025-01-19 13:00:00,157,600.77,True,True,565.3621571615965,0.0,565.3621571615965,512.4520041270007,0.0085010109978611,0.0,0.3
core_sarimax_frozen_s42,sarimax,frozen,selected,False,42,1,2025-01-13 01:00:00,2025-01-19 14:00:00,158,666.52,True,True,641.4761620493501,0.0,641.4761620493501,512.4520041270007,0.0085010109978611,0.0,0.3
core_sarimax_frozen_s42,sarimax,frozen,selected,False,42,1,2025-01-13 01:00:00,2025-01-19 15:00:00,159,689.04,True,True,656.0933028528555,0.0,656.0933028528555,512.4520041270007,0.0085010109978611,0.0,0.3
core_sarimax_frozen_s42,sarimax,frozen,selected,False,42,1,2025-01-13 01:00:00,2025-01-19 16:00:00,160,624.14,True,True,591.1410898284697,0.0,591.1410898284697,512.4520041270007,0.0085010109978611,0.0,0.3
core_sarimax_frozen_s42,sarimax,frozen,selected,False,42,1,2025-01-13 01:00:00,2025-01-19 17:00:00,161,565.74,True,True,536.6876295315174,0.0,536.6876295315174,512.4520041270007,0.0085010109978611,0.0,0.3
core_sarimax_frozen_s42,sarimax,frozen,selected,False,42,1,2025-01-13 01:00:00,2025-01-19 18:00:00,162,547.88,True,True,520.6324277031175,0.0,520.6324277031175,512.4520041270007,0.0085010109978611,0.0,0.3
core_sarimax_frozen_s42,sarimax,frozen,selected,False,42,1,2025-01-13 01:00:00,2025-01-19 19:00:00,163,534.29,True,True,503.61394068166135,0.0,503.61394068166135,512.4520041270007,0.0085010109978611,0.0,0.3
core_sarimax_frozen_s42,sarimax,frozen,selected,False,42,1,2025-01-13 01:00:00,2025-01-19 20:00:00,164,513.39,True,True,480.9183895585177,0.0,480.9183895585177,512.4520041270007,0.0085010109978611,0.0,0.3
core_sarimax_frozen_s42,sarimax,frozen,selected,False,42,1,2025-01-13 01:00:00,2025-01-19 21:00:00,165,493.43,True,True,457.9355075442528,0.0,457.9355075442528,512.4520041270007,0.0085010109978611,0.0,0.3
core_sarimax_frozen_s42,sarimax,frozen,selected,False,42,1,2025-01-13 01:00:00,2025-01-19 22:00:00,166,475.4,True,True,437.459491443572,0.0,437.459491443572,512.4520041270007,0.0085010109978611,0.0,0.3
core_sarimax_frozen_s42,sarimax,frozen,selected,False,42,1,2025-01-13 01:00:00,2025-01-19 23:00:00,167,522.19,True,True,478.247183904806,0.0,478.247183904806,512.4520041270007,0.0085010109978611,0.0,0.3
core_sarimax_frozen_s42,sarimax,frozen,selected,False,42,1,2025-01-13 01:00:00,2025-01-20 00:00:00,168,610.26,True,True,566.6821292358005,0.0,566.6821292358005,512.4520041270007,0.0085010109978611,0.0,0.3
core_sarimax_frozen_s42,sarimax,frozen,selected,False,42,2,2025-01-20 01:00:00,2025-01-20 01:00:00,1,725.46,True,True,726.9444157576413,5.275253507571848,732.2196692652132,0.0,0.0074478829992585,0.0191109539991884,0.3
core_sarimax_frozen_s42,sarimax,frozen,selected,False,42,2,2025-01-20 01:00:00,2025-01-20 02:00:00,2,826.46,True,True,823.861690436156,5.275253507571848,829.1369439437278,0.0,0.0074478829992585,0.0191109539991884,0.3
core_sarimax_frozen_s42,sarimax,frozen,selected,False,42,2,2025-01-20 01:00:00,2025-01-20 03:00:00,3,867.33,True,True,848.8598732935613,5.275253507571848,854.1351268011332,0.0,0.0074478829992585,0.0191109539991884,0.3
core_sarimax_frozen_s42,sarimax,frozen,selected,False,42,2,2025-01-20 01:00:00,2025-01-20 04:00:00,4,525.25,True,True,517.308030742279,5.275253507571848,522.5832842498509,0.0,0.0074478829992585,0.0191109539991884,0.3
core_sarimax_frozen_s42,sarimax,frozen,selected,False,42,2,2025-01-20 01:00:00,2025-01-20 05:00:00,5,544.06,True,True,514.4089377009709,5.275253507571848,519.6841912085428,0.0,0.0074478829992585,0.0191109539991884,0.3
core_sarimax_frozen_s42,sarimax,frozen,selected,False,42,2,2025-01-20 01:00:00,2025-01-20 06:00:00,6,573.14,True,True,524.5011667356621,5.275253507571848,529.7764202432339,0.0,0.0074478829992585,0.0191109539991884,0.3
core_sarimax_frozen_s42,sarimax,frozen,selected,False,42,2,2025-01-20 01:00:00,2025-01-20 07:00:00,7,644.34,True,True,585.5998322329214,5.275253507571848,590.8750857404932,0.0,0.0074478829992585,0.0191109539991884,0.3
core_sarimax_frozen_s42,sarimax,frozen,selected,False,42,2,2025-01-20 01:00:00,2025-01-20 08:00:00,8,768.59,True,True,715.5960157288006,5.275253507571848,720.8712692363724,0.0,0.0074478829992585,0.0191109539991884,0.3
core_sarimax_frozen_s42,sarimax,frozen,selected,False,42,2,2025-01-20 01:00:00,2025-01-20 09:00:00,9,875.14,True,True,840.4209750843346,5.275253507571848,845.6962285919064,0.0,0.0074478829992585,0.0191109539991884,0.3
core_sarimax_frozen_s42,sarimax,frozen,selected,False,42,2,2025-01-20 01:00:00,2025-01-20 10:00:00,10,1001.02,True,True,956.2822783999884,5.275253507571848,961.5575319075602,0.0,0.0074478829992585,0.0191109539991884,0.3
core_sarimax_frozen_s42,sarimax,frozen,selected,False,42,2,2025-01-20 01:00:00,2025-01-20 11:00:00,11,1166.84,True,True,1117.528315777694,5.275253507571848,1122.803569285266,0.0,0.0074478829992585,0.0191109539991884,0.3
core_sarimax_frozen_s42,sarimax,frozen,selected,False,42,2,2025-01-20 01:00:00,2025-01-20 12:00:00,12,1325.63,True,True,1251.7409186543382,5.275253507571848,1257.0161721619102,0.0,0.0074478829992585,0.0191109539991884,0.3
core_sarimax_frozen_s42,sarimax,frozen,selected,False,42,2,2025-01-20 01:00:00,2025-01-20 13:00:00,13,1407.51,True,True,1320.1185815424865,5.275253507571848,1325.3938350500584,0.0,0.0074478829992585,0.0191109539991884,0.3
core_sarimax_frozen_s42,sarimax,frozen,selected,False,42,2,2025-01-20 01:00:00,2025-01-20 14:00:00,14,1387.02,True,True,1269.8183230759337,5.275253507571848,1275.0935765835056,0.0,0.0074478829992585,0.0191109539991884,0.3
core_sarimax_frozen_s42,sarimax,frozen,selected,False,42,2,2025-01-20 01:00:00,2025-01-20 15:00:00,15,1216.89,True,True,1098.0511748384713,5.275253507571848,1103.3264283460433,0.0,0.0074478829992585,0.0191109539991884,0.3
core_sarimax_frozen_s42,sarimax,frozen,selected,False,42,2,2025-01-20 01:00:00,2025-01-20 16:00:00,16,944.65,True,True,845.0739831711697,5.275253507571848,850.3492366787416,0.0,0.0074478829992585,0.0191109539991884,0.3
core_sarimax_frozen_s42,sarimax,frozen,selected,False,42,2,2025-01-20 01:00:00,2025-01-20 17:00:00,17,687.19,True,True,606.8890341585245,5.275253507571848,612.1642876660964,0.0,0.0074478829992585,0.0191109539991884,0.3
core_sarimax_frozen_s42,sarimax,frozen,selected,False,42,2,2025-01-20 01:00:00,2025-01-20 18:00:00,18,478.96,True,True,430.25493884972377,5.275253507571848,435.5301923572956,0.0,0.0074478829992585,0.0191109539991884,0.3
core_sarimax_frozen_s42,sarimax,frozen,selected,False,42,2,2025-01-20 01:00:00,2025-01-20 19:00:00,19,313.01,True,True,277.7407885785912,5.275253507571848,283.01604208616305,0.0,0.0074478829992585,0.0191109539991884,0.3
core_sarimax_frozen_s42,sarimax,frozen,selected,False,42,2,2025-01-20 01:00:00,2025-01-20 20:00:00,20,213.09,True,True,189.935100241758,5.275253507571848,195.21035374932984,0.0,0.0074478829992585,0.0191109539991884,0.3
core_sarimax_frozen_s42,sarimax,frozen,selected,False,42,2,2025-01-20 01:00:00,2025-01-20 21:00:00,21,155.66,True,True,140.4580772832613,5.275253507571848,145.73333079083315,0.0,0.0074478829992585,0.0191109539991884,0.3
core_sarimax_frozen_s42,sarimax,frozen,selected,False,42,2,2025-01-20 01:00:00,2025-01-20 22:00:00,22,117.04,True,True,106.4134254985384,5.275253507571848,111.68867900611025,0.0,0.0074478829992585,0.0191109539991884,0.3
core_sarimax_frozen_s42,sarimax,frozen,selected,False,42,2,2025-01-20 01:00:00,2025-01-20 23:00:00,23,122.72,True,True,111.89102212547304,5.275253507571848,117.16627563304489,0.0,0.0074478829992585,0.0191109539991884,0.3
core_sarimax_frozen_s42,sarimax,frozen,selected,False,42,2,2025-01-20 01:00:00,2025-01-21 00:00:00,24,142.38,True,True,127.63570057534515,5.275253507571848,132.91095408291702,0.0,0.0074478829992585,0.0191109539991884,0.3
core_sarimax_frozen_s42,sarimax,frozen,selected,False,42,2,2025-01-20 01:00:00,2025-01-21 01:00:00,25,144.76,True,True,125.96913534237844,5.275253507571848,131.2443888499503,0.0,0.0074478829992585,0.0191109539991884,0.3
core_sarimax_frozen_s42,sarimax,frozen,selected,False,42,2,2025-01-20 01:00:00,2025-01-21 02:00:00,26,139.09,True,True,115.61641635189956,5.275253507571848,120.8916698594714,0.0,0.0074478829992585,0.0191109539991884,0.3
core_sarimax_frozen_s42,sarimax,frozen,selected,False,42,2,2025-01-20 01:00:00,2025-01-21 03:00:00,27,125.87,True,True,98.27961043995704,5.275253507571848,103.55486394752889,0.0,0.0074478829992585,0.0191109539991884,0.3
core_sarimax_frozen_s42,sarimax,frozen,selected,False,42,2,2025-01-20 01:00:00,2025-01-21 04:00:00,28,107.08,True,True,78.00792103227154,5.275253507571848,83.28317453984339,0.0,0.0074478829992585,0.0191109539991884,0.3
core_sarimax_frozen_s42,sarimax,frozen,selected,False,42,2,2025-01-20 01:00:00,2025-01-21 05:00:00,29,96.0,True,True,69.61181739001267,5.275253507571848,74.88707089758452,0.0,0.0074478829992585,0.0191109539991884,0.3
core_sarimax_frozen_s42,sarimax,frozen,selected,False,42,2,2025-01-20 01:00:00,2025-01-21 06:00:00,30,82.98,True,True,58.45191901978188,5.275253507571848,63.72717252735373,0.0,0.0074478829992585,0.0191109539991884,0.3
core_sarimax_frozen_s42,sarimax,frozen,selected,False,42,2,2025-01-20 01:00:00,2025-01-21 07:00:00,31,134.66,True,True,125.4934221865742,5.275253507571848,130.76867569414605,0.0,0.0074478829992585,0.0191109539991884,0.3
core_sarimax_frozen_s42,sarimax,frozen,selected,False,42,2,2025-01-20 01:00:00,2025-01-21 08:00:00,32,258.48,True,True,256.8917208566529,5.275253507571848,262.16697436422476,0.0,0.0074478829992585,0.0191109539991884,0.3
core_sarimax_frozen_s42,sarimax,frozen,selected,False,42,2,2025-01-20 01:00:00,2025-01-21 09:00:00,33,411.48,True,True,409.1860054704721,5.275253507571848,414.46125897804393,0.0,0.0074478829992585,0.0191109539991884,0.3
core_sarimax_frozen_s42,sarimax,frozen,selected,False,42,2,2025-01-20 01:00:00,2025-01-21 10:00:00,34,543.68,True,True,531.3415415906118,5.275253507571848,536.6167950981836,0.0,0.0074478829992585,0.0191109539991884,0.3
core_sarimax_frozen_s42,sarimax,frozen,selected,False,42,2,2025-01-20 01:00:00,2025-01-21 11:00:00,35,649.79,True,True,626.5039566400745,5.275253507571848,631.7792101476464,0.0,0.0074478829992585,0.0191109539991884,0.3
core_sarimax_frozen_s42,sarimax,frozen,selected,False,42,2,2025-01-20 01:00:00,2025-01-21 12:00:00,36,729.62,True,True,695.8216758645679,5.275253507571848,701.0969293721397,0.0,0.0074478829992585,0.0191109539991884,0.3
core_sarimax_frozen_s42,sarimax,frozen,selected,False,42,2,2025-01-20 01:00:00,2025-01-21 13:00:00,37,778.48,True,True,740.1724999984292,5.275253507571848,745.447753506001,0.0,0.0074478829992585,0.0191109539991884,0.3
core_sarimax_frozen_s42,sarimax,frozen,selected,False,42,2,2025-01-20 01:00:00,2025-01-21 14:00:00,38,819.18,True,True,780.629512836822,5.275253507571848,785.9047663443938,0.0,0.0074478829992585,0.0191109539991884,0.3
core_sarimax_frozen_s42,sarimax,frozen,selected,False,42,2,2025-01-20 01:00:00,2025-01-21 15:00:00,39,779.92,True,True,744.4238836300179,5.275253507571848,749.6991371375898,0.0,0.0074478829992585,0.0191109539991884,0.3
core_sarimax_frozen_s42,sarimax,frozen,selected,False,42,2,2025-01-20 01:00:00,2025-01-21 16:00:00,40,569.49,True,True,547.1744685871175,5.275253507571848,552.4497220946894,0.0,0.0074478829992585,0.0191109539991884,0.3
core_sarimax_frozen_s42,sarimax,frozen,selected,False,42,2,2025-01-20 01:00:00,2025-01-21 17:00:00,41,418.23,True,True,401.2057712137066,5.275253507571848,406.48102472127846,0.0,0.0074478829992585,0.0191109539991884,0.3
core_sarimax_frozen_s42,sarimax,frozen,selected,False,42,2,2025-01-20 01:00:00,2025-01-21 18:00:00,42,330.57,True,True,327.2836548304853,5.275253507571848,332.55890833805717,0.0,0.0074478829992585,0.0191109539991884,0.3
core_sarimax_frozen_s42,sarimax,frozen,selected,False,42,2,2025-01-20 01:00:00,2025-01-21 19:00:00,43,296.2,True,True,294.5392699640734,5.275253507571848,299.81452347164526,0.0,0.0074478829992585,0.0191109539991884,0.3
core_sarimax_frozen_s42,sarimax,frozen,selected,False,42,2,2025-01-20 01:00:00,2025-01-21 20:00:00,44,291.54,True,True,288.1592329758405,5.275253507571848,293.43448648341234,0.0,0.0074478829992585,0.0191109539991884,0.3
core_sarimax_frozen_s42,sarimax,frozen,selected,False,42,2,2025-01-20 01:00:00,2025-01-21 21:00:00,45,302.63,True,True,294.63152092203376,5.275253507571848,299.9067744296056,0.0,0.0074478829992585,0.0191109539991884,0.3
core_sarimax_frozen_s42,sarimax,frozen,selected,False,42,2,2025-01-20 01:00:00,2025-01-21 22:00:00,46,322.31,True,True,308.47921571426474,5.275253507571848,313.7544692218366,0.0,0.0074478829992585,0.0191109539991884,0.3
core_sarimax_frozen_s42,sarimax,frozen,selected,False,42,2,2025-01-20 01:00:00,2025-01-21 23:00:00,47,399.19,True,True,383.0767336305004,5.275253507571848,388.3519871380723,0.0,0.0074478829992585,0.0191109539991884,0.3
core_sarimax_frozen_s42,sarimax,frozen,selected,False,42,2,2025-01-20 01:00:00,2025-01-22 00:00:00,48,520.33,True,True,502.9071455796425,5.275253507571848,508.1823990872143,0.0,0.0074478829992585,0.0191109539991884,0.3
core_sarimax_frozen_s42,sarimax,frozen,selected,False,42,2,2025-01-20 01:00:00,2025-01-22 01:00:00,49,640.07,True,True,630.64571017368,5.275253507571848,635.9209636812518,0.0,0.0074478829992585,0.0191109539991884,0.3
core_sarimax_frozen_s42,sarimax,frozen,selected,False,42,2,2025-01-20 01:00:00,2025-01-22 02:00:00,50,695.1,True,True,684.1863118835219,5.275253507571848,689.4615653910937,0.0,0.0074478829992585,0.0191109539991884,0.3
core_sarimax_frozen_s42,sarimax,frozen,selected,False,42,2,2025-01-20 01:00:00,2025-01-22 03:00:00,51,652.64,True,True,645.9219619696498,5.275253507571848,651.1972154772217,0.0,0.0074478829992585,0.0191109539991884,0.3
core_sarimax_frozen_s42,sarimax,frozen,selected,False,42,2,2025-01-20 01:00:00,2025-01-22 04:00:00,52,343.67,True,True,329.87199383888924,5.275253507571848,335.1472473464611,0.0,0.0074478829992585,0.0191109539991884,0.3
core_sarimax_frozen_s42,sarimax,frozen,selected,False,42,2,2025-01-20 01:00:00,2025-01-22 05:00:00,53,321.46,True,True,299.02580428499664,5.275253507571848,304.3010577925685,0.0,0.0074478829992585,0.0191109539991884,0.3
core_sarimax_frozen_s42,sarimax,frozen,selected,False,42,2,2025-01-20 01:00:00,2025-01-22 06:00:00,54,326.17,True,True,300.4241256569732,5.275253507571848,305.69937916454506,0.0,0.0074478829992585,0.0191109539991884,0.3
core_sarimax_frozen_s42,sarimax,frozen,selected,False,42,2,2025-01-20 01:00:00,2025-01-22 07:00:00,55,357.09,True,True,333.10455528211514,5.275253507571848,338.379808789687,0.0,0.0074478829992585,0.0191109539991884,0.3
core_sarimax_frozen_s42,sarimax,frozen,selected,False,42,2,2025-01-20 01:00:00,2025-01-22 08:00:00,56,447.95,True,True,421.4624857354297,5.275253507571848,426.73773924300156,0.0,0.0074478829992585,0.0191109539991884,0.3
core_sarimax_frozen_s42,sarimax,frozen,selected,False,42,2,2025-01-20 01:00:00,2025-01-22 09:00:00,57,548.05,True,True,529.5939131281505,5.275253507571848,534.8691666357223,0.0,0.0074478829992585,0.0191109539991884,0.3
core_sarimax_frozen_s42,sarimax,frozen,selected,False,42,2,2025-01-20 01:00:00,2025-01-22 10:00:00,58,646.34,True,True,633.7736986651922,5.275253507571848,639.0489521727641,0.0,0.0074478829992585,0.0191109539991884,0.3
core_sarimax_frozen_s42,sarimax,frozen,selected,False,42,2,2025-01-20 01:00:00,2025-01-22 11:00:00,59,787.36,True,True,774.3618875372546,5.275253507571848,779.6371410448264,0.0,0.0074478829992585,0.0191109539991884,0.3
core_sarimax_frozen_s42,sarimax,frozen,selected,False,42,2,2025-01-20 01:00:00,2025-01-22 12:00:00,60,948.84,True,True,937.0924471094066,5.275253507571848,942.3677006169785,0.0,0.0074478829992585,0.0191109539991884,0.3
core_sarimax_frozen_s42,sarimax,frozen,selected,False,42,2,2025-01-20 01:00:00,2025-01-22 13:00:00,61,1067.15,True,True,1041.993867685358,5.275253507571848,1047.26912119293,0.0,0.0074478829992585,0.0191109539991884,0.3
core_sarimax_frozen_s42,sarimax,frozen,selected,False,42,2,2025-01-20 01:00:00,2025-01-22 14:00:00,62,1167.19,True,True,1148.4267647594738,5.275253507571848,1153.7020182670458,0.0,0.0074478829992585,0.0191109539991884,0.3
core_sarimax_frozen_s42,sarimax,frozen,selected,False,42,2,2025-01-20 01:00:00,2025-01-22 15:00:00,63,1242.8,True,True,1211.546172654204,5.275253507571848,1216.821426161776,0.0,0.0074478829992585,0.0191109539991884,0.3
core_sarimax_frozen_s42,sarimax,frozen,selected,False,42,2,2025-01-20 01:00:00,2025-01-22 16:00:00,64,1192.47,True,True,1175.6545427369242,5.275253507571848,1180.9297962444962,0.0,0.0074478829992585,0.0191109539991884,0.3
core_sarimax_frozen_s42,sarimax,frozen,selected,False,42,2,2025-01-20 01:00:00,2025-01-22 17:00:00,65,1053.76,True,True,1045.032381233686,5.275253507571848,1050.307634741258,0.0,0.0074478829992585,0.0191109539991884,0.3
core_sarimax_frozen_s42,sarimax,frozen,selected,False,42,2,2025-01-20 01:00:00,2025-01-22 18:00:00,66,901.85,True,True,897.4387495330551,5.275253507571848,902.714003040627,0.0,0.0074478829992585,0.0191109539991884,0.3
core_sarimax_frozen_s42,sarimax,frozen,selected,False,42,2,2025-01-20 01:00:00,2025-01-22 19:00:00,67,812.84,True,True,815.9340927779531,5.275253507571848,821.2093462855249,0.0,0.0074478829992585,0.0191109539991884,0.3
core_sarimax_frozen_s42,sarimax,frozen,selected,False,42,2,2025-01-20 01:00:00,2025-01-22 20:00:00,68,759.59,True,True,762.361102359468,5.275253507571848,767.6363558670398,0.0,0.0074478829992585,0.0191109539991884,0.3
core_sarimax_frozen_s42,sarimax,frozen,selected,False,42,2,2025-01-20 01:00:00,2025-01-22 21:00:00,69,684.71,True,True,686.960599558699,5.275253507571848,692.2358530662708,0.0,0.0074478829992585,0.0191109539991884,0.3
core_sarimax_frozen_s42,sarimax,frozen,selected,False,42,2,2025-01-20 01:00:00,2025-01-22 22:00:00,70,605.17,True,True,609.3622255736802,5.275253507571848,614.6374790812521,0.0,0.0074478829992585,0.0191109539991884,0.3
core_sarimax_frozen_s42,sarimax,frozen,selected,False,42,2,2025-01-20 01:00:00,2025-01-22 23:00:00,71,664.7,True,True,653.0399346153174,5.275253507571848,658.3151881228893,0.0,0.0074478829992585,0.0191109539991884,0.3
core_sarimax_frozen_s42,sarimax,frozen,selected,False,42,2,2025-01-20 01:00:00,2025-01-23 00:00:00,72,843.76,True,True,802.6282642281343,5.275253507571848,807.9035177357061,0.0,0.0074478829992585,0.0191109539991884,0.3
core_sarimax_frozen_s42,sarimax,frozen,selected,False,42,2,2025-01-20 01:00:00,2025-01-23 01:00:00,73,975.06,True,True,925.0398318749208,5.275253507571848,930.3150853824926,0.0,0.0074478829992585,0.0191109539991884,0.3
core_sarimax_frozen_s42,sarimax,frozen,selected,False,42,2,2025-01-20 01:00:00,2025-01-23 02:00:00,74,991.71,True,True,952.0916254850856,5.275253507571848,957.3668789926575,0.0,0.0074478829992585,0.0191109539991884,0.3
core_sarimax_frozen_s42,sarimax,frozen,selected,False,42,2,2025-01-20 01:00:00,2025-01-23 03:00:00,75,924.72,True,True,906.2547081548508,5.275253507571848,911.5299616624227,0.0,0.0074478829992585,0.0191109539991884,0.3
core_sarimax_frozen_s42,sarimax,frozen,selected,False,42,2,2025-01-20 01:00:00,2025-01-23 04:00:00,76,474.65,True,True,467.82121524863845,5.275253507571848,473.0964687562103,0.0,0.0074478829992585,0.0191109539991884,0.3
core_sarimax_frozen_s42,sarimax,frozen,selected,False,42,2,2025-01-20 01:00:00,2025-01-23 05:00:00,77,438.4,True,True,431.3819944691541,5.275253507571848,436.65724797672596,0.0,0.0074478829992585,0.0191109539991884,0.3
core_sarimax_frozen_s42,sarimax,frozen,selected,False,42,2,2025-01-20 01:00:00,2025-01-23 06:00:00,78,445.58,True,True,437.8080916542538,5.275253507571848,443.08334516182566,0.0,0.0074478829992585,0.0191109539991884,0.3
core_sarimax_frozen_s42,sarimax,frozen,selected,False,42,2,2025-01-20 01:00:00,2025-01-23 07:00:00,79,486.7,True,True,475.06338726693616,5.275253507571848,480.338640774508,0.0,0.0074478829992585,0.0191109539991884,0.3
core_sarimax_frozen_s42,sarimax,frozen,selected,False,42,2,2025-01-20 01:00:00,2025-01-23 08:00:00,80,576.78,True,True,561.3752670489384,5.275253507571848,566.6505205565103,0.0,0.0074478829992585,0.0191109539991884,0.3
core_sarimax_frozen_s42,sarimax,frozen,selected,False,42,2,2025-01-20 01:00:00,2025-01-23 09:00:00,81,661.89,True,True,651.9420793653592,5.275253507571848,657.217332872931,0.0,0.0074478829992585,0.0191109539991884,0.3
core_sarimax_frozen_s42,sarimax,frozen,selected,False,42,2,2025-01-20 01:00:00,2025-01-23 10:00:00,82,740.78,True,True,733.1611546128972,5.275253507571848,738.4364081204691,0.0,0.0074478829992585,0.0191109539991884,0.3
core_sarimax_frozen_s42,sarimax,frozen,selected,False,42,2,2025-01-20 01:00:00,2025-01-23 11:00:00,83,863.55,True,True,855.6890983256608,5.275253507571848,860.9643518332326,0.0,0.0074478829992585,0.0191109539991884,0.3
core_sarimax_frozen_s42,sarimax,frozen,selected,False,42,2,2025-01-20 01:00:00,2025-01-23 12:00:00,84,1008.56,True,True,988.6747105216616,5.275253507571848,993.9499640292335,0.0,0.0074478829992585,0.0191109539991884,0.3
core_sarimax_frozen_s42,sarimax,frozen,selected,False,42,2,2025-01-20 01:00:00,2025-01-23 13:00:00,85,1092.07,True,True,1056.1253036005105,5.275253507571848,1061.4005571080825,0.0,0.0074478829992585,0.0191109539991884,0.3
core_sarimax_frozen_s42,sarimax,frozen,selected,False,42,2,2025-01-20 01:00:00,2025-01-23 14:00:00,86,1109.14,True,True,1064.5555954996787,5.275253507571848,1069.8308490072507,0.0,0.0074478829992585,0.0191109539991884,0.3
core_sarimax_frozen_s42,sarimax,frozen,selected,False,42,2,2025-01-20 01:00:00,2025-01-23 15:00:00,87,1049.86,True,True,1003.2115542367344,5.275253507571848,1008.4868077443062,0.0,0.0074478829992585,0.0191109539991884,0.3
core_sarimax_frozen_s42,sarimax,frozen,selected,False,42,2,2025-01-20 01:00:00,2025-01-23 16:00:00,88,952.31,True,True,895.1145822514798,5.275253507571848,900.3898357590516,0.0,0.0074478829992585,0.0191109539991884,0.3
core_sarimax_frozen_s42,sarimax,frozen,selected,False,42,2,2025-01-20 01:00:00,2025-01-23 17:00:00,89,829.65,True,True,778.2352462101644,5.275253507571848,783.5104997177363,0.0,0.0074478829992585,0.0191109539991884,0.3
core_sarimax_frozen_s42,sarimax,frozen,selected,False,42,2,2025-01-20 01:00:00,2025-01-23 18:00:00,90,690.4,True,True,638.6602120338645,5.275253507571848,643.9354655414363,0.0,0.0074478829992585,0.0191109539991884,0.3
core_sarimax_frozen_s42,sarimax,frozen,selected,False,42,2,2025-01-20 01:00:00,2025-01-23 19:00:00,91,558.33,True,True,514.7336839698592,5.275253507571848,520.008937477431,0.0,0.0074478829992585,0.0191109539991884,0.3
core_sarimax_frozen_s42,sarimax,frozen,selected,False,42,2,2025-01-20 01:00:00,2025-01-23 20:00:00,92,478.93,True,True,440.19436347404366,5.275253507571848,445.4696169816155,0.0,0.0074478829992585,0.0191109539991884,0.3
core_sarimax_frozen_s42,sarimax,frozen,selected,False,42,2,2025-01-20 01:00:00,2025-01-23 21:00:00,93,443.28,True,True,407.41947608189616,5.275253507571848,412.694729589468,0.0,0.0074478829992585,0.0191109539991884,0.3
core_sarimax_frozen_s42,sarimax,frozen,selected,False,42,2,2025-01-20 01:00:00,2025-01-23 22:00:00,94,413.31,True,True,381.6048417012124,5.275253507571848,386.88009520878427,0.0,0.0074478829992585,0.0191109539991884,0.3
core_sarimax_frozen_s42,sarimax,frozen,selected,False,42,2,2025-01-20 01:00:00,2025-01-23 23:00:00,95,460.36,True,True,429.6968469973251,5.275253507571848,434.97210050489696,0.0,0.0074478829992585,0.0191109539991884,0.3
core_sarimax_frozen_s42,sarimax,frozen,selected,False,42,2,2025-01-20 01:00:00,2025-01-24 00:00:00,96,559.5,True,True,532.3217297893095,5.275253507571848,537.5969832968814,0.0,0.0074478829992585,0.0191109539991884,0.3
core_sarimax_frozen_s42,sarimax,frozen,selected,False,42,2,2025-01-20 01:00:00,2025-01-24 01:00:00,97,616.25,True,True,593.5786379727672,5.275253507571848,598.853891480339,0.0,0.0074478829992585,0.0191109539991884,0.3
core_sarimax_frozen_s42,sarimax,frozen,selected,False,42,2,2025-01-20 01:00:00,2025-01-24 02:00:00,98,613.07,True,True,600.2300986657016,5.275253507571848,605.5053521732734,0.0,0.0074478829992585,0.0191109539991884,0.3
core_sarimax_frozen_s42,sarimax,frozen,selected,False,42,2,2025-01-20 01:00:00,2025-01-24 03:00:00,99,543.29,True,True,532.6774926906729,5.275253507571848,537.9527461982448,0.0,0.0074478829992585,0.0191109539991884,0.3
core_sarimax_frozen_s42,sarimax,frozen,selected,False,42,2,2025-01-20 01:00:00,2025-01-24 04:00:00,100,286.26,True,True,267.6762869261147,5.275253507571848,272.95154043368655,0.0,0.0074478829992585,0.0191109539991884,0.3
core_sarimax_frozen_s42,sarimax,frozen,selected,False,42,2,2025-01-20 01:00:00,2025-01-24 05:00:00,101,305.56,True,True,285.4128446075951,5.275253507571848,290.68809811516695,0.0,0.0074478829992585,0.0191109539991884,0.3
core_sarimax_frozen_s42,sarimax,frozen,selected,False,42,2,2025-01-20 01:00:00,2025-01-24 06:00:00,102,350.29,True,True,327.16553223594155,5.275253507571848,332.4407857435134,0.0,0.0074478829992585,0.0191109539991884,0.3
core_sarimax_frozen_s42,sarimax,frozen,selected,False,42,2,2025-01-20 01:00:00,2025-01-24 07:00:00,103,409.8,True,True,377.6215422245671,5.275253507571848,382.89679573213897,0.0,0.0074478829992585,0.0191109539991884,0.3
core_sarimax_frozen_s42,sarimax,frozen,selected,False,42,2,2025-01-20 01:00:00,2025-01-24 08:00:00,104,513.01,True,True,478.6753009961859,5.275253507571848,483.95055450375776,0.0,0.0074478829992585,0.0191109539991884,0.3
core_sarimax_frozen_s42,sarimax,frozen,selected,False,42,2,2025-01-20 01:00:00,2025-01-24 09:00:00,105,630.05,True,True,592.7407824893378,5.275253507571848,598.0160359969096,0.0,0.0074478829992585,0.0191109539991884,0.3
core_sarimax_frozen_s42,sarimax,frozen,selected,False,42,2,2025-01-20 01:00:00,2025-01-24 10:00:00,106,743.14,True,True,690.6806105102471,5.275253507571848,695.955864017819,0.0,0.0074478829992585,0.0191109539991884,0.3
core_sarimax_frozen_s42,sarimax,frozen,selected,False,42,2,2025-01-20 01:00:00,2025-01-24 11:00:00,107,861.74,True,True,805.5505405954286,5.275253507571848,810.8257941030005,0.0,0.0074478829992585,0.0191109539991884,0.3
core_sarimax_frozen_s42,sarimax,frozen,selected,False,42,2,2025-01-20 01:00:00,2025-01-24 12:00:00,108,954.34,True,True,883.164887192185,5.275253507571848,888.4401406997569,0.0,0.0074478829992585,0.0191109539991884,0.3
core_sarimax_frozen_s42,sarimax,frozen,selected,False,42,2,2025-01-20 01:00:00,2025-01-24 13:00:00,109,1027.42,True,True,963.2170581864244,5.275253507571848,968.4923116939963,0.0,0.0074478829992585,0.0191109539991884,0.3
core_sarimax_frozen_s42,sarimax,frozen,selected,False,42,2,2025-01-20 01:00:00,2025-01-24 14:00:00,110,1147.74,True,True,1096.553234575911,5.275253507571848,1101.8284880834829,0.0,0.0074478829992585,0.0191109539991884,0.3
core_sarimax_frozen_s42,sarimax,frozen,selected,False,42,2,2025-01-20 01:00:00,2025-01-24 15:00:00,111,1222.71,True,True,1188.067884177953,5.275253507571848,1193.3431376855249,0.0,0.0074478829992585,0.0191109539991884,0.3
core_sarimax_frozen_s42,sarimax,frozen,selected,False,42,2,2025-01-20 01:00:00,2025-01-24 16:00:00,112,1129.13,True,True,1113.127232406699,5.275253507571848,1118.402485914271,0.0,0.0074478829992585,0.0191109539991884,0.3
core_sarimax_frozen_s42,sarimax,frozen,selected,False,42,2,2025-01-20 01:00:00,2025-01-24 17:00:00,113,985.16,True,True,969.7964701341216,5.275253507571848,975.0717236416934,0.0,0.0074478829992585,0.0191109539991884,0.3
core_sarimax_frozen_s42,sarimax,frozen,selected,False,42,2,2025-01-20 01:00:00,2025-01-24 18:00:00,114,855.28,True,True,839.6356272621808,5.275253507571848,844.9108807697527,0.0,0.0074478829992585,0.0191109539991884,0.3
core_sarimax_frozen_s42,sarimax,frozen,selected,False,42,2,2025-01-20 01:00:00,2025-01-24 19:00:00,115,786.21,True,True,766.1307309979003,5.275253507571848,771.4059845054721,0.0,0.0074478829992585,0.0191109539991884,0.3
core_sarimax_frozen_s42,sarimax,frozen,selected,False,42,2,2025-01-20 01:00:00,2025-01-24 20:00:00,116,748.8,True,True,719.575267312827,5.275253507571848,724.8505208203989,0.0,0.0074478829992585,0.0191109539991884,0.3
core_sarimax_frozen_s42,sarimax,frozen,selected,False,42,2,2025-01-20 01:00:00,2025-01-24 21:00:00,117,701.82,True,True,673.3234777014884,5.275253507571848,678.5987312090602,0.0,0.0074478829992585,0.0191109539991884,0.3
core_sarimax_frozen_s42,sarimax,frozen,selected,False,42,2,2025-01-20 01:00:00,2025-01-24 22:00:00,118,639.36,True,True,596.598491634076,5.275253507571848,601.8737451416479,0.0,0.0074478829992585,0.0191109539991884,0.3
core_sarimax_frozen_s42,sarimax,frozen,selected,False,42,2,2025-01-20 01:00:00,2025-01-24 23:00:00,119,683.09,True,True,633.542311798516,5.275253507571848,638.8175653060879,0.0,0.0074478829992585,0.0191109539991884,0.3
core_sarimax_frozen_s42,sarimax,frozen,selected,False,42,2,2025-01-20 01:00:00,2025-01-25 00:00:00,120,867.27,True,True,808.7491322084778,5.275253507571848,814.0243857160497,0.0,0.0074478829992585,0.0191109539991884,0.3
core_sarimax_frozen_s42,sarimax,frozen,selected,False,42,2,2025-01-20 01:00:00,2025-01-25 01:00:00,121,1043.89,True,True,962.2048070494355,5.275253507571848,967.4800605570074,0.0,0.0074478829992585,0.0191109539991884,0.3
core_sarimax_frozen_s42,sarimax,frozen,selected,False,42,2,2025-01-20 01:00:00,2025-01-25 02:00:00,122,1139.2,True,True,1068.4302582163846,5.275253507571848,1073.7055117239565,0.0,0.0074478829992585,0.0191109539991884,0.3
core_sarimax_frozen_s42,sarimax,frozen,selected,False,42,2,2025-01-20 01:00:00,2025-01-25 03:00:00,123,1176.27,True,True,1110.3660699474897,5.275253507571848,1115.6413234550616,0.0,0.0074478829992585,0.0191109539991884,0.3
core_sarimax_frozen_s42,sarimax,frozen,selected,False,42,2,2025-01-20 01:00:00,2025-01-25 04:00:00,124,775.15,True,True,709.4645829516247,5.275253507571848,714.7398364591966,0.0,0.0074478829992585,0.0191109539991884,0.3
core_sarimax_frozen_s42,sarimax,frozen,selected,False,42,2,2025-01-20 01:00:00,2025-01-25 05:00:00,125,681.17,True,True,621.798482077922,5.275253507571848,627.0737355854939,0.0,0.0074478829992585,0.0191109539991884,0.3
core_sarimax_frozen_s42,sarimax,frozen,selected,False,42,2,2025-01-20 01:00:00,2025-01-25 06:00:00,126,577.42,True,True,550.1551230919313,5.275253507571848,555.4303765995031,0.0,0.0074478829992585,0.0191109539991884,0.3
core_sarimax_frozen_s42,sarimax,frozen,selected,False,42,2,2025-01-20 01:00:00,2025-01-25 07:00:00,127,453.48,True,True,458.7539037623775,5.275253507571848,464.02915726994934,0.0,0.0074478829992585,0.0191109539991884,0.3
core_sarimax_frozen_s42,sarimax,frozen,selected,False,42,2,2025-01-20 01:00:00,2025-01-25 08:00:00,128,405.93,True,True,424.2088241385349,5.275253507571848,429.48407764610675,0.0,0.0074478829992585,0.0191109539991884,0.3
core_sarimax_frozen_s42,sarimax,frozen,selected,False,42,2,2025-01-20 01:00:00,2025-01-25 09:00:00,129,380.0,True,True,404.9691011140518,5.275253507571848,410.24435462162364,0.0,0.0074478829992585,0.0191109539991884,0.3
core_sarimax_frozen_s42,sarimax,frozen,selected,False,42,2,2025-01-20 01:00:00,2025-01-25 10:00:00,130,387.23,True,True,403.1465632888068,5.275253507571848,408.42181679637866,0.0,0.0074478829992585,0.0191109539991884,0.3
core_sarimax_frozen_s42,sarimax,frozen,selected,False,42,2,2025-01-20 01:00:00,2025-01-25 11:00:00,131,460.41,True,True,464.4874947847872,5.275253507571848,469.76274829235905,0.0,0.0074478829992585,0.0191109539991884,0.3
core_sarimax_frozen_s42,sarimax,frozen,selected,False,42,2,2025-01-20 01:00:00,2025-01-25 12:00:00,132,570.19,True,True,575.383130912553,5.275253507571848,580.6583844201249,0.0,0.0074478829992585,0.0191109539991884,0.3
core_sarimax_frozen_s42,sarimax,frozen,selected,False,42,2,2025-01-20 01:00:00,2025-01-25 13:00:00,133,660.63,True,True,668.8795839795617,5.275253507571848,674.1548374871336,0.0,0.0074478829992585,0.0191109539991884,0.3
core_sarimax_frozen_s42,sarimax,frozen,selected,False,42,2,2025-01-20 01:00:00,2025-01-25 14:00:00,134,721.7,True,True,734.3593846765955,5.275253507571848,739.6346381841673,0.0,0.0074478829992585,0.0191109539991884,0.3
core_sarimax_frozen_s42,sarimax,frozen,selected,False,42,2,2025-01-20 01:00:00,2025-01-25 15:00:00,135,754.01,True,True,777.0529644833321,5.275253507571848,782.3282179909039,0.0,0.0074478829992585,0.0191109539991884,0.3
core_sarimax_frozen_s42,sarimax,frozen,selected,False,42,2,2025-01-20 01:00:00,2025-01-25 16:00:00,136,712.92,True,True,740.1347779893667,5.275253507571848,745.4100314969386,0.0,0.0074478829992585,0.0191109539991884,0.3
core_sarimax_frozen_s42,sarimax,frozen,selected,False,42,2,2025-01-20 01:00:00,2025-01-25 17:00:00,137,609.77,True,True,637.5324405492032,5.275253507571848,642.8076940567751,0.0,0.0074478829992585,0.0191109539991884,0.3
core_sarimax_frozen_s42,sarimax,frozen,selected,False,42,2,2025-01-20 01:00:00,2025-01-25 18:00:00,138,476.96,True,True,503.32896064579097,5.275253507571848,508.6042141533628,0.0,0.0074478829992585,0.0191109539991884,0.3
core_sarimax_frozen_s42,sarimax,frozen,selected,False,42,2,2025-01-20 01:00:00,2025-01-25 19:00:00,139,397.06,True,True,408.6801834393177,5.275253507571848,413.95543694688956,0.0,0.0074478829992585,0.0191109539991884,0.3
core_sarimax_frozen_s42,sarimax,frozen,selected,False,42,2,2025-01-20 01:00:00,2025-01-25 20:00:00,140,394.71,True,True,401.2535243028301,5.275253507571848,406.52877781040195,0.0,0.0074478829992585,0.0191109539991884,0.3
core_sarimax_frozen_s42,sarimax,frozen,selected,False,42,2,2025-01-20 01:00:00,2025-01-25 21:00:00,141,391.82,True,True,394.521514202904,5.275253507571848,399.7967677104758,0.0,0.0074478829992585,0.0191109539991884,0.3
core_sarimax_frozen_s42,sarimax,frozen,selected,False,42,2,2025-01-20 01:00:00,2025-01-25 22:00:00,142,411.45,True,True,413.913778680454,5.275253507571848,419.18903218802586,0.0,0.0074478829992585,0.0191109539991884,0.3
core_sarimax_frozen_s42,sarimax,frozen,selected,False,42,2,2025-01-20 01:00:00,2025-01-25 23:00:00,143,406.41,True,True,422.8808675195176,5.275253507571848,428.15612102708945,0.0,0.0074478829992585,0.0191109539991884,0.3
core_sarimax_frozen_s42,sarimax,frozen,selected,False,42,2,2025-01-20 01:00:00,2025-01-26 00:00:00,144,205.05,True,True,230.10562380176796,5.275253507571848,235.3808773093398,0.0,0.0074478829992585,0.0191109539991884,0.3
core_sarimax_frozen_s42,sarimax,frozen,selected,False,42,2,2025-01-20 01:00:00,2025-01-26 01:00:00,145,38.65,True,True,33.220154973670674,5.275253507571848,38.49540848124252,0.0,0.0074478829992585,0.0191109539991884,0.3
core_sarimax_frozen_s42,sarimax,frozen,selected,False,42,2,2025-01-20 01:00:00,2025-01-26 02:00:00,146,54.02,True,True,18.73674030829835,5.275253507571848,24.0119938158702,0.0,0.0074478829992585,0.0191109539991884,0.3
core_sarimax_frozen_s42,sarimax,frozen,selected,False,42,2,2025-01-20 01:00:00,2025-01-26 03:00:00,147,67.85,True,True,13.331513248442576,5.275253507571848,18.606766756014423,0.0,0.0074478829992585,0.0191109539991884,0.3
core_sarimax_frozen_s42,sarimax,frozen,selected,False,42,2,2025-01-20 01:00:00,2025-01-26 04:00:00,148,68.06,True,True,11.797108854748076,5.275253507571848,17.072362362319925,0.0,0.0074478829992585,0.0191109539991884,0.3
core_sarimax_frozen_s42,sarimax,frozen,selected,False,42,2,2025-01-20 01:00:00,2025-01-26 05:00:00,149,54.11,True,True,8.553096530227691,5.275253507571848,13.828350037799538,0.0,0.0074478829992585,0.0191109539991884,0.3
core_sarimax_frozen_s42,sarimax,frozen,selected,False,42,2,2025-01-20 01:00:00,2025-01-26 06:00:00,150,45.58,True,True,4.052721019942709,5.275253507571848,9.327974527514556,0.0,0.0074478829992585,0.0191109539991884,0.3
core_sarimax_frozen_s42,sarimax,frozen,selected,False,42,2,2025-01-20 01:00:00,2025-01-26 07:00:00,151,39.81,True,True,-0.2058505418985419,5.275253507571848,5.069402965673306,0.0,0.0074478829992585,0.0191109539991884,0.3
core_sarimax_frozen_s42,sarimax,frozen,selected,False,42,2,2025-01-20 01:00:00,2025-01-26 08:00:00,152,30.64,True,True,-1.439333582663437,5.275253507571848,3.835919924908411,0.0,0.0074478829992585,0.0191109539991884,0.3
core_sarimax_frozen_s42,sarimax,frozen,selected,False,42,2,2025-01-20 01:00:00,2025-01-26 09:00:00,153,17.53,True,True,-3.979373578537462,5.275253507571848,1.2958799290343856,0.0,0.0074478829992585,0.0191109539991884,0.3
core_sarimax_frozen_s42,sarimax,frozen,selected,False,42,2,2025-01-20 01:00:00,2025-01-26 10:00:00,154,10.67,True,True,-8.390939944648721,5.275253507571848,-3.1156864370768735,0.0,0.0074478829992585,0.0191109539991884,0.3
core_sarimax_frozen_s42,sarimax,frozen,selected,False,42,2,2025-01-20 01:00:00,2025-01-26 11:00:00,155,10.11,True,True,-7.477330224260072,5.275253507571848,-2.2020767166882242,0.0,0.0074478829992585,0.0191109539991884,0.3
core_sarimax_frozen_s42,sarimax,frozen,selected,False,42,2,2025-01-20 01:00:00,2025-01-26 12:00:00,156,10.37,True,True,-2.677870408137608,5.275253507571848,2.5973830994342397,0.0,0.0074478829992585,0.0191109539991884,0.3
core_sarimax_frozen_s42,sarimax,frozen,selected,False,42,2,2025-01-20 01:00:00,2025-01-26 13:00:00,157,9.91,True,True,-0.7644348571830903,5.275253507571848,4.5108186503887575,0.0,0.0074478829992585,0.0191109539991884,0.3
core_sarimax_frozen_s42,sarimax,frozen,selected,False,42,2,2025-01-20 01:00:00,2025-01-26 14:00:00,158,9.75,True,True,0.9092171543683492,5.275253507571848,6.184470661940197,0.0,0.0074478829992585,0.0191109539991884,0.3
core_sarimax_frozen_s42,sarimax,frozen,selected,False,42,2,2025-01-20 01:00:00,2025-01-26 15:00:00,159,7.94,True,True,1.2281790011180649,5.275253507571848,6.5034325086899125,0.0,0.0074478829992585,0.0191109539991884,0.3
core_sarimax_frozen_s42,sarimax,frozen,selected,False,42,2,2025-01-20 01:00:00,2025-01-26 16:00:00,160,4.62,True,True,-0.0770604430931882,5.275253507571848,5.19819306447866,0.0,0.0074478829992585,0.0191109539991884,0.3
core_sarimax_frozen_s42,sarimax,frozen,selected,False,42,2,2025-01-20 01:00:00,2025-01-26 17:00:00,161,4.76,True,True,1.101325399641496,5.275253507571848,6.376578907213344,0.0,0.0074478829992585,0.0191109539991884,0.3
core_sarimax_frozen_s42,sarimax,frozen,selected,False,42,2,2025-01-20 01:00:00,2025-01-26 18:00:00,162,4.88,True,True,5.174775371597718,5.275253507571848,10.450028879169565,0.0,0.0074478829992585,0.0191109539991884,0.3
core_sarimax_frozen_s42,sarimax,frozen,selected,False,42,2,2025-01-20 01:00:00,2025-01-26 19:00:00,163,5.01,True,True,7.942448936235195,5.275253507571848,13.217702443807042,0.0,0.0074478829992585,0.0191109539991884,0.3
core_sarimax_frozen_s42,sarimax,frozen,selected,False,42,2,2025-01-20 01:00:00,2025-01-26 20:00:00,164,5.47,True,True,10.247127310116523,5.275253507571848,15.522380817688372,0.0,0.0074478829992585,0.0191109539991884,0.3
core_sarimax_frozen_s42,sarimax,frozen,selected,False,42,2,2025-01-20 01:00:00,2025-01-26 21:00:00,165,6.24,True,True,12.902256699827888,5.275253507571848,18.177510207399735,0.0,0.0074478829992585,0.0191109539991884,0.3
core_sarimax_frozen_s42,sarimax,frozen,selected,False,42,2,2025-01-20 01:00:00,2025-01-26 22:00:00,166,8.2,True,True,15.162989991052342,5.275253507571848,20.43824349862419,0.0,0.0074478829992585,0.0191109539991884,0.3
core_sarimax_frozen_s42,sarimax,frozen,selected,False,42,2,2025-01-20 01:00:00,2025-01-26 23:00:00,167,17.68,True,True,26.27022944814948,5.275253507571848,31.545482955721326,0.0,0.0074478829992585,0.0191109539991884,0.3
core_sarimax_frozen_s42,sarimax,frozen,selected,False,42,2,2025-01-20 01:00:00,2025-01-27 00:00:00,168,26.86,True,True,35.42872868843659,5.275253507571848,40.70398219600844,0.0,0.0074478829992585,0.0191109539991884,0.3
core_sarimax_frozen_s42,sarimax,frozen,selected,False,42,3,2025-01-27 01:00:00,2025-01-27 01:00:00,1,29.97,True,True,29.22188724721849,10.602979801956057,39.82486704917454,0.0,0.0074986489998991,0.0135705309985496,0.3
core_sarimax_frozen_s42,sarimax,frozen,selected,False,42,3,2025-01-27 01:00:00,2025-01-27 02:00:00,2,25.5,True,True,21.444587944302583,10.602979801956057,32.047567746258636,0.0,0.0074986489998991,0.0135705309985496,0.3
core_sarimax_frozen_s42,sarimax,frozen,selected,False,42,3,2025-01-27 01:00:00,2025-01-27 03:00:00,3,18.43,True,True,12.792940497802816,10.602979801956057,23.39592029975887,0.0,0.0074986489998991,0.0135705309985496,0.3
core_sarimax_frozen_s42,sarimax,frozen,selected,False,42,3,2025-01-27 01:00:00,2025-01-27 04:00:00,4,13.33,True,True,8.199246358822109,10.602979801956057,18.802226160778165,0.0,0.0074986489998991,0.0135705309985496,0.3
core_sarimax_frozen_s42,sarimax,frozen,selected,False,42,3,2025-01-27 01:00:00,2025-01-27 05:00:00,5,11.64,True,True,5.319176022950586,10.602979801956057,15.922155824906643,0.0,0.0074986489998991,0.0135705309985496,0.3
core_sarimax_frozen_s42,sarimax,frozen,selected,False,42,3,2025-01-27 01:00:00,2025-01-27 06:00:00,6,10.81,True,True,1.0027060258946392,10.602979801956057,11.605685827850696,0.0,0.0074986489998991,0.0135705309985496,0.3
core_sarimax_frozen_s42,sarimax,frozen,selected,False,42,3,2025-01-27 01:00:00,2025-01-27 07:00:00,7,11.2,True,True,-2.266611811744667,10.602979801956057,8.33636799021139,0.0,0.0074986489998991,0.0135705309985496,0.3
core_sarimax_frozen_s42,sarimax,frozen,selected,False,42,3,2025-01-27 01:00:00,2025-01-27 08:00:00,8,13.74,True,True,-1.7821134556979246,10.602979801956057,8.820866346258132,0.0,0.0074986489998991,0.0135705309985496,0.3
core_sarimax_frozen_s42,sarimax,frozen,selected,False,42,3,2025-01-27 01:00:00,2025-01-27 09:00:00,9,16.54,True,True,-1.5271674868035063,10.602979801956057,9.07581231515255,0.0,0.0074986489998991,0.0135705309985496,0.3
core_sarimax_frozen_s42,sarimax,frozen,selected,False,42,3,2025-01-27 01:00:00,2025-01-27 10:00:00,10,19.24,True,True,-1.3669263107906031,10.602979801956057,9.236053491165453,0.0,0.0074986489998991,0.0135705309985496,0.3
core_sarimax_frozen_s42,sarimax,frozen,selected,False,42,3,2025-01-27 01:00:00,2025-01-27 11:00:00,11,24.55,True,True,4.598114771128081,10.602979801956057,15.201094573084138,0.0,0.0074986489998991,0.0135705309985496,0.3
core_sarimax_frozen_s42,sarimax,frozen,selected,False,42,3,2025-01-27 01:00:00,2025-01-27 12:00:00,12,29.62,True,True,15.138392268437968,10.602979801956057,25.741372070394025,0.0,0.0074986489998991,0.0135705309985496,0.3
core_sarimax_frozen_s42,sarimax,frozen,selected,False,42,3,2025-01-27 01:00:00,2025-01-27 13:00:00,13,31.91,True,True,21.45377447483159,10.602979801956057,32.05675427678764,0.0,0.0074986489998991,0.0135705309985496,0.3
core_sarimax_frozen_s42,sarimax,frozen,selected,False,42,3,2025-01-27 01:00:00,2025-01-27 14:00:00,14,34.43,True,True,26.711400483508413,10.602979801956057,37.314380285464466,0.0,0.0074986489998991,0.0135705309985496,0.3
core_sarimax_frozen_s42,sarimax,frozen,selected,False,42,3,2025-01-27 01:00:00,2025-01-27 15:00:00,15,31.05,True,True,26.3488498135394,10.602979801956057,36.951829615495456,0.0,0.0074986489998991,0.0135705309985496,0.3
core_sarimax_frozen_s42,sarimax,frozen,selected,False,42,3,2025-01-27 01:00:00,2025-01-27 16:00:00,16,20.79,True,True,16.04942926215469,10.602979801956057,26.652409064110746,0.0,0.0074986489998991,0.0135705309985496,0.3
core_sarimax_frozen_s42,sarimax,frozen,selected,False,42,3,2025-01-27 01:00:00,2025-01-27 17:00:00,17,16.5,True,True,11.101661413262375,10.602979801956057,21.70464121521843,0.0,0.0074986489998991,0.0135705309985496,0.3
core_sarimax_frozen_s42,sarimax,frozen,selected,False,42,3,2025-01-27 01:00:00,2025-01-27 18:00:00,18,16.18,True,True,12.138939561795212,10.602979801956057,22.74191936375127,0.0,0.0074986489998991,0.0135705309985496,0.3
core_sarimax_frozen_s42,sarimax,frozen,selected,False,42,3,2025-01-27 01:00:00,2025-01-27 19:00:00,19,18.11,True,True,14.776490656698115,10.602979801956057,25.379470458654172,0.0,0.0074986489998991,0.0135705309985496,0.3
core_sarimax_frozen_s42,sarimax,frozen,selected,False,42,3,2025-01-27 01:00:00,2025-01-27 20:00:00,20,21.87,True,True,19.00608794666965,10.602979801956057,29.609067748625705,0.0,0.0074986489998991,0.0135705309985496,0.3
core_sarimax_frozen_s42,sarimax,frozen,selected,False,42,3,2025-01-27 01:00:00,2025-01-27 21:00:00,21,26.13,True,True,23.79494477065785,10.602979801956057,34.3979245726139,0.0,0.0074986489998991,0.0135705309985496,0.3
core_sarimax_frozen_s42,sarimax,frozen,selected,False,42,3,2025-01-27 01:00:00,2025-01-27 22:00:00,22,34.51,True,True,32.22745164130643,10.602979801956057,42.83043144326248,0.0,0.0074986489998991,0.0135705309985496,0.3
core_sarimax_frozen_s42,sarimax,frozen,selected,False,42,3,2025-01-27 01:00:00,2025-01-27 23:00:00,23,68.09,True,True,67.64763887159182,10.602979801956057,78.25061867354788,0.0,0.0074986489998991,0.0135705309985496,0.3
core_sarimax_frozen_s42,sarimax,frozen,selected,False,42,3,2025-01-27 01:00:00,2025-01-28 00:00:00,24,107.92,True,True,106.99261411711775,10.602979801956057,117.5955939190738,0.0,0.0074986489998991,0.0135705309985496,0.3
core_sarimax_frozen_s42,sarimax,frozen,selected,False,42,3,2025-01-27 01:00:00,2025-01-28 01:00:00,25,130.36,True,True,129.8724504783171,10.602979801956057,140.47543028027314,0.0,0.0074986489998991,0.0135705309985496,0.3
core_sarimax_frozen_s42,sarimax,frozen,selected,False,42,3,2025-01-27 01:00:00,2025-01-28 02:00:00,26,126.12,True,True,123.1268575246708,10.602979801956057,133.72983732662686,0.0,0.0074986489998991,0.0135705309985496,0.3
core_sarimax_frozen_s42,sarimax,frozen,selected,False,42,3,2025-01-27 01:00:00,2025-01-28 03:00:00,27,93.48,True,True,88.25481512541215,10.602979801956057,98.8577949273682,0.0,0.0074986489998991,0.0135705309985496,0.3
core_sarimax_frozen_s42,sarimax,frozen,selected,False,42,3,2025-01-27 01:00:00,2025-01-28 04:00:00,28,43.26,True,True,37.90066729042957,10.602979801956057,48.50364709238562,0.0,0.0074986489998991,0.0135705309985496,0.3
core_sarimax_frozen_s42,sarimax,frozen,selected,False,42,3,2025-01-27 01:00:00,2025-01-28 05:00:00,29,30.8,True,True,25.357565030482647,10.602979801956057,35.9605448324387,0.0,0.0074986489998991,0.0135705309985496,0.3
core_sarimax_frozen_s42,sarimax,frozen,selected,False,42,3,2025-01-27 01:00:00,2025-01-28 06:00:00,30,26.32,True,True,16.80045557256628,10.602979801956057,27.403435374522335,0.0,0.0074986489998991,0.0135705309985496,0.3
core_sarimax_frozen_s42,sarimax,frozen,selected,False,42,3,2025-01-27 01:00:00,2025-01-28 07:00:00,31,40.43,True,True,29.37676418936485,10.602979801956057,39.9797439913209,0.0,0.0074986489998991,0.0135705309985496,0.3
core_sarimax_frozen_s42,sarimax,frozen,selected,False,42,3,2025-01-27 01:00:00,2025-01-28 08:00:00,32,80.98,True,True,71.20844517828417,10.602979801956057,81.81142498024022,0.0,0.0074986489998991,0.0135705309985496,0.3
core_sarimax_frozen_s42,sarimax,frozen,selected,False,42,3,2025-01-27 01:00:00,2025-01-28 09:00:00,33,122.85,True,True,108.15790036592364,10.602979801956057,118.76088016787969,0.0,0.0074986489998991,0.0135705309985496,0.3
core_sarimax_frozen_s42,sarimax,frozen,selected,False,42,3,2025-01-27 01:00:00,2025-01-28 10:00:00,34,169.86,True,True,153.45135764849692,10.602979801956057,164.05433745045298,0.0,0.0074986489998991,0.0135705309985496,0.3
core_sarimax_frozen_s42,sarimax,frozen,selected,False,42,3,2025-01-27 01:00:00,2025-01-28 11:00:00,35,246.48,True,True,237.17749926448155,10.602979801956057,247.7804790664376,0.0,0.0074986489998991,0.0135705309985496,0.3
core_sarimax_frozen_s42,sarimax,frozen,selected,False,42,3,2025-01-27 01:00:00,2025-01-28 12:00:00,36,334.15,True,True,351.53546923365934,10.602979801956057,362.1384490356154,0.0,0.0074986489998991,0.0135705309985496,0.3
core_sarimax_frozen_s42,sarimax,frozen,selected,False,42,3,2025-01-27 01:00:00,2025-01-28 13:00:00,37,450.84,True,True,490.38678403619,10.602979801956057,500.9897638381461,0.0,0.0074986489998991,0.0135705309985496,0.3
core_sarimax_frozen_s42,sarimax,frozen,selected,False,42,3,2025-01-27 01:00:00,2025-01-28 14:00:00,38,612.29,True,True,665.4059473411423,10.602979801956057,676.0089271430984,0.0,0.0074986489998991,0.0135705309985496,0.3
core_sarimax_frozen_s42,sarimax,frozen,selected,False,42,3,2025-01-27 01:00:00,2025-01-28 15:00:00,39,711.51,True,True,761.7589337399579,10.602979801956057,772.361913541914,0.0,0.0074986489998991,0.0135705309985496,0.3
core_sarimax_frozen_s42,sarimax,frozen,selected,False,42,3,2025-01-27 01:00:00,2025-01-28 16:00:00,40,711.12,True,True,747.2829236935794,10.602979801956057,757.8859034955354,0.0,0.0074986489998991,0.0135705309985496,0.3
core_sarimax_frozen_s42,sarimax,frozen,selected,False,42,3,2025-01-27 01:00:00,2025-01-28 17:00:00,41,666.48,True,True,695.3557779909718,10.602979801956057,705.9587577929278,0.0,0.0074986489998991,0.0135705309985496,0.3
core_sarimax_frozen_s42,sarimax,frozen,selected,False,42,3,2025-01-27 01:00:00,2025-01-28 18:00:00,42,580.41,True,True,597.7287464470908,10.602979801956057,608.3317262490468,0.0,0.0074986489998991,0.0135705309985496,0.3
core_sarimax_frozen_s42,sarimax,frozen,selected,False,42,3,2025-01-27 01:00:00,2025-01-28 19:00:00,43,474.08,True,True,478.0271025223199,10.602979801956057,488.630082324276,0.0,0.0074986489998991,0.0135705309985496,0.3
core_sarimax_frozen_s42,sarimax,frozen,selected,False,42,3,2025-01-27 01:00:00,2025-01-28 20:00:00,44,386.53,True,True,379.6327147422678,10.602979801956057,390.23569454422386,0.0,0.0074986489998991,0.0135705309985496,0.3
core_sarimax_frozen_s42,sarimax,frozen,selected,False,42,3,2025-01-27 01:00:00,2025-01-28 21:00:00,45,319.65,True,True,311.1181426097171,10.602979801956057,321.72112241167315,0.0,0.0074986489998991,0.0135705309985496,0.3
core_sarimax_frozen_s42,sarimax,frozen,selected,False,42,3,2025-01-27 01:00:00,2025-01-28 22:00:00,46,264.25,True,True,252.83635295003825,10.602979801956057,263.4393327519943,0.0,0.0074986489998991,0.0135705309985496,0.3
core_sarimax_frozen_s42,sarimax,frozen,selected,False,42,3,2025-01-27 01:00:00,2025-01-28 23:00:00,47,292.83,True,True,283.6470136769184,10.602979801956057,294.24999347887444,0.0,0.0074986489998991,0.0135705309985496,0.3
core_sarimax_frozen_s42,sarimax,frozen,selected,False,42,3,2025-01-27 01:00:00,2025-01-29 00:00:00,48,360.85,True,True,353.47655066604506,10.602979801956057,364.0795304680011,0.0,0.0074986489998991,0.0135705309985496,0.3
core_sarimax_frozen_s42,sarimax,frozen,selected,False,42,3,2025-01-27 01:00:00,2025-01-29 01:00:00,49,391.03,True,True,396.28879155865695,10.602979801956057,406.891771360613,0.0,0.0074986489998991,0.0135705309985496,0.3
core_sarimax_frozen_s42,sarimax,frozen,selected,False,42,3,2025-01-27 01:00:00,2025-01-29 02:00:00,50,379.71,True,True,390.042659843968,10.602979801956057,400.64563964592406,0.0,0.0074986489998991,0.0135705309985496,0.3
core_sarimax_frozen_s42,sarimax,frozen,selected,False,42,3,2025-01-27 01:00:00,2025-01-29 03:00:00,51,323.23,True,True,333.7512969970006,10.602979801956057,344.3542767989567,0.0,0.0074986489998991,0.0135705309985496,0.3
core_sarimax_frozen_s42,sarimax,frozen,selected,False,42,3,2025-01-27 01:00:00,2025-01-29 04:00:00,52,137.97,True,True,142.09606941173217,10.602979801956057,152.69904921368823,0.0,0.0074986489998991,0.0135705309985496,0.3
core_sarimax_frozen_s42,sarimax,frozen,selected,False,42,3,2025-01-27 01:00:00,2025-01-29 05:00:00,53,96.23,True,True,99.35946852172616,10.602979801956057,109.96244832368221,0.0,0.0074986489998991,0.0135705309985496,0.3
core_sarimax_frozen_s42,sarimax,frozen,selected,False,42,3,2025-01-27 01:00:00,2025-01-29 06:00:00,54,65.61,True,True,65.6691969349699,10.602979801956057,76.27217673692596,0.0,0.0074986489998991,0.0135705309985496,0.3
core_sarimax_frozen_s42,sarimax,frozen,selected,False,42,3,2025-01-27 01:00:00,2025-01-29 07:00:00,55,69.77,True,True,68.66353672579329,10.602979801956057,79.26651652774935,0.0,0.0074986489998991,0.0135705309985496,0.3
core_sarimax_frozen_s42,sarimax,frozen,selected,False,42,3,2025-01-27 01:00:00,2025-01-29 08:00:00,56,110.08,True,True,111.0313837250754,10.602979801956057,121.63436352703145,0.0,0.0074986489998991,0.0135705309985496,0.3
core_sarimax_frozen_s42,sarimax,frozen,selected,False,42,3,2025-01-27 01:00:00,2025-01-29 09:00:00,57,151.63,True,True,151.21442916678086,10.602979801956057,161.8174089687369,0.0,0.0074986489998991,0.0135705309985496,0.3
core_sarimax_frozen_s42,sarimax,frozen,selected,False,42,3,2025-01-27 01:00:00,2025-01-29 10:00:00,58,175.83,True,True,174.01120814377558,10.602979801956057,184.61418794573163,0.0,0.0074986489998991,0.0135705309985496,0.3
core_sarimax_frozen_s42,sarimax,frozen,selected,False,42,3,2025-01-27 01:00:00,2025-01-29 11:00:00,59,198.35,True,True,196.1719113913105,10.602979801956057,206.77489119326654,0.0,0.0074986489998991,0.0135705309985496,0.3
core_sarimax_frozen_s42,sarimax,frozen,selected,False,42,3,2025-01-27 01:00:00,2025-01-29 12:00:00,60,223.69,True,True,226.04671367307557,10.602979801956057,236.64969347503163,0.0,0.0074986489998991,0.0135705309985496,0.3
core_sarimax_frozen_s42,sarimax,frozen,selected,False,42,3,2025-01-27 01:00:00,2025-01-29 13:00:00,61,220.53,True,True,221.92255768840224,10.602979801956057,232.5255374903583,0.0,0.0074986489998991,0.0135705309985496,0.3
core_sarimax_frozen_s42,sarimax,frozen,selected,False,42,3,2025-01-27 01:00:00,2025-01-29 14:00:00,62,195.37,True,True,196.6958956751152,10.602979801956057,207.29887547707125,0.0,0.0074986489998991,0.0135705309985496,0.3
core_sarimax_frozen_s42,sarimax,frozen,selected,False,42,3,2025-01-27 01:00:00,2025-01-29 15:00:00,63,145.63,True,True,147.45646029475444,10.602979801956057,158.0594400967105,0.0,0.0074986489998991,0.0135705309985496,0.3
core_sarimax_frozen_s42,sarimax,frozen,selected,False,42,3,2025-01-27 01:00:00,2025-01-29 16:00:00,64,85.69,True,True,89.55092846113116,10.602979801956057,100.15390826308722,0.0,0.0074986489998991,0.0135705309985496,0.3
core_sarimax_frozen_s42,sarimax,frozen,selected,False,42,3,2025-01-27 01:00:00,2025-01-29 17:00:00,65,53.71,True,True,55.67242813591233,10.602979801956057,66.27540793786838,0.0,0.0074986489998991,0.0135705309985496,0.3
core_sarimax_frozen_s42,sarimax,frozen,selected,False,42,3,2025-01-27 01:00:00,2025-01-29 18:00:00,66,36.89,True,True,39.83372189934241,10.602979801956057,50.43670170129846,0.0,0.0074986489998991,0.0135705309985496,0.3
core_sarimax_frozen_s42,sarimax,frozen,selected,False,42,3,2025-01-27 01:00:00,2025-01-29 19:00:00,67,32.03,True,True,36.19882113223241,10.602979801956057,46.80180093418846,0.0,0.0074986489998991,0.0135705309985496,0.3
core_sarimax_frozen_s42,sarimax,frozen,selected,False,42,3,2025-01-27 01:00:00,2025-01-29 20:00:00,68,37.18,True,True,42.671837831090585,10.602979801956057,53.27481763304664,0.0,0.0074986489998991,0.0135705309985496,0.3
core_sarimax_frozen_s42,sarimax,frozen,selected,False,42,3,2025-01-27 01:00:00,2025-01-29 21:00:00,69,45.23,True,True,53.01555805233372,10.602979801956057,63.618537854289784,0.0,0.0074986489998991,0.0135705309985496,0.3
core_sarimax_frozen_s42,sarimax,frozen,selected,False,42,3,2025-01-27 01:00:00,2025-01-29 22:00:00,70,58.41,True,True,66.26073325973383,10.602979801956057,76.86371306168988,0.0,0.0074986489998991,0.0135705309985496,0.3
core_sarimax_frozen_s42,sarimax,frozen,selected,False,42,3,2025-01-27 01:00:00,2025-01-29 23:00:00,71,109.1,True,True,117.79474295205358,10.602979801956057,128.39772275400964,0.0,0.0074986489998991,0.0135705309985496,0.3
core_sarimax_frozen_s42,sarimax,frozen,selected,False,42,3,2025-01-27 01:00:00,2025-01-30 00:00:00,72,182.49,True,True,190.2900410515976,10.602979801956057,200.89302085355365,0.0,0.0074986489998991,0.0135705309985496,0.3
core_sarimax_frozen_s42,sarimax,frozen,selected,False,42,3,2025-01-27 01:00:00,2025-01-30 01:00:00,73,232.73,True,True,244.59768369312496,10.602979801956057,255.20066349508102,0.0,0.0074986489998991,0.0135705309985496,0.3
core_sarimax_frozen_s42,sarimax,frozen,selected,False,42,3,2025-01-27 01:00:00,2025-01-30 02:00:00,74,245.76,True,True,258.3194731133352,10.602979801956057,268.9224529152913,0.0,0.0074986489998991,0.0135705309985496,0.3
core_sarimax_frozen_s42,sarimax,frozen,selected,False,42,3,2025-01-27 01:00:00,2025-01-30 03:00:00,75,223.63,True,True,237.0629539221693,10.602979801956057,247.66593372412535,0.0,0.0074986489998991,0.0135705309985496,0.3
core_sarimax_frozen_s42,sarimax,frozen,selected,False,42,3,2025-01-27 01:00:00,2025-01-30 04:00:00,76,162.13,True,True,173.9692515104459,10.602979801956057,184.57223131240195,0.0,0.0074986489998991,0.0135705309985496,0.3
core_sarimax_frozen_s42,sarimax,frozen,selected,False,42,3,2025-01-27 01:00:00,2025-01-30 05:00:00,77,128.96,True,True,136.71660589301698,10.602979801956057,147.31958569497303,0.0,0.0074986489998991,0.0135705309985496,0.3
core_sarimax_frozen_s42,sarimax,frozen,selected,False,42,3,2025-01-27 01:00:00,2025-01-30 06:00:00,78,107.71,True,True,112.48287603897715,10.602979801956057,123.0858558409332,0.0,0.0074986489998991,0.0135705309985496,0.3
core_sarimax_frozen_s42,sarimax,frozen,selected,False,42,3,2025-01-27 01:00:00,2025-01-30 07:00:00,79,145.01,True,True,145.27843759558718,10.602979801956057,155.88141739754323,0.0,0.0074986489998991,0.0135705309985496,0.3
core_sarimax_frozen_s42,sarimax,frozen,selected,False,42,3,2025-01-27 01:00:00,2025-01-30 08:00:00,80,243.71,True,True,239.71774276056573,10.602979801956057,250.32072256252178,0.0,0.0074986489998991,0.0135705309985496,0.3
core_sarimax_frozen_s42,sarimax,frozen,selected,False,42,3,2025-01-27 01:00:00,2025-01-30 09:00:00,81,349.36,True,True,336.7491815795713,10.602979801956057,347.35216138152737,0.0,0.0074986489998991,0.0135705309985496,0.3
core_sarimax_frozen_s42,sarimax,frozen,selected,False,42,3,2025-01-27 01:00:00,2025-01-30 10:00:00,82,425.19,True,True,414.7057654790657,10.602979801956057,425.30874528102174,0.0,0.0074986489998991,0.0135705309985496,0.3
core_sarimax_frozen_s42,sarimax,frozen,selected,False,42,3,2025-01-27 01:00:00,2025-01-30 11:00:00,83,486.18,True,True,475.43104270605727,10.602979801956057,486.0340225080133,0.0,0.0074986489998991,0.0135705309985496,0.3
core_sarimax_frozen_s42,sarimax,frozen,selected,False,42,3,2025-01-27 01:00:00,2025-01-30 12:00:00,84,529.28,True,True,518.9135929521851,10.602979801956057,529.5165727541412,0.0,0.0074986489998991,0.0135705309985496,0.3
core_sarimax_frozen_s42,sarimax,frozen,selected,False,42,3,2025-01-27 01:00:00,2025-01-30 13:00:00,85,564.02,True,True,554.7046452524585,10.602979801956057,565.3076250544145,0.0,0.0074986489998991,0.0135705309985496,0.3
core_sarimax_frozen_s42,sarimax,frozen,selected,False,42,3,2025-01-27 01:00:00,2025-01-30 14:00:00,86,611.42,True,True,606.8496277754577,10.602979801956057,617.4526075774138,0.0,0.0074986489998991,0.0135705309985496,0.3
core_sarimax_frozen_s42,sarimax,frozen,selected,False,42,3,2025-01-27 01:00:00,2025-01-30 15:00:00,87,606.0,True,True,602.4660020787334,10.602979801956057,613.0689818806894,0.0,0.0074986489998991,0.0135705309985496,0.3
core_sarimax_frozen_s42,sarimax,frozen,selected,False,42,3,2025-01-27 01:00:00,2025-01-30 16:00:00,88,553.55,True,True,538.0468844985057,10.602979801956057,548.6498643004618,0.0,0.0074986489998991,0.0135705309985496,0.3
core_sarimax_frozen_s42,sarimax,frozen,selected,False,42,3,2025-01-27 01:00:00,2025-01-30 17:00:00,89,500.44,True,True,484.7997750765306,10.602979801956057,495.40275487848663,0.0,0.0074986489998991,0.0135705309985496,0.3
core_sarimax_frozen_s42,sarimax,frozen,selected,False,42,3,2025-01-27 01:00:00,2025-01-30 18:00:00,90,440.2,True,True,422.0114662202717,10.602979801956057,432.61444602222775,0.0,0.0074986489998991,0.0135705309985496,0.3
core_sarimax_frozen_s42,sarimax,frozen,selected,False,42,3,2025-01-27 01:00:00,2025-01-30 19:00:00,91,372.3,True,True,355.00845183145765,10.602979801956057,365.6114316334137,0.0,0.0074986489998991,0.0135705309985496,0.3
core_sarimax_frozen_s42,sarimax,frozen,selected,False,42,3,2025-01-27 01:00:00,2025-01-30 20:00:00,92,311.66,True,True,296.84351354814606,10.602979801956057,307.4464933501021,0.0,0.0074986489998991,0.0135705309985496,0.3
core_sarimax_frozen_s42,sarimax,frozen,selected,False,42,3,2025-01-27 01:00:00,2025-01-30 21:00:00,93,254.2,True,True,242.9588954743228,10.602979801956057,253.56187527627884,0.0,0.0074986489998991,0.0135705309985496,0.3
core_sarimax_frozen_s42,sarimax,frozen,selected,False,42,3,2025-01-27 01:00:00,2025-01-30 22:00:00,94,194.68,True,True,187.38787404566,10.602979801956057,197.99085384761605,0.0,0.0074986489998991,0.0135705309985496,0.3
core_sarimax_frozen_s42,sarimax,frozen,selected,False,42,3,2025-01-27 01:00:00,2025-01-30 23:00:00,95,219.17,True,True,215.23094581386863,10.602979801956057,225.83392561582468,0.0,0.0074986489998991,0.0135705309985496,0.3
core_sarimax_frozen_s42,sarimax,frozen,selected,False,42,3,2025-01-27 01:00:00,2025-01-31 00:00:00,96,293.59,True,True,290.86244744729794,10.602979801956057,301.465427249254,0.0,0.0074986489998991,0.0135705309985496,0.3
core_sarimax_frozen_s42,sarimax,frozen,selected,False,42,3,2025-01-27 01:00:00,2025-01-31 01:00:00,97,334.49,True,True,333.88442315070233,10.602979801956057,344.4874029526584,0.0,0.0074986489998991,0.0135705309985496,0.3
core_sarimax_frozen_s42,sarimax,frozen,selected,False,42,3,2025-01-27 01:00:00,2025-01-31 02:00:00,98,319.02,True,True,323.994085033696,10.602979801956057,334.5970648356521,0.0,0.0074986489998991,0.0135705309985496,0.3
core_sarimax_frozen_s42,sarimax,frozen,selected,False,42,3,2025-01-27 01:00:00,2025-01-31 03:00:00,99,255.7,True,True,260.88261125487054,10.602979801956057,271.4855910568266,0.0,0.0074986489998991,0.0135705309985496,0.3
core_sarimax_frozen_s42,sarimax,frozen,selected,False,42,3,2025-01-27 01:00:00,2025-01-31 04:00:00,100,128.37,True,True,125.57877514320523,10.602979801956057,136.1817549451613,0.0,0.0074986489998991,0.0135705309985496,0.3
core_sarimax_frozen_s42,sarimax,frozen,selected,False,42,3,2025-01-27 01:00:00,2025-01-31 05:00:00,101,106.68,True,True,102.6055043893729,10.602979801956057,113.20848419132895,0.0,0.0074986489998991,0.0135705309985496,0.3
core_sarimax_frozen_s42,sarimax,frozen,selected,False,42,3,2025-01-27 01:00:00,2025-01-31 06:00:00,102,106.87,True,True,100.13326931144026,10.602979801956057,110.73624911339631,0.0,0.0074986489998991,0.0135705309985496,0.3
core_sarimax_frozen_s42,sarimax,frozen,selected,False,42,3,2025-01-27 01:00:00,2025-01-31 07:00:00,103,121.78,True,True,111.38990066474054,10.602979801956057,121.99288046669659,0.0,0.0074986489998991,0.0135705309985496,0.3
core_sarimax_frozen_s42,sarimax,frozen,selected,False,42,3,2025-01-27 01:00:00,2025-01-31 08:00:00,104,148.93,True,True,134.8449491529845,10.602979801956057,145.44792895494055,0.0,0.0074986489998991,0.0135705309985496,0.3
core_sarimax_frozen_s42,sarimax,frozen,selected,False,42,3,2025-01-27 01:00:00,2025-01-31 09:00:00,105,164.32,True,True,147.26373446253652,10.602979801956057,157.86671426449257,0.0,0.0074986489998991,0.0135705309985496,0.3
core_sarimax_frozen_s42,sarimax,frozen,selected,False,42,3,2025-01-27 01:00:00,2025-01-31 10:00:00,106,176.47,True,True,157.17330385478255,10.602979801956057,167.7762836567386,0.0,0.0074986489998991,0.0135705309985496,0.3
core_sarimax_frozen_s42,sarimax,frozen,selected,False,42,3,2025-01-27 01:00:00,2025-01-31 11:00:00,107,204.74,True,True,189.44221387954315,10.602979801956057,200.0451936814992,0.0,0.0074986489998991,0.0135705309985496,0.3
core_sarimax_frozen_s42,sarimax,frozen,selected,False,42,3,2025-01-27 01:00:00,2025-01-31 12:00:00,108,237.05,True,True,229.2395625518736,10.602979801956057,239.84254235382966,0.0,0.0074986489998991,0.0135705309985496,0.3
core_sarimax_frozen_s42,sarimax,frozen,selected,False,42,3,2025-01-27 01:00:00,2025-01-31 13:00:00,109,259.57,True,True,258.8686281231237,10.602979801956057,269.47160792507975,0.0,0.0074986489998991,0.0135705309985496,0.3
core_sarimax_frozen_s42,sarimax,frozen,selected,False,42,3,2025-01-27 01:00:00,2025-01-31 14:00:00,110,296.35,True,True,298.179621323409,10.602979801956057,308.78260112536503,0.0,0.0074986489998991,0.0135705309985496,0.3
core_sarimax_frozen_s42,sarimax,frozen,selected,False,42,3,2025-01-27 01:00:00,2025-01-31 15:00:00,111,321.23,True,True,324.8740104055182,10.602979801956057,335.4769902074743,0.0,0.0074986489998991,0.0135705309985496,0.3
core_sarimax_frozen_s42,sarimax,frozen,selected,False,42,3,2025-01-27 01:00:00,2025-01-31 16:00:00,112,312.55,True,True,319.4154685487801,10.602979801956057,330.01844835073615,0.0,0.0074986489998991,0.0135705309985496,0.3
core_sarimax_frozen_s42,sarimax,frozen,selected,False,42,3,2025-01-27 01:00:00,2025-01-31 17:00:00,113,280.14,True,True,283.46288277604987,10.602979801956057,294.0658625780059,0.0,0.0074986489998991,0.0135705309985496,0.3
core_sarimax_frozen_s42,sarimax,frozen,selected,False,42,3,2025-01-27 01:00:00,2025-01-31 18:00:00,114,249.81,True,True,248.1188370895848,10.602979801956057,258.72181689154087,0.0,0.0074986489998991,0.0135705309985496,0.3
core_sarimax_frozen_s42,sarimax,frozen,selected,False,42,3,2025-01-27 01:00:00,2025-01-31 19:00:00,115,227.14,True,True,223.93598181283815,10.602979801956057,234.5389616147942,0.0,0.0074986489998991,0.0135705309985496,0.3
core_sarimax_frozen_s42,sarimax,frozen,selected,False,42,3,2025-01-27 01:00:00,2025-01-31 20:00:00,116,195.36,True,True,193.8237695309252,10.602979801956057,204.42674933288126,0.0,0.0074986489998991,0.0135705309985496,0.3
core_sarimax_frozen_s42,sarimax,frozen,selected,False,42,3,2025-01-27 01:00:00,2025-01-31 21:00:00,117,156.86,True,True,164.82543867231004,10.602979801956057,175.4284184742661,0.0,0.0074986489998991,0.0135705309985496,0.3
core_sarimax_frozen_s42,sarimax,frozen,selected,False,42,3,2025-01-27 01:00:00,2025-01-31 22:00:00,118,129.94,True,True,156.1025957189822,10.602979801956057,166.70557552093825,0.0,0.0074986489998991,0.0135705309985496,0.3
core_sarimax_frozen_s42,sarimax,frozen,selected,False,42,3,2025-01-27 01:00:00,2025-01-31 23:00:00,119,159.68,True,True,196.69631541066155,10.602979801956057,207.2992952126176,0.0,0.0074986489998991,0.0135705309985496,0.3
core_sarimax_frozen_s42,sarimax,frozen,selected,False,42,3,2025-01-27 01:00:00,2025-02-01 00:00:00,120,211.81,True,True,252.64858910085647,10.602979801956057,263.25156890281255,0.0,0.0074986489998991,0.0135705309985496,0.3
core_sarimax_frozen_s42,sarimax,frozen,selected,False,42,3,2025-01-27 01:00:00,2025-02-01 01:00:00,121,242.1,True,True,290.31435251436494,10.602979801956057,300.917332316321,0.0,0.0074986489998991,0.0135705309985496,0.3
core_sarimax_frozen_s42,sarimax,frozen,selected,False,42,3,2025-01-27 01:00:00,2025-02-01 02:00:00,122,240.34,True,True,288.5626489375013,10.602979801956057,299.16562873945736,0.0,0.0074986489998991,0.0135705309985496,0.3
core_sarimax_frozen_s42,sarimax,frozen,selected,False,42,3,2025-01-27 01:00:00,2025-02-01 03:00:00,123,220.96,True,True,266.752340083566,10.602979801956057,277.3553198855221,0.0,0.0074986489998991,0.0135705309985496,0.3
core_sarimax_frozen_s42,sarimax,frozen,selected,False,42,3,2025-01-27 01:00:00,2025-02-01 04:00:00,124,199.11,True,True,245.47101574889584,10.602979801956057,256.0739955508519,0.0,0.0074986489998991,0.0135705309985496,0.3
core_sarimax_frozen_s42,sarimax,frozen,selected,False,42,3,2025-01-27 01:00:00,2025-02-01 05:00:00,125,189.78,True,True,238.55833891962035,10.602979801956057,249.1613187215764,0.0,0.0074986489998991,0.0135705309985496,0.3
core_sarimax_frozen_s42,sarimax,frozen,selected,False,42,3,2025-01-27 01:00:00,2025-02-01 06:00:00,126,167.94,True,True,224.6838470611986,10.602979801956057,235.28682686315466,0.0,0.0074986489998991,0.0135705309985496,0.3
core_sarimax_frozen_s42,sarimax,frozen,selected,False,42,3,2025-01-27 01:00:00,2025-02-01 07:00:00,127,146.11,True,True,207.05898900358352,10.602979801956057,217.66196880553957,0.0,0.0074986489998991,0.0135705309985496,0.3
core_sarimax_frozen_s42,sarimax,frozen,selected,False,42,3,2025-01-27 01:00:00,2025-02-01 08:00:00,128,137.39,True,True,183.046796078088,10.602979801956057,193.64977588004405,0.0,0.0074986489998991,0.0135705309985496,0.3
core_sarimax_frozen_s42,sarimax,frozen,selected,False,42,3,2025-01-27 01:00:00,2025-02-01 09:00:00,129,138.12,True,True,160.30919701542808,10.602979801956057,170.91217681738414,0.0,0.0074986489998991,0.0135705309985496,0.3
core_sarimax_frozen_s42,sarimax,frozen,selected,False,42,3,2025-01-27 01:00:00,2025-02-01 10:00:00,130,157.66,True,True,167.16520483695737,10.602979801956057,177.76818463891343,0.0,0.0074986489998991,0.0135705309985496,0.3
core_sarimax_frozen_s42,sarimax,frozen,selected,False,42,3,2025-01-27 01:00:00,2025-02-01 11:00:00,131,200.63,True,True,211.45422305621105,10.602979801956057,222.0572028581671,0.0,0.0074986489998991,0.0135705309985496,0.3
core_sarimax_frozen_s42,sarimax,frozen,selected,False,42,3,2025-01-27 01:00:00,2025-02-01 12:00:00,132,247.86,True,True,271.24827539710856,10.602979801956057,281.8512551990646,0.0,0.0074986489998991,0.0135705309985496,0.3
core_sarimax_frozen_s42,sarimax,frozen,selected,False,42,3,2025-01-27 01:00:00,2025-02-01 13:00:00,133,320.37,True,True,358.632954161076,10.602979801956057,369.23593396303204,0.0,0.0074986489998991,0.0135705309985496,0.3
core_sarimax_frozen_s42,sarimax,frozen,selected,False,42,3,2025-01-27 01:00:00,2025-02-01 14:00:00,134,426.87,True,True,466.15780746277466,10.602979801956057,476.7607872647307,0.0,0.0074986489998991,0.0135705309985496,0.3
core_sarimax_frozen_s42,sarimax,frozen,selected,False,42,3,2025-01-27 01:00:00,2025-02-01 15:00:00,135,502.45,True,True,543.4538924754737,10.602979801956057,554.0568722774298,0.0,0.0074986489998991,0.0135705309985496,0.3
core_sarimax_frozen_s42,sarimax,frozen,selected,False,42,3,2025-01-27 01:00:00,2025-02-01 16:00:00,136,521.88,True,True,560.0810029049627,10.602979801956057,570.6839827069188,0.0,0.0074986489998991,0.0135705309985496,0.3
core_sarimax_frozen_s42,sarimax,frozen,selected,False,42,3,2025-01-27 01:00:00,2025-02-01 17:00:00,137,526.15,True,True,555.1247367622002,10.602979801956057,565.7277165641563,0.0,0.0074986489998991,0.0135705309985496,0.3
core_sarimax_frozen_s42,sarimax,frozen,selected,False,42,3,2025-01-27 01:00:00,2025-02-01 18:00:00,138,526.82,True,True,547.9935995684566,10.602979801956057,558.5965793704127,0.0,0.0074986489998991,0.0135705309985496,0.3
core_sarimax_frozen_s42,sarimax,frozen,selected,False,42,3,2025-01-27 01:00:00,2025-02-01 19:00:00,139,506.91,True,True,511.5839348020543,10.602979801956057,522.1869146040103,0.0,0.0074986489998991,0.0135705309985496,0.3
core_sarimax_frozen_s42,sarimax,frozen,selected,False,42,3,2025-01-27 01:00:00,2025-02-01 20:00:00,140,467.43,True,True,467.9342117433138,10.602979801956057,478.5371915452699,0.0,0.0074986489998991,0.0135705309985496,0.3
core_sarimax_frozen_s42,sarimax,frozen,selected,False,42,3,2025-01-27 01:00:00,2025-02-01 21:00:00,141,422.28,True,True,421.2478476034354,10.602979801956057,431.85082740539144,0.0,0.0074986489998991,0.0135705309985496,0.3
core_sarimax_frozen_s42,sarimax,frozen,selected,False,42,3,2025-01-27 01:00:00,2025-02-01 22:00:00,142,372.48,True,True,374.1941349451504,10.602979801956057,384.79711474710643,0.0,0.0074986489998991,0.0135705309985496,0.3
core_sarimax_frozen_s42,sarimax,frozen,selected,False,42,3,2025-01-27 01:00:00,2025-02-01 23:00:00,143,364.71,True,True,375.2449774915807,10.602979801956057,385.84795729353675,0.0,0.0074986489998991,0.0135705309985496,0.3
core_sarimax_frozen_s42,sarimax,frozen,selected,False,42,3,2025-01-27 01:00:00,2025-02-02 00:00:00,144,381.4,True,True,392.293757913886,10.602979801956057,402.89673771584205,0.0,0.0074986489998991,0.0135705309985496,0.3
core_sarimax_frozen_s42,sarimax,frozen,selected,False,42,3,2025-01-27 01:00:00,2025-02-02 01:00:00,145,343.87,True,True,358.1337617482234,10.602979801956057,368.73674155017943,0.0,0.0074986489998991,0.0135705309985496,0.3
core_sarimax_frozen_s42,sarimax,frozen,selected,False,42,3,2025-01-27 01:00:00,2025-02-02 02:00:00,146,222.08,True,True,243.07475400938603,10.602979801956057,253.67773381134208,0.0,0.0074986489998991,0.0135705309985496,0.3
core_sarimax_frozen_s42,sarimax,frozen,selected,False,42,3,2025-01-27 01:00:00,2025-02-02 03:00:00,147,95.01,True,True,105.3388975955408,10.602979801956057,115.94187739749685,0.0,0.0074986489998991,0.0135705309985496,0.3
core_sarimax_frozen_s42,sarimax,frozen,selected,False,42,3,2025-01-27 01:00:00,2025-02-02 04:00:00,148,18.71,True,True,25.034922619241115,10.602979801956057,35.63790242119717,0.0,0.0074986489998991,0.0135705309985496,0.3
core_sarimax_frozen_s42,sarimax,frozen,selected,False,42,3,2025-01-27 01:00:00,2025-02-02 05:00:00,149,10.31,True,True,14.04539996539964,10.602979801956057,24.6483797673557,0.0,0.0074986489998991,0.0135705309985496,0.3
core_sarimax_frozen_s42,sarimax,frozen,selected,False,42,3,2025-01-27 01:00:00,2025-02-02 06:00:00,150,9.09,True,True,8.28820858911402,10.602979801956057,18.891188391070077,0.0,0.0074986489998991,0.0135705309985496,0.3
core_sarimax_frozen_s42,sarimax,frozen,selected,False,42,3,2025-01-27 01:00:00,2025-02-02 07:00:00,151,9.79,True,True,4.154719966620121,10.602979801956057,14.757699768576177,0.0,0.0074986489998991,0.0135705309985496,0.3
core_sarimax_frozen_s42,sarimax,frozen,selected,False,42,3,2025-01-27 01:00:00,2025-02-02 08:00:00,152,12.6,True,True,4.966260385541574,10.602979801956057,15.56924018749763,0.0,0.0074986489998991,0.0135705309985496,0.3
core_sarimax_frozen_s42,sarimax,frozen,selected,False,42,3,2025-01-27 01:00:00,2025-02-02 09:00:00,153,15.33,True,True,4.341213624305595,10.602979801956057,14.944193426261652,0.0,0.0074986489998991,0.0135705309985496,0.3
core_sarimax_frozen_s42,sarimax,frozen,selected,False,42,3,2025-01-27 01:00:00,2025-02-02 10:00:00,154,18.29,True,True,5.823775108160589,10.602979801956057,16.426754910116646,0.0,0.0074986489998991,0.0135705309985496,0.3
core_sarimax_frozen_s42,sarimax,frozen,selected,False,42,3,2025-01-27 01:00:00,2025-02-02 11:00:00,155,23.83,True,True,11.4770625518926,10.602979801956057,22.080042353848654,0.0,0.0074986489998991,0.0135705309985496,0.3
core_sarimax_frozen_s42,sarimax,frozen,selected,False,42,3,2025-01-27 01:00:00,2025-02-02 12:00:00,156,29.43,True,True,21.62560764351977,10.602979801956057,32.228587445475824,0.0,0.0074986489998991,0.0135705309985496,0.3
core_sarimax_frozen_s42,sarimax,frozen,selected,False,42,3,2025-01-27 01:00:00,2025-02-02 13:00:00,157,31.91,True,True,25.605190931595445,10.602979801956057,36.2081707335515,0.0,0.0074986489998991,0.0135705309985496,0.3
core_sarimax_frozen_s42,sarimax,frozen,selected,False,42,3,2025-01-27 01:00:00,2025-02-02 14:00:00,158,33.06,True,True,27.91070572067068,10.602979801956057,38.51368552262674,0.0,0.0074986489998991,0.0135705309985496,0.3
core_sarimax_frozen_s42,sarimax,frozen,selected,False,42,3,2025-01-27 01:00:00,2025-02-02 15:00:00,159,29.21,True,True,25.25171008865223,10.602979801956057,35.854689890608284,0.0,0.0074986489998991,0.0135705309985496,0.3
core_sarimax_frozen_s42,sarimax,frozen,selected,False,42,3,2025-01-27 01:00:00,2025-02-02 16:00:00,160,19.38,True,True,13.956091613326777,10.602979801956057,24.559071415282833,0.0,0.0074986489998991,0.0135705309985496,0.3
core_sarimax_frozen_s42,sarimax,frozen,selected,False,42,3,2025-01-27 01:00:00,2025-02-02 17:00:00,161,15.9,True,True,9.89230499087887,10.602979801956057,20.495284792834926,0.0,0.0074986489998991,0.0135705309985496,0.3
core_sarimax_frozen_s42,sarimax,frozen,selected,False,42,3,2025-01-27 01:00:00,2025-02-02 18:00:00,162,14.32,True,True,10.021265889781006,10.602979801956057,20.624245691737062,0.0,0.0074986489998991,0.0135705309985496,0.3
core_sarimax_frozen_s42,sarimax,frozen,selected,False,42,3,2025-01-27 01:00:00,2025-02-02 19:00:00,163,13.38,True,True,11.338112344320024,10.602979801956057,21.94109214627608,0.0,0.0074986489998991,0.0135705309985496,0.3
core_sarimax_frozen_s42,sarimax,frozen,selected,False,42,3,2025-01-27 01:00:00,2025-02-02 20:00:00,164,15.11,True,True,15.39556757308435,10.602979801956057,25.998547375040406,0.0,0.0074986489998991,0.0135705309985496,0.3
core_sarimax_frozen_s42,sarimax,frozen,selected,False,42,3,2025-01-27 01:00:00,2025-02-02 21:00:00,165,17.57,True,True,20.06977286789373,10.602979801956057,30.672752669849785,0.0,0.0074986489998991,0.0135705309985496,0.3
core_sarimax_frozen_s42,sarimax,frozen,selected,False,42,3,2025-01-27 01:00:00,2025-02-02 22:00:00,166,21.83,True,True,25.85543847152977,10.602979801956057,36.458418273485826,0.0,0.0074986489998991,0.0135705309985496,0.3
core_sarimax_frozen_s42,sarimax,frozen,selected,False,42,3,2025-01-27 01:00:00,2025-02-02 23:00:00,167,36.86,True,True,42.93659755117813,10.602979801956057,53.53957735313419,0.0,0.0074986489998991,0.0135705309985496,0.3
core_sarimax_frozen_s42,sarimax,frozen,selected,False,42,3,2025-01-27 01:00:00,2025-02-03 00:00:00,168,51.7,True,True,59.88994067548346,10.602979801956057,70.49292047743951,0.0,0.0074986489998991,0.0135705309985496,0.3
core_sarimax_frozen_s42,sarimax,frozen,selected,False,42,4,2025-02-03 01:00:00,2025-02-03 01:00:00,1,55.42,True,True,53.79936071503954,6.3048249299185715,60.104185644958115,0.0,0.0073759460028668,0.015882938998402,0.3
core_sarimax_frozen_s42,sarimax,frozen,selected,False,42,4,2025-02-03 01:00:00,2025-02-03 02:00:00,2,43.6,True,True,37.75079503802135,6.3048249299185715,44.055619967939926,0.0,0.0073759460028668,0.015882938998402,0.3
core_sarimax_frozen_s42,sarimax,frozen,selected,False,42,4,2025-02-03 01:00:00,2025-02-03 03:00:00,3,28.53,True,True,20.17486095582132,6.3048249299185715,26.47968588573989,0.0,0.0073759460028668,0.015882938998402,0.3
core_sarimax_frozen_s42,sarimax,frozen,selected,False,42,4,2025-02-03 01:00:00,2025-02-03 04:00:00,4,17.01,True,True,8.050512347086766,6.3048249299185715,14.355337277005336,0.0,0.0073759460028668,0.015882938998402,0.3
core_sarimax_frozen_s42,sarimax,frozen,selected,False,42,4,2025-02-03 01:00:00,2025-02-03 05:00:00,5,14.43,True,True,4.401722377429223,6.3048249299185715,10.706547307347794,0.0,0.0073759460028668,0.015882938998402,0.3
core_sarimax_frozen_s42,sarimax,frozen,selected,False,42,4,2025-02-03 01:00:00,2025-02-03 06:00:00,6,12.54,True,True,-0.5071271402012485,6.3048249299185715,5.797697789717323,0.0,0.0073759460028668,0.015882938998402,0.3
core_sarimax_frozen_s42,sarimax,frozen,selected,False,42,4,2025-02-03 01:00:00,2025-02-03 07:00:00,7,12.41,True,True,-2.978628984531298,6.3048249299185715,3.3261959453872736,0.0,0.0073759460028668,0.015882938998402,0.3
core_sarimax_frozen_s42,sarimax,frozen,selected,False,42,4,2025-02-03 01:00:00,2025-02-03 08:00:00,8,14.61,True,True,-0.4077206383159648,6.3048249299185715,5.897104291602607,0.0,0.0073759460028668,0.015882938998402,0.3
core_sarimax_frozen_s42,sarimax,frozen,selected,False,42,4,2025-02-03 01:00:00,2025-02-03 09:00:00,9,17.2,True,True,2.038393265504965,6.3048249299185715,8.343218195423535,0.0,0.0073759460028668,0.015882938998402,0.3
core_sarimax_frozen_s42,sarimax,frozen,selected,False,42,4,2025-02-03 01:00:00,2025-02-03 10:00:00,10,19.84,True,True,5.060369535211294,6.3048249299185715,11.365194465129864,0.0,0.0073759460028668,0.015882938998402,0.3
core_sarimax_frozen_s42,sarimax,frozen,selected,False,42,4,2025-02-03 01:00:00,2025-02-03 11:00:00,11,24.81,True,True,9.894606237233631,6.3048249299185715,16.199431167152202,0.0,0.0073759460028668,0.015882938998402,0.3
core_sarimax_frozen_s42,sarimax,frozen,selected,False,42,4,2025-02-03 01:00:00,2025-02-03 12:00:00,12,29.45,True,True,18.18330171794156,6.3048249299185715,24.48812664786013,0.0,0.0073759460028668,0.015882938998402,0.3
core_sarimax_frozen_s42,sarimax,frozen,selected,False,42,4,2025-02-03 01:00:00,2025-02-03 13:00:00,13,32.74,True,True,22.697603657721032,6.3048249299185715,29.002428587639603,0.0,0.0073759460028668,0.015882938998402,0.3
core_sarimax_frozen_s42,sarimax,frozen,selected,False,42,4,2025-02-03 01:00:00,2025-02-03 14:00:00,14,38.83,True,True,31.02002854901221,6.3048249299185715,37.324853478930784,0.0,0.0073759460028668,0.015882938998402,0.3
core_sarimax_frozen_s42,sarimax,frozen,selected,False,42,4,2025-02-03 01:00:00,2025-02-03 15:00:00,15,38.19,True,True,32.305947999820546,6.3048249299185715,38.61077292973912,0.0,0.0073759460028668,0.015882938998402,0.3
core_sarimax_frozen_s42,sarimax,frozen,selected,False,42,4,2025-02-03 01:00:00,2025-02-03 16:00:00,16,28.18,True,True,22.765586663542933,6.3048249299185715,29.070411593461504,0.0,0.0073759460028668,0.015882938998402,0.3
core_sarimax_frozen_s42,sarimax,frozen,selected,False,42,4,2025-02-03 01:00:00,2025-02-03 17:00:00,17,22.91,True,True,17.227601168004895,6.3048249299185715,23.532426097923466,0.0,0.0073759460028668,0.015882938998402,0.3
core_sarimax_frozen_s42,sarimax,frozen,selected,False,42,4,2025-02-03 01:00:00,2025-02-03 18:00:00,18,21.8,True,True,17.57888294559129,6.3048249299185715,23.88370787550986,0.0,0.0073759460028668,0.015882938998402,0.3
core_sarimax_frozen_s42,sarimax,frozen,selected,False,42,4,2025-02-03 01:00:00,2025-02-03 19:00:00,19,22.49,True,True,20.262622056919724,6.3048249299185715,26.567446986838295,0.0,0.0073759460028668,0.015882938998402,0.3
core_sarimax_frozen_s42,sarimax,frozen,selected,False,42,4,2025-02-03 01:00:00,2025-02-03 20:00:00,20,24.92,True,True,23.214053277775434,6.3048249299185715,29.518878207694005,0.0,0.0073759460028668,0.015882938998402,0.3
core_sarimax_frozen_s42,sarimax,frozen,selected,False,42,4,2025-02-03 01:00:00,2025-02-03 21:00:00,21,28.28,True,True,25.35195067907432,6.3048249299185715,31.65677560899289,0.0,0.0073759460028668,0.015882938998402,0.3
core_sarimax_frozen_s42,sarimax,frozen,selected,False,42,4,2025-02-03 01:00:00,2025-02-03 22:00:00,22,34.36,True,True,30.20292133513894,6.3048249299185715,36.50774626505751,0.0,0.0073759460028668,0.015882938998402,0.3
core_sarimax_frozen_s42,sarimax,frozen,selected,False,42,4,2025-02-03 01:00:00,2025-02-03 23:00:00,23,60.44,True,True,55.82669165262784,6.3048249299185715,62.13151658254641,0.0,0.0073759460028668,0.015882938998402,0.3
core_sarimax_frozen_s42,sarimax,frozen,selected,False,42,4,2025-02-03 01:00:00,2025-02-04 00:00:00,24,93.43,True,True,87.47663479441904,6.3048249299185715,93.78145972433761,0.0,0.0073759460028668,0.015882938998402,0.3
core_sarimax_frozen_s42,sarimax,frozen,selected,False,42,4,2025-02-03 01:00:00,2025-02-04 01:00:00,25,123.06,True,True,114.55737699190712,6.3048249299185715,120.86220192182569,0.0,0.0073759460028668,0.015882938998402,0.3
core_sarimax_frozen_s42,sarimax,frozen,selected,False,42,4,2025-02-03 01:00:00,2025-02-04 02:00:00,26,162.76,True,True,152.1485946105412,6.3048249299185715,158.45341954045978,0.0,0.0073759460028668,0.015882938998402,0.3
core_sarimax_frozen_s42,sarimax,frozen,selected,False,42,4,2025-02-03 01:00:00,2025-02-04 03:00:00,27,212.93,True,True,202.52062237590164,6.3048249299185715,208.8254473058202,0.0,0.0073759460028668,0.015882938998402,0.3
core_sarimax_frozen_s42,sarimax,frozen,selected,False,42,4,2025-02-03 01:00:00,2025-02-04 04:00:00,28,208.66,True,True,197.43132609242,6.3048249299185715,203.73615102233856,0.0,0.0073759460028668,0.015882938998402,0.3
core_sarimax_frozen_s42,sarimax,frozen,selected,False,42,4,2025-02-03 01:00:00,2025-02-04 05:00:00,29,113.94,True,True,107.69614756694136,6.3048249299185715,114.00097249685993,0.0,0.0073759460028668,0.015882938998402,0.3
core_sarimax_frozen_s42,sarimax,frozen,selected,False,42,4,2025-02-03 01:00:00,2025-02-04 06:00:00,30,40.29,True,True,34.07485481385146,6.3048249299185715,40.37967974377003,0.0,0.0073759460028668,0.015882938998402,0.3
core_sarimax_frozen_s42,sarimax,frozen,selected,False,42,4,2025-02-03 01:00:00,2025-02-04 07:00:00,31,16.86,True,True,4.061568787174963,6.3048249299185715,10.366393717093533,0.0,0.0073759460028668,0.015882938998402,0.3
core_sarimax_frozen_s42,sarimax,frozen,selected,False,42,4,2025-02-03 01:00:00,2025-02-04 08:00:00,32,15.84,True,True,4.332618499197224,6.3048249299185715,10.637443429115795,0.0,0.0073759460028668,0.015882938998402,0.3
core_sarimax_frozen_s42,sarimax,frozen,selected,False,42,4,2025-02-03 01:00:00,2025-02-04 09:00:00,33,15.42,True,True,4.27779164451627,6.3048249299185715,10.58261657443484,0.0,0.0073759460028668,0.015882938998402,0.3
core_sarimax_frozen_s42,sarimax,frozen,selected,False,42,4,2025-02-03 01:00:00,2025-02-04 10:00:00,34,16.0,True,True,3.3555116452409948,6.3048249299185715,9.660336575159565,0.0,0.0073759460028668,0.015882938998402,0.3
core_sarimax_frozen_s42,sarimax,frozen,selected,False,42,4,2025-02-03 01:00:00,2025-02-04 11:00:00,35,17.62,True,True,3.232059539499261,6.3048249299185715,9.536884469417831,0.0,0.0073759460028668,0.015882938998402,0.3
core_sarimax_frozen_s42,sarimax,frozen,selected,False,42,4,2025-02-03 01:00:00,2025-02-04 12:00:00,36,18.73,True,True,5.260396700906,6.3048249299185715,11.56522163082457,0.0,0.0073759460028668,0.015882938998402,0.3
core_sarimax_frozen_s42,sarimax,frozen,selected,False,42,4,2025-02-03 01:00:00,2025-02-04 13:00:00,37,18.81,True,True,5.558798792609451,6.3048249299185715,11.863623722528022,0.0,0.0073759460028668,0.015882938998402,0.3
core_sarimax_frozen_s42,sarimax,frozen,selected,False,42,4,2025-02-03 01:00:00,2025-02-04 14:00:00,38,21.06,True,True,9.751178016320353,6.3048249299185715,16.056002946238923,0.0,0.0073759460028668,0.015882938998402,0.3
core_sarimax_frozen_s42,sarimax,frozen,selected,False,42,4,2025-02-03 01:00:00,2025-02-04 15:00:00,39,19.95,True,True,10.953079997440057,6.3048249299185715,17.257904927358627,0.0,0.0073759460028668,0.015882938998402,0.3
core_sarimax_frozen_s42,sarimax,frozen,selected,False,42,4,2025-02-03 01:00:00,2025-02-04 16:00:00,40,15.03,True,True,7.951164200510703,6.3048249299185715,14.255989130429274,0.0,0.0073759460028668,0.015882938998402,0.3
core_sarimax_frozen_s42,sarimax,frozen,selected,False,42,4,2025-02-03 01:00:00,2025-02-04 17:00:00,41,15.73,True,True,10.452545038081697,6.3048249299185715,16.75736996800027,0.0,0.0073759460028668,0.015882938998402,0.3
core_sarimax_frozen_s42,sarimax,frozen,selected,False,42,4,2025-02-03 01:00:00,2025-02-04 18:00:00,42,18.61,True,True,16.929940559283153,6.3048249299185715,23.234765489201724,0.0,0.0073759460028668,0.015882938998402,0.3
core_sarimax_frozen_s42,sarimax,frozen,selected,False,42,4,2025-02-03 01:00:00,2025-02-04 19:00:00,43,30.82,True,True,34.237982447382706,6.3048249299185715,40.54280737730128,0.0,0.0073759460028668,0.015882938998402,0.3
core_sarimax_frozen_s42,sarimax,frozen,selected,False,42,4,2025-02-03 01:00:00,2025-02-04 20:00:00,44,54.86,True,True,60.69443796102388,6.3048249299185715,66.99926289094245,0.0,0.0073759460028668,0.015882938998402,0.3
core_sarimax_frozen_s42,sarimax,frozen,selected,False,42,4,2025-02-03 01:00:00,2025-02-04 21:00:00,45,80.88,True,True,86.62493114844682,6.3048249299185715,92.92975607836539,0.0,0.0073759460028668,0.015882938998402,0.3
core_sarimax_frozen_s42,sarimax,frozen,selected,False,42,4,2025-02-03 01:00:00,2025-02-04 22:00:00,46,112.64,True,True,115.69080265872672,6.3048249299185715,121.99562758864529,0.0,0.0073759460028668,0.015882938998402,0.3
core_sarimax_frozen_s42,sarimax,frozen,selected,False,42,4,2025-02-03 01:00:00,2025-02-04 23:00:00,47,169.75,True,True,172.60527312824945,6.3048249299185715,178.91009805816802,0.0,0.0073759460028668,0.015882938998402,0.3
core_sarimax_frozen_s42,sarimax,frozen,selected,False,42,4,2025-02-03 01:00:00,2025-02-05 00:00:00,48,167.55,True,True,170.91327652120725,6.3048249299185715,177.21810145112582,0.0,0.0073759460028668,0.015882938998402,0.3
core_sarimax_frozen_s42,sarimax,frozen,selected,False,42,4,2025-02-03 01:00:00,2025-02-05 01:00:00,49,117.83,True,True,114.7376274818218,6.3048249299185715,121.04245241174037,0.0,0.0073759460028668,0.015882938998402,0.3
core_sarimax_frozen_s42,sarimax,frozen,selected,False,42,4,2025-02-03 01:00:00,2025-02-05 02:00:00,50,99.61,True,True,81.60404578018395,6.3048249299185715,87.90887071010252,0.0,0.0073759460028668,0.015882938998402,0.3
core_sarimax_frozen_s42,sarimax,frozen,selected,False,42,4,2025-02-03 01:00:00,2025-02-05 03:00:00,51,68.83,True,True,43.69288457060753,6.3048249299185715,49.997709500526106,0.0,0.0073759460028668,0.015882938998402,0.3
core_sarimax_frozen_s42,sarimax,frozen,selected,False,42,4,2025-02-03 01:00:00,2025-02-05 04:00:00,52,33.97,True,True,15.977855464378337,6.3048249299185715,22.282680394296907,0.0,0.0073759460028668,0.015882938998402,0.3
core_sarimax_frozen_s42,sarimax,frozen,selected,False,42,4,2025-02-03 01:00:00,2025-02-05 05:00:00,53,24.15,True,True,11.51166015078988,6.3048249299185715,17.81648508070845,0.0,0.0073759460028668,0.015882938998402,0.3
core_sarimax_frozen_s42,sarimax,frozen,selected,False,42,4,2025-02-03 01:00:00,2025-02-05 06:00:00,54,20.67,True,True,7.761018643809507,6.3048249299185715,14.065843573728078,0.0,0.0073759460028668,0.015882938998402,0.3
core_sarimax_frozen_s42,sarimax,frozen,selected,False,42,4,2025-02-03 01:00:00,2025-02-05 07:00:00,55,26.18,True,True,13.03642629039618,6.3048249299185715,19.341251220314753,0.0,0.0073759460028668,0.015882938998402,0.3
core_sarimax_frozen_s42,sarimax,frozen,selected,False,42,4,2025-02-03 01:00:00,2025-02-05 08:00:00,56,46.05,True,True,35.84242718845255,6.3048249299185715,42.14725211837112,0.0,0.0073759460028668,0.015882938998402,0.3
core_sarimax_frozen_s42,sarimax,frozen,selected,False,42,4,2025-02-03 01:00:00,2025-02-05 09:00:00,57,69.12,True,True,59.57160799662232,6.3048249299185715,65.87643292654089,0.0,0.0073759460028668,0.015882938998402,0.3
core_sarimax_frozen_s42,sarimax,frozen,selected,False,42,4,2025-02-03 01:00:00,2025-02-05 10:00:00,58,96.72,True,True,87.77271620033925,6.3048249299185715,94.07754113025781,0.0,0.0073759460028668,0.015882938998402,0.3
core_sarimax_frozen_s42,sarimax,frozen,selected,False,42,4,2025-02-03 01:00:00,2025-02-05 11:00:00,59,132.75,True,True,129.15758501787136,6.3048249299185715,135.46240994778992,0.0,0.0073759460028668,0.015882938998402,0.3
core_sarimax_frozen_s42,sarimax,frozen,selected,False,42,4,2025-02-03 01:00:00,2025-02-05 12:00:00,60,159.49,True,True,166.80142481851706,6.3048249299185715,173.10624974843563,0.0,0.0073759460028668,0.015882938998402,0.3
core_sarimax_frozen_s42,sarimax,frozen,selected,False,42,4,2025-02-03 01:00:00,2025-02-05 13:00:00,61,209.95,True,True,220.56181306775795,6.3048249299185715,226.86663799767652,0.0,0.0073759460028668,0.015882938998402,0.3
core_sarimax_frozen_s42,sarimax,frozen,selected,False,42,4,2025-02-03 01:00:00,2025-02-05 14:00:00,62,299.41,True,True,302.1025313305628,6.3048249299185715,308.4073562604814,0.0,0.0073759460028668,0.015882938998402,0.3
core_sarimax_frozen_s42,sarimax,frozen,selected,False,42,4,2025-02-03 01:00:00,2025-02-05 15:00:00,63,349.95,True,True,346.1656303177806,6.3048249299185715,352.4704552476992,0.0,0.0073759460028668,0.015882938998402,0.3
core_sarimax_frozen_s42,sarimax,frozen,selected,False,42,4,2025-02-03 01:00:00,2025-02-05 16:00:00,64,339.88,True,True,335.9125711875208,6.3048249299185715,342.2173961174394,0.0,0.0073759460028668,0.015882938998402,0.3
core_sarimax_frozen_s42,sarimax,frozen,selected,False,42,4,2025-02-03 01:00:00,2025-02-05 17:00:00,65,325.53,True,True,320.2476444591127,6.3048249299185715,326.5524693890313,0.0,0.0073759460028668,0.015882938998402,0.3
core_sarimax_frozen_s42,sarimax,frozen,selected,False,42,4,2025-02-03 01:00:00,2025-02-05 18:00:00,66,321.12,True,True,313.5161708833825,6.3048249299185715,319.82099581330107,0.0,0.0073759460028668,0.015882938998402,0.3
core_sarimax_frozen_s42,sarimax,frozen,selected,False,42,4,2025-02-03 01:00:00,2025-02-05 19:00:00,67,310.07,True,True,308.3031286415669,6.3048249299185715,314.6079535714855,0.0,0.0073759460028668,0.015882938998402,0.3
core_sarimax_frozen_s42,sarimax,frozen,selected,False,42,4,2025-02-03 01:00:00,2025-02-05 20:00:00,68,279.94,True,True,277.69220017773125,6.3048249299185715,283.99702510764985,0.0,0.0073759460028668,0.015882938998402,0.3
core_sarimax_frozen_s42,sarimax,frozen,selected,False,42,4,2025-02-03 01:00:00,2025-02-05 21:00:00,69,232.13,True,True,231.48700046931503,6.3048249299185715,237.7918253992336,0.0,0.0073759460028668,0.015882938998402,0.3
core_sarimax_frozen_s42,sarimax,frozen,selected,False,42,4,2025-02-03 01:00:00,2025-02-05 22:00:00,70,164.48,True,True,167.06331353043146,6.3048249299185715,173.36813846035002,0.0,0.0073759460028668,0.015882938998402,0.3
core_sarimax_frozen_s42,sarimax,frozen,selected,False,42,4,2025-02-03 01:00:00,2025-02-05 23:00:00,71,145.31,True,True,148.1478813181455,6.3048249299185715,154.45270624806406,0.0,0.0073759460028668,0.015882938998402,0.3
core_sarimax_frozen_s42,sarimax,frozen,selected,False,42,4,2025-02-03 01:00:00,2025-02-06 00:00:00,72,124.31,True,True,133.9508853567583,6.3048249299185715,140.25571028667687,0.0,0.0073759460028668,0.015882938998402,0.3
core_sarimax_frozen_s42,sarimax,frozen,selected,False,42,4,2025-02-03 01:00:00,2025-02-06 01:00:00,73,64.01,True,True,72.2135825330427,6.3048249299185715,78.51840746296126,0.0,0.0073759460028668,0.015882938998402,0.3
core_sarimax_frozen_s42,sarimax,frozen,selected,False,42,4,2025-02-03 01:00:00,2025-02-06 02:00:00,74,51.25,True,True,55.52874397431573,6.3048249299185715,61.833568904234305,0.0,0.0073759460028668,0.015882938998402,0.3
core_sarimax_frozen_s42,sarimax,frozen,selected,False,42,4,2025-02-03 01:00:00,2025-02-06 03:00:00,75,42.05,True,True,43.4609801537741,6.3048249299185715,49.765805083692676,0.0,0.0073759460028668,0.015882938998402,0.3
core_sarimax_frozen_s42,sarimax,frozen,selected,False,42,4,2025-02-03 01:00:00,2025-02-06 04:00:00,76,28.94,True,True,30.409574442788653,6.3048249299185715,36.71439937270723,0.0,0.0073759460028668,0.015882938998402,0.3
core_sarimax_frozen_s42,sarimax,frozen,selected,False,42,4,2025-02-03 01:00:00,2025-02-06 05:00:00,77,17.66,True,True,18.23136028143287,6.3048249299185715,24.53618521135144,0.0,0.0073759460028668,0.015882938998402,0.3
core_sarimax_frozen_s42,sarimax,frozen,selected,False,42,4,2025-02-03 01:00:00,2025-02-06 06:00:00,78,11.63,True,True,8.415012981517748,6.3048249299185715,14.719837911436318,0.0,0.0073759460028668,0.015882938998402,0.3
core_sarimax_frozen_s42,sarimax,frozen,selected,False,42,4,2025-02-03 01:00:00,2025-02-06 07:00:00,79,8.2,True,True,-0.0058087698813835,6.3048249299185715,6.299016160037188,0.0,0.0073759460028668,0.015882938998402,0.3
core_sarimax_frozen_s42,sarimax,frozen,selected,False,42,4,2025-02-03 01:00:00,2025-02-06 08:00:00,80,7.68,True,True,-3.027544543439774,6.3048249299185715,3.2772803864787976,0.0,0.0073759460028668,0.015882938998402,0.3
core_sarimax_frozen_s42,sarimax,frozen,selected,False,42,4,2025-02-03 01:00:00,2025-02-06 09:00:00,81,7.48,True,True,-6.926569216131497,6.3048249299185715,-0.6217442862129259,0.0,0.0073759460028668,0.015882938998402,0.3
core_sarimax_frozen_s42,sarimax,frozen,selected,False,42,4,2025-02-03 01:00:00,2025-02-06 10:00:00,82,7.78,True,True,-9.773279914108372,6.3048249299185715,-3.4684549841898002,0.0,0.0073759460028668,0.015882938998402,0.3
core_sarimax_frozen_s42,sarimax,frozen,selected,False,42,4,2025-02-03 01:00:00,2025-02-06 11:00:00,83,9.8,True,True,-8.462559872249557,6.3048249299185715,-2.1577349423309853,0.0,0.0073759460028668,0.015882938998402,0.3
core_sarimax_frozen_s42,sarimax,frozen,selected,False,42,4,2025-02-03 01:00:00,2025-02-06 12:00:00,84,11.15,True,True,-3.73017618650664,6.3048249299185715,2.5746487434119314,0.0,0.0073759460028668,0.015882938998402,0.3
core_sarimax_frozen_s42,sarimax,frozen,selected,False,42,4,2025-02-03 01:00:00,2025-02-06 13:00:00,85,11.4,True,True,-1.4406031046402177,6.3048249299185715,4.864221825278354,0.0,0.0073759460028668,0.015882938998402,0.3
core_sarimax_frozen_s42,sarimax,frozen,selected,False,42,4,2025-02-03 01:00:00,2025-02-06 14:00:00,86,12.78,True,True,2.679793158217734,6.3048249299185715,8.984618088136305,0.0,0.0073759460028668,0.015882938998402,0.3
core_sarimax_frozen_s42,sarimax,frozen,selected,False,42,4,2025-02-03 01:00:00,2025-02-06 15:00:00,87,11.88,True,True,3.850221093358101,6.3048249299185715,10.155046023276672,0.0,0.0073759460028668,0.015882938998402,0.3
core_sarimax_frozen_s42,sarimax,frozen,selected,False,42,4,2025-02-03 01:00:00,2025-02-06 16:00:00,88,7.67,True,True,0.7739781173389417,6.3048249299185715,7.078803047257513,0.0,0.0073759460028668,0.015882938998402,0.3
core_sarimax_frozen_s42,sarimax,frozen,selected,False,42,4,2025-02-03 01:00:00,2025-02-06 17:00:00,89,6.63,True,True,0.088478822149824,6.3048249299185715,6.3933037520683955,0.0,0.0073759460028668,0.015882938998402,0.3
core_sarimax_frozen_s42,sarimax,frozen,selected,False,42,4,2025-02-03 01:00:00,2025-02-06 18:00:00,90,6.79,True,True,2.977844404884877,6.3048249299185715,9.282669334803447,0.0,0.0073759460028668,0.015882938998402,0.3
core_sarimax_frozen_s42,sarimax,frozen,selected,False,42,4,2025-02-03 01:00:00,2025-02-06 19:00:00,91,7.07,True,True,6.243536333633074,6.3048249299185715,12.548361263551644,0.0,0.0073759460028668,0.015882938998402,0.3
core_sarimax_frozen_s42,sarimax,frozen,selected,False,42,4,2025-02-03 01:00:00,2025-02-06 20:00:00,92,7.5,True,True,9.027129497548517,6.3048249299185715,15.331954427467089,0.0,0.0073759460028668,0.015882938998402,0.3
core_sarimax_frozen_s42,sarimax,frozen,selected,False,42,4,2025-02-03 01:00:00,2025-02-06 21:00:00,93,8.33,True,True,10.9972615867095,6.3048249299185715,17.302086516628073,0.0,0.0073759460028668,0.015882938998402,0.3
core_sarimax_frozen_s42,sarimax,frozen,selected,False,42,4,2025-02-03 01:00:00,2025-02-06 22:00:00,94,10.64,True,True,13.131227351837197,6.3048249299185715,19.436052281755767,0.0,0.0073759460028668,0.015882938998402,0.3
core_sarimax_frozen_s42,sarimax,frozen,selected,False,42,4,2025-02-03 01:00:00,2025-02-06 23:00:00,95,20.72,True,True,22.164323179753158,6.3048249299185715,28.46914810967173,0.0,0.0073759460028668,0.015882938998402,0.3
core_sarimax_frozen_s42,sarimax,frozen,selected,False,42,4,2025-02-03 01:00:00,2025-02-07 00:00:00,96,29.32,True,True,31.34289730433696,6.3048249299185715,37.64772223425553,0.0,0.0073759460028668,0.015882938998402,0.3
core_sarimax_frozen_s42,sarimax,frozen,selected,False,42,4,2025-02-03 01:00:00,2025-02-07 01:00:00,97,32.32,True,True,31.322313006954403,6.3048249299185715,37.62713793687298,0.0,0.0073759460028668,0.015882938998402,0.3
core_sarimax_frozen_s42,sarimax,frozen,selected,False,42,4,2025-02-03 01:00:00,2025-02-07 02:00:00,98,29.48,True,True,24.12978375193171,6.3048249299185715,30.434608681850282,0.0,0.0073759460028668,0.015882938998402,0.3
core_sarimax_frozen_s42,sarimax,frozen,selected,False,42,4,2025-02-03 01:00:00,2025-02-07 03:00:00,99,23.51,True,True,17.165699774129223,6.3048249299185715,23.470524704047794,0.0,0.0073759460028668,0.015882938998402,0.3
core_sarimax_frozen_s42,sarimax,frozen,selected,False,42,4,2025-02-03 01:00:00,2025-02-07 04:00:00,100,18.96,True,True,14.50739973399044,6.3048249299185715,20.81222466390901,0.0,0.0073759460028668,0.015882938998402,0.3
core_sarimax_frozen_s42,sarimax,frozen,selected,False,42,4,2025-02-03 01:00:00,2025-02-07 05:00:00,101,18.04,True,True,12.585167562361306,6.3048249299185715,18.889992492279877,0.0,0.0073759460028668,0.015882938998402,0.3
core_sarimax_frozen_s42,sarimax,frozen,selected,False,42,4,2025-02-03 01:00:00,2025-02-07 06:00:00,102,17.96,True,True,9.469171859146256,6.3048249299185715,15.773996789064828,0.0,0.0073759460028668,0.015882938998402,0.3
core_sarimax_frozen_s42,sarimax,frozen,selected,False,42,4,2025-02-03 01:00:00,2025-02-07 07:00:00,103,18.43,True,True,5.877585881939382,6.3048249299185715,12.182410811857952,0.0,0.0073759460028668,0.015882938998402,0.3
core_sarimax_frozen_s42,sarimax,frozen,selected,False,42,4,2025-02-03 01:00:00,2025-02-07 08:00:00,104,21.77,True,True,7.320063026681822,6.3048249299185715,13.624887956600393,0.0,0.0073759460028668,0.015882938998402,0.3
core_sarimax_frozen_s42,sarimax,frozen,selected,False,42,4,2025-02-03 01:00:00,2025-02-07 09:00:00,105,25.12,True,True,9.829041291486078,6.3048249299185715,16.13386622140465,0.0,0.0073759460028668,0.015882938998402,0.3
core_sarimax_frozen_s42,sarimax,frozen,selected,False,42,4,2025-02-03 01:00:00,2025-02-07 10:00:00,106,27.92,True,True,11.852634549670457,6.3048249299185715,18.15745947958903,0.0,0.0073759460028668,0.015882938998402,0.3
core_sarimax_frozen_s42,sarimax,frozen,selected,False,42,4,2025-02-03 01:00:00,2025-02-07 11:00:00,107,32.41,True,True,15.283647822334617,6.3048249299185715,21.58847275225319,0.0,0.0073759460028668,0.015882938998402,0.3
core_sarimax_frozen_s42,sarimax,frozen,selected,False,42,4,2025-02-03 01:00:00,2025-02-07 12:00:00,108,35.77,True,True,20.696061618470367,6.3048249299185715,27.000886548388937,0.0,0.0073759460028668,0.015882938998402,0.3
core_sarimax_frozen_s42,sarimax,frozen,selected,False,42,4,2025-02-03 01:00:00,2025-02-07 13:00:00,109,35.92,True,True,21.61437130089351,6.3048249299185715,27.91919623081208,0.0,0.0073759460028668,0.015882938998402,0.3
core_sarimax_frozen_s42,sarimax,frozen,selected,False,42,4,2025-02-03 01:00:00,2025-02-07 14:00:00,110,37.64,True,True,24.353483737128244,6.3048249299185715,30.658308667046814,0.0,0.0073759460028668,0.015882938998402,0.3
core_sarimax_frozen_s42,sarimax,frozen,selected,False,42,4,2025-02-03 01:00:00,2025-02-07 15:00:00,111,34.69,True,True,22.11645217665739,6.3048249299185715,28.42127710657596,0.0,0.0073759460028668,0.015882938998402,0.3
core_sarimax_frozen_s42,sarimax,frozen,selected,False,42,4,2025-02-03 01:00:00,2025-02-07 16:00:00,112,26.77,True,True,15.074528789444711,6.3048249299185715,21.379353719363284,0.0,0.0073759460028668,0.015882938998402,0.3
core_sarimax_frozen_s42,sarimax,frozen,selected,False,42,4,2025-02-03 01:00:00,2025-02-07 17:00:00,113,22.49,True,True,9.960484946761625,6.3048249299185715,16.265309876680195,0.0,0.0073759460028668,0.015882938998402,0.3
core_sarimax_frozen_s42,sarimax,frozen,selected,False,42,4,2025-02-03 01:00:00,2025-02-07 18:00:00,114,21.77,True,True,11.432902405105269,6.3048249299185715,17.73772733502384,0.0,0.0073759460028668,0.015882938998402,0.3
core_sarimax_frozen_s42,sarimax,frozen,selected,False,42,4,2025-02-03 01:00:00,2025-02-07 19:00:00,115,22.34,True,True,14.058197638048426,6.3048249299185715,20.363022567966997,0.0,0.0073759460028668,0.015882938998402,0.3
core_sarimax_frozen_s42,sarimax,frozen,selected,False,42,4,2025-02-03 01:00:00,2025-02-07 20:00:00,116,22.08,True,True,14.783142969586862,6.3048249299185715,21.087967899505433,0.0,0.0073759460028668,0.015882938998402,0.3
core_sarimax_frozen_s42,sarimax,frozen,selected,False,42,4,2025-02-03 01:00:00,2025-02-07 21:00:00,117,21.78,True,True,14.965000410774138,6.3048249299185715,21.26982534069271,0.0,0.0073759460028668,0.015882938998402,0.3
core_sarimax_frozen_s42,sarimax,frozen,selected,False,42,4,2025-02-03 01:00:00,2025-02-07 22:00:00,118,23.04,True,True,15.014590469972717,6.3048249299185715,21.319415399891287,0.0,0.0073759460028668,0.015882938998402,0.3
core_sarimax_frozen_s42,sarimax,frozen,selected,False,42,4,2025-02-03 01:00:00,2025-02-07 23:00:00,119,33.25,True,True,24.687591870699634,6.3048249299185715,30.992416800618205,0.0,0.0073759460028668,0.015882938998402,0.3
core_sarimax_frozen_s42,sarimax,frozen,selected,False,42,4,2025-02-03 01:00:00,2025-02-08 00:00:00,120,43.78,True,True,36.2186064865009,6.3048249299185715,42.52343141641948,0.0,0.0073759460028668,0.015882938998402,0.3
core_sarimax_frozen_s42,sarimax,frozen,selected,False,42,4,2025-02-03 01:00:00,2025-02-08 01:00:00,121,47.44,True,True,37.80973852145604,6.3048249299185715,44.114563451374615,0.0,0.0073759460028668,0.015882938998402,0.3
core_sarimax_frozen_s42,sarimax,frozen,selected,False,42,4,2025-02-03 01:00:00,2025-02-08 02:00:00,122,44.33,True,True,31.64379076344133,6.3048249299185715,37.948615693359905,0.0,0.0073759460028668,0.015882938998402,0.3
core_sarimax_frozen_s42,sarimax,frozen,selected,False,42,4,2025-02-03 01:00:00,2025-02-08 03:00:00,123,37.35,True,True,24.17391508177451,6.3048249299185715,30.47874001169308,0.0,0.0073759460028668,0.015882938998402,0.3
core_sarimax_frozen_s42,sarimax,frozen,selected,False,42,4,2025-02-03 01:00:00,2025-02-08 04:00:00,124,27.41,True,True,16.77460497767666,6.3048249299185715,23.07942990759523,0.0,0.0073759460028668,0.015882938998402,0.3
core_sarimax_frozen_s42,sarimax,frozen,selected,False,42,4,2025-02-03 01:00:00,2025-02-08 05:00:00,125,22.84,True,True,12.526657450157415,6.3048249299185715,18.831482380075986,0.0,0.0073759460028668,0.015882938998402,0.3
core_sarimax_frozen_s42,sarimax,frozen,selected,False,42,4,2025-02-03 01:00:00,2025-02-08 06:00:00,126,22.17,True,True,8.755219198329769,6.3048249299185715,15.06004412824834,0.0,0.0073759460028668,0.015882938998402,0.3
core_sarimax_frozen_s42,sarimax,frozen,selected,False,42,4,2025-02-03 01:00:00,2025-02-08 07:00:00,127,23.37,True,True,7.807583230819944,6.3048249299185715,14.112408160738514,0.0,0.0073759460028668,0.015882938998402,0.3
core_sarimax_frozen_s42,sarimax,frozen,selected,False,42,4,2025-02-03 01:00:00,2025-02-08 08:00:00,128,29.47,True,True,14.943677096758137,6.3048249299185715,21.248502026676707,0.0,0.0073759460028668,0.015882938998402,0.3
core_sarimax_frozen_s42,sarimax,frozen,selected,False,42,4,2025-02-03 01:00:00,2025-02-08 09:00:00,129,38.82,True,True,24.191581414222696,6.3048249299185715,30.496406344141267,0.0,0.0073759460028668,0.015882938998402,0.3
core_sarimax_frozen_s42,sarimax,frozen,selected,False,42,4,2025-02-03 01:00:00,2025-02-08 10:00:00,130,58.71,True,True,44.239789267322976,6.3048249299185715,50.54461419724155,0.0,0.0073759460028668,0.015882938998402,0.3
core_sarimax_frozen_s42,sarimax,frozen,selected,False,42,4,2025-02-03 01:00:00,2025-02-08 11:00:00,131,96.73,True,True,80.51851126842405,6.3048249299185715,86.82333619834262,0.0,0.0073759460028668,0.015882938998402,0.3
core_sarimax_frozen_s42,sarimax,frozen,selected,False,42,4,2025-02-03 01:00:00,2025-02-08 12:00:00,132,135.39,True,True,121.09721194327798,6.3048249299185715,127.40203687319655,0.0,0.0073759460028668,0.015882938998402,0.3
core_sarimax_frozen_s42,sarimax,frozen,selected,False,42,4,2025-02-03 01:00:00,2025-02-08 13:00:00,133,193.36,True,True,177.00868521203466,6.3048249299185715,183.31351014195323,0.0,0.0073759460028668,0.015882938998402,0.3
core_sarimax_frozen_s42,sarimax,frozen,selected,False,42,4,2025-02-03 01:00:00,2025-02-08 14:00:00,134,264.03,True,True,246.16729756697123,6.3048249299185715,252.4721224968898,0.0,0.0073759460028668,0.015882938998402,0.3
core_sarimax_frozen_s42,sarimax,frozen,selected,False,42,4,2025-02-03 01:00:00,2025-02-08 15:00:00,135,279.81,True,True,260.5935780677811,6.3048249299185715,266.8984029976997,0.0,0.0073759460028668,0.015882938998402,0.3
core_sarimax_frozen_s42,sarimax,frozen,selected,False,42,4,2025-02-03 01:00:00,2025-02-08 16:00:00,136,247.96,True,True,227.55361700126883,6.3048249299185715,233.8584419311874,0.0,0.0073759460028668,0.015882938998402,0.3
core_sarimax_frozen_s42,sarimax,frozen,selected,False,42,4,2025-02-03 01:00:00,2025-02-08 17:00:00,137,205.0,True,True,183.6677883211308,6.3048249299185715,189.97261325104938,0.0,0.0073759460028668,0.015882938998402,0.3
core_sarimax_frozen_s42,sarimax,frozen,selected,False,42,4,2025-02-03 01:00:00,2025-02-08 18:00:00,138,167.87,True,True,146.22738847162705,6.3048249299185715,152.53221340154562,0.0,0.0073759460028668,0.015882938998402,0.3
core_sarimax_frozen_s42,sarimax,frozen,selected,False,42,4,2025-02-03 01:00:00,2025-02-08 19:00:00,139,142.96,True,True,123.84170079751728,6.3048249299185715,130.14652572743586,0.0,0.0073759460028668,0.015882938998402,0.3
core_sarimax_frozen_s42,sarimax,frozen,selected,False,42,4,2025-02-03 01:00:00,2025-02-08 20:00:00,140,128.73,True,True,111.99995394066065,6.3048249299185715,118.30477887057921,0.0,0.0073759460028668,0.015882938998402,0.3
core_sarimax_frozen_s42,sarimax,frozen,selected,False,42,4,2025-02-03 01:00:00,2025-02-08 21:00:00,141,119.93,True,True,103.71849241742304,6.3048249299185715,110.0233173473416,0.0,0.0073759460028668,0.015882938998402,0.3
core_sarimax_frozen_s42,sarimax,frozen,selected,False,42,4,2025-02-03 01:00:00,2025-02-08 22:00:00,142,113.39,True,True,98.50710563370396,6.3048249299185715,104.81193056362252,0.0,0.0073759460028668,0.015882938998402,0.3
core_sarimax_frozen_s42,sarimax,frozen,selected,False,42,4,2025-02-03 01:00:00,2025-02-08 23:00:00,143,154.0,True,True,138.66665657651123,6.3048249299185715,144.9714815064298,0.0,0.0073759460028668,0.015882938998402,0.3
core_sarimax_frozen_s42,sarimax,frozen,selected,False,42,4,2025-02-03 01:00:00,2025-02-09 00:00:00,144,209.21,True,True,194.5598060655772,6.3048249299185715,200.86463099549576,0.0,0.0073759460028668,0.015882938998402,0.3
core_sarimax_frozen_s42,sarimax,frozen,selected,False,42,4,2025-02-03 01:00:00,2025-02-09 01:00:00,145,233.85,True,True,219.2230188907782,6.3048249299185715,225.52784382069677,0.0,0.0073759460028668,0.015882938998402,0.3
core_sarimax_frozen_s42,sarimax,frozen,selected,False,42,4,2025-02-03 01:00:00,2025-02-09 02:00:00,146,240.34,True,True,228.11797339842707,6.3048249299185715,234.42279832834564,0.0,0.0073759460028668,0.015882938998402,0.3
core_sarimax_frozen_s42,sarimax,frozen,selected,False,42,4,2025-02-03 01:00:00,2025-02-09 03:00:00,147,231.36,True,True,222.63924909495108,6.3048249299185715,228.94407402486965,0.0,0.0073759460028668,0.015882938998402,0.3
core_sarimax_frozen_s42,sarimax,frozen,selected,False,42,4,2025-02-03 01:00:00,2025-02-09 04:00:00,148,118.64,True,True,109.57903599405212,6.3048249299185715,115.88386092397069,0.0,0.0073759460028668,0.015882938998402,0.3
core_sarimax_frozen_s42,sarimax,frozen,selected,False,42,4,2025-02-03 01:00:00,2025-02-09 05:00:00,149,129.29,True,True,115.03507048456268,6.3048249299185715,121.33989541448125,0.0,0.0073759460028668,0.015882938998402,0.3
core_sarimax_frozen_s42,sarimax,frozen,selected,False,42,4,2025-02-03 01:00:00,2025-02-09 06:00:00,150,137.33,True,True,117.79900752522818,6.3048249299185715,124.10383245514674,0.0,0.0073759460028668,0.015882938998402,0.3
core_sarimax_frozen_s42,sarimax,frozen,selected,False,42,4,2025-02-03 01:00:00,2025-02-09 07:00:00,151,107.98,True,True,82.32937701804295,6.3048249299185715,88.63420194796151,0.0,0.0073759460028668,0.015882938998402,0.3
core_sarimax_frozen_s42,sarimax,frozen,selected,False,42,4,2025-02-03 01:00:00,2025-02-09 08:00:00,152,103.34,True,True,83.89417137776854,6.3048249299185715,90.19899630768711,0.0,0.0073759460028668,0.015882938998402,0.3
core_sarimax_frozen_s42,sarimax,frozen,selected,False,42,4,2025-02-03 01:00:00,2025-02-09 09:00:00,153,106.99,True,True,102.45417173068395,6.3048249299185715,108.75899666060252,0.0,0.0073759460028668,0.015882938998402,0.3
core_sarimax_frozen_s42,sarimax,frozen,selected,False,42,4,2025-02-03 01:00:00,2025-02-09 10:00:00,154,145.51,True,True,146.5081757106326,6.3048249299185715,152.81300064055117,0.0,0.0073759460028668,0.015882938998402,0.3
core_sarimax_frozen_s42,sarimax,frozen,selected,False,42,4,2025-02-03 01:00:00,2025-02-09 11:00:00,155,245.04,True,True,247.4093127542047,6.3048249299185715,253.71413768412327,0.0,0.0073759460028668,0.015882938998402,0.3
core_sarimax_frozen_s42,sarimax,frozen,selected,False,42,4,2025-02-03 01:00:00,2025-02-09 12:00:00,156,367.71,True,True,377.19448482691325,6.3048249299185715,383.49930975683185,0.0,0.0073759460028668,0.015882938998402,0.3
core_sarimax_frozen_s42,sarimax,frozen,selected,False,42,4,2025-02-03 01:00:00,2025-02-09 13:00:00,157,478.18,True,True,490.4547663578827,6.3048249299185715,496.7595912878013,0.0,0.0073759460028668,0.015882938998402,0.3
core_sarimax_frozen_s42,sarimax,frozen,selected,False,42,4,2025-02-03 01:00:00,2025-02-09 14:00:00,158,581.23,True,True,584.7783378487088,6.3048249299185715,591.0831627786274,0.0,0.0073759460028668,0.015882938998402,0.3
core_sarimax_frozen_s42,sarimax,frozen,selected,False,42,4,2025-02-03 01:00:00,2025-02-09 15:00:00,159,633.46,True,True,624.2521334081798,6.3048249299185715,630.5569583380984,0.0,0.0073759460028668,0.015882938998402,0.3
core_sarimax_frozen_s42,sarimax,frozen,selected,False,42,4,2025-02-03 01:00:00,2025-02-09 16:00:00,160,613.53,True,True,594.1209590105304,6.3048249299185715,600.425783940449,0.0,0.0073759460028668,0.015882938998402,0.3
core_sarimax_frozen_s42,sarimax,frozen,selected,False,42,4,2025-02-03 01:00:00,2025-02-09 17:00:00,161,579.65,True,True,558.5814683493156,6.3048249299185715,564.8862932792342,0.0,0.0073759460028668,0.015882938998402,0.3
core_sarimax_frozen_s42,sarimax,frozen,selected,False,42,4,2025-02-03 01:00:00,2025-02-09 18:00:00,162,554.04,True,True,521.4177446749381,6.3048249299185715,527.7225696048567,0.0,0.0073759460028668,0.015882938998402,0.3
core_sarimax_frozen_s42,sarimax,frozen,selected,False,42,4,2025-02-03 01:00:00,2025-02-09 19:00:00,163,525.21,True,True,487.85031168650266,6.3048249299185715,494.15513661642126,0.0,0.0073759460028668,0.015882938998402,0.3
core_sarimax_frozen_s42,sarimax,frozen,selected,False,42,4,2025-02-03 01:00:00,2025-02-09 20:00:00,164,496.94,True,True,453.7317097983733,6.3048249299185715,460.0365347282919,0.0,0.0073759460028668,0.015882938998402,0.3
core_sarimax_frozen_s42,sarimax,frozen,selected,False,42,4,2025-02-03 01:00:00,2025-02-09 21:00:00,165,457.38,True,True,410.0224903009389,6.3048249299185715,416.3273152308575,0.0,0.0073759460028668,0.015882938998402,0.3
core_sarimax_frozen_s42,sarimax,frozen,selected,False,42,4,2025-02-03 01:00:00,2025-02-09 22:00:00,166,409.27,True,True,361.3530218774527,6.3048249299185715,367.6578468073713,0.0,0.0073759460028668,0.015882938998402,0.3
core_sarimax_frozen_s42,sarimax,frozen,selected,False,42,4,2025-02-03 01:00:00,2025-02-09 23:00:00,167,449.44,True,True,401.9403882503119,6.3048249299185715,408.2452131802305,0.0,0.0073759460028668,0.015882938998402,0.3
core_sarimax_frozen_s42,sarimax,frozen,selected,False,42,4,2025-02-03 01:00:00,2025-02-10 00:00:00,168,551.24,True,True,503.4531231663592,6.3048249299185715,509.7579480962778,0.0,0.0073759460028668,0.015882938998402,0.3
core_sarimax_frozen_s42,sarimax,frozen,selected,False,42,5,2025-02-10 01:00:00,2025-02-10 01:00:00,1,635.49,True,True,638.6947802237878,7.36258730665892,646.0573675304468,0.0,0.0069465609994949,0.0132905290010967,0.3
core_sarimax_frozen_s42,sarimax,frozen,selected,False,42,5,2025-02-10 01:00:00,2025-02-10 02:00:00,2,662.88,True,True,673.1604823635487,7.36258730665892,680.5230696702076,0.0,0.0069465609994949,0.0132905290010967,0.3
core_sarimax_frozen_s42,sarimax,frozen,selected,False,42,5,2025-02-10 01:00:00,2025-02-10 03:00:00,3,601.67,True,True,619.2381420141259,7.36258730665892,626.6007293207848,0.0,0.0069465609994949,0.0132905290010967,0.3
core_sarimax_frozen_s42,sarimax,frozen,selected,False,42,5,2025-02-10 01:00:00,2025-02-10 04:00:00,4,290.33,True,True,297.5551072554249,7.36258730665892,304.9176945620838,0.0,0.0069465609994949,0.0132905290010967,0.3
core_sarimax_frozen_s42,sarimax,frozen,selected,False,42,5,2025-02-10 01:00:00,2025-02-10 05:00:00,5,302.77,True,True,297.72314139658226,7.36258730665892,305.08572870324116,0.0,0.0069465609994949,0.0132905290010967,0.3
core_sarimax_frozen_s42,sarimax,frozen,selected,False,42,5,2025-02-10 01:00:00,2025-02-10 06:00:00,6,339.38,True,True,323.5811981263907,7.36258730665892,330.9437854330496,0.0,0.0069465609994949,0.0132905290010967,0.3
core_sarimax_frozen_s42,sarimax,frozen,selected,False,42,5,2025-02-10 01:00:00,2025-02-10 07:00:00,7,406.0,True,True,379.6312701829404,7.36258730665892,386.9938574895993,0.0,0.0069465609994949,0.0132905290010967,0.3
core_sarimax_frozen_s42,sarimax,frozen,selected,False,42,5,2025-02-10 01:00:00,2025-02-10 08:00:00,8,516.75,True,True,478.0286688349595,7.36258730665892,485.3912561416184,0.0,0.0069465609994949,0.0132905290010967,0.3
core_sarimax_frozen_s42,sarimax,frozen,selected,False,42,5,2025-02-10 01:00:00,2025-02-10 09:00:00,9,617.3,True,True,571.6974930892484,7.36258730665892,579.0600803959073,0.0,0.0069465609994949,0.0132905290010967,0.3
core_sarimax_frozen_s42,sarimax,frozen,selected,False,42,5,2025-02-10 01:00:00,2025-02-10 10:00:00,10,717.42,True,True,667.445232195331,7.36258730665892,674.8078195019899,0.0,0.0069465609994949,0.0132905290010967,0.3
core_sarimax_frozen_s42,sarimax,frozen,selected,False,42,5,2025-02-10 01:00:00,2025-02-10 11:00:00,11,869.12,True,True,820.3180249280616,7.36258730665892,827.6806122347206,0.0,0.0069465609994949,0.0132905290010967,0.3
core_sarimax_frozen_s42,sarimax,frozen,selected,False,42,5,2025-02-10 01:00:00,2025-02-10 12:00:00,12,1031.66,True,True,984.2319046550332,7.36258730665892,991.5944919616921,0.0,0.0069465609994949,0.0132905290010967,0.3
core_sarimax_frozen_s42,sarimax,frozen,selected,False,42,5,2025-02-10 01:00:00,2025-02-10 13:00:00,13,1143.06,True,True,1096.105192217355,7.36258730665892,1103.4677795240138,0.0,0.0069465609994949,0.0132905290010967,0.3
core_sarimax_frozen_s42,sarimax,frozen,selected,False,42,5,2025-02-10 01:00:00,2025-02-10 14:00:00,14,1191.71,True,True,1152.850304333327,7.36258730665892,1160.2128916399859,0.0,0.0069465609994949,0.0132905290010967,0.3
core_sarimax_frozen_s42,sarimax,frozen,selected,False,42,5,2025-02-10 01:00:00,2025-02-10 15:00:00,15,1179.11,True,True,1140.3213508325598,7.36258730665892,1147.6839381392188,0.0,0.0069465609994949,0.0132905290010967,0.3
core_sarimax_frozen_s42,sarimax,frozen,selected,False,42,5,2025-02-10 01:00:00,2025-02-10 16:00:00,16,1071.85,True,True,1026.329281597719,7.36258730665892,1033.691868904378,0.0,0.0069465609994949,0.0132905290010967,0.3
core_sarimax_frozen_s42,sarimax,frozen,selected,False,42,5,2025-02-10 01:00:00,2025-02-10 17:00:00,17,907.42,True,True,863.5368467737109,7.36258730665892,870.8994340803698,0.0,0.0069465609994949,0.0132905290010967,0.3
core_sarimax_frozen_s42,sarimax,frozen,selected,False,42,5,2025-02-10 01:00:00,2025-02-10 18:00:00,18,726.65,True,True,685.4772475702273,7.36258730665892,692.8398348768862,0.0,0.0069465609994949,0.0132905290010967,0.3
core_sarimax_frozen_s42,sarimax,frozen,selected,False,42,5,2025-02-10 01:00:00,2025-02-10 19:00:00,19,601.12,True,True,549.1912904746835,7.36258730665892,556.5538777813424,0.0,0.0069465609994949,0.0132905290010967,0.3
core_sarimax_frozen_s42,sarimax,frozen,selected,False,42,5,2025-02-10 01:00:00,2025-02-10 20:00:00,20,541.5,True,True,480.9676093231766,7.36258730665892,488.3301966298355,0.0,0.0069465609994949,0.0132905290010967,0.3
core_sarimax_frozen_s42,sarimax,frozen,selected,False,42,5,2025-02-10 01:00:00,2025-02-10 21:00:00,21,506.36,True,True,445.2941940250025,7.36258730665892,452.6567813316614,0.0,0.0069465609994949,0.0132905290010967,0.3
core_sarimax_frozen_s42,sarimax,frozen,selected,False,42,5,2025-02-10 01:00:00,2025-02-10 22:00:00,22,473.64,True,True,413.3442245069135,7.36258730665892,420.7068118135724,0.0,0.0069465609994949,0.0132905290010967,0.3
core_sarimax_frozen_s42,sarimax,frozen,selected,False,42,5,2025-02-10 01:00:00,2025-02-10 23:00:00,23,531.73,True,True,468.7901684488549,7.36258730665892,476.1527557555138,0.0,0.0069465609994949,0.0132905290010967,0.3
core_sarimax_frozen_s42,sarimax,frozen,selected,False,42,5,2025-02-10 01:00:00,2025-02-11 00:00:00,24,663.85,True,True,595.026779075288,7.36258730665892,602.389366381947,0.0,0.0069465609994949,0.0132905290010967,0.3
core_sarimax_frozen_s42,sarimax,frozen,selected,False,42,5,2025-02-10 01:00:00,2025-02-11 01:00:00,25,749.47,True,True,688.64940524178,7.36258730665892,696.0119925484389,0.0,0.0069465609994949,0.0132905290010967,0.3
core_sarimax_frozen_s42,sarimax,frozen,selected,False,42,5,2025-02-10 01:00:00,2025-02-11 02:00:00,26,739.69,True,True,686.1091086383955,7.36258730665892,693.4716959450544,0.0,0.0069465609994949,0.0132905290010967,0.3
core_sarimax_frozen_s42,sarimax,frozen,selected,False,42,5,2025-02-10 01:00:00,2025-02-11 03:00:00,27,642.49,True,True,595.5925139335097,7.36258730665892,602.9551012401687,0.0,0.0069465609994949,0.0132905290010967,0.3
core_sarimax_frozen_s42,sarimax,frozen,selected,False,42,5,2025-02-10 01:00:00,2025-02-11 04:00:00,28,315.67,True,True,270.0464813367579,7.36258730665892,277.4090686434168,0.0,0.0069465609994949,0.0132905290010967,0.3
core_sarimax_frozen_s42,sarimax,frozen,selected,False,42,5,2025-02-10 01:00:00,2025-02-11 05:00:00,29,262.21,True,True,213.12732464238888,7.36258730665892,220.4899119490478,0.0,0.0069465609994949,0.0132905290010967,0.3
core_sarimax_frozen_s42,sarimax,frozen,selected,False,42,5,2025-02-10 01:00:00,2025-02-11 06:00:00,30,250.89,True,True,196.9479569106672,7.36258730665892,204.3105442173261,0.0,0.0069465609994949,0.0132905290010967,0.3
core_sarimax_frozen_s42,sarimax,frozen,selected,False,42,5,2025-02-10 01:00:00,2025-02-11 07:00:00,31,320.72,True,True,258.03744974251623,7.36258730665892,265.4000370491751,0.0,0.0069465609994949,0.0132905290010967,0.3
core_sarimax_frozen_s42,sarimax,frozen,selected,False,42,5,2025-02-10 01:00:00,2025-02-11 08:00:00,32,452.98,True,True,384.10084387306006,7.36258730665892,391.46343117971895,0.0,0.0069465609994949,0.0132905290010967,0.3
core_sarimax_frozen_s42,sarimax,frozen,selected,False,42,5,2025-02-10 01:00:00,2025-02-11 09:00:00,33,586.34,True,True,511.3172041258773,7.36258730665892,518.6797914325363,0.0,0.0069465609994949,0.0132905290010967,0.3
core_sarimax_frozen_s42,sarimax,frozen,selected,False,42,5,2025-02-10 01:00:00,2025-02-11 10:00:00,34,677.63,True,True,594.7321564801624,7.36258730665892,602.0947437868214,0.0,0.0069465609994949,0.0132905290010967,0.3
core_sarimax_frozen_s42,sarimax,frozen,selected,False,42,5,2025-02-10 01:00:00,2025-02-11 11:00:00,35,713.13,True,True,611.5131623603498,7.36258730665892,618.8757496670088,0.0,0.0069465609994949,0.0132905290010967,0.3
core_sarimax_frozen_s42,sarimax,frozen,selected,False,42,5,2025-02-10 01:00:00,2025-02-11 12:00:00,36,705.1,True,True,601.1603991002254,7.36258730665892,608.5229864068843,0.0,0.0069465609994949,0.0132905290010967,0.3
core_sarimax_frozen_s42,sarimax,frozen,selected,False,42,5,2025-02-10 01:00:00,2025-02-11 13:00:00,37,627.26,True,True,524.91562561519,7.36258730665892,532.278212921849,0.0,0.0069465609994949,0.0132905290010967,0.3
core_sarimax_frozen_s42,sarimax,frozen,selected,False,42,5,2025-02-10 01:00:00,2025-02-11 14:00:00,38,470.38,True,True,403.7912724299939,7.36258730665892,411.1538597366528,0.0,0.0069465609994949,0.0132905290010967,0.3
core_sarimax_frozen_s42,sarimax,frozen,selected,False,42,5,2025-02-10 01:00:00,2025-02-11 15:00:00,39,215.79,True,True,210.1475365504531,7.36258730665892,217.51012385711203,0.0,0.0069465609994949,0.0132905290010967,0.3
core_sarimax_frozen_s42,sarimax,frozen,selected,False,42,5,2025-02-10 01:00:00,2025-02-11 16:00:00,40,18.95,True,True,25.413132833975997,7.36258730665892,32.77572014063492,0.0,0.0069465609994949,0.0132905290010967,0.3
core_sarimax_frozen_s42,sarimax,frozen,selected,False,42,5,2025-02-10 01:00:00,2025-02-11 17:00:00,41,11.92,True,True,13.081796934563783,7.36258730665892,20.444384241222703,0.0,0.0069465609994949,0.0132905290010967,0.3
core_sarimax_frozen_s42,sarimax,frozen,selected,False,42,5,2025-02-10 01:00:00,2025-02-11 18:00:00,42,14.17,True,True,16.012441621591904,7.36258730665892,23.375028928250824,0.0,0.0069465609994949,0.0132905290010967,0.3
core_sarimax_frozen_s42,sarimax,frozen,selected,False,42,5,2025-02-10 01:00:00,2025-02-11 19:00:00,43,15.89,True,True,20.38463094782705,7.36258730665892,27.74721825448597,0.0,0.0069465609994949,0.0132905290010967,0.3
core_sarimax_frozen_s42,sarimax,frozen,selected,False,42,5,2025-02-10 01:00:00,2025-02-11 20:00:00,44,18.23,True,True,24.772798201944997,7.36258730665892,32.13538550860392,0.0,0.0069465609994949,0.0132905290010967,0.3
core_sarimax_frozen_s42,sarimax,frozen,selected,False,42,5,2025-02-10 01:00:00,2025-02-11 21:00:00,45,20.58,True,True,28.861756441858148,7.36258730665892,36.22434374851707,0.0,0.0069465609994949,0.0132905290010967,0.3
core_sarimax_frozen_s42,sarimax,frozen,selected,False,42,5,2025-02-10 01:00:00,2025-02-11 22:00:00,46,24.3,True,True,33.08905658193544,7.36258730665892,40.45164388859436,0.0,0.0069465609994949,0.0132905290010967,0.3
core_sarimax_frozen_s42,sarimax,frozen,selected,False,42,5,2025-02-10 01:00:00,2025-02-11 23:00:00,47,39.89,True,True,51.520167648512285,7.36258730665892,58.88275495517121,0.0,0.0069465609994949,0.0132905290010967,0.3
core_sarimax_frozen_s42,sarimax,frozen,selected,False,42,5,2025-02-10 01:00:00,2025-02-12 00:00:00,48,56.98,True,True,70.17764832879593,7.36258730665892,77.54023563545485,0.0,0.0069465609994949,0.0132905290010967,0.3
core_sarimax_frozen_s42,sarimax,frozen,selected,False,42,5,2025-02-10 01:00:00,2025-02-12 01:00:00,49,62.72,True,True,73.70076735160549,7.36258730665892,81.06335465826442,0.0,0.0069465609994949,0.0132905290010967,0.3
core_sarimax_frozen_s42,sarimax,frozen,selected,False,42,5,2025-02-10 01:00:00,2025-02-12 02:00:00,50,56.6,True,True,61.70530488670802,7.36258730665892,69.06789219336694,0.0,0.0069465609994949,0.0132905290010967,0.3
core_sarimax_frozen_s42,sarimax,frozen,selected,False,42,5,2025-02-10 01:00:00,2025-02-12 03:00:00,51,45.53,True,True,46.34679108904811,7.36258730665892,53.709378395707034,0.0,0.0069465609994949,0.0132905290010967,0.3
core_sarimax_frozen_s42,sarimax,frozen,selected,False,42,5,2025-02-10 01:00:00,2025-02-12 04:00:00,52,23.48,True,True,24.24863839333344,7.36258730665892,31.61122569999236,0.0,0.0069465609994949,0.0132905290010967,0.3
core_sarimax_frozen_s42,sarimax,frozen,selected,False,42,5,2025-02-10 01:00:00,2025-02-12 05:00:00,53,16.52,True,True,18.79128731570941,7.36258730665892,26.15387462236833,0.0,0.0069465609994949,0.0132905290010967,0.3
core_sarimax_frozen_s42,sarimax,frozen,selected,False,42,5,2025-02-10 01:00:00,2025-02-12 06:00:00,54,13.75,True,True,14.730015638364478,7.36258730665892,22.092602945023398,0.0,0.0069465609994949,0.0132905290010967,0.3
core_sarimax_frozen_s42,sarimax,frozen,selected,False,42,5,2025-02-10 01:00:00,2025-02-12 07:00:00,55,14.99,True,True,14.341053548726164,7.36258730665892,21.703640855385082,0.0,0.0069465609994949,0.0132905290010967,0.3
core_sarimax_frozen_s42,sarimax,frozen,selected,False,42,5,2025-02-10 01:00:00,2025-02-12 08:00:00,56,21.26,True,True,20.27472564742115,7.36258730665892,27.63731295408007,0.0,0.0069465609994949,0.0132905290010967,0.3
core_sarimax_frozen_s42,sarimax,frozen,selected,False,42,5,2025-02-10 01:00:00,2025-02-12 09:00:00,57,28.82,True,True,28.392047774622423,7.36258730665892,35.75463508128134,0.0,0.0069465609994949,0.0132905290010967,0.3
core_sarimax_frozen_s42,sarimax,frozen,selected,False,42,5,2025-02-10 01:00:00,2025-02-12 10:00:00,58,73.65,True,True,80.10352996889625,7.36258730665892,87.46611727555518,0.0,0.0069465609994949,0.0132905290010967,0.3
core_sarimax_frozen_s42,sarimax,frozen,selected,False,42,5,2025-02-10 01:00:00,2025-02-12 11:00:00,59,181.58,True,True,189.60905375409928,7.36258730665892,196.9716410607582,0.0,0.0069465609994949,0.0132905290010967,0.3
core_sarimax_frozen_s42,sarimax,frozen,selected,False,42,5,2025-02-10 01:00:00,2025-02-12 12:00:00,60,309.55,True,True,317.27765578649,7.36258730665892,324.6402430931489,0.0,0.0069465609994949,0.0132905290010967,0.3
core_sarimax_frozen_s42,sarimax,frozen,selected,False,42,5,2025-02-10 01:00:00,2025-02-12 13:00:00,61,419.08,True,True,421.4205753189291,7.36258730665892,428.783162625588,0.0,0.0069465609994949,0.0132905290010967,0.3
core_sarimax_frozen_s42,sarimax,frozen,selected,False,42,5,2025-02-10 01:00:00,2025-02-12 14:00:00,62,519.36,True,True,516.5913692684419,7.36258730665892,523.9539565751008,0.0,0.0069465609994949,0.0132905290010967,0.3
core_sarimax_frozen_s42,sarimax,frozen,selected,False,42,5,2025-02-10 01:00:00,2025-02-12 15:00:00,63,561.9,True,True,555.1977179314123,7.36258730665892,562.5603052380712,0.0,0.0069465609994949,0.0132905290010967,0.3
core_sarimax_frozen_s42,sarimax,frozen,selected,False,42,5,2025-02-10 01:00:00,2025-02-12 16:00:00,64,509.36,True,True,506.3775435461392,7.36258730665892,513.7401308527981,0.0,0.0069465609994949,0.0132905290010967,0.3
core_sarimax_frozen_s42,sarimax,frozen,selected,False,42,5,2025-02-10 01:00:00,2025-02-12 17:00:00,65,433.93,True,True,438.90641144157286,7.36258730665892,446.26899874823175,0.0,0.0069465609994949,0.0132905290010967,0.3
core_sarimax_frozen_s42,sarimax,frozen,selected,False,42,5,2025-02-10 01:00:00,2025-02-12 18:00:00,66,378.96,True,True,385.273066863588,7.36258730665892,392.6356541702469,0.0,0.0069465609994949,0.0132905290010967,0.3
core_sarimax_frozen_s42,sarimax,frozen,selected,False,42,5,2025-02-10 01:00:00,2025-02-12 19:00:00,67,319.21,True,True,323.02321402212027,7.36258730665892,330.38580132877917,0.0,0.0069465609994949,0.0132905290010967,0.3
core_sarimax_frozen_s42,sarimax,frozen,selected,False,42,5,2025-02-10 01:00:00,2025-02-12 20:00:00,68,275.86,True,True,281.77531097788994,7.36258730665892,289.13789828454884,0.0,0.0069465609994949,0.0132905290010967,0.3
core_sarimax_frozen_s42,sarimax,frozen,selected,False,42,5,2025-02-10 01:00:00,2025-02-12 21:00:00,69,268.02,True,True,271.0652748126954,7.36258730665892,278.4278621193543,0.0,0.0069465609994949,0.0132905290010967,0.3
core_sarimax_frozen_s42,sarimax,frozen,selected,False,42,5,2025-02-10 01:00:00,2025-02-12 22:00:00,70,295.94,True,True,298.9117729067035,7.36258730665892,306.2743602133624,0.0,0.0069465609994949,0.0132905290010967,0.3
core_sarimax_frozen_s42,sarimax,frozen,selected,False,42,5,2025-02-10 01:00:00,2025-02-12 23:00:00,71,394.95,True,True,395.8433133210548,7.36258730665892,403.2059006277137,0.0,0.0069465609994949,0.0132905290010967,0.3
core_sarimax_frozen_s42,sarimax,frozen,selected,False,42,5,2025-02-10 01:00:00,2025-02-13 00:00:00,72,518.5,True,True,519.1512279018388,7.36258730665892,526.5138152084977,0.0,0.0069465609994949,0.0132905290010967,0.3
core_sarimax_frozen_s42,sarimax,frozen,selected,False,42,5,2025-02-10 01:00:00,2025-02-13 01:00:00,73,627.41,True,True,625.4180070939684,7.36258730665892,632.7805944006274,0.0,0.0069465609994949,0.0132905290010967,0.3
core_sarimax_frozen_s42,sarimax,frozen,selected,False,42,5,2025-02-10 01:00:00,2025-02-13 02:00:00,74,706.39,True,True,705.943120885417,7.36258730665892,713.3057081920759,0.0,0.0069465609994949,0.0132905290010967,0.3
core_sarimax_frozen_s42,sarimax,frozen,selected,False,42,5,2025-02-10 01:00:00,2025-02-13 03:00:00,75,733.54,True,True,730.1911778239801,7.36258730665892,737.553765130639,0.0,0.0069465609994949,0.0132905290010967,0.3
core_sarimax_frozen_s42,sarimax,frozen,selected,False,42,5,2025-02-10 01:00:00,2025-02-13 04:00:00,76,407.18,True,True,407.0157534828912,7.36258730665892,414.3783407895501,0.0,0.0069465609994949,0.0132905290010967,0.3
core_sarimax_frozen_s42,sarimax,frozen,selected,False,42,5,2025-02-10 01:00:00,2025-02-13 05:00:00,77,303.7,True,True,295.8042091983432,7.36258730665892,303.1667965050021,0.0,0.0069465609994949,0.0132905290010967,0.3
core_sarimax_frozen_s42,sarimax,frozen,selected,False,42,5,2025-02-10 01:00:00,2025-02-13 06:00:00,78,286.09,True,True,279.60234601858224,7.36258730665892,286.96493332524113,0.0,0.0069465609994949,0.0132905290010967,0.3
core_sarimax_frozen_s42,sarimax,frozen,selected,False,42,5,2025-02-10 01:00:00,2025-02-13 07:00:00,79,255.89,True,True,265.55584924642926,7.36258730665892,272.91843655308816,0.0,0.0069465609994949,0.0132905290010967,0.3
core_sarimax_frozen_s42,sarimax,frozen,selected,False,42,5,2025-02-10 01:00:00,2025-02-13 08:00:00,80,253.24,True,True,299.7116904074728,7.36258730665892,307.0742777141317,0.0,0.0069465609994949,0.0132905290010967,0.3
core_sarimax_frozen_s42,sarimax,frozen,selected,False,42,5,2025-02-10 01:00:00,2025-02-13 09:00:00,81,283.34,True,True,397.48639053019576,7.36258730665892,404.84897783685466,0.0,0.0069465609994949,0.0132905290010967,0.3
core_sarimax_frozen_s42,sarimax,frozen,selected,False,42,5,2025-02-10 01:00:00,2025-02-13 10:00:00,82,355.97,True,True,535.6306772326038,7.36258730665892,542.9932645392628,0.0,0.0069465609994949,0.0132905290010967,0.3
core_sarimax_frozen_s42,sarimax,frozen,selected,False,42,5,2025-02-10 01:00:00,2025-02-13 11:00:00,83,488.46,True,True,700.548689977818,7.36258730665892,707.9112772844769,0.0,0.0069465609994949,0.0132905290010967,0.3
core_sarimax_frozen_s42,sarimax,frozen,selected,False,42,5,2025-02-10 01:00:00,2025-02-13 12:00:00,84,608.86,True,True,793.022605506478,7.36258730665892,800.385192813137,0.0,0.0069465609994949,0.0132905290010967,0.3
core_sarimax_frozen_s42,sarimax,frozen,selected,False,42,5,2025-02-10 01:00:00,2025-02-13 13:00:00,85,695.92,True,True,820.7752064120391,7.36258730665892,828.137793718698,0.0,0.0069465609994949,0.0132905290010967,0.3
core_sarimax_frozen_s42,sarimax,frozen,selected,False,42,5,2025-02-10 01:00:00,2025-02-13 14:00:00,86,782.1,True,True,852.140242972722,7.36258730665892,859.502830279381,0.0,0.0069465609994949,0.0132905290010967,0.3
core_sarimax_frozen_s42,sarimax,frozen,selected,False,42,5,2025-02-10 01:00:00,2025-02-13 15:00:00,87,805.31,True,True,845.8934688832678,7.36258730665892,853.2560561899268,0.0,0.0069465609994949,0.0132905290010967,0.3
core_sarimax_frozen_s42,sarimax,frozen,selected,False,42,5,2025-02-10 01:00:00,2025-02-13 16:00:00,88,738.4,True,True,770.6033851609992,7.36258730665892,777.9659724676582,0.0,0.0069465609994949,0.0132905290010967,0.3
core_sarimax_frozen_s42,sarimax,frozen,selected,False,42,5,2025-02-10 01:00:00,2025-02-13 17:00:00,89,655.55,True,True,664.5198831818702,7.36258730665892,671.8824704885292,0.0,0.0069465609994949,0.0132905290010967,0.3
core_sarimax_frozen_s42,sarimax,frozen,selected,False,42,5,2025-02-10 01:00:00,2025-02-13 18:00:00,90,551.53,True,True,551.0237445625485,7.36258730665892,558.3863318692074,0.0,0.0069465609994949,0.0132905290010967,0.3
core_sarimax_frozen_s42,sarimax,frozen,selected,False,42,5,2025-02-10 01:00:00,2025-02-13 19:00:00,91,411.47,True,True,401.7330398684477,7.36258730665892,409.0956271751066,0.0,0.0069465609994949,0.0132905290010967,0.3
core_sarimax_frozen_s42,sarimax,frozen,selected,False,42,5,2025-02-10 01:00:00,2025-02-13 20:00:00,92,315.3,True,True,296.5351610526037,7.36258730665892,303.8977483592626,0.0,0.0069465609994949,0.0132905290010967,0.3
core_sarimax_frozen_s42,sarimax,frozen,selected,False,42,5,2025-02-10 01:00:00,2025-02-13 21:00:00,93,270.14,True,True,252.34451422794592,7.36258730665892,259.7071015346048,0.0,0.0069465609994949,0.0132905290010967,0.3
core_sarimax_frozen_s42,sarimax,frozen,selected,False,42,5,2025-02-10 01:00:00,2025-02-13 22:00:00,94,260.12,True,True,240.19634905151656,7.36258730665892,247.5589363581755,0.0,0.0069465609994949,0.0132905290010967,0.3
core_sarimax_frozen_s42,sarimax,frozen,selected,False,42,5,2025-02-10 01:00:00,2025-02-13 23:00:00,95,331.13,True,True,305.8959050510496,7.36258730665892,313.2584923577085,0.0,0.0069465609994949,0.0132905290010967,0.3
core_sarimax_frozen_s42,sarimax,frozen,selected,False,42,5,2025-02-10 01:00:00,2025-02-14 00:00:00,96,444.49,True,True,423.738872338728,7.36258730665892,431.1014596453869,0.0,0.0069465609994949,0.0132905290010967,0.3
core_sarimax_frozen_s42,sarimax,frozen,selected,False,42,5,2025-02-10 01:00:00,2025-02-14 01:00:00,97,549.87,True,True,534.793306444448,7.36258730665892,542.155893751107,0.0,0.0069465609994949,0.0132905290010967,0.3
core_sarimax_frozen_s42,sarimax,frozen,selected,False,42,5,2025-02-10 01:00:00,2025-02-14 02:00:00,98,601.88,True,True,586.9746854692606,7.36258730665892,594.3372727759196,0.0,0.0069465609994949,0.0132905290010967,0.3
core_sarimax_frozen_s42,sarimax,frozen,selected,False,42,5,2025-02-10 01:00:00,2025-02-14 03:00:00,99,572.3,True,True,561.322281387284,7.36258730665892,568.6848686939429,0.0,0.0069465609994949,0.0132905290010967,0.3
core_sarimax_frozen_s42,sarimax,frozen,selected,False,42,5,2025-02-10 01:00:00,2025-02-14 04:00:00,100,375.34,True,True,366.7274007250609,7.36258730665892,374.08998803171977,0.0,0.0069465609994949,0.0132905290010967,0.3
core_sarimax_frozen_s42,sarimax,frozen,selected,False,42,5,2025-02-10 01:00:00,2025-02-14 05:00:00,101,349.22,True,True,333.725329308809,7.36258730665892,341.0879166154679,0.0,0.0069465609994949,0.0132905290010967,0.3
core_sarimax_frozen_s42,sarimax,frozen,selected,False,42,5,2025-02-10 01:00:00,2025-02-14 06:00:00,102,373.4,True,True,349.47514285249054,7.36258730665892,356.83773015914943,0.0,0.0069465609994949,0.0132905290010967,0.3
core_sarimax_frozen_s42,sarimax,frozen,selected,False,42,5,2025-02-10 01:00:00,2025-02-14 07:00:00,103,363.75,True,True,331.85367310990705,7.36258730665892,339.21626041656594,0.0,0.0069465609994949,0.0132905290010967,0.3
core_sarimax_frozen_s42,sarimax,frozen,selected,False,42,5,2025-02-10 01:00:00,2025-02-14 08:00:00,104,404.93,True,True,348.2509192746619,7.36258730665892,355.6135065813208,0.0,0.0069465609994949,0.0132905290010967,0.3
core_sarimax_frozen_s42,sarimax,frozen,selected,False,42,5,2025-02-10 01:00:00,2025-02-14 09:00:00,105,419.72,True,True,365.5838209562287,7.36258730665892,372.9464082628876,0.0,0.0069465609994949,0.0132905290010967,0.3
core_sarimax_frozen_s42,sarimax,frozen,selected,False,42,5,2025-02-10 01:00:00,2025-02-14 10:00:00,106,473.48,True,True,454.9886372184861,7.36258730665892,462.35122452514497,0.0,0.0069465609994949,0.0132905290010967,0.3
core_sarimax_frozen_s42,sarimax,frozen,selected,False,42,5,2025-02-10 01:00:00,2025-02-14 11:00:00,107,611.54,True,True,623.6637157746848,7.36258730665892,631.0263030813437,0.0,0.0069465609994949,0.0132905290010967,0.3
core_sarimax_frozen_s42,sarimax,frozen,selected,False,42,5,2025-02-10 01:00:00,2025-02-14 12:00:00,108,748.78,True,True,791.2912902330436,7.36258730665892,798.6538775397025,0.0,0.0069465609994949,0.0132905290010967,0.3
core_sarimax_frozen_s42,sarimax,frozen,selected,False,42,5,2025-02-10 01:00:00,2025-02-14 13:00:00,109,854.48,True,True,891.7341834802999,7.36258730665892,899.0967707869588,0.0,0.0069465609994949,0.0132905290010967,0.3
core_sarimax_frozen_s42,sarimax,frozen,selected,False,42,5,2025-02-10 01:00:00,2025-02-14 14:00:00,110,966.79,True,True,973.8959768400111,7.36258730665892,981.2585641466701,0.0,0.0069465609994949,0.0132905290010967,0.3
core_sarimax_frozen_s42,sarimax,frozen,selected,False,42,5,2025-02-10 01:00:00,2025-02-14 15:00:00,111,1036.96,True,True,1022.7557119966484,7.36258730665892,1030.1182993033074,0.0,0.0069465609994949,0.0132905290010967,0.3
core_sarimax_frozen_s42,sarimax,frozen,selected,False,42,5,2025-02-10 01:00:00,2025-02-14 16:00:00,112,1010.44,True,True,974.8991858221094,7.36258730665892,982.2617731287684,0.0,0.0069465609994949,0.0132905290010967,0.3
core_sarimax_frozen_s42,sarimax,frozen,selected,False,42,5,2025-02-10 01:00:00,2025-02-14 17:00:00,113,939.11,True,True,898.2600446843198,7.36258730665892,905.6226319909788,0.0,0.0069465609994949,0.0132905290010967,0.3
core_sarimax_frozen_s42,sarimax,frozen,selected,False,42,5,2025-02-10 01:00:00,2025-02-14 18:00:00,114,879.44,True,True,833.1514281801055,7.36258730665892,840.5140154867645,0.0,0.0069465609994949,0.0132905290010967,0.3
core_sarimax_frozen_s42,sarimax,frozen,selected,False,42,5,2025-02-10 01:00:00,2025-02-14 19:00:00,115,785.27,True,True,741.2306962928003,7.36258730665892,748.5932835994593,0.0,0.0069465609994949,0.0132905290010967,0.3
core_sarimax_frozen_s42,sarimax,frozen,selected,False,42,5,2025-02-10 01:00:00,2025-02-14 20:00:00,116,657.49,True,True,609.0826332651604,7.36258730665892,616.4452205718194,0.0,0.0069465609994949,0.0132905290010967,0.3
core_sarimax_frozen_s42,sarimax,frozen,selected,False,42,5,2025-02-10 01:00:00,2025-02-14 21:00:00,117,547.33,True,True,493.7825627889279,7.36258730665892,501.1451500955868,0.0,0.0069465609994949,0.0132905290010967,0.3
core_sarimax_frozen_s42,sarimax,frozen,selected,False,42,5,2025-02-10 01:00:00,2025-02-14 22:00:00,118,464.79,True,True,410.3440306422922,7.36258730665892,417.7066179489511,0.0,0.0069465609994949,0.0132905290010967,0.3
core_sarimax_frozen_s42,sarimax,frozen,selected,False,42,5,2025-02-10 01:00:00,2025-02-14 23:00:00,119,366.24,True,True,320.68981093593703,7.36258730665892,328.0523982425959,0.0,0.0069465609994949,0.0132905290010967,0.3
core_sarimax_frozen_s42,sarimax,frozen,selected,False,42,5,2025-02-10 01:00:00,2025-02-15 00:00:00,120,269.16,True,True,243.68390917515447,7.36258730665892,251.0464964818134,0.0,0.0069465609994949,0.0132905290010967,0.3
core_sarimax_frozen_s42,sarimax,frozen,selected,False,42,5,2025-02-10 01:00:00,2025-02-15 01:00:00,121,185.33,True,True,171.691606983303,7.36258730665892,179.0541942899619,0.0,0.0069465609994949,0.0132905290010967,0.3
core_sarimax_frozen_s42,sarimax,frozen,selected,False,42,5,2025-02-10 01:00:00,2025-02-15 02:00:00,122,172.2,True,True,159.62960180886515,7.36258730665892,166.99218911552407,0.0,0.0069465609994949,0.0132905290010967,0.3
core_sarimax_frozen_s42,sarimax,frozen,selected,False,42,5,2025-02-10 01:00:00,2025-02-15 03:00:00,123,148.07,True,True,135.69476429291583,7.36258730665892,143.05735159957476,0.0,0.0069465609994949,0.0132905290010967,0.3
core_sarimax_frozen_s42,sarimax,frozen,selected,False,42,5,2025-02-10 01:00:00,2025-02-15 04:00:00,124,100.37,True,True,73.68249375085077,7.36258730665892,81.04508105750969,0.0,0.0069465609994949,0.0132905290010967,0.3
core_sarimax_frozen_s42,sarimax,frozen,selected,False,42,5,2025-02-10 01:00:00,2025-02-15 05:00:00,125,78.32,True,True,36.01175003587372,7.36258730665892,43.37433734253264,0.0,0.0069465609994949,0.0132905290010967,0.3
core_sarimax_frozen_s42,sarimax,frozen,selected,False,42,5,2025-02-10 01:00:00,2025-02-15 06:00:00,126,72.24,True,True,20.714795239092357,7.36258730665892,28.077382545751277,0.0,0.0069465609994949,0.0132905290010967,0.3
core_sarimax_frozen_s42,sarimax,frozen,selected,False,42,5,2025-02-10 01:00:00,2025-02-15 07:00:00,127,75.83,True,True,22.52756055451056,7.36258730665892,29.89014786116948,0.0,0.0069465609994949,0.0132905290010967,0.3
core_sarimax_frozen_s42,sarimax,frozen,selected,False,42,5,2025-02-10 01:00:00,2025-02-15 08:00:00,128,89.91,True,True,38.02385784525913,7.36258730665892,45.38644515191805,0.0,0.0069465609994949,0.0132905290010967,0.3
core_sarimax_frozen_s42,sarimax,frozen,selected,False,42,5,2025-02-10 01:00:00,2025-02-15 09:00:00,129,104.0,True,True,51.924329599778375,7.36258730665892,59.2869169064373,0.0,0.0069465609994949,0.0132905290010967,0.3
core_sarimax_frozen_s42,sarimax,frozen,selected,False,42,5,2025-02-10 01:00:00,2025-02-15 10:00:00,130,145.37,True,True,98.35323166565554,7.36258730665892,105.71581897231447,0.0,0.0069465609994949,0.0132905290010967,0.3
core_sarimax_frozen_s42,sarimax,frozen,selected,False,42,5,2025-02-10 01:00:00,2025-02-15 11:00:00,131,226.72,True,True,180.0346922751906,7.36258730665892,187.39727958184952,0.0,0.0069465609994949,0.0132905290010967,0.3
core_sarimax_frozen_s42,sarimax,frozen,selected,False,42,5,2025-02-10 01:00:00,2025-02-15 12:00:00,132,292.91,True,True,243.55986133643077,7.36258730665892,250.9224486430897,0.0,0.0069465609994949,0.0132905290010967,0.3
core_sarimax_frozen_s42,sarimax,frozen,selected,False,42,5,2025-02-10 01:00:00,2025-02-15 13:00:00,133,293.88,True,True,239.17898867487963,7.36258730665892,246.54157598153856,0.0,0.0069465609994949,0.0132905290010967,0.3
core_sarimax_frozen_s42,sarimax,frozen,selected,False,42,5,2025-02-10 01:00:00,2025-02-15 14:00:00,134,246.51,True,True,174.9781177045769,7.36258730665892,182.34070501123583,0.0,0.0069465609994949,0.0132905290010967,0.3
core_sarimax_frozen_s42,sarimax,frozen,selected,False,42,5,2025-02-10 01:00:00,2025-02-15 15:00:00,135,190.21,True,True,91.91066354796806,7.36258730665892,99.27325085462698,0.0,0.0069465609994949,0.0132905290010967,0.3
core_sarimax_frozen_s42,sarimax,frozen,selected,False,42,5,2025-02-10 01:00:00,2025-02-15 16:00:00,136,110.3,True,True,8.888776348962068,7.36258730665892,16.251363655620988,0.0,0.0069465609994949,0.0132905290010967,0.3
core_sarimax_frozen_s42,sarimax,frozen,selected,False,42,5,2025-02-10 01:00:00,2025-02-15 17:00:00,137,72.65,True,True,0.1144056387166472,7.36258730665892,7.476992945375567,0.0,0.0069465609994949,0.0132905290010967,0.3
core_sarimax_frozen_s42,sarimax,frozen,selected,False,42,5,2025-02-10 01:00:00,2025-02-15 18:00:00,138,44.78,True,True,1.2998213409211985,7.36258730665892,8.662408647580119,0.0,0.0069465609994949,0.0132905290010967,0.3
core_sarimax_frozen_s42,sarimax,frozen,selected,False,42,5,2025-02-10 01:00:00,2025-02-15 19:00:00,139,26.85,True,True,4.206280933125669,7.36258730665892,11.568868239784589,0.0,0.0069465609994949,0.0132905290010967,0.3
core_sarimax_frozen_s42,sarimax,frozen,selected,False,42,5,2025-02-10 01:00:00,2025-02-15 20:00:00,140,17.27,True,True,7.494789491516599,7.36258730665892,14.857376798175519,0.0,0.0069465609994949,0.0132905290010967,0.3
core_sarimax_frozen_s42,sarimax,frozen,selected,False,42,5,2025-02-10 01:00:00,2025-02-15 21:00:00,141,11.84,True,True,10.4302281460796,7.36258730665892,17.79281545273852,0.0,0.0069465609994949,0.0132905290010967,0.3
core_sarimax_frozen_s42,sarimax,frozen,selected,False,42,5,2025-02-10 01:00:00,2025-02-15 22:00:00,142,10.68,True,True,12.530945296920663,7.36258730665892,19.893532603579583,0.0,0.0069465609994949,0.0132905290010967,0.3
core_sarimax_frozen_s42,sarimax,frozen,selected,False,42,5,2025-02-10 01:00:00,2025-02-15 23:00:00,143,17.11,True,True,21.917093031136403,7.36258730665892,29.279680337795323,0.0,0.0069465609994949,0.0132905290010967,0.3
core_sarimax_frozen_s42,sarimax,frozen,selected,False,42,5,2025-02-10 01:00:00,2025-02-16 00:00:00,144,22.66,True,True,28.6879100786166,7.36258730665892,36.05049738527552,0.0,0.0069465609994949,0.0132905290010967,0.3
core_sarimax_frozen_s42,sarimax,frozen,selected,False,42,5,2025-02-10 01:00:00,2025-02-16 01:00:00,145,22.56,True,True,26.942644268628896,7.36258730665892,34.30523157528782,0.0,0.0069465609994949,0.0132905290010967,0.3
core_sarimax_frozen_s42,sarimax,frozen,selected,False,42,5,2025-02-10 01:00:00,2025-02-16 02:00:00,146,18.86,True,True,19.697132030707337,7.36258730665892,27.059719337366257,0.0,0.0069465609994949,0.0132905290010967,0.3
core_sarimax_frozen_s42,sarimax,frozen,selected,False,42,5,2025-02-10 01:00:00,2025-02-16 03:00:00,147,13.37,True,True,12.544877271920882,7.36258730665892,19.907464578579802,0.0,0.0069465609994949,0.0132905290010967,0.3
core_sarimax_frozen_s42,sarimax,frozen,selected,False,42,5,2025-02-10 01:00:00,2025-02-16 04:00:00,148,7.9,True,True,5.950487627835031,7.36258730665892,13.313074934493951,0.0,0.0069465609994949,0.0132905290010967,0.3
core_sarimax_frozen_s42,sarimax,frozen,selected,False,42,5,2025-02-10 01:00:00,2025-02-16 05:00:00,149,7.2,True,True,3.945983776475913,7.36258730665892,11.308571083134833,0.0,0.0069465609994949,0.0132905290010967,0.3
core_sarimax_frozen_s42,sarimax,frozen,selected,False,42,5,2025-02-10 01:00:00,2025-02-16 06:00:00,150,7.44,True,True,1.1124659291604928,7.36258730665892,8.475053235819413,0.0,0.0069465609994949,0.0132905290010967,0.3
core_sarimax_frozen_s42,sarimax,frozen,selected,False,42,5,2025-02-10 01:00:00,2025-02-16 07:00:00,151,8.5,True,True,-0.962778474871726,7.36258730665892,6.399808831787194,0.0,0.0069465609994949,0.0132905290010967,0.3
core_sarimax_frozen_s42,sarimax,frozen,selected,False,42,5,2025-02-10 01:00:00,2025-02-16 08:00:00,152,11.07,True,True,-0.8276490803640968,7.36258730665892,6.534938226294823,0.0,0.0069465609994949,0.0132905290010967,0.3
core_sarimax_frozen_s42,sarimax,frozen,selected,False,42,5,2025-02-10 01:00:00,2025-02-16 09:00:00,153,12.97,True,True,-1.5988117838336109,7.36258730665892,5.763775522825309,0.0,0.0069465609994949,0.0132905290010967,0.3
core_sarimax_frozen_s42,sarimax,frozen,selected,False,42,5,2025-02-10 01:00:00,2025-02-16 10:00:00,154,13.88,True,True,-1.138430833951162,7.36258730665892,6.224156472707758,0.0,0.0069465609994949,0.0132905290010967,0.3
core_sarimax_frozen_s42,sarimax,frozen,selected,False,42,5,2025-02-10 01:00:00,2025-02-16 11:00:00,155,17.04,True,True,3.489012606026762,7.36258730665892,10.851599912685682,0.0,0.0069465609994949,0.0132905290010967,0.3
core_sarimax_frozen_s42,sarimax,frozen,selected,False,42,5,2025-02-10 01:00:00,2025-02-16 12:00:00,156,20.54,True,True,9.643938055675704,7.36258730665892,17.006525362334624,0.0,0.0069465609994949,0.0132905290010967,0.3
core_sarimax_frozen_s42,sarimax,frozen,selected,False,42,5,2025-02-10 01:00:00,2025-02-16 13:00:00,157,23.46,True,True,12.780226384134778,7.36258730665892,20.142813690793698,0.0,0.0069465609994949,0.0132905290010967,0.3
core_sarimax_frozen_s42,sarimax,frozen,selected,False,42,5,2025-02-10 01:00:00,2025-02-16 14:00:00,158,26.54,True,True,15.733555548806834,7.36258730665892,23.096142855465754,0.0,0.0069465609994949,0.0132905290010967,0.3
core_sarimax_frozen_s42,sarimax,frozen,selected,False,42,5,2025-02-10 01:00:00,2025-02-16 15:00:00,159,24.64,True,True,13.781605220104185,7.36258730665892,21.144192526763106,0.0,0.0069465609994949,0.0132905290010967,0.3
core_sarimax_frozen_s42,sarimax,frozen,selected,False,42,5,2025-02-10 01:00:00,2025-02-16 16:00:00,160,18.44,True,True,5.7579517873817565,7.36258730665892,13.120539094040677,0.0,0.0069465609994949,0.0132905290010967,0.3
core_sarimax_frozen_s42,sarimax,frozen,selected,False,42,5,2025-02-10 01:00:00,2025-02-16 17:00:00,161,17.24,True,True,4.149730928087223,7.36258730665892,11.512318234746143,0.0,0.0069465609994949,0.0132905290010967,0.3
core_sarimax_frozen_s42,sarimax,frozen,selected,False,42,5,2025-02-10 01:00:00,2025-02-16 18:00:00,162,16.83,True,True,5.692464252820969,7.36258730665892,13.055051559479889,0.0,0.0069465609994949,0.0132905290010967,0.3
core_sarimax_frozen_s42,sarimax,frozen,selected,False,42,5,2025-02-10 01:00:00,2025-02-16 19:00:00,163,16.43,True,True,7.555084551476057,7.36258730665892,14.917671858134977,0.0,0.0069465609994949,0.0132905290010967,0.3
core_sarimax_frozen_s42,sarimax,frozen,selected,False,42,5,2025-02-10 01:00:00,2025-02-16 20:00:00,164,15.59,True,True,8.799449730543415,7.36258730665892,16.162037037202335,0.0,0.0069465609994949,0.0132905290010967,0.3
core_sarimax_frozen_s42,sarimax,frozen,selected,False,42,5,2025-02-10 01:00:00,2025-02-16 21:00:00,165,15.09,True,True,10.03361294777983,7.36258730665892,17.39620025443875,0.0,0.0069465609994949,0.0132905290010967,0.3
core_sarimax_frozen_s42,sarimax,frozen,selected,False,42,5,2025-02-10 01:00:00,2025-02-16 22:00:00,166,16.25,True,True,12.127716463797752,7.36258730665892,19.49030377045667,0.0,0.0069465609994949,0.0132905290010967,0.3
core_sarimax_frozen_s42,sarimax,frozen,selected,False,42,5,2025-02-10 01:00:00,2025-02-16 23:00:00,167,27.63,True,True,27.302219724613398,7.36258730665892,34.66480703127232,0.0,0.0069465609994949,0.0132905290010967,0.3
core_sarimax_frozen_s42,sarimax,frozen,selected,False,42,5,2025-02-10 01:00:00,2025-02-17 00:00:00,168,42.42,True,True,45.18836413403659,7.36258730665892,52.55095144069551,0.0,0.0069465609994949,0.0132905290010967,0.3
core_sarimax_frozen_s42,sarimax,frozen,selected,False,42,6,2025-02-17 01:00:00,2025-02-17 01:00:00,1,51.7,True,True,50.26368223964215,9.590083328682343,59.85376556832449,0.0,0.0069900640010018,0.0121733699998003,0.3
core_sarimax_frozen_s42,sarimax,frozen,selected,False,42,6,2025-02-17 01:00:00,2025-02-17 02:00:00,2,47.88,True,True,45.76884655527547,9.590083328682343,55.35892988395781,0.0,0.0069900640010018,0.0121733699998003,0.3
core_sarimax_frozen_s42,sarimax,frozen,selected,False,42,6,2025-02-17 01:00:00,2025-02-17 03:00:00,3,36.85,True,True,34.91491047501276,9.590083328682343,44.5049938036951,0.0,0.0069900640010018,0.0121733699998003,0.3
core_sarimax_frozen_s42,sarimax,frozen,selected,False,42,6,2025-02-17 01:00:00,2025-02-17 04:00:00,4,20.69,True,True,17.977489001524788,9.590083328682343,27.56757233020713,0.0,0.0069900640010018,0.0121733699998003,0.3
core_sarimax_frozen_s42,sarimax,frozen,selected,False,42,6,2025-02-17 01:00:00,2025-02-17 05:00:00,5,18.02,True,True,15.427612164108837,9.590083328682343,25.01769549279118,0.0,0.0069900640010018,0.0121733699998003,0.3
core_sarimax_frozen_s42,sarimax,frozen,selected,False,42,6,2025-02-17 01:00:00,2025-02-17 06:00:00,6,18.83,True,True,15.772602751802111,9.590083328682343,25.362686080484455,0.0,0.0069900640010018,0.0121733699998003,0.3
core_sarimax_frozen_s42,sarimax,frozen,selected,False,42,6,2025-02-17 01:00:00,2025-02-17 07:00:00,7,30.23,True,True,28.355877031300253,9.590083328682343,37.94596035998259,0.0,0.0069900640010018,0.0121733699998003,0.3
core_sarimax_frozen_s42,sarimax,frozen,selected,False,42,6,2025-02-17 01:00:00,2025-02-17 08:00:00,8,57.88,True,True,60.10056014264752,9.590083328682343,69.69064347132986,0.0,0.0069900640010018,0.0121733699998003,0.3
core_sarimax_frozen_s42,sarimax,frozen,selected,False,42,6,2025-02-17 01:00:00,2025-02-17 09:00:00,9,87.72,True,True,88.77515770129138,9.590083328682343,98.36524102997372,0.0,0.0069900640010018,0.0121733699998003,0.3
core_sarimax_frozen_s42,sarimax,frozen,selected,False,42,6,2025-02-17 01:00:00,2025-02-17 10:00:00,10,127.67,True,True,125.57695481573737,9.590083328682343,135.1670381444197,0.0,0.0069900640010018,0.0121733699998003,0.3
core_sarimax_frozen_s42,sarimax,frozen,selected,False,42,6,2025-02-17 01:00:00,2025-02-17 11:00:00,11,200.43,True,True,204.5258282377315,9.590083328682343,214.11591156641384,0.0,0.0069900640010018,0.0121733699998003,0.3
core_sarimax_frozen_s42,sarimax,frozen,selected,False,42,6,2025-02-17 01:00:00,2025-02-17 12:00:00,12,285.42,True,True,317.6766806075899,9.590083328682343,327.26676393627224,0.0,0.0069900640010018,0.0121733699998003,0.3
core_sarimax_frozen_s42,sarimax,frozen,selected,False,42,6,2025-02-17 01:00:00,2025-02-17 13:00:00,13,369.4,True,True,443.4805026054767,9.590083328682343,453.07058593415906,0.0,0.0069900640010018,0.0121733699998003,0.3
core_sarimax_frozen_s42,sarimax,frozen,selected,False,42,6,2025-02-17 01:00:00,2025-02-17 14:00:00,14,453.88,True,True,542.6880512892719,9.590083328682343,552.2781346179543,0.0,0.0069900640010018,0.0121733699998003,0.3
core_sarimax_frozen_s42,sarimax,frozen,selected,False,42,6,2025-02-17 01:00:00,2025-02-17 15:00:00,15,504.29,True,True,591.7296467098026,9.590083328682343,601.319730038485,0.0,0.0069900640010018,0.0121733699998003,0.3
core_sarimax_frozen_s42,sarimax,frozen,selected,False,42,6,2025-02-17 01:00:00,2025-02-17 16:00:00,16,491.51,True,True,563.6863638294661,9.590083328682343,573.2764471581485,0.0,0.0069900640010018,0.0121733699998003,0.3
core_sarimax_frozen_s42,sarimax,frozen,selected,False,42,6,2025-02-17 01:00:00,2025-02-17 17:00:00,17,471.71,True,True,531.2613540502009,9.590083328682343,540.8514373788832,0.0,0.0069900640010018,0.0121733699998003,0.3
core_sarimax_frozen_s42,sarimax,frozen,selected,False,42,6,2025-02-17 01:00:00,2025-02-17 18:00:00,18,469.79,True,True,517.1705307576351,9.590083328682343,526.7606140863174,0.0,0.0069900640010018,0.0121733699998003,0.3
core_sarimax_frozen_s42,sarimax,frozen,selected,False,42,6,2025-02-17 01:00:00,2025-02-17 19:00:00,19,490.14,True,True,532.6143484435854,9.590083328682343,542.2044317722678,0.0,0.0069900640010018,0.0121733699998003,0.3
core_sarimax_frozen_s42,sarimax,frozen,selected,False,42,6,2025-02-17 01:00:00,2025-02-17 20:00:00,20,516.16,True,True,546.4684265381984,9.590083328682343,556.0585098668807,0.0,0.0069900640010018,0.0121733699998003,0.3
core_sarimax_frozen_s42,sarimax,frozen,selected,False,42,6,2025-02-17 01:00:00,2025-02-17 21:00:00,21,530.29,True,True,554.5121632786527,9.590083328682343,564.102246607335,0.0,0.0069900640010018,0.0121733699998003,0.3
core_sarimax_frozen_s42,sarimax,frozen,selected,False,42,6,2025-02-17 01:00:00,2025-02-17 22:00:00,22,516.85,True,True,526.5405670665996,9.590083328682343,536.1306503952819,0.0,0.0069900640010018,0.0121733699998003,0.3
core_sarimax_frozen_s42,sarimax,frozen,selected,False,42,6,2025-02-17 01:00:00,2025-02-17 23:00:00,23,534.32,True,True,530.8063856819396,9.590083328682343,540.3964690106219,0.0,0.0069900640010018,0.0121733699998003,0.3
core_sarimax_frozen_s42,sarimax,frozen,selected,False,42,6,2025-02-17 01:00:00,2025-02-18 00:00:00,24,524.69,True,True,508.5608120610143,9.590083328682343,518.1508953896966,0.0,0.0069900640010018,0.0121733699998003,0.3
core_sarimax_frozen_s42,sarimax,frozen,selected,False,42,6,2025-02-17 01:00:00,2025-02-18 01:00:00,25,441.23,True,True,423.8668889298681,9.590083328682343,433.4569722585504,0.0,0.0069900640010018,0.0121733699998003,0.3
core_sarimax_frozen_s42,sarimax,frozen,selected,False,42,6,2025-02-17 01:00:00,2025-02-18 02:00:00,26,370.35,True,True,361.0868048291897,9.590083328682343,370.67688815787204,0.0,0.0069900640010018,0.0121733699998003,0.3
core_sarimax_frozen_s42,sarimax,frozen,selected,False,42,6,2025-02-17 01:00:00,2025-02-18 03:00:00,27,275.84,True,True,274.6990394382937,9.590083328682343,284.28912276697605,0.0,0.0069900640010018,0.0121733699998003,0.3
core_sarimax_frozen_s42,sarimax,frozen,selected,False,42,6,2025-02-17 01:00:00,2025-02-18 04:00:00,28,49.01,True,True,46.54291240394517,9.590083328682343,56.132995732627506,0.0,0.0069900640010018,0.0121733699998003,0.3
core_sarimax_frozen_s42,sarimax,frozen,selected,False,42,6,2025-02-17 01:00:00,2025-02-18 05:00:00,29,29.51,True,True,24.31367103588775,9.590083328682343,33.90375436457009,0.0,0.0069900640010018,0.0121733699998003,0.3
core_sarimax_frozen_s42,sarimax,frozen,selected,False,42,6,2025-02-17 01:00:00,2025-02-18 06:00:00,30,29.15,True,True,22.195271643393795,9.590083328682343,31.78535497207614,0.0,0.0069900640010018,0.0121733699998003,0.3
core_sarimax_frozen_s42,sarimax,frozen,selected,False,42,6,2025-02-17 01:00:00,2025-02-18 07:00:00,31,67.07,True,True,67.89967064460191,9.590083328682343,77.48975397328425,0.0,0.0069900640010018,0.0121733699998003,0.3
core_sarimax_frozen_s42,sarimax,frozen,selected,False,42,6,2025-02-17 01:00:00,2025-02-18 08:00:00,32,133.78,True,True,140.44656762148827,9.590083328682343,150.0366509501706,0.0,0.0069900640010018,0.0121733699998003,0.3
core_sarimax_frozen_s42,sarimax,frozen,selected,False,42,6,2025-02-17 01:00:00,2025-02-18 09:00:00,33,199.94,True,True,206.6374812165988,9.590083328682343,216.22756454528113,0.0,0.0069900640010018,0.0121733699998003,0.3
core_sarimax_frozen_s42,sarimax,frozen,selected,False,42,6,2025-02-17 01:00:00,2025-02-18 10:00:00,34,239.74,True,True,242.6387174509352,9.590083328682343,252.22880077961753,0.0,0.0069900640010018,0.0121733699998003,0.3
core_sarimax_frozen_s42,sarimax,frozen,selected,False,42,6,2025-02-17 01:00:00,2025-02-18 11:00:00,35,254.81,True,True,255.1939648455212,9.590083328682343,264.7840481742036,0.0,0.0069900640010018,0.0121733699998003,0.3
core_sarimax_frozen_s42,sarimax,frozen,selected,False,42,6,2025-02-17 01:00:00,2025-02-18 12:00:00,36,216.09,True,True,211.44401511677972,9.590083328682343,221.03409844546206,0.0,0.0069900640010018,0.0121733699998003,0.3
core_sarimax_frozen_s42,sarimax,frozen,selected,False,42,6,2025-02-17 01:00:00,2025-02-18 13:00:00,37,89.54,True,True,77.86194762947248,9.590083328682343,87.45203095815482,0.0,0.0069900640010018,0.0121733699998003,0.3
core_sarimax_frozen_s42,sarimax,frozen,selected,False,42,6,2025-02-17 01:00:00,2025-02-18 14:00:00,38,57.9,True,True,48.76636990759299,9.590083328682343,58.35645323627533,0.0,0.0069900640010018,0.0121733699998003,0.3
core_sarimax_frozen_s42,sarimax,frozen,selected,False,42,6,2025-02-17 01:00:00,2025-02-18 15:00:00,39,46.09,True,True,40.83751152039497,9.590083328682343,50.42759484907731,0.0,0.0069900640010018,0.0121733699998003,0.3
core_sarimax_frozen_s42,sarimax,frozen,selected,False,42,6,2025-02-17 01:00:00,2025-02-18 16:00:00,40,36.78,True,True,34.98450285939265,9.590083328682343,44.57458618807499,0.0,0.0069900640010018,0.0121733699998003,0.3
core_sarimax_frozen_s42,sarimax,frozen,selected,False,42,6,2025-02-17 01:00:00,2025-02-18 17:00:00,41,39.7,True,True,38.73320878982091,9.590083328682343,48.32329211850325,0.0,0.0069900640010018,0.0121733699998003,0.3
core_sarimax_frozen_s42,sarimax,frozen,selected,False,42,6,2025-02-17 01:00:00,2025-02-18 18:00:00,42,45.94,True,True,47.24587273454696,9.590083328682343,56.835956063229304,0.0,0.0069900640010018,0.0121733699998003,0.3
core_sarimax_frozen_s42,sarimax,frozen,selected,False,42,6,2025-02-17 01:00:00,2025-02-18 19:00:00,43,59.76,True,True,62.08827368521699,9.590083328682343,71.67835701389933,0.0,0.0069900640010018,0.0121733699998003,0.3
core_sarimax_frozen_s42,sarimax,frozen,selected,False,42,6,2025-02-17 01:00:00,2025-02-18 20:00:00,44,85.69,True,True,88.53125483076992,9.590083328682343,98.12133815945226,0.0,0.0069900640010018,0.0121733699998003,0.3
core_sarimax_frozen_s42,sarimax,frozen,selected,False,42,6,2025-02-17 01:00:00,2025-02-18 21:00:00,45,120.64,True,True,120.72258476868949,9.590083328682343,130.31266809737184,0.0,0.0069900640010018,0.0121733699998003,0.3
core_sarimax_frozen_s42,sarimax,frozen,selected,False,42,6,2025-02-17 01:00:00,2025-02-18 22:00:00,46,166.49,True,True,164.0494468513692,9.590083328682343,173.63953018005154,0.0,0.0069900640010018,0.0121733699998003,0.3
core_sarimax_frozen_s42,sarimax,frozen,selected,False,42,6,2025-02-17 01:00:00,2025-02-18 23:00:00,47,271.65,True,True,266.5353751636596,9.590083328682343,276.1254584923419,0.0,0.0069900640010018,0.0121733699998003,0.3
core_sarimax_frozen_s42,sarimax,frozen,selected,False,42,6,2025-02-17 01:00:00,2025-02-19 00:00:00,48,403.91,True,True,391.1775368324485,9.590083328682343,400.7676201611308,0.0,0.0069900640010018,0.0121733699998003,0.3
core_sarimax_frozen_s42,sarimax,frozen,selected,False,42,6,2025-02-17 01:00:00,2025-02-19 01:00:00,49,489.43,True,True,478.586323867342,9.590083328682343,488.17640719602434,0.0,0.0069900640010018,0.0121733699998003,0.3
core_sarimax_frozen_s42,sarimax,frozen,selected,False,42,6,2025-02-17 01:00:00,2025-02-19 02:00:00,50,466.75,True,True,452.36556224274847,9.590083328682343,461.9556455714308,0.0,0.0069900640010018,0.0121733699998003,0.3
core_sarimax_frozen_s42,sarimax,frozen,selected,False,42,6,2025-02-17 01:00:00,2025-02-19 03:00:00,51,343.4,True,True,327.245525447432,9.590083328682343,336.8356087761143,0.0,0.0069900640010018,0.0121733699998003,0.3
core_sarimax_frozen_s42,sarimax,frozen,selected,False,42,6,2025-02-17 01:00:00,2025-02-19 04:00:00,52,51.63,True,True,44.58296516585773,9.590083328682343,54.17304849454007,0.0,0.0069900640010018,0.0121733699998003,0.3
core_sarimax_frozen_s42,sarimax,frozen,selected,False,42,6,2025-02-17 01:00:00,2025-02-19 05:00:00,53,29.72,True,True,21.243829235601112,9.590083328682343,30.833912564283455,0.0,0.0069900640010018,0.0121733699998003,0.3
core_sarimax_frozen_s42,sarimax,frozen,selected,False,42,6,2025-02-17 01:00:00,2025-02-19 06:00:00,54,28.54,True,True,20.224532412682635,9.590083328682343,29.814615741364978,0.0,0.0069900640010018,0.0121733699998003,0.3
core_sarimax_frozen_s42,sarimax,frozen,selected,False,42,6,2025-02-17 01:00:00,2025-02-19 07:00:00,55,40.53,True,True,34.25504219859252,9.590083328682343,43.84512552727486,0.0,0.0069900640010018,0.0121733699998003,0.3
core_sarimax_frozen_s42,sarimax,frozen,selected,False,42,6,2025-02-17 01:00:00,2025-02-19 08:00:00,56,72.4,True,True,71.09772514125791,9.590083328682343,80.68780846994025,0.0,0.0069900640010018,0.0121733699998003,0.3
core_sarimax_frozen_s42,sarimax,frozen,selected,False,42,6,2025-02-17 01:00:00,2025-02-19 09:00:00,57,114.39,True,True,112.44322852908336,9.590083328682343,122.0333118577657,0.0,0.0069900640010018,0.0121733699998003,0.3
core_sarimax_frozen_s42,sarimax,frozen,selected,False,42,6,2025-02-17 01:00:00,2025-02-19 10:00:00,58,202.46,True,True,198.61007057211123,9.590083328682343,208.20015390079357,0.0,0.0069900640010018,0.0121733699998003,0.3
core_sarimax_frozen_s42,sarimax,frozen,selected,False,42,6,2025-02-17 01:00:00,2025-02-19 11:00:00,59,361.35,True,True,360.7186490636429,9.590083328682343,370.3087323923252,0.0,0.0069900640010018,0.0121733699998003,0.3
core_sarimax_frozen_s42,sarimax,frozen,selected,False,42,6,2025-02-17 01:00:00,2025-02-19 12:00:00,60,536.87,True,True,537.1114358308415,9.590083328682343,546.7015191595239,0.0,0.0069900640010018,0.0121733699998003,0.3
core_sarimax_frozen_s42,sarimax,frozen,selected,False,42,6,2025-02-17 01:00:00,2025-02-19 13:00:00,61,630.96,True,True,631.9804789061116,9.590083328682343,641.5705622347939,0.0,0.0069900640010018,0.0121733699998003,0.3
core_sarimax_frozen_s42,sarimax,frozen,selected,False,42,6,2025-02-17 01:00:00,2025-02-19 14:00:00,62,589.88,True,True,593.5254133100661,9.590083328682343,603.1154966387485,0.0,0.0069900640010018,0.0121733699998003,0.3
core_sarimax_frozen_s42,sarimax,frozen,selected,False,42,6,2025-02-17 01:00:00,2025-02-19 15:00:00,63,403.76,True,True,412.9059814817908,9.590083328682343,422.4960648104731,0.0,0.0069900640010018,0.0121733699998003,0.3
core_sarimax_frozen_s42,sarimax,frozen,selected,False,42,6,2025-02-17 01:00:00,2025-02-19 16:00:00,64,129.17,True,True,132.34298442285416,9.590083328682343,141.9330677515365,0.0,0.0069900640010018,0.0121733699998003,0.3
core_sarimax_frozen_s42,sarimax,frozen,selected,False,42,6,2025-02-17 01:00:00,2025-02-19 17:00:00,65,51.04,True,True,51.99775180025748,9.590083328682343,61.58783512893983,0.0,0.0069900640010018,0.0121733699998003,0.3
core_sarimax_frozen_s42,sarimax,frozen,selected,False,42,6,2025-02-17 01:00:00,2025-02-19 18:00:00,66,29.41,True,True,30.930773397606856,9.590083328682343,40.520856726289196,0.0,0.0069900640010018,0.0121733699998003,0.3
core_sarimax_frozen_s42,sarimax,frozen,selected,False,42,6,2025-02-17 01:00:00,2025-02-19 19:00:00,67,27.89,True,True,30.4962557870374,9.590083328682343,40.08633911571974,0.0,0.0069900640010018,0.0121733699998003,0.3
core_sarimax_frozen_s42,sarimax,frozen,selected,False,42,6,2025-02-17 01:00:00,2025-02-19 20:00:00,68,37.61,True,True,43.64257323944307,9.590083328682343,53.23265656812541,0.0,0.0069900640010018,0.0121733699998003,0.3
core_sarimax_frozen_s42,sarimax,frozen,selected,False,42,6,2025-02-17 01:00:00,2025-02-19 21:00:00,69,50.21,True,True,57.66891890451271,9.590083328682343,67.25900223319505,0.0,0.0069900640010018,0.0121733699998003,0.3
core_sarimax_frozen_s42,sarimax,frozen,selected,False,42,6,2025-02-17 01:00:00,2025-02-19 22:00:00,70,72.89,True,True,79.52562666088673,9.590083328682343,89.11570998956907,0.0,0.0069900640010018,0.0121733699998003,0.3
core_sarimax_frozen_s42,sarimax,frozen,selected,False,42,6,2025-02-17 01:00:00,2025-02-19 23:00:00,71,162.34,True,True,168.46492797477242,9.590083328682343,178.05501130345476,0.0,0.0069900640010018,0.0121733699998003,0.3
core_sarimax_frozen_s42,sarimax,frozen,selected,False,42,6,2025-02-17 01:00:00,2025-02-20 00:00:00,72,301.1,True,True,305.6783459685157,9.590083328682343,315.26842929719805,0.0,0.0069900640010018,0.0121733699998003,0.3
core_sarimax_frozen_s42,sarimax,frozen,selected,False,42,6,2025-02-17 01:00:00,2025-02-20 01:00:00,73,420.92,True,True,425.9492604711129,9.590083328682343,435.53934379979523,0.0,0.0069900640010018,0.0121733699998003,0.3
core_sarimax_frozen_s42,sarimax,frozen,selected,False,42,6,2025-02-17 01:00:00,2025-02-20 02:00:00,74,454.29,True,True,461.2581270729959,9.590083328682343,470.8482104016782,0.0,0.0069900640010018,0.0121733699998003,0.3
core_sarimax_frozen_s42,sarimax,frozen,selected,False,42,6,2025-02-17 01:00:00,2025-02-20 03:00:00,75,397.09,True,True,403.8868596539701,9.590083328682343,413.4769429826524,0.0,0.0069900640010018,0.0121733699998003,0.3
core_sarimax_frozen_s42,sarimax,frozen,selected,False,42,6,2025-02-17 01:00:00,2025-02-20 04:00:00,76,77.09,True,True,78.49928960407732,9.590083328682343,88.08937293275966,0.0,0.0069900640010018,0.0121733699998003,0.3
core_sarimax_frozen_s42,sarimax,frozen,selected,False,42,6,2025-02-17 01:00:00,2025-02-20 05:00:00,77,52.74,True,True,46.03662473718066,9.590083328682343,55.626708065863,0.0,0.0069900640010018,0.0121733699998003,0.3
core_sarimax_frozen_s42,sarimax,frozen,selected,False,42,6,2025-02-17 01:00:00,2025-02-20 06:00:00,78,47.26,True,True,35.30566712918852,9.590083328682343,44.89575045787086,0.0,0.0069900640010018,0.0121733699998003,0.3
core_sarimax_frozen_s42,sarimax,frozen,selected,False,42,6,2025-02-17 01:00:00,2025-02-20 07:00:00,79,46.95,True,True,32.30174165059802,9.590083328682343,41.89182497928036,0.0,0.0069900640010018,0.0121733699998003,0.3
core_sarimax_frozen_s42,sarimax,frozen,selected,False,42,6,2025-02-17 01:00:00,2025-02-20 08:00:00,80,57.55,True,True,45.19259134565269,9.590083328682343,54.78267467433503,0.0,0.0069900640010018,0.0121733699998003,0.3
core_sarimax_frozen_s42,sarimax,frozen,selected,False,42,6,2025-02-17 01:00:00,2025-02-20 09:00:00,81,70.57,True,True,59.51544804266045,9.590083328682343,69.10553137134279,0.0,0.0069900640010018,0.0121733699998003,0.3
core_sarimax_frozen_s42,sarimax,frozen,selected,False,42,6,2025-02-17 01:00:00,2025-02-20 10:00:00,82,77.47,True,True,65.5877544373148,9.590083328682343,75.17783776599714,0.0,0.0069900640010018,0.0121733699998003,0.3
core_sarimax_frozen_s42,sarimax,frozen,selected,False,42,6,2025-02-17 01:00:00,2025-02-20 11:00:00,83,73.05,True,True,58.79080374891649,9.590083328682343,68.38088707759883,0.0,0.0069900640010018,0.0121733699998003,0.3
core_sarimax_frozen_s42,sarimax,frozen,selected,False,42,6,2025-02-17 01:00:00,2025-02-20 12:00:00,84,62.85,True,True,48.60516711374835,9.590083328682343,58.19525044243069,0.0,0.0069900640010018,0.0121733699998003,0.3
core_sarimax_frozen_s42,sarimax,frozen,selected,False,42,6,2025-02-17 01:00:00,2025-02-20 13:00:00,85,93.41,True,True,86.47749328292582,9.590083328682343,96.06757661160816,0.0,0.0069900640010018,0.0121733699998003,0.3
core_sarimax_frozen_s42,sarimax,frozen,selected,False,42,6,2025-02-17 01:00:00,2025-02-20 14:00:00,86,171.86,True,True,171.36199086012164,9.590083328682343,180.95207418880398,0.0,0.0069900640010018,0.0121733699998003,0.3
core_sarimax_frozen_s42,sarimax,frozen,selected,False,42,6,2025-02-17 01:00:00,2025-02-20 15:00:00,87,209.59,True,True,214.0739869338593,9.590083328682343,223.66407026254163,0.0,0.0069900640010018,0.0121733699998003,0.3
core_sarimax_frozen_s42,sarimax,frozen,selected,False,42,6,2025-02-17 01:00:00,2025-02-20 16:00:00,88,183.62,True,True,189.6175592983219,9.590083328682343,199.20764262700425,0.0,0.0069900640010018,0.0121733699998003,0.3
core_sarimax_frozen_s42,sarimax,frozen,selected,False,42,6,2025-02-17 01:00:00,2025-02-20 17:00:00,89,120.59,True,True,126.61254683976728,9.590083328682343,136.20263016844962,0.0,0.0069900640010018,0.0121733699998003,0.3
core_sarimax_frozen_s42,sarimax,frozen,selected,False,42,6,2025-02-17 01:00:00,2025-02-20 18:00:00,90,62.79,True,True,66.11907817798698,9.590083328682343,75.70916150666932,0.0,0.0069900640010018,0.0121733699998003,0.3
core_sarimax_frozen_s42,sarimax,frozen,selected,False,42,6,2025-02-17 01:00:00,2025-02-20 19:00:00,91,28.63,True,True,32.40040051915361,9.590083328682343,41.99048384783595,0.0,0.0069900640010018,0.0121733699998003,0.3
core_sarimax_frozen_s42,sarimax,frozen,selected,False,42,6,2025-02-17 01:00:00,2025-02-20 20:00:00,92,27.27,True,True,32.73069448908049,9.590083328682343,42.32077781776283,0.0,0.0069900640010018,0.0121733699998003,0.3
core_sarimax_frozen_s42,sarimax,frozen,selected,False,42,6,2025-02-17 01:00:00,2025-02-20 21:00:00,93,29.6,True,True,36.48238229564069,9.590083328682343,46.07246562432303,0.0,0.0069900640010018,0.0121733699998003,0.3
core_sarimax_frozen_s42,sarimax,frozen,selected,False,42,6,2025-02-17 01:00:00,2025-02-20 22:00:00,94,36.29,True,True,43.17350172638692,9.590083328682343,52.76358505506926,0.0,0.0069900640010018,0.0121733699998003,0.3
core_sarimax_frozen_s42,sarimax,frozen,selected,False,42,6,2025-02-17 01:00:00,2025-02-20 23:00:00,95,73.17,True,True,80.51848112990075,9.590083328682343,90.10856445858309,0.0,0.0069900640010018,0.0121733699998003,0.3
core_sarimax_frozen_s42,sarimax,frozen,selected,False,42,6,2025-02-17 01:00:00,2025-02-21 00:00:00,96,133.95,True,True,139.72247083096175,9.590083328682343,149.3125541596441,0.0,0.0069900640010018,0.0121733699998003,0.3
core_sarimax_frozen_s42,sarimax,frozen,selected,False,42,6,2025-02-17 01:00:00,2025-02-21 01:00:00,97,175.82,True,True,184.24440864848515,9.590083328682343,193.8344919771675,0.0,0.0069900640010018,0.0121733699998003,0.3
core_sarimax_frozen_s42,sarimax,frozen,selected,False,42,6,2025-02-17 01:00:00,2025-02-21 02:00:00,98,156.43,True,True,165.4619014173916,9.590083328682343,175.05198474607394,0.0,0.0069900640010018,0.0121733699998003,0.3
core_sarimax_frozen_s42,sarimax,frozen,selected,False,42,6,2025-02-17 01:00:00,2025-02-21 03:00:00,99,104.34,True,True,109.33015306612162,9.590083328682343,118.92023639480396,0.0,0.0069900640010018,0.0121733699998003,0.3
core_sarimax_frozen_s42,sarimax,frozen,selected,False,42,6,2025-02-17 01:00:00,2025-02-21 04:00:00,100,31.13,True,True,31.313848047354867,9.590083328682343,40.90393137603721,0.0,0.0069900640010018,0.0121733699998003,0.3
core_sarimax_frozen_s42,sarimax,frozen,selected,False,42,6,2025-02-17 01:00:00,2025-02-21 05:00:00,101,23.81,True,True,23.81871448102558,9.590083328682343,33.40879780970792,0.0,0.0069900640010018,0.0121733699998003,0.3
core_sarimax_frozen_s42,sarimax,frozen,selected,False,42,6,2025-02-17 01:00:00,2025-02-21 06:00:00,102,23.91,True,True,23.766339501609732,9.590083328682343,33.356422830292075,0.0,0.0069900640010018,0.0121733699998003,0.3
core_sarimax_frozen_s42,sarimax,frozen,selected,False,42,6,2025-02-17 01:00:00,2025-02-21 07:00:00,103,33.32,True,True,33.90712014182904,9.590083328682343,43.49720347051138,0.0,0.0069900640010018,0.0121733699998003,0.3
core_sarimax_frozen_s42,sarimax,frozen,selected,False,42,6,2025-02-17 01:00:00,2025-02-21 08:00:00,104,61.12,True,True,64.00433021744516,9.590083328682343,73.5944135461275,0.0,0.0069900640010018,0.0121733699998003,0.3
core_sarimax_frozen_s42,sarimax,frozen,selected,False,42,6,2025-02-17 01:00:00,2025-02-21 09:00:00,105,100.3,True,True,100.4374095470201,9.590083328682343,110.02749287570244,0.0,0.0069900640010018,0.0121733699998003,0.3
core_sarimax_frozen_s42,sarimax,frozen,selected,False,42,6,2025-02-17 01:00:00,2025-02-21 10:00:00,106,218.15,True,True,217.46333320745012,9.590083328682343,227.05341653613246,0.0,0.0069900640010018,0.0121733699998003,0.3
core_sarimax_frozen_s42,sarimax,frozen,selected,False,42,6,2025-02-17 01:00:00,2025-02-21 11:00:00,107,414.26,True,True,409.3242823757012,9.590083328682343,418.91436570438356,0.0,0.0069900640010018,0.0121733699998003,0.3
core_sarimax_frozen_s42,sarimax,frozen,selected,False,42,6,2025-02-17 01:00:00,2025-02-21 12:00:00,108,593.67,True,True,593.089217214611,9.590083328682343,602.6793005432934,0.0,0.0069900640010018,0.0121733699998003,0.3
core_sarimax_frozen_s42,sarimax,frozen,selected,False,42,6,2025-02-17 01:00:00,2025-02-21 13:00:00,109,679.3,True,True,680.3865356166567,9.590083328682343,689.976618945339,0.0,0.0069900640010018,0.0121733699998003,0.3
core_sarimax_frozen_s42,sarimax,frozen,selected,False,42,6,2025-02-17 01:00:00,2025-02-21 14:00:00,110,638.2,True,True,643.7256261103953,9.590083328682343,653.3157094390776,0.0,0.0069900640010018,0.0121733699998003,0.3
core_sarimax_frozen_s42,sarimax,frozen,selected,False,42,6,2025-02-17 01:00:00,2025-02-21 15:00:00,111,482.66,True,True,483.11324213287526,9.590083328682343,492.7033254615576,0.0,0.0069900640010018,0.0121733699998003,0.3
core_sarimax_frozen_s42,sarimax,frozen,selected,False,42,6,2025-02-17 01:00:00,2025-02-21 16:00:00,112,256.64,True,True,253.08063704129103,9.590083328682343,262.67072036997337,0.0,0.0069900640010018,0.0121733699998003,0.3
core_sarimax_frozen_s42,sarimax,frozen,selected,False,42,6,2025-02-17 01:00:00,2025-02-21 17:00:00,113,111.54,True,True,108.91401052859968,9.590083328682343,118.50409385728202,0.0,0.0069900640010018,0.0121733699998003,0.3
core_sarimax_frozen_s42,sarimax,frozen,selected,False,42,6,2025-02-17 01:00:00,2025-02-21 18:00:00,114,53.57,True,True,52.54411898630424,9.590083328682343,62.13420231498658,0.0,0.0069900640010018,0.0121733699998003,0.3
core_sarimax_frozen_s42,sarimax,frozen,selected,False,42,6,2025-02-17 01:00:00,2025-02-21 19:00:00,115,40.4,True,True,41.84343374530064,9.590083328682343,51.43351707398298,0.0,0.0069900640010018,0.0121733699998003,0.3
core_sarimax_frozen_s42,sarimax,frozen,selected,False,42,6,2025-02-17 01:00:00,2025-02-21 20:00:00,116,48.97,True,True,50.450405124379074,9.590083328682343,60.040488453061414,0.0,0.0069900640010018,0.0121733699998003,0.3
core_sarimax_frozen_s42,sarimax,frozen,selected,False,42,6,2025-02-17 01:00:00,2025-02-21 21:00:00,117,61.32,True,True,62.4279517977707,9.590083328682343,72.01803512645304,0.0,0.0069900640010018,0.0121733699998003,0.3
core_sarimax_frozen_s42,sarimax,frozen,selected,False,42,6,2025-02-17 01:00:00,2025-02-21 22:00:00,118,74.62,True,True,74.04771274828967,9.590083328682343,83.63779607697201,0.0,0.0069900640010018,0.0121733699998003,0.3
core_sarimax_frozen_s42,sarimax,frozen,selected,False,42,6,2025-02-17 01:00:00,2025-02-21 23:00:00,119,113.77,True,True,111.47830148826375,9.590083328682343,121.0683848169461,0.0,0.0069900640010018,0.0121733699998003,0.3
core_sarimax_frozen_s42,sarimax,frozen,selected,False,42,6,2025-02-17 01:00:00,2025-02-22 00:00:00,120,154.05,True,True,152.58210329564295,9.590083328682343,162.1721866243253,0.0,0.0069900640010018,0.0121733699998003,0.3
core_sarimax_frozen_s42,sarimax,frozen,selected,False,42,6,2025-02-17 01:00:00,2025-02-22 01:00:00,121,164.86,True,True,162.4365934510878,9.590083328682343,172.02667677977013,0.0,0.0069900640010018,0.0121733699998003,0.3
core_sarimax_frozen_s42,sarimax,frozen,selected,False,42,6,2025-02-17 01:00:00,2025-02-22 02:00:00,122,150.83,True,True,146.89571055724875,9.590083328682343,156.4857938859311,0.0,0.0069900640010018,0.0121733699998003,0.3
core_sarimax_frozen_s42,sarimax,frozen,selected,False,42,6,2025-02-17 01:00:00,2025-02-22 03:00:00,123,107.01,True,True,102.73015063652063,9.590083328682343,112.32023396520297,0.0,0.0069900640010018,0.0121733699998003,0.3
core_sarimax_frozen_s42,sarimax,frozen,selected,False,42,6,2025-02-17 01:00:00,2025-02-22 04:00:00,124,28.36,True,True,22.408123770355477,9.590083328682343,31.99820709903782,0.0,0.0069900640010018,0.0121733699998003,0.3
core_sarimax_frozen_s42,sarimax,frozen,selected,False,42,6,2025-02-17 01:00:00,2025-02-22 05:00:00,125,17.74,True,True,11.521976988846715,9.590083328682343,21.112060317529057,0.0,0.0069900640010018,0.0121733699998003,0.3
core_sarimax_frozen_s42,sarimax,frozen,selected,False,42,6,2025-02-17 01:00:00,2025-02-22 06:00:00,126,15.1,True,True,7.234887051179925,9.590083328682343,16.82497037986227,0.0,0.0069900640010018,0.0121733699998003,0.3
core_sarimax_frozen_s42,sarimax,frozen,selected,False,42,6,2025-02-17 01:00:00,2025-02-22 07:00:00,127,15.54,True,True,5.890828943961509,9.590083328682343,15.480912272643852,0.0,0.0069900640010018,0.0121733699998003,0.3
core_sarimax_frozen_s42,sarimax,frozen,selected,False,42,6,2025-02-17 01:00:00,2025-02-22 08:00:00,128,19.92,True,True,8.629549676773195,9.590083328682343,18.219633005455538,0.0,0.0069900640010018,0.0121733699998003,0.3
core_sarimax_frozen_s42,sarimax,frozen,selected,False,42,6,2025-02-17 01:00:00,2025-02-22 09:00:00,129,24.69,True,True,8.208141078203937,9.590083328682343,17.79822440688628,0.0,0.0069900640010018,0.0121733699998003,0.3
core_sarimax_frozen_s42,sarimax,frozen,selected,False,42,6,2025-02-17 01:00:00,2025-02-22 10:00:00,130,31.99,True,True,13.34885956545179,9.590083328682343,22.938942894134133,0.0,0.0069900640010018,0.0121733699998003,0.3
core_sarimax_frozen_s42,sarimax,frozen,selected,False,42,6,2025-02-17 01:00:00,2025-02-22 11:00:00,131,44.39,True,True,27.49930421518542,9.590083328682343,37.08938754386776,0.0,0.0069900640010018,0.0121733699998003,0.3
core_sarimax_frozen_s42,sarimax,frozen,selected,False,42,6,2025-02-17 01:00:00,2025-02-22 12:00:00,132,53.64,True,True,40.130782693008655,9.590083328682343,49.720866021690995,0.0,0.0069900640010018,0.0121733699998003,0.3
core_sarimax_frozen_s42,sarimax,frozen,selected,False,42,6,2025-02-17 01:00:00,2025-02-22 13:00:00,133,51.41,True,True,41.80595827533941,9.590083328682343,51.39604160402175,0.0,0.0069900640010018,0.0121733699998003,0.3
core_sarimax_frozen_s42,sarimax,frozen,selected,False,42,6,2025-02-17 01:00:00,2025-02-22 14:00:00,134,36.39,True,True,28.4370196832638,9.590083328682343,38.02710301194614,0.0,0.0069900640010018,0.0121733699998003,0.3
core_sarimax_frozen_s42,sarimax,frozen,selected,False,42,6,2025-02-17 01:00:00,2025-02-22 15:00:00,135,19.09,True,True,13.305587365626875,9.590083328682343,22.895670694309217,0.0,0.0069900640010018,0.0121733699998003,0.3
core_sarimax_frozen_s42,sarimax,frozen,selected,False,42,6,2025-02-17 01:00:00,2025-02-22 16:00:00,136,5.61,True,True,-0.0640504222331799,9.590083328682343,9.526032906449164,0.0,0.0069900640010018,0.0121733699998003,0.3
core_sarimax_frozen_s42,sarimax,frozen,selected,False,42,6,2025-02-17 01:00:00,2025-02-22 17:00:00,137,4.48,True,True,-1.3246034211174162,9.590083328682343,8.265479907564927,0.0,0.0069900640010018,0.0121733699998003,0.3
core_sarimax_frozen_s42,sarimax,frozen,selected,False,42,6,2025-02-17 01:00:00,2025-02-22 18:00:00,138,4.93,True,True,1.1627748048505566,9.590083328682343,10.7528581335329,0.0,0.0069900640010018,0.0121733699998003,0.3
core_sarimax_frozen_s42,sarimax,frozen,selected,False,42,6,2025-02-17 01:00:00,2025-02-22 19:00:00,139,5.77,True,True,4.490541236960524,9.590083328682343,14.080624565642868,0.0,0.0069900640010018,0.0121733699998003,0.3
core_sarimax_frozen_s42,sarimax,frozen,selected,False,42,6,2025-02-17 01:00:00,2025-02-22 20:00:00,140,7.12,True,True,8.181188101139213,9.590083328682343,17.771271429821557,0.0,0.0069900640010018,0.0121733699998003,0.3
core_sarimax_frozen_s42,sarimax,frozen,selected,False,42,6,2025-02-17 01:00:00,2025-02-22 21:00:00,141,8.89,True,True,11.696026140251178,9.590083328682343,21.28610946893352,0.0,0.0069900640010018,0.0121733699998003,0.3
core_sarimax_frozen_s42,sarimax,frozen,selected,False,42,6,2025-02-17 01:00:00,2025-02-22 22:00:00,142,11.77,True,True,14.499499146037891,9.590083328682343,24.089582474720235,0.0,0.0069900640010018,0.0121733699998003,0.3
core_sarimax_frozen_s42,sarimax,frozen,selected,False,42,6,2025-02-17 01:00:00,2025-02-22 23:00:00,143,22.68,True,True,26.00456114255033,9.590083328682343,35.59464447123267,0.0,0.0069900640010018,0.0121733699998003,0.3
core_sarimax_frozen_s42,sarimax,frozen,selected,False,42,6,2025-02-17 01:00:00,2025-02-23 00:00:00,144,34.23,True,True,37.66335385466243,9.590083328682343,47.25343718334477,0.0,0.0069900640010018,0.0121733699998003,0.3
core_sarimax_frozen_s42,sarimax,frozen,selected,False,42,6,2025-02-17 01:00:00,2025-02-23 01:00:00,145,37.87,True,True,38.35450777621927,9.590083328682343,47.94459110490162,0.0,0.0069900640010018,0.0121733699998003,0.3
core_sarimax_frozen_s42,sarimax,frozen,selected,False,42,6,2025-02-17 01:00:00,2025-02-23 02:00:00,146,32.66,True,True,29.499896045281105,9.590083328682343,39.089979373963445,0.0,0.0069900640010018,0.0121733699998003,0.3
core_sarimax_frozen_s42,sarimax,frozen,selected,False,42,6,2025-02-17 01:00:00,2025-02-23 03:00:00,147,23.38,True,True,17.64673216371625,9.590083328682343,27.236815492398595,0.0,0.0069900640010018,0.0121733699998003,0.3
core_sarimax_frozen_s42,sarimax,frozen,selected,False,42,6,2025-02-17 01:00:00,2025-02-23 04:00:00,148,16.47,True,True,10.846974417932358,9.590083328682343,20.437057746614702,0.0,0.0069900640010018,0.0121733699998003,0.3
core_sarimax_frozen_s42,sarimax,frozen,selected,False,42,6,2025-02-17 01:00:00,2025-02-23 05:00:00,149,15.24,True,True,9.215737555274842,9.590083328682343,18.805820883957185,0.0,0.0069900640010018,0.0121733699998003,0.3
core_sarimax_frozen_s42,sarimax,frozen,selected,False,42,6,2025-02-17 01:00:00,2025-02-23 06:00:00,150,15.88,True,True,7.716467269998475,9.590083328682343,17.30655059868082,0.0,0.0069900640010018,0.0121733699998003,0.3
core_sarimax_frozen_s42,sarimax,frozen,selected,False,42,6,2025-02-17 01:00:00,2025-02-23 07:00:00,151,17.65,True,True,7.310191575793851,9.590083328682343,16.900274904476195,0.0,0.0069900640010018,0.0121733699998003,0.3
core_sarimax_frozen_s42,sarimax,frozen,selected,False,42,6,2025-02-17 01:00:00,2025-02-23 08:00:00,152,20.99,True,True,9.456285828587797,9.590083328682343,19.046369157270142,0.0,0.0069900640010018,0.0121733699998003,0.3
core_sarimax_frozen_s42,sarimax,frozen,selected,False,42,6,2025-02-17 01:00:00,2025-02-23 09:00:00,153,24.16,True,True,9.720055618959035,9.590083328682343,19.310138947641377,0.0,0.0069900640010018,0.0121733699998003,0.3
core_sarimax_frozen_s42,sarimax,frozen,selected,False,42,6,2025-02-17 01:00:00,2025-02-23 10:00:00,154,41.36,True,True,28.506302527288767,9.590083328682343,38.09638585597111,0.0,0.0069900640010018,0.0121733699998003,0.3
core_sarimax_frozen_s42,sarimax,frozen,selected,False,42,6,2025-02-17 01:00:00,2025-02-23 11:00:00,155,88.86,True,True,79.71042565112832,9.590083328682343,89.30050897981066,0.0,0.0069900640010018,0.0121733699998003,0.3
core_sarimax_frozen_s42,sarimax,frozen,selected,False,42,6,2025-02-17 01:00:00,2025-02-23 12:00:00,156,145.03,True,True,135.85197810961114,9.590083328682343,145.44206143829348,0.0,0.0069900640010018,0.0121733699998003,0.3
core_sarimax_frozen_s42,sarimax,frozen,selected,False,42,6,2025-02-17 01:00:00,2025-02-23 13:00:00,157,220.52,True,True,212.8346155863832,9.590083328682343,222.42469891506553,0.0,0.0069900640010018,0.0121733699998003,0.3
core_sarimax_frozen_s42,sarimax,frozen,selected,False,42,6,2025-02-17 01:00:00,2025-02-23 14:00:00,158,320.9,True,True,314.26004698375726,9.590083328682343,323.8501303124396,0.0,0.0069900640010018,0.0121733699998003,0.3
core_sarimax_frozen_s42,sarimax,frozen,selected,False,42,6,2025-02-17 01:00:00,2025-02-23 15:00:00,159,383.17,True,True,374.66401652369694,9.590083328682343,384.2540998523793,0.0,0.0069900640010018,0.0121733699998003,0.3
core_sarimax_frozen_s42,sarimax,frozen,selected,False,42,6,2025-02-17 01:00:00,2025-02-23 16:00:00,160,384.47,True,True,375.1297293530222,9.590083328682343,384.7198126817045,0.0,0.0069900640010018,0.0121733699998003,0.3
core_sarimax_frozen_s42,sarimax,frozen,selected,False,42,6,2025-02-17 01:00:00,2025-02-23 17:00:00,161,360.95,True,True,355.0817944064761,9.590083328682343,364.67187773515843,0.0,0.0069900640010018,0.0121733699998003,0.3
core_sarimax_frozen_s42,sarimax,frozen,selected,False,42,6,2025-02-17 01:00:00,2025-02-23 18:00:00,162,343.9,True,True,337.62878817537296,9.590083328682343,347.2188715040553,0.0,0.0069900640010018,0.0121733699998003,0.3
core_sarimax_frozen_s42,sarimax,frozen,selected,False,42,6,2025-02-17 01:00:00,2025-02-23 19:00:00,163,312.32,True,True,310.4599055461342,9.590083328682343,320.04998887481656,0.0,0.0069900640010018,0.0121733699998003,0.3
core_sarimax_frozen_s42,sarimax,frozen,selected,False,42,6,2025-02-17 01:00:00,2025-02-23 20:00:00,164,279.43,True,True,275.95719672354363,9.590083328682343,285.547280052226,0.0,0.0069900640010018,0.0121733699998003,0.3
core_sarimax_frozen_s42,sarimax,frozen,selected,False,42,6,2025-02-17 01:00:00,2025-02-23 21:00:00,165,257.35,True,True,252.36206669010687,9.590083328682343,261.9521500187892,0.0,0.0069900640010018,0.0121733699998003,0.3
core_sarimax_frozen_s42,sarimax,frozen,selected,False,42,6,2025-02-17 01:00:00,2025-02-23 22:00:00,166,238.45,True,True,226.3198371150312,9.590083328682343,235.90992044371353,0.0,0.0069900640010018,0.0121733699998003,0.3
core_sarimax_frozen_s42,sarimax,frozen,selected,False,42,6,2025-02-17 01:00:00,2025-02-23 23:00:00,167,303.74,True,True,287.1451262869312,9.590083328682343,296.73520961561354,0.0,0.0069900640010018,0.0121733699998003,0.3
core_sarimax_frozen_s42,sarimax,frozen,selected,False,42,6,2025-02-17 01:00:00,2025-02-24 00:00:00,168,431.37,True,True,415.6929960758538,9.590083328682343,425.2830794045361,0.0,0.0069900640010018,0.0121733699998003,0.3
core_sarimax_frozen_s42,sarimax,frozen,selected,False,42,7,2025-02-24 01:00:00,2025-02-24 01:00:00,1,567.5,True,True,567.8903418712412,6.547364289432949,574.4377061606741,0.0,0.0066952439992746,0.0126597520029463,0.3
core_sarimax_frozen_s42,sarimax,frozen,selected,False,42,7,2025-02-24 01:00:00,2025-02-24 02:00:00,2,657.01,True,True,659.6613059716744,6.547364289432949,666.2086702611074,0.0,0.0066952439992746,0.0126597520029463,0.3
core_sarimax_frozen_s42,sarimax,frozen,selected,False,42,7,2025-02-24 01:00:00,2025-02-24 03:00:00,3,678.43,True,True,664.2266368972894,6.547364289432949,670.7740011867223,0.0,0.0066952439992746,0.0126597520029463,0.3
core_sarimax_frozen_s42,sarimax,frozen,selected,False,42,7,2025-02-24 01:00:00,2025-02-24 04:00:00,4,329.78,True,True,321.3148775683593,6.547364289432949,327.86224185779224,0.0,0.0066952439992746,0.0126597520029463,0.3
core_sarimax_frozen_s42,sarimax,frozen,selected,False,42,7,2025-02-24 01:00:00,2025-02-24 05:00:00,5,267.85,True,True,291.03187772858723,6.547364289432949,297.5792420180202,0.0,0.0066952439992746,0.0126597520029463,0.3
core_sarimax_frozen_s42,sarimax,frozen,selected,False,42,7,2025-02-24 01:00:00,2025-02-24 06:00:00,6,205.48,True,True,273.6676095089015,6.547364289432949,280.2149737983344,0.0,0.0066952439992746,0.0126597520029463,0.3
core_sarimax_frozen_s42,sarimax,frozen,selected,False,42,7,2025-02-24 01:00:00,2025-02-24 07:00:00,7,140.92,True,True,207.71700975026653,6.547364289432949,214.26437403969948,0.0,0.0066952439992746,0.0126597520029463,0.3
core_sarimax_frozen_s42,sarimax,frozen,selected,False,42,7,2025-02-24 01:00:00,2025-02-24 08:00:00,8,114.98,True,True,159.7453448555944,6.547364289432949,166.29270914502735,0.0,0.0066952439992746,0.0126597520029463,0.3
core_sarimax_frozen_s42,sarimax,frozen,selected,False,42,7,2025-02-24 01:00:00,2025-02-24 09:00:00,9,113.32,True,True,130.09110688777383,6.547364289432949,136.63847117720678,0.0,0.0066952439992746,0.0126597520029463,0.3
core_sarimax_frozen_s42,sarimax,frozen,selected,False,42,7,2025-02-24 01:00:00,2025-02-24 10:00:00,10,132.34,True,True,131.52361759753074,6.547364289432949,138.0709818869637,0.0,0.0066952439992746,0.0126597520029463,0.3
core_sarimax_frozen_s42,sarimax,frozen,selected,False,42,7,2025-02-24 01:00:00,2025-02-24 11:00:00,11,171.17,True,True,168.1956640458747,6.547364289432949,174.74302833530766,0.0,0.0066952439992746,0.0126597520029463,0.3
core_sarimax_frozen_s42,sarimax,frozen,selected,False,42,7,2025-02-24 01:00:00,2025-02-24 12:00:00,12,215.68,True,True,211.80114839020416,6.547364289432949,218.3485126796371,0.0,0.0066952439992746,0.0126597520029463,0.3
core_sarimax_frozen_s42,sarimax,frozen,selected,False,42,7,2025-02-24 01:00:00,2025-02-24 13:00:00,13,291.4,True,True,284.5259459092378,6.547364289432949,291.07331019867075,0.0,0.0066952439992746,0.0126597520029463,0.3
core_sarimax_frozen_s42,sarimax,frozen,selected,False,42,7,2025-02-24 01:00:00,2025-02-24 14:00:00,14,403.27,True,True,393.3873414036072,6.547364289432949,399.93470569304014,0.0,0.0066952439992746,0.0126597520029463,0.3
core_sarimax_frozen_s42,sarimax,frozen,selected,False,42,7,2025-02-24 01:00:00,2025-02-24 15:00:00,15,487.22,True,True,460.44026346406577,6.547364289432949,466.9876277534987,0.0,0.0066952439992746,0.0126597520029463,0.3
core_sarimax_frozen_s42,sarimax,frozen,selected,False,42,7,2025-02-24 01:00:00,2025-02-24 16:00:00,16,498.67,True,True,468.1662665296302,6.547364289432949,474.71363081906316,0.0,0.0066952439992746,0.0126597520029463,0.3
core_sarimax_frozen_s42,sarimax,frozen,selected,False,42,7,2025-02-24 01:00:00,2025-02-24 17:00:00,17,488.64,True,True,450.24672498491645,6.547364289432949,456.7940892743494,0.0,0.0066952439992746,0.0126597520029463,0.3
core_sarimax_frozen_s42,sarimax,frozen,selected,False,42,7,2025-02-24 01:00:00,2025-02-24 18:00:00,18,481.07,True,True,440.4636392765641,6.547364289432949,447.01100356599704,0.0,0.0066952439992746,0.0126597520029463,0.3
core_sarimax_frozen_s42,sarimax,frozen,selected,False,42,7,2025-02-24 01:00:00,2025-02-24 19:00:00,19,466.0,True,True,425.84470934373,6.547364289432949,432.39207363316297,0.0,0.0066952439992746,0.0126597520029463,0.3
core_sarimax_frozen_s42,sarimax,frozen,selected,False,42,7,2025-02-24 01:00:00,2025-02-24 20:00:00,20,414.32,True,True,384.0619585307861,6.547364289432949,390.60932282021906,0.0,0.0066952439992746,0.0126597520029463,0.3
core_sarimax_frozen_s42,sarimax,frozen,selected,False,42,7,2025-02-24 01:00:00,2025-02-24 21:00:00,21,325.84,True,True,305.3837886576422,6.547364289432949,311.93115294707513,0.0,0.0066952439992746,0.0126597520029463,0.3
core_sarimax_frozen_s42,sarimax,frozen,selected,False,42,7,2025-02-24 01:00:00,2025-02-24 22:00:00,22,214.52,True,True,205.8942908759329,6.547364289432949,212.44165516536586,0.0,0.0066952439992746,0.0126597520029463,0.3
core_sarimax_frozen_s42,sarimax,frozen,selected,False,42,7,2025-02-24 01:00:00,2025-02-24 23:00:00,23,167.95,True,True,169.00006873938668,6.547364289432949,175.54743302881963,0.0,0.0066952439992746,0.0126597520029463,0.3
core_sarimax_frozen_s42,sarimax,frozen,selected,False,42,7,2025-02-24 01:00:00,2025-02-25 00:00:00,24,149.83,True,True,150.62812813289406,6.547364289432949,157.175492422327,0.0,0.0066952439992746,0.0126597520029463,0.3
core_sarimax_frozen_s42,sarimax,frozen,selected,False,42,7,2025-02-24 01:00:00,2025-02-25 01:00:00,25,78.4,True,True,60.084499207432856,6.547364289432949,66.6318634968658,0.0,0.0066952439992746,0.0126597520029463,0.3
core_sarimax_frozen_s42,sarimax,frozen,selected,False,42,7,2025-02-24 01:00:00,2025-02-25 02:00:00,26,68.26,True,True,40.86474470706904,6.547364289432949,47.41210899650199,0.0,0.0066952439992746,0.0126597520029463,0.3
core_sarimax_frozen_s42,sarimax,frozen,selected,False,42,7,2025-02-24 01:00:00,2025-02-25 03:00:00,27,59.85,True,True,27.82253535236333,6.547364289432949,34.36989964179628,0.0,0.0066952439992746,0.0126597520029463,0.3
core_sarimax_frozen_s42,sarimax,frozen,selected,False,42,7,2025-02-24 01:00:00,2025-02-25 04:00:00,28,43.97,True,True,18.53351608954,6.547364289432949,25.08088037897295,0.0,0.0066952439992746,0.0126597520029463,0.3
core_sarimax_frozen_s42,sarimax,frozen,selected,False,42,7,2025-02-24 01:00:00,2025-02-25 05:00:00,29,32.36,True,True,15.794531473475985,6.547364289432949,22.341895762908933,0.0,0.0066952439992746,0.0126597520029463,0.3
core_sarimax_frozen_s42,sarimax,frozen,selected,False,42,7,2025-02-24 01:00:00,2025-02-25 06:00:00,30,27.24,True,True,14.11589643423892,6.547364289432949,20.66326072367187,0.0,0.0066952439992746,0.0126597520029463,0.3
core_sarimax_frozen_s42,sarimax,frozen,selected,False,42,7,2025-02-24 01:00:00,2025-02-25 07:00:00,31,26.58,True,True,16.190289808590904,6.547364289432949,22.737654098023853,0.0,0.0066952439992746,0.0126597520029463,0.3
core_sarimax_frozen_s42,sarimax,frozen,selected,False,42,7,2025-02-24 01:00:00,2025-02-25 08:00:00,32,32.4,True,True,26.43183211533764,6.547364289432949,32.97919640477059,0.0,0.0066952439992746,0.0126597520029463,0.3
core_sarimax_frozen_s42,sarimax,frozen,selected,False,42,7,2025-02-24 01:00:00,2025-02-25 09:00:00,33,39.85,True,True,36.80867171369326,6.547364289432949,43.356036003126206,0.0,0.0066952439992746,0.0126597520029463,0.3
core_sarimax_frozen_s42,sarimax,frozen,selected,False,42,7,2025-02-24 01:00:00,2025-02-25 10:00:00,34,71.18,True,True,74.03315853588441,6.547364289432949,80.58052282531736,0.0,0.0066952439992746,0.0126597520029463,0.3
core_sarimax_frozen_s42,sarimax,frozen,selected,False,42,7,2025-02-24 01:00:00,2025-02-25 11:00:00,35,131.49,True,True,138.48816638037852,6.547364289432949,145.03553066981146,0.0,0.0066952439992746,0.0126597520029463,0.3
core_sarimax_frozen_s42,sarimax,frozen,selected,False,42,7,2025-02-24 01:00:00,2025-02-25 12:00:00,36,187.66,True,True,198.34001661915292,6.547364289432949,204.88738090858587,0.0,0.0066952439992746,0.0126597520029463,0.3
core_sarimax_frozen_s42,sarimax,frozen,selected,False,42,7,2025-02-24 01:00:00,2025-02-25 13:00:00,37,235.48,True,True,247.4502487318035,6.547364289432949,253.99761302123645,0.0,0.0066952439992746,0.0126597520029463,0.3
core_sarimax_frozen_s42,sarimax,frozen,selected,False,42,7,2025-02-24 01:00:00,2025-02-25 14:00:00,38,294.34,True,True,308.77469087869395,6.547364289432949,315.3220551681269,0.0,0.0066952439992746,0.0126597520029463,0.3
core_sarimax_frozen_s42,sarimax,frozen,selected,False,42,7,2025-02-24 01:00:00,2025-02-25 15:00:00,39,326.03,True,True,333.74461429671703,6.547364289432949,340.29197858615,0.0,0.0066952439992746,0.0126597520029463,0.3
core_sarimax_frozen_s42,sarimax,frozen,selected,False,42,7,2025-02-24 01:00:00,2025-02-25 16:00:00,40,324.64,True,True,332.536637861848,6.547364289432949,339.08400215128097,0.0,0.0066952439992746,0.0126597520029463,0.3
core_sarimax_frozen_s42,sarimax,frozen,selected,False,42,7,2025-02-24 01:00:00,2025-02-25 17:00:00,41,340.78,True,True,344.89801062901444,6.547364289432949,351.4453749184474,0.0,0.0066952439992746,0.0126597520029463,0.3
core_sarimax_frozen_s42,sarimax,frozen,selected,False,42,7,2025-02-24 01:00:00,2025-02-25 18:00:00,42,385.55,True,True,385.06659558244894,6.547364289432949,391.6139598718819,0.0,0.0066952439992746,0.0126597520029463,0.3
core_sarimax_frozen_s42,sarimax,frozen,selected,False,42,7,2025-02-24 01:00:00,2025-02-25 19:00:00,43,440.08,True,True,435.9919189661528,6.547364289432949,442.53928325558576,0.0,0.0066952439992746,0.0126597520029463,0.3
core_sarimax_frozen_s42,sarimax,frozen,selected,False,42,7,2025-02-24 01:00:00,2025-02-25 20:00:00,44,466.09,True,True,462.79079800648185,6.547364289432949,469.3381622959148,0.0,0.0066952439992746,0.0126597520029463,0.3
core_sarimax_frozen_s42,sarimax,frozen,selected,False,42,7,2025-02-24 01:00:00,2025-02-25 21:00:00,45,471.03,True,True,462.3195965274707,6.547364289432949,468.86696081690366,0.0,0.0066952439992746,0.0126597520029463,0.3
core_sarimax_frozen_s42,sarimax,frozen,selected,False,42,7,2025-02-24 01:00:00,2025-02-25 22:00:00,46,433.22,True,True,427.64883220622977,6.547364289432949,434.1961964956627,0.0,0.0066952439992746,0.0126597520029463,0.3
core_sarimax_frozen_s42,sarimax,frozen,selected,False,42,7,2025-02-24 01:00:00,2025-02-25 23:00:00,47,490.15,True,True,475.768039566482,6.547364289432949,482.31540385591495,0.0,0.0066952439992746,0.0126597520029463,0.3
core_sarimax_frozen_s42,sarimax,frozen,selected,False,42,7,2025-02-24 01:00:00,2025-02-26 00:00:00,48,637.11,True,True,620.0402683015942,6.547364289432949,626.5876325910272,0.0,0.0066952439992746,0.0126597520029463,0.3
core_sarimax_frozen_s42,sarimax,frozen,selected,False,42,7,2025-02-24 01:00:00,2025-02-26 01:00:00,49,773.54,True,True,760.9087547281295,6.547364289432949,767.4561190175624,0.0,0.0066952439992746,0.0126597520029463,0.3
core_sarimax_frozen_s42,sarimax,frozen,selected,False,42,7,2025-02-24 01:00:00,2025-02-26 02:00:00,50,767.72,True,True,758.8703787403801,6.547364289432949,765.4177430298131,0.0,0.0066952439992746,0.0126597520029463,0.3
core_sarimax_frozen_s42,sarimax,frozen,selected,False,42,7,2025-02-24 01:00:00,2025-02-26 03:00:00,51,615.72,True,True,614.9695025312097,6.547364289432949,621.5168668206427,0.0,0.0066952439992746,0.0126597520029463,0.3
core_sarimax_frozen_s42,sarimax,frozen,selected,False,42,7,2025-02-24 01:00:00,2025-02-26 04:00:00,52,235.46,True,True,246.2197340485453,6.547364289432949,252.76709833797824,0.0,0.0066952439992746,0.0126597520029463,0.3
core_sarimax_frozen_s42,sarimax,frozen,selected,False,42,7,2025-02-24 01:00:00,2025-02-26 05:00:00,53,202.88,True,True,210.6389987218983,6.547364289432949,217.18636301133125,0.0,0.0066952439992746,0.0126597520029463,0.3
core_sarimax_frozen_s42,sarimax,frozen,selected,False,42,7,2025-02-24 01:00:00,2025-02-26 06:00:00,54,202.57,True,True,203.8087511741817,6.547364289432949,210.35611546361466,0.0,0.0066952439992746,0.0126597520029463,0.3
core_sarimax_frozen_s42,sarimax,frozen,selected,False,42,7,2025-02-24 01:00:00,2025-02-26 07:00:00,55,221.7,True,True,216.17368652022765,6.547364289432949,222.7210508096606,0.0,0.0066952439992746,0.0126597520029463,0.3
core_sarimax_frozen_s42,sarimax,frozen,selected,False,42,7,2025-02-24 01:00:00,2025-02-26 08:00:00,56,267.63,True,True,256.8019932815501,6.547364289432949,263.34935757098305,0.0,0.0066952439992746,0.0126597520029463,0.3
core_sarimax_frozen_s42,sarimax,frozen,selected,False,42,7,2025-02-24 01:00:00,2025-02-26 09:00:00,57,301.27,True,True,289.80694171018405,6.547364289432949,296.354305999617,0.0,0.0066952439992746,0.0126597520029463,0.3
core_sarimax_frozen_s42,sarimax,frozen,selected,False,42,7,2025-02-24 01:00:00,2025-02-26 10:00:00,58,392.84,True,True,374.5584200794766,6.547364289432949,381.10578436890955,0.0,0.0066952439992746,0.0126597520029463,0.3
core_sarimax_frozen_s42,sarimax,frozen,selected,False,42,7,2025-02-24 01:00:00,2025-02-26 11:00:00,59,577.98,True,True,555.0308158570444,6.547364289432949,561.5781801464774,0.0,0.0066952439992746,0.0126597520029463,0.3
core_sarimax_frozen_s42,sarimax,frozen,selected,False,42,7,2025-02-24 01:00:00,2025-02-26 12:00:00,60,790.24,True,True,755.6697312535896,6.547364289432949,762.2170955430225,0.0,0.0066952439992746,0.0126597520029463,0.3
core_sarimax_frozen_s42,sarimax,frozen,selected,False,42,7,2025-02-24 01:00:00,2025-02-26 13:00:00,61,954.72,True,True,914.4775658253208,6.547364289432949,921.0249301147537,0.0,0.0066952439992746,0.0126597520029463,0.3
core_sarimax_frozen_s42,sarimax,frozen,selected,False,42,7,2025-02-24 01:00:00,2025-02-26 14:00:00,62,1051.75,True,True,1004.5511354032984,6.547364289432949,1011.0984996927314,0.0,0.0066952439992746,0.0126597520029463,0.3
core_sarimax_frozen_s42,sarimax,frozen,selected,False,42,7,2025-02-24 01:00:00,2025-02-26 15:00:00,63,1006.67,True,True,931.8768289293408,6.547364289432949,938.4241932187738,0.0,0.0066952439992746,0.0126597520029463,0.3
core_sarimax_frozen_s42,sarimax,frozen,selected,False,42,7,2025-02-24 01:00:00,2025-02-26 16:00:00,64,853.49,True,True,773.9522191275197,6.547364289432949,780.4995834169526,0.0,0.0066952439992746,0.0126597520029463,0.3
core_sarimax_frozen_s42,sarimax,frozen,selected,False,42,7,2025-02-24 01:00:00,2025-02-26 17:00:00,65,722.09,True,True,638.0671324418594,6.547364289432949,644.6144967312923,0.0,0.0066952439992746,0.0126597520029463,0.3
core_sarimax_frozen_s42,sarimax,frozen,selected,False,42,7,2025-02-24 01:00:00,2025-02-26 18:00:00,66,624.6,True,True,548.8899579679196,6.547364289432949,555.4373222573525,0.0,0.0066952439992746,0.0126597520029463,0.3
core_sarimax_frozen_s42,sarimax,frozen,selected,False,42,7,2025-02-24 01:00:00,2025-02-26 19:00:00,67,564.86,True,True,491.1994482705352,6.547364289432949,497.74681255996813,0.0,0.0066952439992746,0.0126597520029463,0.3
core_sarimax_frozen_s42,sarimax,frozen,selected,False,42,7,2025-02-24 01:00:00,2025-02-26 20:00:00,68,519.76,True,True,448.8257603551126,6.547364289432949,455.37312464454556,0.0,0.0066952439992746,0.0126597520029463,0.3
core_sarimax_frozen_s42,sarimax,frozen,selected,False,42,7,2025-02-24 01:00:00,2025-02-26 21:00:00,69,478.4,True,True,409.54839118801806,6.547364289432949,416.095755477451,0.0,0.0066952439992746,0.0126597520029463,0.3
core_sarimax_frozen_s42,sarimax,frozen,selected,False,42,7,2025-02-24 01:00:00,2025-02-26 22:00:00,70,426.12,True,True,370.98067806016,6.547364289432949,377.52804234959297,0.0,0.0066952439992746,0.0126597520029463,0.3
core_sarimax_frozen_s42,sarimax,frozen,selected,False,42,7,2025-02-24 01:00:00,2025-02-26 23:00:00,71,473.81,True,True,416.9857590119528,6.547364289432949,423.53312330138573,0.0,0.0066952439992746,0.0126597520029463,0.3
core_sarimax_frozen_s42,sarimax,frozen,selected,False,42,7,2025-02-24 01:00:00,2025-02-27 00:00:00,72,605.51,True,True,554.1409331268907,6.547364289432949,560.6882974163236,0.0,0.0066952439992746,0.0126597520029463,0.3
core_sarimax_frozen_s42,sarimax,frozen,selected,False,42,7,2025-02-24 01:00:00,2025-02-27 01:00:00,73,716.85,True,True,665.6949522634172,6.547364289432949,672.2423165528502,0.0,0.0066952439992746,0.0126597520029463,0.3
core_sarimax_frozen_s42,sarimax,frozen,selected,False,42,7,2025-02-24 01:00:00,2025-02-27 02:00:00,74,726.64,True,True,695.6770579314943,6.547364289432949,702.2244222209273,0.0,0.0066952439992746,0.0126597520029463,0.3
core_sarimax_frozen_s42,sarimax,frozen,selected,False,42,7,2025-02-24 01:00:00,2025-02-27 03:00:00,75,631.98,True,True,617.6462683591968,6.547364289432949,624.1936326486298,0.0,0.0066952439992746,0.0126597520029463,0.3
core_sarimax_frozen_s42,sarimax,frozen,selected,False,42,7,2025-02-24 01:00:00,2025-02-27 04:00:00,76,262.85,True,True,219.3995547816565,6.547364289432949,225.94691907108944,0.0,0.0066952439992746,0.0126597520029463,0.3
core_sarimax_frozen_s42,sarimax,frozen,selected,False,42,7,2025-02-24 01:00:00,2025-02-27 05:00:00,77,241.47,True,True,178.71562340111268,6.547364289432949,185.26298769054563,0.0,0.0066952439992746,0.0126597520029463,0.3
core_sarimax_frozen_s42,sarimax,frozen,selected,False,42,7,2025-02-24 01:00:00,2025-02-27 06:00:00,78,246.72,True,True,169.10566286311357,6.547364289432949,175.6530271525465,0.0,0.0066952439992746,0.0126597520029463,0.3
core_sarimax_frozen_s42,sarimax,frozen,selected,False,42,7,2025-02-24 01:00:00,2025-02-27 07:00:00,79,271.67,True,True,180.76696361328888,6.547364289432949,187.31432790272183,0.0,0.0066952439992746,0.0126597520029463,0.3
core_sarimax_frozen_s42,sarimax,frozen,selected,False,42,7,2025-02-24 01:00:00,2025-02-27 08:00:00,80,314.75,True,True,216.9113684348687,6.547364289432949,223.45873272430165,0.0,0.0066952439992746,0.0126597520029463,0.3
core_sarimax_frozen_s42,sarimax,frozen,selected,False,42,7,2025-02-24 01:00:00,2025-02-27 09:00:00,81,345.98,True,True,237.19775902958844,6.547364289432949,243.7451233190214,0.0,0.0066952439992746,0.0126597520029463,0.3
core_sarimax_frozen_s42,sarimax,frozen,selected,False,42,7,2025-02-24 01:00:00,2025-02-27 10:00:00,82,434.03,True,True,319.2827218173934,6.547364289432949,325.83008610682634,0.0,0.0066952439992746,0.0126597520029463,0.3
core_sarimax_frozen_s42,sarimax,frozen,selected,False,42,7,2025-02-24 01:00:00,2025-02-27 11:00:00,83,616.47,True,True,493.93757533362816,6.547364289432949,500.4849396230611,0.0,0.0066952439992746,0.0126597520029463,0.3
core_sarimax_frozen_s42,sarimax,frozen,selected,False,42,7,2025-02-24 01:00:00,2025-02-27 12:00:00,84,818.34,True,True,703.8134691156927,6.547364289432949,710.3608334051256,0.0,0.0066952439992746,0.0126597520029463,0.3
core_sarimax_frozen_s42,sarimax,frozen,selected,False,42,7,2025-02-24 01:00:00,2025-02-27 13:00:00,85,984.41,True,True,859.2818769598026,6.547364289432949,865.8292412492356,0.0,0.0066952439992746,0.0126597520029463,0.3
core_sarimax_frozen_s42,sarimax,frozen,selected,False,42,7,2025-02-24 01:00:00,2025-02-27 14:00:00,86,1099.03,True,True,966.006693006614,6.547364289432949,972.554057296047,0.0,0.0066952439992746,0.0126597520029463,0.3
core_sarimax_frozen_s42,sarimax,frozen,selected,False,42,7,2025-02-24 01:00:00,2025-02-27 15:00:00,87,1093.95,True,True,944.1077742647092,6.547364289432949,950.6551385541421,0.0,0.0066952439992746,0.0126597520029463,0.3
core_sarimax_frozen_s42,sarimax,frozen,selected,False,42,7,2025-02-24 01:00:00,2025-02-27 16:00:00,88,970.88,True,True,798.8329005345294,6.547364289432949,805.3802648239623,0.0,0.0066952439992746,0.0126597520029463,0.3
core_sarimax_frozen_s42,sarimax,frozen,selected,False,42,7,2025-02-24 01:00:00,2025-02-27 17:00:00,89,828.37,True,True,658.9766990420164,6.547364289432949,665.5240633314494,0.0,0.0066952439992746,0.0126597520029463,0.3
core_sarimax_frozen_s42,sarimax,frozen,selected,False,42,7,2025-02-24 01:00:00,2025-02-27 18:00:00,90,699.28,True,True,529.1567078583984,6.547364289432949,535.7040721478313,0.0,0.0066952439992746,0.0126597520029463,0.3
core_sarimax_frozen_s42,sarimax,frozen,selected,False,42,7,2025-02-24 01:00:00,2025-02-27 19:00:00,91,584.72,True,True,427.6847149053573,6.547364289432949,434.23207919479023,0.0,0.0066952439992746,0.0126597520029463,0.3
core_sarimax_frozen_s42,sarimax,frozen,selected,False,42,7,2025-02-24 01:00:00,2025-02-27 20:00:00,92,497.28,True,True,356.9246017564095,6.547364289432949,363.47196604584246,0.0,0.0066952439992746,0.0126597520029463,0.3
core_sarimax_frozen_s42,sarimax,frozen,selected,False,42,7,2025-02-24 01:00:00,2025-02-27 21:00:00,93,435.76,True,True,310.1145176128617,6.547364289432949,316.6618819022946,0.0,0.0066952439992746,0.0126597520029463,0.3
core_sarimax_frozen_s42,sarimax,frozen,selected,False,42,7,2025-02-24 01:00:00,2025-02-27 22:00:00,94,396.47,True,True,283.1551380222508,6.547364289432949,289.70250231168376,0.0,0.0066952439992746,0.0126597520029463,0.3
core_sarimax_frozen_s42,sarimax,frozen,selected,False,42,7,2025-02-24 01:00:00,2025-02-27 23:00:00,95,406.53,True,True,311.0631022970267,6.547364289432949,317.61046658645967,0.0,0.0066952439992746,0.0126597520029463,0.3
core_sarimax_frozen_s42,sarimax,frozen,selected,False,42,7,2025-02-24 01:00:00,2025-02-28 00:00:00,96,403.4,True,True,329.09171538066926,6.547364289432949,335.6390796701022,0.0,0.0066952439992746,0.0126597520029463,0.3
core_sarimax_frozen_s42,sarimax,frozen,selected,False,42,7,2025-02-24 01:00:00,2025-02-28 01:00:00,97,368.27,True,True,316.04290526378287,6.547364289432949,322.5902695532158,0.0,0.0066952439992746,0.0126597520029463,0.3
core_sarimax_frozen_s42,sarimax,frozen,selected,False,42,7,2025-02-24 01:00:00,2025-02-28 02:00:00,98,378.0,True,True,337.243070764629,6.547364289432949,343.79043505406196,0.0,0.0066952439992746,0.0126597520029463,0.3
core_sarimax_frozen_s42,sarimax,frozen,selected,False,42,7,2025-02-24 01:00:00,2025-02-28 03:00:00,99,384.71,True,True,344.3335497224423,6.547364289432949,350.88091401187523,0.0,0.0066952439992746,0.0126597520029463,0.3
core_sarimax_frozen_s42,sarimax,frozen,selected,False,42,7,2025-02-24 01:00:00,2025-02-28 04:00:00,100,288.84,True,True,259.2998852239708,6.547364289432949,265.84724951340377,0.0,0.0066952439992746,0.0126597520029463,0.3
core_sarimax_frozen_s42,sarimax,frozen,selected,False,42,7,2025-02-24 01:00:00,2025-02-28 05:00:00,101,293.94,True,True,257.69523600295827,6.547364289432949,264.2426002923912,0.0,0.0066952439992746,0.0126597520029463,0.3
core_sarimax_frozen_s42,sarimax,frozen,selected,False,42,7,2025-02-24 01:00:00,2025-02-28 06:00:00,102,327.03,True,True,276.98998719178616,6.547364289432949,283.5373514812191,0.0,0.0066952439992746,0.0126597520029463,0.3
core_sarimax_frozen_s42,sarimax,frozen,selected,False,42,7,2025-02-24 01:00:00,2025-02-28 07:00:00,103,289.26,True,True,236.15735933080265,6.547364289432949,242.7047236202356,0.0,0.0066952439992746,0.0126597520029463,0.3
core_sarimax_frozen_s42,sarimax,frozen,selected,False,42,7,2025-02-24 01:00:00,2025-02-28 08:00:00,104,274.0,True,True,217.895596259136,6.547364289432949,224.44296054856895,0.0,0.0066952439992746,0.0126597520029463,0.3
core_sarimax_frozen_s42,sarimax,frozen,selected,False,42,7,2025-02-24 01:00:00,2025-02-28 09:00:00,105,275.4,True,True,221.04684817122825,6.547364289432949,227.5942124606612,0.0,0.0066952439992746,0.0126597520029463,0.3
core_sarimax_frozen_s42,sarimax,frozen,selected,False,42,7,2025-02-24 01:00:00,2025-02-28 10:00:00,106,364.94,True,True,306.3550341373914,6.547364289432949,312.90239842682433,0.0,0.0066952439992746,0.0126597520029463,0.3
core_sarimax_frozen_s42,sarimax,frozen,selected,False,42,7,2025-02-24 01:00:00,2025-02-28 11:00:00,107,535.83,True,True,475.3572358259162,6.547364289432949,481.9046001153491,0.0,0.0066952439992746,0.0126597520029463,0.3
core_sarimax_frozen_s42,sarimax,frozen,selected,False,42,7,2025-02-24 01:00:00,2025-02-28 12:00:00,108,718.37,True,True,643.4323357360805,6.547364289432949,649.9797000255135,0.0,0.0066952439992746,0.0126597520029463,0.3
core_sarimax_frozen_s42,sarimax,frozen,selected,False,42,7,2025-02-24 01:00:00,2025-02-28 13:00:00,109,858.36,True,True,763.0327085081797,6.547364289432949,769.5800727976126,0.0,0.0066952439992746,0.0126597520029463,0.3
core_sarimax_frozen_s42,sarimax,frozen,selected,False,42,7,2025-02-24 01:00:00,2025-02-28 14:00:00,110,925.4,True,True,800.1943295808032,6.547364289432949,806.7416938702362,0.0,0.0066952439992746,0.0126597520029463,0.3
core_sarimax_frozen_s42,sarimax,frozen,selected,False,42,7,2025-02-24 01:00:00,2025-02-28 15:00:00,111,905.93,True,True,730.7195593892928,6.547364289432949,737.2669236787258,0.0,0.0066952439992746,0.0126597520029463,0.3
core_sarimax_frozen_s42,sarimax,frozen,selected,False,42,7,2025-02-24 01:00:00,2025-02-28 16:00:00,112,828.34,True,True,620.3981980643507,6.547364289432949,626.9455623537837,0.0,0.0066952439992746,0.0126597520029463,0.3
core_sarimax_frozen_s42,sarimax,frozen,selected,False,42,7,2025-02-24 01:00:00,2025-02-28 17:00:00,113,752.09,True,True,518.7131709867375,6.547364289432949,525.2605352761705,0.0,0.0066952439992746,0.0126597520029463,0.3
core_sarimax_frozen_s42,sarimax,frozen,selected,False,42,7,2025-02-24 01:00:00,2025-02-28 18:00:00,114,680.31,True,True,426.454067754321,6.547364289432949,433.00143204375394,0.0,0.0066952439992746,0.0126597520029463,0.3
core_sarimax_frozen_s42,sarimax,frozen,selected,False,42,7,2025-02-24 01:00:00,2025-02-28 19:00:00,115,627.56,True,True,374.2536187302728,6.547364289432949,380.80098301970577,0.0,0.0066952439992746,0.0126597520029463,0.3
core_sarimax_frozen_s42,sarimax,frozen,selected,False,42,7,2025-02-24 01:00:00,2025-02-28 20:00:00,116,596.78,True,True,354.4796506167255,6.547364289432949,361.02701490615846,0.0,0.0066952439992746,0.0126597520029463,0.3
core_sarimax_frozen_s42,sarimax,frozen,selected,False,42,7,2025-02-24 01:00:00,2025-02-28 21:00:00,117,579.9,True,True,355.53915330191523,6.547364289432949,362.0865175913482,0.0,0.0066952439992746,0.0126597520029463,0.3
core_sarimax_frozen_s42,sarimax,frozen,selected,False,42,7,2025-02-24 01:00:00,2025-02-28 22:00:00,118,557.08,True,True,347.6038715485711,6.547364289432949,354.151235838004,0.0,0.0066952439992746,0.0126597520029463,0.3
core_sarimax_frozen_s42,sarimax,frozen,selected,False,42,7,2025-02-24 01:00:00,2025-02-28 23:00:00,119,586.33,True,True,387.181828579326,6.547364289432949,393.72919286875896,0.0,0.0066952439992746,0.0126597520029463,0.3
core_sarimax_frozen_s42,sarimax,frozen,selected,False,42,7,2025-02-24 01:00:00,2025-03-01 00:00:00,120,660.96,True,True,468.9941118809902,6.547364289432949,475.54147617042315,0.0,0.0066952439992746,0.0126597520029463,0.3
core_sarimax_frozen_s42,sarimax,frozen,selected,False,42,7,2025-02-24 01:00:00,2025-03-01 01:00:00,121,716.74,True,True,528.590156780415,6.547364289432949,535.1375210698479,0.0,0.0066952439992746,0.0126597520029463,0.3
core_sarimax_frozen_s42,sarimax,frozen,selected,False,42,7,2025-02-24 01:00:00,2025-03-01 02:00:00,122,709.61,True,True,522.5944810870413,6.547364289432949,529.1418453764743,0.0,0.0066952439992746,0.0126597520029463,0.3
core_sarimax_frozen_s42,sarimax,frozen,selected,False,42,7,2025-02-24 01:00:00,2025-03-01 03:00:00,123,649.32,True,True,448.8216985525188,6.547364289432949,455.36906284195175,0.0,0.0066952439992746,0.0126597520029463,0.3
core_sarimax_frozen_s42,sarimax,frozen,selected,False,42,7,2025-02-24 01:00:00,2025-03-01 04:00:00,124,536.52,True,True,184.44062248165773,6.547364289432949,190.98798677109068,0.0,0.0066952439992746,0.0126597520029463,0.3
core_sarimax_frozen_s42,sarimax,frozen,selected,False,42,7,2025-02-24 01:00:00,2025-03-01 05:00:00,125,481.34,True,True,154.63258235354752,6.547364289432949,161.17994664298047,0.0,0.0066952439992746,0.0126597520029463,0.3
core_sarimax_frozen_s42,sarimax,frozen,selected,False,42,7,2025-02-24 01:00:00,2025-03-01 06:00:00,126,473.35,True,True,146.53523975808628,6.547364289432949,153.08260404751923,0.0,0.0066952439992746,0.0126597520029463,0.3
core_sarimax_frozen_s42,sarimax,frozen,selected,False,42,7,2025-02-24 01:00:00,2025-03-01 07:00:00,127,478.43,True,True,151.49180748938622,6.547364289432949,158.03917177881917,0.0,0.0066952439992746,0.0126597520029463,0.3
core_sarimax_frozen_s42,sarimax,frozen,selected,False,42,7,2025-02-24 01:00:00,2025-03-01 08:00:00,128,490.23,True,True,169.7314311955608,6.547364289432949,176.27879548499374,0.0,0.0066952439992746,0.0126597520029463,0.3
core_sarimax_frozen_s42,sarimax,frozen,selected,False,42,7,2025-02-24 01:00:00,2025-03-01 09:00:00,129,497.54,True,True,181.72298610628167,6.547364289432949,188.27035039571462,0.0,0.0066952439992746,0.0126597520029463,0.3
core_sarimax_frozen_s42,sarimax,frozen,selected,False,42,7,2025-02-24 01:00:00,2025-03-01 10:00:00,130,492.8,True,True,177.1541353769198,6.547364289432949,183.70149966635276,0.0,0.0066952439992746,0.0126597520029463,0.3
core_sarimax_frozen_s42,sarimax,frozen,selected,False,42,7,2025-02-24 01:00:00,2025-03-01 11:00:00,131,470.96,True,True,159.1150248177323,6.547364289432949,165.66238910716524,0.0,0.0066952439992746,0.0126597520029463,0.3
core_sarimax_frozen_s42,sarimax,frozen,selected,False,42,7,2025-02-24 01:00:00,2025-03-01 12:00:00,132,420.59,True,True,131.87179625438455,6.547364289432949,138.4191605438175,0.0,0.0066952439992746,0.0126597520029463,0.3
core_sarimax_frozen_s42,sarimax,frozen,selected,False,42,7,2025-02-24 01:00:00,2025-03-01 13:00:00,133,295.92,True,True,105.29274212500184,6.547364289432949,111.84010641443479,0.0,0.0066952439992746,0.0126597520029463,0.3
core_sarimax_frozen_s42,sarimax,frozen,selected,False,42,7,2025-02-24 01:00:00,2025-03-01 14:00:00,134,187.28,True,True,104.91703720894547,6.547364289432949,111.46440149837842,0.0,0.0066952439992746,0.0126597520029463,0.3
core_sarimax_frozen_s42,sarimax,frozen,selected,False,42,7,2025-02-24 01:00:00,2025-03-01 15:00:00,135,142.86,True,True,102.8114616051304,6.547364289432949,109.35882589456335,0.0,0.0066952439992746,0.0126597520029463,0.3
core_sarimax_frozen_s42,sarimax,frozen,selected,False,42,7,2025-02-24 01:00:00,2025-03-01 16:00:00,136,128.84,True,True,91.84389710552568,6.547364289432949,98.39126139495863,0.0,0.0066952439992746,0.0126597520029463,0.3
core_sarimax_frozen_s42,sarimax,frozen,selected,False,42,7,2025-02-24 01:00:00,2025-03-01 17:00:00,137,131.31,True,True,86.32873502340092,6.547364289432949,92.87609931283387,0.0,0.0066952439992746,0.0126597520029463,0.3
core_sarimax_frozen_s42,sarimax,frozen,selected,False,42,7,2025-02-24 01:00:00,2025-03-01 18:00:00,138,148.56,True,True,90.9670780419704,6.547364289432949,97.51444233140334,0.0,0.0066952439992746,0.0126597520029463,0.3
core_sarimax_frozen_s42,sarimax,frozen,selected,False,42,7,2025-02-24 01:00:00,2025-03-01 19:00:00,139,175.34,True,True,94.92794452243136,6.547364289432949,101.47530881186431,0.0,0.0066952439992746,0.0126597520029463,0.3
core_sarimax_frozen_s42,sarimax,frozen,selected,False,42,7,2025-02-24 01:00:00,2025-03-01 20:00:00,140,188.94,True,True,95.01825128548543,6.547364289432949,101.56561557491838,0.0,0.0066952439992746,0.0126597520029463,0.3
core_sarimax_frozen_s42,sarimax,frozen,selected,False,42,7,2025-02-24 01:00:00,2025-03-01 21:00:00,141,187.94,True,True,92.65778432744396,6.547364289432949,99.20514861687691,0.0,0.0066952439992746,0.0126597520029463,0.3
core_sarimax_frozen_s42,sarimax,frozen,selected,False,42,7,2025-02-24 01:00:00,2025-03-01 22:00:00,142,184.36,True,True,92.83761240059373,6.547364289432949,99.38497669002668,0.0,0.0066952439992746,0.0126597520029463,0.3
core_sarimax_frozen_s42,sarimax,frozen,selected,False,42,7,2025-02-24 01:00:00,2025-03-01 23:00:00,143,198.54,True,True,114.54106171955732,6.547364289432949,121.08842600899027,0.0,0.0066952439992746,0.0126597520029463,0.3
core_sarimax_frozen_s42,sarimax,frozen,selected,False,42,7,2025-02-24 01:00:00,2025-03-02 00:00:00,144,217.8,True,True,123.4569399782669,6.547364289432949,130.00430426769987,0.0,0.0066952439992746,0.0126597520029463,0.3
core_sarimax_frozen_s42,sarimax,frozen,selected,False,42,7,2025-02-24 01:00:00,2025-03-02 01:00:00,145,169.21,True,True,87.38561738132255,6.547364289432949,93.9329816707555,0.0,0.0066952439992746,0.0126597520029463,0.3
core_sarimax_frozen_s42,sarimax,frozen,selected,False,42,7,2025-02-24 01:00:00,2025-03-02 02:00:00,146,99.74,True,True,53.4565680911882,6.547364289432949,60.00393238062115,0.0,0.0066952439992746,0.0126597520029463,0.3
core_sarimax_frozen_s42,sarimax,frozen,selected,False,42,7,2025-02-24 01:00:00,2025-03-02 03:00:00,147,60.91,True,True,35.437070905632254,6.547364289432949,41.9844351950652,0.0,0.0066952439992746,0.0126597520029463,0.3
core_sarimax_frozen_s42,sarimax,frozen,selected,False,42,7,2025-02-24 01:00:00,2025-03-02 04:00:00,148,39.47,True,True,22.92287960029472,6.547364289432949,29.47024388972767,0.0,0.0066952439992746,0.0126597520029463,0.3
core_sarimax_frozen_s42,sarimax,frozen,selected,False,42,7,2025-02-24 01:00:00,2025-03-02 05:00:00,149,29.95,True,True,19.433073009818656,6.547364289432949,25.980437299251605,0.0,0.0066952439992746,0.0126597520029463,0.3
core_sarimax_frozen_s42,sarimax,frozen,selected,False,42,7,2025-02-24 01:00:00,2025-03-02 06:00:00,150,23.21,True,True,15.581201253125698,6.547364289432949,22.128565542558647,0.0,0.0066952439992746,0.0126597520029463,0.3
core_sarimax_frozen_s42,sarimax,frozen,selected,False,42,7,2025-02-24 01:00:00,2025-03-02 07:00:00,151,20.54,True,True,13.100507463144735,6.547364289432949,19.647871752577686,0.0,0.0066952439992746,0.0126597520029463,0.3
core_sarimax_frozen_s42,sarimax,frozen,selected,False,42,7,2025-02-24 01:00:00,2025-03-02 08:00:00,152,22.02,True,True,13.750764427191058,6.547364289432949,20.298128716624007,0.0,0.0066952439992746,0.0126597520029463,0.3
core_sarimax_frozen_s42,sarimax,frozen,selected,False,42,7,2025-02-24 01:00:00,2025-03-02 09:00:00,153,24.73,True,True,14.03547501376579,6.547364289432949,20.58283930319874,0.0,0.0066952439992746,0.0126597520029463,0.3
core_sarimax_frozen_s42,sarimax,frozen,selected,False,42,7,2025-02-24 01:00:00,2025-03-02 10:00:00,154,36.5,True,True,25.788536619455957,6.547364289432949,32.3359009088889,0.0,0.0066952439992746,0.0126597520029463,0.3
core_sarimax_frozen_s42,sarimax,frozen,selected,False,42,7,2025-02-24 01:00:00,2025-03-02 11:00:00,155,68.39,True,True,63.67228573067148,6.547364289432949,70.21965002010444,0.0,0.0066952439992746,0.0126597520029463,0.3
core_sarimax_frozen_s42,sarimax,frozen,selected,False,42,7,2025-02-24 01:00:00,2025-03-02 12:00:00,156,106.44,True,True,108.55458516172314,6.547364289432949,115.10194945115609,0.0,0.0066952439992746,0.0126597520029463,0.3
core_sarimax_frozen_s42,sarimax,frozen,selected,False,42,7,2025-02-24 01:00:00,2025-03-02 13:00:00,157,153.38,True,True,157.5280814243852,6.547364289432949,164.07544571381814,0.0,0.0066952439992746,0.0126597520029463,0.3
core_sarimax_frozen_s42,sarimax,frozen,selected,False,42,7,2025-02-24 01:00:00,2025-03-02 14:00:00,158,219.4,True,True,228.5471477197217,6.547364289432949,235.09451200915464,0.0,0.0066952439992746,0.0126597520029463,0.3
core_sarimax_frozen_s42,sarimax,frozen,selected,False,42,7,2025-02-24 01:00:00,2025-03-02 15:00:00,159,277.75,True,True,287.824067215275,6.547364289432949,294.37143150470797,0.0,0.0066952439992746,0.0126597520029463,0.3
core_sarimax_frozen_s42,sarimax,frozen,selected,False,42,7,2025-02-24 01:00:00,2025-03-02 16:00:00,160,305.96,True,True,316.8446908617448,6.547364289432949,323.3920551511778,0.0,0.0066952439992746,0.0126597520029463,0.3
core_sarimax_frozen_s42,sarimax,frozen,selected,False,42,7,2025-02-24 01:00:00,2025-03-02 17:00:00,161,320.9,True,True,330.0931565660564,6.547364289432949,336.64052085548934,0.0,0.0066952439992746,0.0126597520029463,0.3
core_sarimax_frozen_s42,sarimax,frozen,selected,False,42,7,2025-02-24 01:00:00,2025-03-02 18:00:00,162,334.91,True,True,341.3704114196753,6.547364289432949,347.91777570910824,0.0,0.0066952439992746,0.0126597520029463,0.3
core_sarimax_frozen_s42,sarimax,frozen,selected,False,42,7,2025-02-24 01:00:00,2025-03-02 19:00:00,163,364.95,True,True,366.7265108169063,6.547364289432949,373.27387510633923,0.0,0.0066952439992746,0.0126597520029463,0.3
core_sarimax_frozen_s42,sarimax,frozen,selected,False,42,7,2025-02-24 01:00:00,2025-03-02 20:00:00,164,399.87,True,True,396.5640748493215,6.547364289432949,403.11143913875446,0.0,0.0066952439992746,0.0126597520029463,0.3
core_sarimax_frozen_s42,sarimax,frozen,selected,False,42,7,2025-02-24 01:00:00,2025-03-02 21:00:00,165,425.92,True,True,421.5716115945163,6.547364289432949,428.11897588394925,0.0,0.0066952439992746,0.0126597520029463,0.3
core_sarimax_frozen_s42,sarimax,frozen,selected,False,42,7,2025-02-24 01:00:00,2025-03-02 22:00:00,166,442.94,True,True,434.53969603583954,6.547364289432949,441.0870603252725,0.0,0.0066952439992746,0.0126597520029463,0.3
core_sarimax_frozen_s42,sarimax,frozen,selected,False,42,7,2025-02-24 01:00:00,2025-03-02 23:00:00,167,497.78,True,True,481.76788150263167,6.547364289432949,488.3152457920646,0.0,0.0066952439992746,0.0126597520029463,0.3
core_sarimax_frozen_s42,sarimax,frozen,selected,False,42,7,2025-02-24 01:00:00,2025-03-03 00:00:00,168,542.46,True,True,518.5909651666734,6.547364289432949,525.1383294561064,0.0,0.0066952439992746,0.0126597520029463,0.3
core_sarimax_frozen_s42,sarimax,frozen,selected,False,42,10,2025-03-17 01:00:00,2025-03-17 01:00:00,1,31.77,True,True,29.06178911545055,24.833906085009836,53.89569520046039,0.0,0.0066205929979332,0.0347376460013038,0.3
core_sarimax_frozen_s42,sarimax,frozen,selected,False,42,10,2025-03-17 01:00:00,2025-03-17 02:00:00,2,15.45,True,True,5.893428980029171,24.833906085009836,30.727335065039007,0.0,0.0066205929979332,0.0347376460013038,0.3
core_sarimax_frozen_s42,sarimax,frozen,selected,False,42,10,2025-03-17 01:00:00,2025-03-17 03:00:00,3,8.29,True,True,-4.704902489631706,24.833906085009836,20.12900359537813,0.0,0.0066205929979332,0.0347376460013038,0.3
core_sarimax_frozen_s42,sarimax,frozen,selected,False,42,10,2025-03-17 01:00:00,2025-03-17 04:00:00,4,4.12,True,True,-3.976776921826541,24.833906085009836,20.857129163183295,0.0,0.0066205929979332,0.0347376460013038,0.3
core_sarimax_frozen_s42,sarimax,frozen,selected,False,42,10,2025-03-17 01:00:00,2025-03-17 05:00:00,5,3.51,True,True,-4.12789024068482,24.833906085009836,20.706015844325016,0.0,0.0066205929979332,0.0347376460013038,0.3
core_sarimax_frozen_s42,sarimax,frozen,selected,False,42,10,2025-03-17 01:00:00,2025-03-17 06:00:00,6,3.35,True,True,-4.202920665119393,24.833906085009836,20.630985419890443,0.0,0.0066205929979332,0.0347376460013038,0.3
core_sarimax_frozen_s42,sarimax,frozen,selected,False,42,10,2025-03-17 01:00:00,2025-03-17 07:00:00,7,3.31,True,True,-3.119014511457152,24.833906085009836,21.714891573552684,0.0,0.0066205929979332,0.0347376460013038,0.3
core_sarimax_frozen_s42,sarimax,frozen,selected,False,42,10,2025-03-17 01:00:00,2025-03-17 08:00:00,8,3.61,True,True,-2.9671135029640823,24.833906085009836,21.866792582045754,0.0,0.0066205929979332,0.0347376460013038,0.3
core_sarimax_frozen_s42,sarimax,frozen,selected,False,42,10,2025-03-17 01:00:00,2025-03-17 09:00:00,9,4.11,True,True,-4.971517284272267,24.833906085009836,19.86238880073757,0.0,0.0066205929979332,0.0347376460013038,0.3
core_sarimax_frozen_s42,sarimax,frozen,selected,False,42,10,2025-03-17 01:00:00,2025-03-17 10:00:00,10,6.24,True,True,-5.107925810006009,24.833906085009836,19.725980275003828,0.0,0.0066205929979332,0.0347376460013038,0.3
core_sarimax_frozen_s42,sarimax,frozen,selected,False,42,10,2025-03-17 01:00:00,2025-03-17 11:00:00,11,11.18,True,True,1.2150697744431511,24.833906085009836,26.048975859452987,0.0,0.0066205929979332,0.0347376460013038,0.3
core_sarimax_frozen_s42,sarimax,frozen,selected,False,42,10,2025-03-17 01:00:00,2025-03-17 12:00:00,12,16.6,True,True,6.941202084426095,24.833906085009836,31.77510816943593,0.0,0.0066205929979332,0.0347376460013038,0.3
core_sarimax_frozen_s42,sarimax,frozen,selected,False,42,10,2025-03-17 01:00:00,2025-03-17 13:00:00,13,33.88,True,True,29.290067506827768,24.833906085009836,54.123973591837604,0.0,0.0066205929979332,0.0347376460013038,0.3
core_sarimax_frozen_s42,sarimax,frozen,selected,False,42,10,2025-03-17 01:00:00,2025-03-17 14:00:00,14,61.93,True,True,64.18488214405441,24.833906085009836,89.01878822906426,0.0,0.0066205929979332,0.0347376460013038,0.3
core_sarimax_frozen_s42,sarimax,frozen,selected,False,42,10,2025-03-17 01:00:00,2025-03-17 15:00:00,15,74.69,True,True,82.28165665925196,24.833906085009836,107.11556274426181,0.0,0.0066205929979332,0.0347376460013038,0.3
core_sarimax_frozen_s42,sarimax,frozen,selected,False,42,10,2025-03-17 01:00:00,2025-03-17 16:00:00,16,65.45,True,True,73.797550569039,24.833906085009836,98.63145665404883,0.0,0.0066205929979332,0.0347376460013038,0.3
core_sarimax_frozen_s42,sarimax,frozen,selected,False,42,10,2025-03-17 01:00:00,2025-03-17 17:00:00,17,54.79,True,True,61.23909871773199,24.833906085009836,86.07300480274182,0.0,0.0066205929979332,0.0347376460013038,0.3
core_sarimax_frozen_s42,sarimax,frozen,selected,False,42,10,2025-03-17 01:00:00,2025-03-17 18:00:00,18,50.25,True,True,57.9168897916074,24.833906085009836,82.75079587661725,0.0,0.0066205929979332,0.0347376460013038,0.3
core_sarimax_frozen_s42,sarimax,frozen,selected,False,42,10,2025-03-17 01:00:00,2025-03-17 19:00:00,19,61.72,True,True,69.48272244733602,24.833906085009836,94.31662853234585,0.0,0.0066205929979332,0.0347376460013038,0.3
core_sarimax_frozen_s42,sarimax,frozen,selected,False,42,10,2025-03-17 01:00:00,2025-03-17 20:00:00,20,88.07,True,True,95.66548481373036,24.833906085009836,120.49939089874019,0.0,0.0066205929979332,0.0347376460013038,0.3
core_sarimax_frozen_s42,sarimax,frozen,selected,False,42,10,2025-03-17 01:00:00,2025-03-17 21:00:00,21,119.37,True,True,125.84100095894104,24.833906085009836,150.67490704395087,0.0,0.0066205929979332,0.0347376460013038,0.3
core_sarimax_frozen_s42,sarimax,frozen,selected,False,42,10,2025-03-17 01:00:00,2025-03-17 22:00:00,22,153.66,True,True,156.4012090242225,24.833906085009836,181.23511510923234,0.0,0.0066205929979332,0.0347376460013038,0.3
core_sarimax_frozen_s42,sarimax,frozen,selected,False,42,10,2025-03-17 01:00:00,2025-03-17 23:00:00,23,240.13,True,True,241.88676401722063,24.833906085009836,266.7206701022305,0.0,0.0066205929979332,0.0347376460013038,0.3
core_sarimax_frozen_s42,sarimax,frozen,selected,False,42,10,2025-03-17 01:00:00,2025-03-18 00:00:00,24,360.81,True,True,359.7777307193384,24.833906085009836,384.6116368043483,0.0,0.0066205929979332,0.0347376460013038,0.3
core_sarimax_frozen_s42,sarimax,frozen,selected,False,42,10,2025-03-17 01:00:00,2025-03-18 01:00:00,25,344.22,True,True,342.7840351724242,24.833906085009836,367.61794125743404,0.0,0.0066205929979332,0.0347376460013038,0.3
core_sarimax_frozen_s42,sarimax,frozen,selected,False,42,10,2025-03-17 01:00:00,2025-03-18 02:00:00,26,369.17,True,True,360.385239172959,24.833906085009836,385.2191452579689,0.0,0.0066205929979332,0.0347376460013038,0.3
core_sarimax_frozen_s42,sarimax,frozen,selected,False,42,10,2025-03-17 01:00:00,2025-03-18 03:00:00,27,355.79,True,True,338.11638939743284,24.833906085009836,362.9502954824427,0.0,0.0066205929979332,0.0347376460013038,0.3
core_sarimax_frozen_s42,sarimax,frozen,selected,False,42,10,2025-03-17 01:00:00,2025-03-18 04:00:00,28,87.33,True,True,93.2319728551428,24.833906085009836,118.06587894015263,0.0,0.0066205929979332,0.0347376460013038,0.3
core_sarimax_frozen_s42,sarimax,frozen,selected,False,42,10,2025-03-17 01:00:00,2025-03-18 05:00:00,29,35.3,True,True,39.88578967582709,24.833906085009836,64.71969576083693,0.0,0.0066205929979332,0.0347376460013038,0.3
core_sarimax_frozen_s42,sarimax,frozen,selected,False,42,10,2025-03-17 01:00:00,2025-03-18 06:00:00,30,13.98,True,True,13.739228820218614,24.833906085009836,38.57313490522845,0.0,0.0066205929979332,0.0347376460013038,0.3
core_sarimax_frozen_s42,sarimax,frozen,selected,False,42,10,2025-03-17 01:00:00,2025-03-18 07:00:00,31,8.81,True,True,9.368858595612494,24.833906085009836,34.20276468062233,0.0,0.0066205929979332,0.0347376460013038,0.3
core_sarimax_frozen_s42,sarimax,frozen,selected,False,42,10,2025-03-17 01:00:00,2025-03-18 08:00:00,32,8.33,True,True,9.18022814957112,24.833906085009836,34.01413423458096,0.0,0.0066205929979332,0.0347376460013038,0.3
core_sarimax_frozen_s42,sarimax,frozen,selected,False,42,10,2025-03-17 01:00:00,2025-03-18 09:00:00,33,8.4,True,True,7.138225406511538,24.833906085009836,31.972131491521374,0.0,0.0066205929979332,0.0347376460013038,0.3
core_sarimax_frozen_s42,sarimax,frozen,selected,False,42,10,2025-03-17 01:00:00,2025-03-18 10:00:00,34,39.59,True,True,57.26008972584314,24.833906085009836,82.09399581085297,0.0,0.0066205929979332,0.0347376460013038,0.3
core_sarimax_frozen_s42,sarimax,frozen,selected,False,42,10,2025-03-17 01:00:00,2025-03-18 11:00:00,35,111.19,True,True,144.38787218439387,24.833906085009836,169.2217782694037,0.0,0.0066205929979332,0.0347376460013038,0.3
core_sarimax_frozen_s42,sarimax,frozen,selected,False,42,10,2025-03-17 01:00:00,2025-03-18 12:00:00,36,231.14,True,True,269.9607908762422,24.833906085009836,294.79469696125204,0.0,0.0066205929979332,0.0347376460013038,0.3
core_sarimax_frozen_s42,sarimax,frozen,selected,False,42,10,2025-03-17 01:00:00,2025-03-18 13:00:00,37,374.95,True,True,414.242214523912,24.833906085009836,439.0761206089219,0.0,0.0066205929979332,0.0347376460013038,0.3
core_sarimax_frozen_s42,sarimax,frozen,selected,False,42,10,2025-03-17 01:00:00,2025-03-18 14:00:00,38,457.73,True,True,491.2857843461201,24.833906085009836,516.1196904311299,0.0,0.0066205929979332,0.0347376460013038,0.3
core_sarimax_frozen_s42,sarimax,frozen,selected,False,42,10,2025-03-17 01:00:00,2025-03-18 15:00:00,39,433.59,True,True,465.8920035879837,24.833906085009836,490.72590967299357,0.0,0.0066205929979332,0.0347376460013038,0.3
core_sarimax_frozen_s42,sarimax,frozen,selected,False,42,10,2025-03-17 01:00:00,2025-03-18 16:00:00,40,278.25,True,True,309.2645895373943,24.833906085009836,334.09849562240413,0.0,0.0066205929979332,0.0347376460013038,0.3
core_sarimax_frozen_s42,sarimax,frozen,selected,False,42,10,2025-03-17 01:00:00,2025-03-18 17:00:00,41,214.72,True,True,239.52681188713385,24.833906085009836,264.3607179721437,0.0,0.0066205929979332,0.0347376460013038,0.3
core_sarimax_frozen_s42,sarimax,frozen,selected,False,42,10,2025-03-17 01:00:00,2025-03-18 18:00:00,42,187.9,True,True,208.0927547335414,24.833906085009836,232.92666081855123,0.0,0.0066205929979332,0.0347376460013038,0.3
core_sarimax_frozen_s42,sarimax,frozen,selected,False,42,10,2025-03-17 01:00:00,2025-03-18 19:00:00,43,151.21,True,True,169.68797993905565,24.833906085009836,194.52188602406548,0.0,0.0066205929979332,0.0347376460013038,0.3
core_sarimax_frozen_s42,sarimax,frozen,selected,False,42,10,2025-03-17 01:00:00,2025-03-18 20:00:00,44,113.15,True,True,128.0105018154806,24.833906085009836,152.84440790049044,0.0,0.0066205929979332,0.0347376460013038,0.3
core_sarimax_frozen_s42,sarimax,frozen,selected,False,42,10,2025-03-17 01:00:00,2025-03-18 21:00:00,45,91.78,True,True,102.9954011749452,24.833906085009836,127.82930725995504,0.0,0.0066205929979332,0.0347376460013038,0.3
core_sarimax_frozen_s42,sarimax,frozen,selected,False,42,10,2025-03-17 01:00:00,2025-03-18 22:00:00,46,85.27,True,True,94.09707893841887,24.833906085009836,118.93098502342872,0.0,0.0066205929979332,0.0347376460013038,0.3
core_sarimax_frozen_s42,sarimax,frozen,selected,False,42,10,2025-03-17 01:00:00,2025-03-18 23:00:00,47,115.74,True,True,126.06127147343264,24.833906085009836,150.89517755844247,0.0,0.0066205929979332,0.0347376460013038,0.3
core_sarimax_frozen_s42,sarimax,frozen,selected,False,42,10,2025-03-17 01:00:00,2025-03-19 00:00:00,48,158.89,True,True,171.3076377948747,24.833906085009836,196.14154387988452,0.0,0.0066205929979332,0.0347376460013038,0.3
core_sarimax_frozen_s42,sarimax,frozen,selected,False,42,10,2025-03-17 01:00:00,2025-03-19 01:00:00,49,184.39,True,True,200.40159784560652,24.833906085009836,225.23550393061635,0.0,0.0066205929979332,0.0347376460013038,0.3
core_sarimax_frozen_s42,sarimax,frozen,selected,False,42,10,2025-03-17 01:00:00,2025-03-19 02:00:00,50,208.95,True,True,229.7574562514439,24.833906085009836,254.59136233645373,0.0,0.0066205929979332,0.0347376460013038,0.3
core_sarimax_frozen_s42,sarimax,frozen,selected,False,42,10,2025-03-17 01:00:00,2025-03-19 03:00:00,51,218.09,True,True,242.54058991463688,24.833906085009836,267.37449599964674,0.0,0.0066205929979332,0.0347376460013038,0.3
core_sarimax_frozen_s42,sarimax,frozen,selected,False,42,10,2025-03-17 01:00:00,2025-03-19 04:00:00,52,115.44,True,True,133.87266096539568,24.833906085009836,158.7065670504055,0.0,0.0066205929979332,0.0347376460013038,0.3
core_sarimax_frozen_s42,sarimax,frozen,selected,False,42,10,2025-03-17 01:00:00,2025-03-19 05:00:00,53,47.51,True,True,58.97214335830344,24.833906085009836,83.80604944331327,0.0,0.0066205929979332,0.0347376460013038,0.3
core_sarimax_frozen_s42,sarimax,frozen,selected,False,42,10,2025-03-17 01:00:00,2025-03-19 06:00:00,54,20.3,True,True,27.978587893298112,24.833906085009836,52.81249397830795,0.0,0.0066205929979332,0.0347376460013038,0.3
core_sarimax_frozen_s42,sarimax,frozen,selected,False,42,10,2025-03-17 01:00:00,2025-03-19 07:00:00,55,12.77,True,True,20.02117521885052,24.833906085009836,44.85508130386036,0.0,0.0066205929979332,0.0347376460013038,0.3
core_sarimax_frozen_s42,sarimax,frozen,selected,False,42,10,2025-03-17 01:00:00,2025-03-19 08:00:00,56,17.03,True,True,26.07470402178174,24.833906085009836,50.90861010679158,0.0,0.0066205929979332,0.0347376460013038,0.3
core_sarimax_frozen_s42,sarimax,frozen,selected,False,42,10,2025-03-17 01:00:00,2025-03-19 09:00:00,57,22.13,True,True,31.40407678485124,24.833906085009836,56.23798286986108,0.0,0.0066205929979332,0.0347376460013038,0.3
core_sarimax_frozen_s42,sarimax,frozen,selected,False,42,10,2025-03-17 01:00:00,2025-03-19 10:00:00,58,37.15,True,True,55.40744839651579,24.833906085009836,80.24135448152563,0.0,0.0066205929979332,0.0347376460013038,0.3
core_sarimax_frozen_s42,sarimax,frozen,selected,False,42,10,2025-03-17 01:00:00,2025-03-19 11:00:00,59,68.63,True,True,99.10440194292744,24.833906085009836,123.93830802793727,0.0,0.0066205929979332,0.0347376460013038,0.3
core_sarimax_frozen_s42,sarimax,frozen,selected,False,42,10,2025-03-17 01:00:00,2025-03-19 12:00:00,60,99.64,True,True,134.21550534289153,24.833906085009836,159.04941142790136,0.0,0.0066205929979332,0.0347376460013038,0.3
core_sarimax_frozen_s42,sarimax,frozen,selected,False,42,10,2025-03-17 01:00:00,2025-03-19 13:00:00,61,123.41,True,True,159.8207346072552,24.833906085009836,184.65464069226502,0.0,0.0066205929979332,0.0347376460013038,0.3
core_sarimax_frozen_s42,sarimax,frozen,selected,False,42,10,2025-03-17 01:00:00,2025-03-19 14:00:00,62,145.21,True,True,180.22728299011345,24.833906085009836,205.06118907512328,0.0,0.0066205929979332,0.0347376460013038,0.3
core_sarimax_frozen_s42,sarimax,frozen,selected,False,42,10,2025-03-17 01:00:00,2025-03-19 15:00:00,63,146.28,True,True,179.31626898837888,24.833906085009836,204.1501750733887,0.0,0.0066205929979332,0.0347376460013038,0.3
core_sarimax_frozen_s42,sarimax,frozen,selected,False,42,10,2025-03-17 01:00:00,2025-03-19 16:00:00,64,115.46,True,True,144.87774214663216,24.833906085009836,169.711648231642,0.0,0.0066205929979332,0.0347376460013038,0.3
core_sarimax_frozen_s42,sarimax,frozen,selected,False,42,10,2025-03-17 01:00:00,2025-03-19 17:00:00,65,80.15,True,True,103.46970066840665,24.833906085009836,128.3036067534165,0.0,0.0066205929979332,0.0347376460013038,0.3
core_sarimax_frozen_s42,sarimax,frozen,selected,False,42,10,2025-03-17 01:00:00,2025-03-19 18:00:00,66,57.06,True,True,75.72255794417458,24.833906085009836,100.55646402918441,0.0,0.0066205929979332,0.0347376460013038,0.3
core_sarimax_frozen_s42,sarimax,frozen,selected,False,42,10,2025-03-17 01:00:00,2025-03-19 19:00:00,67,44.98,True,True,59.788631556063024,24.833906085009836,84.62253764107285,0.0,0.0066205929979332,0.0347376460013038,0.3
core_sarimax_frozen_s42,sarimax,frozen,selected,False,42,10,2025-03-17 01:00:00,2025-03-19 20:00:00,68,42.52,True,True,55.9653644803185,24.833906085009836,80.79927056532833,0.0,0.0066205929979332,0.0347376460013038,0.3
core_sarimax_frozen_s42,sarimax,frozen,selected,False,42,10,2025-03-17 01:00:00,2025-03-19 21:00:00,69,43.49,True,True,56.03421598709133,24.833906085009836,80.86812207210116,0.0,0.0066205929979332,0.0347376460013038,0.3
core_sarimax_frozen_s42,sarimax,frozen,selected,False,42,10,2025-03-17 01:00:00,2025-03-19 22:00:00,70,46.51,True,True,59.1211391828671,24.833906085009836,83.95504526787693,0.0,0.0066205929979332,0.0347376460013038,0.3
core_sarimax_frozen_s42,sarimax,frozen,selected,False,42,10,2025-03-17 01:00:00,2025-03-19 23:00:00,71,69.63,True,True,86.04316640875976,24.833906085009836,110.87707249376959,0.0,0.0066205929979332,0.0347376460013038,0.3
core_sarimax_frozen_s42,sarimax,frozen,selected,False,42,10,2025-03-17 01:00:00,2025-03-20 00:00:00,72,99.32,True,True,120.87840711468095,24.833906085009836,145.71231319969078,0.0,0.0066205929979332,0.0347376460013038,0.3
core_sarimax_frozen_s42,sarimax,frozen,selected,False,42,10,2025-03-17 01:00:00,2025-03-20 01:00:00,73,110.67,True,True,134.92060212730033,24.833906085009836,159.75450821231016,0.0,0.0066205929979332,0.0347376460013038,0.3
core_sarimax_frozen_s42,sarimax,frozen,selected,False,42,10,2025-03-17 01:00:00,2025-03-20 02:00:00,74,96.42,True,True,118.29889881607588,24.833906085009836,143.1328049010857,0.0,0.0066205929979332,0.0347376460013038,0.3
core_sarimax_frozen_s42,sarimax,frozen,selected,False,42,10,2025-03-17 01:00:00,2025-03-20 03:00:00,75,55.87,True,True,67.20372075095457,24.833906085009836,92.0376268359644,0.0,0.0066205929979332,0.0347376460013038,0.3
core_sarimax_frozen_s42,sarimax,frozen,selected,False,42,10,2025-03-17 01:00:00,2025-03-20 04:00:00,76,16.8,True,True,18.977391669723037,24.833906085009836,43.81129775473288,0.0,0.0066205929979332,0.0347376460013038,0.3
core_sarimax_frozen_s42,sarimax,frozen,selected,False,42,10,2025-03-17 01:00:00,2025-03-20 05:00:00,77,12.08,True,True,14.566510990336552,24.833906085009836,39.40041707534639,0.0,0.0066205929979332,0.0347376460013038,0.3
core_sarimax_frozen_s42,sarimax,frozen,selected,False,42,10,2025-03-17 01:00:00,2025-03-20 06:00:00,78,11.12,True,True,13.063176465222456,24.833906085009836,37.89708255023229,0.0,0.0066205929979332,0.0347376460013038,0.3
core_sarimax_frozen_s42,sarimax,frozen,selected,False,42,10,2025-03-17 01:00:00,2025-03-20 07:00:00,79,10.16,True,True,13.280168595203008,24.833906085009836,38.114074680212845,0.0,0.0066205929979332,0.0347376460013038,0.3
core_sarimax_frozen_s42,sarimax,frozen,selected,False,42,10,2025-03-17 01:00:00,2025-03-20 08:00:00,80,10.39,True,True,13.580450531111808,24.833906085009836,38.414356616121644,0.0,0.0066205929979332,0.0347376460013038,0.3
core_sarimax_frozen_s42,sarimax,frozen,selected,False,42,10,2025-03-17 01:00:00,2025-03-20 09:00:00,81,11.27,True,True,12.391365797126156,24.833906085009836,37.22527188213599,0.0,0.0066205929979332,0.0347376460013038,0.3
core_sarimax_frozen_s42,sarimax,frozen,selected,False,42,10,2025-03-17 01:00:00,2025-03-20 10:00:00,82,23.62,True,True,36.30442667593155,24.833906085009836,61.13833276094139,0.0,0.0066205929979332,0.0347376460013038,0.3
core_sarimax_frozen_s42,sarimax,frozen,selected,False,42,10,2025-03-17 01:00:00,2025-03-20 11:00:00,83,55.05,True,True,85.3366380268325,24.833906085009836,110.17054411184233,0.0,0.0066205929979332,0.0347376460013038,0.3
core_sarimax_frozen_s42,sarimax,frozen,selected,False,42,10,2025-03-17 01:00:00,2025-03-20 12:00:00,84,92.13,True,True,132.08186404363985,24.833906085009836,156.91577012864968,0.0,0.0066205929979332,0.0347376460013038,0.3
core_sarimax_frozen_s42,sarimax,frozen,selected,False,42,10,2025-03-17 01:00:00,2025-03-20 13:00:00,85,135.18,True,True,179.00906385131924,24.833906085009836,203.84296993632907,0.0,0.0066205929979332,0.0347376460013038,0.3
core_sarimax_frozen_s42,sarimax,frozen,selected,False,42,10,2025-03-17 01:00:00,2025-03-20 14:00:00,86,178.08,True,True,226.12515841952805,24.833906085009836,250.95906450453788,0.0,0.0066205929979332,0.0347376460013038,0.3
core_sarimax_frozen_s42,sarimax,frozen,selected,False,42,10,2025-03-17 01:00:00,2025-03-20 15:00:00,87,188.44,True,True,235.1064985352491,24.833906085009836,259.94040462025896,0.0,0.0066205929979332,0.0347376460013038,0.3
core_sarimax_frozen_s42,sarimax,frozen,selected,False,42,10,2025-03-17 01:00:00,2025-03-20 16:00:00,88,161.08,True,True,206.10070875363965,24.833906085009836,230.93461483864948,0.0,0.0066205929979332,0.0347376460013038,0.3
core_sarimax_frozen_s42,sarimax,frozen,selected,False,42,10,2025-03-17 01:00:00,2025-03-20 17:00:00,89,134.87,True,True,173.9426789942283,24.833906085009836,198.77658507923812,0.0,0.0066205929979332,0.0347376460013038,0.3
core_sarimax_frozen_s42,sarimax,frozen,selected,False,42,10,2025-03-17 01:00:00,2025-03-20 18:00:00,90,119.77,True,True,154.41864391000723,24.833906085009836,179.25254999501706,0.0,0.0066205929979332,0.0347376460013038,0.3
core_sarimax_frozen_s42,sarimax,frozen,selected,False,42,10,2025-03-17 01:00:00,2025-03-20 19:00:00,91,108.81,True,True,137.60090305578504,24.833906085009836,162.43480914079487,0.0,0.0066205929979332,0.0347376460013038,0.3
core_sarimax_frozen_s42,sarimax,frozen,selected,False,42,10,2025-03-17 01:00:00,2025-03-20 20:00:00,92,104.19,True,True,127.8392807448037,24.833906085009836,152.67318682981355,0.0,0.0066205929979332,0.0347376460013038,0.3
core_sarimax_frozen_s42,sarimax,frozen,selected,False,42,10,2025-03-17 01:00:00,2025-03-20 21:00:00,93,106.24,True,True,126.98906636093092,24.833906085009836,151.82297244594076,0.0,0.0066205929979332,0.0347376460013038,0.3
core_sarimax_frozen_s42,sarimax,frozen,selected,False,42,10,2025-03-17 01:00:00,2025-03-20 22:00:00,94,117.33,True,True,136.0249199453919,24.833906085009836,160.85882603040173,0.0,0.0066205929979332,0.0347376460013038,0.3
core_sarimax_frozen_s42,sarimax,frozen,selected,False,42,10,2025-03-17 01:00:00,2025-03-20 23:00:00,95,182.51,True,True,209.8482111795549,24.833906085009836,234.68211726456474,0.0,0.0066205929979332,0.0347376460013038,0.3
core_sarimax_frozen_s42,sarimax,frozen,selected,False,42,10,2025-03-17 01:00:00,2025-03-21 00:00:00,96,290.87,True,True,331.2363978840576,24.833906085009836,356.0703039690675,0.0,0.0066205929979332,0.0347376460013038,0.3
core_sarimax_frozen_s42,sarimax,frozen,selected,False,42,10,2025-03-17 01:00:00,2025-03-21 01:00:00,97,383.88,True,True,444.96781754357903,24.833906085009836,469.8017236285889,0.0,0.0066205929979332,0.0347376460013038,0.3
core_sarimax_frozen_s42,sarimax,frozen,selected,False,42,10,2025-03-17 01:00:00,2025-03-21 02:00:00,98,350.81,True,True,422.7094559027329,24.833906085009836,447.54336198774274,0.0,0.0066205929979332,0.0347376460013038,0.3
core_sarimax_frozen_s42,sarimax,frozen,selected,False,42,10,2025-03-17 01:00:00,2025-03-21 03:00:00,99,194.99,True,True,254.39491278854905,24.833906085009836,279.2288188735589,0.0,0.0066205929979332,0.0347376460013038,0.3
core_sarimax_frozen_s42,sarimax,frozen,selected,False,42,10,2025-03-17 01:00:00,2025-03-21 04:00:00,100,16.08,True,True,22.622727722973394,24.833906085009836,47.45663380798323,0.0,0.0066205929979332,0.0347376460013038,0.3
core_sarimax_frozen_s42,sarimax,frozen,selected,False,42,10,2025-03-17 01:00:00,2025-03-21 05:00:00,101,10.66,True,True,14.711912628546486,24.833906085009836,39.54581871355632,0.0,0.0066205929979332,0.0347376460013038,0.3
core_sarimax_frozen_s42,sarimax,frozen,selected,False,42,10,2025-03-17 01:00:00,2025-03-21 06:00:00,102,10.46,True,True,13.525598825645346,24.833906085009836,38.35950491065518,0.0,0.0066205929979332,0.0347376460013038,0.3
core_sarimax_frozen_s42,sarimax,frozen,selected,False,42,10,2025-03-17 01:00:00,2025-03-21 07:00:00,103,10.8,True,True,14.446501277908736,24.833906085009836,39.280407362918574,0.0,0.0066205929979332,0.0347376460013038,0.3
core_sarimax_frozen_s42,sarimax,frozen,selected,False,42,10,2025-03-17 01:00:00,2025-03-21 08:00:00,104,11.66,True,True,15.47095634579648,24.833906085009836,40.30486243080632,0.0,0.0066205929979332,0.0347376460013038,0.3
core_sarimax_frozen_s42,sarimax,frozen,selected,False,42,10,2025-03-17 01:00:00,2025-03-21 09:00:00,105,12.27,True,True,14.97596130809896,24.833906085009836,39.809867393108796,0.0,0.0066205929979332,0.0347376460013038,0.3
core_sarimax_frozen_s42,sarimax,frozen,selected,False,42,10,2025-03-17 01:00:00,2025-03-21 10:00:00,106,14.8,True,True,18.043844225929572,24.833906085009836,42.877750310939405,0.0,0.0066205929979332,0.0347376460013038,0.3
core_sarimax_frozen_s42,sarimax,frozen,selected,False,42,10,2025-03-17 01:00:00,2025-03-21 11:00:00,107,20.49,True,True,27.688027457786006,24.833906085009836,52.52193354279584,0.0,0.0066205929979332,0.0347376460013038,0.3
core_sarimax_frozen_s42,sarimax,frozen,selected,False,42,10,2025-03-17 01:00:00,2025-03-21 12:00:00,108,26.74,True,True,36.98319426285923,24.833906085009836,61.817100347869065,0.0,0.0066205929979332,0.0347376460013038,0.3
core_sarimax_frozen_s42,sarimax,frozen,selected,False,42,10,2025-03-17 01:00:00,2025-03-21 13:00:00,109,55.02,True,True,82.27469629874571,24.833906085009836,107.10860238375554,0.0,0.0066205929979332,0.0347376460013038,0.3
core_sarimax_frozen_s42,sarimax,frozen,selected,False,42,10,2025-03-17 01:00:00,2025-03-21 14:00:00,110,100.48,True,True,142.7135108589113,24.833906085009836,167.54741694392112,0.0,0.0066205929979332,0.0347376460013038,0.3
core_sarimax_frozen_s42,sarimax,frozen,selected,False,42,10,2025-03-17 01:00:00,2025-03-21 15:00:00,111,123.63,True,True,175.58147645152224,24.833906085009836,200.41538253653206,0.0,0.0066205929979332,0.0347376460013038,0.3
core_sarimax_frozen_s42,sarimax,frozen,selected,False,42,10,2025-03-17 01:00:00,2025-03-21 16:00:00,112,110.11,True,True,159.96995086620169,24.833906085009836,184.80385695121151,0.0,0.0066205929979332,0.0347376460013038,0.3
core_sarimax_frozen_s42,sarimax,frozen,selected,False,42,10,2025-03-17 01:00:00,2025-03-21 17:00:00,113,76.11,True,True,112.33698211714535,24.833906085009836,137.1708882021552,0.0,0.0066205929979332,0.0347376460013038,0.3
core_sarimax_frozen_s42,sarimax,frozen,selected,False,42,10,2025-03-17 01:00:00,2025-03-21 18:00:00,114,50.2,True,True,75.28804642851978,24.833906085009836,100.1219525135296,0.0,0.0066205929979332,0.0347376460013038,0.3
core_sarimax_frozen_s42,sarimax,frozen,selected,False,42,10,2025-03-17 01:00:00,2025-03-21 19:00:00,115,35.2,True,True,50.5526209998668,24.833906085009836,75.38652708487663,0.0,0.0066205929979332,0.0347376460013038,0.3
core_sarimax_frozen_s42,sarimax,frozen,selected,False,42,10,2025-03-17 01:00:00,2025-03-21 20:00:00,116,32.61,True,True,42.50395099185681,24.833906085009836,67.33785707686664,0.0,0.0066205929979332,0.0347376460013038,0.3
core_sarimax_frozen_s42,sarimax,frozen,selected,False,42,10,2025-03-17 01:00:00,2025-03-21 21:00:00,117,33.94,True,True,40.94436368115362,24.833906085009836,65.77826976616345,0.0,0.0066205929979332,0.0347376460013038,0.3
core_sarimax_frozen_s42,sarimax,frozen,selected,False,42,10,2025-03-17 01:00:00,2025-03-21 22:00:00,118,37.62,True,True,44.05811441702616,24.833906085009836,68.89202050203599,0.0,0.0066205929979332,0.0347376460013038,0.3
core_sarimax_frozen_s42,sarimax,frozen,selected,False,42,10,2025-03-17 01:00:00,2025-03-21 23:00:00,119,50.38,True,True,61.139968263401045,24.833906085009836,85.97387434841087,0.0,0.0066205929979332,0.0347376460013038,0.3
core_sarimax_frozen_s42,sarimax,frozen,selected,False,42,10,2025-03-17 01:00:00,2025-03-22 00:00:00,120,57.67,True,True,67.2831805725947,24.833906085009836,92.11708665760455,0.0,0.0066205929979332,0.0347376460013038,0.3
core_sarimax_frozen_s42,sarimax,frozen,selected,False,42,10,2025-03-17 01:00:00,2025-03-22 01:00:00,121,54.64,True,True,57.0592209197211,24.833906085009836,81.89312700473093,0.0,0.0066205929979332,0.0347376460013038,0.3
core_sarimax_frozen_s42,sarimax,frozen,selected,False,42,10,2025-03-17 01:00:00,2025-03-22 02:00:00,122,49.73,True,True,44.51333347884173,24.833906085009836,69.34723956385156,0.0,0.0066205929979332,0.0347376460013038,0.3
core_sarimax_frozen_s42,sarimax,frozen,selected,False,42,10,2025-03-17 01:00:00,2025-03-22 03:00:00,123,40.46,True,True,30.77895629771274,24.833906085009836,55.612862382722575,0.0,0.0066205929979332,0.0347376460013038,0.3
core_sarimax_frozen_s42,sarimax,frozen,selected,False,42,10,2025-03-17 01:00:00,2025-03-22 04:00:00,124,29.47,True,True,18.336150185910498,24.833906085009836,43.170056270920334,0.0,0.0066205929979332,0.0347376460013038,0.3
core_sarimax_frozen_s42,sarimax,frozen,selected,False,42,10,2025-03-17 01:00:00,2025-03-22 05:00:00,125,27.4,True,True,13.436323415216007,24.833906085009836,38.270229500225845,0.0,0.0066205929979332,0.0347376460013038,0.3
core_sarimax_frozen_s42,sarimax,frozen,selected,False,42,10,2025-03-17 01:00:00,2025-03-22 06:00:00,126,26.35,True,True,12.51067897272216,24.833906085009836,37.344585057732,0.0,0.0066205929979332,0.0347376460013038,0.3
core_sarimax_frozen_s42,sarimax,frozen,selected,False,42,10,2025-03-17 01:00:00,2025-03-22 07:00:00,127,25.59,True,True,13.385773638537614,24.833906085009836,38.21967972354745,0.0,0.0066205929979332,0.0347376460013038,0.3
core_sarimax_frozen_s42,sarimax,frozen,selected,False,42,10,2025-03-17 01:00:00,2025-03-22 08:00:00,128,24.99,True,True,14.74088570849372,24.833906085009836,39.57479179350356,0.0,0.0066205929979332,0.0347376460013038,0.3
core_sarimax_frozen_s42,sarimax,frozen,selected,False,42,10,2025-03-17 01:00:00,2025-03-22 09:00:00,129,23.85,True,True,14.953132823829549,24.833906085009836,39.787038908839385,0.0,0.0066205929979332,0.0347376460013038,0.3
core_sarimax_frozen_s42,sarimax,frozen,selected,False,42,10,2025-03-17 01:00:00,2025-03-22 10:00:00,130,25.71,True,True,21.41163455157522,24.833906085009836,46.245540636585055,0.0,0.0066205929979332,0.0347376460013038,0.3
core_sarimax_frozen_s42,sarimax,frozen,selected,False,42,10,2025-03-17 01:00:00,2025-03-22 11:00:00,131,33.44,True,True,37.89379948004341,24.833906085009836,62.72770556505325,0.0,0.0066205929979332,0.0347376460013038,0.3
core_sarimax_frozen_s42,sarimax,frozen,selected,False,42,10,2025-03-17 01:00:00,2025-03-22 12:00:00,132,41.52,True,True,50.57154374560919,24.833906085009836,75.40544983061903,0.0,0.0066205929979332,0.0347376460013038,0.3
core_sarimax_frozen_s42,sarimax,frozen,selected,False,42,10,2025-03-17 01:00:00,2025-03-22 13:00:00,133,43.21,True,True,50.51554917892645,24.833906085009836,75.34945526393628,0.0,0.0066205929979332,0.0347376460013038,0.3
core_sarimax_frozen_s42,sarimax,frozen,selected,False,42,10,2025-03-17 01:00:00,2025-03-22 14:00:00,134,37.36,True,True,41.76336935427668,24.833906085009836,66.59727543928652,0.0,0.0066205929979332,0.0347376460013038,0.3
core_sarimax_frozen_s42,sarimax,frozen,selected,False,42,10,2025-03-17 01:00:00,2025-03-22 15:00:00,135,27.27,True,True,28.768109246535342,24.833906085009836,53.602015331545175,0.0,0.0066205929979332,0.0347376460013038,0.3
core_sarimax_frozen_s42,sarimax,frozen,selected,False,42,10,2025-03-17 01:00:00,2025-03-22 16:00:00,136,19.07,True,True,14.107806537765896,24.833906085009836,38.94171262277573,0.0,0.0066205929979332,0.0347376460013038,0.3
core_sarimax_frozen_s42,sarimax,frozen,selected,False,42,10,2025-03-17 01:00:00,2025-03-22 17:00:00,137,18.65,True,True,11.17452852942776,24.833906085009836,36.0084346144376,0.0,0.0066205929979332,0.0347376460013038,0.3
core_sarimax_frozen_s42,sarimax,frozen,selected,False,42,10,2025-03-17 01:00:00,2025-03-22 18:00:00,138,19.15,True,True,13.987215659491824,24.833906085009836,38.82112174450166,0.0,0.0066205929979332,0.0347376460013038,0.3
core_sarimax_frozen_s42,sarimax,frozen,selected,False,42,10,2025-03-17 01:00:00,2025-03-22 19:00:00,139,20.44,True,True,16.796485539202337,24.833906085009836,41.63039162421217,0.0,0.0066205929979332,0.0347376460013038,0.3
core_sarimax_frozen_s42,sarimax,frozen,selected,False,42,10,2025-03-17 01:00:00,2025-03-22 20:00:00,140,23.09,True,True,20.567616967071928,24.833906085009836,45.401523052081764,0.0,0.0066205929979332,0.0347376460013038,0.3
core_sarimax_frozen_s42,sarimax,frozen,selected,False,42,10,2025-03-17 01:00:00,2025-03-22 21:00:00,141,25.95,True,True,23.71081896644955,24.833906085009836,48.54472505145939,0.0,0.0066205929979332,0.0347376460013038,0.3
core_sarimax_frozen_s42,sarimax,frozen,selected,False,42,10,2025-03-17 01:00:00,2025-03-22 22:00:00,142,30.06,True,True,29.20075253123244,24.833906085009836,54.034658616242275,0.0,0.0066205929979332,0.0347376460013038,0.3
core_sarimax_frozen_s42,sarimax,frozen,selected,False,42,10,2025-03-17 01:00:00,2025-03-22 23:00:00,143,43.62,True,True,50.79725520505809,24.833906085009836,75.63116129006792,0.0,0.0066205929979332,0.0347376460013038,0.3
core_sarimax_frozen_s42,sarimax,frozen,selected,False,42,10,2025-03-17 01:00:00,2025-03-23 00:00:00,144,66.71,True,True,82.24085938836832,24.833906085009836,107.07476547337816,0.0,0.0066205929979332,0.0347376460013038,0.3
core_sarimax_frozen_s42,sarimax,frozen,selected,False,42,10,2025-03-17 01:00:00,2025-03-23 01:00:00,145,88.97,True,True,110.5782896113749,24.833906085009836,135.41219569638474,0.0,0.0066205929979332,0.0347376460013038,0.3
core_sarimax_frozen_s42,sarimax,frozen,selected,False,42,10,2025-03-17 01:00:00,2025-03-23 02:00:00,146,106.82,True,True,128.33419681320473,24.833906085009836,153.16810289821456,0.0,0.0066205929979332,0.0347376460013038,0.3
core_sarimax_frozen_s42,sarimax,frozen,selected,False,42,10,2025-03-17 01:00:00,2025-03-23 03:00:00,147,113.84,True,True,125.12579733030326,24.833906085009836,149.9597034153131,0.0,0.0066205929979332,0.0347376460013038,0.3
core_sarimax_frozen_s42,sarimax,frozen,selected,False,42,10,2025-03-17 01:00:00,2025-03-23 04:00:00,148,75.39,True,True,44.27495555768468,24.833906085009836,69.1088616426945,0.0,0.0066205929979332,0.0347376460013038,0.3
core_sarimax_frozen_s42,sarimax,frozen,selected,False,42,10,2025-03-17 01:00:00,2025-03-23 05:00:00,149,72.53,True,True,23.994705636812,24.833906085009836,48.82861172182184,0.0,0.0066205929979332,0.0347376460013038,0.3
core_sarimax_frozen_s42,sarimax,frozen,selected,False,42,10,2025-03-17 01:00:00,2025-03-23 06:00:00,150,71.86,True,True,18.381277802829143,24.833906085009836,43.215183887838975,0.0,0.0066205929979332,0.0347376460013038,0.3
core_sarimax_frozen_s42,sarimax,frozen,selected,False,42,10,2025-03-17 01:00:00,2025-03-23 07:00:00,151,72.02,True,True,20.322985342580186,24.833906085009836,45.156891427590026,0.0,0.0066205929979332,0.0347376460013038,0.3
core_sarimax_frozen_s42,sarimax,frozen,selected,False,42,10,2025-03-17 01:00:00,2025-03-23 08:00:00,152,72.96,True,True,26.217529380150182,24.833906085009836,51.05143546516002,0.0,0.0066205929979332,0.0347376460013038,0.3
core_sarimax_frozen_s42,sarimax,frozen,selected,False,42,10,2025-03-17 01:00:00,2025-03-23 09:00:00,153,69.95,True,True,29.5553611799931,24.833906085009836,54.389267265002935,0.0,0.0066205929979332,0.0347376460013038,0.3
core_sarimax_frozen_s42,sarimax,frozen,selected,False,42,10,2025-03-17 01:00:00,2025-03-23 10:00:00,154,82.91,True,True,59.88754231973314,24.833906085009836,84.72144840474297,0.0,0.0066205929979332,0.0347376460013038,0.3
core_sarimax_frozen_s42,sarimax,frozen,selected,False,42,10,2025-03-17 01:00:00,2025-03-23 11:00:00,155,133.93,True,True,126.23332490602706,24.833906085009836,151.0672309910369,0.0,0.0066205929979332,0.0347376460013038,0.3
core_sarimax_frozen_s42,sarimax,frozen,selected,False,42,10,2025-03-17 01:00:00,2025-03-23 12:00:00,156,197.12,True,True,189.80559718893377,24.833906085009836,214.6395032739436,0.0,0.0066205929979332,0.0347376460013038,0.3
core_sarimax_frozen_s42,sarimax,frozen,selected,False,42,10,2025-03-17 01:00:00,2025-03-23 13:00:00,157,246.71,True,True,232.18771675793536,24.833906085009836,257.0216228429452,0.0,0.0066205929979332,0.0347376460013038,0.3
core_sarimax_frozen_s42,sarimax,frozen,selected,False,42,10,2025-03-17 01:00:00,2025-03-23 14:00:00,158,281.62,True,True,262.7864633565314,24.833906085009836,287.62036944154124,0.0,0.0066205929979332,0.0347376460013038,0.3
core_sarimax_frozen_s42,sarimax,frozen,selected,False,42,10,2025-03-17 01:00:00,2025-03-23 15:00:00,159,281.44,True,True,257.41328823192794,24.833906085009836,282.2471943169378,0.0,0.0066205929979332,0.0347376460013038,0.3
core_sarimax_frozen_s42,sarimax,frozen,selected,False,42,10,2025-03-17 01:00:00,2025-03-23 16:00:00,160,233.89,True,True,196.61072516961576,24.833906085009836,221.4446312546256,0.0,0.0066205929979332,0.0347376460013038,0.3
core_sarimax_frozen_s42,sarimax,frozen,selected,False,42,10,2025-03-17 01:00:00,2025-03-23 17:00:00,161,185.95,True,True,125.87797681399029,24.833906085009836,150.71188289900013,0.0,0.0066205929979332,0.0347376460013038,0.3
core_sarimax_frozen_s42,sarimax,frozen,selected,False,42,10,2025-03-17 01:00:00,2025-03-23 18:00:00,162,160.92,True,True,69.26676947865329,24.833906085009836,94.10067556366312,0.0,0.0066205929979332,0.0347376460013038,0.3
core_sarimax_frozen_s42,sarimax,frozen,selected,False,42,10,2025-03-17 01:00:00,2025-03-23 19:00:00,163,149.14,True,True,23.93503571745103,24.833906085009836,48.768941802460866,0.0,0.0066205929979332,0.0347376460013038,0.3
core_sarimax_frozen_s42,sarimax,frozen,selected,False,42,10,2025-03-17 01:00:00,2025-03-23 20:00:00,164,128.14,True,True,19.2913492817726,24.833906085009836,44.12525536678244,0.0,0.0066205929979332,0.0347376460013038,0.3
core_sarimax_frozen_s42,sarimax,frozen,selected,False,42,10,2025-03-17 01:00:00,2025-03-23 21:00:00,165,104.76,True,True,15.743645031413536,24.833906085009836,40.57755111642337,0.0,0.0066205929979332,0.0347376460013038,0.3
core_sarimax_frozen_s42,sarimax,frozen,selected,False,42,10,2025-03-17 01:00:00,2025-03-23 22:00:00,166,63.46,True,True,13.615418116316247,24.833906085009836,38.449324201326085,0.0,0.0066205929979332,0.0347376460013038,0.3
core_sarimax_frozen_s42,sarimax,frozen,selected,False,42,10,2025-03-17 01:00:00,2025-03-23 23:00:00,167,28.11,True,True,17.729818134373232,24.833906085009836,42.56372421938307,0.0,0.0066205929979332,0.0347376460013038,0.3
core_sarimax_frozen_s42,sarimax,frozen,selected,False,42,10,2025-03-17 01:00:00,2025-03-24 00:00:00,168,14.75,True,True,21.114306206126145,24.833906085009836,45.94821229113598,0.0,0.0066205929979332,0.0347376460013038,0.3
core_sarimax_frozen_s42,sarimax,frozen,selected,False,42,16,2025-04-28 01:00:00,2025-04-28 01:00:00,1,22.19,True,True,23.182079961515345,15.754614277823919,38.93669423933926,0.0,0.0067285580007592,0.0582938950028619,0.3
core_sarimax_frozen_s42,sarimax,frozen,selected,False,42,16,2025-04-28 01:00:00,2025-04-28 02:00:00,2,26.54,True,True,28.33609623848872,15.754614277823919,44.09071051631264,0.0,0.0067285580007592,0.0582938950028619,0.3
core_sarimax_frozen_s42,sarimax,frozen,selected,False,42,16,2025-04-28 01:00:00,2025-04-28 03:00:00,3,35.48,True,True,36.76959834545195,15.754614277823919,52.52421262327587,0.0,0.0067285580007592,0.0582938950028619,0.3
core_sarimax_frozen_s42,sarimax,frozen,selected,False,42,16,2025-04-28 01:00:00,2025-04-28 04:00:00,4,30.33,True,True,29.79064737222637,15.754614277823919,45.54526165005029,0.0,0.0067285580007592,0.0582938950028619,0.3
core_sarimax_frozen_s42,sarimax,frozen,selected,False,42,16,2025-04-28 01:00:00,2025-04-28 05:00:00,5,36.13,True,True,27.97252540034356,15.754614277823919,43.727139678167475,0.0,0.0067285580007592,0.0582938950028619,0.3
core_sarimax_frozen_s42,sarimax,frozen,selected,False,42,16,2025-04-28 01:00:00,2025-04-28 06:00:00,6,47.26,True,True,28.43410829833664,15.754614277823919,44.18872257616056,0.0,0.0067285580007592,0.0582938950028619,0.3
core_sarimax_frozen_s42,sarimax,frozen,selected,False,42,16,2025-04-28 01:00:00,2025-04-28 07:00:00,7,58.62,True,True,27.13461129781953,15.754614277823919,42.88922557564345,0.0,0.0067285580007592,0.0582938950028619,0.3
core_sarimax_frozen_s42,sarimax,frozen,selected,False,42,16,2025-04-28 01:00:00,2025-04-28 08:00:00,8,67.43,True,True,25.25173968237499,15.754614277823919,41.00635396019891,0.0,0.0067285580007592,0.0582938950028619,0.3
core_sarimax_frozen_s42,sarimax,frozen,selected,False,42,16,2025-04-28 01:00:00,2025-04-28 09:00:00,9,72.08,True,True,22.310361069384385,15.754614277823919,38.0649753472083,0.0,0.0067285580007592,0.0582938950028619,0.3
core_sarimax_frozen_s42,sarimax,frozen,selected,False,42,16,2025-04-28 01:00:00,2025-04-28 10:00:00,10,74.14,True,True,18.23086238287672,15.754614277823919,33.98547666070064,0.0,0.0067285580007592,0.0582938950028619,0.3
core_sarimax_frozen_s42,sarimax,frozen,selected,False,42,16,2025-04-28 01:00:00,2025-04-28 11:00:00,11,75.93,True,True,15.19174533629473,15.754614277823919,30.94635961411865,0.0,0.0067285580007592,0.0582938950028619,0.3
core_sarimax_frozen_s42,sarimax,frozen,selected,False,42,16,2025-04-28 01:00:00,2025-04-28 12:00:00,12,76.86,True,True,14.230434834809015,15.754614277823919,29.985049112632936,0.0,0.0067285580007592,0.0582938950028619,0.3
core_sarimax_frozen_s42,sarimax,frozen,selected,False,42,16,2025-04-28 01:00:00,2025-04-28 13:00:00,13,76.48,True,True,14.128889496108286,15.754614277823919,29.883503773932205,0.0,0.0067285580007592,0.0582938950028619,0.3
core_sarimax_frozen_s42,sarimax,frozen,selected,False,42,16,2025-04-28 01:00:00,2025-04-28 14:00:00,14,76.49,True,True,15.92870572541844,15.754614277823919,31.683320003242358,0.0,0.0067285580007592,0.0582938950028619,0.3
core_sarimax_frozen_s42,sarimax,frozen,selected,False,42,16,2025-04-28 01:00:00,2025-04-28 15:00:00,15,74.55,True,True,18.909550057078064,15.754614277823919,34.66416433490198,0.0,0.0067285580007592,0.0582938950028619,0.3
core_sarimax_frozen_s42,sarimax,frozen,selected,False,42,16,2025-04-28 01:00:00,2025-04-28 16:00:00,16,67.96,True,True,20.400104281409057,15.754614277823919,36.154718559232975,0.0,0.0067285580007592,0.0582938950028619,0.3
core_sarimax_frozen_s42,sarimax,frozen,selected,False,42,16,2025-04-28 01:00:00,2025-04-28 17:00:00,17,60.95,True,True,20.6636258069978,15.754614277823919,36.41824008482172,0.0,0.0067285580007592,0.0582938950028619,0.3
core_sarimax_frozen_s42,sarimax,frozen,selected,False,42,16,2025-04-28 01:00:00,2025-04-28 18:00:00,18,56.13,True,True,21.662823600387867,15.754614277823919,37.417437878211786,0.0,0.0067285580007592,0.0582938950028619,0.3
core_sarimax_frozen_s42,sarimax,frozen,selected,False,42,16,2025-04-28 01:00:00,2025-04-28 19:00:00,19,54.39,True,True,22.460568899691765,15.754614277823919,38.215183177515684,0.0,0.0067285580007592,0.0582938950028619,0.3
core_sarimax_frozen_s42,sarimax,frozen,selected,False,42,16,2025-04-28 01:00:00,2025-04-28 20:00:00,20,55.22,True,True,24.360569713875663,15.754614277823919,40.11518399169958,0.0,0.0067285580007592,0.0582938950028619,0.3
core_sarimax_frozen_s42,sarimax,frozen,selected,False,42,16,2025-04-28 01:00:00,2025-04-28 21:00:00,21,57.62,True,True,26.748389121635057,15.754614277823919,42.503003399458976,0.0,0.0067285580007592,0.0582938950028619,0.3
core_sarimax_frozen_s42,sarimax,frozen,selected,False,42,16,2025-04-28 01:00:00,2025-04-28 22:00:00,22,60.3,True,True,28.63041112959405,15.754614277823919,44.38502540741797,0.0,0.0067285580007592,0.0582938950028619,0.3
core_sarimax_frozen_s42,sarimax,frozen,selected,False,42,16,2025-04-28 01:00:00,2025-04-28 23:00:00,23,62.71,True,True,30.59823357451137,15.754614277823919,46.35284785233529,0.0,0.0067285580007592,0.0582938950028619,0.3
core_sarimax_frozen_s42,sarimax,frozen,selected,False,42,16,2025-04-28 01:00:00,2025-04-29 00:00:00,24,64.32,True,True,32.40967299630998,15.754614277823919,48.1642872741339,0.0,0.0067285580007592,0.0582938950028619,0.3
core_sarimax_frozen_s42,sarimax,frozen,selected,False,42,16,2025-04-28 01:00:00,2025-04-29 01:00:00,25,64.31,True,True,31.700384718251318,15.754614277823919,47.45499899607523,0.0,0.0067285580007592,0.0582938950028619,0.3
core_sarimax_frozen_s42,sarimax,frozen,selected,False,42,16,2025-04-28 01:00:00,2025-04-29 02:00:00,26,65.02,True,True,30.45438601195204,15.754614277823919,46.20900028977596,0.0,0.0067285580007592,0.0582938950028619,0.3
core_sarimax_frozen_s42,sarimax,frozen,selected,False,42,16,2025-04-28 01:00:00,2025-04-29 03:00:00,27,67.37,True,True,30.18947826582664,15.754614277823919,45.944092543650555,0.0,0.0067285580007592,0.0582938950028619,0.3
core_sarimax_frozen_s42,sarimax,frozen,selected,False,42,16,2025-04-28 01:00:00,2025-04-29 04:00:00,28,55.43,True,True,27.243339824861096,15.754614277823919,42.997954102685014,0.0,0.0067285580007592,0.0582938950028619,0.3
core_sarimax_frozen_s42,sarimax,frozen,selected,False,42,16,2025-04-28 01:00:00,2025-04-29 05:00:00,29,35.4,True,True,21.158562180041343,15.754614277823919,36.91317645786526,0.0,0.0067285580007592,0.0582938950028619,0.3
core_sarimax_frozen_s42,sarimax,frozen,selected,False,42,16,2025-04-28 01:00:00,2025-04-29 06:00:00,30,23.89,True,True,16.00529367911534,15.754614277823919,31.75990795693926,0.0,0.0067285580007592,0.0582938950028619,0.3
core_sarimax_frozen_s42,sarimax,frozen,selected,False,42,16,2025-04-28 01:00:00,2025-04-29 07:00:00,31,17.38,True,True,11.395809514790898,15.754614277823919,27.150423792614816,0.0,0.0067285580007592,0.0582938950028619,0.3
core_sarimax_frozen_s42,sarimax,frozen,selected,False,42,16,2025-04-28 01:00:00,2025-04-29 08:00:00,32,16.68,True,True,9.475054065927338,15.754614277823919,25.229668343751257,0.0,0.0067285580007592,0.0582938950028619,0.3
core_sarimax_frozen_s42,sarimax,frozen,selected,False,42,16,2025-04-28 01:00:00,2025-04-29 09:00:00,33,16.48,True,True,7.3362886536367,15.754614277823919,23.09090293146062,0.0,0.0067285580007592,0.0582938950028619,0.3
core_sarimax_frozen_s42,sarimax,frozen,selected,False,42,16,2025-04-28 01:00:00,2025-04-29 10:00:00,34,16.57,True,True,4.716380959082244,15.754614277823919,20.470995236906163,0.0,0.0067285580007592,0.0582938950028619,0.3
core_sarimax_frozen_s42,sarimax,frozen,selected,False,42,16,2025-04-28 01:00:00,2025-04-29 11:00:00,35,17.29,True,True,3.772280711193872,15.754614277823919,19.52689498901779,0.0,0.0067285580007592,0.0582938950028619,0.3
core_sarimax_frozen_s42,sarimax,frozen,selected,False,42,16,2025-04-28 01:00:00,2025-04-29 12:00:00,36,18.41,True,True,4.87348598025622,15.754614277823919,20.62810025808014,0.0,0.0067285580007592,0.0582938950028619,0.3
core_sarimax_frozen_s42,sarimax,frozen,selected,False,42,16,2025-04-28 01:00:00,2025-04-29 13:00:00,37,19.63,True,True,6.758116231070261,15.754614277823919,22.51273050889418,0.0,0.0067285580007592,0.0582938950028619,0.3
core_sarimax_frozen_s42,sarimax,frozen,selected,False,42,16,2025-04-28 01:00:00,2025-04-29 14:00:00,38,21.47,True,True,10.254168396798065,15.754614277823919,26.008782674621983,0.0,0.0067285580007592,0.0582938950028619,0.3
core_sarimax_frozen_s42,sarimax,frozen,selected,False,42,16,2025-04-28 01:00:00,2025-04-29 15:00:00,39,23.16,True,True,14.44227744183044,15.754614277823919,30.19689171965436,0.0,0.0067285580007592,0.0582938950028619,0.3
core_sarimax_frozen_s42,sarimax,frozen,selected,False,42,16,2025-04-28 01:00:00,2025-04-29 16:00:00,40,24.08,True,True,17.069356821592407,15.754614277823919,32.823971099416326,0.0,0.0067285580007592,0.0582938950028619,0.3
core_sarimax_frozen_s42,sarimax,frozen,selected,False,42,16,2025-04-28 01:00:00,2025-04-29 17:00:00,41,25.21,True,True,18.8919095858069,15.754614277823919,34.64652386363082,0.0,0.0067285580007592,0.0582938950028619,0.3
core_sarimax_frozen_s42,sarimax,frozen,selected,False,42,16,2025-04-28 01:00:00,2025-04-29 18:00:00,42,26.58,True,True,21.82790908083902,15.754614277823919,37.58252335866294,0.0,0.0067285580007592,0.0582938950028619,0.3
core_sarimax_frozen_s42,sarimax,frozen,selected,False,42,16,2025-04-28 01:00:00,2025-04-29 19:00:00,43,28.12,True,True,23.61432778154648,15.754614277823919,39.3689420593704,0.0,0.0067285580007592,0.0582938950028619,0.3
core_sarimax_frozen_s42,sarimax,frozen,selected,False,42,16,2025-04-28 01:00:00,2025-04-29 20:00:00,44,30.63,True,True,26.44699265407704,15.754614277823919,42.201606931900955,0.0,0.0067285580007592,0.0582938950028619,0.3
core_sarimax_frozen_s42,sarimax,frozen,selected,False,42,16,2025-04-28 01:00:00,2025-04-29 21:00:00,45,34.63,True,True,30.208686554015717,15.754614277823919,45.96330083183963,0.0,0.0067285580007592,0.0582938950028619,0.3
core_sarimax_frozen_s42,sarimax,frozen,selected,False,42,16,2025-04-28 01:00:00,2025-04-29 22:00:00,46,44.43,True,True,34.39301693023859,15.754614277823919,50.147631208062506,0.0,0.0067285580007592,0.0582938950028619,0.3
core_sarimax_frozen_s42,sarimax,frozen,selected,False,42,16,2025-04-28 01:00:00,2025-04-29 23:00:00,47,50.92,True,True,36.644029792577385,15.754614277823919,52.3986440704013,0.0,0.0067285580007592,0.0582938950028619,0.3
core_sarimax_frozen_s42,sarimax,frozen,selected,False,42,16,2025-04-28 01:00:00,2025-04-30 00:00:00,48,54.0,True,True,36.55863497739705,15.754614277823919,52.31324925522097,0.0,0.0067285580007592,0.0582938950028619,0.3
core_sarimax_frozen_s42,sarimax,frozen,selected,False,42,16,2025-04-28 01:00:00,2025-04-30 01:00:00,49,58.78,True,True,33.876323697589214,15.754614277823919,49.63093797541313,0.0,0.0067285580007592,0.0582938950028619,0.3
core_sarimax_frozen_s42,sarimax,frozen,selected,False,42,16,2025-04-28 01:00:00,2025-04-30 02:00:00,50,59.43,True,True,32.481625357287214,15.754614277823919,48.23623963511113,0.0,0.0067285580007592,0.0582938950028619,0.3
core_sarimax_frozen_s42,sarimax,frozen,selected,False,42,16,2025-04-28 01:00:00,2025-04-30 03:00:00,51,59.05,True,True,32.28861364166258,15.754614277823919,48.0432279194865,0.0,0.0067285580007592,0.0582938950028619,0.3
core_sarimax_frozen_s42,sarimax,frozen,selected,False,42,16,2025-04-28 01:00:00,2025-04-30 04:00:00,52,44.67,True,True,21.843500773493812,15.754614277823919,37.598115051317734,0.0,0.0067285580007592,0.0582938950028619,0.3
core_sarimax_frozen_s42,sarimax,frozen,selected,False,42,16,2025-04-28 01:00:00,2025-04-30 05:00:00,53,41.78,True,True,16.653370470374426,15.754614277823919,32.407984748198345,0.0,0.0067285580007592,0.0582938950028619,0.3
core_sarimax_frozen_s42,sarimax,frozen,selected,False,42,16,2025-04-28 01:00:00,2025-04-30 06:00:00,54,41.48,True,True,15.506618369450962,15.754614277823919,31.26123264727488,0.0,0.0067285580007592,0.0582938950028619,0.3
core_sarimax_frozen_s42,sarimax,frozen,selected,False,42,16,2025-04-28 01:00:00,2025-04-30 07:00:00,55,38.05,True,True,14.427010208069332,15.754614277823919,30.181624485893252,0.0,0.0067285580007592,0.0582938950028619,0.3
core_sarimax_frozen_s42,sarimax,frozen,selected,False,42,16,2025-04-28 01:00:00,2025-04-30 08:00:00,56,31.35,True,True,13.326076197108849,15.754614277823919,29.080690474932766,0.0,0.0067285580007592,0.0582938950028619,0.3
core_sarimax_frozen_s42,sarimax,frozen,selected,False,42,16,2025-04-28 01:00:00,2025-04-30 09:00:00,57,22.48,True,True,11.259278575831502,15.754614277823919,27.01389285365542,0.0,0.0067285580007592,0.0582938950028619,0.3
core_sarimax_frozen_s42,sarimax,frozen,selected,False,42,16,2025-04-28 01:00:00,2025-04-30 10:00:00,58,16.3,True,True,9.41759496177545,15.754614277823919,25.17220923959937,0.0,0.0067285580007592,0.0582938950028619,0.3
core_sarimax_frozen_s42,sarimax,frozen,selected,False,42,16,2025-04-28 01:00:00,2025-04-30 11:00:00,59,15.64,True,True,11.412583586780812,15.754614277823919,27.16719786460473,0.0,0.0067285580007592,0.0582938950028619,0.3
core_sarimax_frozen_s42,sarimax,frozen,selected,False,42,16,2025-04-28 01:00:00,2025-04-30 12:00:00,60,17.16,True,True,15.433615093838966,15.754614277823919,31.188229371662885,0.0,0.0067285580007592,0.0582938950028619,0.3
core_sarimax_frozen_s42,sarimax,frozen,selected,False,42,16,2025-04-28 01:00:00,2025-04-30 13:00:00,61,19.88,True,True,19.8097235741412,15.754614277823919,35.56433785196512,0.0,0.0067285580007592,0.0582938950028619,0.3
core_sarimax_frozen_s42,sarimax,frozen,selected,False,42,16,2025-04-28 01:00:00,2025-04-30 14:00:00,62,22.64,True,True,24.88462339797215,15.754614277823919,40.63923767579607,0.0,0.0067285580007592,0.0582938950028619,0.3
core_sarimax_frozen_s42,sarimax,frozen,selected,False,42,16,2025-04-28 01:00:00,2025-04-30 15:00:00,63,24.2,True,True,29.564584908880164,15.754614277823919,45.31919918670408,0.0,0.0067285580007592,0.0582938950028619,0.3
core_sarimax_frozen_s42,sarimax,frozen,selected,False,42,16,2025-04-28 01:00:00,2025-04-30 16:00:00,64,23.42,True,True,30.138212526143576,15.754614277823919,45.892826803967495,0.0,0.0067285580007592,0.0582938950028619,0.3
core_sarimax_frozen_s42,sarimax,frozen,selected,False,42,16,2025-04-28 01:00:00,2025-04-30 17:00:00,65,22.61,True,True,29.40358616367197,15.754614277823919,45.15820044149589,0.0,0.0067285580007592,0.0582938950028619,0.3
core_sarimax_frozen_s42,sarimax,frozen,selected,False,42,16,2025-04-28 01:00:00,2025-04-30 18:00:00,66,22.06,True,True,29.668411566427807,15.754614277823919,45.423025844251725,0.0,0.0067285580007592,0.0582938950028619,0.3
core_sarimax_frozen_s42,sarimax,frozen,selected,False,42,16,2025-04-28 01:00:00,2025-04-30 19:00:00,67,21.33,True,True,28.461572756422385,15.754614277823919,44.2161870342463,0.0,0.0067285580007592,0.0582938950028619,0.3
core_sarimax_frozen_s42,sarimax,frozen,selected,False,42,16,2025-04-28 01:00:00,2025-04-30 20:00:00,68,20.74,True,True,27.50140894355559,15.754614277823919,43.25602322137951,0.0,0.0067285580007592,0.0582938950028619,0.3
core_sarimax_frozen_s42,sarimax,frozen,selected,False,42,16,2025-04-28 01:00:00,2025-04-30 21:00:00,69,20.1,True,True,26.576452742341985,15.754614277823919,42.331067020165904,0.0,0.0067285580007592,0.0582938950028619,0.3
core_sarimax_frozen_s42,sarimax,frozen,selected,False,42,16,2025-04-28 01:00:00,2025-04-30 22:00:00,70,18.95,True,True,24.848346454141847,15.754614277823919,40.602960731965766,0.0,0.0067285580007592,0.0582938950028619,0.3
core_sarimax_frozen_s42,sarimax,frozen,selected,False,42,16,2025-04-28 01:00:00,2025-04-30 23:00:00,71,18.27,True,True,23.452099361894252,15.754614277823919,39.206713639718174,0.0,0.0067285580007592,0.0582938950028619,0.3
core_sarimax_frozen_s42,sarimax,frozen,selected,False,42,16,2025-04-28 01:00:00,2025-05-01 00:00:00,72,18.18,True,True,22.76574732481211,15.754614277823919,38.52036160263603,0.0,0.0067285580007592,0.0582938950028619,0.3
core_sarimax_frozen_s42,sarimax,frozen,selected,False,42,16,2025-04-28 01:00:00,2025-05-01 01:00:00,73,15.54,True,True,16.05255699539532,15.754614277823919,31.80717127321924,0.0,0.0067285580007592,0.0582938950028619,0.3
core_sarimax_frozen_s42,sarimax,frozen,selected,False,42,16,2025-04-28 01:00:00,2025-05-01 02:00:00,74,16.06,True,True,12.618742066620314,15.754614277823919,28.373356344444232,0.0,0.0067285580007592,0.0582938950028619,0.3
core_sarimax_frozen_s42,sarimax,frozen,selected,False,42,16,2025-04-28 01:00:00,2025-05-01 03:00:00,75,17.33,True,True,12.410459465845236,15.754614277823919,28.165073743669154,0.0,0.0067285580007592,0.0582938950028619,0.3
core_sarimax_frozen_s42,sarimax,frozen,selected,False,42,16,2025-04-28 01:00:00,2025-05-01 04:00:00,76,14.04,True,True,11.858493012166464,15.754614277823919,27.61310728999038,0.0,0.0067285580007592,0.0582938950028619,0.3
core_sarimax_frozen_s42,sarimax,frozen,selected,False,42,16,2025-04-28 01:00:00,2025-05-01 05:00:00,77,14.73,True,True,12.974032541823789,15.754614277823919,28.728646819647707,0.0,0.0067285580007592,0.0582938950028619,0.3
core_sarimax_frozen_s42,sarimax,frozen,selected,False,42,16,2025-04-28 01:00:00,2025-05-01 06:00:00,78,16.17,True,True,13.573010476201093,15.754614277823919,29.32762475402501,0.0,0.0067285580007592,0.0582938950028619,0.3
core_sarimax_frozen_s42,sarimax,frozen,selected,False,42,16,2025-04-28 01:00:00,2025-05-01 07:00:00,79,17.55,True,True,13.036012084765249,15.754614277823919,28.790626362589165,0.0,0.0067285580007592,0.0582938950028619,0.3
core_sarimax_frozen_s42,sarimax,frozen,selected,False,42,16,2025-04-28 01:00:00,2025-05-01 08:00:00,80,18.82,True,True,12.418478964969635,15.754614277823919,28.173093242793556,0.0,0.0067285580007592,0.0582938950028619,0.3
core_sarimax_frozen_s42,sarimax,frozen,selected,False,42,16,2025-04-28 01:00:00,2025-05-01 09:00:00,81,19.62,True,True,11.058760256956193,15.754614277823919,26.81337453478011,0.0,0.0067285580007592,0.0582938950028619,0.3
core_sarimax_frozen_s42,sarimax,frozen,selected,False,42,16,2025-04-28 01:00:00,2025-05-01 10:00:00,82,20.58,True,True,8.714194307812846,15.754614277823919,24.468808585636765,0.0,0.0067285580007592,0.0582938950028619,0.3
core_sarimax_frozen_s42,sarimax,frozen,selected,False,42,16,2025-04-28 01:00:00,2025-05-01 11:00:00,83,21.79,True,True,7.0603465345975,15.754614277823919,22.81496081242142,0.0,0.0067285580007592,0.0582938950028619,0.3
core_sarimax_frozen_s42,sarimax,frozen,selected,False,42,16,2025-04-28 01:00:00,2025-05-01 12:00:00,84,22.77,True,True,6.8072965799981375,15.754614277823919,22.561910857822056,0.0,0.0067285580007592,0.0582938950028619,0.3
core_sarimax_frozen_s42,sarimax,frozen,selected,False,42,16,2025-04-28 01:00:00,2025-05-01 13:00:00,85,23.46,True,True,7.739404192670889,15.754614277823919,23.494018470494808,0.0,0.0067285580007592,0.0582938950028619,0.3
core_sarimax_frozen_s42,sarimax,frozen,selected,False,42,16,2025-04-28 01:00:00,2025-05-01 14:00:00,86,24.92,True,True,10.396017568302256,15.754614277823919,26.150631846126174,0.0,0.0067285580007592,0.0582938950028619,0.3
core_sarimax_frozen_s42,sarimax,frozen,selected,False,42,16,2025-04-28 01:00:00,2025-05-01 15:00:00,87,27.03,True,True,14.255917240010008,15.754614277823919,30.010531517833925,0.0,0.0067285580007592,0.0582938950028619,0.3
core_sarimax_frozen_s42,sarimax,frozen,selected,False,42,16,2025-04-28 01:00:00,2025-05-01 16:00:00,88,28.78,True,True,16.435088456949217,15.754614277823919,32.189702734773135,0.0,0.0067285580007592,0.0582938950028619,0.3
core_sarimax_frozen_s42,sarimax,frozen,selected,False,42,16,2025-04-28 01:00:00,2025-05-01 17:00:00,89,31.18,True,True,17.51613140590132,15.754614277823919,33.27074568372524,0.0,0.0067285580007592,0.0582938950028619,0.3
core_sarimax_frozen_s42,sarimax,frozen,selected,False,42,16,2025-04-28 01:00:00,2025-05-01 18:00:00,90,34.31,True,True,19.24905421065949,15.754614277823919,35.00366848848341,0.0,0.0067285580007592,0.0582938950028619,0.3
core_sarimax_frozen_s42,sarimax,frozen,selected,False,42,16,2025-04-28 01:00:00,2025-05-01 19:00:00,91,37.34,True,True,19.621239885606343,15.754614277823919,35.37585416343026,0.0,0.0067285580007592,0.0582938950028619,0.3
core_sarimax_frozen_s42,sarimax,frozen,selected,False,42,16,2025-04-28 01:00:00,2025-05-01 20:00:00,92,40.61,True,True,21.24680979875717,15.754614277823919,37.00142407658109,0.0,0.0067285580007592,0.0582938950028619,0.3
core_sarimax_frozen_s42,sarimax,frozen,selected,False,42,16,2025-04-28 01:00:00,2025-05-01 21:00:00,93,43.76,True,True,23.313276097623657,15.754614277823919,39.067890375447575,0.0,0.0067285580007592,0.0582938950028619,0.3
core_sarimax_frozen_s42,sarimax,frozen,selected,False,42,16,2025-04-28 01:00:00,2025-05-01 22:00:00,94,45.48,True,True,25.213886525044305,15.754614277823919,40.96850080286822,0.0,0.0067285580007592,0.0582938950028619,0.3
core_sarimax_frozen_s42,sarimax,frozen,selected,False,42,16,2025-04-28 01:00:00,2025-05-01 23:00:00,95,46.39,True,True,27.84665303610413,15.754614277823919,43.60126731392805,0.0,0.0067285580007592,0.0582938950028619,0.3
core_sarimax_frozen_s42,sarimax,frozen,selected,False,42,16,2025-04-28 01:00:00,2025-05-02 00:00:00,96,46.55,True,True,30.94364093118071,15.754614277823919,46.69825520900463,0.0,0.0067285580007592,0.0582938950028619,0.3
core_sarimax_frozen_s42,sarimax,frozen,selected,False,42,16,2025-04-28 01:00:00,2025-05-02 01:00:00,97,46.72,True,True,30.513076174563253,15.754614277823919,46.26769045238717,0.0,0.0067285580007592,0.0582938950028619,0.3
core_sarimax_frozen_s42,sarimax,frozen,selected,False,42,16,2025-04-28 01:00:00,2025-05-02 02:00:00,98,0.0,True,True,29.457033407807018,15.754614277823919,45.211647685630936,0.0,0.0067285580007592,0.0582938950028619,0.3
core_sarimax_frozen_s42,sarimax,frozen,selected,False,42,16,2025-04-28 01:00:00,2025-05-02 03:00:00,99,48.42,True,True,30.198004740223126,15.754614277823919,45.952619018047045,0.0,0.0067285580007592,0.0582938950028619,0.3
core_sarimax_frozen_s42,sarimax,frozen,selected,False,42,16,2025-04-28 01:00:00,2025-05-02 04:00:00,100,51.74,True,True,24.04288962866326,15.754614277823919,39.79750390648718,0.0,0.0067285580007592,0.0582938950028619,0.3
core_sarimax_frozen_s42,sarimax,frozen,selected,False,42,16,2025-04-28 01:00:00,2025-05-02 05:00:00,101,49.36,True,True,20.969886489024677,15.754614277823919,36.72450076684859,0.0,0.0067285580007592,0.0582938950028619,0.3
core_sarimax_frozen_s42,sarimax,frozen,selected,False,42,16,2025-04-28 01:00:00,2025-05-02 06:00:00,102,48.76,True,True,20.556310059928503,15.754614277823919,36.310924337752425,0.0,0.0067285580007592,0.0582938950028619,0.3
core_sarimax_frozen_s42,sarimax,frozen,selected,False,42,16,2025-04-28 01:00:00,2025-05-02 07:00:00,103,47.14,True,True,18.981672309478768,15.754614277823919,34.736286587302686,0.0,0.0067285580007592,0.0582938950028619,0.3
core_sarimax_frozen_s42,sarimax,frozen,selected,False,42,16,2025-04-28 01:00:00,2025-05-02 08:00:00,104,44.02,True,True,17.123998844719665,15.754614277823919,32.878613122543584,0.0,0.0067285580007592,0.0582938950028619,0.3
core_sarimax_frozen_s42,sarimax,frozen,selected,False,42,16,2025-04-28 01:00:00,2025-05-02 09:00:00,105,39.1,True,True,14.592918112632532,15.754614277823919,30.34753239045645,0.0,0.0067285580007592,0.0582938950028619,0.3
core_sarimax_frozen_s42,sarimax,frozen,selected,False,42,16,2025-04-28 01:00:00,2025-05-02 10:00:00,106,32.99,True,True,10.17048874758632,15.754614277823919,25.925103025410237,0.0,0.0067285580007592,0.0582938950028619,0.3
core_sarimax_frozen_s42,sarimax,frozen,selected,False,42,16,2025-04-28 01:00:00,2025-05-02 11:00:00,107,28.2,True,True,6.734419451972343,15.754614277823919,22.48903372979626,0.0,0.0067285580007592,0.0582938950028619,0.3
core_sarimax_frozen_s42,sarimax,frozen,selected,False,42,16,2025-04-28 01:00:00,2025-05-02 12:00:00,108,24.65,True,True,5.082125468092045,15.754614277823919,20.836739745915963,0.0,0.0067285580007592,0.0582938950028619,0.3
core_sarimax_frozen_s42,sarimax,frozen,selected,False,42,16,2025-04-28 01:00:00,2025-05-02 13:00:00,109,24.45,True,True,7.071991687442136,15.754614277823919,22.826605965266054,0.0,0.0067285580007592,0.0582938950028619,0.3
core_sarimax_frozen_s42,sarimax,frozen,selected,False,42,16,2025-04-28 01:00:00,2025-05-02 14:00:00,110,27.36,True,True,12.246917014868814,15.754614277823919,28.001531292692732,0.0,0.0067285580007592,0.0582938950028619,0.3
core_sarimax_frozen_s42,sarimax,frozen,selected,False,42,16,2025-04-28 01:00:00,2025-05-02 15:00:00,111,30.12,True,True,17.527347668438324,15.754614277823919,33.28196194626224,0.0,0.0067285580007592,0.0582938950028619,0.3
core_sarimax_frozen_s42,sarimax,frozen,selected,False,42,16,2025-04-28 01:00:00,2025-05-02 16:00:00,112,30.93,True,True,19.62771475743594,15.754614277823919,35.38232903525986,0.0,0.0067285580007592,0.0582938950028619,0.3
core_sarimax_frozen_s42,sarimax,frozen,selected,False,42,16,2025-04-28 01:00:00,2025-05-02 17:00:00,113,30.3,True,True,19.240369087283085,15.754614277823919,34.994983365107004,0.0,0.0067285580007592,0.0582938950028619,0.3
core_sarimax_frozen_s42,sarimax,frozen,selected,False,42,16,2025-04-28 01:00:00,2025-05-02 18:00:00,114,27.63,True,True,18.377263816181227,15.754614277823919,34.131878094005145,0.0,0.0067285580007592,0.0582938950028619,0.3
core_sarimax_frozen_s42,sarimax,frozen,selected,False,42,16,2025-04-28 01:00:00,2025-05-02 19:00:00,115,17.99,True,True,11.93729915868036,15.754614277823919,27.69191343650428,0.0,0.0067285580007592,0.0582938950028619,0.3
core_sarimax_frozen_s42,sarimax,frozen,selected,False,42,16,2025-04-28 01:00:00,2025-05-02 20:00:00,116,11.01,True,True,8.792630323123404,15.754614277823919,24.547244600947323,0.0,0.0067285580007592,0.0582938950028619,0.3
core_sarimax_frozen_s42,sarimax,frozen,selected,False,42,16,2025-04-28 01:00:00,2025-05-02 21:00:00,117,6.61,True,True,6.8735586288861725,15.754614277823919,22.62817290671009,0.0,0.0067285580007592,0.0582938950028619,0.3
core_sarimax_frozen_s42,sarimax,frozen,selected,False,42,16,2025-04-28 01:00:00,2025-05-02 22:00:00,118,3.89,True,True,5.0056026813756205,15.754614277823919,20.76021695919954,0.0,0.0067285580007592,0.0582938950028619,0.3
core_sarimax_frozen_s42,sarimax,frozen,selected,False,42,16,2025-04-28 01:00:00,2025-05-02 23:00:00,119,2.54,True,True,3.177071202903335,15.754614277823919,18.931685480727253,0.0,0.0067285580007592,0.0582938950028619,0.3
core_sarimax_frozen_s42,sarimax,frozen,selected,False,42,16,2025-04-28 01:00:00,2025-05-03 00:00:00,120,2.17,True,True,2.194144394468651,15.754614277823919,17.94875867229257,0.0,0.0067285580007592,0.0582938950028619,0.3
core_sarimax_frozen_s42,sarimax,frozen,selected,False,42,16,2025-04-28 01:00:00,2025-05-03 01:00:00,121,2.0,True,True,1.20117227504187,15.754614277823919,16.95578655286579,0.0,0.0067285580007592,0.0582938950028619,0.3
core_sarimax_frozen_s42,sarimax,frozen,selected,False,42,16,2025-04-28 01:00:00,2025-05-03 02:00:00,122,2.24,True,True,0.1938896404395222,15.754614277823919,15.948503918263441,0.0,0.0067285580007592,0.0582938950028619,0.3
core_sarimax_frozen_s42,sarimax,frozen,selected,False,42,16,2025-04-28 01:00:00,2025-05-03 03:00:00,123,2.62,True,True,1.0332842397493494,15.754614277823919,16.787898517573268,0.0,0.0067285580007592,0.0582938950028619,0.3
core_sarimax_frozen_s42,sarimax,frozen,selected,False,42,16,2025-04-28 01:00:00,2025-05-03 04:00:00,124,2.58,True,True,6.17415792718819,15.754614277823919,21.92877220501211,0.0,0.0067285580007592,0.0582938950028619,0.3
core_sarimax_frozen_s42,sarimax,frozen,selected,False,42,16,2025-04-28 01:00:00,2025-05-03 05:00:00,125,2.88,True,True,7.583256092532906,15.754614277823919,23.337870370356825,0.0,0.0067285580007592,0.0582938950028619,0.3
core_sarimax_frozen_s42,sarimax,frozen,selected,False,42,16,2025-04-28 01:00:00,2025-05-03 06:00:00,126,3.4,True,True,8.049466387265227,15.754614277823919,23.804080665089145,0.0,0.0067285580007592,0.0582938950028619,0.3
core_sarimax_frozen_s42,sarimax,frozen,selected,False,42,16,2025-04-28 01:00:00,2025-05-03 07:00:00,127,4.03,True,True,7.044535755027141,15.754614277823919,22.79915003285106,0.0,0.0067285580007592,0.0582938950028619,0.3
core_sarimax_frozen_s42,sarimax,frozen,selected,False,42,16,2025-04-28 01:00:00,2025-05-03 08:00:00,128,4.63,True,True,5.58710934716143,15.754614277823919,21.34172362498535,0.0,0.0067285580007592,0.0582938950028619,0.3
core_sarimax_frozen_s42,sarimax,frozen,selected,False,42,16,2025-04-28 01:00:00,2025-05-03 09:00:00,129,5.09,True,True,3.37703131374019,15.754614277823919,19.13164559156411,0.0,0.0067285580007592,0.0582938950028619,0.3
core_sarimax_frozen_s42,sarimax,frozen,selected,False,42,16,2025-04-28 01:00:00,2025-05-03 10:00:00,130,5.84,True,True,0.3170597572888027,15.754614277823919,16.07167403511272,0.0,0.0067285580007592,0.0582938950028619,0.3
core_sarimax_frozen_s42,sarimax,frozen,selected,False,42,16,2025-04-28 01:00:00,2025-05-03 11:00:00,131,6.81,True,True,-1.8168458488214585,15.754614277823919,13.93776842900246,0.0,0.0067285580007592,0.0582938950028619,0.3
core_sarimax_frozen_s42,sarimax,frozen,selected,False,42,16,2025-04-28 01:00:00,2025-05-03 12:00:00,132,7.64,True,True,-2.317711360732176,15.754614277823919,13.436902917091743,0.0,0.0067285580007592,0.0582938950028619,0.3
core_sarimax_frozen_s42,sarimax,frozen,selected,False,42,16,2025-04-28 01:00:00,2025-05-03 13:00:00,133,8.22,True,True,-2.1564531894768493,15.754614277823919,13.59816108834707,0.0,0.0067285580007592,0.0582938950028619,0.3
core_sarimax_frozen_s42,sarimax,frozen,selected,False,42,16,2025-04-28 01:00:00,2025-05-03 14:00:00,134,8.82,True,True,-1.0563426835074663,15.754614277823919,14.698271594316452,0.0,0.0067285580007592,0.0582938950028619,0.3
core_sarimax_frozen_s42,sarimax,frozen,selected,False,42,16,2025-04-28 01:00:00,2025-05-03 15:00:00,135,9.35,True,True,1.071201135279466,15.754614277823919,16.825815413103385,0.0,0.0067285580007592,0.0582938950028619,0.3
core_sarimax_frozen_s42,sarimax,frozen,selected,False,42,16,2025-04-28 01:00:00,2025-05-03 16:00:00,136,10.24,True,True,2.605351562524561,15.754614277823919,18.35996584034848,0.0,0.0067285580007592,0.0582938950028619,0.3
core_sarimax_frozen_s42,sarimax,frozen,selected,False,42,16,2025-04-28 01:00:00,2025-05-03 17:00:00,137,11.59,True,True,4.212558832165371,15.754614277823919,19.96717310998929,0.0,0.0067285580007592,0.0582938950028619,0.3
core_sarimax_frozen_s42,sarimax,frozen,selected,False,42,16,2025-04-28 01:00:00,2025-05-03 18:00:00,138,13.29,True,True,6.670471777280284,15.754614277823919,22.425086055104202,0.0,0.0067285580007592,0.0582938950028619,0.3
core_sarimax_frozen_s42,sarimax,frozen,selected,False,42,16,2025-04-28 01:00:00,2025-05-03 19:00:00,139,15.0,True,True,7.815585860344896,15.754614277823919,23.570200138168815,0.0,0.0067285580007592,0.0582938950028619,0.3
core_sarimax_frozen_s42,sarimax,frozen,selected,False,42,16,2025-04-28 01:00:00,2025-05-03 20:00:00,140,16.66,True,True,9.148611905956471,15.754614277823919,24.90322618378039,0.0,0.0067285580007592,0.0582938950028619,0.3
core_sarimax_frozen_s42,sarimax,frozen,selected,False,42,16,2025-04-28 01:00:00,2025-05-03 21:00:00,141,18.3,True,True,10.328721130244958,15.754614277823919,26.083335408068876,0.0,0.0067285580007592,0.0582938950028619,0.3
core_sarimax_frozen_s42,sarimax,frozen,selected,False,42,16,2025-04-28 01:00:00,2025-05-03 22:00:00,142,19.67,True,True,10.739744620620115,15.754614277823919,26.494358898444034,0.0,0.0067285580007592,0.0582938950028619,0.3
core_sarimax_frozen_s42,sarimax,frozen,selected,False,42,16,2025-04-28 01:00:00,2025-05-03 23:00:00,143,21.67,True,True,11.125067442724855,15.754614277823919,26.879681720548774,0.0,0.0067285580007592,0.0582938950028619,0.3
core_sarimax_frozen_s42,sarimax,frozen,selected,False,42,16,2025-04-28 01:00:00,2025-05-04 00:00:00,144,24.7,True,True,11.623153457665891,15.754614277823919,27.37776773548981,0.0,0.0067285580007592,0.0582938950028619,0.3
core_sarimax_frozen_s42,sarimax,frozen,selected,False,42,16,2025-04-28 01:00:00,2025-05-04 01:00:00,145,29.81,True,True,10.619737152350496,15.754614277823919,26.374351430174414,0.0,0.0067285580007592,0.0582938950028619,0.3
core_sarimax_frozen_s42,sarimax,frozen,selected,False,42,16,2025-04-28 01:00:00,2025-05-04 02:00:00,146,33.82,True,True,9.867529242945636,15.754614277823919,25.622143520769555,0.0,0.0067285580007592,0.0582938950028619,0.3
core_sarimax_frozen_s42,sarimax,frozen,selected,False,42,16,2025-04-28 01:00:00,2025-05-04 03:00:00,147,39.67,True,True,10.798966578896824,15.754614277823919,26.553580856720743,0.0,0.0067285580007592,0.0582938950028619,0.3
core_sarimax_frozen_s42,sarimax,frozen,selected,False,42,16,2025-04-28 01:00:00,2025-05-04 04:00:00,148,37.33,True,True,11.165207330524566,15.754614277823919,26.919821608348485,0.0,0.0067285580007592,0.0582938950028619,0.3
core_sarimax_frozen_s42,sarimax,frozen,selected,False,42,16,2025-04-28 01:00:00,2025-05-04 05:00:00,149,33.02,True,True,10.916510976298357,15.754614277823919,26.671125254122273,0.0,0.0067285580007592,0.0582938950028619,0.3
core_sarimax_frozen_s42,sarimax,frozen,selected,False,42,16,2025-04-28 01:00:00,2025-05-04 06:00:00,150,29.74,True,True,10.787384247513527,15.754614277823919,26.541998525337448,0.0,0.0067285580007592,0.0582938950028619,0.3
core_sarimax_frozen_s42,sarimax,frozen,selected,False,42,16,2025-04-28 01:00:00,2025-05-04 07:00:00,151,27.35,True,True,9.343304350586465,15.754614277823919,25.097918628410383,0.0,0.0067285580007592,0.0582938950028619,0.3
core_sarimax_frozen_s42,sarimax,frozen,selected,False,42,16,2025-04-28 01:00:00,2025-05-04 08:00:00,152,26.13,True,True,7.391886761872996,15.754614277823919,23.146501039696915,0.0,0.0067285580007592,0.0582938950028619,0.3
core_sarimax_frozen_s42,sarimax,frozen,selected,False,42,16,2025-04-28 01:00:00,2025-05-04 09:00:00,153,25.65,True,True,4.933359125895834,15.754614277823919,20.687973403719752,0.0,0.0067285580007592,0.0582938950028619,0.3
core_sarimax_frozen_s42,sarimax,frozen,selected,False,42,16,2025-04-28 01:00:00,2025-05-04 10:00:00,154,26.59,True,True,2.3396917735529144,15.754614277823919,18.094306051376833,0.0,0.0067285580007592,0.0582938950028619,0.3
core_sarimax_frozen_s42,sarimax,frozen,selected,False,42,16,2025-04-28 01:00:00,2025-05-04 11:00:00,155,28.79,True,True,1.326927595747378,15.754614277823919,17.081541873571297,0.0,0.0067285580007592,0.0582938950028619,0.3
core_sarimax_frozen_s42,sarimax,frozen,selected,False,42,16,2025-04-28 01:00:00,2025-05-04 12:00:00,156,31.73,True,True,1.9702415874414496,15.754614277823919,17.72485586526537,0.0,0.0067285580007592,0.0582938950028619,0.3
core_sarimax_frozen_s42,sarimax,frozen,selected,False,42,16,2025-04-28 01:00:00,2025-05-04 13:00:00,157,35.63,True,True,3.12391394893649,15.754614277823919,18.87852822676041,0.0,0.0067285580007592,0.0582938950028619,0.3
core_sarimax_frozen_s42,sarimax,frozen,selected,False,42,16,2025-04-28 01:00:00,2025-05-04 14:00:00,158,39.99,True,True,5.077460717735221,15.754614277823919,20.83207499555914,0.0,0.0067285580007592,0.0582938950028619,0.3
core_sarimax_frozen_s42,sarimax,frozen,selected,False,42,16,2025-04-28 01:00:00,2025-05-04 15:00:00,159,44.42,True,True,7.9292724090501,15.754614277823919,23.68388668687402,0.0,0.0067285580007592,0.0582938950028619,0.3
core_sarimax_frozen_s42,sarimax,frozen,selected,False,42,16,2025-04-28 01:00:00,2025-05-04 16:00:00,160,47.44,True,True,9.99036271601136,15.754614277823919,25.74497699383528,0.0,0.0067285580007592,0.0582938950028619,0.3
core_sarimax_frozen_s42,sarimax,frozen,selected,False,42,16,2025-04-28 01:00:00,2025-05-04 17:00:00,161,50.61,True,True,12.202540117942933,15.754614277823919,27.95715439576685,0.0,0.0067285580007592,0.0582938950028619,0.3
core_sarimax_frozen_s42,sarimax,frozen,selected,False,42,16,2025-04-28 01:00:00,2025-05-04 18:00:00,162,54.85,True,True,15.323992941407935,15.754614277823919,31.078607219231856,0.0,0.0067285580007592,0.0582938950028619,0.3
core_sarimax_frozen_s42,sarimax,frozen,selected,False,42,16,2025-04-28 01:00:00,2025-05-04 19:00:00,163,60.67,True,True,17.684178479676234,15.754614277823919,33.43879275750015,0.0,0.0067285580007592,0.0582938950028619,0.3
core_sarimax_frozen_s42,sarimax,frozen,selected,False,42,16,2025-04-28 01:00:00,2025-05-04 20:00:00,164,66.99,True,True,20.72664763835911,15.754614277823919,36.48126191618303,0.0,0.0067285580007592,0.0582938950028619,0.3
core_sarimax_frozen_s42,sarimax,frozen,selected,False,42,16,2025-04-28 01:00:00,2025-05-04 21:00:00,165,71.97,True,True,23.156852479135324,15.754614277823919,38.91146675695924,0.0,0.0067285580007592,0.0582938950028619,0.3
core_sarimax_frozen_s42,sarimax,frozen,selected,False,42,16,2025-04-28 01:00:00,2025-05-04 22:00:00,166,75.63,True,True,24.101299222062774,15.754614277823919,39.8559134998867,0.0,0.0067285580007592,0.0582938950028619,0.3
core_sarimax_frozen_s42,sarimax,frozen,selected,False,42,16,2025-04-28 01:00:00,2025-05-04 23:00:00,167,79.47,True,True,25.336687578099657,15.754614277823919,41.091301855923575,0.0,0.0067285580007592,0.0582938950028619,0.3
core_sarimax_frozen_s42,sarimax,frozen,selected,False,42,16,2025-04-28 01:00:00,2025-05-05 00:00:00,168,82.81,True,True,27.68898780019828,15.754614277823919,43.443602078022195,0.0,0.0067285580007592,0.0582938950028619,0.3
core_sarimax_frozen_s42,sarimax,frozen,selected,False,42,17,2025-05-05 01:00:00,2025-05-05 01:00:00,1,86.7,True,True,81.52797065157765,16.018696489599925,97.54666714117758,0.0,0.0067163550011173,0.0172819929975958,0.3
core_sarimax_frozen_s42,sarimax,frozen,selected,False,42,17,2025-05-05 01:00:00,2025-05-05 02:00:00,2,87.26,True,True,77.07016788448763,16.018696489599925,93.08886437408756,0.0,0.0067163550011173,0.0172819929975958,0.3
core_sarimax_frozen_s42,sarimax,frozen,selected,False,42,17,2025-05-05 01:00:00,2025-05-05 03:00:00,3,87.02,True,True,77.67143411074287,16.018696489599925,93.6901306003428,0.0,0.0067163550011173,0.0172819929975958,0.3
core_sarimax_frozen_s42,sarimax,frozen,selected,False,42,17,2025-05-05 01:00:00,2025-05-05 04:00:00,4,90.26,True,True,66.32843101004491,16.018696489599925,82.34712749964484,0.0,0.0067163550011173,0.0172819929975958,0.3
core_sarimax_frozen_s42,sarimax,frozen,selected,False,42,17,2025-05-05 01:00:00,2025-05-05 05:00:00,5,85.26,True,True,60.6768207948104,16.018696489599925,76.69551728441033,0.0,0.0067163550011173,0.0172819929975958,0.3
core_sarimax_frozen_s42,sarimax,frozen,selected,False,42,17,2025-05-05 01:00:00,2025-05-05 06:00:00,6,72.32,True,True,58.70731932545448,16.018696489599925,74.72601581505441,0.0,0.0067163550011173,0.0172819929975958,0.3
core_sarimax_frozen_s42,sarimax,frozen,selected,False,42,17,2025-05-05 01:00:00,2025-05-05 07:00:00,7,63.44,True,True,56.67005024894888,16.018696489599925,72.68874673854882,0.0,0.0067163550011173,0.0172819929975958,0.3
core_sarimax_frozen_s42,sarimax,frozen,selected,False,42,17,2025-05-05 01:00:00,2025-05-05 08:00:00,8,62.04,True,True,54.78916259199352,16.018696489599925,70.80785908159345,0.0,0.0067163550011173,0.0172819929975958,0.3
core_sarimax_frozen_s42,sarimax,frozen,selected,False,42,17,2025-05-05 01:00:00,2025-05-05 09:00:00,9,65.73,True,True,52.38127772165956,16.018696489599925,68.39997421125949,0.0,0.0067163550011173,0.0172819929975958,0.3
core_sarimax_frozen_s42,sarimax,frozen,selected,False,42,17,2025-05-05 01:00:00,2025-05-05 10:00:00,10,69.24,True,True,48.51359674042919,16.018696489599925,64.53229323002913,0.0,0.0067163550011173,0.0172819929975958,0.3
core_sarimax_frozen_s42,sarimax,frozen,selected,False,42,17,2025-05-05 01:00:00,2025-05-05 11:00:00,11,69.96,True,True,45.01354512284172,16.018696489599925,61.032241612441645,0.0,0.0067163550011173,0.0172819929975958,0.3
core_sarimax_frozen_s42,sarimax,frozen,selected,False,42,17,2025-05-05 01:00:00,2025-05-05 12:00:00,12,65.56,True,True,42.74130746519177,16.018696489599925,58.76000395479169,0.0,0.0067163550011173,0.0172819929975958,0.3
core_sarimax_frozen_s42,sarimax,frozen,selected,False,42,17,2025-05-05 01:00:00,2025-05-05 13:00:00,13,56.87,True,True,40.93167248857213,16.018696489599925,56.95036897817206,0.0,0.0067163550011173,0.0172819929975958,0.3
core_sarimax_frozen_s42,sarimax,frozen,selected,False,42,17,2025-05-05 01:00:00,2025-05-05 14:00:00,14,49.75,True,True,40.78977617907808,16.018696489599925,56.80847266867801,0.0,0.0067163550011173,0.0172819929975958,0.3
core_sarimax_frozen_s42,sarimax,frozen,selected,False,42,17,2025-05-05 01:00:00,2025-05-05 15:00:00,15,45.13,True,True,44.4532887331828,16.018696489599925,60.47198522278273,0.0,0.0067163550011173,0.0172819929975958,0.3
core_sarimax_frozen_s42,sarimax,frozen,selected,False,42,17,2025-05-05 01:00:00,2025-05-05 16:00:00,16,46.25,True,True,52.79576650712824,16.018696489599925,68.81446299672817,0.0,0.0067163550011173,0.0172819929975958,0.3
core_sarimax_frozen_s42,sarimax,frozen,selected,False,42,17,2025-05-05 01:00:00,2025-05-05 17:00:00,17,53.46,True,True,62.33750051811043,16.018696489599925,78.35619700771036,0.0,0.0067163550011173,0.0172819929975958,0.3
core_sarimax_frozen_s42,sarimax,frozen,selected,False,42,17,2025-05-05 01:00:00,2025-05-05 18:00:00,18,61.41,True,True,68.2560633972802,16.018696489599925,84.27475988688013,0.0,0.0067163550011173,0.0172819929975958,0.3
core_sarimax_frozen_s42,sarimax,frozen,selected,False,42,17,2025-05-05 01:00:00,2025-05-05 19:00:00,19,62.97,True,True,65.84075530112361,16.018696489599925,81.85945179072354,0.0,0.0067163550011173,0.0172819929975958,0.3
core_sarimax_frozen_s42,sarimax,frozen,selected,False,42,17,2025-05-05 01:00:00,2025-05-05 20:00:00,20,58.23,True,True,61.07939208218704,16.018696489599925,77.09808857178697,0.0,0.0067163550011173,0.0172819929975958,0.3
core_sarimax_frozen_s42,sarimax,frozen,selected,False,42,17,2025-05-05 01:00:00,2025-05-05 21:00:00,21,50.07,True,True,57.00523024507308,16.018696489599925,73.02392673467301,0.0,0.0067163550011173,0.0172819929975958,0.3
core_sarimax_frozen_s42,sarimax,frozen,selected,False,42,17,2025-05-05 01:00:00,2025-05-05 22:00:00,22,40.34,True,True,53.38893724602954,16.018696489599925,69.40763373562947,0.0,0.0067163550011173,0.0172819929975958,0.3
core_sarimax_frozen_s42,sarimax,frozen,selected,False,42,17,2025-05-05 01:00:00,2025-05-05 23:00:00,23,31.01,True,True,49.79664723497612,16.018696489599925,65.81534372457605,0.0,0.0067163550011173,0.0172819929975958,0.3
core_sarimax_frozen_s42,sarimax,frozen,selected,False,42,17,2025-05-05 01:00:00,2025-05-06 00:00:00,24,24.56,True,True,47.18343546189291,16.018696489599925,63.20213195149284,0.0,0.0067163550011173,0.0172819929975958,0.3
core_sarimax_frozen_s42,sarimax,frozen,selected,False,42,17,2025-05-05 01:00:00,2025-05-06 01:00:00,25,19.25,True,True,43.92764950355851,16.018696489599925,59.94634599315844,0.0,0.0067163550011173,0.0172819929975958,0.3
core_sarimax_frozen_s42,sarimax,frozen,selected,False,42,17,2025-05-05 01:00:00,2025-05-06 02:00:00,26,16.0,True,True,37.90915874730109,16.018696489599925,53.92785523690102,0.0,0.0067163550011173,0.0172819929975958,0.3
core_sarimax_frozen_s42,sarimax,frozen,selected,False,42,17,2025-05-05 01:00:00,2025-05-06 03:00:00,27,15.46,True,True,38.33869525210295,16.018696489599925,54.35739174170288,0.0,0.0067163550011173,0.0172819929975958,0.3
core_sarimax_frozen_s42,sarimax,frozen,selected,False,42,17,2025-05-05 01:00:00,2025-05-06 04:00:00,28,15.81,True,True,40.28599372459988,16.018696489599925,56.3046902141998,0.0,0.0067163550011173,0.0172819929975958,0.3
core_sarimax_frozen_s42,sarimax,frozen,selected,False,42,17,2025-05-05 01:00:00,2025-05-06 05:00:00,29,18.46,True,True,39.51192727629055,16.018696489599925,55.530623765890475,0.0,0.0067163550011173,0.0172819929975958,0.3
core_sarimax_frozen_s42,sarimax,frozen,selected,False,42,17,2025-05-05 01:00:00,2025-05-06 06:00:00,30,22.91,True,True,39.06753014925522,16.018696489599925,55.086226638855145,0.0,0.0067163550011173,0.0172819929975958,0.3
core_sarimax_frozen_s42,sarimax,frozen,selected,False,42,17,2025-05-05 01:00:00,2025-05-06 07:00:00,31,26.75,True,True,37.68632908238439,16.018696489599925,53.705025571984315,0.0,0.0067163550011173,0.0172819929975958,0.3
core_sarimax_frozen_s42,sarimax,frozen,selected,False,42,17,2025-05-05 01:00:00,2025-05-06 08:00:00,32,29.39,True,True,35.734565039892374,16.018696489599925,51.7532615294923,0.0,0.0067163550011173,0.0172819929975958,0.3
core_sarimax_frozen_s42,sarimax,frozen,selected,False,42,17,2025-05-05 01:00:00,2025-05-06 09:00:00,33,30.24,True,True,32.906450715382164,16.018696489599925,48.92514720498209,0.0,0.0067163550011173,0.0172819929975958,0.3
core_sarimax_frozen_s42,sarimax,frozen,selected,False,42,17,2025-05-05 01:00:00,2025-05-06 10:00:00,34,32.33,True,True,31.12699416158233,16.018696489599925,47.14569065118226,0.0,0.0067163550011173,0.0172819929975958,0.3
core_sarimax_frozen_s42,sarimax,frozen,selected,False,42,17,2025-05-05 01:00:00,2025-05-06 11:00:00,35,35.97,True,True,31.914123051582777,16.018696489599925,47.9328195411827,0.0,0.0067163550011173,0.0172819929975958,0.3
core_sarimax_frozen_s42,sarimax,frozen,selected,False,42,17,2025-05-05 01:00:00,2025-05-06 12:00:00,36,39.82,True,True,33.9263326892669,16.018696489599925,49.945029178866825,0.0,0.0067163550011173,0.0172819929975958,0.3
core_sarimax_frozen_s42,sarimax,frozen,selected,False,42,17,2025-05-05 01:00:00,2025-05-06 13:00:00,37,43.29,True,True,35.64657528983034,16.018696489599925,51.66527177943026,0.0,0.0067163550011173,0.0172819929975958,0.3
core_sarimax_frozen_s42,sarimax,frozen,selected,False,42,17,2025-05-05 01:00:00,2025-05-06 14:00:00,38,46.76,True,True,37.20952854939915,16.018696489599925,53.22822503899908,0.0,0.0067163550011173,0.0172819929975958,0.3
core_sarimax_frozen_s42,sarimax,frozen,selected,False,42,17,2025-05-05 01:00:00,2025-05-06 15:00:00,39,49.47,True,True,38.19777693970423,16.018696489599925,54.21647342930415,0.0,0.0067163550011173,0.0172819929975958,0.3
core_sarimax_frozen_s42,sarimax,frozen,selected,False,42,17,2025-05-05 01:00:00,2025-05-06 16:00:00,40,51.03,True,True,36.070610598604645,16.018696489599925,52.08930708820457,0.0,0.0067163550011173,0.0172819929975958,0.3
core_sarimax_frozen_s42,sarimax,frozen,selected,False,42,17,2025-05-05 01:00:00,2025-05-06 17:00:00,41,53.03,True,True,35.71470196905915,16.018696489599925,51.733398458659074,0.0,0.0067163550011173,0.0172819929975958,0.3
core_sarimax_frozen_s42,sarimax,frozen,selected,False,42,17,2025-05-05 01:00:00,2025-05-06 18:00:00,42,54.62,True,True,36.35770770997502,16.018696489599925,52.37640419957494,0.0,0.0067163550011173,0.0172819929975958,0.3
core_sarimax_frozen_s42,sarimax,frozen,selected,False,42,17,2025-05-05 01:00:00,2025-05-06 19:00:00,43,55.62,True,True,36.23578009968162,16.018696489599925,52.254476589281545,0.0,0.0067163550011173,0.0172819929975958,0.3
core_sarimax_frozen_s42,sarimax,frozen,selected,False,42,17,2025-05-05 01:00:00,2025-05-06 20:00:00,44,56.59,True,True,36.35635013496389,16.018696489599925,52.375046624563815,0.0,0.0067163550011173,0.0172819929975958,0.3
core_sarimax_frozen_s42,sarimax,frozen,selected,False,42,17,2025-05-05 01:00:00,2025-05-06 21:00:00,45,57.52,True,True,36.56973857877344,16.018696489599925,52.588435068373364,0.0,0.0067163550011173,0.0172819929975958,0.3
core_sarimax_frozen_s42,sarimax,frozen,selected,False,42,17,2025-05-05 01:00:00,2025-05-06 22:00:00,46,58.06,True,True,36.25655500964524,16.018696489599925,52.275251499245165,0.0,0.0067163550011173,0.0172819929975958,0.3
core_sarimax_frozen_s42,sarimax,frozen,selected,False,42,17,2025-05-05 01:00:00,2025-05-06 23:00:00,47,59.13,True,True,35.66175298166061,16.018696489599925,51.68044947126054,0.0,0.0067163550011173,0.0172819929975958,0.3
core_sarimax_frozen_s42,sarimax,frozen,selected,False,42,17,2025-05-05 01:00:00,2025-05-07 00:00:00,48,62.21,True,True,35.428602552227005,16.018696489599925,51.44729904182693,0.0,0.0067163550011173,0.0172819929975958,0.3
core_sarimax_frozen_s42,sarimax,frozen,selected,False,42,17,2025-05-05 01:00:00,2025-05-07 01:00:00,49,70.07,True,True,35.21690529788742,16.018696489599925,51.23560178748735,0.0,0.0067163550011173,0.0172819929975958,0.3
core_sarimax_frozen_s42,sarimax,frozen,selected,False,42,17,2025-05-05 01:00:00,2025-05-07 02:00:00,50,78.1,True,True,33.301074180305704,16.018696489599925,49.31977066990563,0.0,0.0067163550011173,0.0172819929975958,0.3
core_sarimax_frozen_s42,sarimax,frozen,selected,False,42,17,2025-05-05 01:00:00,2025-05-07 03:00:00,51,90.32,True,True,36.91532673913821,16.018696489599925,52.934023228738134,0.0,0.0067163550011173,0.0172819929975958,0.3
core_sarimax_frozen_s42,sarimax,frozen,selected,False,42,17,2025-05-05 01:00:00,2025-05-07 04:00:00,52,94.67,True,True,35.62448790728524,16.018696489599925,51.64318439688517,0.0,0.0067163550011173,0.0172819929975958,0.3
core_sarimax_frozen_s42,sarimax,frozen,selected,False,42,17,2025-05-05 01:00:00,2025-05-07 05:00:00,53,93.01,True,True,34.346283073965594,16.018696489599925,50.36497956356552,0.0,0.0067163550011173,0.0172819929975958,0.3
core_sarimax_frozen_s42,sarimax,frozen,selected,False,42,17,2025-05-05 01:00:00,2025-05-07 06:00:00,54,97.38,True,True,34.258931053081255,16.018696489599925,50.27762754268118,0.0,0.0067163550011173,0.0172819929975958,0.3
core_sarimax_frozen_s42,sarimax,frozen,selected,False,42,17,2025-05-05 01:00:00,2025-05-07 07:00:00,55,106.46,True,True,33.58292014092049,16.018696489599925,49.60161663052042,0.0,0.0067163550011173,0.0172819929975958,0.3
core_sarimax_frozen_s42,sarimax,frozen,selected,False,42,17,2025-05-05 01:00:00,2025-05-07 08:00:00,56,117.34,True,True,32.69785843143805,16.018696489599925,48.716554921037975,0.0,0.0067163550011173,0.0172819929975958,0.3
core_sarimax_frozen_s42,sarimax,frozen,selected,False,42,17,2025-05-05 01:00:00,2025-05-07 09:00:00,57,122.16,True,True,31.139655258479763,16.018696489599925,47.15835174807969,0.0,0.0067163550011173,0.0172819929975958,0.3
core_sarimax_frozen_s42,sarimax,frozen,selected,False,42,17,2025-05-05 01:00:00,2025-05-07 10:00:00,58,123.5,True,True,28.743425072316256,16.018696489599925,44.76212156191618,0.0,0.0067163550011173,0.0172819929975958,0.3
core_sarimax_frozen_s42,sarimax,frozen,selected,False,42,17,2025-05-05 01:00:00,2025-05-07 11:00:00,59,124.59,True,True,27.307826492249266,16.018696489599925,43.326522981849195,0.0,0.0067163550011173,0.0172819929975958,0.3
core_sarimax_frozen_s42,sarimax,frozen,selected,False,42,17,2025-05-05 01:00:00,2025-05-07 12:00:00,60,125.09,True,True,26.91854846091539,16.018696489599925,42.937244950515314,0.0,0.0067163550011173,0.0172819929975958,0.3
core_sarimax_frozen_s42,sarimax,frozen,selected,False,42,17,2025-05-05 01:00:00,2025-05-07 13:00:00,61,122.36,True,True,26.15383584906164,16.018696489599925,42.17253233866157,0.0,0.0067163550011173,0.0172819929975958,0.3
core_sarimax_frozen_s42,sarimax,frozen,selected,False,42,17,2025-05-05 01:00:00,2025-05-07 14:00:00,62,117.8,True,True,25.735139485333804,16.018696489599925,41.75383597493373,0.0,0.0067163550011173,0.0172819929975958,0.3
core_sarimax_frozen_s42,sarimax,frozen,selected,False,42,17,2025-05-05 01:00:00,2025-05-07 15:00:00,63,109.39,True,True,25.82327816064492,16.018696489599925,41.84197465024485,0.0,0.0067163550011173,0.0172819929975958,0.3
core_sarimax_frozen_s42,sarimax,frozen,selected,False,42,17,2025-05-05 01:00:00,2025-05-07 16:00:00,64,97.03,True,True,24.98858545622582,16.018696489599925,41.007281945825746,0.0,0.0067163550011173,0.0172819929975958,0.3
core_sarimax_frozen_s42,sarimax,frozen,selected,False,42,17,2025-05-05 01:00:00,2025-05-07 17:00:00,65,87.12,True,True,24.202021217133648,16.018696489599925,40.22071770673357,0.0,0.0067163550011173,0.0172819929975958,0.3
core_sarimax_frozen_s42,sarimax,frozen,selected,False,42,17,2025-05-05 01:00:00,2025-05-07 18:00:00,66,81.19,True,True,24.49349207718967,16.018696489599925,40.5121885667896,0.0,0.0067163550011173,0.0172819929975958,0.3
core_sarimax_frozen_s42,sarimax,frozen,selected,False,42,17,2025-05-05 01:00:00,2025-05-07 19:00:00,67,79.57,True,True,24.375130033161756,16.018696489599925,40.393826522761685,0.0,0.0067163550011173,0.0172819929975958,0.3
core_sarimax_frozen_s42,sarimax,frozen,selected,False,42,17,2025-05-05 01:00:00,2025-05-07 20:00:00,68,81.32,True,True,24.63916083572485,16.018696489599925,40.65785732532478,0.0,0.0067163550011173,0.0172819929975958,0.3
core_sarimax_frozen_s42,sarimax,frozen,selected,False,42,17,2025-05-05 01:00:00,2025-05-07 21:00:00,69,85.07,True,True,24.940855310243137,16.018696489599925,40.95955179984306,0.0,0.0067163550011173,0.0172819929975958,0.3
core_sarimax_frozen_s42,sarimax,frozen,selected,False,42,17,2025-05-05 01:00:00,2025-05-07 22:00:00,70,90.21,True,True,25.10675158603576,16.018696489599925,41.12544807563569,0.0,0.0067163550011173,0.0172819929975958,0.3
core_sarimax_frozen_s42,sarimax,frozen,selected,False,42,17,2025-05-05 01:00:00,2025-05-07 23:00:00,71,96.66,True,True,25.33056019997295,16.018696489599925,41.349256689572876,0.0,0.0067163550011173,0.0172819929975958,0.3
core_sarimax_frozen_s42,sarimax,frozen,selected,False,42,17,2025-05-05 01:00:00,2025-05-08 00:00:00,72,105.36,True,True,26.449825656995387,16.018696489599925,42.46852214659531,0.0,0.0067163550011173,0.0172819929975958,0.3
core_sarimax_frozen_s42,sarimax,frozen,selected,False,42,17,2025-05-05 01:00:00,2025-05-08 01:00:00,73,119.21,True,True,27.92986665918812,16.018696489599925,43.94856314878805,0.0,0.0067163550011173,0.0172819929975958,0.3
core_sarimax_frozen_s42,sarimax,frozen,selected,False,42,17,2025-05-05 01:00:00,2025-05-08 02:00:00,74,129.66,True,True,27.17435771562907,16.018696489599925,43.193054205229,0.0,0.0067163550011173,0.0172819929975958,0.3
core_sarimax_frozen_s42,sarimax,frozen,selected,False,42,17,2025-05-05 01:00:00,2025-05-08 03:00:00,75,142.78,True,True,31.86590123664044,16.018696489599925,47.884597726240365,0.0,0.0067163550011173,0.0172819929975958,0.3
core_sarimax_frozen_s42,sarimax,frozen,selected,False,42,17,2025-05-05 01:00:00,2025-05-08 04:00:00,76,161.52,True,True,38.07815568544001,16.018696489599925,54.096852175039935,0.0,0.0067163550011173,0.0172819929975958,0.3
core_sarimax_frozen_s42,sarimax,frozen,selected,False,42,17,2025-05-05 01:00:00,2025-05-08 05:00:00,77,168.76,True,True,40.10754492305966,16.018696489599925,56.12624141265959,0.0,0.0067163550011173,0.0172819929975958,0.3
core_sarimax_frozen_s42,sarimax,frozen,selected,False,42,17,2025-05-05 01:00:00,2025-05-08 06:00:00,78,165.94,True,True,41.0514331142067,16.018696489599925,57.07012960380663,0.0,0.0067163550011173,0.0172819929975958,0.3
core_sarimax_frozen_s42,sarimax,frozen,selected,False,42,17,2025-05-05 01:00:00,2025-05-08 07:00:00,79,157.53,True,True,40.72634346541818,16.018696489599925,56.74503995501811,0.0,0.0067163550011173,0.0172819929975958,0.3
core_sarimax_frozen_s42,sarimax,frozen,selected,False,42,17,2025-05-05 01:00:00,2025-05-08 08:00:00,80,145.81,True,True,39.4530823516711,16.018696489599925,55.471778841271025,0.0,0.0067163550011173,0.0172819929975958,0.3
core_sarimax_frozen_s42,sarimax,frozen,selected,False,42,17,2025-05-05 01:00:00,2025-05-08 09:00:00,81,133.18,True,True,37.37338529656901,16.018696489599925,53.39208178616894,0.0,0.0067163550011173,0.0172819929975958,0.3
core_sarimax_frozen_s42,sarimax,frozen,selected,False,42,17,2025-05-05 01:00:00,2025-05-08 10:00:00,82,128.88,True,True,35.87752207842641,16.018696489599925,51.896218568026335,0.0,0.0067163550011173,0.0172819929975958,0.3
core_sarimax_frozen_s42,sarimax,frozen,selected,False,42,17,2025-05-05 01:00:00,2025-05-08 11:00:00,83,132.37,True,True,36.72002255897439,16.018696489599925,52.73871904857432,0.0,0.0067163550011173,0.0172819929975958,0.3
core_sarimax_frozen_s42,sarimax,frozen,selected,False,42,17,2025-05-05 01:00:00,2025-05-08 12:00:00,84,137.92,True,True,38.83297302035106,16.018696489599925,54.85166950995099,0.0,0.0067163550011173,0.0172819929975958,0.3
core_sarimax_frozen_s42,sarimax,frozen,selected,False,42,17,2025-05-05 01:00:00,2025-05-08 13:00:00,85,139.78,True,True,40.04632247972114,16.018696489599925,56.065018969321066,0.0,0.0067163550011173,0.0172819929975958,0.3
core_sarimax_frozen_s42,sarimax,frozen,selected,False,42,17,2025-05-05 01:00:00,2025-05-08 14:00:00,86,141.48,True,True,41.07162046763983,16.018696489599925,57.09031695723976,0.0,0.0067163550011173,0.0172819929975958,0.3
core_sarimax_frozen_s42,sarimax,frozen,selected,False,42,17,2025-05-05 01:00:00,2025-05-08 15:00:00,87,143.23,True,True,42.21861607375831,16.018696489599925,58.23731256335824,0.0,0.0067163550011173,0.0172819929975958,0.3
core_sarimax_frozen_s42,sarimax,frozen,selected,False,42,17,2025-05-05 01:00:00,2025-05-08 16:00:00,88,143.8,True,True,43.25630360410236,16.018696489599925,59.27500009370228,0.0,0.0067163550011173,0.0172819929975958,0.3
core_sarimax_frozen_s42,sarimax,frozen,selected,False,42,17,2025-05-05 01:00:00,2025-05-08 17:00:00,89,140.46,True,True,44.71535439043777,16.018696489599925,60.73405088003769,0.0,0.0067163550011173,0.0172819929975958,0.3
core_sarimax_frozen_s42,sarimax,frozen,selected,False,42,17,2025-05-05 01:00:00,2025-05-08 18:00:00,90,131.19,True,True,44.93139488273596,16.018696489599925,60.95009137233588,0.0,0.0067163550011173,0.0172819929975958,0.3
core_sarimax_frozen_s42,sarimax,frozen,selected,False,42,17,2025-05-05 01:00:00,2025-05-08 19:00:00,91,116.65,True,True,41.28941937006212,16.018696489599925,57.308115859662045,0.0,0.0067163550011173,0.0172819929975958,0.3
core_sarimax_frozen_s42,sarimax,frozen,selected,False,42,17,2025-05-05 01:00:00,2025-05-08 20:00:00,92,104.79,True,True,38.20255741936575,16.018696489599925,54.22125390896568,0.0,0.0067163550011173,0.0172819929975958,0.3
core_sarimax_frozen_s42,sarimax,frozen,selected,False,42,17,2025-05-05 01:00:00,2025-05-08 21:00:00,93,96.12,True,True,36.26159212708333,16.018696489599925,52.28028861668326,0.0,0.0067163550011173,0.0172819929975958,0.3
core_sarimax_frozen_s42,sarimax,frozen,selected,False,42,17,2025-05-05 01:00:00,2025-05-08 22:00:00,94,88.13,True,True,34.44350834546529,16.018696489599925,50.462204835065215,0.0,0.0067163550011173,0.0172819929975958,0.3
core_sarimax_frozen_s42,sarimax,frozen,selected,False,42,17,2025-05-05 01:00:00,2025-05-08 23:00:00,95,82.17,True,True,33.115025798293345,16.018696489599925,49.13372228789327,0.0,0.0067163550011173,0.0172819929975958,0.3
core_sarimax_frozen_s42,sarimax,frozen,selected,False,42,17,2025-05-05 01:00:00,2025-05-09 00:00:00,96,78.3,True,True,32.935968078012,16.018696489599925,48.95466456761193,0.0,0.0067163550011173,0.0172819929975958,0.3
core_sarimax_frozen_s42,sarimax,frozen,selected,False,42,17,2025-05-05 01:00:00,2025-05-09 01:00:00,97,76.15,True,True,32.98899318517692,16.018696489599925,49.00768967477685,0.0,0.0067163550011173,0.0172819929975958,0.3
core_sarimax_frozen_s42,sarimax,frozen,selected,False,42,17,2025-05-05 01:00:00,2025-05-09 02:00:00,98,71.09,True,True,31.01027966900588,16.018696489599925,47.0289761586058,0.0,0.0067163550011173,0.0172819929975958,0.3
core_sarimax_frozen_s42,sarimax,frozen,selected,False,42,17,2025-05-05 01:00:00,2025-05-09 03:00:00,99,62.98,True,True,33.965669825744015,16.018696489599925,49.98436631534394,0.0,0.0067163550011173,0.0172819929975958,0.3
core_sarimax_frozen_s42,sarimax,frozen,selected,False,42,17,2025-05-05 01:00:00,2025-05-09 04:00:00,100,49.29,True,True,36.18279380319689,16.018696489599925,52.20149029279681,0.0,0.0067163550011173,0.0172819929975958,0.3
core_sarimax_frozen_s42,sarimax,frozen,selected,False,42,17,2025-05-05 01:00:00,2025-05-09 05:00:00,101,34.49,True,True,34.35706446059339,16.018696489599925,50.37576095019332,0.0,0.0067163550011173,0.0172819929975958,0.3
core_sarimax_frozen_s42,sarimax,frozen,selected,False,42,17,2025-05-05 01:00:00,2025-05-09 06:00:00,102,22.89,True,True,32.82174527843489,16.018696489599925,48.840441768034815,0.0,0.0067163550011173,0.0172819929975958,0.3
core_sarimax_frozen_s42,sarimax,frozen,selected,False,42,17,2025-05-05 01:00:00,2025-05-09 07:00:00,103,15.63,True,True,29.955836214368134,16.018696489599925,45.97453270396806,0.0,0.0067163550011173,0.0172819929975958,0.3
core_sarimax_frozen_s42,sarimax,frozen,selected,False,42,17,2025-05-05 01:00:00,2025-05-09 08:00:00,104,11.52,True,True,27.814726995605294,16.018696489599925,43.833423485205216,0.0,0.0067163550011173,0.0172819929975958,0.3
core_sarimax_frozen_s42,sarimax,frozen,selected,False,42,17,2025-05-05 01:00:00,2025-05-09 09:00:00,105,9.42,True,True,25.724269663919586,16.018696489599925,41.74296615351951,0.0,0.0067163550011173,0.0172819929975958,0.3
core_sarimax_frozen_s42,sarimax,frozen,selected,False,42,17,2025-05-05 01:00:00,2025-05-09 10:00:00,106,8.51,True,True,21.812411841044398,16.018696489599925,37.83110833064433,0.0,0.0067163550011173,0.0172819929975958,0.3
core_sarimax_frozen_s42,sarimax,frozen,selected,False,42,17,2025-05-05 01:00:00,2025-05-09 11:00:00,107,8.45,True,True,17.680844972144286,16.018696489599925,33.69954146174421,0.0,0.0067163550011173,0.0172819929975958,0.3
core_sarimax_frozen_s42,sarimax,frozen,selected,False,42,17,2025-05-05 01:00:00,2025-05-09 12:00:00,108,8.71,True,True,14.331973339679678,16.018696489599925,30.350669829279603,0.0,0.0067163550011173,0.0172819929975958,0.3
core_sarimax_frozen_s42,sarimax,frozen,selected,False,42,17,2025-05-05 01:00:00,2025-05-09 13:00:00,109,9.01,True,True,12.337028707917996,16.018696489599925,28.35572519751792,0.0,0.0067163550011173,0.0172819929975958,0.3
core_sarimax_frozen_s42,sarimax,frozen,selected,False,42,17,2025-05-05 01:00:00,2025-05-09 14:00:00,110,9.49,True,True,12.327491312446568,16.018696489599925,28.346187802046494,0.0,0.0067163550011173,0.0172819929975958,0.3
core_sarimax_frozen_s42,sarimax,frozen,selected,False,42,17,2025-05-05 01:00:00,2025-05-09 15:00:00,111,9.53,True,True,13.094938684066022,16.018696489599925,29.113635173665948,0.0,0.0067163550011173,0.0172819929975958,0.3
core_sarimax_frozen_s42,sarimax,frozen,selected,False,42,17,2025-05-05 01:00:00,2025-05-09 16:00:00,112,9.31,True,True,13.474818972258475,16.018696489599925,29.4935154618584,0.0,0.0067163550011173,0.0172819929975958,0.3
core_sarimax_frozen_s42,sarimax,frozen,selected,False,42,17,2025-05-05 01:00:00,2025-05-09 17:00:00,113,9.03,True,True,13.07766431670808,16.018696489599925,29.096360806308006,0.0,0.0067163550011173,0.0172819929975958,0.3
core_sarimax_frozen_s42,sarimax,frozen,selected,False,42,17,2025-05-05 01:00:00,2025-05-09 18:00:00,114,8.5,True,True,13.085407594461486,16.018696489599925,29.10410408406141,0.0,0.0067163550011173,0.0172819929975958,0.3
core_sarimax_frozen_s42,sarimax,frozen,selected,False,42,17,2025-05-05 01:00:00,2025-05-09 19:00:00,115,8.1,True,True,12.608074379698394,16.018696489599925,28.62677086929832,0.0,0.0067163550011173,0.0172819929975958,0.3
core_sarimax_frozen_s42,sarimax,frozen,selected,False,42,17,2025-05-05 01:00:00,2025-05-09 20:00:00,116,8.48,True,True,12.585112238374537,16.018696489599925,28.60380872797446,0.0,0.0067163550011173,0.0172819929975958,0.3
core_sarimax_frozen_s42,sarimax,frozen,selected,False,42,17,2025-05-05 01:00:00,2025-05-09 21:00:00,117,9.4,True,True,12.763505004951526,16.018696489599925,28.78220149455145,0.0,0.0067163550011173,0.0172819929975958,0.3
core_sarimax_frozen_s42,sarimax,frozen,selected,False,42,17,2025-05-05 01:00:00,2025-05-09 22:00:00,118,10.12,True,True,12.499654475460945,16.018696489599925,28.51835096506087,0.0,0.0067163550011173,0.0172819929975958,0.3
core_sarimax_frozen_s42,sarimax,frozen,selected,False,42,17,2025-05-05 01:00:00,2025-05-09 23:00:00,119,9.88,True,True,11.33050523769822,16.018696489599925,27.349201727298144,0.0,0.0067163550011173,0.0172819929975958,0.3
core_sarimax_frozen_s42,sarimax,frozen,selected,False,42,17,2025-05-05 01:00:00,2025-05-10 00:00:00,120,9.0,True,True,10.4054960986565,16.018696489599925,26.424192588256425,0.0,0.0067163550011173,0.0172819929975958,0.3
core_sarimax_frozen_s42,sarimax,frozen,selected,False,42,17,2025-05-05 01:00:00,2025-05-10 01:00:00,121,7.34,True,True,9.559358288562208,16.018696489599925,25.578054778162134,0.0,0.0067163550011173,0.0172819929975958,0.3
core_sarimax_frozen_s42,sarimax,frozen,selected,False,42,17,2025-05-05 01:00:00,2025-05-10 02:00:00,122,6.9,True,True,6.870371365024795,16.018696489599925,22.88906785462472,0.0,0.0067163550011173,0.0172819929975958,0.3
core_sarimax_frozen_s42,sarimax,frozen,selected,False,42,17,2025-05-05 01:00:00,2025-05-10 03:00:00,123,6.93,True,True,9.4779011495946,16.018696489599925,25.496597639194526,0.0,0.0067163550011173,0.0172819929975958,0.3
core_sarimax_frozen_s42,sarimax,frozen,selected,False,42,17,2025-05-05 01:00:00,2025-05-10 04:00:00,124,5.2,True,True,13.385145790454942,16.018696489599925,29.403842280054867,0.0,0.0067163550011173,0.0172819929975958,0.3
core_sarimax_frozen_s42,sarimax,frozen,selected,False,42,17,2025-05-05 01:00:00,2025-05-10 05:00:00,125,5.53,True,True,14.738760056283953,16.018696489599925,30.757456545883876,0.0,0.0067163550011173,0.0172819929975958,0.3
core_sarimax_frozen_s42,sarimax,frozen,selected,False,42,17,2025-05-05 01:00:00,2025-05-10 06:00:00,126,6.76,True,True,16.132934155882197,16.018696489599925,32.15163064548212,0.0,0.0067163550011173,0.0172819929975958,0.3
core_sarimax_frozen_s42,sarimax,frozen,selected,False,42,17,2025-05-05 01:00:00,2025-05-10 07:00:00,127,8.94,True,True,17.211539181068446,16.018696489599925,33.23023567066837,0.0,0.0067163550011173,0.0172819929975958,0.3
core_sarimax_frozen_s42,sarimax,frozen,selected,False,42,17,2025-05-05 01:00:00,2025-05-10 08:00:00,128,11.49,True,True,18.01998709835533,16.018696489599925,34.038683587955255,0.0,0.0067163550011173,0.0172819929975958,0.3
core_sarimax_frozen_s42,sarimax,frozen,selected,False,42,17,2025-05-05 01:00:00,2025-05-10 09:00:00,129,13.47,True,True,17.753628179906656,16.018696489599925,33.77232466950658,0.0,0.0067163550011173,0.0172819929975958,0.3
core_sarimax_frozen_s42,sarimax,frozen,selected,False,42,17,2025-05-05 01:00:00,2025-05-10 10:00:00,130,15.13,True,True,16.144535561683256,16.018696489599925,32.16323205128318,0.0,0.0067163550011173,0.0172819929975958,0.3
core_sarimax_frozen_s42,sarimax,frozen,selected,False,42,17,2025-05-05 01:00:00,2025-05-10 11:00:00,131,16.48,True,True,14.635189283825326,16.018696489599925,30.65388577342525,0.0,0.0067163550011173,0.0172819929975958,0.3
core_sarimax_frozen_s42,sarimax,frozen,selected,False,42,17,2025-05-05 01:00:00,2025-05-10 12:00:00,132,17.58,True,True,13.92478758920882,16.018696489599925,29.943484078808744,0.0,0.0067163550011173,0.0172819929975958,0.3
core_sarimax_frozen_s42,sarimax,frozen,selected,False,42,17,2025-05-05 01:00:00,2025-05-10 13:00:00,133,18.03,True,True,13.014404698308397,16.018696489599925,29.033101187908322,0.0,0.0067163550011173,0.0172819929975958,0.3
core_sarimax_frozen_s42,sarimax,frozen,selected,False,42,17,2025-05-05 01:00:00,2025-05-10 14:00:00,134,18.64,True,True,13.55732089752766,16.018696489599925,29.576017387127585,0.0,0.0067163550011173,0.0172819929975958,0.3
core_sarimax_frozen_s42,sarimax,frozen,selected,False,42,17,2025-05-05 01:00:00,2025-05-10 15:00:00,135,19.63,True,True,15.349470183530656,16.018696489599925,31.36816667313058,0.0,0.0067163550011173,0.0172819929975958,0.3
core_sarimax_frozen_s42,sarimax,frozen,selected,False,42,17,2025-05-05 01:00:00,2025-05-10 16:00:00,136,21.5,True,True,16.781357581220362,16.018696489599925,32.80005407082029,0.0,0.0067163550011173,0.0172819929975958,0.3
core_sarimax_frozen_s42,sarimax,frozen,selected,False,42,17,2025-05-05 01:00:00,2025-05-10 17:00:00,137,25.3,True,True,18.76835108989508,16.018696489599925,34.78704757949501,0.0,0.0067163550011173,0.0172819929975958,0.3
core_sarimax_frozen_s42,sarimax,frozen,selected,False,42,17,2025-05-05 01:00:00,2025-05-10 18:00:00,138,30.59,True,True,21.748376418645165,16.018696489599925,37.76707290824509,0.0,0.0067163550011173,0.0172819929975958,0.3
core_sarimax_frozen_s42,sarimax,frozen,selected,False,42,17,2025-05-05 01:00:00,2025-05-10 19:00:00,139,35.43,True,True,23.78301351657248,16.018696489599925,39.80171000617241,0.0,0.0067163550011173,0.0172819929975958,0.3
core_sarimax_frozen_s42,sarimax,frozen,selected,False,42,17,2025-05-05 01:00:00,2025-05-10 20:00:00,140,38.37,True,True,25.28081134124525,16.018696489599925,41.29950783084517,0.0,0.0067163550011173,0.0172819929975958,0.3
core_sarimax_frozen_s42,sarimax,frozen,selected,False,42,17,2025-05-05 01:00:00,2025-05-10 21:00:00,141,39.43,True,True,26.21417007760624,16.018696489599925,42.232866567206166,0.0,0.0067163550011173,0.0172819929975958,0.3
core_sarimax_frozen_s42,sarimax,frozen,selected,False,42,17,2025-05-05 01:00:00,2025-05-10 22:00:00,142,38.65,True,True,25.99002828083684,16.018696489599925,42.008724770436764,0.0,0.0067163550011173,0.0172819929975958,0.3
core_sarimax_frozen_s42,sarimax,frozen,selected,False,42,17,2025-05-05 01:00:00,2025-05-10 23:00:00,143,36.22,True,True,24.349490265463515,16.018696489599925,40.36818675506344,0.0,0.0067163550011173,0.0172819929975958,0.3
core_sarimax_frozen_s42,sarimax,frozen,selected,False,42,17,2025-05-05 01:00:00,2025-05-11 00:00:00,144,34.1,True,True,22.331775612967704,16.018696489599925,38.35047210256763,0.0,0.0067163550011173,0.0172819929975958,0.3
core_sarimax_frozen_s42,sarimax,frozen,selected,False,42,17,2025-05-05 01:00:00,2025-05-11 01:00:00,145,33.46,True,True,21.08414003549097,16.018696489599925,37.10283652509089,0.0,0.0067163550011173,0.0172819929975958,0.3
core_sarimax_frozen_s42,sarimax,frozen,selected,False,42,17,2025-05-05 01:00:00,2025-05-11 02:00:00,146,34.72,True,True,17.84815525843007,16.018696489599925,33.866851748029994,0.0,0.0067163550011173,0.0172819929975958,0.3
core_sarimax_frozen_s42,sarimax,frozen,selected,False,42,17,2025-05-05 01:00:00,2025-05-11 03:00:00,147,39.24,True,True,20.170891835267952,16.018696489599925,36.18958832486788,0.0,0.0067163550011173,0.0172819929975958,0.3
core_sarimax_frozen_s42,sarimax,frozen,selected,False,42,17,2025-05-05 01:00:00,2025-05-11 04:00:00,148,44.99,True,True,22.31231715733736,16.018696489599925,38.331013646937286,0.0,0.0067163550011173,0.0172819929975958,0.3
core_sarimax_frozen_s42,sarimax,frozen,selected,False,42,17,2025-05-05 01:00:00,2025-05-11 05:00:00,149,51.22,True,True,21.288706854728503,16.018696489599925,37.30740334432843,0.0,0.0067163550011173,0.0172819929975958,0.3
core_sarimax_frozen_s42,sarimax,frozen,selected,False,42,17,2025-05-05 01:00:00,2025-05-11 06:00:00,150,55.36,True,True,20.198375168980448,16.018696489599925,36.21707165858037,0.0,0.0067163550011173,0.0172819929975958,0.3
core_sarimax_frozen_s42,sarimax,frozen,selected,False,42,17,2025-05-05 01:00:00,2025-05-11 07:00:00,151,47.69,True,True,16.34089253299183,16.018696489599925,32.359589022591756,0.0,0.0067163550011173,0.0172819929975958,0.3
core_sarimax_frozen_s42,sarimax,frozen,selected,False,42,17,2025-05-05 01:00:00,2025-05-11 08:00:00,152,43.78,True,True,13.799367713644074,16.018696489599925,29.818064203244,0.0,0.0067163550011173,0.0172819929975958,0.3
core_sarimax_frozen_s42,sarimax,frozen,selected,False,42,17,2025-05-05 01:00:00,2025-05-11 09:00:00,153,43.41,True,True,11.532802512239895,16.018696489599925,27.551499001839822,0.0,0.0067163550011173,0.0172819929975958,0.3
core_sarimax_frozen_s42,sarimax,frozen,selected,False,42,17,2025-05-05 01:00:00,2025-05-11 10:00:00,154,45.11,True,True,9.650459645910672,16.018696489599925,25.669156135510597,0.0,0.0067163550011173,0.0172819929975958,0.3
core_sarimax_frozen_s42,sarimax,frozen,selected,False,42,17,2025-05-05 01:00:00,2025-05-11 11:00:00,155,47.9,True,True,9.620938495850623,16.018696489599925,25.63963498545055,0.0,0.0067163550011173,0.0172819929975958,0.3
core_sarimax_frozen_s42,sarimax,frozen,selected,False,42,17,2025-05-05 01:00:00,2025-05-11 12:00:00,156,49.68,True,True,10.96982253172709,16.018696489599925,26.988519021327015,0.0,0.0067163550011173,0.0172819929975958,0.3
core_sarimax_frozen_s42,sarimax,frozen,selected,False,42,17,2025-05-05 01:00:00,2025-05-11 13:00:00,157,50.59,True,True,12.422331342836657,16.018696489599925,28.441027832436582,0.0,0.0067163550011173,0.0172819929975958,0.3
core_sarimax_frozen_s42,sarimax,frozen,selected,False,42,17,2025-05-05 01:00:00,2025-05-11 14:00:00,158,52.63,True,True,15.232037952869092,16.018696489599925,31.250734442469017,0.0,0.0067163550011173,0.0172819929975958,0.3
core_sarimax_frozen_s42,sarimax,frozen,selected,False,42,17,2025-05-05 01:00:00,2025-05-11 15:00:00,159,55.38,True,True,18.99539920916814,16.018696489599925,35.01409569876807,0.0,0.0067163550011173,0.0172819929975958,0.3
core_sarimax_frozen_s42,sarimax,frozen,selected,False,42,17,2025-05-05 01:00:00,2025-05-11 16:00:00,160,56.79,True,True,20.979006238794568,16.018696489599925,36.99770272839449,0.0,0.0067163550011173,0.0172819929975958,0.3
core_sarimax_frozen_s42,sarimax,frozen,selected,False,42,17,2025-05-05 01:00:00,2025-05-11 17:00:00,161,58.16,True,True,22.04974680909507,16.018696489599925,38.068443298694994,0.0,0.0067163550011173,0.0172819929975958,0.3
core_sarimax_frozen_s42,sarimax,frozen,selected,False,42,17,2025-05-05 01:00:00,2025-05-11 18:00:00,162,58.77,True,True,23.13602967770416,16.018696489599925,39.154726167304084,0.0,0.0067163550011173,0.0172819929975958,0.3
core_sarimax_frozen_s42,sarimax,frozen,selected,False,42,17,2025-05-05 01:00:00,2025-05-11 19:00:00,163,58.28,True,True,22.960465140244796,16.018696489599925,38.979161629844725,0.0,0.0067163550011173,0.0172819929975958,0.3
core_sarimax_frozen_s42,sarimax,frozen,selected,False,42,17,2025-05-05 01:00:00,2025-05-11 20:00:00,164,58.78,True,True,23.63042581900893,16.018696489599925,39.64912230860885,0.0,0.0067163550011173,0.0172819929975958,0.3
core_sarimax_frozen_s42,sarimax,frozen,selected,False,42,17,2025-05-05 01:00:00,2025-05-11 21:00:00,165,60.1,True,True,24.80871700397321,16.018696489599925,40.82741349357313,0.0,0.0067163550011173,0.0172819929975958,0.3
core_sarimax_frozen_s42,sarimax,frozen,selected,False,42,17,2025-05-05 01:00:00,2025-05-11 22:00:00,166,61.29,True,True,26.143169736536777,16.018696489599925,42.1618662261367,0.0,0.0067163550011173,0.0172819929975958,0.3
core_sarimax_frozen_s42,sarimax,frozen,selected,False,42,17,2025-05-05 01:00:00,2025-05-11 23:00:00,167,63.57,True,True,27.63712603647025,16.018696489599925,43.655822526070175,0.0,0.0067163550011173,0.0172819929975958,0.3
core_sarimax_frozen_s42,sarimax,frozen,selected,False,42,17,2025-05-05 01:00:00,2025-05-12 00:00:00,168,67.27,True,True,29.799062723728557,16.018696489599925,45.817759213328486,0.0,0.0067163550011173,0.0172819929975958,0.3
core_sarimax_frozen_s42,sarimax,frozen,selected,False,42,18,2025-05-12 01:00:00,2025-05-12 01:00:00,1,77.71,True,True,68.84343604406968,20.061211597441716,88.90464764151139,0.0,0.0067732729985436,0.0146587159979389,0.3
core_sarimax_frozen_s42,sarimax,frozen,selected,False,42,18,2025-05-12 01:00:00,2025-05-12 02:00:00,2,88.22,True,True,68.39236737724389,20.061211597441716,88.4535789746856,0.0,0.0067732729985436,0.0146587159979389,0.3
core_sarimax_frozen_s42,sarimax,frozen,selected,False,42,18,2025-05-12 01:00:00,2025-05-12 03:00:00,3,101.18,True,True,72.78428426283773,20.061211597441716,92.84549586027944,0.0,0.0067732729985436,0.0146587159979389,0.3
core_sarimax_frozen_s42,sarimax,frozen,selected,False,42,18,2025-05-12 01:00:00,2025-05-12 04:00:00,4,127.41,True,True,71.63727449517049,20.061211597441716,91.6984860926122,0.0,0.0067732729985436,0.0146587159979389,0.3
core_sarimax_frozen_s42,sarimax,frozen,selected,False,42,18,2025-05-12 01:00:00,2025-05-12 05:00:00,5,135.56,True,True,65.66171285623813,20.061211597441716,85.72292445367984,0.0,0.0067732729985436,0.0146587159979389,0.3
core_sarimax_frozen_s42,sarimax,frozen,selected,False,42,18,2025-05-12 01:00:00,2025-05-12 06:00:00,6,138.99,True,True,61.57980658287329,20.061211597441716,81.641018180315,0.0,0.0067732729985436,0.0146587159979389,0.3
core_sarimax_frozen_s42,sarimax,frozen,selected,False,42,18,2025-05-12 01:00:00,2025-05-12 07:00:00,7,135.38,True,True,57.7625207099191,20.061211597441716,77.82373230736081,0.0,0.0067732729985436,0.0146587159979389,0.3
core_sarimax_frozen_s42,sarimax,frozen,selected,False,42,18,2025-05-12 01:00:00,2025-05-12 08:00:00,8,127.51,True,True,55.12433050397493,20.061211597441716,75.18554210141664,0.0,0.0067732729985436,0.0146587159979389,0.3
core_sarimax_frozen_s42,sarimax,frozen,selected,False,42,18,2025-05-12 01:00:00,2025-05-12 09:00:00,9,118.33,True,True,52.71869336397762,20.061211597441716,72.77990496141933,0.0,0.0067732729985436,0.0146587159979389,0.3
core_sarimax_frozen_s42,sarimax,frozen,selected,False,42,18,2025-05-12 01:00:00,2025-05-12 10:00:00,10,107.63,True,True,50.42006087955045,20.061211597441716,70.48127247699216,0.0,0.0067732729985436,0.0146587159979389,0.3
core_sarimax_frozen_s42,sarimax,frozen,selected,False,42,18,2025-05-12 01:00:00,2025-05-12 11:00:00,11,98.76,True,True,48.80954581873343,20.061211597441716,68.87075741617515,0.0,0.0067732729985436,0.0146587159979389,0.3
core_sarimax_frozen_s42,sarimax,frozen,selected,False,42,18,2025-05-12 01:00:00,2025-05-12 12:00:00,12,90.7,True,True,47.54459499982207,20.061211597441716,67.60580659726378,0.0,0.0067732729985436,0.0146587159979389,0.3
core_sarimax_frozen_s42,sarimax,frozen,selected,False,42,18,2025-05-12 01:00:00,2025-05-12 13:00:00,13,82.25,True,True,45.64541606236173,20.061211597441716,65.70662765980344,0.0,0.0067732729985436,0.0146587159979389,0.3
core_sarimax_frozen_s42,sarimax,frozen,selected,False,42,18,2025-05-12 01:00:00,2025-05-12 14:00:00,14,75.62,True,True,44.892046393296056,20.061211597441716,64.95325799073777,0.0,0.0067732729985436,0.0146587159979389,0.3
core_sarimax_frozen_s42,sarimax,frozen,selected,False,42,18,2025-05-12 01:00:00,2025-05-12 15:00:00,15,70.54,True,True,44.83020902429206,20.061211597441716,64.89142062173377,0.0,0.0067732729985436,0.0146587159979389,0.3
core_sarimax_frozen_s42,sarimax,frozen,selected,False,42,18,2025-05-12 01:00:00,2025-05-12 16:00:00,16,64.84,True,True,43.56595806424341,20.061211597441716,63.62716966168513,0.0,0.0067732729985436,0.0146587159979389,0.3
core_sarimax_frozen_s42,sarimax,frozen,selected,False,42,18,2025-05-12 01:00:00,2025-05-12 17:00:00,17,60.52,True,True,42.05726600492275,20.061211597441716,62.118477602364464,0.0,0.0067732729985436,0.0146587159979389,0.3
core_sarimax_frozen_s42,sarimax,frozen,selected,False,42,18,2025-05-12 01:00:00,2025-05-12 18:00:00,18,59.36,True,True,42.04468274531632,20.061211597441716,62.105894342758035,0.0,0.0067732729985436,0.0146587159979389,0.3
core_sarimax_frozen_s42,sarimax,frozen,selected,False,42,18,2025-05-12 01:00:00,2025-05-12 19:00:00,19,62.45,True,True,42.14631328633024,20.061211597441716,62.20752488377195,0.0,0.0067732729985436,0.0146587159979389,0.3
core_sarimax_frozen_s42,sarimax,frozen,selected,False,42,18,2025-05-12 01:00:00,2025-05-12 20:00:00,20,68.51,True,True,43.29343620652477,20.061211597441716,63.354647803966486,0.0,0.0067732729985436,0.0146587159979389,0.3
core_sarimax_frozen_s42,sarimax,frozen,selected,False,42,18,2025-05-12 01:00:00,2025-05-12 21:00:00,21,74.6,True,True,44.39635308154254,20.061211597441716,64.45756467898426,0.0,0.0067732729985436,0.0146587159979389,0.3
core_sarimax_frozen_s42,sarimax,frozen,selected,False,42,18,2025-05-12 01:00:00,2025-05-12 22:00:00,22,78.75,True,True,44.68640458066409,20.061211597441716,64.7476161781058,0.0,0.0067732729985436,0.0146587159979389,0.3
core_sarimax_frozen_s42,sarimax,frozen,selected,False,42,18,2025-05-12 01:00:00,2025-05-12 23:00:00,23,82.5,True,True,45.27063861136276,20.061211597441716,65.33185020880448,0.0,0.0067732729985436,0.0146587159979389,0.3
core_sarimax_frozen_s42,sarimax,frozen,selected,False,42,18,2025-05-12 01:00:00,2025-05-13 00:00:00,24,86.35,True,True,46.63726895862035,20.061211597441716,66.69848055606207,0.0,0.0067732729985436,0.0146587159979389,0.3
core_sarimax_frozen_s42,sarimax,frozen,selected,False,42,18,2025-05-12 01:00:00,2025-05-13 01:00:00,25,91.14,True,True,48.08098603439328,20.061211597441716,68.14219763183499,0.0,0.0067732729985436,0.0146587159979389,0.3
core_sarimax_frozen_s42,sarimax,frozen,selected,False,42,18,2025-05-12 01:00:00,2025-05-13 02:00:00,26,97.53,True,True,48.29747917242671,20.061211597441716,68.35869076986843,0.0,0.0067732729985436,0.0146587159979389,0.3
core_sarimax_frozen_s42,sarimax,frozen,selected,False,42,18,2025-05-12 01:00:00,2025-05-13 03:00:00,27,109.15,True,True,53.16237289306798,20.061211597441716,73.2235844905097,0.0,0.0067732729985436,0.0146587159979389,0.3
core_sarimax_frozen_s42,sarimax,frozen,selected,False,42,18,2025-05-12 01:00:00,2025-05-13 04:00:00,28,143.35,True,True,56.34036782266151,20.061211597441716,76.40157942010323,0.0,0.0067732729985436,0.0146587159979389,0.3
core_sarimax_frozen_s42,sarimax,frozen,selected,False,42,18,2025-05-12 01:00:00,2025-05-13 05:00:00,29,163.07,True,True,55.3848145474654,20.061211597441716,75.44602614490712,0.0,0.0067732729985436,0.0146587159979389,0.3
core_sarimax_frozen_s42,sarimax,frozen,selected,False,42,18,2025-05-12 01:00:00,2025-05-13 06:00:00,30,169.11,True,True,54.48075518658419,20.061211597441716,74.5419667840259,0.0,0.0067732729985436,0.0146587159979389,0.3
core_sarimax_frozen_s42,sarimax,frozen,selected,False,42,18,2025-05-12 01:00:00,2025-05-13 07:00:00,31,166.15,True,True,52.08276113490405,20.061211597441716,72.14397273234576,0.0,0.0067732729985436,0.0146587159979389,0.3
core_sarimax_frozen_s42,sarimax,frozen,selected,False,42,18,2025-05-12 01:00:00,2025-05-13 08:00:00,32,155.28,True,True,49.06419016744934,20.061211597441716,69.12540176489105,0.0,0.0067732729985436,0.0146587159979389,0.3
core_sarimax_frozen_s42,sarimax,frozen,selected,False,42,18,2025-05-12 01:00:00,2025-05-13 09:00:00,33,142.93,True,True,45.60661903532366,20.061211597441716,65.66783063276537,0.0,0.0067732729985436,0.0146587159979389,0.3
core_sarimax_frozen_s42,sarimax,frozen,selected,False,42,18,2025-05-12 01:00:00,2025-05-13 10:00:00,34,133.61,True,True,43.25091884717335,20.061211597441716,63.312130444615065,0.0,0.0067732729985436,0.0146587159979389,0.3
core_sarimax_frozen_s42,sarimax,frozen,selected,False,42,18,2025-05-12 01:00:00,2025-05-13 11:00:00,35,132.52,True,True,43.38619447541399,20.061211597441716,63.4474060728557,0.0,0.0067732729985436,0.0146587159979389,0.3
core_sarimax_frozen_s42,sarimax,frozen,selected,False,42,18,2025-05-12 01:00:00,2025-05-13 12:00:00,36,135.47,True,True,44.95085119795965,20.061211597441716,65.01206279540136,0.0,0.0067732729985436,0.0146587159979389,0.3
core_sarimax_frozen_s42,sarimax,frozen,selected,False,42,18,2025-05-12 01:00:00,2025-05-13 13:00:00,37,138.29,True,True,45.98718624226237,20.061211597441716,66.04839783970408,0.0,0.0067732729985436,0.0146587159979389,0.3
core_sarimax_frozen_s42,sarimax,frozen,selected,False,42,18,2025-05-12 01:00:00,2025-05-13 14:00:00,38,141.36,True,True,47.25087020208329,20.061211597441716,67.312081799525,0.0,0.0067732729985436,0.0146587159979389,0.3
core_sarimax_frozen_s42,sarimax,frozen,selected,False,42,18,2025-05-12 01:00:00,2025-05-13 15:00:00,39,142.6,True,True,48.48172792021808,20.061211597441716,68.54293951765979,0.0,0.0067732729985436,0.0146587159979389,0.3
core_sarimax_frozen_s42,sarimax,frozen,selected,False,42,18,2025-05-12 01:00:00,2025-05-13 16:00:00,40,139.18,True,True,47.74871697806827,20.061211597441716,67.80992857550999,0.0,0.0067732729985436,0.0146587159979389,0.3
core_sarimax_frozen_s42,sarimax,frozen,selected,False,42,18,2025-05-12 01:00:00,2025-05-13 17:00:00,41,138.04,True,True,47.22010120927476,20.061211597441716,67.28131280671647,0.0,0.0067732729985436,0.0146587159979389,0.3
core_sarimax_frozen_s42,sarimax,frozen,selected,False,42,18,2025-05-12 01:00:00,2025-05-13 18:00:00,42,138.91,True,True,48.277915536455424,20.061211597441716,68.33912713389714,0.0,0.0067732729985436,0.0146587159979389,0.3
core_sarimax_frozen_s42,sarimax,frozen,selected,False,42,18,2025-05-12 01:00:00,2025-05-13 19:00:00,43,140.74,True,True,49.824228470000776,20.061211597441716,69.88544006744249,0.0,0.0067732729985436,0.0146587159979389,0.3
core_sarimax_frozen_s42,sarimax,frozen,selected,False,42,18,2025-05-12 01:00:00,2025-05-13 20:00:00,44,144.43,True,True,52.87703828658434,20.061211597441716,72.93824988402605,0.0,0.0067732729985436,0.0146587159979389,0.3
core_sarimax_frozen_s42,sarimax,frozen,selected,False,42,18,2025-05-12 01:00:00,2025-05-13 21:00:00,45,149.35,True,True,57.33303330292489,20.061211597441716,77.3942449003666,0.0,0.0067732729985436,0.0146587159979389,0.3
core_sarimax_frozen_s42,sarimax,frozen,selected,False,42,18,2025-05-12 01:00:00,2025-05-13 22:00:00,46,150.69,True,True,58.97546546584027,20.061211597441716,79.03667706328199,0.0,0.0067732729985436,0.0146587159979389,0.3
core_sarimax_frozen_s42,sarimax,frozen,selected,False,42,18,2025-05-12 01:00:00,2025-05-13 23:00:00,47,117.67,True,True,50.90880792268624,20.061211597441716,70.97001952012796,0.0,0.0067732729985436,0.0146587159979389,0.3
core_sarimax_frozen_s42,sarimax,frozen,selected,False,42,18,2025-05-12 01:00:00,2025-05-14 00:00:00,48,62.75,True,True,37.33406210768379,20.061211597441716,57.395273705125504,0.0,0.0067732729985436,0.0146587159979389,0.3
core_sarimax_frozen_s42,sarimax,frozen,selected,False,42,18,2025-05-12 01:00:00,2025-05-14 01:00:00,49,15.94,True,True,24.03362806380511,20.061211597441716,44.09483966124682,0.0,0.0067732729985436,0.0146587159979389,0.3
core_sarimax_frozen_s42,sarimax,frozen,selected,False,42,18,2025-05-12 01:00:00,2025-05-14 02:00:00,50,5.62,True,True,19.440941682439306,20.061211597441716,39.50215327988102,0.0,0.0067732729985436,0.0146587159979389,0.3
core_sarimax_frozen_s42,sarimax,frozen,selected,False,42,18,2025-05-12 01:00:00,2025-05-14 03:00:00,51,4.86,True,True,22.573882251159034,20.061211597441716,42.63509384860075,0.0,0.0067732729985436,0.0146587159979389,0.3
core_sarimax_frozen_s42,sarimax,frozen,selected,False,42,18,2025-05-12 01:00:00,2025-05-14 04:00:00,52,6.25,True,True,27.107726795812027,20.061211597441716,47.16893839325374,0.0,0.0067732729985436,0.0146587159979389,0.3
core_sarimax_frozen_s42,sarimax,frozen,selected,False,42,18,2025-05-12 01:00:00,2025-05-14 05:00:00,53,9.43,True,True,27.806156838223306,20.061211597441716,47.86736843566502,0.0,0.0067732729985436,0.0146587159979389,0.3
core_sarimax_frozen_s42,sarimax,frozen,selected,False,42,18,2025-05-12 01:00:00,2025-05-14 06:00:00,54,13.26,True,True,27.92744624135605,20.061211597441716,47.988657838797764,0.0,0.0067732729985436,0.0146587159979389,0.3
core_sarimax_frozen_s42,sarimax,frozen,selected,False,42,18,2025-05-12 01:00:00,2025-05-14 07:00:00,55,15.36,True,True,26.487314074100997,20.061211597441716,46.54852567154271,0.0,0.0067732729985436,0.0146587159979389,0.3
core_sarimax_frozen_s42,sarimax,frozen,selected,False,42,18,2025-05-12 01:00:00,2025-05-14 08:00:00,56,16.84,True,True,25.087676897742117,20.061211597441716,45.14888849518383,0.0,0.0067732729985436,0.0146587159979389,0.3
core_sarimax_frozen_s42,sarimax,frozen,selected,False,42,18,2025-05-12 01:00:00,2025-05-14 09:00:00,57,17.53,True,True,23.31308691944554,20.061211597441716,43.37429851688725,0.0,0.0067732729985436,0.0146587159979389,0.3
core_sarimax_frozen_s42,sarimax,frozen,selected,False,42,18,2025-05-12 01:00:00,2025-05-14 10:00:00,58,17.77,True,True,21.47094076516657,20.061211597441716,41.53215236260829,0.0,0.0067732729985436,0.0146587159979389,0.3
core_sarimax_frozen_s42,sarimax,frozen,selected,False,42,18,2025-05-12 01:00:00,2025-05-14 11:00:00,59,17.57,True,True,20.600025513350943,20.061211597441716,40.661237110792655,0.0,0.0067732729985436,0.0146587159979389,0.3
core_sarimax_frozen_s42,sarimax,frozen,selected,False,42,18,2025-05-12 01:00:00,2025-05-14 12:00:00,60,17.39,True,True,20.37542827686829,20.061211597441716,40.43663987431,0.0,0.0067732729985436,0.0146587159979389,0.3
core_sarimax_frozen_s42,sarimax,frozen,selected,False,42,18,2025-05-12 01:00:00,2025-05-14 13:00:00,61,18.98,True,True,19.67738859694427,20.061211597441716,39.73860019438598,0.0,0.0067732729985436,0.0146587159979389,0.3
core_sarimax_frozen_s42,sarimax,frozen,selected,False,42,18,2025-05-12 01:00:00,2025-05-14 14:00:00,62,22.12,True,True,19.684483274132333,20.061211597441716,39.745694871574045,0.0,0.0067732729985436,0.0146587159979389,0.3
core_sarimax_frozen_s42,sarimax,frozen,selected,False,42,18,2025-05-12 01:00:00,2025-05-14 15:00:00,63,24.71,True,True,20.375047059033022,20.061211597441716,40.436258656474735,0.0,0.0067732729985436,0.0146587159979389,0.3
core_sarimax_frozen_s42,sarimax,frozen,selected,False,42,18,2025-05-12 01:00:00,2025-05-14 16:00:00,64,25.69,True,True,20.616771251753903,20.061211597441716,40.677982849195615,0.0,0.0067732729985436,0.0146587159979389,0.3
core_sarimax_frozen_s42,sarimax,frozen,selected,False,42,18,2025-05-12 01:00:00,2025-05-14 17:00:00,65,26.29,True,True,20.941358385145836,20.061211597441716,41.00256998258755,0.0,0.0067732729985436,0.0146587159979389,0.3
core_sarimax_frozen_s42,sarimax,frozen,selected,False,42,18,2025-05-12 01:00:00,2025-05-14 18:00:00,66,26.96,True,True,21.85561638594029,20.061211597441716,41.91682798338201,0.0,0.0067732729985436,0.0146587159979389,0.3
core_sarimax_frozen_s42,sarimax,frozen,selected,False,42,18,2025-05-12 01:00:00,2025-05-14 19:00:00,67,27.85,True,True,22.182877634240185,20.061211597441716,42.2440892316819,0.0,0.0067732729985436,0.0146587159979389,0.3
core_sarimax_frozen_s42,sarimax,frozen,selected,False,42,18,2025-05-12 01:00:00,2025-05-14 20:00:00,68,29.18,True,True,22.682580050780928,20.061211597441716,42.74379164822264,0.0,0.0067732729985436,0.0146587159979389,0.3
core_sarimax_frozen_s42,sarimax,frozen,selected,False,42,18,2025-05-12 01:00:00,2025-05-14 21:00:00,69,30.38,True,True,23.184983034806805,20.061211597441716,43.24619463224852,0.0,0.0067732729985436,0.0146587159979389,0.3
core_sarimax_frozen_s42,sarimax,frozen,selected,False,42,18,2025-05-12 01:00:00,2025-05-14 22:00:00,70,31.16,True,True,23.190263734913717,20.061211597441716,43.25147533235543,0.0,0.0067732729985436,0.0146587159979389,0.3
core_sarimax_frozen_s42,sarimax,frozen,selected,False,42,18,2025-05-12 01:00:00,2025-05-14 23:00:00,71,31.99,True,True,22.8209864858452,20.061211597441716,42.882198083286916,0.0,0.0067732729985436,0.0146587159979389,0.3
core_sarimax_frozen_s42,sarimax,frozen,selected,False,42,18,2025-05-12 01:00:00,2025-05-15 00:00:00,72,34.43,True,True,22.98472940697837,20.061211597441716,43.04594100442009,0.0,0.0067732729985436,0.0146587159979389,0.3
core_sarimax_frozen_s42,sarimax,frozen,selected,False,42,18,2025-05-12 01:00:00,2025-05-15 01:00:00,73,39.39,True,True,23.754920119030203,20.061211597441716,43.816131716471915,0.0,0.0067732729985436,0.0146587159979389,0.3
core_sarimax_frozen_s42,sarimax,frozen,selected,False,42,18,2025-05-12 01:00:00,2025-05-15 02:00:00,74,46.82,True,True,23.297584706630037,20.061211597441716,43.35879630407175,0.0,0.0067732729985436,0.0146587159979389,0.3
core_sarimax_frozen_s42,sarimax,frozen,selected,False,42,18,2025-05-12 01:00:00,2025-05-15 03:00:00,75,58.84,True,True,27.15436070434862,20.061211597441716,47.21557230179033,0.0,0.0067732729985436,0.0146587159979389,0.3
core_sarimax_frozen_s42,sarimax,frozen,selected,False,42,18,2025-05-12 01:00:00,2025-05-15 04:00:00,76,53.22,True,True,27.71395992090865,20.061211597441716,47.77517151835036,0.0,0.0067732729985436,0.0146587159979389,0.3
core_sarimax_frozen_s42,sarimax,frozen,selected,False,42,18,2025-05-12 01:00:00,2025-05-15 05:00:00,77,45.04,True,True,26.24022089216649,20.061211597441716,46.3014324896082,0.0,0.0067732729985436,0.0146587159979389,0.3
core_sarimax_frozen_s42,sarimax,frozen,selected,False,42,18,2025-05-12 01:00:00,2025-05-15 06:00:00,78,39.93,True,True,25.27085815090865,20.061211597441716,45.332069748350364,0.0,0.0067732729985436,0.0146587159979389,0.3
core_sarimax_frozen_s42,sarimax,frozen,selected,False,42,18,2025-05-12 01:00:00,2025-05-15 07:00:00,79,37.1,True,True,23.888480703863905,20.061211597441716,43.94969230130562,0.0,0.0067732729985436,0.0146587159979389,0.3
core_sarimax_frozen_s42,sarimax,frozen,selected,False,42,18,2025-05-12 01:00:00,2025-05-15 08:00:00,80,34.96,True,True,22.956454638142333,20.061211597441716,43.017666235584045,0.0,0.0067732729985436,0.0146587159979389,0.3
core_sarimax_frozen_s42,sarimax,frozen,selected,False,42,18,2025-05-12 01:00:00,2025-05-15 09:00:00,81,33.31,True,True,21.990777747511288,20.061211597441716,42.051989344953,0.0,0.0067732729985436,0.0146587159979389,0.3
core_sarimax_frozen_s42,sarimax,frozen,selected,False,42,18,2025-05-12 01:00:00,2025-05-15 10:00:00,82,33.19,True,True,20.977538526110976,20.061211597441716,41.03875012355269,0.0,0.0067732729985436,0.0146587159979389,0.3
core_sarimax_frozen_s42,sarimax,frozen,selected,False,42,18,2025-05-12 01:00:00,2025-05-15 11:00:00,83,34.38,True,True,20.77924565146725,20.061211597441716,40.84045724890896,0.0,0.0067732729985436,0.0146587159979389,0.3
core_sarimax_frozen_s42,sarimax,frozen,selected,False,42,18,2025-05-12 01:00:00,2025-05-15 12:00:00,84,35.56,True,True,20.98458925392612,20.061211597441716,41.04580085136784,0.0,0.0067732729985436,0.0146587159979389,0.3
core_sarimax_frozen_s42,sarimax,frozen,selected,False,42,18,2025-05-12 01:00:00,2025-05-15 13:00:00,85,36.41,True,True,20.78234328134411,20.061211597441716,40.843554878785824,0.0,0.0067732729985436,0.0146587159979389,0.3
core_sarimax_frozen_s42,sarimax,frozen,selected,False,42,18,2025-05-12 01:00:00,2025-05-15 14:00:00,86,38.29,True,True,21.35210537446858,20.061211597441716,41.41331697191029,0.0,0.0067732729985436,0.0146587159979389,0.3
core_sarimax_frozen_s42,sarimax,frozen,selected,False,42,18,2025-05-12 01:00:00,2025-05-15 15:00:00,87,40.83,True,True,22.39952808235949,20.061211597441716,42.46073967980121,0.0,0.0067732729985436,0.0146587159979389,0.3
core_sarimax_frozen_s42,sarimax,frozen,selected,False,42,18,2025-05-12 01:00:00,2025-05-15 16:00:00,88,44.56,True,True,22.59686424788993,20.061211597441716,42.658075845331645,0.0,0.0067732729985436,0.0146587159979389,0.3
core_sarimax_frozen_s42,sarimax,frozen,selected,False,42,18,2025-05-12 01:00:00,2025-05-15 17:00:00,89,51.39,True,True,22.60176543075798,20.061211597441716,42.66297702819969,0.0,0.0067732729985436,0.0146587159979389,0.3
core_sarimax_frozen_s42,sarimax,frozen,selected,False,42,18,2025-05-12 01:00:00,2025-05-15 18:00:00,90,60.87,True,True,23.34217298739074,20.061211597441716,43.40338458483245,0.0,0.0067732729985436,0.0146587159979389,0.3
core_sarimax_frozen_s42,sarimax,frozen,selected,False,42,18,2025-05-12 01:00:00,2025-05-15 19:00:00,91,72.05,True,True,23.498851551613427,20.061211597441716,43.56006314905514,0.0,0.0067732729985436,0.0146587159979389,0.3
core_sarimax_frozen_s42,sarimax,frozen,selected,False,42,18,2025-05-12 01:00:00,2025-05-15 20:00:00,92,84.88,True,True,23.884345306901054,20.061211597441716,43.945556904342766,0.0,0.0067732729985436,0.0146587159979389,0.3
core_sarimax_frozen_s42,sarimax,frozen,selected,False,42,18,2025-05-12 01:00:00,2025-05-15 21:00:00,93,97.79,True,True,24.371701572000436,20.061211597441716,44.43291316944215,0.0,0.0067732729985436,0.0146587159979389,0.3
core_sarimax_frozen_s42,sarimax,frozen,selected,False,42,18,2025-05-12 01:00:00,2025-05-15 22:00:00,94,108.37,True,True,24.574326350070606,20.061211597441716,44.63553794751232,0.0,0.0067732729985436,0.0146587159979389,0.3
core_sarimax_frozen_s42,sarimax,frozen,selected,False,42,18,2025-05-12 01:00:00,2025-05-15 23:00:00,95,116.25,True,True,24.764108961109287,20.061211597441716,44.825320558551,0.0,0.0067732729985436,0.0146587159979389,0.3
core_sarimax_frozen_s42,sarimax,frozen,selected,False,42,18,2025-05-12 01:00:00,2025-05-16 00:00:00,96,123.15,True,True,25.755961324314285,20.061211597441716,45.817172921756,0.0,0.0067732729985436,0.0146587159979389,0.3
core_sarimax_frozen_s42,sarimax,frozen,selected,False,42,18,2025-05-12 01:00:00,2025-05-16 01:00:00,97,132.18,True,True,27.648844989230383,20.061211597441716,47.710056586672096,0.0,0.0067732729985436,0.0146587159979389,0.3
core_sarimax_frozen_s42,sarimax,frozen,selected,False,42,18,2025-05-12 01:00:00,2025-05-16 02:00:00,98,142.04,True,True,27.730595207807426,20.061211597441716,47.79180680524914,0.0,0.0067732729985436,0.0146587159979389,0.3
core_sarimax_frozen_s42,sarimax,frozen,selected,False,42,18,2025-05-12 01:00:00,2025-05-16 03:00:00,99,159.17,True,True,31.778905016135383,20.061211597441716,51.840116613577095,0.0,0.0067732729985436,0.0146587159979389,0.3
core_sarimax_frozen_s42,sarimax,frozen,selected,False,42,18,2025-05-12 01:00:00,2025-05-16 04:00:00,100,174.04,True,True,37.17387719050026,20.061211597441716,57.235088787941976,0.0,0.0067732729985436,0.0146587159979389,0.3
core_sarimax_frozen_s42,sarimax,frozen,selected,False,42,18,2025-05-12 01:00:00,2025-05-16 05:00:00,101,174.39,True,True,37.10027433721123,20.061211597441716,57.161485934652944,0.0,0.0067732729985436,0.0146587159979389,0.3
core_sarimax_frozen_s42,sarimax,frozen,selected,False,42,18,2025-05-12 01:00:00,2025-05-16 06:00:00,102,172.46,True,True,36.400637495435376,20.061211597441716,56.46184909287709,0.0,0.0067732729985436,0.0146587159979389,0.3
core_sarimax_frozen_s42,sarimax,frozen,selected,False,42,18,2025-05-12 01:00:00,2025-05-16 07:00:00,103,168.26,True,True,34.870929531033624,20.061211597441716,54.93214112847534,0.0,0.0067732729985436,0.0146587159979389,0.3
core_sarimax_frozen_s42,sarimax,frozen,selected,False,42,18,2025-05-12 01:00:00,2025-05-16 08:00:00,104,160.05,True,True,32.42758243344608,20.061211597441716,52.48879403088779,0.0,0.0067732729985436,0.0146587159979389,0.3
core_sarimax_frozen_s42,sarimax,frozen,selected,False,42,18,2025-05-12 01:00:00,2025-05-16 09:00:00,105,155.52,True,True,29.73800793611136,20.061211597441716,49.79921953355307,0.0,0.0067732729985436,0.0146587159979389,0.3
core_sarimax_frozen_s42,sarimax,frozen,selected,False,42,18,2025-05-12 01:00:00,2025-05-16 10:00:00,106,149.99,True,True,27.01001487286547,20.061211597441716,47.07122647030718,0.0,0.0067732729985436,0.0146587159979389,0.3
core_sarimax_frozen_s42,sarimax,frozen,selected,False,42,18,2025-05-12 01:00:00,2025-05-16 11:00:00,107,142.95,True,True,25.230795892100616,20.061211597441716,45.29200748954233,0.0,0.0067732729985436,0.0146587159979389,0.3
core_sarimax_frozen_s42,sarimax,frozen,selected,False,42,18,2025-05-12 01:00:00,2025-05-16 12:00:00,108,135.27,True,True,24.153181958016265,20.061211597441716,44.21439355545798,0.0,0.0067732729985436,0.0146587159979389,0.3
core_sarimax_frozen_s42,sarimax,frozen,selected,False,42,18,2025-05-12 01:00:00,2025-05-16 13:00:00,109,128.41,True,True,24.283620590202247,20.061211597441716,44.34483218764396,0.0,0.0067732729985436,0.0146587159979389,0.3
core_sarimax_frozen_s42,sarimax,frozen,selected,False,42,18,2025-05-12 01:00:00,2025-05-16 14:00:00,110,127.57,True,True,26.758581936200187,20.061211597441716,46.8197935336419,0.0,0.0067732729985436,0.0146587159979389,0.3
core_sarimax_frozen_s42,sarimax,frozen,selected,False,42,18,2025-05-12 01:00:00,2025-05-16 15:00:00,111,129.89,True,True,29.967764517288487,20.061211597441716,50.0289761147302,0.0,0.0067732729985436,0.0146587159979389,0.3
core_sarimax_frozen_s42,sarimax,frozen,selected,False,42,18,2025-05-12 01:00:00,2025-05-16 16:00:00,112,130.59,True,True,31.25667443327873,20.061211597441716,51.317886030720445,0.0,0.0067732729985436,0.0146587159979389,0.3
core_sarimax_frozen_s42,sarimax,frozen,selected,False,42,18,2025-05-12 01:00:00,2025-05-16 17:00:00,113,127.01,True,True,31.138104591647505,20.061211597441716,51.19931618908922,0.0,0.0067732729985436,0.0146587159979389,0.3
core_sarimax_frozen_s42,sarimax,frozen,selected,False,42,18,2025-05-12 01:00:00,2025-05-16 18:00:00,114,112.05,True,True,29.80268480127333,20.061211597441716,49.86389639871504,0.0,0.0067732729985436,0.0146587159979389,0.3
core_sarimax_frozen_s42,sarimax,frozen,selected,False,42,18,2025-05-12 01:00:00,2025-05-16 19:00:00,115,80.06,True,True,15.096803820863895,20.061211597441716,35.15801541830561,0.0,0.0067732729985436,0.0146587159979389,0.3
core_sarimax_frozen_s42,sarimax,frozen,selected,False,42,18,2025-05-12 01:00:00,2025-05-16 20:00:00,116,89.46,True,True,10.363552615915468,20.061211597441716,30.424764213357186,0.0,0.0067732729985436,0.0146587159979389,0.3
core_sarimax_frozen_s42,sarimax,frozen,selected,False,42,18,2025-05-12 01:00:00,2025-05-16 21:00:00,117,74.72,True,True,8.653761588075866,20.061211597441716,28.714973185517582,0.0,0.0067732729985436,0.0146587159979389,0.3
core_sarimax_frozen_s42,sarimax,frozen,selected,False,42,18,2025-05-12 01:00:00,2025-05-16 22:00:00,118,33.73,True,True,7.078439148221406,20.061211597441716,27.139650745663122,0.0,0.0067732729985436,0.0146587159979389,0.3
core_sarimax_frozen_s42,sarimax,frozen,selected,False,42,18,2025-05-12 01:00:00,2025-05-16 23:00:00,119,9.38,True,True,6.225899392802575,20.061211597441716,26.28711099024429,0.0,0.0067732729985436,0.0146587159979389,0.3
core_sarimax_frozen_s42,sarimax,frozen,selected,False,42,18,2025-05-12 01:00:00,2025-05-17 00:00:00,120,2.03,True,True,6.500272778759154,20.061211597441716,26.56148437620087,0.0,0.0067732729985436,0.0146587159979389,0.3
core_sarimax_frozen_s42,sarimax,frozen,selected,False,42,18,2025-05-12 01:00:00,2025-05-17 01:00:00,121,0.71,True,True,7.673430878223428,20.061211597441716,27.734642475665144,0.0,0.0067732729985436,0.0146587159979389,0.3
core_sarimax_frozen_s42,sarimax,frozen,selected,False,42,18,2025-05-12 01:00:00,2025-05-17 02:00:00,122,0.79,True,True,7.093915221921321,20.061211597441716,27.155126819363037,0.0,0.0067732729985436,0.0146587159979389,0.3
core_sarimax_frozen_s42,sarimax,frozen,selected,False,42,18,2025-05-12 01:00:00,2025-05-17 03:00:00,123,1.11,True,True,10.326875307196616,20.061211597441716,30.38808690463833,0.0,0.0067732729985436,0.0146587159979389,0.3
core_sarimax_frozen_s42,sarimax,frozen,selected,False,42,18,2025-05-12 01:00:00,2025-05-17 04:00:00,124,1.41,True,True,15.448480533382764,20.061211597441716,35.509692130824476,0.0,0.0067732729985436,0.0146587159979389,0.3
core_sarimax_frozen_s42,sarimax,frozen,selected,False,42,18,2025-05-12 01:00:00,2025-05-17 05:00:00,125,1.59,True,True,16.10408093722046,20.061211597441716,36.16529253466217,0.0,0.0067732729985436,0.0146587159979389,0.3
core_sarimax_frozen_s42,sarimax,frozen,selected,False,42,18,2025-05-12 01:00:00,2025-05-17 06:00:00,126,1.8,True,True,15.73025842184208,20.061211597441716,35.79147001928379,0.0,0.0067732729985436,0.0146587159979389,0.3
core_sarimax_frozen_s42,sarimax,frozen,selected,False,42,18,2025-05-12 01:00:00,2025-05-17 07:00:00,127,1.98,True,True,14.364235659605953,20.061211597441716,34.425447257047665,0.0,0.0067732729985436,0.0146587159979389,0.3
core_sarimax_frozen_s42,sarimax,frozen,selected,False,42,18,2025-05-12 01:00:00,2025-05-17 08:00:00,128,2.06,True,True,12.874531038470336,20.061211597441716,32.93574263591205,0.0,0.0067732729985436,0.0146587159979389,0.3
core_sarimax_frozen_s42,sarimax,frozen,selected,False,42,18,2025-05-12 01:00:00,2025-05-17 09:00:00,129,2.07,True,True,10.82780296068202,20.061211597441716,30.889014558123733,0.0,0.0067732729985436,0.0146587159979389,0.3
core_sarimax_frozen_s42,sarimax,frozen,selected,False,42,18,2025-05-12 01:00:00,2025-05-17 10:00:00,130,2.49,True,True,8.878354657953992,20.061211597441716,28.939566255395707,0.0,0.0067732729985436,0.0146587159979389,0.3
core_sarimax_frozen_s42,sarimax,frozen,selected,False,42,18,2025-05-12 01:00:00,2025-05-17 11:00:00,131,3.33,True,True,8.11530037057392,20.061211597441716,28.176511968015635,0.0,0.0067732729985436,0.0146587159979389,0.3
core_sarimax_frozen_s42,sarimax,frozen,selected,False,42,18,2025-05-12 01:00:00,2025-05-17 12:00:00,132,4.39,True,True,8.550429877831505,20.061211597441716,28.61164147527322,0.0,0.0067732729985436,0.0146587159979389,0.3
core_sarimax_frozen_s42,sarimax,frozen,selected,False,42,18,2025-05-12 01:00:00,2025-05-17 13:00:00,133,5.46,True,True,9.075369462577612,20.061211597441716,29.136581060019328,0.0,0.0067732729985436,0.0146587159979389,0.3
core_sarimax_frozen_s42,sarimax,frozen,selected,False,42,18,2025-05-12 01:00:00,2025-05-17 14:00:00,134,6.52,True,True,10.246337934894314,20.061211597441716,30.30754953233603,0.0,0.0067732729985436,0.0146587159979389,0.3
core_sarimax_frozen_s42,sarimax,frozen,selected,False,42,18,2025-05-12 01:00:00,2025-05-17 15:00:00,135,7.63,True,True,11.818764702440802,20.061211597441716,31.879976299882518,0.0,0.0067732729985436,0.0146587159979389,0.3
core_sarimax_frozen_s42,sarimax,frozen,selected,False,42,18,2025-05-12 01:00:00,2025-05-17 16:00:00,136,8.39,True,True,12.319765649563465,20.061211597441716,32.38097724700518,0.0,0.0067732729985436,0.0146587159979389,0.3
core_sarimax_frozen_s42,sarimax,frozen,selected,False,42,18,2025-05-12 01:00:00,2025-05-17 17:00:00,137,9.24,True,True,12.64410648438428,20.061211597441716,32.70531808182599,0.0,0.0067732729985436,0.0146587159979389,0.3
core_sarimax_frozen_s42,sarimax,frozen,selected,False,42,18,2025-05-12 01:00:00,2025-05-17 18:00:00,138,10.63,True,True,13.573027111312058,20.061211597441716,33.63423870875377,0.0,0.0067732729985436,0.0146587159979389,0.3
core_sarimax_frozen_s42,sarimax,frozen,selected,False,42,18,2025-05-12 01:00:00,2025-05-17 19:00:00,139,12.19,True,True,14.283295906095615,20.061211597441716,34.34450750353733,0.0,0.0067732729985436,0.0146587159979389,0.3
core_sarimax_frozen_s42,sarimax,frozen,selected,False,42,18,2025-05-12 01:00:00,2025-05-17 20:00:00,140,13.51,True,True,15.193625757089762,20.061211597441716,35.254837354531475,0.0,0.0067732729985436,0.0146587159979389,0.3
core_sarimax_frozen_s42,sarimax,frozen,selected,False,42,18,2025-05-12 01:00:00,2025-05-17 21:00:00,141,15.07,True,True,16.094999750889315,20.061211597441716,36.15621134833103,0.0,0.0067732729985436,0.0146587159979389,0.3
core_sarimax_frozen_s42,sarimax,frozen,selected,False,42,18,2025-05-12 01:00:00,2025-05-17 22:00:00,142,16.71,True,True,16.66849864041322,20.061211597441716,36.72971023785493,0.0,0.0067732729985436,0.0146587159979389,0.3
core_sarimax_frozen_s42,sarimax,frozen,selected,False,42,18,2025-05-12 01:00:00,2025-05-17 23:00:00,143,18.53,True,True,16.752738926259042,20.061211597441716,36.813950523700754,0.0,0.0067732729985436,0.0146587159979389,0.3
core_sarimax_frozen_s42,sarimax,frozen,selected,False,42,18,2025-05-12 01:00:00,2025-05-18 00:00:00,144,20.61,True,True,17.288485497605052,20.061211597441716,37.349697095046764,0.0,0.0067732729985436,0.0146587159979389,0.3
core_sarimax_frozen_s42,sarimax,frozen,selected,False,42,18,2025-05-12 01:00:00,2025-05-18 01:00:00,145,24.64,True,True,17.028827412890394,20.061211597441716,37.090039010332106,0.0,0.0067732729985436,0.0146587159979389,0.3
core_sarimax_frozen_s42,sarimax,frozen,selected,False,42,18,2025-05-12 01:00:00,2025-05-18 02:00:00,146,29.03,True,True,15.555403205068783,20.061211597441716,35.6166148025105,0.0,0.0067732729985436,0.0146587159979389,0.3
core_sarimax_frozen_s42,sarimax,frozen,selected,False,42,18,2025-05-12 01:00:00,2025-05-18 03:00:00,147,35.98,True,True,18.19002575796489,20.061211597441716,38.2512373554066,0.0,0.0067732729985436,0.0146587159979389,0.3
core_sarimax_frozen_s42,sarimax,frozen,selected,False,42,18,2025-05-12 01:00:00,2025-05-18 04:00:00,148,43.15,True,True,22.15832655938371,20.061211597441716,42.21953815682542,0.0,0.0067732729985436,0.0146587159979389,0.3
core_sarimax_frozen_s42,sarimax,frozen,selected,False,42,18,2025-05-12 01:00:00,2025-05-18 05:00:00,149,48.28,True,True,22.580013302313773,20.061211597441716,42.641224899755485,0.0,0.0067732729985436,0.0146587159979389,0.3
core_sarimax_frozen_s42,sarimax,frozen,selected,False,42,18,2025-05-12 01:00:00,2025-05-18 06:00:00,150,50.0,True,True,21.958743796886324,20.061211597441716,42.019955394328036,0.0,0.0067732729985436,0.0146587159979389,0.3
core_sarimax_frozen_s42,sarimax,frozen,selected,False,42,18,2025-05-12 01:00:00,2025-05-18 07:00:00,151,49.48,True,True,20.22891297595916,20.061211597441716,40.290124573400874,0.0,0.0067732729985436,0.0146587159979389,0.3
core_sarimax_frozen_s42,sarimax,frozen,selected,False,42,18,2025-05-12 01:00:00,2025-05-18 08:00:00,152,48.42,True,True,18.53184709600856,20.061211597441716,38.593058693450274,0.0,0.0067732729985436,0.0146587159979389,0.3
core_sarimax_frozen_s42,sarimax,frozen,selected,False,42,18,2025-05-12 01:00:00,2025-05-18 09:00:00,153,49.69,True,True,16.550080176349127,20.061211597441716,36.61129177379084,0.0,0.0067732729985436,0.0146587159979389,0.3
core_sarimax_frozen_s42,sarimax,frozen,selected,False,42,18,2025-05-12 01:00:00,2025-05-18 10:00:00,154,51.97,True,True,14.970815076811448,20.061211597441716,35.03202667425316,0.0,0.0067732729985436,0.0146587159979389,0.3
core_sarimax_frozen_s42,sarimax,frozen,selected,False,42,18,2025-05-12 01:00:00,2025-05-18 11:00:00,155,55.69,True,True,14.767221795113926,20.061211597441716,34.82843339255564,0.0,0.0067732729985436,0.0146587159979389,0.3
core_sarimax_frozen_s42,sarimax,frozen,selected,False,42,18,2025-05-12 01:00:00,2025-05-18 12:00:00,156,60.11,True,True,15.49870771390755,20.061211597441716,35.55991931134926,0.0,0.0067732729985436,0.0146587159979389,0.3
core_sarimax_frozen_s42,sarimax,frozen,selected,False,42,18,2025-05-12 01:00:00,2025-05-18 13:00:00,157,63.29,True,True,16.255122926841153,20.061211597441716,36.316334524282865,0.0,0.0067732729985436,0.0146587159979389,0.3
core_sarimax_frozen_s42,sarimax,frozen,selected,False,42,18,2025-05-12 01:00:00,2025-05-18 14:00:00,158,66.17,True,True,17.87228598101666,20.061211597441716,37.93349757845837,0.0,0.0067732729985436,0.0146587159979389,0.3
core_sarimax_frozen_s42,sarimax,frozen,selected,False,42,18,2025-05-12 01:00:00,2025-05-18 15:00:00,159,69.01,True,True,19.874095221850386,20.061211597441716,39.9353068192921,0.0,0.0067732729985436,0.0146587159979389,0.3
core_sarimax_frozen_s42,sarimax,frozen,selected,False,42,18,2025-05-12 01:00:00,2025-05-18 16:00:00,160,70.53,True,True,20.52787497865492,20.061211597441716,40.58908657609663,0.0,0.0067732729985436,0.0146587159979389,0.3
core_sarimax_frozen_s42,sarimax,frozen,selected,False,42,18,2025-05-12 01:00:00,2025-05-18 17:00:00,161,72.16,True,True,20.730019177596237,20.061211597441716,40.79123077503795,0.0,0.0067732729985436,0.0146587159979389,0.3
core_sarimax_frozen_s42,sarimax,frozen,selected,False,42,18,2025-05-12 01:00:00,2025-05-18 18:00:00,162,73.77,True,True,21.34753442421373,20.061211597441716,41.408746021655446,0.0,0.0067732729985436,0.0146587159979389,0.3
core_sarimax_frozen_s42,sarimax,frozen,selected,False,42,18,2025-05-12 01:00:00,2025-05-18 19:00:00,163,75.17,True,True,21.37932674281234,20.061211597441716,41.44053834025405,0.0,0.0067732729985436,0.0146587159979389,0.3
core_sarimax_frozen_s42,sarimax,frozen,selected,False,42,18,2025-05-12 01:00:00,2025-05-18 20:00:00,164,76.93,True,True,21.96858110174909,20.061211597441716,42.02979269919081,0.0,0.0067732729985436,0.0146587159979389,0.3
core_sarimax_frozen_s42,sarimax,frozen,selected,False,42,18,2025-05-12 01:00:00,2025-05-18 21:00:00,165,78.91,True,True,23.040385290647407,20.061211597441716,43.10159688808912,0.0,0.0067732729985436,0.0146587159979389,0.3
core_sarimax_frozen_s42,sarimax,frozen,selected,False,42,18,2025-05-12 01:00:00,2025-05-18 22:00:00,166,79.54,True,True,24.34382752791055,20.061211597441716,44.40503912535226,0.0,0.0067732729985436,0.0146587159979389,0.3
core_sarimax_frozen_s42,sarimax,frozen,selected,False,42,18,2025-05-12 01:00:00,2025-05-18 23:00:00,167,80.6,True,True,26.46301121404633,20.061211597441716,46.524222811488045,0.0,0.0067732729985436,0.0146587159979389,0.3
core_sarimax_frozen_s42,sarimax,frozen,selected,False,42,18,2025-05-12 01:00:00,2025-05-19 00:00:00,168,83.05,True,True,29.61282244776004,20.061211597441716,49.67403404520175,0.0,0.0067732729985436,0.0146587159979389,0.3
core_sarimax_frozen_s42,sarimax,frozen,selected,False,42,19,2025-05-19 01:00:00,2025-05-19 01:00:00,1,106.21,True,True,87.32617726655647,26.357068080986664,113.68324534754314,0.0,0.0066907250002259,0.0124652029990102,0.3
core_sarimax_frozen_s42,sarimax,frozen,selected,False,42,19,2025-05-19 01:00:00,2025-05-19 02:00:00,2,120.42,True,True,89.98687775213264,26.357068080986664,116.3439458331193,0.0,0.0066907250002259,0.0124652029990102,0.3
core_sarimax_frozen_s42,sarimax,frozen,selected,False,42,19,2025-05-19 01:00:00,2025-05-19 03:00:00,3,134.36,True,True,95.17048681183373,26.357068080986664,121.52755489282039,0.0,0.0066907250002259,0.0124652029990102,0.3
core_sarimax_frozen_s42,sarimax,frozen,selected,False,42,19,2025-05-19 01:00:00,2025-05-19 04:00:00,4,150.03,True,True,93.89525551087355,26.357068080986664,120.25232359186022,0.0,0.0066907250002259,0.0124652029990102,0.3
core_sarimax_frozen_s42,sarimax,frozen,selected,False,42,19,2025-05-19 01:00:00,2025-05-19 05:00:00,5,158.37,True,True,91.42298996024655,26.357068080986664,117.78005804123322,0.0,0.0066907250002259,0.0124652029990102,0.3
core_sarimax_frozen_s42,sarimax,frozen,selected,False,42,19,2025-05-19 01:00:00,2025-05-19 06:00:00,6,165.03,True,True,89.56416726918474,26.357068080986664,115.9212353501714,0.0,0.0066907250002259,0.0124652029990102,0.3
core_sarimax_frozen_s42,sarimax,frozen,selected,False,42,19,2025-05-19 01:00:00,2025-05-19 07:00:00,7,169.88,True,True,86.89148397674464,26.357068080986664,113.2485520577313,0.0,0.0066907250002259,0.0124652029990102,0.3
core_sarimax_frozen_s42,sarimax,frozen,selected,False,42,19,2025-05-19 01:00:00,2025-05-19 08:00:00,8,169.11,True,True,83.31162979715137,26.357068080986664,109.66869787813803,0.0,0.0066907250002259,0.0124652029990102,0.3
core_sarimax_frozen_s42,sarimax,frozen,selected,False,42,19,2025-05-19 01:00:00,2025-05-19 09:00:00,9,165.39,True,True,79.1592205266127,26.357068080986664,105.51628860759936,0.0,0.0066907250002259,0.0124652029990102,0.3
core_sarimax_frozen_s42,sarimax,frozen,selected,False,42,19,2025-05-19 01:00:00,2025-05-19 10:00:00,10,161.09,True,True,75.71862467880041,26.357068080986664,102.07569275978707,0.0,0.0066907250002259,0.0124652029990102,0.3
core_sarimax_frozen_s42,sarimax,frozen,selected,False,42,19,2025-05-19 01:00:00,2025-05-19 11:00:00,11,160.83,True,True,74.20694572387362,26.357068080986664,100.56401380486028,0.0,0.0066907250002259,0.0124652029990102,0.3
core_sarimax_frozen_s42,sarimax,frozen,selected,False,42,19,2025-05-19 01:00:00,2025-05-19 12:00:00,12,163.43,True,True,74.28624182461752,26.357068080986664,100.64330990560418,0.0,0.0066907250002259,0.0124652029990102,0.3
core_sarimax_frozen_s42,sarimax,frozen,selected,False,42,19,2025-05-19 01:00:00,2025-05-19 13:00:00,13,166.63,True,True,74.58840692368645,26.357068080986664,100.94547500467311,0.0,0.0066907250002259,0.0124652029990102,0.3
core_sarimax_frozen_s42,sarimax,frozen,selected,False,42,19,2025-05-19 01:00:00,2025-05-19 14:00:00,14,174.66,True,True,76.84678048868722,26.357068080986664,103.20384856967388,0.0,0.0066907250002259,0.0124652029990102,0.3
core_sarimax_frozen_s42,sarimax,frozen,selected,False,42,19,2025-05-19 01:00:00,2025-05-19 15:00:00,15,184.39,True,True,79.66830341222243,26.357068080986664,106.0253714932091,0.0,0.0066907250002259,0.0124652029990102,0.3
core_sarimax_frozen_s42,sarimax,frozen,selected,False,42,19,2025-05-19 01:00:00,2025-05-19 16:00:00,16,188.7,True,True,80.18174349971096,26.357068080986664,106.53881158069763,0.0,0.0066907250002259,0.0124652029990102,0.3
core_sarimax_frozen_s42,sarimax,frozen,selected,False,42,19,2025-05-19 01:00:00,2025-05-19 17:00:00,17,191.52,True,True,79.74850171124578,26.357068080986664,106.10556979223244,0.0,0.0066907250002259,0.0124652029990102,0.3
core_sarimax_frozen_s42,sarimax,frozen,selected,False,42,19,2025-05-19 01:00:00,2025-05-19 18:00:00,18,192.55,True,True,79.2965934061935,26.357068080986664,105.65366148718016,0.0,0.0066907250002259,0.0124652029990102,0.3
core_sarimax_frozen_s42,sarimax,frozen,selected,False,42,19,2025-05-19 01:00:00,2025-05-19 19:00:00,19,192.69,True,True,78.40111258767928,26.357068080986664,104.75818066866594,0.0,0.0066907250002259,0.0124652029990102,0.3
core_sarimax_frozen_s42,sarimax,frozen,selected,False,42,19,2025-05-19 01:00:00,2025-05-19 20:00:00,20,195.21,True,True,80.56734736461146,26.357068080986664,106.92441544559813,0.0,0.0066907250002259,0.0124652029990102,0.3
core_sarimax_frozen_s42,sarimax,frozen,selected,False,42,19,2025-05-19 01:00:00,2025-05-19 21:00:00,21,199.0,True,True,83.13353551222613,26.357068080986664,109.4906035932128,0.0,0.0066907250002259,0.0124652029990102,0.3
core_sarimax_frozen_s42,sarimax,frozen,selected,False,42,19,2025-05-19 01:00:00,2025-05-19 22:00:00,22,200.71,True,True,85.05943294694467,26.357068080986664,111.41650102793133,0.0,0.0066907250002259,0.0124652029990102,0.3
core_sarimax_frozen_s42,sarimax,frozen,selected,False,42,19,2025-05-19 01:00:00,2025-05-19 23:00:00,23,202.4,True,True,86.62050868147219,26.357068080986664,112.97757676245885,0.0,0.0066907250002259,0.0124652029990102,0.3
core_sarimax_frozen_s42,sarimax,frozen,selected,False,42,19,2025-05-19 01:00:00,2025-05-20 00:00:00,24,207.16,True,True,88.26391123959112,26.357068080986664,114.62097932057779,0.0,0.0066907250002259,0.0124652029990102,0.3
core_sarimax_frozen_s42,sarimax,frozen,selected,False,42,19,2025-05-19 01:00:00,2025-05-20 01:00:00,25,217.86,True,True,90.12808661165695,26.357068080986664,116.48515469264362,0.0,0.0066907250002259,0.0124652029990102,0.3
core_sarimax_frozen_s42,sarimax,frozen,selected,False,42,19,2025-05-19 01:00:00,2025-05-20 02:00:00,26,224.36,True,True,90.38714764127346,26.357068080986664,116.74421572226012,0.0,0.0066907250002259,0.0124652029990102,0.3
core_sarimax_frozen_s42,sarimax,frozen,selected,False,42,19,2025-05-19 01:00:00,2025-05-20 03:00:00,27,234.96,True,True,94.23173247211082,26.357068080986664,120.58880055309749,0.0,0.0066907250002259,0.0124652029990102,0.3
core_sarimax_frozen_s42,sarimax,frozen,selected,False,42,19,2025-05-19 01:00:00,2025-05-20 04:00:00,28,244.15,True,True,92.1236356183792,26.357068080986664,118.48070369936586,0.0,0.0066907250002259,0.0124652029990102,0.3
core_sarimax_frozen_s42,sarimax,frozen,selected,False,42,19,2025-05-19 01:00:00,2025-05-20 05:00:00,29,248.93,True,True,87.17645190697047,26.357068080986664,113.53351998795713,0.0,0.0066907250002259,0.0124652029990102,0.3
core_sarimax_frozen_s42,sarimax,frozen,selected,False,42,19,2025-05-19 01:00:00,2025-05-20 06:00:00,30,248.07,True,True,84.42751052992318,26.357068080986664,110.78457861090985,0.0,0.0066907250002259,0.0124652029990102,0.3
core_sarimax_frozen_s42,sarimax,frozen,selected,False,42,19,2025-05-19 01:00:00,2025-05-20 07:00:00,31,241.33,True,True,80.82733000965561,26.357068080986664,107.18439809064228,0.0,0.0066907250002259,0.0124652029990102,0.3
core_sarimax_frozen_s42,sarimax,frozen,selected,False,42,19,2025-05-19 01:00:00,2025-05-20 08:00:00,32,235.59,True,True,77.27890588966878,26.357068080986664,103.63597397065544,0.0,0.0066907250002259,0.0124652029990102,0.3
core_sarimax_frozen_s42,sarimax,frozen,selected,False,42,19,2025-05-19 01:00:00,2025-05-20 09:00:00,33,232.31,True,True,74.3645755687505,26.357068080986664,100.72164364973716,0.0,0.0066907250002259,0.0124652029990102,0.3
core_sarimax_frozen_s42,sarimax,frozen,selected,False,42,19,2025-05-19 01:00:00,2025-05-20 10:00:00,34,235.85,True,True,73.36909896393232,26.357068080986664,99.72616704491898,0.0,0.0066907250002259,0.0124652029990102,0.3
core_sarimax_frozen_s42,sarimax,frozen,selected,False,42,19,2025-05-19 01:00:00,2025-05-20 11:00:00,35,241.27,True,True,74.86832560896568,26.357068080986664,101.22539368995234,0.0,0.0066907250002259,0.0124652029990102,0.3
core_sarimax_frozen_s42,sarimax,frozen,selected,False,42,19,2025-05-19 01:00:00,2025-05-20 12:00:00,36,248.47,True,True,77.37199578521628,26.357068080986664,103.72906386620295,0.0,0.0066907250002259,0.0124652029990102,0.3
core_sarimax_frozen_s42,sarimax,frozen,selected,False,42,19,2025-05-19 01:00:00,2025-05-20 13:00:00,37,252.48,True,True,78.77112547670765,26.357068080986664,105.12819355769432,0.0,0.0066907250002259,0.0124652029990102,0.3
core_sarimax_frozen_s42,sarimax,frozen,selected,False,42,19,2025-05-19 01:00:00,2025-05-20 14:00:00,38,255.56,True,True,80.8474795372706,26.357068080986664,107.20454761825727,0.0,0.0066907250002259,0.0124652029990102,0.3
core_sarimax_frozen_s42,sarimax,frozen,selected,False,42,19,2025-05-19 01:00:00,2025-05-20 15:00:00,39,252.79,True,True,82.84400403220079,26.357068080986664,109.20107211318745,0.0,0.0066907250002259,0.0124652029990102,0.3
core_sarimax_frozen_s42,sarimax,frozen,selected,False,42,19,2025-05-19 01:00:00,2025-05-20 16:00:00,40,235.97,True,True,81.23107508717473,26.357068080986664,107.5881431681614,0.0,0.0066907250002259,0.0124652029990102,0.3
core_sarimax_frozen_s42,sarimax,frozen,selected,False,42,19,2025-05-19 01:00:00,2025-05-20 17:00:00,41,221.36,True,True,80.93412583994828,26.357068080986664,107.29119392093494,0.0,0.0066907250002259,0.0124652029990102,0.3
core_sarimax_frozen_s42,sarimax,frozen,selected,False,42,19,2025-05-19 01:00:00,2025-05-20 18:00:00,42,203.64,True,True,80.09966630307989,26.357068080986664,106.45673438406655,0.0,0.0066907250002259,0.0124652029990102,0.3
core_sarimax_frozen_s42,sarimax,frozen,selected,False,42,19,2025-05-19 01:00:00,2025-05-20 19:00:00,43,183.0,True,True,74.92683673738733,26.357068080986664,101.283904818374,0.0,0.0066907250002259,0.0124652029990102,0.3
core_sarimax_frozen_s42,sarimax,frozen,selected,False,42,19,2025-05-19 01:00:00,2025-05-20 20:00:00,44,176.9,True,True,71.89382056266811,26.357068080986664,98.25088864365478,0.0,0.0066907250002259,0.0124652029990102,0.3
core_sarimax_frozen_s42,sarimax,frozen,selected,False,42,19,2025-05-19 01:00:00,2025-05-20 21:00:00,45,180.99,True,True,68.83124999820498,26.357068080986664,95.18831807919165,0.0,0.0066907250002259,0.0124652029990102,0.3
core_sarimax_frozen_s42,sarimax,frozen,selected,False,42,19,2025-05-19 01:00:00,2025-05-20 22:00:00,46,185.2,True,True,64.50926840545853,26.357068080986664,90.86633648644519,0.0,0.0066907250002259,0.0124652029990102,0.3
core_sarimax_frozen_s42,sarimax,frozen,selected,False,42,19,2025-05-19 01:00:00,2025-05-20 23:00:00,47,190.97,True,True,62.75284807847058,26.357068080986664,89.10991615945724,0.0,0.0066907250002259,0.0124652029990102,0.3
core_sarimax_frozen_s42,sarimax,frozen,selected,False,42,19,2025-05-19 01:00:00,2025-05-21 00:00:00,48,197.37,True,True,63.33381092185528,26.357068080986664,89.69087900284194,0.0,0.0066907250002259,0.0124652029990102,0.3
core_sarimax_frozen_s42,sarimax,frozen,selected,False,42,19,2025-05-19 01:00:00,2025-05-21 01:00:00,49,193.42,True,True,65.35565257107757,26.357068080986664,91.71272065206423,0.0,0.0066907250002259,0.0124652029990102,0.3
core_sarimax_frozen_s42,sarimax,frozen,selected,False,42,19,2025-05-19 01:00:00,2025-05-21 02:00:00,50,176.81,True,True,65.80439777004287,26.357068080986664,92.16146585102953,0.0,0.0066907250002259,0.0124652029990102,0.3
core_sarimax_frozen_s42,sarimax,frozen,selected,False,42,19,2025-05-19 01:00:00,2025-05-21 03:00:00,51,157.6,True,True,68.57065305934,26.357068080986664,94.92772114032667,0.0,0.0066907250002259,0.0124652029990102,0.3
core_sarimax_frozen_s42,sarimax,frozen,selected,False,42,19,2025-05-19 01:00:00,2025-05-21 04:00:00,52,141.83,True,True,71.68441343556381,26.357068080986664,98.04148151655048,0.0,0.0066907250002259,0.0124652029990102,0.3
core_sarimax_frozen_s42,sarimax,frozen,selected,False,42,19,2025-05-19 01:00:00,2025-05-21 05:00:00,53,127.85,True,True,69.60157792003571,26.357068080986664,95.95864600102237,0.0,0.0066907250002259,0.0124652029990102,0.3
core_sarimax_frozen_s42,sarimax,frozen,selected,False,42,19,2025-05-19 01:00:00,2025-05-21 06:00:00,54,112.63,True,True,65.34889538801391,26.357068080986664,91.70596346900058,0.0,0.0066907250002259,0.0124652029990102,0.3
core_sarimax_frozen_s42,sarimax,frozen,selected,False,42,19,2025-05-19 01:00:00,2025-05-21 07:00:00,55,100.55,True,True,59.90983680121357,26.357068080986664,86.26690488220024,0.0,0.0066907250002259,0.0124652029990102,0.3
core_sarimax_frozen_s42,sarimax,frozen,selected,False,42,19,2025-05-19 01:00:00,2025-05-21 08:00:00,56,87.82,True,True,53.9450579446158,26.357068080986664,80.30212602560246,0.0,0.0066907250002259,0.0124652029990102,0.3
core_sarimax_frozen_s42,sarimax,frozen,selected,False,42,19,2025-05-19 01:00:00,2025-05-21 09:00:00,57,72.32,True,True,47.868105241125534,26.357068080986664,74.2251733221122,0.0,0.0066907250002259,0.0124652029990102,0.3
core_sarimax_frozen_s42,sarimax,frozen,selected,False,42,19,2025-05-19 01:00:00,2025-05-21 10:00:00,58,57.66,True,True,41.92647821430265,26.357068080986664,68.28354629528931,0.0,0.0066907250002259,0.0124652029990102,0.3
core_sarimax_frozen_s42,sarimax,frozen,selected,False,42,19,2025-05-19 01:00:00,2025-05-21 11:00:00,59,47.97,True,True,37.63503973947476,26.357068080986664,63.99210782046143,0.0,0.0066907250002259,0.0124652029990102,0.3
core_sarimax_frozen_s42,sarimax,frozen,selected,False,42,19,2025-05-19 01:00:00,2025-05-21 12:00:00,60,40.63,True,True,34.913698313140884,26.357068080986664,61.27076639412755,0.0,0.0066907250002259,0.0124652029990102,0.3
core_sarimax_frozen_s42,sarimax,frozen,selected,False,42,19,2025-05-19 01:00:00,2025-05-21 13:00:00,61,34.79,True,True,32.73481385809865,26.357068080986664,59.09188193908531,0.0,0.0066907250002259,0.0124652029990102,0.3
core_sarimax_frozen_s42,sarimax,frozen,selected,False,42,19,2025-05-19 01:00:00,2025-05-21 14:00:00,62,32.57,True,True,32.64734872280292,26.357068080986664,59.00441680378958,0.0,0.0066907250002259,0.0124652029990102,0.3
core_sarimax_frozen_s42,sarimax,frozen,selected,False,42,19,2025-05-19 01:00:00,2025-05-21 15:00:00,63,32.98,True,True,34.11053557532904,26.357068080986664,60.4676036563157,0.0,0.0066907250002259,0.0124652029990102,0.3
core_sarimax_frozen_s42,sarimax,frozen,selected,False,42,19,2025-05-19 01:00:00,2025-05-21 16:00:00,64,34.16,True,True,35.60064249336506,26.357068080986664,61.95771057435172,0.0,0.0066907250002259,0.0124652029990102,0.3
core_sarimax_frozen_s42,sarimax,frozen,selected,False,42,19,2025-05-19 01:00:00,2025-05-21 17:00:00,65,36.09,True,True,37.23073996955924,26.357068080986664,63.5878080505459,0.0,0.0066907250002259,0.0124652029990102,0.3
core_sarimax_frozen_s42,sarimax,frozen,selected,False,42,19,2025-05-19 01:00:00,2025-05-21 18:00:00,66,39.22,True,True,39.17407087334405,26.357068080986664,65.53113895433071,0.0,0.0066907250002259,0.0124652029990102,0.3
core_sarimax_frozen_s42,sarimax,frozen,selected,False,42,19,2025-05-19 01:00:00,2025-05-21 19:00:00,67,43.18,True,True,40.69603870391481,26.357068080986664,67.05310678490147,0.0,0.0066907250002259,0.0124652029990102,0.3
core_sarimax_frozen_s42,sarimax,frozen,selected,False,42,19,2025-05-19 01:00:00,2025-05-21 20:00:00,68,47.18,True,True,43.371195600854975,26.357068080986664,69.72826368184164,0.0,0.0066907250002259,0.0124652029990102,0.3
core_sarimax_frozen_s42,sarimax,frozen,selected,False,42,19,2025-05-19 01:00:00,2025-05-21 21:00:00,69,51.07,True,True,44.925510178339465,26.357068080986664,71.28257825932613,0.0,0.0066907250002259,0.0124652029990102,0.3
core_sarimax_frozen_s42,sarimax,frozen,selected,False,42,19,2025-05-19 01:00:00,2025-05-21 22:00:00,70,54.83,True,True,45.00227452723598,26.357068080986664,71.35934260822265,0.0,0.0066907250002259,0.0124652029990102,0.3
core_sarimax_frozen_s42,sarimax,frozen,selected,False,42,19,2025-05-19 01:00:00,2025-05-21 23:00:00,71,59.2,True,True,45.715414746656336,26.357068080986664,72.072482827643,0.0,0.0066907250002259,0.0124652029990102,0.3
core_sarimax_frozen_s42,sarimax,frozen,selected,False,42,19,2025-05-19 01:00:00,2025-05-22 00:00:00,72,63.88,True,True,47.794676179231686,26.357068080986664,74.15174426021835,0.0,0.0066907250002259,0.0124652029990102,0.3
core_sarimax_frozen_s42,sarimax,frozen,selected,False,42,19,2025-05-19 01:00:00,2025-05-22 01:00:00,73,73.72,True,True,53.31348078591319,26.357068080986664,79.67054886689985,0.0,0.0066907250002259,0.0124652029990102,0.3
core_sarimax_frozen_s42,sarimax,frozen,selected,False,42,19,2025-05-19 01:00:00,2025-05-22 02:00:00,74,73.79,True,True,56.08701538571023,26.357068080986664,82.4440834666969,0.0,0.0066907250002259,0.0124652029990102,0.3
core_sarimax_frozen_s42,sarimax,frozen,selected,False,42,19,2025-05-19 01:00:00,2025-05-22 03:00:00,75,69.67,True,True,61.41369243864352,26.357068080986664,87.77076051963019,0.0,0.0066907250002259,0.0124652029990102,0.3
core_sarimax_frozen_s42,sarimax,frozen,selected,False,42,19,2025-05-19 01:00:00,2025-05-22 04:00:00,76,53.7,True,True,62.721713190317104,26.357068080986664,89.07878127130377,0.0,0.0066907250002259,0.0124652029990102,0.3
core_sarimax_frozen_s42,sarimax,frozen,selected,False,42,19,2025-05-19 01:00:00,2025-05-22 05:00:00,77,39.75,True,True,62.53547608022544,26.357068080986664,88.8925441612121,0.0,0.0066907250002259,0.0124652029990102,0.3
core_sarimax_frozen_s42,sarimax,frozen,selected,False,42,19,2025-05-19 01:00:00,2025-05-22 06:00:00,78,32.66,True,True,63.81110953629479,26.357068080986664,90.16817761728146,0.0,0.0066907250002259,0.0124652029990102,0.3
core_sarimax_frozen_s42,sarimax,frozen,selected,False,42,19,2025-05-19 01:00:00,2025-05-22 07:00:00,79,30.01,True,True,64.45693402250433,26.357068080986664,90.81400210349099,0.0,0.0066907250002259,0.0124652029990102,0.3
core_sarimax_frozen_s42,sarimax,frozen,selected,False,42,19,2025-05-19 01:00:00,2025-05-22 08:00:00,80,29.59,True,True,63.801880557940905,26.357068080986664,90.15894863892757,0.0,0.0066907250002259,0.0124652029990102,0.3
core_sarimax_frozen_s42,sarimax,frozen,selected,False,42,19,2025-05-19 01:00:00,2025-05-22 09:00:00,81,28.73,True,True,60.87907373761587,26.357068080986664,87.23614181860253,0.0,0.0066907250002259,0.0124652029990102,0.3
core_sarimax_frozen_s42,sarimax,frozen,selected,False,42,19,2025-05-19 01:00:00,2025-05-22 10:00:00,82,26.27,True,True,54.69377048830688,26.357068080986664,81.05083856929355,0.0,0.0066907250002259,0.0124652029990102,0.3
core_sarimax_frozen_s42,sarimax,frozen,selected,False,42,19,2025-05-19 01:00:00,2025-05-22 11:00:00,83,23.29,True,True,48.60445405187989,26.357068080986664,74.96152213286655,0.0,0.0066907250002259,0.0124652029990102,0.3
core_sarimax_frozen_s42,sarimax,frozen,selected,False,42,19,2025-05-19 01:00:00,2025-05-22 12:00:00,84,20.54,True,True,43.651662961358,26.357068080986664,70.00873104234466,0.0,0.0066907250002259,0.0124652029990102,0.3
core_sarimax_frozen_s42,sarimax,frozen,selected,False,42,19,2025-05-19 01:00:00,2025-05-22 13:00:00,85,19.19,True,True,39.9033064355817,26.357068080986664,66.26037451656836,0.0,0.0066907250002259,0.0124652029990102,0.3
core_sarimax_frozen_s42,sarimax,frozen,selected,False,42,19,2025-05-19 01:00:00,2025-05-22 14:00:00,86,18.8,True,True,39.086874193898666,26.357068080986664,65.44394227488533,0.0,0.0066907250002259,0.0124652029990102,0.3
core_sarimax_frozen_s42,sarimax,frozen,selected,False,42,19,2025-05-19 01:00:00,2025-05-22 15:00:00,87,18.92,True,True,39.49263520010157,26.357068080986664,65.84970328108824,0.0,0.0066907250002259,0.0124652029990102,0.3
core_sarimax_frozen_s42,sarimax,frozen,selected,False,42,19,2025-05-19 01:00:00,2025-05-22 16:00:00,88,19.72,True,True,39.978259780066026,26.357068080986664,66.33532786105269,0.0,0.0066907250002259,0.0124652029990102,0.3
core_sarimax_frozen_s42,sarimax,frozen,selected,False,42,19,2025-05-19 01:00:00,2025-05-22 17:00:00,89,21.6,True,True,41.14593641140007,26.357068080986664,67.50300449238674,0.0,0.0066907250002259,0.0124652029990102,0.3
core_sarimax_frozen_s42,sarimax,frozen,selected,False,42,19,2025-05-19 01:00:00,2025-05-22 18:00:00,90,23.58,True,True,42.60835021549983,26.357068080986664,68.96541829648649,0.0,0.0066907250002259,0.0124652029990102,0.3
core_sarimax_frozen_s42,sarimax,frozen,selected,False,42,19,2025-05-19 01:00:00,2025-05-22 19:00:00,91,25.79,True,True,43.411480381571664,26.357068080986664,69.76854846255833,0.0,0.0066907250002259,0.0124652029990102,0.3
core_sarimax_frozen_s42,sarimax,frozen,selected,False,42,19,2025-05-19 01:00:00,2025-05-22 20:00:00,92,28.15,True,True,45.254329283192334,26.357068080986664,71.611397364179,0.0,0.0066907250002259,0.0124652029990102,0.3
core_sarimax_frozen_s42,sarimax,frozen,selected,False,42,19,2025-05-19 01:00:00,2025-05-22 21:00:00,93,30.46,True,True,46.11092886409759,26.357068080986664,72.46799694508425,0.0,0.0066907250002259,0.0124652029990102,0.3
core_sarimax_frozen_s42,sarimax,frozen,selected,False,42,19,2025-05-19 01:00:00,2025-05-22 22:00:00,94,32.33,True,True,45.25314632669915,26.357068080986664,71.61021440768582,0.0,0.0066907250002259,0.0124652029990102,0.3
core_sarimax_frozen_s42,sarimax,frozen,selected,False,42,19,2025-05-19 01:00:00,2025-05-22 23:00:00,95,32.66,True,True,42.98401062018689,26.357068080986664,69.34107870117356,0.0,0.0066907250002259,0.0124652029990102,0.3
core_sarimax_frozen_s42,sarimax,frozen,selected,False,42,19,2025-05-19 01:00:00,2025-05-23 00:00:00,96,30.51,True,True,40.18525916542043,26.357068080986664,66.5423272464071,0.0,0.0066907250002259,0.0124652029990102,0.3
core_sarimax_frozen_s42,sarimax,frozen,selected,False,42,19,2025-05-19 01:00:00,2025-05-23 01:00:00,97,27.16,True,True,38.94465979019327,26.357068080986664,65.30172787117993,0.0,0.0066907250002259,0.0124652029990102,0.3
core_sarimax_frozen_s42,sarimax,frozen,selected,False,42,19,2025-05-19 01:00:00,2025-05-23 02:00:00,98,23.62,True,True,37.08013803505477,26.357068080986664,63.43720611604144,0.0,0.0066907250002259,0.0124652029990102,0.3
core_sarimax_frozen_s42,sarimax,frozen,selected,False,42,19,2025-05-19 01:00:00,2025-05-23 03:00:00,99,20.2,True,True,38.79905357697956,26.357068080986664,65.15612165796622,0.0,0.0066907250002259,0.0124652029990102,0.3
core_sarimax_frozen_s42,sarimax,frozen,selected,False,42,19,2025-05-19 01:00:00,2025-05-23 04:00:00,100,13.57,True,True,39.64162689763327,26.357068080986664,65.99869497861994,0.0,0.0066907250002259,0.0124652029990102,0.3
core_sarimax_frozen_s42,sarimax,frozen,selected,False,42,19,2025-05-19 01:00:00,2025-05-23 05:00:00,101,11.08,True,True,38.87617746712692,26.357068080986664,65.23324554811359,0.0,0.0066907250002259,0.0124652029990102,0.3
core_sarimax_frozen_s42,sarimax,frozen,selected,False,42,19,2025-05-19 01:00:00,2025-05-23 06:00:00,102,10.87,True,True,38.99099881885161,26.357068080986664,65.34806689983827,0.0,0.0066907250002259,0.0124652029990102,0.3
core_sarimax_frozen_s42,sarimax,frozen,selected,False,42,19,2025-05-19 01:00:00,2025-05-23 07:00:00,103,11.57,True,True,38.76782603342676,26.357068080986664,65.12489411441342,0.0,0.0066907250002259,0.0124652029990102,0.3
core_sarimax_frozen_s42,sarimax,frozen,selected,False,42,19,2025-05-19 01:00:00,2025-05-23 08:00:00,104,12.49,True,True,38.16913836935427,26.357068080986664,64.52620645034094,0.0,0.0066907250002259,0.0124652029990102,0.3
core_sarimax_frozen_s42,sarimax,frozen,selected,False,42,19,2025-05-19 01:00:00,2025-05-23 09:00:00,105,13.52,True,True,36.947689427214016,26.357068080986664,63.30475750820068,0.0,0.0066907250002259,0.0124652029990102,0.3
core_sarimax_frozen_s42,sarimax,frozen,selected,False,42,19,2025-05-19 01:00:00,2025-05-23 10:00:00,106,15.21,True,True,36.10191877171073,26.357068080986664,62.45898685269739,0.0,0.0066907250002259,0.0124652029990102,0.3
core_sarimax_frozen_s42,sarimax,frozen,selected,False,42,19,2025-05-19 01:00:00,2025-05-23 11:00:00,107,16.57,True,True,36.15983550884721,26.357068080986664,62.51690358983387,0.0,0.0066907250002259,0.0124652029990102,0.3
core_sarimax_frozen_s42,sarimax,frozen,selected,False,42,19,2025-05-19 01:00:00,2025-05-23 12:00:00,108,17.55,True,True,36.33909831657056,26.357068080986664,62.69616639755723,0.0,0.0066907250002259,0.0124652029990102,0.3
core_sarimax_frozen_s42,sarimax,frozen,selected,False,42,19,2025-05-19 01:00:00,2025-05-23 13:00:00,109,18.58,True,True,36.16513631571036,26.357068080986664,62.52220439669703,0.0,0.0066907250002259,0.0124652029990102,0.3
core_sarimax_frozen_s42,sarimax,frozen,selected,False,42,19,2025-05-19 01:00:00,2025-05-23 14:00:00,110,20.24,True,True,37.00419619906938,26.357068080986664,63.36126428005605,0.0,0.0066907250002259,0.0124652029990102,0.3
core_sarimax_frozen_s42,sarimax,frozen,selected,False,42,19,2025-05-19 01:00:00,2025-05-23 15:00:00,111,21.72,True,True,38.30946312907855,26.357068080986664,64.66653121006522,0.0,0.0066907250002259,0.0124652029990102,0.3
core_sarimax_frozen_s42,sarimax,frozen,selected,False,42,19,2025-05-19 01:00:00,2025-05-23 16:00:00,112,22.19,True,True,38.47465272082195,26.357068080986664,64.83172080180861,0.0,0.0066907250002259,0.0124652029990102,0.3
core_sarimax_frozen_s42,sarimax,frozen,selected,False,42,19,2025-05-19 01:00:00,2025-05-23 17:00:00,113,22.27,True,True,38.31071657193655,26.357068080986664,64.66778465292322,0.0,0.0066907250002259,0.0124652029990102,0.3
core_sarimax_frozen_s42,sarimax,frozen,selected,False,42,19,2025-05-19 01:00:00,2025-05-23 18:00:00,114,21.94,True,True,37.90969786070042,26.357068080986664,64.26676594168708,0.0,0.0066907250002259,0.0124652029990102,0.3
core_sarimax_frozen_s42,sarimax,frozen,selected,False,42,19,2025-05-19 01:00:00,2025-05-23 19:00:00,115,21.13,True,True,36.746601107405496,26.357068080986664,63.10366918839216,0.0,0.0066907250002259,0.0124652029990102,0.3
core_sarimax_frozen_s42,sarimax,frozen,selected,False,42,19,2025-05-19 01:00:00,2025-05-23 20:00:00,116,20.2,True,True,36.95090246379581,26.357068080986664,63.30797054478248,0.0,0.0066907250002259,0.0124652029990102,0.3
core_sarimax_frozen_s42,sarimax,frozen,selected,False,42,19,2025-05-19 01:00:00,2025-05-23 21:00:00,117,19.07,True,True,36.1526408781225,26.357068080986664,62.50970895910916,0.0,0.0066907250002259,0.0124652029990102,0.3
core_sarimax_frozen_s42,sarimax,frozen,selected,False,42,19,2025-05-19 01:00:00,2025-05-23 22:00:00,118,17.49,True,True,33.61402534959612,26.357068080986664,59.97109343058278,0.0,0.0066907250002259,0.0124652029990102,0.3
core_sarimax_frozen_s42,sarimax,frozen,selected,False,42,19,2025-05-19 01:00:00,2025-05-23 23:00:00,119,16.28,True,True,30.63046481639941,26.357068080986664,56.987532897386075,0.0,0.0066907250002259,0.0124652029990102,0.3
core_sarimax_frozen_s42,sarimax,frozen,selected,False,42,19,2025-05-19 01:00:00,2025-05-24 00:00:00,120,15.78,True,True,28.582373180445984,26.357068080986664,54.93944126143265,0.0,0.0066907250002259,0.0124652029990102,0.3
core_sarimax_frozen_s42,sarimax,frozen,selected,False,42,19,2025-05-19 01:00:00,2025-05-24 01:00:00,121,15.27,True,True,27.651270688545992,26.357068080986664,54.008338769532656,0.0,0.0066907250002259,0.0124652029990102,0.3
core_sarimax_frozen_s42,sarimax,frozen,selected,False,42,19,2025-05-19 01:00:00,2025-05-24 02:00:00,122,16.66,True,True,26.43335405920277,26.357068080986664,52.790422140189435,0.0,0.0066907250002259,0.0124652029990102,0.3
core_sarimax_frozen_s42,sarimax,frozen,selected,False,42,19,2025-05-19 01:00:00,2025-05-24 03:00:00,123,21.0,True,True,29.25010035964812,26.357068080986664,55.60716844063478,0.0,0.0066907250002259,0.0124652029990102,0.3
core_sarimax_frozen_s42,sarimax,frozen,selected,False,42,19,2025-05-19 01:00:00,2025-05-24 04:00:00,124,8.1,True,True,26.089444356368915,26.357068080986664,52.44651243735558,0.0,0.0066907250002259,0.0124652029990102,0.3
core_sarimax_frozen_s42,sarimax,frozen,selected,False,42,19,2025-05-19 01:00:00,2025-05-24 05:00:00,125,6.35,True,True,26.31338414603684,26.357068080986664,52.6704522270235,0.0,0.0066907250002259,0.0124652029990102,0.3
core_sarimax_frozen_s42,sarimax,frozen,selected,False,42,19,2025-05-19 01:00:00,2025-05-24 06:00:00,126,6.48,True,True,26.34721778607656,26.357068080986664,52.70428586706322,0.0,0.0066907250002259,0.0124652029990102,0.3
core_sarimax_frozen_s42,sarimax,frozen,selected,False,42,19,2025-05-19 01:00:00,2025-05-24 07:00:00,127,7.06,True,True,25.183025818306504,26.357068080986664,51.54009389929317,0.0,0.0066907250002259,0.0124652029990102,0.3
core_sarimax_frozen_s42,sarimax,frozen,selected,False,42,19,2025-05-19 01:00:00,2025-05-24 08:00:00,128,8.02,True,True,23.72759167842878,26.357068080986664,50.084659759415445,0.0,0.0066907250002259,0.0124652029990102,0.3
core_sarimax_frozen_s42,sarimax,frozen,selected,False,42,19,2025-05-19 01:00:00,2025-05-24 09:00:00,129,8.71,True,True,21.93806051580691,26.357068080986664,48.295128596793575,0.0,0.0066907250002259,0.0124652029990102,0.3
core_sarimax_frozen_s42,sarimax,frozen,selected,False,42,19,2025-05-19 01:00:00,2025-05-24 10:00:00,130,9.36,True,True,19.709001231829006,26.357068080986664,46.06606931281567,0.0,0.0066907250002259,0.0124652029990102,0.3
core_sarimax_frozen_s42,sarimax,frozen,selected,False,42,19,2025-05-19 01:00:00,2025-05-24 11:00:00,131,9.98,True,True,18.285170862209668,26.357068080986664,44.64223894319633,0.0,0.0066907250002259,0.0124652029990102,0.3
core_sarimax_frozen_s42,sarimax,frozen,selected,False,42,19,2025-05-19 01:00:00,2025-05-24 12:00:00,132,10.31,True,True,17.685023983410815,26.357068080986664,44.04209206439748,0.0,0.0066907250002259,0.0124652029990102,0.3
core_sarimax_frozen_s42,sarimax,frozen,selected,False,42,19,2025-05-19 01:00:00,2025-05-24 13:00:00,133,10.45,True,True,17.27707739136497,26.357068080986664,43.63414547235163,0.0,0.0066907250002259,0.0124652029990102,0.3
core_sarimax_frozen_s42,sarimax,frozen,selected,False,42,19,2025-05-19 01:00:00,2025-05-24 14:00:00,134,10.93,True,True,17.79738007462194,26.357068080986664,44.154448155608605,0.0,0.0066907250002259,0.0124652029990102,0.3
core_sarimax_frozen_s42,sarimax,frozen,selected,False,42,19,2025-05-19 01:00:00,2025-05-24 15:00:00,135,12.21,True,True,18.988236603072774,26.357068080986664,45.34530468405944,0.0,0.0066907250002259,0.0124652029990102,0.3
core_sarimax_frozen_s42,sarimax,frozen,selected,False,42,19,2025-05-19 01:00:00,2025-05-24 16:00:00,136,14.99,True,True,19.96065654338329,26.357068080986664,46.31772462436996,0.0,0.0066907250002259,0.0124652029990102,0.3
core_sarimax_frozen_s42,sarimax,frozen,selected,False,42,19,2025-05-19 01:00:00,2025-05-24 17:00:00,137,20.75,True,True,21.63912609420018,26.357068080986664,47.996194175186844,0.0,0.0066907250002259,0.0124652029990102,0.3
core_sarimax_frozen_s42,sarimax,frozen,selected,False,42,19,2025-05-19 01:00:00,2025-05-24 18:00:00,138,28.33,True,True,24.029088421275816,26.357068080986664,50.38615650226248,0.0,0.0066907250002259,0.0124652029990102,0.3
core_sarimax_frozen_s42,sarimax,frozen,selected,False,42,19,2025-05-19 01:00:00,2025-05-24 19:00:00,139,33.88,True,True,25.500798955073293,26.357068080986664,51.85786703605996,0.0,0.0066907250002259,0.0124652029990102,0.3
core_sarimax_frozen_s42,sarimax,frozen,selected,False,42,19,2025-05-19 01:00:00,2025-05-24 20:00:00,140,36.17,True,True,27.43069658819797,26.357068080986664,53.78776466918464,0.0,0.0066907250002259,0.0124652029990102,0.3
core_sarimax_frozen_s42,sarimax,frozen,selected,False,42,19,2025-05-19 01:00:00,2025-05-24 21:00:00,141,37.23,True,True,27.941210646140348,26.357068080986664,54.29827872712701,0.0,0.0066907250002259,0.0124652029990102,0.3
core_sarimax_frozen_s42,sarimax,frozen,selected,False,42,19,2025-05-19 01:00:00,2025-05-24 22:00:00,142,36.97,True,True,26.59488510781162,26.357068080986664,52.951953188798285,0.0,0.0066907250002259,0.0124652029990102,0.3
core_sarimax_frozen_s42,sarimax,frozen,selected,False,42,19,2025-05-19 01:00:00,2025-05-24 23:00:00,143,36.1,True,True,24.453388772065157,26.357068080986664,50.81045685305182,0.0,0.0066907250002259,0.0124652029990102,0.3
core_sarimax_frozen_s42,sarimax,frozen,selected,False,42,19,2025-05-19 01:00:00,2025-05-25 00:00:00,144,36.23,True,True,23.325191312004392,26.357068080986664,49.68225939299106,0.0,0.0066907250002259,0.0124652029990102,0.3
core_sarimax_frozen_s42,sarimax,frozen,selected,False,42,19,2025-05-19 01:00:00,2025-05-25 01:00:00,145,38.53,True,True,25.88538041059803,26.357068080986664,52.242448491584696,0.0,0.0066907250002259,0.0124652029990102,0.3
core_sarimax_frozen_s42,sarimax,frozen,selected,False,42,19,2025-05-19 01:00:00,2025-05-25 02:00:00,146,43.74,True,True,29.885204240990788,26.357068080986664,56.24227232197745,0.0,0.0066907250002259,0.0124652029990102,0.3
core_sarimax_frozen_s42,sarimax,frozen,selected,False,42,19,2025-05-19 01:00:00,2025-05-25 03:00:00,147,53.17,True,True,38.42116794378049,26.357068080986664,64.77823602476715,0.0,0.0066907250002259,0.0124652029990102,0.3
core_sarimax_frozen_s42,sarimax,frozen,selected,False,42,19,2025-05-19 01:00:00,2025-05-25 04:00:00,148,70.97,True,True,46.99332093204413,26.357068080986664,73.35038901303079,0.0,0.0066907250002259,0.0124652029990102,0.3
core_sarimax_frozen_s42,sarimax,frozen,selected,False,42,19,2025-05-19 01:00:00,2025-05-25 05:00:00,149,85.64,True,True,48.232964670432494,26.357068080986664,74.59003275141916,0.0,0.0066907250002259,0.0124652029990102,0.3
core_sarimax_frozen_s42,sarimax,frozen,selected,False,42,19,2025-05-19 01:00:00,2025-05-25 06:00:00,150,96.54,True,True,47.201887785329376,26.357068080986664,73.55895586631604,0.0,0.0066907250002259,0.0124652029990102,0.3
core_sarimax_frozen_s42,sarimax,frozen,selected,False,42,19,2025-05-19 01:00:00,2025-05-25 07:00:00,151,75.53,True,True,39.91578893107288,26.357068080986664,66.27285701205955,0.0,0.0066907250002259,0.0124652029990102,0.3
core_sarimax_frozen_s42,sarimax,frozen,selected,False,42,19,2025-05-19 01:00:00,2025-05-25 08:00:00,152,59.07,True,True,35.03048925211942,26.357068080986664,61.38755733310609,0.0,0.0066907250002259,0.0124652029990102,0.3
core_sarimax_frozen_s42,sarimax,frozen,selected,False,42,19,2025-05-19 01:00:00,2025-05-25 09:00:00,153,57.36,True,True,32.7657881668558,26.357068080986664,59.12285624784246,0.0,0.0066907250002259,0.0124652029990102,0.3
core_sarimax_frozen_s42,sarimax,frozen,selected,False,42,19,2025-05-19 01:00:00,2025-05-25 10:00:00,154,61.11,True,True,31.31328355896406,26.357068080986664,57.670351639950724,0.0,0.0066907250002259,0.0124652029990102,0.3
core_sarimax_frozen_s42,sarimax,frozen,selected,False,42,19,2025-05-19 01:00:00,2025-05-25 11:00:00,155,68.26,True,True,30.641240085983583,26.357068080986664,56.99830816697025,0.0,0.0066907250002259,0.0124652029990102,0.3
core_sarimax_frozen_s42,sarimax,frozen,selected,False,42,19,2025-05-19 01:00:00,2025-05-25 12:00:00,156,72.31,True,True,30.30838513739559,26.357068080986664,56.665453218382254,0.0,0.0066907250002259,0.0124652029990102,0.3
core_sarimax_frozen_s42,sarimax,frozen,selected,False,42,19,2025-05-19 01:00:00,2025-05-25 13:00:00,157,74.21,True,True,30.25455667334154,26.357068080986664,56.611624754328204,0.0,0.0066907250002259,0.0124652029990102,0.3
core_sarimax_frozen_s42,sarimax,frozen,selected,False,42,19,2025-05-19 01:00:00,2025-05-25 14:00:00,158,78.92,True,True,32.48281016849094,26.357068080986664,58.83987824947761,0.0,0.0066907250002259,0.0124652029990102,0.3
core_sarimax_frozen_s42,sarimax,frozen,selected,False,42,19,2025-05-19 01:00:00,2025-05-25 15:00:00,159,85.57,True,True,35.56175189057305,26.357068080986664,61.918819971559714,0.0,0.0066907250002259,0.0124652029990102,0.3
core_sarimax_frozen_s42,sarimax,frozen,selected,False,42,19,2025-05-19 01:00:00,2025-05-25 16:00:00,160,90.13,True,True,37.189965973489166,26.357068080986664,63.54703405447583,0.0,0.0066907250002259,0.0124652029990102,0.3
core_sarimax_frozen_s42,sarimax,frozen,selected,False,42,19,2025-05-19 01:00:00,2025-05-25 17:00:00,161,94.95,True,True,38.7959983908176,26.357068080986664,65.15306647180427,0.0,0.0066907250002259,0.0124652029990102,0.3
core_sarimax_frozen_s42,sarimax,frozen,selected,False,42,19,2025-05-19 01:00:00,2025-05-25 18:00:00,162,99.77,True,True,40.50466166734432,26.357068080986664,66.86172974833099,0.0,0.0066907250002259,0.0124652029990102,0.3
core_sarimax_frozen_s42,sarimax,frozen,selected,False,42,19,2025-05-19 01:00:00,2025-05-25 19:00:00,163,103.65,True,True,41.59414977101923,26.357068080986664,67.9512178520059,0.0,0.0066907250002259,0.0124652029990102,0.3
core_sarimax_frozen_s42,sarimax,frozen,selected,False,42,19,2025-05-19 01:00:00,2025-05-25 20:00:00,164,107.85,True,True,44.58162962756725,26.357068080986664,70.93869770855392,0.0,0.0066907250002259,0.0124652029990102,0.3
core_sarimax_frozen_s42,sarimax,frozen,selected,False,42,19,2025-05-19 01:00:00,2025-05-25 21:00:00,165,111.85,True,True,46.73294289777749,26.357068080986664,73.09001097876416,0.0,0.0066907250002259,0.0124652029990102,0.3
core_sarimax_frozen_s42,sarimax,frozen,selected,False,42,19,2025-05-19 01:00:00,2025-05-25 22:00:00,166,115.0,True,True,47.67472986940092,26.357068080986664,74.03179795038758,0.0,0.0066907250002259,0.0124652029990102,0.3
core_sarimax_frozen_s42,sarimax,frozen,selected,False,42,19,2025-05-19 01:00:00,2025-05-25 23:00:00,167,118.86,True,True,48.63907628382452,26.357068080986664,74.99614436481119,0.0,0.0066907250002259,0.0124652029990102,0.3
core_sarimax_frozen_s42,sarimax,frozen,selected,False,42,19,2025-05-19 01:00:00,2025-05-26 00:00:00,168,123.56,True,True,50.43566033557727,26.357068080986664,76.79272841656393,0.0,0.0066907250002259,0.0124652029990102,0.3
core_sarimax_frozen_s42,sarimax,frozen,selected,False,42,20,2025-05-26 01:00:00,2025-05-26 01:00:00,1,147.57,True,True,128.9181789042159,29.869857509071284,158.7880364132872,0.0,0.0065794539987109,0.0122444340013316,0.3
core_sarimax_frozen_s42,sarimax,frozen,selected,False,42,20,2025-05-26 01:00:00,2025-05-26 02:00:00,2,159.14,True,True,129.08190038239064,29.869857509071284,158.95175789146194,0.0,0.0065794539987109,0.0122444340013316,0.3
core_sarimax_frozen_s42,sarimax,frozen,selected,False,42,20,2025-05-26 01:00:00,2025-05-26 03:00:00,3,169.05,True,True,130.8563720527641,29.869857509071284,160.7262295618354,0.0,0.0065794539987109,0.0122444340013316,0.3
core_sarimax_frozen_s42,sarimax,frozen,selected,False,42,20,2025-05-26 01:00:00,2025-05-26 04:00:00,4,116.49,True,True,111.87019188731142,29.869857509071284,141.74004939638272,0.0,0.0065794539987109,0.0122444340013316,0.3
core_sarimax_frozen_s42,sarimax,frozen,selected,False,42,20,2025-05-26 01:00:00,2025-05-26 05:00:00,5,77.15,True,True,102.085694691221,29.869857509071284,131.9555522002923,0.0,0.0065794539987109,0.0122444340013316,0.3
core_sarimax_frozen_s42,sarimax,frozen,selected,False,42,20,2025-05-26 01:00:00,2025-05-26 06:00:00,6,61.24,True,True,98.11663241742365,29.869857509071284,127.98648992649493,0.0,0.0065794539987109,0.0122444340013316,0.3
core_sarimax_frozen_s42,sarimax,frozen,selected,False,42,20,2025-05-26 01:00:00,2025-05-26 07:00:00,7,53.83,True,True,93.656305616122,29.869857509071284,123.52616312519328,0.0,0.0065794539987109,0.0122444340013316,0.3
core_sarimax_frozen_s42,sarimax,frozen,selected,False,42,20,2025-05-26 01:00:00,2025-05-26 08:00:00,8,51.38,True,True,89.18456064178636,29.869857509071284,119.05441815085764,0.0,0.0065794539987109,0.0122444340013316,0.3
core_sarimax_frozen_s42,sarimax,frozen,selected,False,42,20,2025-05-26 01:00:00,2025-05-26 09:00:00,9,47.56,True,True,84.98368974229032,29.869857509071284,114.8535472513616,0.0,0.0065794539987109,0.0122444340013316,0.3
core_sarimax_frozen_s42,sarimax,frozen,selected,False,42,20,2025-05-26 01:00:00,2025-05-26 10:00:00,10,46.02,True,True,82.90591757205425,29.869857509071284,112.77577508112553,0.0,0.0065794539987109,0.0122444340013316,0.3
core_sarimax_frozen_s42,sarimax,frozen,selected,False,42,20,2025-05-26 01:00:00,2025-05-26 11:00:00,11,48.74,True,True,83.69043731257392,29.869857509071284,113.5602948216452,0.0,0.0065794539987109,0.0122444340013316,0.3
core_sarimax_frozen_s42,sarimax,frozen,selected,False,42,20,2025-05-26 01:00:00,2025-05-26 12:00:00,12,51.95,True,True,85.04782043356593,29.869857509071284,114.91767794263721,0.0,0.0065794539987109,0.0122444340013316,0.3
core_sarimax_frozen_s42,sarimax,frozen,selected,False,42,20,2025-05-26 01:00:00,2025-05-26 13:00:00,13,54.55,True,True,85.51093906332093,29.869857509071284,115.38079657239221,0.0,0.0065794539987109,0.0122444340013316,0.3
core_sarimax_frozen_s42,sarimax,frozen,selected,False,42,20,2025-05-26 01:00:00,2025-05-26 14:00:00,14,58.95,True,True,86.0608539598417,29.869857509071284,115.93071146891297,0.0,0.0065794539987109,0.0122444340013316,0.3
core_sarimax_frozen_s42,sarimax,frozen,selected,False,42,20,2025-05-26 01:00:00,2025-05-26 15:00:00,15,64.15,True,True,86.45093121715655,29.869857509071284,116.32078872622783,0.0,0.0065794539987109,0.0122444340013316,0.3
core_sarimax_frozen_s42,sarimax,frozen,selected,False,42,20,2025-05-26 01:00:00,2025-05-26 16:00:00,16,67.48,True,True,84.35643230608343,29.869857509071284,114.22628981515471,0.0,0.0065794539987109,0.0122444340013316,0.3
core_sarimax_frozen_s42,sarimax,frozen,selected,False,42,20,2025-05-26 01:00:00,2025-05-26 17:00:00,17,70.49,True,True,82.43997517261357,29.869857509071284,112.30983268168485,0.0,0.0065794539987109,0.0122444340013316,0.3
core_sarimax_frozen_s42,sarimax,frozen,selected,False,42,20,2025-05-26 01:00:00,2025-05-26 18:00:00,18,75.28,True,True,80.64217564053666,29.869857509071284,110.51203314960794,0.0,0.0065794539987109,0.0122444340013316,0.3
core_sarimax_frozen_s42,sarimax,frozen,selected,False,42,20,2025-05-26 01:00:00,2025-05-26 19:00:00,19,82.19,True,True,78.0847241906038,29.869857509071284,107.95458169967507,0.0,0.0065794539987109,0.0122444340013316,0.3
core_sarimax_frozen_s42,sarimax,frozen,selected,False,42,20,2025-05-26 01:00:00,2025-05-26 20:00:00,20,87.9,True,True,77.73759472927074,29.869857509071284,107.60745223834202,0.0,0.0065794539987109,0.0122444340013316,0.3
core_sarimax_frozen_s42,sarimax,frozen,selected,False,42,20,2025-05-26 01:00:00,2025-05-26 21:00:00,21,92.42,True,True,77.37447449944045,29.869857509071284,107.24433200851173,0.0,0.0065794539987109,0.0122444340013316,0.3
core_sarimax_frozen_s42,sarimax,frozen,selected,False,42,20,2025-05-26 01:00:00,2025-05-26 22:00:00,22,94.82,True,True,76.03430520797312,29.869857509071284,105.9041627170444,0.0,0.0065794539987109,0.0122444340013316,0.3
core_sarimax_frozen_s42,sarimax,frozen,selected,False,42,20,2025-05-26 01:00:00,2025-05-26 23:00:00,23,94.78,True,True,74.327879078949,29.869857509071284,104.19773658802028,0.0,0.0065794539987109,0.0122444340013316,0.3
core_sarimax_frozen_s42,sarimax,frozen,selected,False,42,20,2025-05-26 01:00:00,2025-05-27 00:00:00,24,95.66,True,True,73.48071446125084,29.869857509071284,103.35057197032212,0.0,0.0065794539987109,0.0122444340013316,0.3
core_sarimax_frozen_s42,sarimax,frozen,selected,False,42,20,2025-05-26 01:00:00,2025-05-27 01:00:00,25,100.08,True,True,74.99692281386274,29.869857509071284,104.86678032293402,0.0,0.0065794539987109,0.0122444340013316,0.3
core_sarimax_frozen_s42,sarimax,frozen,selected,False,42,20,2025-05-26 01:00:00,2025-05-27 02:00:00,26,105.77,True,True,75.20383840831451,29.869857509071284,105.07369591738579,0.0,0.0065794539987109,0.0122444340013316,0.3
core_sarimax_frozen_s42,sarimax,frozen,selected,False,42,20,2025-05-26 01:00:00,2025-05-27 03:00:00,27,117.39,True,True,78.59697099512988,29.869857509071284,108.46682850420116,0.0,0.0065794539987109,0.0122444340013316,0.3
core_sarimax_frozen_s42,sarimax,frozen,selected,False,42,20,2025-05-26 01:00:00,2025-05-27 04:00:00,28,74.96,True,True,71.83896932782875,29.869857509071284,101.70882683690003,0.0,0.0065794539987109,0.0122444340013316,0.3
core_sarimax_frozen_s42,sarimax,frozen,selected,False,42,20,2025-05-26 01:00:00,2025-05-27 05:00:00,29,50.71,True,True,69.27893744397076,29.869857509071284,99.14879495304204,0.0,0.0065794539987109,0.0122444340013316,0.3
core_sarimax_frozen_s42,sarimax,frozen,selected,False,42,20,2025-05-26 01:00:00,2025-05-27 06:00:00,30,46.92,True,True,68.01347120095829,29.869857509071284,97.88332871002957,0.0,0.0065794539987109,0.0122444340013316,0.3
core_sarimax_frozen_s42,sarimax,frozen,selected,False,42,20,2025-05-26 01:00:00,2025-05-27 07:00:00,31,47.1,True,True,65.17168778818007,29.869857509071284,95.04154529725135,0.0,0.0065794539987109,0.0122444340013316,0.3
core_sarimax_frozen_s42,sarimax,frozen,selected,False,42,20,2025-05-26 01:00:00,2025-05-27 08:00:00,32,48.59,True,True,62.15257732573485,29.869857509071284,92.02243483480613,0.0,0.0065794539987109,0.0122444340013316,0.3
core_sarimax_frozen_s42,sarimax,frozen,selected,False,42,20,2025-05-26 01:00:00,2025-05-27 09:00:00,33,49.5,True,True,59.23920538669418,29.869857509071284,89.10906289576546,0.0,0.0065794539987109,0.0122444340013316,0.3
core_sarimax_frozen_s42,sarimax,frozen,selected,False,42,20,2025-05-26 01:00:00,2025-05-27 10:00:00,34,51.4,True,True,57.78205856449935,29.869857509071284,87.65191607357063,0.0,0.0065794539987109,0.0122444340013316,0.3
core_sarimax_frozen_s42,sarimax,frozen,selected,False,42,20,2025-05-26 01:00:00,2025-05-27 11:00:00,35,54.19,True,True,58.58278636506762,29.869857509071284,88.4526438741389,0.0,0.0065794539987109,0.0122444340013316,0.3
core_sarimax_frozen_s42,sarimax,frozen,selected,False,42,20,2025-05-26 01:00:00,2025-05-27 12:00:00,36,56.51,True,True,59.99917690122146,29.869857509071284,89.86903441029274,0.0,0.0065794539987109,0.0122444340013316,0.3
core_sarimax_frozen_s42,sarimax,frozen,selected,False,42,20,2025-05-26 01:00:00,2025-05-27 13:00:00,37,56.85,True,True,60.609125735516784,29.869857509071284,90.47898324458806,0.0,0.0065794539987109,0.0122444340013316,0.3
core_sarimax_frozen_s42,sarimax,frozen,selected,False,42,20,2025-05-26 01:00:00,2025-05-27 14:00:00,38,57.91,True,True,61.78876601332357,29.869857509071284,91.65862352239485,0.0,0.0065794539987109,0.0122444340013316,0.3
core_sarimax_frozen_s42,sarimax,frozen,selected,False,42,20,2025-05-26 01:00:00,2025-05-27 15:00:00,39,60.82,True,True,62.54913886077233,29.869857509071284,92.41899636984361,0.0,0.0065794539987109,0.0122444340013316,0.3
core_sarimax_frozen_s42,sarimax,frozen,selected,False,42,20,2025-05-26 01:00:00,2025-05-27 16:00:00,40,64.69,True,True,61.4471925200036,29.869857509071284,91.31705002907488,0.0,0.0065794539987109,0.0122444340013316,0.3
core_sarimax_frozen_s42,sarimax,frozen,selected,False,42,20,2025-05-26 01:00:00,2025-05-27 17:00:00,41,68.07,True,True,61.1840866593036,29.869857509071284,91.05394416837488,0.0,0.0065794539987109,0.0122444340013316,0.3
core_sarimax_frozen_s42,sarimax,frozen,selected,False,42,20,2025-05-26 01:00:00,2025-05-27 18:00:00,42,71.53,True,True,60.9721808605627,29.869857509071284,90.84203836963398,0.0,0.0065794539987109,0.0122444340013316,0.3
core_sarimax_frozen_s42,sarimax,frozen,selected,False,42,20,2025-05-26 01:00:00,2025-05-27 19:00:00,43,74.79,True,True,60.13293934823059,29.869857509071284,90.00279685730187,0.0,0.0065794539987109,0.0122444340013316,0.3
core_sarimax_frozen_s42,sarimax,frozen,selected,False,42,20,2025-05-26 01:00:00,2025-05-27 20:00:00,44,77.76,True,True,60.98075238940382,29.869857509071284,90.8506098984751,0.0,0.0065794539987109,0.0122444340013316,0.3
core_sarimax_frozen_s42,sarimax,frozen,selected,False,42,20,2025-05-26 01:00:00,2025-05-27 21:00:00,45,80.77,True,True,61.23691415634536,29.869857509071284,91.10677166541664,0.0,0.0065794539987109,0.0122444340013316,0.3
core_sarimax_frozen_s42,sarimax,frozen,selected,False,42,20,2025-05-26 01:00:00,2025-05-27 22:00:00,46,83.57,True,True,60.132263825308144,29.869857509071284,90.00212133437942,0.0,0.0065794539987109,0.0122444340013316,0.3
core_sarimax_frozen_s42,sarimax,frozen,selected,False,42,20,2025-05-26 01:00:00,2025-05-27 23:00:00,47,87.36,True,True,59.33841581221671,29.869857509071284,89.20827332128799,0.0,0.0065794539987109,0.0122444340013316,0.3
core_sarimax_frozen_s42,sarimax,frozen,selected,False,42,20,2025-05-26 01:00:00,2025-05-28 00:00:00,48,94.33,True,True,59.53173214588355,29.869857509071284,89.40158965495483,0.0,0.0065794539987109,0.0122444340013316,0.3
core_sarimax_frozen_s42,sarimax,frozen,selected,False,42,20,2025-05-26 01:00:00,2025-05-28 01:00:00,49,107.22,True,True,61.66766076835617,29.869857509071284,91.53751827742745,0.0,0.0065794539987109,0.0122444340013316,0.3
core_sarimax_frozen_s42,sarimax,frozen,selected,False,42,20,2025-05-26 01:00:00,2025-05-28 02:00:00,50,116.34,True,True,62.34689342996958,29.869857509071284,92.21675093904086,0.0,0.0065794539987109,0.0122444340013316,0.3
core_sarimax_frozen_s42,sarimax,frozen,selected,False,42,20,2025-05-26 01:00:00,2025-05-28 03:00:00,51,127.5,True,True,65.98461050170019,29.869857509071284,95.85446801077147,0.0,0.0065794539987109,0.0122444340013316,0.3
core_sarimax_frozen_s42,sarimax,frozen,selected,False,42,20,2025-05-26 01:00:00,2025-05-28 04:00:00,52,76.77,True,True,59.488439230357926,29.869857509071284,89.3582967394292,0.0,0.0065794539987109,0.0122444340013316,0.3
core_sarimax_frozen_s42,sarimax,frozen,selected,False,42,20,2025-05-26 01:00:00,2025-05-28 05:00:00,53,61.04,True,True,57.40338303845496,29.869857509071284,87.27324054752624,0.0,0.0065794539987109,0.0122444340013316,0.3
core_sarimax_frozen_s42,sarimax,frozen,selected,False,42,20,2025-05-26 01:00:00,2025-05-28 06:00:00,54,60.03,True,True,56.80335472013508,29.869857509071284,86.67321222920637,0.0,0.0065794539987109,0.0122444340013316,0.3
core_sarimax_frozen_s42,sarimax,frozen,selected,False,42,20,2025-05-26 01:00:00,2025-05-28 07:00:00,55,61.12,True,True,54.5843859720967,29.869857509071284,84.45424348116798,0.0,0.0065794539987109,0.0122444340013316,0.3
core_sarimax_frozen_s42,sarimax,frozen,selected,False,42,20,2025-05-26 01:00:00,2025-05-28 08:00:00,56,61.88,True,True,51.919549274687455,29.869857509071284,81.78940678375874,0.0,0.0065794539987109,0.0122444340013316,0.3
core_sarimax_frozen_s42,sarimax,frozen,selected,False,42,20,2025-05-26 01:00:00,2025-05-28 09:00:00,57,62.25,True,True,49.410147911337134,29.869857509071284,79.28000542040841,0.0,0.0065794539987109,0.0122444340013316,0.3
core_sarimax_frozen_s42,sarimax,frozen,selected,False,42,20,2025-05-26 01:00:00,2025-05-28 10:00:00,58,64.2,True,True,48.0222998761478,29.869857509071284,77.89215738521908,0.0,0.0065794539987109,0.0122444340013316,0.3
core_sarimax_frozen_s42,sarimax,frozen,selected,False,42,20,2025-05-26 01:00:00,2025-05-28 11:00:00,59,67.54,True,True,48.70271530162873,29.869857509071284,78.57257281070001,0.0,0.0065794539987109,0.0122444340013316,0.3
core_sarimax_frozen_s42,sarimax,frozen,selected,False,42,20,2025-05-26 01:00:00,2025-05-28 12:00:00,60,70.93,True,True,50.08832451040331,29.869857509071284,79.95818201947459,0.0,0.0065794539987109,0.0122444340013316,0.3
core_sarimax_frozen_s42,sarimax,frozen,selected,False,42,20,2025-05-26 01:00:00,2025-05-28 13:00:00,61,73.18,True,True,51.36431280506045,29.869857509071284,81.23417031413173,0.0,0.0065794539987109,0.0122444340013316,0.3
core_sarimax_frozen_s42,sarimax,frozen,selected,False,42,20,2025-05-26 01:00:00,2025-05-28 14:00:00,62,77.64,True,True,54.21820470811696,29.869857509071284,84.08806221718824,0.0,0.0065794539987109,0.0122444340013316,0.3
core_sarimax_frozen_s42,sarimax,frozen,selected,False,42,20,2025-05-26 01:00:00,2025-05-28 15:00:00,63,82.59,True,True,57.15631892487963,29.869857509071284,87.02617643395091,0.0,0.0065794539987109,0.0122444340013316,0.3
core_sarimax_frozen_s42,sarimax,frozen,selected,False,42,20,2025-05-26 01:00:00,2025-05-28 16:00:00,64,86.65,True,True,57.99336989126218,29.869857509071284,87.86322740033346,0.0,0.0065794539987109,0.0122444340013316,0.3
core_sarimax_frozen_s42,sarimax,frozen,selected,False,42,20,2025-05-26 01:00:00,2025-05-28 17:00:00,65,90.37,True,True,58.511978152364605,29.869857509071284,88.38183566143589,0.0,0.0065794539987109,0.0122444340013316,0.3
core_sarimax_frozen_s42,sarimax,frozen,selected,False,42,20,2025-05-26 01:00:00,2025-05-28 18:00:00,66,93.81,True,True,59.18516375575203,29.869857509071284,89.05502126482331,0.0,0.0065794539987109,0.0122444340013316,0.3
core_sarimax_frozen_s42,sarimax,frozen,selected,False,42,20,2025-05-26 01:00:00,2025-05-28 19:00:00,67,96.0,True,True,58.8182724665499,29.869857509071284,88.68812997562118,0.0,0.0065794539987109,0.0122444340013316,0.3
core_sarimax_frozen_s42,sarimax,frozen,selected,False,42,20,2025-05-26 01:00:00,2025-05-28 20:00:00,68,99.02,True,True,59.91969555359236,29.869857509071284,89.78955306266364,0.0,0.0065794539987109,0.0122444340013316,0.3
core_sarimax_frozen_s42,sarimax,frozen,selected,False,42,20,2025-05-26 01:00:00,2025-05-28 21:00:00,69,103.1,True,True,60.49294944628102,29.869857509071284,90.3628069553523,0.0,0.0065794539987109,0.0122444340013316,0.3
core_sarimax_frozen_s42,sarimax,frozen,selected,False,42,20,2025-05-26 01:00:00,2025-05-28 22:00:00,70,107.17,True,True,59.68417966622116,29.869857509071284,89.55403717529245,0.0,0.0065794539987109,0.0122444340013316,0.3
core_sarimax_frozen_s42,sarimax,frozen,selected,False,42,20,2025-05-26 01:00:00,2025-05-28 23:00:00,71,112.82,True,True,59.22090852848601,29.869857509071284,89.09076603755729,0.0,0.0065794539987109,0.0122444340013316,0.3
core_sarimax_frozen_s42,sarimax,frozen,selected,False,42,20,2025-05-26 01:00:00,2025-05-29 00:00:00,72,121.45,True,True,59.162144091484464,29.869857509071284,89.03200160055574,0.0,0.0065794539987109,0.0122444340013316,0.3
core_sarimax_frozen_s42,sarimax,frozen,selected,False,42,20,2025-05-26 01:00:00,2025-05-29 01:00:00,73,134.6,True,True,59.50934730221741,29.869857509071284,89.37920481128869,0.0,0.0065794539987109,0.0122444340013316,0.3
core_sarimax_frozen_s42,sarimax,frozen,selected,False,42,20,2025-05-26 01:00:00,2025-05-29 02:00:00,74,140.45,True,True,59.38535646926124,29.869857509071284,89.25521397833252,0.0,0.0065794539987109,0.0122444340013316,0.3
core_sarimax_frozen_s42,sarimax,frozen,selected,False,42,20,2025-05-26 01:00:00,2025-05-29 03:00:00,75,151.07,True,True,62.48722780358747,29.869857509071284,92.35708531265875,0.0,0.0065794539987109,0.0122444340013316,0.3
core_sarimax_frozen_s42,sarimax,frozen,selected,False,42,20,2025-05-26 01:00:00,2025-05-29 04:00:00,76,97.0,True,True,57.22051403173396,29.869857509071284,87.09037154080525,0.0,0.0065794539987109,0.0122444340013316,0.3
core_sarimax_frozen_s42,sarimax,frozen,selected,False,42,20,2025-05-26 01:00:00,2025-05-29 05:00:00,77,74.96,True,True,54.16190296541902,29.869857509071284,84.0317604744903,0.0,0.0065794539987109,0.0122444340013316,0.3
core_sarimax_frozen_s42,sarimax,frozen,selected,False,42,20,2025-05-26 01:00:00,2025-05-29 06:00:00,78,70.03,True,True,52.44251369369968,29.869857509071284,82.31237120277096,0.0,0.0065794539987109,0.0122444340013316,0.3
core_sarimax_frozen_s42,sarimax,frozen,selected,False,42,20,2025-05-26 01:00:00,2025-05-29 07:00:00,79,67.01,True,True,49.16336940655731,29.869857509071284,79.03322691562859,0.0,0.0065794539987109,0.0122444340013316,0.3
core_sarimax_frozen_s42,sarimax,frozen,selected,False,42,20,2025-05-26 01:00:00,2025-05-29 08:00:00,80,63.85,True,True,45.6838417530943,29.869857509071284,75.55369926216558,0.0,0.0065794539987109,0.0122444340013316,0.3
core_sarimax_frozen_s42,sarimax,frozen,selected,False,42,20,2025-05-26 01:00:00,2025-05-29 09:00:00,81,60.88,True,True,42.546172978701605,29.869857509071284,72.41603048777289,0.0,0.0065794539987109,0.0122444340013316,0.3
core_sarimax_frozen_s42,sarimax,frozen,selected,False,42,20,2025-05-26 01:00:00,2025-05-29 10:00:00,82,60.44,True,True,40.56299622483709,29.869857509071284,70.43285373390837,0.0,0.0065794539987109,0.0122444340013316,0.3
core_sarimax_frozen_s42,sarimax,frozen,selected,False,42,20,2025-05-26 01:00:00,2025-05-29 11:00:00,83,62.44,True,True,40.666458483875374,29.869857509071284,70.53631599294665,0.0,0.0065794539987109,0.0122444340013316,0.3
core_sarimax_frozen_s42,sarimax,frozen,selected,False,42,20,2025-05-26 01:00:00,2025-05-29 12:00:00,84,65.02,True,True,41.61363792982016,29.869857509071284,71.48349543889144,0.0,0.0065794539987109,0.0122444340013316,0.3
core_sarimax_frozen_s42,sarimax,frozen,selected,False,42,20,2025-05-26 01:00:00,2025-05-29 13:00:00,85,66.8,True,True,42.10685061849279,29.869857509071284,71.97670812756408,0.0,0.0065794539987109,0.0122444340013316,0.3
core_sarimax_frozen_s42,sarimax,frozen,selected,False,42,20,2025-05-26 01:00:00,2025-05-29 14:00:00,86,69.31,True,True,43.12559097535132,29.869857509071284,72.99544848442261,0.0,0.0065794539987109,0.0122444340013316,0.3
core_sarimax_frozen_s42,sarimax,frozen,selected,False,42,20,2025-05-26 01:00:00,2025-05-29 15:00:00,87,71.86,True,True,44.24807756418136,29.869857509071284,74.11793507325264,0.0,0.0065794539987109,0.0122444340013316,0.3
core_sarimax_frozen_s42,sarimax,frozen,selected,False,42,20,2025-05-26 01:00:00,2025-05-29 16:00:00,88,73.66,True,True,44.3695895715386,29.869857509071284,74.23944708060988,0.0,0.0065794539987109,0.0122444340013316,0.3
core_sarimax_frozen_s42,sarimax,frozen,selected,False,42,20,2025-05-26 01:00:00,2025-05-29 17:00:00,89,75.8,True,True,44.85579355236854,29.869857509071284,74.72565106143982,0.0,0.0065794539987109,0.0122444340013316,0.3
core_sarimax_frozen_s42,sarimax,frozen,selected,False,42,20,2025-05-26 01:00:00,2025-05-29 18:00:00,90,78.69,True,True,45.32501180357292,29.869857509071284,75.1948693126442,0.0,0.0065794539987109,0.0122444340013316,0.3
core_sarimax_frozen_s42,sarimax,frozen,selected,False,42,20,2025-05-26 01:00:00,2025-05-29 19:00:00,91,81.27,True,True,44.99283531745121,29.869857509071284,74.86269282652249,0.0,0.0065794539987109,0.0122444340013316,0.3
core_sarimax_frozen_s42,sarimax,frozen,selected,False,42,20,2025-05-26 01:00:00,2025-05-29 20:00:00,92,84.11,True,True,46.13935124440579,29.869857509071284,76.00920875347707,0.0,0.0065794539987109,0.0122444340013316,0.3
core_sarimax_frozen_s42,sarimax,frozen,selected,False,42,20,2025-05-26 01:00:00,2025-05-29 21:00:00,93,87.09,True,True,46.90572616199072,29.869857509071284,76.77558367106201,0.0,0.0065794539987109,0.0122444340013316,0.3
core_sarimax_frozen_s42,sarimax,frozen,selected,False,42,20,2025-05-26 01:00:00,2025-05-29 22:00:00,94,89.67,True,True,46.36404968812454,29.869857509071284,76.23390719719582,0.0,0.0065794539987109,0.0122444340013316,0.3
core_sarimax_frozen_s42,sarimax,frozen,selected,False,42,20,2025-05-26 01:00:00,2025-05-29 23:00:00,95,92.55,True,True,46.24699502681327,29.869857509071284,76.11685253588456,0.0,0.0065794539987109,0.0122444340013316,0.3
core_sarimax_frozen_s42,sarimax,frozen,selected,False,42,20,2025-05-26 01:00:00,2025-05-30 00:00:00,96,97.17,True,True,46.40760699072735,29.869857509071284,76.27746449979864,0.0,0.0065794539987109,0.0122444340013316,0.3
core_sarimax_frozen_s42,sarimax,frozen,selected,False,42,20,2025-05-26 01:00:00,2025-05-30 01:00:00,97,105.87,True,True,45.35863418880547,29.869857509071284,75.22849169787675,0.0,0.0065794539987109,0.0122444340013316,0.3
core_sarimax_frozen_s42,sarimax,frozen,selected,False,42,20,2025-05-26 01:00:00,2025-05-30 02:00:00,98,110.74,True,True,45.34691011291761,29.869857509071284,75.2167676219889,0.0,0.0065794539987109,0.0122444340013316,0.3
core_sarimax_frozen_s42,sarimax,frozen,selected,False,42,20,2025-05-26 01:00:00,2025-05-30 03:00:00,99,116.39,True,True,48.637525041981945,29.869857509071284,78.50738255105323,0.0,0.0065794539987109,0.0122444340013316,0.3
core_sarimax_frozen_s42,sarimax,frozen,selected,False,42,20,2025-05-26 01:00:00,2025-05-30 04:00:00,100,94.0,True,True,52.07679742634375,29.869857509071284,81.94665493541504,0.0,0.0065794539987109,0.0122444340013316,0.3
core_sarimax_frozen_s42,sarimax,frozen,selected,False,42,20,2025-05-26 01:00:00,2025-05-30 05:00:00,101,74.83,True,True,50.98175809215226,29.869857509071284,80.85161560122354,0.0,0.0065794539987109,0.0122444340013316,0.3
core_sarimax_frozen_s42,sarimax,frozen,selected,False,42,20,2025-05-26 01:00:00,2025-05-30 06:00:00,102,64.71,True,True,48.6018846242263,29.869857509071284,78.47174213329758,0.0,0.0065794539987109,0.0122444340013316,0.3
core_sarimax_frozen_s42,sarimax,frozen,selected,False,42,20,2025-05-26 01:00:00,2025-05-30 07:00:00,103,57.6,True,True,44.62034554482648,29.869857509071284,74.49020305389776,0.0,0.0065794539987109,0.0122444340013316,0.3
core_sarimax_frozen_s42,sarimax,frozen,selected,False,42,20,2025-05-26 01:00:00,2025-05-30 08:00:00,104,54.48,True,True,41.02554797585722,29.869857509071284,70.8954054849285,0.0,0.0065794539987109,0.0122444340013316,0.3
core_sarimax_frozen_s42,sarimax,frozen,selected,False,42,20,2025-05-26 01:00:00,2025-05-30 09:00:00,105,54.66,True,True,38.34696978041907,29.869857509071284,68.21682728949035,0.0,0.0065794539987109,0.0122444340013316,0.3
core_sarimax_frozen_s42,sarimax,frozen,selected,False,42,20,2025-05-26 01:00:00,2025-05-30 10:00:00,106,57.58,True,True,36.60522599702301,29.869857509071284,66.4750835060943,0.0,0.0065794539987109,0.0122444340013316,0.3
core_sarimax_frozen_s42,sarimax,frozen,selected,False,42,20,2025-05-26 01:00:00,2025-05-30 11:00:00,107,62.16,True,True,36.37559306588855,29.869857509071284,66.24545057495983,0.0,0.0065794539987109,0.0122444340013316,0.3
core_sarimax_frozen_s42,sarimax,frozen,selected,False,42,20,2025-05-26 01:00:00,2025-05-30 12:00:00,108,66.63,True,True,36.79503854645196,29.869857509071284,66.66489605552324,0.0,0.0065794539987109,0.0122444340013316,0.3
core_sarimax_frozen_s42,sarimax,frozen,selected,False,42,20,2025-05-26 01:00:00,2025-05-30 13:00:00,109,69.82,True,True,36.91655427056176,29.869857509071284,66.78641177963304,0.0,0.0065794539987109,0.0122444340013316,0.3
core_sarimax_frozen_s42,sarimax,frozen,selected,False,42,20,2025-05-26 01:00:00,2025-05-30 14:00:00,110,72.65,True,True,37.500863565111416,29.869857509071284,67.3707210741827,0.0,0.0065794539987109,0.0122444340013316,0.3
core_sarimax_frozen_s42,sarimax,frozen,selected,False,42,20,2025-05-26 01:00:00,2025-05-30 15:00:00,111,74.49,True,True,38.28852456117497,29.869857509071284,68.15838207024625,0.0,0.0065794539987109,0.0122444340013316,0.3
core_sarimax_frozen_s42,sarimax,frozen,selected,False,42,20,2025-05-26 01:00:00,2025-05-30 16:00:00,112,75.29,True,True,38.29046140776609,29.869857509071284,68.16031891683737,0.0,0.0065794539987109,0.0122444340013316,0.3
core_sarimax_frozen_s42,sarimax,frozen,selected,False,42,20,2025-05-26 01:00:00,2025-05-30 17:00:00,113,78.23,True,True,38.99837534424751,29.869857509071284,68.8682328533188,0.0,0.0065794539987109,0.0122444340013316,0.3
core_sarimax_frozen_s42,sarimax,frozen,selected,False,42,20,2025-05-26 01:00:00,2025-05-30 18:00:00,114,84.03,True,True,40.10585386914824,29.869857509071284,69.97571137821953,0.0,0.0065794539987109,0.0122444340013316,0.3
core_sarimax_frozen_s42,sarimax,frozen,selected,False,42,20,2025-05-26 01:00:00,2025-05-30 19:00:00,115,90.11,True,True,40.93221125847643,29.869857509071284,70.80206876754771,0.0,0.0065794539987109,0.0122444340013316,0.3
core_sarimax_frozen_s42,sarimax,frozen,selected,False,42,20,2025-05-26 01:00:00,2025-05-30 20:00:00,116,95.29,True,True,43.05188695723763,29.869857509071284,72.92174446630891,0.0,0.0065794539987109,0.0122444340013316,0.3
core_sarimax_frozen_s42,sarimax,frozen,selected,False,42,20,2025-05-26 01:00:00,2025-05-30 21:00:00,117,98.96,True,True,44.58986624163694,29.869857509071284,74.45972375070822,0.0,0.0065794539987109,0.0122444340013316,0.3
core_sarimax_frozen_s42,sarimax,frozen,selected,False,42,20,2025-05-26 01:00:00,2025-05-30 22:00:00,118,101.53,True,True,44.783392179904894,29.869857509071284,74.65324968897617,0.0,0.0065794539987109,0.0122444340013316,0.3
core_sarimax_frozen_s42,sarimax,frozen,selected,False,42,20,2025-05-26 01:00:00,2025-05-30 23:00:00,119,102.05,True,True,44.33111678263037,29.869857509071284,74.20097429170166,0.0,0.0065794539987109,0.0122444340013316,0.3
core_sarimax_frozen_s42,sarimax,frozen,selected,False,42,20,2025-05-26 01:00:00,2025-05-31 00:00:00,120,99.91,True,True,44.126479289062274,29.869857509071284,73.99633679813356,0.0,0.0065794539987109,0.0122444340013316,0.3
core_sarimax_frozen_s42,sarimax,frozen,selected,False,42,20,2025-05-26 01:00:00,2025-05-31 01:00:00,121,98.65,True,True,45.48999227628784,29.869857509071284,75.35984978535913,0.0,0.0065794539987109,0.0122444340013316,0.3
core_sarimax_frozen_s42,sarimax,frozen,selected,False,42,20,2025-05-26 01:00:00,2025-05-31 02:00:00,122,98.22,True,True,46.046841248527386,29.869857509071284,75.91669875759867,0.0,0.0065794539987109,0.0122444340013316,0.3
core_sarimax_frozen_s42,sarimax,frozen,selected,False,42,20,2025-05-26 01:00:00,2025-05-31 03:00:00,123,98.0,True,True,49.63837877994399,29.869857509071284,79.50823628901527,0.0,0.0065794539987109,0.0122444340013316,0.3
core_sarimax_frozen_s42,sarimax,frozen,selected,False,42,20,2025-05-26 01:00:00,2025-05-31 04:00:00,124,98.24,True,True,53.14391846777278,29.869857509071284,83.01377597684406,0.0,0.0065794539987109,0.0122444340013316,0.3
core_sarimax_frozen_s42,sarimax,frozen,selected,False,42,20,2025-05-26 01:00:00,2025-05-31 05:00:00,125,91.89,True,True,51.63553335650624,29.869857509071284,81.50539086557752,0.0,0.0065794539987109,0.0122444340013316,0.3
core_sarimax_frozen_s42,sarimax,frozen,selected,False,42,20,2025-05-26 01:00:00,2025-05-31 06:00:00,126,83.84,True,True,49.76969423243423,29.869857509071284,79.63955174150551,0.0,0.0065794539987109,0.0122444340013316,0.3
core_sarimax_frozen_s42,sarimax,frozen,selected,False,42,20,2025-05-26 01:00:00,2025-05-31 07:00:00,127,75.26,True,True,44.9923523185592,29.869857509071284,74.86220982763048,0.0,0.0065794539987109,0.0122444340013316,0.3
core_sarimax_frozen_s42,sarimax,frozen,selected,False,42,20,2025-05-26 01:00:00,2025-05-31 08:00:00,128,68.52,True,True,40.76666676465536,29.869857509071284,70.63652427372665,0.0,0.0065794539987109,0.0122444340013316,0.3
core_sarimax_frozen_s42,sarimax,frozen,selected,False,42,20,2025-05-26 01:00:00,2025-05-31 09:00:00,129,63.14,True,True,37.53483095187789,29.869857509071284,67.40468846094917,0.0,0.0065794539987109,0.0122444340013316,0.3
core_sarimax_frozen_s42,sarimax,frozen,selected,False,42,20,2025-05-26 01:00:00,2025-05-31 10:00:00,130,61.54,True,True,35.226261149805424,29.869857509071284,65.0961186588767,0.0,0.0065794539987109,0.0122444340013316,0.3
core_sarimax_frozen_s42,sarimax,frozen,selected,False,42,20,2025-05-26 01:00:00,2025-05-31 11:00:00,131,62.94,True,True,34.742981127365084,29.869857509071284,64.61283863643636,0.0,0.0065794539987109,0.0122444340013316,0.3
core_sarimax_frozen_s42,sarimax,frozen,selected,False,42,20,2025-05-26 01:00:00,2025-05-31 12:00:00,132,65.73,True,True,35.67610037233192,29.869857509071284,65.54595788140321,0.0,0.0065794539987109,0.0122444340013316,0.3
core_sarimax_frozen_s42,sarimax,frozen,selected,False,42,20,2025-05-26 01:00:00,2025-05-31 13:00:00,133,70.66,True,True,37.7762488203332,29.869857509071284,67.64610632940449,0.0,0.0065794539987109,0.0122444340013316,0.3
core_sarimax_frozen_s42,sarimax,frozen,selected,False,42,20,2025-05-26 01:00:00,2025-05-31 14:00:00,134,80.01,True,True,41.696760961180274,29.869857509071284,71.56661847025156,0.0,0.0065794539987109,0.0122444340013316,0.3
core_sarimax_frozen_s42,sarimax,frozen,selected,False,42,20,2025-05-26 01:00:00,2025-05-31 15:00:00,135,95.77,True,True,46.6841717563818,29.869857509071284,76.55402926545308,0.0,0.0065794539987109,0.0122444340013316,0.3
core_sarimax_frozen_s42,sarimax,frozen,selected,False,42,20,2025-05-26 01:00:00,2025-05-31 16:00:00,136,112.0,True,True,50.67332959376572,29.869857509071284,80.54318710283701,0.0,0.0065794539987109,0.0122444340013316,0.3
core_sarimax_frozen_s42,sarimax,frozen,selected,False,42,20,2025-05-26 01:00:00,2025-05-31 17:00:00,137,124.52,True,True,54.02992676448466,29.869857509071284,83.89978427355594,0.0,0.0065794539987109,0.0122444340013316,0.3
core_sarimax_frozen_s42,sarimax,frozen,selected,False,42,20,2025-05-26 01:00:00,2025-05-31 18:00:00,138,133.55,True,True,56.71489171917119,29.869857509071284,86.58474922824247,0.0,0.0065794539987109,0.0122444340013316,0.3
core_sarimax_frozen_s42,sarimax,frozen,selected,False,42,20,2025-05-26 01:00:00,2025-05-31 19:00:00,139,139.23,True,True,57.82263924159338,29.869857509071284,87.69249675066466,0.0,0.0065794539987109,0.0122444340013316,0.3
core_sarimax_frozen_s42,sarimax,frozen,selected,False,42,20,2025-05-26 01:00:00,2025-05-31 20:00:00,140,142.26,True,True,59.4015380144098,29.869857509071284,89.27139552348109,0.0,0.0065794539987109,0.0122444340013316,0.3
core_sarimax_frozen_s42,sarimax,frozen,selected,False,42,20,2025-05-26 01:00:00,2025-05-31 21:00:00,141,143.15,True,True,59.651076598892814,29.869857509071284,89.5209341079641,0.0,0.0065794539987109,0.0122444340013316,0.3
core_sarimax_frozen_s42,sarimax,frozen,selected,False,42,20,2025-05-26 01:00:00,2025-05-31 22:00:00,142,141.43,True,True,57.725133899312425,29.869857509071284,87.5949914083837,0.0,0.0065794539987109,0.0122444340013316,0.3
core_sarimax_frozen_s42,sarimax,frozen,selected,False,42,20,2025-05-26 01:00:00,2025-05-31 23:00:00,143,140.49,True,True,55.69724961661132,29.869857509071284,85.56710712568261,0.0,0.0065794539987109,0.0122444340013316,0.3
core_sarimax_frozen_s42,sarimax,frozen,selected,False,42,20,2025-05-26 01:00:00,2025-06-01 00:00:00,144,140.82,True,True,54.36672751949314,29.869857509071284,84.23658502856442,0.0,0.0065794539987109,0.0122444340013316,0.3
core_sarimax_frozen_s42,sarimax,frozen,selected,False,42,20,2025-05-26 01:00:00,2025-06-01 01:00:00,145,142.92,True,True,54.29216399169542,29.869857509071284,84.1620215007667,0.0,0.0065794539987109,0.0122444340013316,0.3
core_sarimax_frozen_s42,sarimax,frozen,selected,False,42,20,2025-05-26 01:00:00,2025-06-01 02:00:00,146,141.13,True,True,53.2373897078196,29.869857509071284,83.10724721689088,0.0,0.0065794539987109,0.0122444340013316,0.3
core_sarimax_frozen_s42,sarimax,frozen,selected,False,42,20,2025-05-26 01:00:00,2025-06-01 03:00:00,147,141.26,True,True,56.35365205441471,29.869857509071284,86.22350956348599,0.0,0.0065794539987109,0.0122444340013316,0.3
core_sarimax_frozen_s42,sarimax,frozen,selected,False,42,20,2025-05-26 01:00:00,2025-06-01 04:00:00,148,144.88,True,True,61.03128034603273,29.869857509071284,90.90113785510401,0.0,0.0065794539987109,0.0122444340013316,0.3
core_sarimax_frozen_s42,sarimax,frozen,selected,False,42,20,2025-05-26 01:00:00,2025-06-01 05:00:00,149,144.08,True,True,60.726266528231065,29.869857509071284,90.59612403730235,0.0,0.0065794539987109,0.0122444340013316,0.3
core_sarimax_frozen_s42,sarimax,frozen,selected,False,42,20,2025-05-26 01:00:00,2025-06-01 06:00:00,150,140.46,True,True,59.639477682856096,29.869857509071284,89.50933519192738,0.0,0.0065794539987109,0.0122444340013316,0.3
core_sarimax_frozen_s42,sarimax,frozen,selected,False,42,20,2025-05-26 01:00:00,2025-06-01 07:00:00,151,132.96,True,True,55.69301131048695,29.869857509071284,85.56286881955823,0.0,0.0065794539987109,0.0122444340013316,0.3
core_sarimax_frozen_s42,sarimax,frozen,selected,False,42,20,2025-05-26 01:00:00,2025-06-01 08:00:00,152,124.21,True,True,51.3781080290596,29.869857509071284,81.24796553813088,0.0,0.0065794539987109,0.0122444340013316,0.3
core_sarimax_frozen_s42,sarimax,frozen,selected,False,42,20,2025-05-26 01:00:00,2025-06-01 09:00:00,153,116.33,True,True,47.77584745258216,29.869857509071284,77.64570496165345,0.0,0.0065794539987109,0.0122444340013316,0.3
core_sarimax_frozen_s42,sarimax,frozen,selected,False,42,20,2025-05-26 01:00:00,2025-06-01 10:00:00,154,115.28,True,True,45.37910195876475,29.869857509071284,75.24895946783603,0.0,0.0065794539987109,0.0122444340013316,0.3
core_sarimax_frozen_s42,sarimax,frozen,selected,False,42,20,2025-05-26 01:00:00,2025-06-01 11:00:00,155,114.98,True,True,44.887602450456114,29.869857509071284,74.7574599595274,0.0,0.0065794539987109,0.0122444340013316,0.3
core_sarimax_frozen_s42,sarimax,frozen,selected,False,42,20,2025-05-26 01:00:00,2025-06-01 12:00:00,156,113.42,True,True,45.26024186545206,29.869857509071284,75.13009937452334,0.0,0.0065794539987109,0.0122444340013316,0.3
core_sarimax_frozen_s42,sarimax,frozen,selected,False,42,20,2025-05-26 01:00:00,2025-06-01 13:00:00,157,109.48,True,True,45.09696809524675,29.869857509071284,74.96682560431803,0.0,0.0065794539987109,0.0122444340013316,0.3
core_sarimax_frozen_s42,sarimax,frozen,selected,False,42,20,2025-05-26 01:00:00,2025-06-01 14:00:00,158,105.92,True,True,45.17207638480954,29.869857509071284,75.04193389388082,0.0,0.0065794539987109,0.0122444340013316,0.3
core_sarimax_frozen_s42,sarimax,frozen,selected,False,42,20,2025-05-26 01:00:00,2025-06-01 15:00:00,159,102.49,True,True,45.24402678206943,29.869857509071284,75.11388429114072,0.0,0.0065794539987109,0.0122444340013316,0.3
core_sarimax_frozen_s42,sarimax,frozen,selected,False,42,20,2025-05-26 01:00:00,2025-06-01 16:00:00,160,98.07,True,True,44.15042231691368,29.869857509071284,74.02027982598496,0.0,0.0065794539987109,0.0122444340013316,0.3
core_sarimax_frozen_s42,sarimax,frozen,selected,False,42,20,2025-05-26 01:00:00,2025-06-01 17:00:00,161,96.47,True,True,44.18938422304496,29.869857509071284,74.05924173211625,0.0,0.0065794539987109,0.0122444340013316,0.3
core_sarimax_frozen_s42,sarimax,frozen,selected,False,42,20,2025-05-26 01:00:00,2025-06-01 18:00:00,162,96.95,True,True,44.709090659390114,29.869857509071284,74.5789481684614,0.0,0.0065794539987109,0.0122444340013316,0.3
core_sarimax_frozen_s42,sarimax,frozen,selected,False,42,20,2025-05-26 01:00:00,2025-06-01 19:00:00,163,98.76,True,True,45.12081361721644,29.869857509071284,74.99067112628772,0.0,0.0065794539987109,0.0122444340013316,0.3
core_sarimax_frozen_s42,sarimax,frozen,selected,False,42,20,2025-05-26 01:00:00,2025-06-01 20:00:00,164,101.29,True,True,47.25827044241743,29.869857509071284,77.12812795148871,0.0,0.0065794539987109,0.0122444340013316,0.3
core_sarimax_frozen_s42,sarimax,frozen,selected,False,42,20,2025-05-26 01:00:00,2025-06-01 21:00:00,165,104.07,True,True,49.13896626854722,29.869857509071284,79.0088237776185,0.0,0.0065794539987109,0.0122444340013316,0.3
core_sarimax_frozen_s42,sarimax,frozen,selected,False,42,20,2025-05-26 01:00:00,2025-06-01 22:00:00,166,106.16,True,True,49.96179961875578,29.869857509071284,79.83165712782706,0.0,0.0065794539987109,0.0122444340013316,0.3
core_sarimax_frozen_s42,sarimax,frozen,selected,False,42,20,2025-05-26 01:00:00,2025-06-01 23:00:00,167,110.18,True,True,51.23998265891507,29.869857509071284,81.10984016798635,0.0,0.0065794539987109,0.0122444340013316,0.3
core_sarimax_frozen_s42,sarimax,frozen,selected,False,42,20,2025-05-26 01:00:00,2025-06-02 00:00:00,168,117.77,True,True,53.52526304932192,29.869857509071284,83.3951205583932,0.0,0.0065794539987109,0.0122444340013316,0.3
core_sarimax_frozen_s42,sarimax,frozen,selected,False,42,21,2025-06-02 01:00:00,2025-06-02 01:00:00,1,151.6,True,True,121.16327682170947,30.483380325488664,151.64665714719814,0.0,0.0068072980029683,0.0118518900017079,0.3
core_sarimax_frozen_s42,sarimax,frozen,selected,False,42,21,2025-06-02 01:00:00,2025-06-02 02:00:00,2,178.26,True,True,122.1516038869413,30.483380325488664,152.63498421242997,0.0,0.0068072980029683,0.0118518900017079,0.3
core_sarimax_frozen_s42,sarimax,frozen,selected,False,42,21,2025-06-02 01:00:00,2025-06-02 03:00:00,3,202.42,True,True,125.21813781791022,30.483380325488664,155.70151814339889,0.0,0.0068072980029683,0.0118518900017079,0.3
core_sarimax_frozen_s42,sarimax,frozen,selected,False,42,21,2025-06-02 01:00:00,2025-06-02 04:00:00,4,111.52,True,True,105.60010633377544,30.483380325488664,136.0834866592641,0.0,0.0068072980029683,0.0118518900017079,0.3
core_sarimax_frozen_s42,sarimax,frozen,selected,False,42,21,2025-06-02 01:00:00,2025-06-02 05:00:00,5,52.03,True,True,93.20177262334391,30.483380325488664,123.68515294883258,0.0,0.0068072980029683,0.0118518900017079,0.3
core_sarimax_frozen_s42,sarimax,frozen,selected,False,42,21,2025-06-02 01:00:00,2025-06-02 06:00:00,6,36.71,True,True,86.77627346576602,30.483380325488664,117.25965379125469,0.0,0.0068072980029683,0.0118518900017079,0.3
core_sarimax_frozen_s42,sarimax,frozen,selected,False,42,21,2025-06-02 01:00:00,2025-06-02 07:00:00,7,0.0,True,True,80.33146052286435,30.483380325488664,110.81484084835301,0.0,0.0068072980029683,0.0118518900017079,0.3
core_sarimax_frozen_s42,sarimax,frozen,selected,False,42,21,2025-06-02 01:00:00,2025-06-02 08:00:00,8,22.27,True,True,74.6867633513084,30.483380325488664,105.17014367679707,0.0,0.0068072980029683,0.0118518900017079,0.3
core_sarimax_frozen_s42,sarimax,frozen,selected,False,42,21,2025-06-02 01:00:00,2025-06-02 09:00:00,9,17.89,True,True,69.83337400128522,30.483380325488664,100.31675432677389,0.0,0.0068072980029683,0.0118518900017079,0.3
core_sarimax_frozen_s42,sarimax,frozen,selected,False,42,21,2025-06-02 01:00:00,2025-06-02 10:00:00,10,15.41,True,True,66.75326436607597,30.483380325488664,97.23664469156463,0.0,0.0068072980029683,0.0118518900017079,0.3
core_sarimax_frozen_s42,sarimax,frozen,selected,False,42,21,2025-06-02 01:00:00,2025-06-02 11:00:00,11,14.09,True,True,65.61996333816504,30.483380325488664,96.1033436636537,0.0,0.0068072980029683,0.0118518900017079,0.3
core_sarimax_frozen_s42,sarimax,frozen,selected,False,42,21,2025-06-02 01:00:00,2025-06-02 12:00:00,12,12.35,True,True,64.95988901513999,30.483380325488664,95.44326934062866,0.0,0.0068072980029683,0.0118518900017079,0.3
core_sarimax_frozen_s42,sarimax,frozen,selected,False,42,21,2025-06-02 01:00:00,2025-06-02 13:00:00,13,10.6,True,True,64.46224961081052,30.483380325488664,94.94562993629918,0.0,0.0068072980029683,0.0118518900017079,0.3
core_sarimax_frozen_s42,sarimax,frozen,selected,False,42,21,2025-06-02 01:00:00,2025-06-02 14:00:00,14,9.83,True,True,65.89763022135418,30.483380325488664,96.38101054684284,0.0,0.0068072980029683,0.0118518900017079,0.3
core_sarimax_frozen_s42,sarimax,frozen,selected,False,42,21,2025-06-02 01:00:00,2025-06-02 15:00:00,15,9.13,True,True,67.66444503358534,30.483380325488664,98.147825359074,0.0,0.0068072980029683,0.0118518900017079,0.3
core_sarimax_frozen_s42,sarimax,frozen,selected,False,42,21,2025-06-02 01:00:00,2025-06-02 16:00:00,16,8.18,True,True,67.8887217004951,30.483380325488664,98.37210202598376,0.0,0.0068072980029683,0.0118518900017079,0.3
core_sarimax_frozen_s42,sarimax,frozen,selected,False,42,21,2025-06-02 01:00:00,2025-06-02 17:00:00,17,7.99,True,True,68.0453495061432,30.483380325488664,98.52872983163186,0.0,0.0068072980029683,0.0118518900017079,0.3
core_sarimax_frozen_s42,sarimax,frozen,selected,False,42,21,2025-06-02 01:00:00,2025-06-02 18:00:00,18,8.24,True,True,68.51201417847906,30.483380325488664,98.99539450396773,0.0,0.0068072980029683,0.0118518900017079,0.3
core_sarimax_frozen_s42,sarimax,frozen,selected,False,42,21,2025-06-02 01:00:00,2025-06-02 19:00:00,19,8.39,True,True,68.28043275723624,30.483380325488664,98.76381308272491,0.0,0.0068072980029683,0.0118518900017079,0.3
core_sarimax_frozen_s42,sarimax,frozen,selected,False,42,21,2025-06-02 01:00:00,2025-06-02 20:00:00,20,8.28,True,True,68.63026038941555,30.483380325488664,99.11364071490422,0.0,0.0068072980029683,0.0118518900017079,0.3
core_sarimax_frozen_s42,sarimax,frozen,selected,False,42,21,2025-06-02 01:00:00,2025-06-02 21:00:00,21,8.13,True,True,68.11975771612174,30.483380325488664,98.6031380416104,0.0,0.0068072980029683,0.0118518900017079,0.3
core_sarimax_frozen_s42,sarimax,frozen,selected,False,42,21,2025-06-02 01:00:00,2025-06-02 22:00:00,22,8.39,True,True,65.97214592866803,30.483380325488664,96.4555262541567,0.0,0.0068072980029683,0.0118518900017079,0.3
core_sarimax_frozen_s42,sarimax,frozen,selected,False,42,21,2025-06-02 01:00:00,2025-06-02 23:00:00,23,9.32,True,True,64.30237591782259,30.483380325488664,94.78575624331125,0.0,0.0068072980029683,0.0118518900017079,0.3
core_sarimax_frozen_s42,sarimax,frozen,selected,False,42,21,2025-06-02 01:00:00,2025-06-03 00:00:00,24,10.74,True,True,63.80985520309545,30.483380325488664,94.29323552858412,0.0,0.0068072980029683,0.0118518900017079,0.3
core_sarimax_frozen_s42,sarimax,frozen,selected,False,42,21,2025-06-02 01:00:00,2025-06-03 01:00:00,25,12.42,True,True,65.39221791718845,30.483380325488664,95.87559824267711,0.0,0.0068072980029683,0.0118518900017079,0.3
core_sarimax_frozen_s42,sarimax,frozen,selected,False,42,21,2025-06-02 01:00:00,2025-06-03 02:00:00,26,13.46,True,True,65.4879050342152,30.483380325488664,95.97128535970387,0.0,0.0068072980029683,0.0118518900017079,0.3
core_sarimax_frozen_s42,sarimax,frozen,selected,False,42,21,2025-06-02 01:00:00,2025-06-03 03:00:00,27,14.42,True,True,68.31767924365997,30.483380325488664,98.80105956914863,0.0,0.0068072980029683,0.0118518900017079,0.3
core_sarimax_frozen_s42,sarimax,frozen,selected,False,42,21,2025-06-02 01:00:00,2025-06-03 04:00:00,28,12.8,True,True,61.41843438370719,30.483380325488664,91.90181470919586,0.0,0.0068072980029683,0.0118518900017079,0.3
core_sarimax_frozen_s42,sarimax,frozen,selected,False,42,21,2025-06-02 01:00:00,2025-06-03 05:00:00,29,12.03,True,True,57.83216733406076,30.483380325488664,88.31554765954942,0.0,0.0068072980029683,0.0118518900017079,0.3
core_sarimax_frozen_s42,sarimax,frozen,selected,False,42,21,2025-06-02 01:00:00,2025-06-03 06:00:00,30,11.27,True,True,55.80994994563159,30.483380325488664,86.29333027112025,0.0,0.0068072980029683,0.0118518900017079,0.3
core_sarimax_frozen_s42,sarimax,frozen,selected,False,42,21,2025-06-02 01:00:00,2025-06-03 07:00:00,31,10.46,True,True,52.591385813815066,30.483380325488664,83.07476613930373,0.0,0.0068072980029683,0.0118518900017079,0.3
core_sarimax_frozen_s42,sarimax,frozen,selected,False,42,21,2025-06-02 01:00:00,2025-06-03 08:00:00,32,9.58,True,True,49.371753835763286,30.483380325488664,79.85513416125195,0.0,0.0068072980029683,0.0118518900017079,0.3
core_sarimax_frozen_s42,sarimax,frozen,selected,False,42,21,2025-06-02 01:00:00,2025-06-03 09:00:00,33,8.34,True,True,46.257619544012414,30.483380325488664,76.74099986950108,0.0,0.0068072980029683,0.0118518900017079,0.3
core_sarimax_frozen_s42,sarimax,frozen,selected,False,42,21,2025-06-02 01:00:00,2025-06-03 10:00:00,34,7.77,True,True,44.55894873737887,30.483380325488664,75.04232906286754,0.0,0.0068072980029683,0.0118518900017079,0.3
core_sarimax_frozen_s42,sarimax,frozen,selected,False,42,21,2025-06-02 01:00:00,2025-06-03 11:00:00,35,7.91,True,True,44.75865776708832,30.483380325488664,75.24203809257699,0.0,0.0068072980029683,0.0118518900017079,0.3
core_sarimax_frozen_s42,sarimax,frozen,selected,False,42,21,2025-06-02 01:00:00,2025-06-03 12:00:00,36,8.07,True,True,45.66843978936837,30.483380325488664,76.15182011485703,0.0,0.0068072980029683,0.0118518900017079,0.3
core_sarimax_frozen_s42,sarimax,frozen,selected,False,42,21,2025-06-02 01:00:00,2025-06-03 13:00:00,37,8.04,True,True,46.54042640215809,30.483380325488664,77.02380672764676,0.0,0.0068072980029683,0.0118518900017079,0.3
core_sarimax_frozen_s42,sarimax,frozen,selected,False,42,21,2025-06-02 01:00:00,2025-06-03 14:00:00,38,8.34,True,True,48.96801490364479,30.483380325488664,79.45139522913345,0.0,0.0068072980029683,0.0118518900017079,0.3
core_sarimax_frozen_s42,sarimax,frozen,selected,False,42,21,2025-06-02 01:00:00,2025-06-03 15:00:00,39,8.61,True,True,51.99607237380644,30.483380325488664,82.47945269929511,0.0,0.0068072980029683,0.0118518900017079,0.3
core_sarimax_frozen_s42,sarimax,frozen,selected,False,42,21,2025-06-02 01:00:00,2025-06-03 16:00:00,40,8.84,True,True,54.0910033624329,30.483380325488664,84.57438368792157,0.0,0.0068072980029683,0.0118518900017079,0.3
core_sarimax_frozen_s42,sarimax,frozen,selected,False,42,21,2025-06-02 01:00:00,2025-06-03 17:00:00,41,9.51,True,True,55.97536952295121,30.483380325488664,86.45874984843988,0.0,0.0068072980029683,0.0118518900017079,0.3
core_sarimax_frozen_s42,sarimax,frozen,selected,False,42,21,2025-06-02 01:00:00,2025-06-03 18:00:00,42,10.41,True,True,57.66140609017526,30.483380325488664,88.14478641566393,0.0,0.0068072980029683,0.0118518900017079,0.3
core_sarimax_frozen_s42,sarimax,frozen,selected,False,42,21,2025-06-02 01:00:00,2025-06-03 19:00:00,43,11.41,True,True,58.511745496045904,30.483380325488664,88.99512582153457,0.0,0.0068072980029683,0.0118518900017079,0.3
core_sarimax_frozen_s42,sarimax,frozen,selected,False,42,21,2025-06-02 01:00:00,2025-06-03 20:00:00,44,12.47,True,True,60.253963409880186,30.483380325488664,90.73734373536885,0.0,0.0068072980029683,0.0118518900017079,0.3
core_sarimax_frozen_s42,sarimax,frozen,selected,False,42,21,2025-06-02 01:00:00,2025-06-03 21:00:00,45,13.51,True,True,61.4429682191967,30.483380325488664,91.92634854468537,0.0,0.0068072980029683,0.0118518900017079,0.3
core_sarimax_frozen_s42,sarimax,frozen,selected,False,42,21,2025-06-02 01:00:00,2025-06-03 22:00:00,46,14.0,True,True,60.499952645333536,30.483380325488664,90.9833329708222,0.0,0.0068072980029683,0.0118518900017079,0.3
core_sarimax_frozen_s42,sarimax,frozen,selected,False,42,21,2025-06-02 01:00:00,2025-06-03 23:00:00,47,14.24,True,True,58.76145614754219,30.483380325488664,89.24483647303086,0.0,0.0068072980029683,0.0118518900017079,0.3
core_sarimax_frozen_s42,sarimax,frozen,selected,False,42,21,2025-06-02 01:00:00,2025-06-04 00:00:00,48,14.68,True,True,58.31430604069794,30.483380325488664,88.79768636618661,0.0,0.0068072980029683,0.0118518900017079,0.3
core_sarimax_frozen_s42,sarimax,frozen,selected,False,42,21,2025-06-02 01:00:00,2025-06-04 01:00:00,49,15.19,True,True,59.71240315605533,30.483380325488664,90.195783481544,0.0,0.0068072980029683,0.0118518900017079,0.3
core_sarimax_frozen_s42,sarimax,frozen,selected,False,42,21,2025-06-02 01:00:00,2025-06-04 02:00:00,50,16.09,True,True,59.83159933010586,30.483380325488664,90.31497965559453,0.0,0.0068072980029683,0.0118518900017079,0.3
core_sarimax_frozen_s42,sarimax,frozen,selected,False,42,21,2025-06-02 01:00:00,2025-06-04 03:00:00,51,19.43,True,True,62.96050036724733,30.483380325488664,93.44388069273599,0.0,0.0068072980029683,0.0118518900017079,0.3
core_sarimax_frozen_s42,sarimax,frozen,selected,False,42,21,2025-06-02 01:00:00,2025-06-04 04:00:00,52,11.29,True,True,51.288385935510746,30.483380325488664,81.77176626099941,0.0,0.0068072980029683,0.0118518900017079,0.3
core_sarimax_frozen_s42,sarimax,frozen,selected,False,42,21,2025-06-02 01:00:00,2025-06-04 05:00:00,53,11.63,True,True,47.01351922693314,30.483380325488664,77.49689955242181,0.0,0.0068072980029683,0.0118518900017079,0.3
core_sarimax_frozen_s42,sarimax,frozen,selected,False,42,21,2025-06-02 01:00:00,2025-06-04 06:00:00,54,12.87,True,True,45.52010152031198,30.483380325488664,76.00348184580065,0.0,0.0068072980029683,0.0118518900017079,0.3
core_sarimax_frozen_s42,sarimax,frozen,selected,False,42,21,2025-06-02 01:00:00,2025-06-04 07:00:00,55,13.31,True,True,43.0092726120796,30.483380325488664,73.49265293756827,0.0,0.0068072980029683,0.0118518900017079,0.3
core_sarimax_frozen_s42,sarimax,frozen,selected,False,42,21,2025-06-02 01:00:00,2025-06-04 08:00:00,56,13.35,True,True,40.55829075185676,30.483380325488664,71.04167107734543,0.0,0.0068072980029683,0.0118518900017079,0.3
core_sarimax_frozen_s42,sarimax,frozen,selected,False,42,21,2025-06-02 01:00:00,2025-06-04 09:00:00,57,13.17,True,True,38.29854199293152,30.483380325488664,68.78192231842019,0.0,0.0068072980029683,0.0118518900017079,0.3
core_sarimax_frozen_s42,sarimax,frozen,selected,False,42,21,2025-06-02 01:00:00,2025-06-04 10:00:00,58,14.46,True,True,37.52737838954786,30.483380325488664,68.01075871503653,0.0,0.0068072980029683,0.0118518900017079,0.3
core_sarimax_frozen_s42,sarimax,frozen,selected,False,42,21,2025-06-02 01:00:00,2025-06-04 11:00:00,59,17.07,True,True,38.451203249882326,30.483380325488664,68.934583575371,0.0,0.0068072980029683,0.0118518900017079,0.3
core_sarimax_frozen_s42,sarimax,frozen,selected,False,42,21,2025-06-02 01:00:00,2025-06-04 12:00:00,60,19.94,True,True,39.654863000043264,30.483380325488664,70.13824332553193,0.0,0.0068072980029683,0.0118518900017079,0.3
core_sarimax_frozen_s42,sarimax,frozen,selected,False,42,21,2025-06-02 01:00:00,2025-06-04 13:00:00,61,22.86,True,True,40.16326284841591,30.483380325488664,70.64664317390458,0.0,0.0068072980029683,0.0118518900017079,0.3
core_sarimax_frozen_s42,sarimax,frozen,selected,False,42,21,2025-06-02 01:00:00,2025-06-04 14:00:00,62,26.36,True,True,41.492656421128885,30.483380325488664,71.97603674661755,0.0,0.0068072980029683,0.0118518900017079,0.3
core_sarimax_frozen_s42,sarimax,frozen,selected,False,42,21,2025-06-02 01:00:00,2025-06-04 15:00:00,63,29.44,True,True,43.2006622566405,30.483380325488664,73.68404258212917,0.0,0.0068072980029683,0.0118518900017079,0.3
core_sarimax_frozen_s42,sarimax,frozen,selected,False,42,21,2025-06-02 01:00:00,2025-06-04 16:00:00,64,30.85,True,True,43.622745294360215,30.483380325488664,74.10612561984888,0.0,0.0068072980029683,0.0118518900017079,0.3
core_sarimax_frozen_s42,sarimax,frozen,selected,False,42,21,2025-06-02 01:00:00,2025-06-04 17:00:00,65,31.64,True,True,44.51943854972805,30.483380325488664,75.00281887521672,0.0,0.0068072980029683,0.0118518900017079,0.3
core_sarimax_frozen_s42,sarimax,frozen,selected,False,42,21,2025-06-02 01:00:00,2025-06-04 18:00:00,66,34.21,True,True,45.94975624222076,30.483380325488664,76.43313656770943,0.0,0.0068072980029683,0.0118518900017079,0.3
core_sarimax_frozen_s42,sarimax,frozen,selected,False,42,21,2025-06-02 01:00:00,2025-06-04 19:00:00,67,38.51,True,True,47.19263903132142,30.483380325488664,77.67601935681009,0.0,0.0068072980029683,0.0118518900017079,0.3
core_sarimax_frozen_s42,sarimax,frozen,selected,False,42,21,2025-06-02 01:00:00,2025-06-04 20:00:00,68,43.42,True,True,49.29271474661528,30.483380325488664,79.77609507210394,0.0,0.0068072980029683,0.0118518900017079,0.3
core_sarimax_frozen_s42,sarimax,frozen,selected,False,42,21,2025-06-02 01:00:00,2025-06-04 21:00:00,69,48.58,True,True,50.77887666875492,30.483380325488664,81.26225699424359,0.0,0.0068072980029683,0.0118518900017079,0.3
core_sarimax_frozen_s42,sarimax,frozen,selected,False,42,21,2025-06-02 01:00:00,2025-06-04 22:00:00,70,52.49,True,True,50.82578917135851,30.483380325488664,81.30916949684718,0.0,0.0068072980029683,0.0118518900017079,0.3
core_sarimax_frozen_s42,sarimax,frozen,selected,False,42,21,2025-06-02 01:00:00,2025-06-04 23:00:00,71,56.1,True,True,50.64266569876543,30.483380325488664,81.1260460242541,0.0,0.0068072980029683,0.0118518900017079,0.3
core_sarimax_frozen_s42,sarimax,frozen,selected,False,42,21,2025-06-02 01:00:00,2025-06-05 00:00:00,72,62.38,True,True,51.51100045571823,30.483380325488664,81.9943807812069,0.0,0.0068072980029683,0.0118518900017079,0.3
core_sarimax_frozen_s42,sarimax,frozen,selected,False,42,21,2025-06-02 01:00:00,2025-06-05 01:00:00,73,74.59,True,True,55.53095658008553,30.483380325488664,86.0143369055742,0.0,0.0068072980029683,0.0118518900017079,0.3
core_sarimax_frozen_s42,sarimax,frozen,selected,False,42,21,2025-06-02 01:00:00,2025-06-05 02:00:00,74,85.38,True,True,57.90408620530357,30.483380325488664,88.38746653079224,0.0,0.0068072980029683,0.0118518900017079,0.3
core_sarimax_frozen_s42,sarimax,frozen,selected,False,42,21,2025-06-02 01:00:00,2025-06-05 03:00:00,75,99.4,True,True,63.207441374997416,30.483380325488664,93.69082170048608,0.0,0.0068072980029683,0.0118518900017079,0.3
core_sarimax_frozen_s42,sarimax,frozen,selected,False,42,21,2025-06-02 01:00:00,2025-06-05 04:00:00,76,120.44,True,True,62.13530081602926,30.483380325488664,92.61868114151792,0.0,0.0068072980029683,0.0118518900017079,0.3
core_sarimax_frozen_s42,sarimax,frozen,selected,False,42,21,2025-06-02 01:00:00,2025-06-05 05:00:00,77,134.36,True,True,60.30851383609246,30.483380325488664,90.79189416158113,0.0,0.0068072980029683,0.0118518900017079,0.3
core_sarimax_frozen_s42,sarimax,frozen,selected,False,42,21,2025-06-02 01:00:00,2025-06-05 06:00:00,78,145.41,True,True,59.13957765387937,30.483380325488664,89.62295797936804,0.0,0.0068072980029683,0.0118518900017079,0.3
core_sarimax_frozen_s42,sarimax,frozen,selected,False,42,21,2025-06-02 01:00:00,2025-06-05 07:00:00,79,126.95,True,True,51.70625268277274,30.483380325488664,82.18963300826141,0.0,0.0068072980029683,0.0118518900017079,0.3
core_sarimax_frozen_s42,sarimax,frozen,selected,False,42,21,2025-06-02 01:00:00,2025-06-05 08:00:00,80,103.9,True,True,45.02416518710919,30.483380325488664,75.50754551259786,0.0,0.0068072980029683,0.0118518900017079,0.3
core_sarimax_frozen_s42,sarimax,frozen,selected,False,42,21,2025-06-02 01:00:00,2025-06-05 09:00:00,81,87.12,True,True,40.15155645456369,30.483380325488664,70.63493678005236,0.0,0.0068072980029683,0.0118518900017079,0.3
core_sarimax_frozen_s42,sarimax,frozen,selected,False,42,21,2025-06-02 01:00:00,2025-06-05 10:00:00,82,80.59,True,True,38.16281183079286,30.483380325488664,68.64619215628153,0.0,0.0068072980029683,0.0118518900017079,0.3
core_sarimax_frozen_s42,sarimax,frozen,selected,False,42,21,2025-06-02 01:00:00,2025-06-05 11:00:00,83,81.51,True,True,39.115927177906,30.483380325488664,69.59930750339467,0.0,0.0068072980029683,0.0118518900017079,0.3
core_sarimax_frozen_s42,sarimax,frozen,selected,False,42,21,2025-06-02 01:00:00,2025-06-05 12:00:00,84,83.28,True,True,40.63290720213149,30.483380325488664,71.11628752762016,0.0,0.0068072980029683,0.0118518900017079,0.3
core_sarimax_frozen_s42,sarimax,frozen,selected,False,42,21,2025-06-02 01:00:00,2025-06-05 13:00:00,85,83.0,True,True,41.13719319638241,30.483380325488664,71.62057352187108,0.0,0.0068072980029683,0.0118518900017079,0.3
core_sarimax_frozen_s42,sarimax,frozen,selected,False,42,21,2025-06-02 01:00:00,2025-06-05 14:00:00,86,83.2,True,True,41.90621873648109,30.483380325488664,72.38959906196975,0.0,0.0068072980029683,0.0118518900017079,0.3
core_sarimax_frozen_s42,sarimax,frozen,selected,False,42,21,2025-06-02 01:00:00,2025-06-05 15:00:00,87,82.87,True,True,43.06395567141647,30.483380325488664,73.54733599690513,0.0,0.0068072980029683,0.0118518900017079,0.3
core_sarimax_frozen_s42,sarimax,frozen,selected,False,42,21,2025-06-02 01:00:00,2025-06-05 16:00:00,88,81.15,True,True,43.41908867700755,30.483380325488664,73.90246900249622,0.0,0.0068072980029683,0.0118518900017079,0.3
core_sarimax_frozen_s42,sarimax,frozen,selected,False,42,21,2025-06-02 01:00:00,2025-06-05 17:00:00,89,80.3,True,True,43.93103073945204,30.483380325488664,74.41441106494071,0.0,0.0068072980029683,0.0118518900017079,0.3
core_sarimax_frozen_s42,sarimax,frozen,selected,False,42,21,2025-06-02 01:00:00,2025-06-05 18:00:00,90,80.19,True,True,44.5938698805881,30.483380325488664,75.07725020607677,0.0,0.0068072980029683,0.0118518900017079,0.3
core_sarimax_frozen_s42,sarimax,frozen,selected,False,42,21,2025-06-02 01:00:00,2025-06-05 19:00:00,91,80.36,True,True,45.147609593514176,30.483380325488664,75.63098991900284,0.0,0.0068072980029683,0.0118518900017079,0.3
core_sarimax_frozen_s42,sarimax,frozen,selected,False,42,21,2025-06-02 01:00:00,2025-06-05 20:00:00,92,82.62,True,True,47.21039988906233,30.483380325488664,77.693780214551,0.0,0.0068072980029683,0.0118518900017079,0.3
core_sarimax_frozen_s42,sarimax,frozen,selected,False,42,21,2025-06-02 01:00:00,2025-06-05 21:00:00,93,86.87,True,True,49.59698257135611,30.483380325488664,80.08036289684478,0.0,0.0068072980029683,0.0118518900017079,0.3
core_sarimax_frozen_s42,sarimax,frozen,selected,False,42,21,2025-06-02 01:00:00,2025-06-05 22:00:00,94,90.15,True,True,53.72544008401886,30.483380325488664,84.20882040950752,0.0,0.0068072980029683,0.0118518900017079,0.3
core_sarimax_frozen_s42,sarimax,frozen,selected,False,42,21,2025-06-02 01:00:00,2025-06-05 23:00:00,95,92.06,True,True,61.07463863128382,30.483380325488664,91.55801895677249,0.0,0.0068072980029683,0.0118518900017079,0.3
core_sarimax_frozen_s42,sarimax,frozen,selected,False,42,21,2025-06-02 01:00:00,2025-06-06 00:00:00,96,92.32,True,True,67.52950933797388,30.483380325488664,98.01288966346254,0.0,0.0068072980029683,0.0118518900017079,0.3
core_sarimax_frozen_s42,sarimax,frozen,selected,False,42,21,2025-06-02 01:00:00,2025-06-06 01:00:00,97,92.26,True,True,66.58099657468247,30.483380325488664,97.06437690017114,0.0,0.0068072980029683,0.0118518900017079,0.3
core_sarimax_frozen_s42,sarimax,frozen,selected,False,42,21,2025-06-02 01:00:00,2025-06-06 02:00:00,98,87.72,True,True,63.02210132079537,30.483380325488664,93.50548164628404,0.0,0.0068072980029683,0.0118518900017079,0.3
core_sarimax_frozen_s42,sarimax,frozen,selected,False,42,21,2025-06-02 01:00:00,2025-06-06 03:00:00,99,84.53,True,True,65.1071793455259,30.483380325488664,95.59055967101457,0.0,0.0068072980029683,0.0118518900017079,0.3
core_sarimax_frozen_s42,sarimax,frozen,selected,False,42,21,2025-06-02 01:00:00,2025-06-06 04:00:00,100,92.1,True,True,59.83520663218326,30.483380325488664,90.31858695767193,0.0,0.0068072980029683,0.0118518900017079,0.3
core_sarimax_frozen_s42,sarimax,frozen,selected,False,42,21,2025-06-02 01:00:00,2025-06-06 05:00:00,101,97.26,True,True,54.45312477341798,30.483380325488664,84.93650509890665,0.0,0.0068072980029683,0.0118518900017079,0.3
core_sarimax_frozen_s42,sarimax,frozen,selected,False,42,21,2025-06-02 01:00:00,2025-06-06 06:00:00,102,101.51,True,True,52.23691503200877,30.483380325488664,82.72029535749743,0.0,0.0068072980029683,0.0118518900017079,0.3
core_sarimax_frozen_s42,sarimax,frozen,selected,False,42,21,2025-06-02 01:00:00,2025-06-06 07:00:00,103,94.8,True,True,46.916741288959,30.483380325488664,77.40012161444767,0.0,0.0068072980029683,0.0118518900017079,0.3
core_sarimax_frozen_s42,sarimax,frozen,selected,False,42,21,2025-06-02 01:00:00,2025-06-06 08:00:00,104,86.36,True,True,41.806250279318846,30.483380325488664,72.28963060480751,0.0,0.0068072980029683,0.0118518900017079,0.3
core_sarimax_frozen_s42,sarimax,frozen,selected,False,42,21,2025-06-02 01:00:00,2025-06-06 09:00:00,105,84.85,True,True,38.65853856876103,30.483380325488664,69.1419188942497,0.0,0.0068072980029683,0.0118518900017079,0.3
core_sarimax_frozen_s42,sarimax,frozen,selected,False,42,21,2025-06-02 01:00:00,2025-06-06 10:00:00,106,88.51,True,True,37.42945636348779,30.483380325488664,67.91283668897645,0.0,0.0068072980029683,0.0118518900017079,0.3
core_sarimax_frozen_s42,sarimax,frozen,selected,False,42,21,2025-06-02 01:00:00,2025-06-06 11:00:00,107,95.3,True,True,38.13280903641228,30.483380325488664,68.61618936190095,0.0,0.0068072980029683,0.0118518900017079,0.3
core_sarimax_frozen_s42,sarimax,frozen,selected,False,42,21,2025-06-02 01:00:00,2025-06-06 12:00:00,108,103.02,True,True,39.731888390960194,30.483380325488664,70.21526871644886,0.0,0.0068072980029683,0.0118518900017079,0.3
core_sarimax_frozen_s42,sarimax,frozen,selected,False,42,21,2025-06-02 01:00:00,2025-06-06 13:00:00,109,111.17,True,True,42.25657561190192,30.483380325488664,72.73995593739059,0.0,0.0068072980029683,0.0118518900017079,0.3
core_sarimax_frozen_s42,sarimax,frozen,selected,False,42,21,2025-06-02 01:00:00,2025-06-06 14:00:00,110,122.15,True,True,46.89018380902292,30.483380325488664,77.37356413451158,0.0,0.0068072980029683,0.0118518900017079,0.3
core_sarimax_frozen_s42,sarimax,frozen,selected,False,42,21,2025-06-02 01:00:00,2025-06-06 15:00:00,111,138.37,True,True,51.83114403621252,30.483380325488664,82.31452436170119,0.0,0.0068072980029683,0.0118518900017079,0.3
core_sarimax_frozen_s42,sarimax,frozen,selected,False,42,21,2025-06-02 01:00:00,2025-06-06 16:00:00,112,151.05,True,True,54.46155676059072,30.483380325488664,84.94493708607938,0.0,0.0068072980029683,0.0118518900017079,0.3
core_sarimax_frozen_s42,sarimax,frozen,selected,False,42,21,2025-06-02 01:00:00,2025-06-06 17:00:00,113,161.27,True,True,56.53498570964487,30.483380325488664,87.01836603513354,0.0,0.0068072980029683,0.0118518900017079,0.3
core_sarimax_frozen_s42,sarimax,frozen,selected,False,42,21,2025-06-02 01:00:00,2025-06-06 18:00:00,114,168.87,True,True,58.7950775440961,30.483380325488664,89.27845786958477,0.0,0.0068072980029683,0.0118518900017079,0.3
core_sarimax_frozen_s42,sarimax,frozen,selected,False,42,21,2025-06-02 01:00:00,2025-06-06 19:00:00,115,171.45,True,True,60.60913578400897,30.483380325488664,91.09251610949764,0.0,0.0068072980029683,0.0118518900017079,0.3
core_sarimax_frozen_s42,sarimax,frozen,selected,False,42,21,2025-06-02 01:00:00,2025-06-06 20:00:00,116,173.44,True,True,64.40659111044812,30.483380325488664,94.88997143593679,0.0,0.0068072980029683,0.0118518900017079,0.3
core_sarimax_frozen_s42,sarimax,frozen,selected,False,42,21,2025-06-02 01:00:00,2025-06-06 21:00:00,117,175.13,True,True,70.4210138014069,30.483380325488664,100.90439412689557,0.0,0.0068072980029683,0.0118518900017079,0.3
core_sarimax_frozen_s42,sarimax,frozen,selected,False,42,21,2025-06-02 01:00:00,2025-06-06 22:00:00,118,183.1,True,True,79.57145069654663,30.483380325488664,110.0548310220353,0.0,0.0068072980029683,0.0118518900017079,0.3
core_sarimax_frozen_s42,sarimax,frozen,selected,False,42,21,2025-06-02 01:00:00,2025-06-06 23:00:00,119,150.18,True,True,76.37887623016783,30.483380325488664,106.8622565556565,0.0,0.0068072980029683,0.0118518900017079,0.3
core_sarimax_frozen_s42,sarimax,frozen,selected,False,42,21,2025-06-02 01:00:00,2025-06-07 00:00:00,120,121.85,True,True,68.13480779587726,30.483380325488664,98.61818812136593,0.0,0.0068072980029683,0.0118518900017079,0.3
core_sarimax_frozen_s42,sarimax,frozen,selected,False,42,21,2025-06-02 01:00:00,2025-06-07 01:00:00,121,97.42,True,True,58.45497116382725,30.483380325488664,88.93835148931592,0.0,0.0068072980029683,0.0118518900017079,0.3
core_sarimax_frozen_s42,sarimax,frozen,selected,False,42,21,2025-06-02 01:00:00,2025-06-07 02:00:00,122,84.6,True,True,53.9657107111986,30.483380325488664,84.44909103668726,0.0,0.0068072980029683,0.0118518900017079,0.3
core_sarimax_frozen_s42,sarimax,frozen,selected,False,42,21,2025-06-02 01:00:00,2025-06-07 03:00:00,123,80.29,True,True,56.872465654271934,30.483380325488664,87.3558459797606,0.0,0.0068072980029683,0.0118518900017079,0.3
core_sarimax_frozen_s42,sarimax,frozen,selected,False,42,21,2025-06-02 01:00:00,2025-06-07 04:00:00,124,65.58,True,True,52.96094575970568,30.483380325488664,83.44432608519435,0.0,0.0068072980029683,0.0118518900017079,0.3
core_sarimax_frozen_s42,sarimax,frozen,selected,False,42,21,2025-06-02 01:00:00,2025-06-07 05:00:00,125,54.96,True,True,48.36160325631596,30.483380325488664,78.84498358180463,0.0,0.0068072980029683,0.0118518900017079,0.3
core_sarimax_frozen_s42,sarimax,frozen,selected,False,42,21,2025-06-02 01:00:00,2025-06-07 06:00:00,126,51.06,True,True,45.65112967549197,30.483380325488664,76.13451000098064,0.0,0.0068072980029683,0.0118518900017079,0.3
core_sarimax_frozen_s42,sarimax,frozen,selected,False,42,21,2025-06-02 01:00:00,2025-06-07 07:00:00,127,47.29,True,True,41.69796208940798,30.483380325488664,72.18134241489665,0.0,0.0068072980029683,0.0118518900017079,0.3
core_sarimax_frozen_s42,sarimax,frozen,selected,False,42,21,2025-06-02 01:00:00,2025-06-07 08:00:00,128,43.79,True,True,38.27197916854794,30.483380325488664,68.7553594940366,0.0,0.0068072980029683,0.0118518900017079,0.3
core_sarimax_frozen_s42,sarimax,frozen,selected,False,42,21,2025-06-02 01:00:00,2025-06-07 09:00:00,129,41.15,True,True,35.7858205012063,30.483380325488664,66.26920082669497,0.0,0.0068072980029683,0.0118518900017079,0.3
core_sarimax_frozen_s42,sarimax,frozen,selected,False,42,21,2025-06-02 01:00:00,2025-06-07 10:00:00,130,39.25,True,True,34.31963206902094,30.483380325488664,64.80301239450961,0.0,0.0068072980029683,0.0118518900017079,0.3
core_sarimax_frozen_s42,sarimax,frozen,selected,False,42,21,2025-06-02 01:00:00,2025-06-07 11:00:00,131,38.59,True,True,34.29271724831668,30.483380325488664,64.77609757380534,0.0,0.0068072980029683,0.0118518900017079,0.3
core_sarimax_frozen_s42,sarimax,frozen,selected,False,42,21,2025-06-02 01:00:00,2025-06-07 12:00:00,132,39.35,True,True,35.384346676135976,30.483380325488664,65.86772700162464,0.0,0.0068072980029683,0.0118518900017079,0.3
core_sarimax_frozen_s42,sarimax,frozen,selected,False,42,21,2025-06-02 01:00:00,2025-06-07 13:00:00,133,42.39,True,True,37.71985316527503,30.483380325488664,68.2032334907637,0.0,0.0068072980029683,0.0118518900017079,0.3
core_sarimax_frozen_s42,sarimax,frozen,selected,False,42,21,2025-06-02 01:00:00,2025-06-07 14:00:00,134,48.36,True,True,42.4166392758562,30.483380325488664,72.90001960134487,0.0,0.0068072980029683,0.0118518900017079,0.3
core_sarimax_frozen_s42,sarimax,frozen,selected,False,42,21,2025-06-02 01:00:00,2025-06-07 15:00:00,135,56.86,True,True,47.821251128348734,30.483380325488664,78.3046314538374,0.0,0.0068072980029683,0.0118518900017079,0.3
core_sarimax_frozen_s42,sarimax,frozen,selected,False,42,21,2025-06-02 01:00:00,2025-06-07 16:00:00,136,67.42,True,True,51.71368426937326,30.483380325488664,82.19706459486193,0.0,0.0068072980029683,0.0118518900017079,0.3
core_sarimax_frozen_s42,sarimax,frozen,selected,False,42,21,2025-06-02 01:00:00,2025-06-07 17:00:00,137,80.18,True,True,55.591648166910886,30.483380325488664,86.07502849239955,0.0,0.0068072980029683,0.0118518900017079,0.3
core_sarimax_frozen_s42,sarimax,frozen,selected,False,42,21,2025-06-02 01:00:00,2025-06-07 18:00:00,138,94.26,True,True,59.80873410611949,30.483380325488664,90.29211443160816,0.0,0.0068072980029683,0.0118518900017079,0.3
core_sarimax_frozen_s42,sarimax,frozen,selected,False,42,21,2025-06-02 01:00:00,2025-06-07 19:00:00,139,106.22,True,True,63.1960477026164,30.483380325488664,93.67942802810506,0.0,0.0068072980029683,0.0118518900017079,0.3
core_sarimax_frozen_s42,sarimax,frozen,selected,False,42,21,2025-06-02 01:00:00,2025-06-07 20:00:00,140,116.89,True,True,67.25963243262109,30.483380325488664,97.74301275810976,0.0,0.0068072980029683,0.0118518900017079,0.3
core_sarimax_frozen_s42,sarimax,frozen,selected,False,42,21,2025-06-02 01:00:00,2025-06-07 21:00:00,141,128.1,True,True,70.77726632206628,30.483380325488664,101.26064664755495,0.0,0.0068072980029683,0.0118518900017079,0.3
core_sarimax_frozen_s42,sarimax,frozen,selected,False,42,21,2025-06-02 01:00:00,2025-06-07 22:00:00,142,138.62,True,True,73.04822651101406,30.483380325488664,103.53160683650273,0.0,0.0068072980029683,0.0118518900017079,0.3
core_sarimax_frozen_s42,sarimax,frozen,selected,False,42,21,2025-06-02 01:00:00,2025-06-07 23:00:00,143,147.74,True,True,74.86769164894605,30.483380325488664,105.35107197443472,0.0,0.0068072980029683,0.0118518900017079,0.3
core_sarimax_frozen_s42,sarimax,frozen,selected,False,42,21,2025-06-02 01:00:00,2025-06-08 00:00:00,144,154.85,True,True,77.22426556258534,30.483380325488664,107.70764588807401,0.0,0.0068072980029683,0.0118518900017079,0.3
core_sarimax_frozen_s42,sarimax,frozen,selected,False,42,21,2025-06-02 01:00:00,2025-06-08 01:00:00,145,171.91,True,True,74.54926476721369,30.483380325488664,105.03264509270235,0.0,0.0068072980029683,0.0118518900017079,0.3
core_sarimax_frozen_s42,sarimax,frozen,selected,False,42,21,2025-06-02 01:00:00,2025-06-08 02:00:00,146,172.97,True,True,73.74053890514688,30.483380325488664,104.22391923063554,0.0,0.0068072980029683,0.0118518900017079,0.3
core_sarimax_frozen_s42,sarimax,frozen,selected,False,42,21,2025-06-02 01:00:00,2025-06-08 03:00:00,147,180.31,True,True,77.68639665762217,30.483380325488664,108.16977698311084,0.0,0.0068072980029683,0.0118518900017079,0.3
core_sarimax_frozen_s42,sarimax,frozen,selected,False,42,21,2025-06-02 01:00:00,2025-06-08 04:00:00,148,104.44,True,True,57.52086885822959,30.483380325488664,88.00424918371826,0.0,0.0068072980029683,0.0118518900017079,0.3
core_sarimax_frozen_s42,sarimax,frozen,selected,False,42,21,2025-06-02 01:00:00,2025-06-08 05:00:00,149,74.95,True,True,47.682862589484216,30.483380325488664,78.16624291497288,0.0,0.0068072980029683,0.0118518900017079,0.3
core_sarimax_frozen_s42,sarimax,frozen,selected,False,42,21,2025-06-02 01:00:00,2025-06-08 06:00:00,150,72.65,True,True,45.23009106063407,30.483380325488664,75.71347138612273,0.0,0.0068072980029683,0.0118518900017079,0.3
core_sarimax_frozen_s42,sarimax,frozen,selected,False,42,21,2025-06-02 01:00:00,2025-06-08 07:00:00,151,75.11,True,True,42.73849203858575,30.483380325488664,73.22187236407441,0.0,0.0068072980029683,0.0118518900017079,0.3
core_sarimax_frozen_s42,sarimax,frozen,selected,False,42,21,2025-06-02 01:00:00,2025-06-08 08:00:00,152,77.15,True,True,40.239648786188695,30.483380325488664,70.72302911167736,0.0,0.0068072980029683,0.0118518900017079,0.3
core_sarimax_frozen_s42,sarimax,frozen,selected,False,42,21,2025-06-02 01:00:00,2025-06-08 09:00:00,153,78.52,True,True,37.9823200286007,30.483380325488664,68.46570035408936,0.0,0.0068072980029683,0.0118518900017079,0.3
core_sarimax_frozen_s42,sarimax,frozen,selected,False,42,21,2025-06-02 01:00:00,2025-06-08 10:00:00,154,81.02,True,True,37.73778658685322,30.483380325488664,68.22116691234189,0.0,0.0068072980029683,0.0118518900017079,0.3
core_sarimax_frozen_s42,sarimax,frozen,selected,False,42,21,2025-06-02 01:00:00,2025-06-08 11:00:00,155,84.05,True,True,39.30752383423325,30.483380325488664,69.79090415972192,0.0,0.0068072980029683,0.0118518900017079,0.3
core_sarimax_frozen_s42,sarimax,frozen,selected,False,42,21,2025-06-02 01:00:00,2025-06-08 12:00:00,156,86.65,True,True,41.228512404282014,30.483380325488664,71.71189272977068,0.0,0.0068072980029683,0.0118518900017079,0.3
core_sarimax_frozen_s42,sarimax,frozen,selected,False,42,21,2025-06-02 01:00:00,2025-06-08 13:00:00,157,88.71,True,True,42.59784154739776,30.483380325488664,73.08122187288643,0.0,0.0068072980029683,0.0118518900017079,0.3
core_sarimax_frozen_s42,sarimax,frozen,selected,False,42,21,2025-06-02 01:00:00,2025-06-08 14:00:00,158,93.2,True,True,44.86037200117559,30.483380325488664,75.34375232666426,0.0,0.0068072980029683,0.0118518900017079,0.3
core_sarimax_frozen_s42,sarimax,frozen,selected,False,42,21,2025-06-02 01:00:00,2025-06-08 15:00:00,159,97.43,True,True,47.67095585843754,30.483380325488664,78.1543361839262,0.0,0.0068072980029683,0.0118518900017079,0.3
core_sarimax_frozen_s42,sarimax,frozen,selected,False,42,21,2025-06-02 01:00:00,2025-06-08 16:00:00,160,98.75,True,True,48.96206568978698,30.483380325488664,79.44544601527565,0.0,0.0068072980029683,0.0118518900017079,0.3
core_sarimax_frozen_s42,sarimax,frozen,selected,False,42,21,2025-06-02 01:00:00,2025-06-08 17:00:00,161,99.91,True,True,50.27553735579679,30.483380325488664,80.75891768128545,0.0,0.0068072980029683,0.0118518900017079,0.3
core_sarimax_frozen_s42,sarimax,frozen,selected,False,42,21,2025-06-02 01:00:00,2025-06-08 18:00:00,162,100.83,True,True,51.87729231197625,30.483380325488664,82.36067263746492,0.0,0.0068072980029683,0.0118518900017079,0.3
core_sarimax_frozen_s42,sarimax,frozen,selected,False,42,21,2025-06-02 01:00:00,2025-06-08 19:00:00,163,101.08,True,True,53.11572464983803,30.483380325488664,83.5991049753267,0.0,0.0068072980029683,0.0118518900017079,0.3
core_sarimax_frozen_s42,sarimax,frozen,selected,False,42,21,2025-06-02 01:00:00,2025-06-08 20:00:00,164,102.18,True,True,55.000917087087686,30.483380325488664,85.48429741257635,0.0,0.0068072980029683,0.0118518900017079,0.3
core_sarimax_frozen_s42,sarimax,frozen,selected,False,42,21,2025-06-02 01:00:00,2025-06-08 21:00:00,165,104.27,True,True,56.00526496616939,30.483380325488664,86.48864529165806,0.0,0.0068072980029683,0.0118518900017079,0.3
core_sarimax_frozen_s42,sarimax,frozen,selected,False,42,21,2025-06-02 01:00:00,2025-06-08 22:00:00,166,108.48,True,True,55.1587648760885,30.483380325488664,85.64214520157716,0.0,0.0068072980029683,0.0118518900017079,0.3
core_sarimax_frozen_s42,sarimax,frozen,selected,False,42,21,2025-06-02 01:00:00,2025-06-08 23:00:00,167,114.67,True,True,54.78902706507691,30.483380325488664,85.27240739056558,0.0,0.0068072980029683,0.0118518900017079,0.3
core_sarimax_frozen_s42,sarimax,frozen,selected,False,42,21,2025-06-02 01:00:00,2025-06-09 00:00:00,168,126.33,True,True,55.83274275185048,30.483380325488664,86.31612307733914,0.0,0.0068072980029683,0.0118518900017079,0.3
core_sarimax_frozen_s42,sarimax,frozen,selected,False,42,22,2025-06-09 01:00:00,2025-06-09 01:00:00,1,158.34,True,True,136.13991020122128,24.952412099209248,161.09232230043054,0.0,0.0068779209977947,0.0123683400015579,0.3
core_sarimax_frozen_s42,sarimax,frozen,selected,False,42,22,2025-06-09 01:00:00,2025-06-09 02:00:00,2,176.42,True,True,137.8528375919521,24.952412099209248,162.80524969116135,0.0,0.0068779209977947,0.0123683400015579,0.3
core_sarimax_frozen_s42,sarimax,frozen,selected,False,42,22,2025-06-09 01:00:00,2025-06-09 03:00:00,3,191.92,True,True,141.80593950965508,24.952412099209248,166.75835160886433,0.0,0.0068779209977947,0.0123683400015579,0.3
core_sarimax_frozen_s42,sarimax,frozen,selected,False,42,22,2025-06-09 01:00:00,2025-06-09 04:00:00,4,171.79,True,True,132.15821154127903,24.952412099209248,157.11062364048828,0.0,0.0068779209977947,0.0123683400015579,0.3
core_sarimax_frozen_s42,sarimax,frozen,selected,False,42,22,2025-06-09 01:00:00,2025-06-09 05:00:00,5,142.8,True,True,123.12120362611712,24.952412099209248,148.07361572532636,0.0,0.0068779209977947,0.0123683400015579,0.3
core_sarimax_frozen_s42,sarimax,frozen,selected,False,42,22,2025-06-09 01:00:00,2025-06-09 06:00:00,6,122.66,True,True,118.0310063282279,24.952412099209248,142.98341842743716,0.0,0.0068779209977947,0.0123683400015579,0.3
core_sarimax_frozen_s42,sarimax,frozen,selected,False,42,22,2025-06-09 01:00:00,2025-06-09 07:00:00,7,83.41,True,True,105.6453189578447,24.952412099209248,130.59773105705395,0.0,0.0068779209977947,0.0123683400015579,0.3
core_sarimax_frozen_s42,sarimax,frozen,selected,False,42,22,2025-06-09 01:00:00,2025-06-09 08:00:00,8,47.78,True,True,94.087235342949,24.952412099209248,119.03964744215824,0.0,0.0068779209977947,0.0123683400015579,0.3
core_sarimax_frozen_s42,sarimax,frozen,selected,False,42,22,2025-06-09 01:00:00,2025-06-09 09:00:00,9,29.72,True,True,85.97121264445761,24.952412099209248,110.92362474366686,0.0,0.0068779209977947,0.0123683400015579,0.3
core_sarimax_frozen_s42,sarimax,frozen,selected,False,42,22,2025-06-09 01:00:00,2025-06-09 10:00:00,10,23.67,True,True,82.31709467524368,24.952412099209248,107.26950677445294,0.0,0.0068779209977947,0.0123683400015579,0.3
core_sarimax_frozen_s42,sarimax,frozen,selected,False,42,22,2025-06-09 01:00:00,2025-06-09 11:00:00,11,26.68,True,True,84.71209018379764,24.952412099209248,109.6645022830069,0.0,0.0068779209977947,0.0123683400015579,0.3
core_sarimax_frozen_s42,sarimax,frozen,selected,False,42,22,2025-06-09 01:00:00,2025-06-09 12:00:00,12,34.32,True,True,92.10979977916594,24.952412099209248,117.0622118783752,0.0,0.0068779209977947,0.0123683400015579,0.3
core_sarimax_frozen_s42,sarimax,frozen,selected,False,42,22,2025-06-09 01:00:00,2025-06-09 13:00:00,13,44.57,True,True,102.30194461041616,24.952412099209248,127.2543567096254,0.0,0.0068779209977947,0.0123683400015579,0.3
core_sarimax_frozen_s42,sarimax,frozen,selected,False,42,22,2025-06-09 01:00:00,2025-06-09 14:00:00,14,50.09,True,True,110.37985327145546,24.952412099209248,135.33226537066471,0.0,0.0068779209977947,0.0123683400015579,0.3
core_sarimax_frozen_s42,sarimax,frozen,selected,False,42,22,2025-06-09 01:00:00,2025-06-09 15:00:00,15,42.91,True,True,109.35266285034692,24.952412099209248,134.30507494955617,0.0,0.0068779209977947,0.0123683400015579,0.3
core_sarimax_frozen_s42,sarimax,frozen,selected,False,42,22,2025-06-09 01:00:00,2025-06-09 16:00:00,16,20.31,True,True,96.02378060504444,24.952412099209248,120.97619270425369,0.0,0.0068779209977947,0.0123683400015579,0.3
core_sarimax_frozen_s42,sarimax,frozen,selected,False,42,22,2025-06-09 01:00:00,2025-06-09 17:00:00,17,10.7,True,True,91.0883460064988,24.952412099209248,116.04075810570805,0.0,0.0068779209977947,0.0123683400015579,0.3
core_sarimax_frozen_s42,sarimax,frozen,selected,False,42,22,2025-06-09 01:00:00,2025-06-09 18:00:00,18,7.82,True,True,89.94884011499363,24.952412099209248,114.90125221420288,0.0,0.0068779209977947,0.0123683400015579,0.3
core_sarimax_frozen_s42,sarimax,frozen,selected,False,42,22,2025-06-09 01:00:00,2025-06-09 19:00:00,19,7.85,True,True,89.96890051233751,24.952412099209248,114.92131261154677,0.0,0.0068779209977947,0.0123683400015579,0.3
core_sarimax_frozen_s42,sarimax,frozen,selected,False,42,22,2025-06-09 01:00:00,2025-06-09 20:00:00,20,9.45,True,True,91.74712520453178,24.952412099209248,116.69953730374104,0.0,0.0068779209977947,0.0123683400015579,0.3
core_sarimax_frozen_s42,sarimax,frozen,selected,False,42,22,2025-06-09 01:00:00,2025-06-09 21:00:00,21,12.06,True,True,93.3678053500942,24.952412099209248,118.32021744930344,0.0,0.0068779209977947,0.0123683400015579,0.3
core_sarimax_frozen_s42,sarimax,frozen,selected,False,42,22,2025-06-09 01:00:00,2025-06-09 22:00:00,22,14.91,True,True,93.67193059038368,24.952412099209248,118.62434268959294,0.0,0.0068779209977947,0.0123683400015579,0.3
core_sarimax_frozen_s42,sarimax,frozen,selected,False,42,22,2025-06-09 01:00:00,2025-06-09 23:00:00,23,17.74,True,True,92.2267541619078,24.952412099209248,117.17916626111705,0.0,0.0068779209977947,0.0123683400015579,0.3
core_sarimax_frozen_s42,sarimax,frozen,selected,False,42,22,2025-06-09 01:00:00,2025-06-10 00:00:00,24,20.22,True,True,91.36218634574146,24.952412099209248,116.31459844495072,0.0,0.0068779209977947,0.0123683400015579,0.3
core_sarimax_frozen_s42,sarimax,frozen,selected,False,42,22,2025-06-09 01:00:00,2025-06-10 01:00:00,25,23.79,True,True,93.50055064109364,24.952412099209248,118.4529627403029,0.0,0.0068779209977947,0.0123683400015579,0.3
core_sarimax_frozen_s42,sarimax,frozen,selected,False,42,22,2025-06-09 01:00:00,2025-06-10 02:00:00,26,26.6,True,True,93.61852581126892,24.952412099209248,118.57093791047816,0.0,0.0068779209977947,0.0123683400015579,0.3
core_sarimax_frozen_s42,sarimax,frozen,selected,False,42,22,2025-06-09 01:00:00,2025-06-10 03:00:00,27,29.32,True,True,95.12364853119618,24.952412099209248,120.07606063040544,0.0,0.0068779209977947,0.0123683400015579,0.3
core_sarimax_frozen_s42,sarimax,frozen,selected,False,42,22,2025-06-09 01:00:00,2025-06-10 04:00:00,28,15.98,True,True,78.16607971598188,24.952412099209248,103.11849181519113,0.0,0.0068779209977947,0.0123683400015579,0.3
core_sarimax_frozen_s42,sarimax,frozen,selected,False,42,22,2025-06-09 01:00:00,2025-06-10 05:00:00,29,15.15,True,True,70.63241134642291,24.952412099209248,95.58482344563217,0.0,0.0068779209977947,0.0123683400015579,0.3
core_sarimax_frozen_s42,sarimax,frozen,selected,False,42,22,2025-06-09 01:00:00,2025-06-10 06:00:00,30,15.29,True,True,68.30386125536748,24.952412099209248,93.25627335457673,0.0,0.0068779209977947,0.0123683400015579,0.3
core_sarimax_frozen_s42,sarimax,frozen,selected,False,42,22,2025-06-09 01:00:00,2025-06-10 07:00:00,31,14.77,True,True,63.82846779233356,24.952412099209248,88.78087989154281,0.0,0.0068779209977947,0.0123683400015579,0.3
core_sarimax_frozen_s42,sarimax,frozen,selected,False,42,22,2025-06-09 01:00:00,2025-06-10 08:00:00,32,14.31,True,True,60.890128576834144,24.952412099209248,85.8425406760434,0.0,0.0068779209977947,0.0123683400015579,0.3
core_sarimax_frozen_s42,sarimax,frozen,selected,False,42,22,2025-06-09 01:00:00,2025-06-10 09:00:00,33,14.16,True,True,57.66183448768888,24.952412099209248,82.61424658689813,0.0,0.0068779209977947,0.0123683400015579,0.3
core_sarimax_frozen_s42,sarimax,frozen,selected,False,42,22,2025-06-09 01:00:00,2025-06-10 10:00:00,34,15.65,True,True,56.85757000088413,24.952412099209248,81.80998210009338,0.0,0.0068779209977947,0.0123683400015579,0.3
core_sarimax_frozen_s42,sarimax,frozen,selected,False,42,22,2025-06-09 01:00:00,2025-06-10 11:00:00,35,18.42,True,True,58.508952337104006,24.952412099209248,83.46136443631326,0.0,0.0068779209977947,0.0123683400015579,0.3
core_sarimax_frozen_s42,sarimax,frozen,selected,False,42,22,2025-06-09 01:00:00,2025-06-10 12:00:00,36,21.21,True,True,60.45058945501808,24.952412099209248,85.40300155422733,0.0,0.0068779209977947,0.0123683400015579,0.3
core_sarimax_frozen_s42,sarimax,frozen,selected,False,42,22,2025-06-09 01:00:00,2025-06-10 13:00:00,37,23.4,True,True,61.38109601135517,24.952412099209248,86.33350811056442,0.0,0.0068779209977947,0.0123683400015579,0.3
core_sarimax_frozen_s42,sarimax,frozen,selected,False,42,22,2025-06-09 01:00:00,2025-06-10 14:00:00,38,25.6,True,True,62.61520007705835,24.952412099209248,87.5676121762676,0.0,0.0068779209977947,0.0123683400015579,0.3
core_sarimax_frozen_s42,sarimax,frozen,selected,False,42,22,2025-06-09 01:00:00,2025-06-10 15:00:00,39,27.41,True,True,63.70703546506411,24.952412099209248,88.65944756427336,0.0,0.0068779209977947,0.0123683400015579,0.3
core_sarimax_frozen_s42,sarimax,frozen,selected,False,42,22,2025-06-09 01:00:00,2025-06-10 16:00:00,40,28.68,True,True,63.31426113887977,24.952412099209248,88.26667323808903,0.0,0.0068779209977947,0.0123683400015579,0.3
core_sarimax_frozen_s42,sarimax,frozen,selected,False,42,22,2025-06-09 01:00:00,2025-06-10 17:00:00,41,30.87,True,True,64.627345177823,24.952412099209248,89.57975727703226,0.0,0.0068779209977947,0.0123683400015579,0.3
core_sarimax_frozen_s42,sarimax,frozen,selected,False,42,22,2025-06-09 01:00:00,2025-06-10 18:00:00,42,33.03,True,True,66.24701820876359,24.952412099209248,91.19943030797285,0.0,0.0068779209977947,0.0123683400015579,0.3
core_sarimax_frozen_s42,sarimax,frozen,selected,False,42,22,2025-06-09 01:00:00,2025-06-10 19:00:00,43,35.11,True,True,67.43067338014282,24.952412099209248,92.38308547935208,0.0,0.0068779209977947,0.0123683400015579,0.3
core_sarimax_frozen_s42,sarimax,frozen,selected,False,42,22,2025-06-09 01:00:00,2025-06-10 20:00:00,44,37.22,True,True,69.32176657034168,24.952412099209248,94.27417866955093,0.0,0.0068779209977947,0.0123683400015579,0.3
core_sarimax_frozen_s42,sarimax,frozen,selected,False,42,22,2025-06-09 01:00:00,2025-06-10 21:00:00,45,39.44,True,True,71.00215545014316,24.952412099209248,95.95456754935242,0.0,0.0068779209977947,0.0123683400015579,0.3
core_sarimax_frozen_s42,sarimax,frozen,selected,False,42,22,2025-06-09 01:00:00,2025-06-10 22:00:00,46,40.92,True,True,71.66849113279571,24.952412099209248,96.62090323200496,0.0,0.0068779209977947,0.0123683400015579,0.3
core_sarimax_frozen_s42,sarimax,frozen,selected,False,42,22,2025-06-09 01:00:00,2025-06-10 23:00:00,47,42.62,True,True,71.12807909851207,24.952412099209248,96.08049119772133,0.0,0.0068779209977947,0.0123683400015579,0.3
core_sarimax_frozen_s42,sarimax,frozen,selected,False,42,22,2025-06-09 01:00:00,2025-06-11 00:00:00,48,46.18,True,True,71.57961052847173,24.952412099209248,96.53202262768099,0.0,0.0068779209977947,0.0123683400015579,0.3
core_sarimax_frozen_s42,sarimax,frozen,selected,False,42,22,2025-06-09 01:00:00,2025-06-11 01:00:00,49,60.26,True,True,74.05690150262464,24.952412099209248,99.0093136018339,0.0,0.0068779209977947,0.0123683400015579,0.3
core_sarimax_frozen_s42,sarimax,frozen,selected,False,42,22,2025-06-09 01:00:00,2025-06-11 02:00:00,50,75.14,True,True,75.93580283255733,24.952412099209248,100.88821493176658,0.0,0.0068779209977947,0.0123683400015579,0.3
core_sarimax_frozen_s42,sarimax,frozen,selected,False,42,22,2025-06-09 01:00:00,2025-06-11 03:00:00,51,98.09,True,True,80.57790013376206,24.952412099209248,105.53031223297131,0.0,0.0068779209977947,0.0123683400015579,0.3
core_sarimax_frozen_s42,sarimax,frozen,selected,False,42,22,2025-06-09 01:00:00,2025-06-11 04:00:00,52,84.17,True,True,67.50596952905306,24.952412099209248,92.45838162826232,0.0,0.0068779209977947,0.0123683400015579,0.3
core_sarimax_frozen_s42,sarimax,frozen,selected,False,42,22,2025-06-09 01:00:00,2025-06-11 05:00:00,53,78.78,True,True,61.40359162499794,24.952412099209248,86.35600372420718,0.0,0.0068779209977947,0.0123683400015579,0.3
core_sarimax_frozen_s42,sarimax,frozen,selected,False,42,22,2025-06-09 01:00:00,2025-06-11 06:00:00,54,84.32,True,True,60.44632893505542,24.952412099209248,85.39874103426467,0.0,0.0068779209977947,0.0123683400015579,0.3
core_sarimax_frozen_s42,sarimax,frozen,selected,False,42,22,2025-06-09 01:00:00,2025-06-11 07:00:00,55,91.92,True,True,57.45963942512992,24.952412099209248,82.41205152433918,0.0,0.0068779209977947,0.0123683400015579,0.3
core_sarimax_frozen_s42,sarimax,frozen,selected,False,42,22,2025-06-09 01:00:00,2025-06-11 08:00:00,56,97.34,True,True,55.70950958897083,24.952412099209248,80.66192168818009,0.0,0.0068779209977947,0.0123683400015579,0.3
core_sarimax_frozen_s42,sarimax,frozen,selected,False,42,22,2025-06-09 01:00:00,2025-06-11 09:00:00,57,99.94,True,True,53.34255469490142,24.952412099209248,78.29496679411068,0.0,0.0068779209977947,0.0123683400015579,0.3
core_sarimax_frozen_s42,sarimax,frozen,selected,False,42,22,2025-06-09 01:00:00,2025-06-11 10:00:00,58,101.17,True,True,52.017462921834834,24.952412099209248,76.96987502104409,0.0,0.0068779209977947,0.0123683400015579,0.3
core_sarimax_frozen_s42,sarimax,frozen,selected,False,42,22,2025-06-09 01:00:00,2025-06-11 11:00:00,59,101.84,True,True,51.8136933937765,24.952412099209248,76.76610549298574,0.0,0.0068779209977947,0.0123683400015579,0.3
core_sarimax_frozen_s42,sarimax,frozen,selected,False,42,22,2025-06-09 01:00:00,2025-06-11 12:00:00,60,101.79,True,True,52.00446787783292,24.952412099209248,76.95687997704218,0.0,0.0068779209977947,0.0123683400015579,0.3
core_sarimax_frozen_s42,sarimax,frozen,selected,False,42,22,2025-06-09 01:00:00,2025-06-11 13:00:00,61,99.36,True,True,51.76004880414845,24.952412099209248,76.7124609033577,0.0,0.0068779209977947,0.0123683400015579,0.3
core_sarimax_frozen_s42,sarimax,frozen,selected,False,42,22,2025-06-09 01:00:00,2025-06-11 14:00:00,62,96.72,True,True,52.3360190845192,24.952412099209248,77.28843118372845,0.0,0.0068779209977947,0.0123683400015579,0.3
core_sarimax_frozen_s42,sarimax,frozen,selected,False,42,22,2025-06-09 01:00:00,2025-06-11 15:00:00,63,92.8,True,True,53.693202429894455,24.952412099209248,78.64561452910371,0.0,0.0068779209977947,0.0123683400015579,0.3
core_sarimax_frozen_s42,sarimax,frozen,selected,False,42,22,2025-06-09 01:00:00,2025-06-11 16:00:00,64,86.85,True,True,54.414527462385166,24.952412099209248,79.36693956159442,0.0,0.0068779209977947,0.0123683400015579,0.3
core_sarimax_frozen_s42,sarimax,frozen,selected,False,42,22,2025-06-09 01:00:00,2025-06-11 17:00:00,65,81.91,True,True,55.50174438644538,24.952412099209248,80.45415648565464,0.0,0.0068779209977947,0.0123683400015579,0.3
core_sarimax_frozen_s42,sarimax,frozen,selected,False,42,22,2025-06-09 01:00:00,2025-06-11 18:00:00,66,79.52,True,True,57.264474975550826,24.952412099209248,82.21688707476008,0.0,0.0068779209977947,0.0123683400015579,0.3
core_sarimax_frozen_s42,sarimax,frozen,selected,False,42,22,2025-06-09 01:00:00,2025-06-11 19:00:00,67,79.06,True,True,58.826371406768,24.952412099209248,83.77878350597724,0.0,0.0068779209977947,0.0123683400015579,0.3
core_sarimax_frozen_s42,sarimax,frozen,selected,False,42,22,2025-06-09 01:00:00,2025-06-11 20:00:00,68,79.5,True,True,61.089013693210376,24.952412099209248,86.04142579241963,0.0,0.0068779209977947,0.0123683400015579,0.3
core_sarimax_frozen_s42,sarimax,frozen,selected,False,42,22,2025-06-09 01:00:00,2025-06-11 21:00:00,69,79.85,True,True,62.88918980931555,24.952412099209248,87.84160190852481,0.0,0.0068779209977947,0.0123683400015579,0.3
core_sarimax_frozen_s42,sarimax,frozen,selected,False,42,22,2025-06-09 01:00:00,2025-06-11 22:00:00,70,75.8,True,True,63.23817633526272,24.952412099209248,88.19058843447198,0.0,0.0068779209977947,0.0123683400015579,0.3
core_sarimax_frozen_s42,sarimax,frozen,selected,False,42,22,2025-06-09 01:00:00,2025-06-11 23:00:00,71,68.71,True,True,61.35863114159574,24.952412099209248,86.31104324080499,0.0,0.0068779209977947,0.0123683400015579,0.3
core_sarimax_frozen_s42,sarimax,frozen,selected,False,42,22,2025-06-09 01:00:00,2025-06-12 00:00:00,72,62.9,True,True,60.17721370680164,24.952412099209248,85.12962580601089,0.0,0.0068779209977947,0.0123683400015579,0.3
core_sarimax_frozen_s42,sarimax,frozen,selected,False,42,22,2025-06-09 01:00:00,2025-06-12 01:00:00,73,59.25,True,True,63.28217837396096,24.952412099209248,88.23459047317021,0.0,0.0068779209977947,0.0123683400015579,0.3
core_sarimax_frozen_s42,sarimax,frozen,selected,False,42,22,2025-06-09 01:00:00,2025-06-12 02:00:00,74,59.6,True,True,63.92147335323094,24.952412099209248,88.87388545244019,0.0,0.0068779209977947,0.0123683400015579,0.3
core_sarimax_frozen_s42,sarimax,frozen,selected,False,42,22,2025-06-09 01:00:00,2025-06-12 03:00:00,75,66.62,True,True,67.27641732302058,24.952412099209248,92.22882942222984,0.0,0.0068779209977947,0.0123683400015579,0.3
core_sarimax_frozen_s42,sarimax,frozen,selected,False,42,22,2025-06-09 01:00:00,2025-06-12 04:00:00,76,73.98,True,True,62.68852387997336,24.952412099209248,87.64093597918261,0.0,0.0068779209977947,0.0123683400015579,0.3
core_sarimax_frozen_s42,sarimax,frozen,selected,False,42,22,2025-06-09 01:00:00,2025-06-12 05:00:00,77,75.26,True,True,58.42313945094901,24.952412099209248,83.37555155015826,0.0,0.0068779209977947,0.0123683400015579,0.3
core_sarimax_frozen_s42,sarimax,frozen,selected,False,42,22,2025-06-09 01:00:00,2025-06-12 06:00:00,78,73.21,True,True,56.412487661791005,24.952412099209248,81.36489976100026,0.0,0.0068779209977947,0.0123683400015579,0.3
core_sarimax_frozen_s42,sarimax,frozen,selected,False,42,22,2025-06-09 01:00:00,2025-06-12 07:00:00,79,72.03,True,True,51.79826516350517,24.952412099209248,76.75067726271442,0.0,0.0068779209977947,0.0123683400015579,0.3
core_sarimax_frozen_s42,sarimax,frozen,selected,False,42,22,2025-06-09 01:00:00,2025-06-12 08:00:00,80,72.25,True,True,48.97762533332104,24.952412099209248,73.9300374325303,0.0,0.0068779209977947,0.0123683400015579,0.3
core_sarimax_frozen_s42,sarimax,frozen,selected,False,42,22,2025-06-09 01:00:00,2025-06-12 09:00:00,81,74.2,True,True,46.17223547992393,24.952412099209248,71.12464757913318,0.0,0.0068779209977947,0.0123683400015579,0.3
core_sarimax_frozen_s42,sarimax,frozen,selected,False,42,22,2025-06-09 01:00:00,2025-06-12 10:00:00,82,76.94,True,True,44.54137670362948,24.952412099209248,69.49378880283874,0.0,0.0068779209977947,0.0123683400015579,0.3
core_sarimax_frozen_s42,sarimax,frozen,selected,False,42,22,2025-06-09 01:00:00,2025-06-12 11:00:00,83,79.41,True,True,44.26872232072898,24.952412099209248,69.22113441993824,0.0,0.0068779209977947,0.0123683400015579,0.3
core_sarimax_frozen_s42,sarimax,frozen,selected,False,42,22,2025-06-09 01:00:00,2025-06-12 12:00:00,84,80.37,True,True,44.26983465291039,24.952412099209248,69.22224675211964,0.0,0.0068779209977947,0.0123683400015579,0.3
core_sarimax_frozen_s42,sarimax,frozen,selected,False,42,22,2025-06-09 01:00:00,2025-06-12 13:00:00,85,78.5,True,True,43.58678198303775,24.952412099209248,68.53919408224701,0.0,0.0068779209977947,0.0123683400015579,0.3
core_sarimax_frozen_s42,sarimax,frozen,selected,False,42,22,2025-06-09 01:00:00,2025-06-12 14:00:00,86,75.41,True,True,43.39657197649959,24.952412099209248,68.34898407570884,0.0,0.0068779209977947,0.0123683400015579,0.3
core_sarimax_frozen_s42,sarimax,frozen,selected,False,42,22,2025-06-09 01:00:00,2025-06-12 15:00:00,87,70.32,True,True,43.60861536272219,24.952412099209248,68.56102746193145,0.0,0.0068779209977947,0.0123683400015579,0.3
core_sarimax_frozen_s42,sarimax,frozen,selected,False,42,22,2025-06-09 01:00:00,2025-06-12 16:00:00,88,64.01,True,True,43.51647974355777,24.952412099209248,68.46889184276702,0.0,0.0068779209977947,0.0123683400015579,0.3
core_sarimax_frozen_s42,sarimax,frozen,selected,False,42,22,2025-06-09 01:00:00,2025-06-12 17:00:00,89,60.76,True,True,44.333310248697245,24.952412099209248,69.2857223479065,0.0,0.0068779209977947,0.0123683400015579,0.3
core_sarimax_frozen_s42,sarimax,frozen,selected,False,42,22,2025-06-09 01:00:00,2025-06-12 18:00:00,90,60.36,True,True,46.02614123055688,24.952412099209248,70.97855332976613,0.0,0.0068779209977947,0.0123683400015579,0.3
core_sarimax_frozen_s42,sarimax,frozen,selected,False,42,22,2025-06-09 01:00:00,2025-06-12 19:00:00,91,61.03,True,True,47.474734609634055,24.952412099209248,72.42714670884331,0.0,0.0068779209977947,0.0123683400015579,0.3
core_sarimax_frozen_s42,sarimax,frozen,selected,False,42,22,2025-06-09 01:00:00,2025-06-12 20:00:00,92,62.91,True,True,49.75722310087693,24.952412099209248,74.70963520008618,0.0,0.0068779209977947,0.0123683400015579,0.3
core_sarimax_frozen_s42,sarimax,frozen,selected,False,42,22,2025-06-09 01:00:00,2025-06-12 21:00:00,93,64.59,True,True,51.68017757387611,24.952412099209248,76.63258967308536,0.0,0.0068779209977947,0.0123683400015579,0.3
core_sarimax_frozen_s42,sarimax,frozen,selected,False,42,22,2025-06-09 01:00:00,2025-06-12 22:00:00,94,64.79,True,True,52.597553459483976,24.952412099209248,77.54996555869323,0.0,0.0068779209977947,0.0123683400015579,0.3
core_sarimax_frozen_s42,sarimax,frozen,selected,False,42,22,2025-06-09 01:00:00,2025-06-12 23:00:00,95,63.91,True,True,52.073476243898,24.952412099209248,77.02588834310725,0.0,0.0068779209977947,0.0123683400015579,0.3
core_sarimax_frozen_s42,sarimax,frozen,selected,False,42,22,2025-06-09 01:00:00,2025-06-13 00:00:00,96,63.63,True,True,52.25224530081488,24.952412099209248,77.20465740002413,0.0,0.0068779209977947,0.0123683400015579,0.3
core_sarimax_frozen_s42,sarimax,frozen,selected,False,42,22,2025-06-09 01:00:00,2025-06-13 01:00:00,97,66.41,True,True,56.16775846096226,24.952412099209248,81.12017056017152,0.0,0.0068779209977947,0.0123683400015579,0.3
core_sarimax_frozen_s42,sarimax,frozen,selected,False,42,22,2025-06-09 01:00:00,2025-06-13 02:00:00,98,71.33,True,True,58.34619522439894,24.952412099209248,83.2986073236082,0.0,0.0068779209977947,0.0123683400015579,0.3
core_sarimax_frozen_s42,sarimax,frozen,selected,False,42,22,2025-06-09 01:00:00,2025-06-13 03:00:00,99,82.48,True,True,63.385853272583205,24.952412099209248,88.33826537179246,0.0,0.0068779209977947,0.0123683400015579,0.3
core_sarimax_frozen_s42,sarimax,frozen,selected,False,42,22,2025-06-09 01:00:00,2025-06-13 04:00:00,100,94.66,True,True,61.23616948411865,24.952412099209248,86.1885815833279,0.0,0.0068779209977947,0.0123683400015579,0.3
core_sarimax_frozen_s42,sarimax,frozen,selected,False,42,22,2025-06-09 01:00:00,2025-06-13 05:00:00,101,95.64,True,True,59.47324702872706,24.952412099209248,84.42565912793631,0.0,0.0068779209977947,0.0123683400015579,0.3
core_sarimax_frozen_s42,sarimax,frozen,selected,False,42,22,2025-06-09 01:00:00,2025-06-13 06:00:00,102,89.85,True,True,59.51488785916106,24.952412099209248,84.4672999583703,0.0,0.0068779209977947,0.0123683400015579,0.3
core_sarimax_frozen_s42,sarimax,frozen,selected,False,42,22,2025-06-09 01:00:00,2025-06-13 07:00:00,103,85.13,True,True,56.2401831867233,24.952412099209248,81.19259528593255,0.0,0.0068779209977947,0.0123683400015579,0.3
core_sarimax_frozen_s42,sarimax,frozen,selected,False,42,22,2025-06-09 01:00:00,2025-06-13 08:00:00,104,81.83,True,True,53.38539229527677,24.952412099209248,78.33780439448603,0.0,0.0068779209977947,0.0123683400015579,0.3
core_sarimax_frozen_s42,sarimax,frozen,selected,False,42,22,2025-06-09 01:00:00,2025-06-13 09:00:00,105,80.16,True,True,50.6525443929514,24.952412099209248,75.60495649216065,0.0,0.0068779209977947,0.0123683400015579,0.3
core_sarimax_frozen_s42,sarimax,frozen,selected,False,42,22,2025-06-09 01:00:00,2025-06-13 10:00:00,106,81.73,True,True,51.354614831359214,24.952412099209248,76.30702693056847,0.0,0.0068779209977947,0.0123683400015579,0.3
core_sarimax_frozen_s42,sarimax,frozen,selected,False,42,22,2025-06-09 01:00:00,2025-06-13 11:00:00,107,85.72,True,True,54.99345386840105,24.952412099209248,79.9458659676103,0.0,0.0068779209977947,0.0123683400015579,0.3
core_sarimax_frozen_s42,sarimax,frozen,selected,False,42,22,2025-06-09 01:00:00,2025-06-13 12:00:00,108,89.84,True,True,58.778948976576174,24.952412099209248,83.73136107578543,0.0,0.0068779209977947,0.0123683400015579,0.3
core_sarimax_frozen_s42,sarimax,frozen,selected,False,42,22,2025-06-09 01:00:00,2025-06-13 13:00:00,109,93.15,True,True,61.24553899122611,24.952412099209248,86.19795109043537,0.0,0.0068779209977947,0.0123683400015579,0.3
core_sarimax_frozen_s42,sarimax,frozen,selected,False,42,22,2025-06-09 01:00:00,2025-06-13 14:00:00,110,96.12,True,True,63.5900023284768,24.952412099209248,88.54241442768605,0.0,0.0068779209977947,0.0123683400015579,0.3
core_sarimax_frozen_s42,sarimax,frozen,selected,False,42,22,2025-06-09 01:00:00,2025-06-13 15:00:00,111,96.41,True,True,64.6120407921982,24.952412099209248,89.56445289140746,0.0,0.0068779209977947,0.0123683400015579,0.3
core_sarimax_frozen_s42,sarimax,frozen,selected,False,42,22,2025-06-09 01:00:00,2025-06-13 16:00:00,112,93.86,True,True,59.045832385274366,24.952412099209248,83.99824448448362,0.0,0.0068779209977947,0.0123683400015579,0.3
core_sarimax_frozen_s42,sarimax,frozen,selected,False,42,22,2025-06-09 01:00:00,2025-06-13 17:00:00,113,83.3,True,True,56.89830369770559,24.952412099209248,81.85071579691484,0.0,0.0068779209977947,0.0123683400015579,0.3
core_sarimax_frozen_s42,sarimax,frozen,selected,False,42,22,2025-06-09 01:00:00,2025-06-13 18:00:00,114,75.73,True,True,55.84835931509414,24.952412099209248,80.8007714143034,0.0,0.0068779209977947,0.0123683400015579,0.3
core_sarimax_frozen_s42,sarimax,frozen,selected,False,42,22,2025-06-09 01:00:00,2025-06-13 19:00:00,115,71.15,True,True,55.646182130064005,24.952412099209248,80.59859422927326,0.0,0.0068779209977947,0.0123683400015579,0.3
core_sarimax_frozen_s42,sarimax,frozen,selected,False,42,22,2025-06-09 01:00:00,2025-06-13 20:00:00,116,68.65,True,True,57.26070899244087,24.952412099209248,82.21312109165012,0.0,0.0068779209977947,0.0123683400015579,0.3
core_sarimax_frozen_s42,sarimax,frozen,selected,False,42,22,2025-06-09 01:00:00,2025-06-13 21:00:00,117,68.08,True,True,59.34234679897838,24.952412099209248,84.29475889818764,0.0,0.0068779209977947,0.0123683400015579,0.3
core_sarimax_frozen_s42,sarimax,frozen,selected,False,42,22,2025-06-09 01:00:00,2025-06-13 22:00:00,118,66.61,True,True,61.545649974611166,24.952412099209248,86.49806207382042,0.0,0.0068779209977947,0.0123683400015579,0.3
core_sarimax_frozen_s42,sarimax,frozen,selected,False,42,22,2025-06-09 01:00:00,2025-06-13 23:00:00,119,63.17,True,True,62.44076860739335,24.952412099209248,87.3931807066026,0.0,0.0068779209977947,0.0123683400015579,0.3
core_sarimax_frozen_s42,sarimax,frozen,selected,False,42,22,2025-06-09 01:00:00,2025-06-14 00:00:00,120,62.69,True,True,64.33752431721402,24.952412099209248,89.28993641642327,0.0,0.0068779209977947,0.0123683400015579,0.3
core_sarimax_frozen_s42,sarimax,frozen,selected,False,42,22,2025-06-09 01:00:00,2025-06-14 01:00:00,121,63.99,True,True,67.45029385603502,24.952412099209248,92.40270595524427,0.0,0.0068779209977947,0.0123683400015579,0.3
core_sarimax_frozen_s42,sarimax,frozen,selected,False,42,22,2025-06-09 01:00:00,2025-06-14 02:00:00,122,63.91,True,True,67.99794637486968,24.952412099209248,92.95035847407894,0.0,0.0068779209977947,0.0123683400015579,0.3
core_sarimax_frozen_s42,sarimax,frozen,selected,False,42,22,2025-06-09 01:00:00,2025-06-14 03:00:00,123,66.76,True,True,72.25811535056533,24.952412099209248,97.21052744977459,0.0,0.0068779209977947,0.0123683400015579,0.3
core_sarimax_frozen_s42,sarimax,frozen,selected,False,42,22,2025-06-09 01:00:00,2025-06-14 04:00:00,124,68.52,True,True,68.89174615521898,24.952412099209248,93.84415825442824,0.0,0.0068779209977947,0.0123683400015579,0.3
core_sarimax_frozen_s42,sarimax,frozen,selected,False,42,22,2025-06-09 01:00:00,2025-06-14 05:00:00,125,66.03,True,True,66.72283760530777,24.952412099209248,91.67524970451703,0.0,0.0068779209977947,0.0123683400015579,0.3
core_sarimax_frozen_s42,sarimax,frozen,selected,False,42,22,2025-06-09 01:00:00,2025-06-14 06:00:00,126,62.59,True,True,66.48462999252118,24.952412099209248,91.43704209173043,0.0,0.0068779209977947,0.0123683400015579,0.3
core_sarimax_frozen_s42,sarimax,frozen,selected,False,42,22,2025-06-09 01:00:00,2025-06-14 07:00:00,127,59.91,True,True,62.56887272165554,24.952412099209248,87.52128482086479,0.0,0.0068779209977947,0.0123683400015579,0.3
core_sarimax_frozen_s42,sarimax,frozen,selected,False,42,22,2025-06-09 01:00:00,2025-06-14 08:00:00,128,58.87,True,True,60.36938772379182,24.952412099209248,85.32179982300107,0.0,0.0068779209977947,0.0123683400015579,0.3
core_sarimax_frozen_s42,sarimax,frozen,selected,False,42,22,2025-06-09 01:00:00,2025-06-14 09:00:00,129,59.09,True,True,57.61273467121953,24.952412099209248,82.56514677042878,0.0,0.0068779209977947,0.0123683400015579,0.3
core_sarimax_frozen_s42,sarimax,frozen,selected,False,42,22,2025-06-09 01:00:00,2025-06-14 10:00:00,130,60.27,True,True,55.91716923460393,24.952412099209248,80.86958133381319,0.0,0.0068779209977947,0.0123683400015579,0.3
core_sarimax_frozen_s42,sarimax,frozen,selected,False,42,22,2025-06-09 01:00:00,2025-06-14 11:00:00,131,63.47,True,True,56.30404821410818,24.952412099209248,81.25646031331743,0.0,0.0068779209977947,0.0123683400015579,0.3
core_sarimax_frozen_s42,sarimax,frozen,selected,False,42,22,2025-06-09 01:00:00,2025-06-14 12:00:00,132,67.83,True,True,57.35909419112895,24.952412099209248,82.3115062903382,0.0,0.0068779209977947,0.0123683400015579,0.3
core_sarimax_frozen_s42,sarimax,frozen,selected,False,42,22,2025-06-09 01:00:00,2025-06-14 13:00:00,133,72.6,True,True,59.19181452997509,24.952412099209248,84.14422662918435,0.0,0.0068779209977947,0.0123683400015579,0.3
core_sarimax_frozen_s42,sarimax,frozen,selected,False,42,22,2025-06-09 01:00:00,2025-06-14 14:00:00,134,76.78,True,True,62.43026917474981,24.952412099209248,87.38268127395907,0.0,0.0068779209977947,0.0123683400015579,0.3
core_sarimax_frozen_s42,sarimax,frozen,selected,False,42,22,2025-06-09 01:00:00,2025-06-14 15:00:00,135,80.37,True,True,66.15353185469104,24.952412099209248,91.1059439539003,0.0,0.0068779209977947,0.0123683400015579,0.3
core_sarimax_frozen_s42,sarimax,frozen,selected,False,42,22,2025-06-09 01:00:00,2025-06-14 16:00:00,136,82.35,True,True,68.21572375920792,24.952412099209248,93.16813585841717,0.0,0.0068779209977947,0.0123683400015579,0.3
core_sarimax_frozen_s42,sarimax,frozen,selected,False,42,22,2025-06-09 01:00:00,2025-06-14 17:00:00,137,84.18,True,True,69.61989053831556,24.952412099209248,94.57230263752481,0.0,0.0068779209977947,0.0123683400015579,0.3
core_sarimax_frozen_s42,sarimax,frozen,selected,False,42,22,2025-06-09 01:00:00,2025-06-14 18:00:00,138,87.05,True,True,71.22512175287667,24.952412099209248,96.17753385208593,0.0,0.0068779209977947,0.0123683400015579,0.3
core_sarimax_frozen_s42,sarimax,frozen,selected,False,42,22,2025-06-09 01:00:00,2025-06-14 19:00:00,139,93.04,True,True,71.84417787373181,24.952412099209248,96.79658997294106,0.0,0.0068779209977947,0.0123683400015579,0.3
core_sarimax_frozen_s42,sarimax,frozen,selected,False,42,22,2025-06-09 01:00:00,2025-06-14 20:00:00,140,99.01,True,True,73.22832421739722,24.952412099209248,98.18073631660647,0.0,0.0068779209977947,0.0123683400015579,0.3
core_sarimax_frozen_s42,sarimax,frozen,selected,False,42,22,2025-06-09 01:00:00,2025-06-14 21:00:00,141,103.9,True,True,74.7449236679281,24.952412099209248,99.69733576713736,0.0,0.0068779209977947,0.0123683400015579,0.3
core_sarimax_frozen_s42,sarimax,frozen,selected,False,42,22,2025-06-09 01:00:00,2025-06-14 22:00:00,142,107.77,True,True,75.65037836417031,24.952412099209248,100.60279046337956,0.0,0.0068779209977947,0.0123683400015579,0.3
core_sarimax_frozen_s42,sarimax,frozen,selected,False,42,22,2025-06-09 01:00:00,2025-06-14 23:00:00,143,109.7,True,True,74.34536093830391,24.952412099209248,99.29777303751317,0.0,0.0068779209977947,0.0123683400015579,0.3
core_sarimax_frozen_s42,sarimax,frozen,selected,False,42,22,2025-06-09 01:00:00,2025-06-15 00:00:00,144,108.51,True,True,72.43033285720685,24.952412099209248,97.3827449564161,0.0,0.0068779209977947,0.0123683400015579,0.3
core_sarimax_frozen_s42,sarimax,frozen,selected,False,42,22,2025-06-09 01:00:00,2025-06-15 01:00:00,145,78.38,True,True,62.84763475883341,24.952412099209248,87.80004685804266,0.0,0.0068779209977947,0.0123683400015579,0.3
core_sarimax_frozen_s42,sarimax,frozen,selected,False,42,22,2025-06-09 01:00:00,2025-06-15 02:00:00,146,55.37,True,True,56.62098042083247,24.952412099209248,81.57339252004172,0.0,0.0068779209977947,0.0123683400015579,0.3
core_sarimax_frozen_s42,sarimax,frozen,selected,False,42,22,2025-06-09 01:00:00,2025-06-15 03:00:00,147,45.04,True,True,56.29993007909098,24.952412099209248,81.25234217830022,0.0,0.0068779209977947,0.0123683400015579,0.3
core_sarimax_frozen_s42,sarimax,frozen,selected,False,42,22,2025-06-09 01:00:00,2025-06-15 04:00:00,148,16.64,True,True,43.603996092763936,24.952412099209248,68.55640819197319,0.0,0.0068779209977947,0.0123683400015579,0.3
core_sarimax_frozen_s42,sarimax,frozen,selected,False,42,22,2025-06-09 01:00:00,2025-06-15 05:00:00,149,9.68,True,True,37.89927723316373,24.952412099209248,62.85168933237298,0.0,0.0068779209977947,0.0123683400015579,0.3
core_sarimax_frozen_s42,sarimax,frozen,selected,False,42,22,2025-06-09 01:00:00,2025-06-15 06:00:00,150,8.31,True,True,36.54841452418245,24.952412099209248,61.500826623391696,0.0,0.0068779209977947,0.0123683400015579,0.3
core_sarimax_frozen_s42,sarimax,frozen,selected,False,42,22,2025-06-09 01:00:00,2025-06-15 07:00:00,151,7.98,True,True,32.92150590374081,24.952412099209248,57.873918002950056,0.0,0.0068779209977947,0.0123683400015579,0.3
core_sarimax_frozen_s42,sarimax,frozen,selected,False,42,22,2025-06-09 01:00:00,2025-06-15 08:00:00,152,8.07,True,True,30.641337560780045,24.952412099209248,55.59374965998929,0.0,0.0068779209977947,0.0123683400015579,0.3
core_sarimax_frozen_s42,sarimax,frozen,selected,False,42,22,2025-06-09 01:00:00,2025-06-15 09:00:00,153,7.99,True,True,28.05875704297333,24.952412099209248,53.01116914218258,0.0,0.0068779209977947,0.0123683400015579,0.3
core_sarimax_frozen_s42,sarimax,frozen,selected,False,42,22,2025-06-09 01:00:00,2025-06-15 10:00:00,154,7.95,True,True,26.55967088972741,24.952412099209248,51.512082988936655,0.0,0.0068779209977947,0.0123683400015579,0.3
core_sarimax_frozen_s42,sarimax,frozen,selected,False,42,22,2025-06-09 01:00:00,2025-06-15 11:00:00,155,7.65,True,True,26.137594203129737,24.952412099209248,51.090006302338985,0.0,0.0068779209977947,0.0123683400015579,0.3
core_sarimax_frozen_s42,sarimax,frozen,selected,False,42,22,2025-06-09 01:00:00,2025-06-15 12:00:00,156,6.58,True,True,25.966551247684837,24.952412099209248,50.91896334689409,0.0,0.0068779209977947,0.0123683400015579,0.3
core_sarimax_frozen_s42,sarimax,frozen,selected,False,42,22,2025-06-09 01:00:00,2025-06-15 13:00:00,157,5.75,True,True,25.94625947326961,24.952412099209248,50.89867157247886,0.0,0.0068779209977947,0.0123683400015579,0.3
core_sarimax_frozen_s42,sarimax,frozen,selected,False,42,22,2025-06-09 01:00:00,2025-06-15 14:00:00,158,5.51,True,True,27.16350026304619,24.952412099209248,52.115912362255436,0.0,0.0068779209977947,0.0123683400015579,0.3
core_sarimax_frozen_s42,sarimax,frozen,selected,False,42,22,2025-06-09 01:00:00,2025-06-15 15:00:00,159,5.25,True,True,29.03595974077325,24.952412099209248,53.9883718399825,0.0,0.0068779209977947,0.0123683400015579,0.3
core_sarimax_frozen_s42,sarimax,frozen,selected,False,42,22,2025-06-09 01:00:00,2025-06-15 16:00:00,160,4.8,True,True,30.24118911653068,24.952412099209248,55.19360121573993,0.0,0.0068779209977947,0.0123683400015579,0.3
core_sarimax_frozen_s42,sarimax,frozen,selected,False,42,22,2025-06-09 01:00:00,2025-06-15 17:00:00,161,4.56,True,True,31.65018246595361,24.952412099209248,56.60259456516286,0.0,0.0068779209977947,0.0123683400015579,0.3
core_sarimax_frozen_s42,sarimax,frozen,selected,False,42,22,2025-06-09 01:00:00,2025-06-15 18:00:00,162,4.45,True,True,33.23255871818975,24.952412099209248,58.184970817399,0.0,0.0068779209977947,0.0123683400015579,0.3
core_sarimax_frozen_s42,sarimax,frozen,selected,False,42,22,2025-06-09 01:00:00,2025-06-15 19:00:00,163,4.35,True,True,34.283632808576755,24.952412099209248,59.236044907786,0.0,0.0068779209977947,0.0123683400015579,0.3
core_sarimax_frozen_s42,sarimax,frozen,selected,False,42,22,2025-06-09 01:00:00,2025-06-15 20:00:00,164,4.28,True,True,35.96650571168826,24.952412099209248,60.918917810897504,0.0,0.0068779209977947,0.0123683400015579,0.3
core_sarimax_frozen_s42,sarimax,frozen,selected,False,42,22,2025-06-09 01:00:00,2025-06-15 21:00:00,165,4.25,True,True,37.314160514191485,24.952412099209248,62.26657261340073,0.0,0.0068779209977947,0.0123683400015579,0.3
core_sarimax_frozen_s42,sarimax,frozen,selected,False,42,22,2025-06-09 01:00:00,2025-06-15 22:00:00,166,4.37,True,True,38.0060069371757,24.952412099209248,62.958419036384946,0.0,0.0068779209977947,0.0123683400015579,0.3
core_sarimax_frozen_s42,sarimax,frozen,selected,False,42,22,2025-06-09 01:00:00,2025-06-15 23:00:00,167,4.76,True,True,37.42695580363488,24.952412099209248,62.37936790284413,0.0,0.0068779209977947,0.0123683400015579,0.3
core_sarimax_frozen_s42,sarimax,frozen,selected,False,42,22,2025-06-09 01:00:00,2025-06-16 00:00:00,168,5.25,True,True,38.13193621445646,24.952412099209248,63.08434831366571,0.0,0.0068779209977947,0.0123683400015579,0.3
core_sarimax_frozen_s42,sarimax,frozen,selected,False,42,23,2025-06-16 01:00:00,2025-06-16 01:00:00,1,5.48,True,True,10.26568723641958,16.16452936412667,26.43021660054625,0.0,0.006738085001416,0.0122663860020111,0.3
core_sarimax_frozen_s42,sarimax,frozen,selected,False,42,23,2025-06-16 01:00:00,2025-06-16 02:00:00,2,5.18,True,True,13.324698429010596,16.16452936412667,29.489227793137264,0.0,0.006738085001416,0.0122663860020111,0.3
core_sarimax_frozen_s42,sarimax,frozen,selected,False,42,23,2025-06-16 01:00:00,2025-06-16 03:00:00,3,4.44,True,True,18.37896565823192,16.16452936412667,34.543495022358584,0.0,0.006738085001416,0.0122663860020111,0.3
core_sarimax_frozen_s42,sarimax,frozen,selected,False,42,23,2025-06-16 01:00:00,2025-06-16 04:00:00,4,2.25,True,True,10.930455808502243,16.16452936412667,27.09498517262891,0.0,0.006738085001416,0.0122663860020111,0.3
core_sarimax_frozen_s42,sarimax,frozen,selected,False,42,23,2025-06-16 01:00:00,2025-06-16 05:00:00,5,2.03,True,True,7.690938131520738,16.16452936412667,23.855467495647407,0.0,0.006738085001416,0.0122663860020111,0.3
core_sarimax_frozen_s42,sarimax,frozen,selected,False,42,23,2025-06-16 01:00:00,2025-06-16 06:00:00,6,2.09,True,True,7.058705709646773,16.16452936412667,23.22323507377344,0.0,0.006738085001416,0.0122663860020111,0.3
core_sarimax_frozen_s42,sarimax,frozen,selected,False,42,23,2025-06-16 01:00:00,2025-06-16 07:00:00,7,2.23,True,True,4.480694415011101,16.16452936412667,20.64522377913777,0.0,0.006738085001416,0.0122663860020111,0.3
core_sarimax_frozen_s42,sarimax,frozen,selected,False,42,23,2025-06-16 01:00:00,2025-06-16 08:00:00,8,2.38,True,True,3.4135611427896606,16.16452936412667,19.57809050691633,0.0,0.006738085001416,0.0122663860020111,0.3
core_sarimax_frozen_s42,sarimax,frozen,selected,False,42,23,2025-06-16 01:00:00,2025-06-16 09:00:00,9,2.53,True,True,2.660752003831959,16.16452936412667,18.825281367958627,0.0,0.006738085001416,0.0122663860020111,0.3
core_sarimax_frozen_s42,sarimax,frozen,selected,False,42,23,2025-06-16 01:00:00,2025-06-16 10:00:00,10,3.46,True,True,3.619311893492352,16.16452936412667,19.78384125761902,0.0,0.006738085001416,0.0122663860020111,0.3
core_sarimax_frozen_s42,sarimax,frozen,selected,False,42,23,2025-06-16 01:00:00,2025-06-16 11:00:00,11,5.08,True,True,6.1340688886856185,16.16452936412667,22.298598252812287,0.0,0.006738085001416,0.0122663860020111,0.3
core_sarimax_frozen_s42,sarimax,frozen,selected,False,42,23,2025-06-16 01:00:00,2025-06-16 12:00:00,12,6.66,True,True,8.952345864902185,16.16452936412667,25.116875229028853,0.0,0.006738085001416,0.0122663860020111,0.3
core_sarimax_frozen_s42,sarimax,frozen,selected,False,42,23,2025-06-16 01:00:00,2025-06-16 13:00:00,13,7.77,True,True,10.892807033547172,16.16452936412667,27.05733639767384,0.0,0.006738085001416,0.0122663860020111,0.3
core_sarimax_frozen_s42,sarimax,frozen,selected,False,42,23,2025-06-16 01:00:00,2025-06-16 14:00:00,14,8.71,True,True,13.411822553669538,16.16452936412667,29.576351917796206,0.0,0.006738085001416,0.0122663860020111,0.3
core_sarimax_frozen_s42,sarimax,frozen,selected,False,42,23,2025-06-16 01:00:00,2025-06-16 15:00:00,15,9.49,True,True,16.53422803000319,16.16452936412667,32.698757394129856,0.0,0.006738085001416,0.0122663860020111,0.3
core_sarimax_frozen_s42,sarimax,frozen,selected,False,42,23,2025-06-16 01:00:00,2025-06-16 16:00:00,16,10.15,True,True,19.42996697831504,16.16452936412667,35.59449634244171,0.0,0.006738085001416,0.0122663860020111,0.3
core_sarimax_frozen_s42,sarimax,frozen,selected,False,42,23,2025-06-16 01:00:00,2025-06-16 17:00:00,17,11.29,True,True,22.53243883527901,16.16452936412667,38.696968199405674,0.0,0.006738085001416,0.0122663860020111,0.3
core_sarimax_frozen_s42,sarimax,frozen,selected,False,42,23,2025-06-16 01:00:00,2025-06-16 18:00:00,18,12.97,True,True,26.070718744730385,16.16452936412667,42.23524810885705,0.0,0.006738085001416,0.0122663860020111,0.3
core_sarimax_frozen_s42,sarimax,frozen,selected,False,42,23,2025-06-16 01:00:00,2025-06-16 19:00:00,19,14.77,True,True,29.241624807305016,16.16452936412667,45.40615417143168,0.0,0.006738085001416,0.0122663860020111,0.3
core_sarimax_frozen_s42,sarimax,frozen,selected,False,42,23,2025-06-16 01:00:00,2025-06-16 20:00:00,20,16.29,True,True,32.57694661373537,16.16452936412667,48.74147597786204,0.0,0.006738085001416,0.0122663860020111,0.3
core_sarimax_frozen_s42,sarimax,frozen,selected,False,42,23,2025-06-16 01:00:00,2025-06-16 21:00:00,21,17.54,True,True,35.31144953894608,16.16452936412667,51.47597890307274,0.0,0.006738085001416,0.0122663860020111,0.3
core_sarimax_frozen_s42,sarimax,frozen,selected,False,42,23,2025-06-16 01:00:00,2025-06-16 22:00:00,22,18.01,True,True,36.32548291066843,16.16452936412667,52.49001227479509,0.0,0.006738085001416,0.0122663860020111,0.3
core_sarimax_frozen_s42,sarimax,frozen,selected,False,42,23,2025-06-16 01:00:00,2025-06-16 23:00:00,23,18.3,True,True,35.88963145226717,16.16452936412667,52.05416081639383,0.0,0.006738085001416,0.0122663860020111,0.3
core_sarimax_frozen_s42,sarimax,frozen,selected,False,42,23,2025-06-16 01:00:00,2025-06-17 00:00:00,24,19.5,True,True,37.27650781150842,16.16452936412667,53.44103717563509,0.0,0.006738085001416,0.0122663860020111,0.3
core_sarimax_frozen_s42,sarimax,frozen,selected,False,42,23,2025-06-16 01:00:00,2025-06-17 01:00:00,25,22.85,True,True,39.8914246887785,16.16452936412667,56.055954052905165,0.0,0.006738085001416,0.0122663860020111,0.3
core_sarimax_frozen_s42,sarimax,frozen,selected,False,42,23,2025-06-16 01:00:00,2025-06-17 02:00:00,26,28.34,True,True,43.71188236899857,16.16452936412667,59.87641173312524,0.0,0.006738085001416,0.0122663860020111,0.3
core_sarimax_frozen_s42,sarimax,frozen,selected,False,42,23,2025-06-16 01:00:00,2025-06-17 03:00:00,27,40.45,True,True,51.42964817546098,16.16452936412667,67.59417753958765,0.0,0.006738085001416,0.0122663860020111,0.3
core_sarimax_frozen_s42,sarimax,frozen,selected,False,42,23,2025-06-16 01:00:00,2025-06-17 04:00:00,28,46.02,True,True,39.1355894515485,16.16452936412667,55.30011881567516,0.0,0.006738085001416,0.0122663860020111,0.3
core_sarimax_frozen_s42,sarimax,frozen,selected,False,42,23,2025-06-16 01:00:00,2025-06-17 05:00:00,29,52.47,True,True,32.56256634479129,16.16452936412667,48.72709570891796,0.0,0.006738085001416,0.0122663860020111,0.3
core_sarimax_frozen_s42,sarimax,frozen,selected,False,42,23,2025-06-16 01:00:00,2025-06-17 06:00:00,30,53.46,True,True,29.60885042158253,16.16452936412667,45.773379785709196,0.0,0.006738085001416,0.0122663860020111,0.3
core_sarimax_frozen_s42,sarimax,frozen,selected,False,42,23,2025-06-16 01:00:00,2025-06-17 07:00:00,31,31.18,True,True,20.51695298275652,16.16452936412667,36.681482346883186,0.0,0.006738085001416,0.0122663860020111,0.3
core_sarimax_frozen_s42,sarimax,frozen,selected,False,42,23,2025-06-16 01:00:00,2025-06-17 08:00:00,32,21.99,True,True,16.396195056740822,16.16452936412667,32.56072442086749,0.0,0.006738085001416,0.0122663860020111,0.3
core_sarimax_frozen_s42,sarimax,frozen,selected,False,42,23,2025-06-16 01:00:00,2025-06-17 09:00:00,33,20.8,True,True,14.495083886332736,16.16452936412667,30.659613250459405,0.0,0.006738085001416,0.0122663860020111,0.3
core_sarimax_frozen_s42,sarimax,frozen,selected,False,42,23,2025-06-16 01:00:00,2025-06-17 10:00:00,34,22.03,True,True,14.568083183467309,16.16452936412667,30.732612547593977,0.0,0.006738085001416,0.0122663860020111,0.3
core_sarimax_frozen_s42,sarimax,frozen,selected,False,42,23,2025-06-16 01:00:00,2025-06-17 11:00:00,35,23.63,True,True,16.052344832816033,16.16452936412667,32.2168741969427,0.0,0.006738085001416,0.0122663860020111,0.3
core_sarimax_frozen_s42,sarimax,frozen,selected,False,42,23,2025-06-16 01:00:00,2025-06-17 12:00:00,36,24.23,True,True,17.63968600349574,16.16452936412667,33.804215367622405,0.0,0.006738085001416,0.0122663860020111,0.3
core_sarimax_frozen_s42,sarimax,frozen,selected,False,42,23,2025-06-16 01:00:00,2025-06-17 13:00:00,37,24.31,True,True,19.72469339396693,16.16452936412667,35.889222758093595,0.0,0.006738085001416,0.0122663860020111,0.3
core_sarimax_frozen_s42,sarimax,frozen,selected,False,42,23,2025-06-16 01:00:00,2025-06-17 14:00:00,38,26.22,True,True,23.952889996463,16.16452936412667,40.117419360589665,0.0,0.006738085001416,0.0122663860020111,0.3
core_sarimax_frozen_s42,sarimax,frozen,selected,False,42,23,2025-06-16 01:00:00,2025-06-17 15:00:00,39,29.48,True,True,28.717037552772357,16.16452936412667,44.881566916899025,0.0,0.006738085001416,0.0122663860020111,0.3
core_sarimax_frozen_s42,sarimax,frozen,selected,False,42,23,2025-06-16 01:00:00,2025-06-17 16:00:00,40,32.99,True,True,31.8911161592099,16.16452936412667,48.055645523336565,0.0,0.006738085001416,0.0122663860020111,0.3
core_sarimax_frozen_s42,sarimax,frozen,selected,False,42,23,2025-06-16 01:00:00,2025-06-17 17:00:00,41,36.36,True,True,34.48040853236398,16.16452936412667,50.644937896490646,0.0,0.006738085001416,0.0122663860020111,0.3
core_sarimax_frozen_s42,sarimax,frozen,selected,False,42,23,2025-06-16 01:00:00,2025-06-17 18:00:00,42,39.55,True,True,37.714547573508895,16.16452936412667,53.87907693763556,0.0,0.006738085001416,0.0122663860020111,0.3
core_sarimax_frozen_s42,sarimax,frozen,selected,False,42,23,2025-06-16 01:00:00,2025-06-17 19:00:00,43,43.07,True,True,40.610737578934106,16.16452936412667,56.77526694306077,0.0,0.006738085001416,0.0122663860020111,0.3
core_sarimax_frozen_s42,sarimax,frozen,selected,False,42,23,2025-06-16 01:00:00,2025-06-17 20:00:00,44,46.8,True,True,43.86686693352718,16.16452936412667,60.03139629765384,0.0,0.006738085001416,0.0122663860020111,0.3
core_sarimax_frozen_s42,sarimax,frozen,selected,False,42,23,2025-06-16 01:00:00,2025-06-17 21:00:00,45,50.48,True,True,46.50167174259207,16.16452936412667,62.666201106718745,0.0,0.006738085001416,0.0122663860020111,0.3
core_sarimax_frozen_s42,sarimax,frozen,selected,False,42,23,2025-06-16 01:00:00,2025-06-17 22:00:00,46,53.37,True,True,48.03152812201319,16.16452936412667,64.19605748613986,0.0,0.006738085001416,0.0122663860020111,0.3
core_sarimax_frozen_s42,sarimax,frozen,selected,False,42,23,2025-06-16 01:00:00,2025-06-17 23:00:00,47,56.24,True,True,49.06258896735997,16.16452936412667,65.22711833148664,0.0,0.006738085001416,0.0122663860020111,0.3
core_sarimax_frozen_s42,sarimax,frozen,selected,False,42,23,2025-06-16 01:00:00,2025-06-18 00:00:00,48,59.75,True,True,51.48452756794711,16.16452936412667,67.64905693207378,0.0,0.006738085001416,0.0122663860020111,0.3
core_sarimax_frozen_s42,sarimax,frozen,selected,False,42,23,2025-06-16 01:00:00,2025-06-18 01:00:00,49,69.21,True,True,56.06005827402956,16.16452936412667,72.22458763815622,0.0,0.006738085001416,0.0122663860020111,0.3
core_sarimax_frozen_s42,sarimax,frozen,selected,False,42,23,2025-06-16 01:00:00,2025-06-18 02:00:00,50,76.38,True,True,58.795172269682325,16.16452936412667,74.95970163380899,0.0,0.006738085001416,0.0122663860020111,0.3
core_sarimax_frozen_s42,sarimax,frozen,selected,False,42,23,2025-06-16 01:00:00,2025-06-18 03:00:00,51,85.89,True,True,64.05224112247728,16.16452936412667,80.21677048660395,0.0,0.006738085001416,0.0122663860020111,0.3
core_sarimax_frozen_s42,sarimax,frozen,selected,False,42,23,2025-06-16 01:00:00,2025-06-18 04:00:00,52,97.85,True,True,53.792253219491386,16.16452936412667,69.95678258361805,0.0,0.006738085001416,0.0122663860020111,0.3
core_sarimax_frozen_s42,sarimax,frozen,selected,False,42,23,2025-06-16 01:00:00,2025-06-18 05:00:00,53,97.78,True,True,46.12983800358438,16.16452936412667,62.29436736771105,0.0,0.006738085001416,0.0122663860020111,0.3
core_sarimax_frozen_s42,sarimax,frozen,selected,False,42,23,2025-06-16 01:00:00,2025-06-18 06:00:00,54,90.87,True,True,41.87787840143452,16.16452936412667,58.042407765561194,0.0,0.006738085001416,0.0122663860020111,0.3
core_sarimax_frozen_s42,sarimax,frozen,selected,False,42,23,2025-06-16 01:00:00,2025-06-18 07:00:00,55,75.46,True,True,35.068020933874095,16.16452936412667,51.23255029800076,0.0,0.006738085001416,0.0122663860020111,0.3
core_sarimax_frozen_s42,sarimax,frozen,selected,False,42,23,2025-06-16 01:00:00,2025-06-18 08:00:00,56,59.9,True,True,31.39441225428212,16.16452936412667,47.55894161840879,0.0,0.006738085001416,0.0122663860020111,0.3
core_sarimax_frozen_s42,sarimax,frozen,selected,False,42,23,2025-06-16 01:00:00,2025-06-18 09:00:00,57,46.39,True,True,29.2396051302033,16.16452936412667,45.404134494329966,0.0,0.006738085001416,0.0122663860020111,0.3
core_sarimax_frozen_s42,sarimax,frozen,selected,False,42,23,2025-06-16 01:00:00,2025-06-18 10:00:00,58,36.19,True,True,28.382103604120573,16.16452936412667,44.54663296824724,0.0,0.006738085001416,0.0122663860020111,0.3
core_sarimax_frozen_s42,sarimax,frozen,selected,False,42,23,2025-06-16 01:00:00,2025-06-18 11:00:00,59,30.61,True,True,28.524627672246083,16.16452936412667,44.68915703637275,0.0,0.006738085001416,0.0122663860020111,0.3
core_sarimax_frozen_s42,sarimax,frozen,selected,False,42,23,2025-06-16 01:00:00,2025-06-18 12:00:00,60,26.85,True,True,28.66563303946816,16.16452936412667,44.83016240359483,0.0,0.006738085001416,0.0122663860020111,0.3
core_sarimax_frozen_s42,sarimax,frozen,selected,False,42,23,2025-06-16 01:00:00,2025-06-18 13:00:00,61,24.36,True,True,28.76000771369729,16.16452936412667,44.924537077823956,0.0,0.006738085001416,0.0122663860020111,0.3
core_sarimax_frozen_s42,sarimax,frozen,selected,False,42,23,2025-06-16 01:00:00,2025-06-18 14:00:00,62,23.93,True,True,30.29546690004648,16.16452936412667,46.45999626417315,0.0,0.006738085001416,0.0122663860020111,0.3
core_sarimax_frozen_s42,sarimax,frozen,selected,False,42,23,2025-06-16 01:00:00,2025-06-18 15:00:00,63,24.87,True,True,32.47100039166949,16.16452936412667,48.635529755796156,0.0,0.006738085001416,0.0122663860020111,0.3
core_sarimax_frozen_s42,sarimax,frozen,selected,False,42,23,2025-06-16 01:00:00,2025-06-18 16:00:00,64,26.9,True,True,33.743009281216445,16.16452936412667,49.90753864534311,0.0,0.006738085001416,0.0122663860020111,0.3
core_sarimax_frozen_s42,sarimax,frozen,selected,False,42,23,2025-06-16 01:00:00,2025-06-18 17:00:00,65,29.09,True,True,34.58373692369025,16.16452936412667,50.74826628781692,0.0,0.006738085001416,0.0122663860020111,0.3
core_sarimax_frozen_s42,sarimax,frozen,selected,False,42,23,2025-06-16 01:00:00,2025-06-18 18:00:00,66,30.3,True,True,35.54194757506738,16.16452936412667,51.70647693919405,0.0,0.006738085001416,0.0122663860020111,0.3
core_sarimax_frozen_s42,sarimax,frozen,selected,False,42,23,2025-06-16 01:00:00,2025-06-18 19:00:00,67,29.82,True,True,36.295619548888766,16.16452936412667,52.46014891301543,0.0,0.006738085001416,0.0122663860020111,0.3
core_sarimax_frozen_s42,sarimax,frozen,selected,False,42,23,2025-06-16 01:00:00,2025-06-18 20:00:00,68,30.38,True,True,38.17919474726608,16.16452936412667,54.343724111392746,0.0,0.006738085001416,0.0122663860020111,0.3
core_sarimax_frozen_s42,sarimax,frozen,selected,False,42,23,2025-06-16 01:00:00,2025-06-18 21:00:00,69,32.74,True,True,40.42216538086046,16.16452936412667,56.58669474498713,0.0,0.006738085001416,0.0122663860020111,0.3
core_sarimax_frozen_s42,sarimax,frozen,selected,False,42,23,2025-06-16 01:00:00,2025-06-18 22:00:00,70,37.14,True,True,42.62933203979688,16.16452936412667,58.79386140392354,0.0,0.006738085001416,0.0122663860020111,0.3
core_sarimax_frozen_s42,sarimax,frozen,selected,False,42,23,2025-06-16 01:00:00,2025-06-18 23:00:00,71,40.6,True,True,44.98671112376769,16.16452936412667,61.151240487894356,0.0,0.006738085001416,0.0122663860020111,0.3
core_sarimax_frozen_s42,sarimax,frozen,selected,False,42,23,2025-06-16 01:00:00,2025-06-19 00:00:00,72,43.9,True,True,49.0015751651712,16.16452936412667,65.16610452929787,0.0,0.006738085001416,0.0122663860020111,0.3
core_sarimax_frozen_s42,sarimax,frozen,selected,False,42,23,2025-06-16 01:00:00,2025-06-19 01:00:00,73,46.43,True,True,56.5893242319199,16.16452936412667,72.75385359604657,0.0,0.006738085001416,0.0122663860020111,0.3
core_sarimax_frozen_s42,sarimax,frozen,selected,False,42,23,2025-06-16 01:00:00,2025-06-19 02:00:00,74,48.33,True,True,62.460861418353375,16.16452936412667,78.62539078248004,0.0,0.006738085001416,0.0122663860020111,0.3
core_sarimax_frozen_s42,sarimax,frozen,selected,False,42,23,2025-06-16 01:00:00,2025-06-19 03:00:00,75,51.16,True,True,71.78348589739528,16.16452936412667,87.94801526152195,0.0,0.006738085001416,0.0122663860020111,0.3
core_sarimax_frozen_s42,sarimax,frozen,selected,False,42,23,2025-06-16 01:00:00,2025-06-19 04:00:00,76,53.02,True,True,69.43378344122382,16.16452936412667,85.59831280535049,0.0,0.006738085001416,0.0122663860020111,0.3
core_sarimax_frozen_s42,sarimax,frozen,selected,False,42,23,2025-06-16 01:00:00,2025-06-19 05:00:00,77,51.8,True,True,64.51933458549456,16.16452936412667,80.68386394962123,0.0,0.006738085001416,0.0122663860020111,0.3
core_sarimax_frozen_s42,sarimax,frozen,selected,False,42,23,2025-06-16 01:00:00,2025-06-19 06:00:00,78,51.7,True,True,62.457485874453056,16.16452936412667,78.62201523857972,0.0,0.006738085001416,0.0122663860020111,0.3
core_sarimax_frozen_s42,sarimax,frozen,selected,False,42,23,2025-06-16 01:00:00,2025-06-19 07:00:00,79,49.32,True,True,55.87008292414154,16.16452936412667,72.0346122882682,0.0,0.006738085001416,0.0122663860020111,0.3
core_sarimax_frozen_s42,sarimax,frozen,selected,False,42,23,2025-06-16 01:00:00,2025-06-19 08:00:00,80,46.48,True,True,50.22932882872391,16.16452936412667,66.39385819285057,0.0,0.006738085001416,0.0122663860020111,0.3
core_sarimax_frozen_s42,sarimax,frozen,selected,False,42,23,2025-06-16 01:00:00,2025-06-19 09:00:00,81,45.29,True,True,46.23041455066769,16.16452936412667,62.394943914794354,0.0,0.006738085001416,0.0122663860020111,0.3
core_sarimax_frozen_s42,sarimax,frozen,selected,False,42,23,2025-06-16 01:00:00,2025-06-19 10:00:00,82,46.36,True,True,44.66018626957535,16.16452936412667,60.82471563370201,0.0,0.006738085001416,0.0122663860020111,0.3
core_sarimax_frozen_s42,sarimax,frozen,selected,False,42,23,2025-06-16 01:00:00,2025-06-19 11:00:00,83,48.95,True,True,44.64406218098523,16.16452936412667,60.808591545111895,0.0,0.006738085001416,0.0122663860020111,0.3
core_sarimax_frozen_s42,sarimax,frozen,selected,False,42,23,2025-06-16 01:00:00,2025-06-19 12:00:00,84,51.03,True,True,44.41651420730986,16.16452936412667,60.581043571436524,0.0,0.006738085001416,0.0122663860020111,0.3
core_sarimax_frozen_s42,sarimax,frozen,selected,False,42,23,2025-06-16 01:00:00,2025-06-19 13:00:00,85,52.05,True,True,43.58349641108444,16.16452936412667,59.748025775211104,0.0,0.006738085001416,0.0122663860020111,0.3
core_sarimax_frozen_s42,sarimax,frozen,selected,False,42,23,2025-06-16 01:00:00,2025-06-19 14:00:00,86,53.05,True,True,44.27790489901148,16.16452936412667,60.44243426313815,0.0,0.006738085001416,0.0122663860020111,0.3
core_sarimax_frozen_s42,sarimax,frozen,selected,False,42,23,2025-06-16 01:00:00,2025-06-19 15:00:00,87,54.56,True,True,46.36771563202447,16.16452936412667,62.532244996151135,0.0,0.006738085001416,0.0122663860020111,0.3
core_sarimax_frozen_s42,sarimax,frozen,selected,False,42,23,2025-06-16 01:00:00,2025-06-19 16:00:00,88,55.69,True,True,48.10069102491488,16.16452936412667,64.26522038904154,0.0,0.006738085001416,0.0122663860020111,0.3
core_sarimax_frozen_s42,sarimax,frozen,selected,False,42,23,2025-06-16 01:00:00,2025-06-19 17:00:00,89,57.7,True,True,50.39616933824527,16.16452936412667,66.56069870237194,0.0,0.006738085001416,0.0122663860020111,0.3
core_sarimax_frozen_s42,sarimax,frozen,selected,False,42,23,2025-06-16 01:00:00,2025-06-19 18:00:00,90,61.39,True,True,54.05780582070244,16.16452936412667,70.2223351848291,0.0,0.006738085001416,0.0122663860020111,0.3
core_sarimax_frozen_s42,sarimax,frozen,selected,False,42,23,2025-06-16 01:00:00,2025-06-19 19:00:00,91,66.16,True,True,58.59902128565045,16.16452936412667,74.76355064977712,0.0,0.006738085001416,0.0122663860020111,0.3
core_sarimax_frozen_s42,sarimax,frozen,selected,False,42,23,2025-06-16 01:00:00,2025-06-19 20:00:00,92,72.33,True,True,64.3288897152282,16.16452936412667,80.49341907935487,0.0,0.006738085001416,0.0122663860020111,0.3
core_sarimax_frozen_s42,sarimax,frozen,selected,False,42,23,2025-06-16 01:00:00,2025-06-19 21:00:00,93,79.8,True,True,69.78911201314205,16.16452936412667,85.95364137726871,0.0,0.006738085001416,0.0122663860020111,0.3
core_sarimax_frozen_s42,sarimax,frozen,selected,False,42,23,2025-06-16 01:00:00,2025-06-19 22:00:00,94,90.16,True,True,72.56790204619216,16.16452936412667,88.73243141031882,0.0,0.006738085001416,0.0122663860020111,0.3
core_sarimax_frozen_s42,sarimax,frozen,selected,False,42,23,2025-06-16 01:00:00,2025-06-19 23:00:00,95,99.96,True,True,71.70402929499093,16.16452936412667,87.8685586591176,0.0,0.006738085001416,0.0122663860020111,0.3
core_sarimax_frozen_s42,sarimax,frozen,selected,False,42,23,2025-06-16 01:00:00,2025-06-20 00:00:00,96,109.55,True,True,72.31918614087706,16.16452936412667,88.48371550500373,0.0,0.006738085001416,0.0122663860020111,0.3
core_sarimax_frozen_s42,sarimax,frozen,selected,False,42,23,2025-06-16 01:00:00,2025-06-20 01:00:00,97,91.43,True,True,63.51187295414076,16.16452936412667,79.67640231826744,0.0,0.006738085001416,0.0122663860020111,0.3
core_sarimax_frozen_s42,sarimax,frozen,selected,False,42,23,2025-06-16 01:00:00,2025-06-20 02:00:00,98,72.16,True,True,58.54071141928816,16.16452936412667,74.70524078341482,0.0,0.006738085001416,0.0122663860020111,0.3
core_sarimax_frozen_s42,sarimax,frozen,selected,False,42,23,2025-06-16 01:00:00,2025-06-20 03:00:00,99,63.05,True,True,60.6526709826054,16.16452936412667,76.81720034673206,0.0,0.006738085001416,0.0122663860020111,0.3
core_sarimax_frozen_s42,sarimax,frozen,selected,False,42,23,2025-06-16 01:00:00,2025-06-20 04:00:00,100,43.21,True,True,48.59609421897318,16.16452936412667,64.76062358309984,0.0,0.006738085001416,0.0122663860020111,0.3
core_sarimax_frozen_s42,sarimax,frozen,selected,False,42,23,2025-06-16 01:00:00,2025-06-20 05:00:00,101,33.74,True,True,40.42559232282258,16.16452936412667,56.590121686949246,0.0,0.006738085001416,0.0122663860020111,0.3
core_sarimax_frozen_s42,sarimax,frozen,selected,False,42,23,2025-06-16 01:00:00,2025-06-20 06:00:00,102,31.59,True,True,37.89630173369639,16.16452936412667,54.060831097823055,0.0,0.006738085001416,0.0122663860020111,0.3
core_sarimax_frozen_s42,sarimax,frozen,selected,False,42,23,2025-06-16 01:00:00,2025-06-20 07:00:00,103,31.27,True,True,33.908506345629405,16.16452936412667,50.07303570975607,0.0,0.006738085001416,0.0122663860020111,0.3
core_sarimax_frozen_s42,sarimax,frozen,selected,False,42,23,2025-06-16 01:00:00,2025-06-20 08:00:00,104,30.63,True,True,31.299240408382506,16.16452936412667,47.463769772509174,0.0,0.006738085001416,0.0122663860020111,0.3
core_sarimax_frozen_s42,sarimax,frozen,selected,False,42,23,2025-06-16 01:00:00,2025-06-20 09:00:00,105,29.19,True,True,28.82885860585492,16.16452936412667,44.99338796998158,0.0,0.006738085001416,0.0122663860020111,0.3
core_sarimax_frozen_s42,sarimax,frozen,selected,False,42,23,2025-06-16 01:00:00,2025-06-20 10:00:00,106,29.26,True,True,28.327834509634613,16.16452936412667,44.49236387376128,0.0,0.006738085001416,0.0122663860020111,0.3
core_sarimax_frozen_s42,sarimax,frozen,selected,False,42,23,2025-06-16 01:00:00,2025-06-20 11:00:00,107,30.76,True,True,29.74855423523724,16.16452936412667,45.91308359936391,0.0,0.006738085001416,0.0122663860020111,0.3
core_sarimax_frozen_s42,sarimax,frozen,selected,False,42,23,2025-06-16 01:00:00,2025-06-20 12:00:00,108,32.65,True,True,31.769066901662512,16.16452936412667,47.93359626578918,0.0,0.006738085001416,0.0122663860020111,0.3
core_sarimax_frozen_s42,sarimax,frozen,selected,False,42,23,2025-06-16 01:00:00,2025-06-20 13:00:00,109,34.17,True,True,33.01019037014629,16.16452936412667,49.174719734272955,0.0,0.006738085001416,0.0122663860020111,0.3
core_sarimax_frozen_s42,sarimax,frozen,selected,False,42,23,2025-06-16 01:00:00,2025-06-20 14:00:00,110,36.1,True,True,34.6863037099705,16.16452936412667,50.85083307409717,0.0,0.006738085001416,0.0122663860020111,0.3
core_sarimax_frozen_s42,sarimax,frozen,selected,False,42,23,2025-06-16 01:00:00,2025-06-20 15:00:00,111,37.93,True,True,36.428104779809615,16.16452936412667,52.59263414393628,0.0,0.006738085001416,0.0122663860020111,0.3
core_sarimax_frozen_s42,sarimax,frozen,selected,False,42,23,2025-06-16 01:00:00,2025-06-20 16:00:00,112,38.98,True,True,36.943706888988,16.16452936412667,53.10823625311467,0.0,0.006738085001416,0.0122663860020111,0.3
core_sarimax_frozen_s42,sarimax,frozen,selected,False,42,23,2025-06-16 01:00:00,2025-06-20 17:00:00,113,41.14,True,True,36.96669894723112,16.16452936412667,53.13122831135779,0.0,0.006738085001416,0.0122663860020111,0.3
core_sarimax_frozen_s42,sarimax,frozen,selected,False,42,23,2025-06-16 01:00:00,2025-06-20 18:00:00,114,44.2,True,True,37.41982146367317,16.16452936412667,53.58435082779984,0.0,0.006738085001416,0.0122663860020111,0.3
core_sarimax_frozen_s42,sarimax,frozen,selected,False,42,23,2025-06-16 01:00:00,2025-06-20 19:00:00,115,47.15,True,True,38.12911506362428,16.16452936412667,54.29364442775095,0.0,0.006738085001416,0.0122663860020111,0.3
core_sarimax_frozen_s42,sarimax,frozen,selected,False,42,23,2025-06-16 01:00:00,2025-06-20 20:00:00,116,49.59,True,True,40.15043421685834,16.16452936412667,56.31496358098501,0.0,0.006738085001416,0.0122663860020111,0.3
core_sarimax_frozen_s42,sarimax,frozen,selected,False,42,23,2025-06-16 01:00:00,2025-06-20 21:00:00,117,52.15,True,True,42.20261699529655,16.16452936412667,58.36714635942322,0.0,0.006738085001416,0.0122663860020111,0.3
core_sarimax_frozen_s42,sarimax,frozen,selected,False,42,23,2025-06-16 01:00:00,2025-06-20 22:00:00,118,54.48,True,True,43.46019459958092,16.16452936412667,59.624723963707595,0.0,0.006738085001416,0.0122663860020111,0.3
core_sarimax_frozen_s42,sarimax,frozen,selected,False,42,23,2025-06-16 01:00:00,2025-06-20 23:00:00,119,57.55,True,True,43.27774280215076,16.16452936412667,59.442272166277434,0.0,0.006738085001416,0.0122663860020111,0.3
core_sarimax_frozen_s42,sarimax,frozen,selected,False,42,23,2025-06-16 01:00:00,2025-06-21 00:00:00,120,64.16,True,True,44.43605100422923,16.16452936412667,60.60058036835589,0.0,0.006738085001416,0.0122663860020111,0.3
core_sarimax_frozen_s42,sarimax,frozen,selected,False,42,23,2025-06-16 01:00:00,2025-06-21 01:00:00,121,75.31,True,True,50.34746754648231,16.16452936412667,66.51199691060897,0.0,0.006738085001416,0.0122663860020111,0.3
core_sarimax_frozen_s42,sarimax,frozen,selected,False,42,23,2025-06-16 01:00:00,2025-06-21 02:00:00,122,78.91,True,True,53.78794979770072,16.16452936412667,69.95247916182738,0.0,0.006738085001416,0.0122663860020111,0.3
core_sarimax_frozen_s42,sarimax,frozen,selected,False,42,23,2025-06-16 01:00:00,2025-06-21 03:00:00,123,75.05,True,True,60.805298413932405,16.16452936412667,76.96982777805907,0.0,0.006738085001416,0.0122663860020111,0.3
core_sarimax_frozen_s42,sarimax,frozen,selected,False,42,23,2025-06-16 01:00:00,2025-06-21 04:00:00,124,40.02,True,True,43.89298835002444,16.16452936412667,60.0575177141511,0.0,0.006738085001416,0.0122663860020111,0.3
core_sarimax_frozen_s42,sarimax,frozen,selected,False,42,23,2025-06-16 01:00:00,2025-06-21 05:00:00,125,27.51,True,True,35.519005561217085,16.16452936412667,51.68353492534375,0.0,0.006738085001416,0.0122663860020111,0.3
core_sarimax_frozen_s42,sarimax,frozen,selected,False,42,23,2025-06-16 01:00:00,2025-06-21 06:00:00,126,25.22,True,True,33.168356377214764,16.16452936412667,49.33288574134143,0.0,0.006738085001416,0.0122663860020111,0.3
core_sarimax_frozen_s42,sarimax,frozen,selected,False,42,23,2025-06-16 01:00:00,2025-06-21 07:00:00,127,24.2,True,True,29.188014657875016,16.16452936412667,45.35254402200168,0.0,0.006738085001416,0.0122663860020111,0.3
core_sarimax_frozen_s42,sarimax,frozen,selected,False,42,23,2025-06-16 01:00:00,2025-06-21 08:00:00,128,23.4,True,True,26.821130748537342,16.16452936412667,42.98566011266401,0.0,0.006738085001416,0.0122663860020111,0.3
core_sarimax_frozen_s42,sarimax,frozen,selected,False,42,23,2025-06-16 01:00:00,2025-06-21 09:00:00,129,22.58,True,True,24.957195749194423,16.16452936412667,41.12172511332109,0.0,0.006738085001416,0.0122663860020111,0.3
core_sarimax_frozen_s42,sarimax,frozen,selected,False,42,23,2025-06-16 01:00:00,2025-06-21 10:00:00,130,22.31,True,True,25.0344179561682,16.16452936412667,41.19894732029486,0.0,0.006738085001416,0.0122663860020111,0.3
core_sarimax_frozen_s42,sarimax,frozen,selected,False,42,23,2025-06-16 01:00:00,2025-06-21 11:00:00,131,22.71,True,True,27.07379122207433,16.16452936412667,43.238320586201,0.0,0.006738085001416,0.0122663860020111,0.3
core_sarimax_frozen_s42,sarimax,frozen,selected,False,42,23,2025-06-16 01:00:00,2025-06-21 12:00:00,132,23.08,True,True,30.14418761744369,16.16452936412667,46.308716981570356,0.0,0.006738085001416,0.0122663860020111,0.3
core_sarimax_frozen_s42,sarimax,frozen,selected,False,42,23,2025-06-16 01:00:00,2025-06-21 13:00:00,133,22.7,True,True,32.78935759886312,16.16452936412667,48.953886962989785,0.0,0.006738085001416,0.0122663860020111,0.3
core_sarimax_frozen_s42,sarimax,frozen,selected,False,42,23,2025-06-16 01:00:00,2025-06-21 14:00:00,134,22.97,True,True,35.404166247924536,16.16452936412667,51.5686956120512,0.0,0.006738085001416,0.0122663860020111,0.3
core_sarimax_frozen_s42,sarimax,frozen,selected,False,42,23,2025-06-16 01:00:00,2025-06-21 15:00:00,135,23.56,True,True,37.34084476766296,16.16452936412667,53.50537413178962,0.0,0.006738085001416,0.0122663860020111,0.3
core_sarimax_frozen_s42,sarimax,frozen,selected,False,42,23,2025-06-16 01:00:00,2025-06-21 16:00:00,136,23.93,True,True,37.39228086129228,16.16452936412667,53.55681022541894,0.0,0.006738085001416,0.0122663860020111,0.3
core_sarimax_frozen_s42,sarimax,frozen,selected,False,42,23,2025-06-16 01:00:00,2025-06-21 17:00:00,137,24.46,True,True,36.97903664441151,16.16452936412667,53.14356600853817,0.0,0.006738085001416,0.0122663860020111,0.3
core_sarimax_frozen_s42,sarimax,frozen,selected,False,42,23,2025-06-16 01:00:00,2025-06-21 18:00:00,138,25.31,True,True,36.906275776850265,16.16452936412667,53.07080514097693,0.0,0.006738085001416,0.0122663860020111,0.3
core_sarimax_frozen_s42,sarimax,frozen,selected,False,42,23,2025-06-16 01:00:00,2025-06-21 19:00:00,139,26.29,True,True,36.700646912002526,16.16452936412667,52.86517627612919,0.0,0.006738085001416,0.0122663860020111,0.3
core_sarimax_frozen_s42,sarimax,frozen,selected,False,42,23,2025-06-16 01:00:00,2025-06-21 20:00:00,140,26.1,True,True,37.204342097738845,16.16452936412667,53.36887146186551,0.0,0.006738085001416,0.0122663860020111,0.3
core_sarimax_frozen_s42,sarimax,frozen,selected,False,42,23,2025-06-16 01:00:00,2025-06-21 21:00:00,141,25.82,True,True,37.64705907814784,16.16452936412667,53.81158844227451,0.0,0.006738085001416,0.0122663860020111,0.3
core_sarimax_frozen_s42,sarimax,frozen,selected,False,42,23,2025-06-16 01:00:00,2025-06-21 22:00:00,142,25.95,True,True,37.63614431131779,16.16452936412667,53.80067367544446,0.0,0.006738085001416,0.0122663860020111,0.3
core_sarimax_frozen_s42,sarimax,frozen,selected,False,42,23,2025-06-16 01:00:00,2025-06-21 23:00:00,143,26.66,True,True,36.60129403676879,16.16452936412667,52.76582340089546,0.0,0.006738085001416,0.0122663860020111,0.3
core_sarimax_frozen_s42,sarimax,frozen,selected,False,42,23,2025-06-16 01:00:00,2025-06-22 00:00:00,144,28.15,True,True,36.79348878239648,16.16452936412667,52.958018146523145,0.0,0.006738085001416,0.0122663860020111,0.3
core_sarimax_frozen_s42,sarimax,frozen,selected,False,42,23,2025-06-16 01:00:00,2025-06-22 01:00:00,145,29.82,True,True,41.31304670749364,16.16452936412667,57.477576071620305,0.0,0.006738085001416,0.0122663860020111,0.3
core_sarimax_frozen_s42,sarimax,frozen,selected,False,42,23,2025-06-16 01:00:00,2025-06-22 02:00:00,146,31.16,True,True,43.484671045026886,16.16452936412667,59.64920040915355,0.0,0.006738085001416,0.0122663860020111,0.3
core_sarimax_frozen_s42,sarimax,frozen,selected,False,42,23,2025-06-16 01:00:00,2025-06-22 03:00:00,147,40.39,True,True,48.48065260039519,16.16452936412667,64.64518196452185,0.0,0.006738085001416,0.0122663860020111,0.3
core_sarimax_frozen_s42,sarimax,frozen,selected,False,42,23,2025-06-16 01:00:00,2025-06-22 04:00:00,148,16.97,True,True,33.66891013116066,16.16452936412667,49.83343949528732,0.0,0.006738085001416,0.0122663860020111,0.3
core_sarimax_frozen_s42,sarimax,frozen,selected,False,42,23,2025-06-16 01:00:00,2025-06-22 05:00:00,149,10.58,True,True,28.582717591758666,16.16452936412667,44.74724695588533,0.0,0.006738085001416,0.0122663860020111,0.3
core_sarimax_frozen_s42,sarimax,frozen,selected,False,42,23,2025-06-16 01:00:00,2025-06-22 06:00:00,150,10.02,True,True,27.34652421464432,16.16452936412667,43.511053578770984,0.0,0.006738085001416,0.0122663860020111,0.3
core_sarimax_frozen_s42,sarimax,frozen,selected,False,42,23,2025-06-16 01:00:00,2025-06-22 07:00:00,151,10.45,True,True,24.17219258714448,16.16452936412667,40.336721951271144,0.0,0.006738085001416,0.0122663860020111,0.3
core_sarimax_frozen_s42,sarimax,frozen,selected,False,42,23,2025-06-16 01:00:00,2025-06-22 08:00:00,152,10.84,True,True,22.168224426819705,16.16452936412667,38.33275379094637,0.0,0.006738085001416,0.0122663860020111,0.3
core_sarimax_frozen_s42,sarimax,frozen,selected,False,42,23,2025-06-16 01:00:00,2025-06-22 09:00:00,153,11.14,True,True,20.330593525291192,16.16452936412667,36.49512288941786,0.0,0.006738085001416,0.0122663860020111,0.3
core_sarimax_frozen_s42,sarimax,frozen,selected,False,42,23,2025-06-16 01:00:00,2025-06-22 10:00:00,154,12.45,True,True,19.77111721214544,16.16452936412667,35.935646576272106,0.0,0.006738085001416,0.0122663860020111,0.3
core_sarimax_frozen_s42,sarimax,frozen,selected,False,42,23,2025-06-16 01:00:00,2025-06-22 11:00:00,155,15.28,True,True,20.685584517029696,16.16452936412667,36.85011388115636,0.0,0.006738085001416,0.0122663860020111,0.3
core_sarimax_frozen_s42,sarimax,frozen,selected,False,42,23,2025-06-16 01:00:00,2025-06-22 12:00:00,156,18.72,True,True,22.12617889363122,16.16452936412667,38.290708257757885,0.0,0.006738085001416,0.0122663860020111,0.3
core_sarimax_frozen_s42,sarimax,frozen,selected,False,42,23,2025-06-16 01:00:00,2025-06-22 13:00:00,157,21.94,True,True,23.297373515841656,16.16452936412667,39.46190287996832,0.0,0.006738085001416,0.0122663860020111,0.3
core_sarimax_frozen_s42,sarimax,frozen,selected,False,42,23,2025-06-16 01:00:00,2025-06-22 14:00:00,158,24.59,True,True,25.00622933654145,16.16452936412667,41.17075870066812,0.0,0.006738085001416,0.0122663860020111,0.3
core_sarimax_frozen_s42,sarimax,frozen,selected,False,42,23,2025-06-16 01:00:00,2025-06-22 15:00:00,159,26.44,True,True,26.801473323916184,16.16452936412667,42.96600268804285,0.0,0.006738085001416,0.0122663860020111,0.3
core_sarimax_frozen_s42,sarimax,frozen,selected,False,42,23,2025-06-16 01:00:00,2025-06-22 16:00:00,160,27.66,True,True,28.397626548306988,16.16452936412667,44.56215591243365,0.0,0.006738085001416,0.0122663860020111,0.3
core_sarimax_frozen_s42,sarimax,frozen,selected,False,42,23,2025-06-16 01:00:00,2025-06-22 17:00:00,161,29.38,True,True,30.489299284072302,16.16452936412667,46.65382864819897,0.0,0.006738085001416,0.0122663860020111,0.3
core_sarimax_frozen_s42,sarimax,frozen,selected,False,42,23,2025-06-16 01:00:00,2025-06-22 18:00:00,162,31.61,True,True,33.46870544356793,16.16452936412667,49.63323480769459,0.0,0.006738085001416,0.0122663860020111,0.3
core_sarimax_frozen_s42,sarimax,frozen,selected,False,42,23,2025-06-16 01:00:00,2025-06-22 19:00:00,163,33.9,True,True,36.760186047335736,16.16452936412667,52.9247154114624,0.0,0.006738085001416,0.0122663860020111,0.3
core_sarimax_frozen_s42,sarimax,frozen,selected,False,42,23,2025-06-16 01:00:00,2025-06-22 20:00:00,164,36.33,True,True,40.36836168125626,16.16452936412667,56.532891045382925,0.0,0.006738085001416,0.0122663860020111,0.3
core_sarimax_frozen_s42,sarimax,frozen,selected,False,42,23,2025-06-16 01:00:00,2025-06-22 21:00:00,165,38.63,True,True,43.29943897834974,16.16452936412667,59.463968342476406,0.0,0.006738085001416,0.0122663860020111,0.3
core_sarimax_frozen_s42,sarimax,frozen,selected,False,42,23,2025-06-16 01:00:00,2025-06-22 22:00:00,166,40.34,True,True,44.80700792514898,16.16452936412667,60.971537289275645,0.0,0.006738085001416,0.0122663860020111,0.3
core_sarimax_frozen_s42,sarimax,frozen,selected,False,42,23,2025-06-16 01:00:00,2025-06-22 23:00:00,167,42.74,True,True,45.88682484420056,16.16452936412667,62.051354208327226,0.0,0.006738085001416,0.0122663860020111,0.3
core_sarimax_frozen_s42,sarimax,frozen,selected,False,42,23,2025-06-16 01:00:00,2025-06-23 00:00:00,168,45.63,True,True,48.734627809184985,16.16452936412667,64.89915717331165,0.0,0.006738085001416,0.0122663860020111,0.3
