run_id,family,regime,feature_set,clip_inputs,seed,window,forecast_origin,target_timestamp,lead_hour,original_target,observed,eligible,base_prediction,applied_bias,corrected_prediction,fit_seconds,forecast_seconds,state_update_seconds,alpha
core_neuralprophet_frozen_s123,neuralprophet,frozen,selected,False,123,1,2025-01-13 01:00:00,2025-01-13 01:00:00,1,759.79,True,True,786.5618896484375,0.0,786.5618896484375,193.6457981970016,0.1177199720004864,0.0,1.0
core_neuralprophet_frozen_s123,neuralprophet,frozen,selected,False,123,1,2025-01-13 01:00:00,2025-01-13 02:00:00,2,837.21,True,True,865.7821655273438,0.0,865.7821655273438,193.6457981970016,0.1177199720004864,0.0,1.0
core_neuralprophet_frozen_s123,neuralprophet,frozen,selected,False,123,1,2025-01-13 01:00:00,2025-01-13 03:00:00,3,900.28,True,True,940.856689453125,0.0,940.856689453125,193.6457981970016,0.1177199720004864,0.0,1.0
core_neuralprophet_frozen_s123,neuralprophet,frozen,selected,False,123,1,2025-01-13 01:00:00,2025-01-13 04:00:00,4,908.42,True,True,937.7505493164062,0.0,937.7505493164062,193.6457981970016,0.1177199720004864,0.0,1.0
core_neuralprophet_frozen_s123,neuralprophet,frozen,selected,False,123,1,2025-01-13 01:00:00,2025-01-13 05:00:00,5,672.94,True,True,708.3823852539062,0.0,708.3823852539062,193.6457981970016,0.1177199720004864,0.0,1.0
core_neuralprophet_frozen_s123,neuralprophet,frozen,selected,False,123,1,2025-01-13 01:00:00,2025-01-13 06:00:00,6,294.8,True,True,319.011962890625,0.0,319.011962890625,193.6457981970016,0.1177199720004864,0.0,1.0
core_neuralprophet_frozen_s123,neuralprophet,frozen,selected,False,123,1,2025-01-13 01:00:00,2025-01-13 07:00:00,7,76.4,True,True,90.72439575195312,0.0,90.72439575195312,193.6457981970016,0.1177199720004864,0.0,1.0
core_neuralprophet_frozen_s123,neuralprophet,frozen,selected,False,123,1,2025-01-13 01:00:00,2025-01-13 08:00:00,8,129.61,True,True,156.07638549804688,0.0,156.07638549804688,193.6457981970016,0.1177199720004864,0.0,1.0
core_neuralprophet_frozen_s123,neuralprophet,frozen,selected,False,123,1,2025-01-13 01:00:00,2025-01-13 09:00:00,9,233.27,True,True,255.1270446777344,0.0,255.1270446777344,193.6457981970016,0.1177199720004864,0.0,1.0
core_neuralprophet_frozen_s123,neuralprophet,frozen,selected,False,123,1,2025-01-13 01:00:00,2025-01-13 10:00:00,10,355.33,True,True,376.2658081054688,0.0,376.2658081054688,193.6457981970016,0.1177199720004864,0.0,1.0
core_neuralprophet_frozen_s123,neuralprophet,frozen,selected,False,123,1,2025-01-13 01:00:00,2025-01-13 11:00:00,11,508.8,True,True,533.09326171875,0.0,533.09326171875,193.6457981970016,0.1177199720004864,0.0,1.0
core_neuralprophet_frozen_s123,neuralprophet,frozen,selected,False,123,1,2025-01-13 01:00:00,2025-01-13 12:00:00,12,683.67,True,True,715.4653930664062,0.0,715.4653930664062,193.6457981970016,0.1177199720004864,0.0,1.0
core_neuralprophet_frozen_s123,neuralprophet,frozen,selected,False,123,1,2025-01-13 01:00:00,2025-01-13 13:00:00,13,823.34,True,True,854.4361572265625,0.0,854.4361572265625,193.6457981970016,0.1177199720004864,0.0,1.0
core_neuralprophet_frozen_s123,neuralprophet,frozen,selected,False,123,1,2025-01-13 01:00:00,2025-01-13 14:00:00,14,903.43,True,True,949.5337524414062,0.0,949.5337524414062,193.6457981970016,0.1177199720004864,0.0,1.0
core_neuralprophet_frozen_s123,neuralprophet,frozen,selected,False,123,1,2025-01-13 01:00:00,2025-01-13 15:00:00,15,904.75,True,True,953.2481079101562,0.0,953.2481079101562,193.6457981970016,0.1177199720004864,0.0,1.0
core_neuralprophet_frozen_s123,neuralprophet,frozen,selected,False,123,1,2025-01-13 01:00:00,2025-01-13 16:00:00,16,870.4,True,True,943.2197875976562,0.0,943.2197875976562,193.6457981970016,0.1177199720004864,0.0,1.0
core_neuralprophet_frozen_s123,neuralprophet,frozen,selected,False,123,1,2025-01-13 01:00:00,2025-01-13 17:00:00,17,833.22,True,True,912.647216796875,0.0,912.647216796875,193.6457981970016,0.1177199720004864,0.0,1.0
core_neuralprophet_frozen_s123,neuralprophet,frozen,selected,False,123,1,2025-01-13 01:00:00,2025-01-13 18:00:00,18,773.03,True,True,844.3822631835938,0.0,844.3822631835938,193.6457981970016,0.1177199720004864,0.0,1.0
core_neuralprophet_frozen_s123,neuralprophet,frozen,selected,False,123,1,2025-01-13 01:00:00,2025-01-13 19:00:00,19,622.36,True,True,672.9521484375,0.0,672.9521484375,193.6457981970016,0.1177199720004864,0.0,1.0
core_neuralprophet_frozen_s123,neuralprophet,frozen,selected,False,123,1,2025-01-13 01:00:00,2025-01-13 20:00:00,20,421.75,True,True,473.8696899414063,0.0,473.8696899414063,193.6457981970016,0.1177199720004864,0.0,1.0
core_neuralprophet_frozen_s123,neuralprophet,frozen,selected,False,123,1,2025-01-13 01:00:00,2025-01-13 21:00:00,21,253.7,True,True,277.7534484863281,0.0,277.7534484863281,193.6457981970016,0.1177199720004864,0.0,1.0
core_neuralprophet_frozen_s123,neuralprophet,frozen,selected,False,123,1,2025-01-13 01:00:00,2025-01-13 22:00:00,22,82.4,True,True,82.36141967773438,0.0,82.36141967773438,193.6457981970016,0.1177199720004864,0.0,1.0
core_neuralprophet_frozen_s123,neuralprophet,frozen,selected,False,123,1,2025-01-13 01:00:00,2025-01-13 23:00:00,23,42.86,True,True,40.724212646484375,0.0,40.724212646484375,193.6457981970016,0.1177199720004864,0.0,1.0
core_neuralprophet_frozen_s123,neuralprophet,frozen,selected,False,123,1,2025-01-13 01:00:00,2025-01-14 00:00:00,24,37.24,True,True,28.21290779113769,0.0,28.21290779113769,193.6457981970016,0.1177199720004864,0.0,1.0
core_neuralprophet_frozen_s123,neuralprophet,frozen,selected,False,123,1,2025-01-13 01:00:00,2025-01-14 01:00:00,25,24.54,True,True,11.613973617553713,0.0,11.613973617553713,193.6457981970016,0.1177199720004864,0.0,1.0
core_neuralprophet_frozen_s123,neuralprophet,frozen,selected,False,123,1,2025-01-13 01:00:00,2025-01-14 02:00:00,26,18.33,True,True,-5.822851657867432,0.0,-5.822851657867432,193.6457981970016,0.1177199720004864,0.0,1.0
core_neuralprophet_frozen_s123,neuralprophet,frozen,selected,False,123,1,2025-01-13 01:00:00,2025-01-14 03:00:00,27,11.8,True,True,-10.215920448303224,0.0,-10.215920448303224,193.6457981970016,0.1177199720004864,0.0,1.0
core_neuralprophet_frozen_s123,neuralprophet,frozen,selected,False,123,1,2025-01-13 01:00:00,2025-01-14 04:00:00,28,8.15,True,True,-5.134299755096436,0.0,-5.134299755096436,193.6457981970016,0.1177199720004864,0.0,1.0
core_neuralprophet_frozen_s123,neuralprophet,frozen,selected,False,123,1,2025-01-13 01:00:00,2025-01-14 05:00:00,29,8.22,True,True,5.653714656829834,0.0,5.653714656829834,193.6457981970016,0.1177199720004864,0.0,1.0
core_neuralprophet_frozen_s123,neuralprophet,frozen,selected,False,123,1,2025-01-13 01:00:00,2025-01-14 06:00:00,30,8.56,True,True,-3.217695951461792,0.0,-3.217695951461792,193.6457981970016,0.1177199720004864,0.0,1.0
core_neuralprophet_frozen_s123,neuralprophet,frozen,selected,False,123,1,2025-01-13 01:00:00,2025-01-14 07:00:00,31,8.96,True,True,-4.037069797515869,0.0,-4.037069797515869,193.6457981970016,0.1177199720004864,0.0,1.0
core_neuralprophet_frozen_s123,neuralprophet,frozen,selected,False,123,1,2025-01-13 01:00:00,2025-01-14 08:00:00,32,10.47,True,True,-4.998910903930664,0.0,-4.998910903930664,193.6457981970016,0.1177199720004864,0.0,1.0
core_neuralprophet_frozen_s123,neuralprophet,frozen,selected,False,123,1,2025-01-13 01:00:00,2025-01-14 09:00:00,33,12.1,True,True,4.381978988647461,0.0,4.381978988647461,193.6457981970016,0.1177199720004864,0.0,1.0
core_neuralprophet_frozen_s123,neuralprophet,frozen,selected,False,123,1,2025-01-13 01:00:00,2025-01-14 10:00:00,34,15.07,True,True,-10.711468696594238,0.0,-10.711468696594238,193.6457981970016,0.1177199720004864,0.0,1.0
core_neuralprophet_frozen_s123,neuralprophet,frozen,selected,False,123,1,2025-01-13 01:00:00,2025-01-14 11:00:00,35,22.42,True,True,-15.41630744934082,0.0,-15.41630744934082,193.6457981970016,0.1177199720004864,0.0,1.0
core_neuralprophet_frozen_s123,neuralprophet,frozen,selected,False,123,1,2025-01-13 01:00:00,2025-01-14 12:00:00,36,31.0,True,True,-8.576977729797363,0.0,-8.576977729797363,193.6457981970016,0.1177199720004864,0.0,1.0
core_neuralprophet_frozen_s123,neuralprophet,frozen,selected,False,123,1,2025-01-13 01:00:00,2025-01-14 13:00:00,37,36.65,True,True,3.566319227218628,0.0,3.566319227218628,193.6457981970016,0.1177199720004864,0.0,1.0
core_neuralprophet_frozen_s123,neuralprophet,frozen,selected,False,123,1,2025-01-13 01:00:00,2025-01-14 14:00:00,38,39.83,True,True,-6.388857364654541,0.0,-6.388857364654541,193.6457981970016,0.1177199720004864,0.0,1.0
core_neuralprophet_frozen_s123,neuralprophet,frozen,selected,False,123,1,2025-01-13 01:00:00,2025-01-14 15:00:00,39,36.94,True,True,-7.1871747970581055,0.0,-7.1871747970581055,193.6457981970016,0.1177199720004864,0.0,1.0
core_neuralprophet_frozen_s123,neuralprophet,frozen,selected,False,123,1,2025-01-13 01:00:00,2025-01-14 16:00:00,40,28.02,True,True,-12.742234230041504,0.0,-12.742234230041504,193.6457981970016,0.1177199720004864,0.0,1.0
core_neuralprophet_frozen_s123,neuralprophet,frozen,selected,False,123,1,2025-01-13 01:00:00,2025-01-14 17:00:00,41,24.98,True,True,-16.455156326293945,0.0,-16.455156326293945,193.6457981970016,0.1177199720004864,0.0,1.0
core_neuralprophet_frozen_s123,neuralprophet,frozen,selected,False,123,1,2025-01-13 01:00:00,2025-01-14 18:00:00,42,24.96,True,True,-7.049670219421387,0.0,-7.049670219421387,193.6457981970016,0.1177199720004864,0.0,1.0
core_neuralprophet_frozen_s123,neuralprophet,frozen,selected,False,123,1,2025-01-13 01:00:00,2025-01-14 19:00:00,43,37.67,True,True,13.320374488830566,0.0,13.320374488830566,193.6457981970016,0.1177199720004864,0.0,1.0
core_neuralprophet_frozen_s123,neuralprophet,frozen,selected,False,123,1,2025-01-13 01:00:00,2025-01-14 20:00:00,44,63.94,True,True,55.53570556640625,0.0,55.53570556640625,193.6457981970016,0.1177199720004864,0.0,1.0
core_neuralprophet_frozen_s123,neuralprophet,frozen,selected,False,123,1,2025-01-13 01:00:00,2025-01-14 21:00:00,45,93.66,True,True,78.3677749633789,0.0,78.3677749633789,193.6457981970016,0.1177199720004864,0.0,1.0
core_neuralprophet_frozen_s123,neuralprophet,frozen,selected,False,123,1,2025-01-13 01:00:00,2025-01-14 22:00:00,46,138.62,True,True,130.57461547851562,0.0,130.57461547851562,193.6457981970016,0.1177199720004864,0.0,1.0
core_neuralprophet_frozen_s123,neuralprophet,frozen,selected,False,123,1,2025-01-13 01:00:00,2025-01-14 23:00:00,47,271.25,True,True,271.9447937011719,0.0,271.9447937011719,193.6457981970016,0.1177199720004864,0.0,1.0
core_neuralprophet_frozen_s123,neuralprophet,frozen,selected,False,123,1,2025-01-13 01:00:00,2025-01-15 00:00:00,48,471.95,True,True,480.2716064453125,0.0,480.2716064453125,193.6457981970016,0.1177199720004864,0.0,1.0
core_neuralprophet_frozen_s123,neuralprophet,frozen,selected,False,123,1,2025-01-13 01:00:00,2025-01-15 01:00:00,49,641.87,True,True,669.6441650390625,0.0,669.6441650390625,193.6457981970016,0.1177199720004864,0.0,1.0
core_neuralprophet_frozen_s123,neuralprophet,frozen,selected,False,123,1,2025-01-13 01:00:00,2025-01-15 02:00:00,50,717.12,True,True,745.9068603515625,0.0,745.9068603515625,193.6457981970016,0.1177199720004864,0.0,1.0
core_neuralprophet_frozen_s123,neuralprophet,frozen,selected,False,123,1,2025-01-13 01:00:00,2025-01-15 03:00:00,51,713.25,True,True,734.678466796875,0.0,734.678466796875,193.6457981970016,0.1177199720004864,0.0,1.0
core_neuralprophet_frozen_s123,neuralprophet,frozen,selected,False,123,1,2025-01-13 01:00:00,2025-01-15 04:00:00,52,533.68,True,True,554.4310913085938,0.0,554.4310913085938,193.6457981970016,0.1177199720004864,0.0,1.0
core_neuralprophet_frozen_s123,neuralprophet,frozen,selected,False,123,1,2025-01-13 01:00:00,2025-01-15 05:00:00,53,400.19,True,True,421.6859436035156,0.0,421.6859436035156,193.6457981970016,0.1177199720004864,0.0,1.0
core_neuralprophet_frozen_s123,neuralprophet,frozen,selected,False,123,1,2025-01-13 01:00:00,2025-01-15 06:00:00,54,306.47,True,True,322.69073486328125,0.0,322.69073486328125,193.6457981970016,0.1177199720004864,0.0,1.0
core_neuralprophet_frozen_s123,neuralprophet,frozen,selected,False,123,1,2025-01-13 01:00:00,2025-01-15 07:00:00,55,237.43,True,True,272.8302917480469,0.0,272.8302917480469,193.6457981970016,0.1177199720004864,0.0,1.0
core_neuralprophet_frozen_s123,neuralprophet,frozen,selected,False,123,1,2025-01-13 01:00:00,2025-01-15 08:00:00,56,216.12,True,True,245.616943359375,0.0,245.616943359375,193.6457981970016,0.1177199720004864,0.0,1.0
core_neuralprophet_frozen_s123,neuralprophet,frozen,selected,False,123,1,2025-01-13 01:00:00,2025-01-15 09:00:00,57,206.06,True,True,228.7960968017578,0.0,228.7960968017578,193.6457981970016,0.1177199720004864,0.0,1.0
core_neuralprophet_frozen_s123,neuralprophet,frozen,selected,False,123,1,2025-01-13 01:00:00,2025-01-15 10:00:00,58,232.84,True,True,251.68251037597656,0.0,251.68251037597656,193.6457981970016,0.1177199720004864,0.0,1.0
core_neuralprophet_frozen_s123,neuralprophet,frozen,selected,False,123,1,2025-01-13 01:00:00,2025-01-15 11:00:00,59,292.56,True,True,306.6600036621094,0.0,306.6600036621094,193.6457981970016,0.1177199720004864,0.0,1.0
core_neuralprophet_frozen_s123,neuralprophet,frozen,selected,False,123,1,2025-01-13 01:00:00,2025-01-15 12:00:00,60,357.03,True,True,371.4075622558594,0.0,371.4075622558594,193.6457981970016,0.1177199720004864,0.0,1.0
core_neuralprophet_frozen_s123,neuralprophet,frozen,selected,False,123,1,2025-01-13 01:00:00,2025-01-15 13:00:00,61,460.7,True,True,470.3768310546875,0.0,470.3768310546875,193.6457981970016,0.1177199720004864,0.0,1.0
core_neuralprophet_frozen_s123,neuralprophet,frozen,selected,False,123,1,2025-01-13 01:00:00,2025-01-15 14:00:00,62,610.88,True,True,635.1862182617188,0.0,635.1862182617188,193.6457981970016,0.1177199720004864,0.0,1.0
core_neuralprophet_frozen_s123,neuralprophet,frozen,selected,False,123,1,2025-01-13 01:00:00,2025-01-15 15:00:00,63,709.51,True,True,743.4398803710938,0.0,743.4398803710938,193.6457981970016,0.1177199720004864,0.0,1.0
core_neuralprophet_frozen_s123,neuralprophet,frozen,selected,False,123,1,2025-01-13 01:00:00,2025-01-15 16:00:00,64,690.86,True,True,721.4008178710938,0.0,721.4008178710938,193.6457981970016,0.1177199720004864,0.0,1.0
core_neuralprophet_frozen_s123,neuralprophet,frozen,selected,False,123,1,2025-01-13 01:00:00,2025-01-15 17:00:00,65,619.09,True,True,661.4715576171875,0.0,661.4715576171875,193.6457981970016,0.1177199720004864,0.0,1.0
core_neuralprophet_frozen_s123,neuralprophet,frozen,selected,False,123,1,2025-01-13 01:00:00,2025-01-15 18:00:00,66,539.14,True,True,578.5570068359375,0.0,578.5570068359375,193.6457981970016,0.1177199720004864,0.0,1.0
core_neuralprophet_frozen_s123,neuralprophet,frozen,selected,False,123,1,2025-01-13 01:00:00,2025-01-15 19:00:00,67,417.74,True,True,455.8853149414063,0.0,455.8853149414063,193.6457981970016,0.1177199720004864,0.0,1.0
core_neuralprophet_frozen_s123,neuralprophet,frozen,selected,False,123,1,2025-01-13 01:00:00,2025-01-15 20:00:00,68,267.09,True,True,270.14080810546875,0.0,270.14080810546875,193.6457981970016,0.1177199720004864,0.0,1.0
core_neuralprophet_frozen_s123,neuralprophet,frozen,selected,False,123,1,2025-01-13 01:00:00,2025-01-15 21:00:00,69,144.86,True,True,135.39779663085938,0.0,135.39779663085938,193.6457981970016,0.1177199720004864,0.0,1.0
core_neuralprophet_frozen_s123,neuralprophet,frozen,selected,False,123,1,2025-01-13 01:00:00,2025-01-15 22:00:00,70,66.81,True,True,48.65388107299805,0.0,48.65388107299805,193.6457981970016,0.1177199720004864,0.0,1.0
core_neuralprophet_frozen_s123,neuralprophet,frozen,selected,False,123,1,2025-01-13 01:00:00,2025-01-15 23:00:00,71,71.43,True,True,57.97684860229492,0.0,57.97684860229492,193.6457981970016,0.1177199720004864,0.0,1.0
core_neuralprophet_frozen_s123,neuralprophet,frozen,selected,False,123,1,2025-01-13 01:00:00,2025-01-16 00:00:00,72,77.06,True,True,60.71535873413086,0.0,60.71535873413086,193.6457981970016,0.1177199720004864,0.0,1.0
core_neuralprophet_frozen_s123,neuralprophet,frozen,selected,False,123,1,2025-01-13 01:00:00,2025-01-16 01:00:00,73,67.35,True,True,29.92304801940918,0.0,29.92304801940918,193.6457981970016,0.1177199720004864,0.0,1.0
core_neuralprophet_frozen_s123,neuralprophet,frozen,selected,False,123,1,2025-01-13 01:00:00,2025-01-16 02:00:00,74,66.52,True,True,32.05794906616211,0.0,32.05794906616211,193.6457981970016,0.1177199720004864,0.0,1.0
core_neuralprophet_frozen_s123,neuralprophet,frozen,selected,False,123,1,2025-01-13 01:00:00,2025-01-16 03:00:00,75,64.37,True,True,17.6557674407959,0.0,17.6557674407959,193.6457981970016,0.1177199720004864,0.0,1.0
core_neuralprophet_frozen_s123,neuralprophet,frozen,selected,False,123,1,2025-01-13 01:00:00,2025-01-16 04:00:00,76,61.6,True,True,27.34957695007324,0.0,27.34957695007324,193.6457981970016,0.1177199720004864,0.0,1.0
core_neuralprophet_frozen_s123,neuralprophet,frozen,selected,False,123,1,2025-01-13 01:00:00,2025-01-16 05:00:00,77,61.76,True,True,29.38182258605957,0.0,29.38182258605957,193.6457981970016,0.1177199720004864,0.0,1.0
core_neuralprophet_frozen_s123,neuralprophet,frozen,selected,False,123,1,2025-01-13 01:00:00,2025-01-16 06:00:00,78,62.94,True,True,32.30550765991211,0.0,32.30550765991211,193.6457981970016,0.1177199720004864,0.0,1.0
core_neuralprophet_frozen_s123,neuralprophet,frozen,selected,False,123,1,2025-01-13 01:00:00,2025-01-16 07:00:00,79,125.28,True,True,112.89441680908205,0.0,112.89441680908205,193.6457981970016,0.1177199720004864,0.0,1.0
core_neuralprophet_frozen_s123,neuralprophet,frozen,selected,False,123,1,2025-01-13 01:00:00,2025-01-16 08:00:00,80,253.15,True,True,259.2403564453125,0.0,259.2403564453125,193.6457981970016,0.1177199720004864,0.0,1.0
core_neuralprophet_frozen_s123,neuralprophet,frozen,selected,False,123,1,2025-01-13 01:00:00,2025-01-16 09:00:00,81,425.83,True,True,436.9243469238281,0.0,436.9243469238281,193.6457981970016,0.1177199720004864,0.0,1.0
core_neuralprophet_frozen_s123,neuralprophet,frozen,selected,False,123,1,2025-01-13 01:00:00,2025-01-16 10:00:00,82,603.52,True,True,614.7750854492188,0.0,614.7750854492188,193.6457981970016,0.1177199720004864,0.0,1.0
core_neuralprophet_frozen_s123,neuralprophet,frozen,selected,False,123,1,2025-01-13 01:00:00,2025-01-16 11:00:00,83,783.19,True,True,813.388427734375,0.0,813.388427734375,193.6457981970016,0.1177199720004864,0.0,1.0
core_neuralprophet_frozen_s123,neuralprophet,frozen,selected,False,123,1,2025-01-13 01:00:00,2025-01-16 12:00:00,84,933.18,True,True,962.1246948242188,0.0,962.1246948242188,193.6457981970016,0.1177199720004864,0.0,1.0
core_neuralprophet_frozen_s123,neuralprophet,frozen,selected,False,123,1,2025-01-13 01:00:00,2025-01-16 13:00:00,85,950.58,True,True,994.382080078125,0.0,994.382080078125,193.6457981970016,0.1177199720004864,0.0,1.0
core_neuralprophet_frozen_s123,neuralprophet,frozen,selected,False,123,1,2025-01-13 01:00:00,2025-01-16 14:00:00,86,938.02,True,True,986.4967041015624,0.0,986.4967041015624,193.6457981970016,0.1177199720004864,0.0,1.0
core_neuralprophet_frozen_s123,neuralprophet,frozen,selected,False,123,1,2025-01-13 01:00:00,2025-01-16 15:00:00,87,898.71,True,True,943.0352783203124,0.0,943.0352783203124,193.6457981970016,0.1177199720004864,0.0,1.0
core_neuralprophet_frozen_s123,neuralprophet,frozen,selected,False,123,1,2025-01-13 01:00:00,2025-01-16 16:00:00,88,760.12,True,True,807.668212890625,0.0,807.668212890625,193.6457981970016,0.1177199720004864,0.0,1.0
core_neuralprophet_frozen_s123,neuralprophet,frozen,selected,False,123,1,2025-01-13 01:00:00,2025-01-16 17:00:00,89,620.84,True,True,661.1563720703125,0.0,661.1563720703125,193.6457981970016,0.1177199720004864,0.0,1.0
core_neuralprophet_frozen_s123,neuralprophet,frozen,selected,False,123,1,2025-01-13 01:00:00,2025-01-16 18:00:00,90,532.51,True,True,553.738525390625,0.0,553.738525390625,193.6457981970016,0.1177199720004864,0.0,1.0
core_neuralprophet_frozen_s123,neuralprophet,frozen,selected,False,123,1,2025-01-13 01:00:00,2025-01-16 19:00:00,91,469.09,True,True,472.2874450683594,0.0,472.2874450683594,193.6457981970016,0.1177199720004864,0.0,1.0
core_neuralprophet_frozen_s123,neuralprophet,frozen,selected,False,123,1,2025-01-13 01:00:00,2025-01-16 20:00:00,92,427.47,True,True,421.7576293945313,0.0,421.7576293945313,193.6457981970016,0.1177199720004864,0.0,1.0
core_neuralprophet_frozen_s123,neuralprophet,frozen,selected,False,123,1,2025-01-13 01:00:00,2025-01-16 21:00:00,93,413.61,True,True,397.8201293945313,0.0,397.8201293945313,193.6457981970016,0.1177199720004864,0.0,1.0
core_neuralprophet_frozen_s123,neuralprophet,frozen,selected,False,123,1,2025-01-13 01:00:00,2025-01-16 22:00:00,94,435.55,True,True,432.8046875,0.0,432.8046875,193.6457981970016,0.1177199720004864,0.0,1.0
core_neuralprophet_frozen_s123,neuralprophet,frozen,selected,False,123,1,2025-01-13 01:00:00,2025-01-16 23:00:00,95,532.22,True,True,510.5296020507813,0.0,510.5296020507813,193.6457981970016,0.1177199720004864,0.0,1.0
core_neuralprophet_frozen_s123,neuralprophet,frozen,selected,False,123,1,2025-01-13 01:00:00,2025-01-17 00:00:00,96,641.2,True,True,639.9093627929688,0.0,639.9093627929688,193.6457981970016,0.1177199720004864,0.0,1.0
core_neuralprophet_frozen_s123,neuralprophet,frozen,selected,False,123,1,2025-01-13 01:00:00,2025-01-17 01:00:00,97,746.25,True,True,743.2467651367188,0.0,743.2467651367188,193.6457981970016,0.1177199720004864,0.0,1.0
core_neuralprophet_frozen_s123,neuralprophet,frozen,selected,False,123,1,2025-01-13 01:00:00,2025-01-17 02:00:00,98,848.37,True,True,864.9783325195312,0.0,864.9783325195312,193.6457981970016,0.1177199720004864,0.0,1.0
core_neuralprophet_frozen_s123,neuralprophet,frozen,selected,False,123,1,2025-01-13 01:00:00,2025-01-17 03:00:00,99,894.42,True,True,910.1310424804688,0.0,910.1310424804688,193.6457981970016,0.1177199720004864,0.0,1.0
core_neuralprophet_frozen_s123,neuralprophet,frozen,selected,False,123,1,2025-01-13 01:00:00,2025-01-17 04:00:00,100,531.09,True,True,503.7437744140625,0.0,503.7437744140625,193.6457981970016,0.1177199720004864,0.0,1.0
core_neuralprophet_frozen_s123,neuralprophet,frozen,selected,False,123,1,2025-01-13 01:00:00,2025-01-17 05:00:00,101,509.3,True,True,451.2154846191406,0.0,451.2154846191406,193.6457981970016,0.1177199720004864,0.0,1.0
core_neuralprophet_frozen_s123,neuralprophet,frozen,selected,False,123,1,2025-01-13 01:00:00,2025-01-17 06:00:00,102,496.87,True,True,447.1402282714844,0.0,447.1402282714844,193.6457981970016,0.1177199720004864,0.0,1.0
core_neuralprophet_frozen_s123,neuralprophet,frozen,selected,False,123,1,2025-01-13 01:00:00,2025-01-17 07:00:00,103,497.75,True,True,467.194091796875,0.0,467.194091796875,193.6457981970016,0.1177199720004864,0.0,1.0
core_neuralprophet_frozen_s123,neuralprophet,frozen,selected,False,123,1,2025-01-13 01:00:00,2025-01-17 08:00:00,104,551.56,True,True,549.887451171875,0.0,549.887451171875,193.6457981970016,0.1177199720004864,0.0,1.0
core_neuralprophet_frozen_s123,neuralprophet,frozen,selected,False,123,1,2025-01-13 01:00:00,2025-01-17 09:00:00,105,621.64,True,True,656.299560546875,0.0,656.299560546875,193.6457981970016,0.1177199720004864,0.0,1.0
core_neuralprophet_frozen_s123,neuralprophet,frozen,selected,False,123,1,2025-01-13 01:00:00,2025-01-17 10:00:00,106,732.46,True,True,768.4871826171875,0.0,768.4871826171875,193.6457981970016,0.1177199720004864,0.0,1.0
core_neuralprophet_frozen_s123,neuralprophet,frozen,selected,False,123,1,2025-01-13 01:00:00,2025-01-17 11:00:00,107,899.52,True,True,946.7713012695312,0.0,946.7713012695312,193.6457981970016,0.1177199720004864,0.0,1.0
core_neuralprophet_frozen_s123,neuralprophet,frozen,selected,False,123,1,2025-01-13 01:00:00,2025-01-17 12:00:00,108,1077.14,True,True,1128.9666748046875,0.0,1128.9666748046875,193.6457981970016,0.1177199720004864,0.0,1.0
core_neuralprophet_frozen_s123,neuralprophet,frozen,selected,False,123,1,2025-01-13 01:00:00,2025-01-17 13:00:00,109,1212.6,True,True,1265.800048828125,0.0,1265.800048828125,193.6457981970016,0.1177199720004864,0.0,1.0
core_neuralprophet_frozen_s123,neuralprophet,frozen,selected,False,123,1,2025-01-13 01:00:00,2025-01-17 14:00:00,110,1314.23,True,True,1388.440185546875,0.0,1388.440185546875,193.6457981970016,0.1177199720004864,0.0,1.0
core_neuralprophet_frozen_s123,neuralprophet,frozen,selected,False,123,1,2025-01-13 01:00:00,2025-01-17 15:00:00,111,1345.67,True,True,1424.272216796875,0.0,1424.272216796875,193.6457981970016,0.1177199720004864,0.0,1.0
core_neuralprophet_frozen_s123,neuralprophet,frozen,selected,False,123,1,2025-01-13 01:00:00,2025-01-17 16:00:00,112,1265.23,True,True,1328.9791259765625,0.0,1328.9791259765625,193.6457981970016,0.1177199720004864,0.0,1.0
core_neuralprophet_frozen_s123,neuralprophet,frozen,selected,False,123,1,2025-01-13 01:00:00,2025-01-17 17:00:00,113,1130.31,True,True,1187.3331298828125,0.0,1187.3331298828125,193.6457981970016,0.1177199720004864,0.0,1.0
core_neuralprophet_frozen_s123,neuralprophet,frozen,selected,False,123,1,2025-01-13 01:00:00,2025-01-17 18:00:00,114,976.9,True,True,1002.2064208984376,0.0,1002.2064208984376,193.6457981970016,0.1177199720004864,0.0,1.0
core_neuralprophet_frozen_s123,neuralprophet,frozen,selected,False,123,1,2025-01-13 01:00:00,2025-01-17 19:00:00,115,850.99,True,True,866.0997924804688,0.0,866.0997924804688,193.6457981970016,0.1177199720004864,0.0,1.0
core_neuralprophet_frozen_s123,neuralprophet,frozen,selected,False,123,1,2025-01-13 01:00:00,2025-01-17 20:00:00,116,758.99,True,True,756.9425048828125,0.0,756.9425048828125,193.6457981970016,0.1177199720004864,0.0,1.0
core_neuralprophet_frozen_s123,neuralprophet,frozen,selected,False,123,1,2025-01-13 01:00:00,2025-01-17 21:00:00,117,692.69,True,True,665.12744140625,0.0,665.12744140625,193.6457981970016,0.1177199720004864,0.0,1.0
core_neuralprophet_frozen_s123,neuralprophet,frozen,selected,False,123,1,2025-01-13 01:00:00,2025-01-17 22:00:00,118,630.07,True,True,590.3706665039062,0.0,590.3706665039062,193.6457981970016,0.1177199720004864,0.0,1.0
core_neuralprophet_frozen_s123,neuralprophet,frozen,selected,False,123,1,2025-01-13 01:00:00,2025-01-17 23:00:00,119,622.89,True,True,577.2391967773438,0.0,577.2391967773438,193.6457981970016,0.1177199720004864,0.0,1.0
core_neuralprophet_frozen_s123,neuralprophet,frozen,selected,False,123,1,2025-01-13 01:00:00,2025-01-18 00:00:00,120,645.64,True,True,593.5736083984375,0.0,593.5736083984375,193.6457981970016,0.1177199720004864,0.0,1.0
core_neuralprophet_frozen_s123,neuralprophet,frozen,selected,False,123,1,2025-01-13 01:00:00,2025-01-18 01:00:00,121,650.54,True,True,613.3067626953125,0.0,613.3067626953125,193.6457981970016,0.1177199720004864,0.0,1.0
core_neuralprophet_frozen_s123,neuralprophet,frozen,selected,False,123,1,2025-01-13 01:00:00,2025-01-18 02:00:00,122,657.67,True,True,642.8869018554688,0.0,642.8869018554688,193.6457981970016,0.1177199720004864,0.0,1.0
core_neuralprophet_frozen_s123,neuralprophet,frozen,selected,False,123,1,2025-01-13 01:00:00,2025-01-18 03:00:00,123,657.83,True,True,650.8427734375,0.0,650.8427734375,193.6457981970016,0.1177199720004864,0.0,1.0
core_neuralprophet_frozen_s123,neuralprophet,frozen,selected,False,123,1,2025-01-13 01:00:00,2025-01-18 04:00:00,124,587.58,True,True,578.8978271484375,0.0,578.8978271484375,193.6457981970016,0.1177199720004864,0.0,1.0
core_neuralprophet_frozen_s123,neuralprophet,frozen,selected,False,123,1,2025-01-13 01:00:00,2025-01-18 05:00:00,125,565.86,True,True,542.7423706054688,0.0,542.7423706054688,193.6457981970016,0.1177199720004864,0.0,1.0
core_neuralprophet_frozen_s123,neuralprophet,frozen,selected,False,123,1,2025-01-13 01:00:00,2025-01-18 06:00:00,126,530.85,True,True,518.6987915039062,0.0,518.6987915039062,193.6457981970016,0.1177199720004864,0.0,1.0
core_neuralprophet_frozen_s123,neuralprophet,frozen,selected,False,123,1,2025-01-13 01:00:00,2025-01-18 07:00:00,127,519.16,True,True,512.2171630859375,0.0,512.2171630859375,193.6457981970016,0.1177199720004864,0.0,1.0
core_neuralprophet_frozen_s123,neuralprophet,frozen,selected,False,123,1,2025-01-13 01:00:00,2025-01-18 08:00:00,128,596.14,True,True,559.1467895507812,0.0,559.1467895507812,193.6457981970016,0.1177199720004864,0.0,1.0
core_neuralprophet_frozen_s123,neuralprophet,frozen,selected,False,123,1,2025-01-13 01:00:00,2025-01-18 09:00:00,129,695.65,True,True,668.9363403320312,0.0,668.9363403320312,193.6457981970016,0.1177199720004864,0.0,1.0
core_neuralprophet_frozen_s123,neuralprophet,frozen,selected,False,123,1,2025-01-13 01:00:00,2025-01-18 10:00:00,130,803.42,True,True,778.264404296875,0.0,778.264404296875,193.6457981970016,0.1177199720004864,0.0,1.0
core_neuralprophet_frozen_s123,neuralprophet,frozen,selected,False,123,1,2025-01-13 01:00:00,2025-01-18 11:00:00,131,913.99,True,True,909.217041015625,0.0,909.217041015625,193.6457981970016,0.1177199720004864,0.0,1.0
core_neuralprophet_frozen_s123,neuralprophet,frozen,selected,False,123,1,2025-01-13 01:00:00,2025-01-18 12:00:00,132,983.6,True,True,980.7249145507812,0.0,980.7249145507812,193.6457981970016,0.1177199720004864,0.0,1.0
core_neuralprophet_frozen_s123,neuralprophet,frozen,selected,False,123,1,2025-01-13 01:00:00,2025-01-18 13:00:00,133,987.13,True,True,994.7691650390624,0.0,994.7691650390624,193.6457981970016,0.1177199720004864,0.0,1.0
core_neuralprophet_frozen_s123,neuralprophet,frozen,selected,False,123,1,2025-01-13 01:00:00,2025-01-18 14:00:00,134,945.19,True,True,949.0647583007812,0.0,949.0647583007812,193.6457981970016,0.1177199720004864,0.0,1.0
core_neuralprophet_frozen_s123,neuralprophet,frozen,selected,False,123,1,2025-01-13 01:00:00,2025-01-18 15:00:00,135,796.17,True,True,813.4806518554688,0.0,813.4806518554688,193.6457981970016,0.1177199720004864,0.0,1.0
core_neuralprophet_frozen_s123,neuralprophet,frozen,selected,False,123,1,2025-01-13 01:00:00,2025-01-18 16:00:00,136,551.72,True,True,578.668212890625,0.0,578.668212890625,193.6457981970016,0.1177199720004864,0.0,1.0
core_neuralprophet_frozen_s123,neuralprophet,frozen,selected,False,123,1,2025-01-13 01:00:00,2025-01-18 17:00:00,137,335.28,True,True,347.3160095214844,0.0,347.3160095214844,193.6457981970016,0.1177199720004864,0.0,1.0
core_neuralprophet_frozen_s123,neuralprophet,frozen,selected,False,123,1,2025-01-13 01:00:00,2025-01-18 18:00:00,138,187.69,True,True,175.29025268554688,0.0,175.29025268554688,193.6457981970016,0.1177199720004864,0.0,1.0
core_neuralprophet_frozen_s123,neuralprophet,frozen,selected,False,123,1,2025-01-13 01:00:00,2025-01-18 19:00:00,139,70.81,True,True,40.31441116333008,0.0,40.31441116333008,193.6457981970016,0.1177199720004864,0.0,1.0
core_neuralprophet_frozen_s123,neuralprophet,frozen,selected,False,123,1,2025-01-13 01:00:00,2025-01-18 20:00:00,140,51.73,True,True,0.1139426231384277,0.0,0.1139426231384277,193.6457981970016,0.1177199720004864,0.0,1.0
core_neuralprophet_frozen_s123,neuralprophet,frozen,selected,False,123,1,2025-01-13 01:00:00,2025-01-18 21:00:00,141,50.45,True,True,11.577502250671388,0.0,11.577502250671388,193.6457981970016,0.1177199720004864,0.0,1.0
core_neuralprophet_frozen_s123,neuralprophet,frozen,selected,False,123,1,2025-01-13 01:00:00,2025-01-18 22:00:00,142,53.33,True,True,11.831039428710938,0.0,11.831039428710938,193.6457981970016,0.1177199720004864,0.0,1.0
core_neuralprophet_frozen_s123,neuralprophet,frozen,selected,False,123,1,2025-01-13 01:00:00,2025-01-18 23:00:00,143,63.47,True,True,26.38622093200684,0.0,26.38622093200684,193.6457981970016,0.1177199720004864,0.0,1.0
core_neuralprophet_frozen_s123,neuralprophet,frozen,selected,False,123,1,2025-01-13 01:00:00,2025-01-19 00:00:00,144,73.44,True,True,39.57621383666992,0.0,39.57621383666992,193.6457981970016,0.1177199720004864,0.0,1.0
core_neuralprophet_frozen_s123,neuralprophet,frozen,selected,False,123,1,2025-01-13 01:00:00,2025-01-19 01:00:00,145,78.05,True,True,28.364261627197266,0.0,28.364261627197266,193.6457981970016,0.1177199720004864,0.0,1.0
core_neuralprophet_frozen_s123,neuralprophet,frozen,selected,False,123,1,2025-01-13 01:00:00,2025-01-19 02:00:00,146,78.83,True,True,28.24081039428711,0.0,28.24081039428711,193.6457981970016,0.1177199720004864,0.0,1.0
core_neuralprophet_frozen_s123,neuralprophet,frozen,selected,False,123,1,2025-01-13 01:00:00,2025-01-19 03:00:00,147,76.0,True,True,34.8622932434082,0.0,34.8622932434082,193.6457981970016,0.1177199720004864,0.0,1.0
core_neuralprophet_frozen_s123,neuralprophet,frozen,selected,False,123,1,2025-01-13 01:00:00,2025-01-19 04:00:00,148,72.06,True,True,31.283796310424805,0.0,31.283796310424805,193.6457981970016,0.1177199720004864,0.0,1.0
core_neuralprophet_frozen_s123,neuralprophet,frozen,selected,False,123,1,2025-01-13 01:00:00,2025-01-19 05:00:00,149,67.78,True,True,31.343917846679688,0.0,31.343917846679688,193.6457981970016,0.1177199720004864,0.0,1.0
core_neuralprophet_frozen_s123,neuralprophet,frozen,selected,False,123,1,2025-01-13 01:00:00,2025-01-19 06:00:00,150,64.1,True,True,25.06759452819824,0.0,25.06759452819824,193.6457981970016,0.1177199720004864,0.0,1.0
core_neuralprophet_frozen_s123,neuralprophet,frozen,selected,False,123,1,2025-01-13 01:00:00,2025-01-19 07:00:00,151,88.26,True,True,59.474403381347656,0.0,59.474403381347656,193.6457981970016,0.1177199720004864,0.0,1.0
core_neuralprophet_frozen_s123,neuralprophet,frozen,selected,False,123,1,2025-01-13 01:00:00,2025-01-19 08:00:00,152,151.64,True,True,130.622314453125,0.0,130.622314453125,193.6457981970016,0.1177199720004864,0.0,1.0
core_neuralprophet_frozen_s123,neuralprophet,frozen,selected,False,123,1,2025-01-13 01:00:00,2025-01-19 09:00:00,153,235.76,True,True,225.27366638183597,0.0,225.27366638183597,193.6457981970016,0.1177199720004864,0.0,1.0
core_neuralprophet_frozen_s123,neuralprophet,frozen,selected,False,123,1,2025-01-13 01:00:00,2025-01-19 10:00:00,154,322.92,True,True,317.0034484863281,0.0,317.0034484863281,193.6457981970016,0.1177199720004864,0.0,1.0
core_neuralprophet_frozen_s123,neuralprophet,frozen,selected,False,123,1,2025-01-13 01:00:00,2025-01-19 11:00:00,155,425.28,True,True,412.113037109375,0.0,412.113037109375,193.6457981970016,0.1177199720004864,0.0,1.0
core_neuralprophet_frozen_s123,neuralprophet,frozen,selected,False,123,1,2025-01-13 01:00:00,2025-01-19 12:00:00,156,528.69,True,True,512.0631103515625,0.0,512.0631103515625,193.6457981970016,0.1177199720004864,0.0,1.0
core_neuralprophet_frozen_s123,neuralprophet,frozen,selected,False,123,1,2025-01-13 01:00:00,2025-01-19 13:00:00,157,600.77,True,True,586.0905151367188,0.0,586.0905151367188,193.6457981970016,0.1177199720004864,0.0,1.0
core_neuralprophet_frozen_s123,neuralprophet,frozen,selected,False,123,1,2025-01-13 01:00:00,2025-01-19 14:00:00,158,666.52,True,True,678.9572143554688,0.0,678.9572143554688,193.6457981970016,0.1177199720004864,0.0,1.0
core_neuralprophet_frozen_s123,neuralprophet,frozen,selected,False,123,1,2025-01-13 01:00:00,2025-01-19 15:00:00,159,689.04,True,True,687.6283569335938,0.0,687.6283569335938,193.6457981970016,0.1177199720004864,0.0,1.0
core_neuralprophet_frozen_s123,neuralprophet,frozen,selected,False,123,1,2025-01-13 01:00:00,2025-01-19 16:00:00,160,624.14,True,True,621.5071411132812,0.0,621.5071411132812,193.6457981970016,0.1177199720004864,0.0,1.0
core_neuralprophet_frozen_s123,neuralprophet,frozen,selected,False,123,1,2025-01-13 01:00:00,2025-01-19 17:00:00,161,565.74,True,True,566.0038452148438,0.0,566.0038452148438,193.6457981970016,0.1177199720004864,0.0,1.0
core_neuralprophet_frozen_s123,neuralprophet,frozen,selected,False,123,1,2025-01-13 01:00:00,2025-01-19 18:00:00,162,547.88,True,True,552.8527221679688,0.0,552.8527221679688,193.6457981970016,0.1177199720004864,0.0,1.0
core_neuralprophet_frozen_s123,neuralprophet,frozen,selected,False,123,1,2025-01-13 01:00:00,2025-01-19 19:00:00,163,534.29,True,True,532.24755859375,0.0,532.24755859375,193.6457981970016,0.1177199720004864,0.0,1.0
core_neuralprophet_frozen_s123,neuralprophet,frozen,selected,False,123,1,2025-01-13 01:00:00,2025-01-19 20:00:00,164,513.39,True,True,505.1793518066406,0.0,505.1793518066406,193.6457981970016,0.1177199720004864,0.0,1.0
core_neuralprophet_frozen_s123,neuralprophet,frozen,selected,False,123,1,2025-01-13 01:00:00,2025-01-19 21:00:00,165,493.43,True,True,480.8978576660156,0.0,480.8978576660156,193.6457981970016,0.1177199720004864,0.0,1.0
core_neuralprophet_frozen_s123,neuralprophet,frozen,selected,False,123,1,2025-01-13 01:00:00,2025-01-19 22:00:00,166,475.4,True,True,461.3953247070313,0.0,461.3953247070313,193.6457981970016,0.1177199720004864,0.0,1.0
core_neuralprophet_frozen_s123,neuralprophet,frozen,selected,False,123,1,2025-01-13 01:00:00,2025-01-19 23:00:00,167,522.19,True,True,491.41943359375,0.0,491.41943359375,193.6457981970016,0.1177199720004864,0.0,1.0
core_neuralprophet_frozen_s123,neuralprophet,frozen,selected,False,123,1,2025-01-13 01:00:00,2025-01-20 00:00:00,168,610.26,True,True,587.64404296875,0.0,587.64404296875,193.6457981970016,0.1177199720004864,0.0,1.0
core_neuralprophet_frozen_s123,neuralprophet,frozen,selected,False,123,2,2025-01-20 01:00:00,2025-01-20 01:00:00,1,725.46,True,True,753.6801147460938,-1.057250185012818,752.622864561081,0.0,0.1149516120021871,0.0,1.0
core_neuralprophet_frozen_s123,neuralprophet,frozen,selected,False,123,2,2025-01-20 01:00:00,2025-01-20 02:00:00,2,826.46,True,True,841.913818359375,-1.057250185012818,840.8565681743622,0.0,0.1149516120021871,0.0,1.0
core_neuralprophet_frozen_s123,neuralprophet,frozen,selected,False,123,2,2025-01-20 01:00:00,2025-01-20 03:00:00,3,867.33,True,True,881.6187133789062,-1.057250185012818,880.5614631938935,0.0,0.1149516120021871,0.0,1.0
core_neuralprophet_frozen_s123,neuralprophet,frozen,selected,False,123,2,2025-01-20 01:00:00,2025-01-20 04:00:00,4,525.25,True,True,480.970947265625,-1.057250185012818,479.91369708061217,0.0,0.1149516120021871,0.0,1.0
core_neuralprophet_frozen_s123,neuralprophet,frozen,selected,False,123,2,2025-01-20 01:00:00,2025-01-20 05:00:00,5,544.06,True,True,485.2554626464844,-1.057250185012818,484.19821246147154,0.0,0.1149516120021871,0.0,1.0
core_neuralprophet_frozen_s123,neuralprophet,frozen,selected,False,123,2,2025-01-20 01:00:00,2025-01-20 06:00:00,6,573.14,True,True,496.1911926269531,-1.057250185012818,495.1339424419403,0.0,0.1149516120021871,0.0,1.0
core_neuralprophet_frozen_s123,neuralprophet,frozen,selected,False,123,2,2025-01-20 01:00:00,2025-01-20 07:00:00,7,644.34,True,True,571.084716796875,-1.057250185012818,570.0274666118622,0.0,0.1149516120021871,0.0,1.0
core_neuralprophet_frozen_s123,neuralprophet,frozen,selected,False,123,2,2025-01-20 01:00:00,2025-01-20 08:00:00,8,768.59,True,True,729.5568237304688,-1.057250185012818,728.499573545456,0.0,0.1149516120021871,0.0,1.0
core_neuralprophet_frozen_s123,neuralprophet,frozen,selected,False,123,2,2025-01-20 01:00:00,2025-01-20 09:00:00,9,875.14,True,True,857.0659790039062,-1.057250185012818,856.0087288188935,0.0,0.1149516120021871,0.0,1.0
core_neuralprophet_frozen_s123,neuralprophet,frozen,selected,False,123,2,2025-01-20 01:00:00,2025-01-20 10:00:00,10,1001.02,True,True,982.9120483398438,-1.057250185012818,981.854798154831,0.0,0.1149516120021871,0.0,1.0
core_neuralprophet_frozen_s123,neuralprophet,frozen,selected,False,123,2,2025-01-20 01:00:00,2025-01-20 11:00:00,11,1166.84,True,True,1136.21240234375,-1.057250185012818,1135.155152158737,0.0,0.1149516120021871,0.0,1.0
core_neuralprophet_frozen_s123,neuralprophet,frozen,selected,False,123,2,2025-01-20 01:00:00,2025-01-20 12:00:00,12,1325.63,True,True,1262.0784912109375,-1.057250185012818,1261.0212410259246,0.0,0.1149516120021871,0.0,1.0
core_neuralprophet_frozen_s123,neuralprophet,frozen,selected,False,123,2,2025-01-20 01:00:00,2025-01-20 13:00:00,13,1407.51,True,True,1347.381103515625,-1.057250185012818,1346.323853330612,0.0,0.1149516120021871,0.0,1.0
core_neuralprophet_frozen_s123,neuralprophet,frozen,selected,False,123,2,2025-01-20 01:00:00,2025-01-20 14:00:00,14,1387.02,True,True,1283.294677734375,-1.057250185012818,1282.237427549362,0.0,0.1149516120021871,0.0,1.0
core_neuralprophet_frozen_s123,neuralprophet,frozen,selected,False,123,2,2025-01-20 01:00:00,2025-01-20 15:00:00,15,1216.89,True,True,1108.843994140625,-1.057250185012818,1107.786743955612,0.0,0.1149516120021871,0.0,1.0
core_neuralprophet_frozen_s123,neuralprophet,frozen,selected,False,123,2,2025-01-20 01:00:00,2025-01-20 16:00:00,16,944.65,True,True,838.7353515625,-1.057250185012818,837.6781013774872,0.0,0.1149516120021871,0.0,1.0
core_neuralprophet_frozen_s123,neuralprophet,frozen,selected,False,123,2,2025-01-20 01:00:00,2025-01-20 17:00:00,17,687.19,True,True,613.97314453125,-1.057250185012818,612.9158943462372,0.0,0.1149516120021871,0.0,1.0
core_neuralprophet_frozen_s123,neuralprophet,frozen,selected,False,123,2,2025-01-20 01:00:00,2025-01-20 18:00:00,18,478.96,True,True,412.8900451660156,-1.057250185012818,411.8327949810028,0.0,0.1149516120021871,0.0,1.0
core_neuralprophet_frozen_s123,neuralprophet,frozen,selected,False,123,2,2025-01-20 01:00:00,2025-01-20 19:00:00,19,313.01,True,True,250.5662841796875,-1.057250185012818,249.5090339946747,0.0,0.1149516120021871,0.0,1.0
core_neuralprophet_frozen_s123,neuralprophet,frozen,selected,False,123,2,2025-01-20 01:00:00,2025-01-20 20:00:00,20,213.09,True,True,180.11288452148438,-1.057250185012818,179.05563433647157,0.0,0.1149516120021871,0.0,1.0
core_neuralprophet_frozen_s123,neuralprophet,frozen,selected,False,123,2,2025-01-20 01:00:00,2025-01-20 21:00:00,21,155.66,True,True,136.0519561767578,-1.057250185012818,134.994705991745,0.0,0.1149516120021871,0.0,1.0
core_neuralprophet_frozen_s123,neuralprophet,frozen,selected,False,123,2,2025-01-20 01:00:00,2025-01-20 22:00:00,22,117.04,True,True,93.06177520751952,-1.057250185012818,92.0045250225067,0.0,0.1149516120021871,0.0,1.0
core_neuralprophet_frozen_s123,neuralprophet,frozen,selected,False,123,2,2025-01-20 01:00:00,2025-01-20 23:00:00,23,122.72,True,True,105.58995056152344,-1.057250185012818,104.53270037651062,0.0,0.1149516120021871,0.0,1.0
core_neuralprophet_frozen_s123,neuralprophet,frozen,selected,False,123,2,2025-01-20 01:00:00,2025-01-21 00:00:00,24,142.38,True,True,118.82209014892578,-1.057250185012818,117.76483996391296,0.0,0.1149516120021871,0.0,1.0
core_neuralprophet_frozen_s123,neuralprophet,frozen,selected,False,123,2,2025-01-20 01:00:00,2025-01-21 01:00:00,25,144.76,True,True,124.87041473388672,-1.057250185012818,123.8131645488739,0.0,0.1149516120021871,0.0,1.0
core_neuralprophet_frozen_s123,neuralprophet,frozen,selected,False,123,2,2025-01-20 01:00:00,2025-01-21 02:00:00,26,139.09,True,True,99.8766098022461,-1.057250185012818,98.81935961723327,0.0,0.1149516120021871,0.0,1.0
core_neuralprophet_frozen_s123,neuralprophet,frozen,selected,False,123,2,2025-01-20 01:00:00,2025-01-21 03:00:00,27,125.87,True,True,89.04275512695312,-1.057250185012818,87.9855049419403,0.0,0.1149516120021871,0.0,1.0
core_neuralprophet_frozen_s123,neuralprophet,frozen,selected,False,123,2,2025-01-20 01:00:00,2025-01-21 04:00:00,28,107.08,True,True,91.7956085205078,-1.057250185012818,90.73835833549498,0.0,0.1149516120021871,0.0,1.0
core_neuralprophet_frozen_s123,neuralprophet,frozen,selected,False,123,2,2025-01-20 01:00:00,2025-01-21 05:00:00,29,96.0,True,True,70.69763946533203,-1.057250185012818,69.64038928031921,0.0,0.1149516120021871,0.0,1.0
core_neuralprophet_frozen_s123,neuralprophet,frozen,selected,False,123,2,2025-01-20 01:00:00,2025-01-21 06:00:00,30,82.98,True,True,68.26776885986328,-1.057250185012818,67.21051867485046,0.0,0.1149516120021871,0.0,1.0
core_neuralprophet_frozen_s123,neuralprophet,frozen,selected,False,123,2,2025-01-20 01:00:00,2025-01-21 07:00:00,31,134.66,True,True,116.59630584716795,-1.057250185012818,115.53905566215514,0.0,0.1149516120021871,0.0,1.0
core_neuralprophet_frozen_s123,neuralprophet,frozen,selected,False,123,2,2025-01-20 01:00:00,2025-01-21 08:00:00,32,258.48,True,True,269.72955322265625,-1.057250185012818,268.6723030376434,0.0,0.1149516120021871,0.0,1.0
core_neuralprophet_frozen_s123,neuralprophet,frozen,selected,False,123,2,2025-01-20 01:00:00,2025-01-21 09:00:00,33,411.48,True,True,425.4052429199219,-1.057250185012818,424.34799273490904,0.0,0.1149516120021871,0.0,1.0
core_neuralprophet_frozen_s123,neuralprophet,frozen,selected,False,123,2,2025-01-20 01:00:00,2025-01-21 10:00:00,34,543.68,True,True,556.7710571289062,-1.057250185012818,555.7138069438935,0.0,0.1149516120021871,0.0,1.0
core_neuralprophet_frozen_s123,neuralprophet,frozen,selected,False,123,2,2025-01-20 01:00:00,2025-01-21 11:00:00,35,649.79,True,True,644.3355712890625,-1.057250185012818,643.2783211040497,0.0,0.1149516120021871,0.0,1.0
core_neuralprophet_frozen_s123,neuralprophet,frozen,selected,False,123,2,2025-01-20 01:00:00,2025-01-21 12:00:00,36,729.62,True,True,699.0186767578125,-1.057250185012818,697.9614265727997,0.0,0.1149516120021871,0.0,1.0
core_neuralprophet_frozen_s123,neuralprophet,frozen,selected,False,123,2,2025-01-20 01:00:00,2025-01-21 13:00:00,37,778.48,True,True,761.5877685546875,-1.057250185012818,760.5305183696747,0.0,0.1149516120021871,0.0,1.0
core_neuralprophet_frozen_s123,neuralprophet,frozen,selected,False,123,2,2025-01-20 01:00:00,2025-01-21 14:00:00,38,819.18,True,True,792.8394165039062,-1.057250185012818,791.7821663188935,0.0,0.1149516120021871,0.0,1.0
core_neuralprophet_frozen_s123,neuralprophet,frozen,selected,False,123,2,2025-01-20 01:00:00,2025-01-21 15:00:00,39,779.92,True,True,755.4381713867188,-1.057250185012818,754.380921201706,0.0,0.1149516120021871,0.0,1.0
core_neuralprophet_frozen_s123,neuralprophet,frozen,selected,False,123,2,2025-01-20 01:00:00,2025-01-21 16:00:00,40,569.49,True,True,544.6010131835938,-1.057250185012818,543.543762998581,0.0,0.1149516120021871,0.0,1.0
core_neuralprophet_frozen_s123,neuralprophet,frozen,selected,False,123,2,2025-01-20 01:00:00,2025-01-21 17:00:00,41,418.23,True,True,386.3541564941406,-1.057250185012818,385.2969063091278,0.0,0.1149516120021871,0.0,1.0
core_neuralprophet_frozen_s123,neuralprophet,frozen,selected,False,123,2,2025-01-20 01:00:00,2025-01-21 18:00:00,42,330.57,True,True,294.7126770019531,-1.057250185012818,293.6554268169403,0.0,0.1149516120021871,0.0,1.0
core_neuralprophet_frozen_s123,neuralprophet,frozen,selected,False,123,2,2025-01-20 01:00:00,2025-01-21 19:00:00,43,296.2,True,True,291.31854248046875,-1.057250185012818,290.2612922954559,0.0,0.1149516120021871,0.0,1.0
core_neuralprophet_frozen_s123,neuralprophet,frozen,selected,False,123,2,2025-01-20 01:00:00,2025-01-21 20:00:00,44,291.54,True,True,302.04754638671875,-1.057250185012818,300.9902962017059,0.0,0.1149516120021871,0.0,1.0
core_neuralprophet_frozen_s123,neuralprophet,frozen,selected,False,123,2,2025-01-20 01:00:00,2025-01-21 21:00:00,45,302.63,True,True,307.9679870605469,-1.057250185012818,306.91073687553404,0.0,0.1149516120021871,0.0,1.0
core_neuralprophet_frozen_s123,neuralprophet,frozen,selected,False,123,2,2025-01-20 01:00:00,2025-01-21 22:00:00,46,322.31,True,True,318.1509094238281,-1.057250185012818,317.0936592388153,0.0,0.1149516120021871,0.0,1.0
core_neuralprophet_frozen_s123,neuralprophet,frozen,selected,False,123,2,2025-01-20 01:00:00,2025-01-21 23:00:00,47,399.19,True,True,390.33935546875,-1.057250185012818,389.28210528373717,0.0,0.1149516120021871,0.0,1.0
core_neuralprophet_frozen_s123,neuralprophet,frozen,selected,False,123,2,2025-01-20 01:00:00,2025-01-22 00:00:00,48,520.33,True,True,514.9923706054688,-1.057250185012818,513.935120420456,0.0,0.1149516120021871,0.0,1.0
core_neuralprophet_frozen_s123,neuralprophet,frozen,selected,False,123,2,2025-01-20 01:00:00,2025-01-22 01:00:00,49,640.07,True,True,661.3843994140625,-1.057250185012818,660.3271492290497,0.0,0.1149516120021871,0.0,1.0
core_neuralprophet_frozen_s123,neuralprophet,frozen,selected,False,123,2,2025-01-20 01:00:00,2025-01-22 02:00:00,50,695.1,True,True,710.6470947265625,-1.057250185012818,709.5898445415497,0.0,0.1149516120021871,0.0,1.0
core_neuralprophet_frozen_s123,neuralprophet,frozen,selected,False,123,2,2025-01-20 01:00:00,2025-01-22 03:00:00,51,652.64,True,True,686.0150146484375,-1.057250185012818,684.9577644634247,0.0,0.1149516120021871,0.0,1.0
core_neuralprophet_frozen_s123,neuralprophet,frozen,selected,False,123,2,2025-01-20 01:00:00,2025-01-22 04:00:00,52,343.67,True,True,327.6493835449219,-1.057250185012818,326.59213335990904,0.0,0.1149516120021871,0.0,1.0
core_neuralprophet_frozen_s123,neuralprophet,frozen,selected,False,123,2,2025-01-20 01:00:00,2025-01-22 05:00:00,53,321.46,True,True,298.6172180175781,-1.057250185012818,297.5599678325653,0.0,0.1149516120021871,0.0,1.0
core_neuralprophet_frozen_s123,neuralprophet,frozen,selected,False,123,2,2025-01-20 01:00:00,2025-01-22 06:00:00,54,326.17,True,True,307.9360046386719,-1.057250185012818,306.87875445365904,0.0,0.1149516120021871,0.0,1.0
core_neuralprophet_frozen_s123,neuralprophet,frozen,selected,False,123,2,2025-01-20 01:00:00,2025-01-22 07:00:00,55,357.09,True,True,337.41900634765625,-1.057250185012818,336.3617561626434,0.0,0.1149516120021871,0.0,1.0
core_neuralprophet_frozen_s123,neuralprophet,frozen,selected,False,123,2,2025-01-20 01:00:00,2025-01-22 08:00:00,56,447.95,True,True,440.8744201660156,-1.057250185012818,439.8171699810028,0.0,0.1149516120021871,0.0,1.0
core_neuralprophet_frozen_s123,neuralprophet,frozen,selected,False,123,2,2025-01-20 01:00:00,2025-01-22 09:00:00,57,548.05,True,True,545.0828247070312,-1.057250185012818,544.0255745220185,0.0,0.1149516120021871,0.0,1.0
core_neuralprophet_frozen_s123,neuralprophet,frozen,selected,False,123,2,2025-01-20 01:00:00,2025-01-22 10:00:00,58,646.34,True,True,663.6585083007812,-1.057250185012818,662.6012581157685,0.0,0.1149516120021871,0.0,1.0
core_neuralprophet_frozen_s123,neuralprophet,frozen,selected,False,123,2,2025-01-20 01:00:00,2025-01-22 11:00:00,59,787.36,True,True,797.4348754882812,-1.057250185012818,796.3776253032685,0.0,0.1149516120021871,0.0,1.0
core_neuralprophet_frozen_s123,neuralprophet,frozen,selected,False,123,2,2025-01-20 01:00:00,2025-01-22 12:00:00,60,948.84,True,True,963.9472045898438,-1.057250185012818,962.889954404831,0.0,0.1149516120021871,0.0,1.0
core_neuralprophet_frozen_s123,neuralprophet,frozen,selected,False,123,2,2025-01-20 01:00:00,2025-01-22 13:00:00,61,1067.15,True,True,1073.9310302734375,-1.057250185012818,1072.8737800884246,0.0,0.1149516120021871,0.0,1.0
core_neuralprophet_frozen_s123,neuralprophet,frozen,selected,False,123,2,2025-01-20 01:00:00,2025-01-22 14:00:00,62,1167.19,True,True,1188.9136962890625,-1.057250185012818,1187.8564461040496,0.0,0.1149516120021871,0.0,1.0
core_neuralprophet_frozen_s123,neuralprophet,frozen,selected,False,123,2,2025-01-20 01:00:00,2025-01-22 15:00:00,63,1242.8,True,True,1268.969482421875,-1.057250185012818,1267.912232236862,0.0,0.1149516120021871,0.0,1.0
core_neuralprophet_frozen_s123,neuralprophet,frozen,selected,False,123,2,2025-01-20 01:00:00,2025-01-22 16:00:00,64,1192.47,True,True,1237.61181640625,-1.057250185012818,1236.554566221237,0.0,0.1149516120021871,0.0,1.0
core_neuralprophet_frozen_s123,neuralprophet,frozen,selected,False,123,2,2025-01-20 01:00:00,2025-01-22 17:00:00,65,1053.76,True,True,1107.2833251953125,-1.057250185012818,1106.2260750102996,0.0,0.1149516120021871,0.0,1.0
core_neuralprophet_frozen_s123,neuralprophet,frozen,selected,False,123,2,2025-01-20 01:00:00,2025-01-22 18:00:00,66,901.85,True,True,946.4885864257812,-1.057250185012818,945.4313362407685,0.0,0.1149516120021871,0.0,1.0
core_neuralprophet_frozen_s123,neuralprophet,frozen,selected,False,123,2,2025-01-20 01:00:00,2025-01-22 19:00:00,67,812.84,True,True,860.517333984375,-1.057250185012818,859.4600837993622,0.0,0.1149516120021871,0.0,1.0
core_neuralprophet_frozen_s123,neuralprophet,frozen,selected,False,123,2,2025-01-20 01:00:00,2025-01-22 20:00:00,68,759.59,True,True,808.007568359375,-1.057250185012818,806.9503181743622,0.0,0.1149516120021871,0.0,1.0
core_neuralprophet_frozen_s123,neuralprophet,frozen,selected,False,123,2,2025-01-20 01:00:00,2025-01-22 21:00:00,69,684.71,True,True,731.6347045898438,-1.057250185012818,730.577454404831,0.0,0.1149516120021871,0.0,1.0
core_neuralprophet_frozen_s123,neuralprophet,frozen,selected,False,123,2,2025-01-20 01:00:00,2025-01-22 22:00:00,70,605.17,True,True,672.2652587890625,-1.057250185012818,671.2080086040497,0.0,0.1149516120021871,0.0,1.0
core_neuralprophet_frozen_s123,neuralprophet,frozen,selected,False,123,2,2025-01-20 01:00:00,2025-01-22 23:00:00,71,664.7,True,True,719.9151611328125,-1.057250185012818,718.8579109477997,0.0,0.1149516120021871,0.0,1.0
core_neuralprophet_frozen_s123,neuralprophet,frozen,selected,False,123,2,2025-01-20 01:00:00,2025-01-23 00:00:00,72,843.76,True,True,867.705810546875,-1.057250185012818,866.6485603618622,0.0,0.1149516120021871,0.0,1.0
core_neuralprophet_frozen_s123,neuralprophet,frozen,selected,False,123,2,2025-01-20 01:00:00,2025-01-23 01:00:00,73,975.06,True,True,1006.5757446289062,-1.057250185012818,1005.5184944438935,0.0,0.1149516120021871,0.0,1.0
core_neuralprophet_frozen_s123,neuralprophet,frozen,selected,False,123,2,2025-01-20 01:00:00,2025-01-23 02:00:00,74,991.71,True,True,1045.5567626953125,-1.057250185012818,1044.4995125102996,0.0,0.1149516120021871,0.0,1.0
core_neuralprophet_frozen_s123,neuralprophet,frozen,selected,False,123,2,2025-01-20 01:00:00,2025-01-23 03:00:00,75,924.72,True,True,1000.018798828125,-1.057250185012818,998.9615486431122,0.0,0.1149516120021871,0.0,1.0
core_neuralprophet_frozen_s123,neuralprophet,frozen,selected,False,123,2,2025-01-20 01:00:00,2025-01-23 04:00:00,76,474.65,True,True,488.2284851074219,-1.057250185012818,487.17123492240904,0.0,0.1149516120021871,0.0,1.0
core_neuralprophet_frozen_s123,neuralprophet,frozen,selected,False,123,2,2025-01-20 01:00:00,2025-01-23 05:00:00,77,438.4,True,True,446.9328918457031,-1.057250185012818,445.8756416606903,0.0,0.1149516120021871,0.0,1.0
core_neuralprophet_frozen_s123,neuralprophet,frozen,selected,False,123,2,2025-01-20 01:00:00,2025-01-23 06:00:00,78,445.58,True,True,470.5591430664063,-1.057250185012818,469.5018928813935,0.0,0.1149516120021871,0.0,1.0
core_neuralprophet_frozen_s123,neuralprophet,frozen,selected,False,123,2,2025-01-20 01:00:00,2025-01-23 07:00:00,79,486.7,True,True,514.2163696289062,-1.057250185012818,513.1591194438935,0.0,0.1149516120021871,0.0,1.0
core_neuralprophet_frozen_s123,neuralprophet,frozen,selected,False,123,2,2025-01-20 01:00:00,2025-01-23 08:00:00,80,576.78,True,True,621.00244140625,-1.057250185012818,619.9451912212372,0.0,0.1149516120021871,0.0,1.0
core_neuralprophet_frozen_s123,neuralprophet,frozen,selected,False,123,2,2025-01-20 01:00:00,2025-01-23 09:00:00,81,661.89,True,True,720.9400634765625,-1.057250185012818,719.8828132915497,0.0,0.1149516120021871,0.0,1.0
core_neuralprophet_frozen_s123,neuralprophet,frozen,selected,False,123,2,2025-01-20 01:00:00,2025-01-23 10:00:00,82,740.78,True,True,788.5650024414062,-1.057250185012818,787.5077522563935,0.0,0.1149516120021871,0.0,1.0
core_neuralprophet_frozen_s123,neuralprophet,frozen,selected,False,123,2,2025-01-20 01:00:00,2025-01-23 11:00:00,83,863.55,True,True,910.3453979492188,-1.057250185012818,909.288147764206,0.0,0.1149516120021871,0.0,1.0
core_neuralprophet_frozen_s123,neuralprophet,frozen,selected,False,123,2,2025-01-20 01:00:00,2025-01-23 12:00:00,84,1008.56,True,True,1042.3721923828125,-1.057250185012818,1041.3149421977996,0.0,0.1149516120021871,0.0,1.0
core_neuralprophet_frozen_s123,neuralprophet,frozen,selected,False,123,2,2025-01-20 01:00:00,2025-01-23 13:00:00,85,1092.07,True,True,1108.5198974609375,-1.057250185012818,1107.4626472759246,0.0,0.1149516120021871,0.0,1.0
core_neuralprophet_frozen_s123,neuralprophet,frozen,selected,False,123,2,2025-01-20 01:00:00,2025-01-23 14:00:00,86,1109.14,True,True,1100.263671875,-1.057250185012818,1099.206421689987,0.0,0.1149516120021871,0.0,1.0
core_neuralprophet_frozen_s123,neuralprophet,frozen,selected,False,123,2,2025-01-20 01:00:00,2025-01-23 15:00:00,87,1049.86,True,True,1044.80712890625,-1.057250185012818,1043.749878721237,0.0,0.1149516120021871,0.0,1.0
core_neuralprophet_frozen_s123,neuralprophet,frozen,selected,False,123,2,2025-01-20 01:00:00,2025-01-23 16:00:00,88,952.31,True,True,936.963623046875,-1.057250185012818,935.9063728618622,0.0,0.1149516120021871,0.0,1.0
core_neuralprophet_frozen_s123,neuralprophet,frozen,selected,False,123,2,2025-01-20 01:00:00,2025-01-23 17:00:00,89,829.65,True,True,831.4942626953125,-1.057250185012818,830.4370125102997,0.0,0.1149516120021871,0.0,1.0
core_neuralprophet_frozen_s123,neuralprophet,frozen,selected,False,123,2,2025-01-20 01:00:00,2025-01-23 18:00:00,90,690.4,True,True,682.89794921875,-1.057250185012818,681.8406990337372,0.0,0.1149516120021871,0.0,1.0
core_neuralprophet_frozen_s123,neuralprophet,frozen,selected,False,123,2,2025-01-20 01:00:00,2025-01-23 19:00:00,91,558.33,True,True,547.5316162109375,-1.057250185012818,546.4743660259247,0.0,0.1149516120021871,0.0,1.0
core_neuralprophet_frozen_s123,neuralprophet,frozen,selected,False,123,2,2025-01-20 01:00:00,2025-01-23 20:00:00,92,478.93,True,True,497.3181762695313,-1.057250185012818,496.2609260845185,0.0,0.1149516120021871,0.0,1.0
core_neuralprophet_frozen_s123,neuralprophet,frozen,selected,False,123,2,2025-01-20 01:00:00,2025-01-23 21:00:00,93,443.28,True,True,452.1511840820313,-1.057250185012818,451.0939338970185,0.0,0.1149516120021871,0.0,1.0
core_neuralprophet_frozen_s123,neuralprophet,frozen,selected,False,123,2,2025-01-20 01:00:00,2025-01-23 22:00:00,94,413.31,True,True,439.1040344238281,-1.057250185012818,438.0467842388153,0.0,0.1149516120021871,0.0,1.0
core_neuralprophet_frozen_s123,neuralprophet,frozen,selected,False,123,2,2025-01-20 01:00:00,2025-01-23 23:00:00,95,460.36,True,True,498.4784851074219,-1.057250185012818,497.42123492240904,0.0,0.1149516120021871,0.0,1.0
core_neuralprophet_frozen_s123,neuralprophet,frozen,selected,False,123,2,2025-01-20 01:00:00,2025-01-24 00:00:00,96,559.5,True,True,591.8822021484375,-1.057250185012818,590.8249519634247,0.0,0.1149516120021871,0.0,1.0
core_neuralprophet_frozen_s123,neuralprophet,frozen,selected,False,123,2,2025-01-20 01:00:00,2025-01-24 01:00:00,97,616.25,True,True,634.673828125,-1.057250185012818,633.6165779399872,0.0,0.1149516120021871,0.0,1.0
core_neuralprophet_frozen_s123,neuralprophet,frozen,selected,False,123,2,2025-01-20 01:00:00,2025-01-24 02:00:00,98,613.07,True,True,675.8695068359375,-1.057250185012818,674.8122566509247,0.0,0.1149516120021871,0.0,1.0
core_neuralprophet_frozen_s123,neuralprophet,frozen,selected,False,123,2,2025-01-20 01:00:00,2025-01-24 03:00:00,99,543.29,True,True,591.8001708984375,-1.057250185012818,590.7429207134247,0.0,0.1149516120021871,0.0,1.0
core_neuralprophet_frozen_s123,neuralprophet,frozen,selected,False,123,2,2025-01-20 01:00:00,2025-01-24 04:00:00,100,286.26,True,True,300.3012390136719,-1.057250185012818,299.24398882865904,0.0,0.1149516120021871,0.0,1.0
core_neuralprophet_frozen_s123,neuralprophet,frozen,selected,False,123,2,2025-01-20 01:00:00,2025-01-24 05:00:00,101,305.56,True,True,322.7971496582031,-1.057250185012818,321.7398994731903,0.0,0.1149516120021871,0.0,1.0
core_neuralprophet_frozen_s123,neuralprophet,frozen,selected,False,123,2,2025-01-20 01:00:00,2025-01-24 06:00:00,102,350.29,True,True,375.8908081054688,-1.057250185012818,374.833557920456,0.0,0.1149516120021871,0.0,1.0
core_neuralprophet_frozen_s123,neuralprophet,frozen,selected,False,123,2,2025-01-20 01:00:00,2025-01-24 07:00:00,103,409.8,True,True,428.8243713378906,-1.057250185012818,427.7671211528778,0.0,0.1149516120021871,0.0,1.0
core_neuralprophet_frozen_s123,neuralprophet,frozen,selected,False,123,2,2025-01-20 01:00:00,2025-01-24 08:00:00,104,513.01,True,True,524.3555297851562,-1.057250185012818,523.2982796001435,0.0,0.1149516120021871,0.0,1.0
core_neuralprophet_frozen_s123,neuralprophet,frozen,selected,False,123,2,2025-01-20 01:00:00,2025-01-24 09:00:00,105,630.05,True,True,629.9315185546875,-1.057250185012818,628.8742683696747,0.0,0.1149516120021871,0.0,1.0
core_neuralprophet_frozen_s123,neuralprophet,frozen,selected,False,123,2,2025-01-20 01:00:00,2025-01-24 10:00:00,106,743.14,True,True,718.80126953125,-1.057250185012818,717.7440193462372,0.0,0.1149516120021871,0.0,1.0
core_neuralprophet_frozen_s123,neuralprophet,frozen,selected,False,123,2,2025-01-20 01:00:00,2025-01-24 11:00:00,107,861.74,True,True,823.3177490234375,-1.057250185012818,822.2604988384247,0.0,0.1149516120021871,0.0,1.0
core_neuralprophet_frozen_s123,neuralprophet,frozen,selected,False,123,2,2025-01-20 01:00:00,2025-01-24 12:00:00,108,954.34,True,True,886.8096923828125,-1.057250185012818,885.7524421977997,0.0,0.1149516120021871,0.0,1.0
core_neuralprophet_frozen_s123,neuralprophet,frozen,selected,False,123,2,2025-01-20 01:00:00,2025-01-24 13:00:00,109,1027.42,True,True,974.5278930664062,-1.057250185012818,973.4706428813935,0.0,0.1149516120021871,0.0,1.0
core_neuralprophet_frozen_s123,neuralprophet,frozen,selected,False,123,2,2025-01-20 01:00:00,2025-01-24 14:00:00,110,1147.74,True,True,1099.060791015625,-1.057250185012818,1098.003540830612,0.0,0.1149516120021871,0.0,1.0
core_neuralprophet_frozen_s123,neuralprophet,frozen,selected,False,123,2,2025-01-20 01:00:00,2025-01-24 15:00:00,111,1222.71,True,True,1209.3526611328125,-1.057250185012818,1208.2954109477996,0.0,0.1149516120021871,0.0,1.0
core_neuralprophet_frozen_s123,neuralprophet,frozen,selected,False,123,2,2025-01-20 01:00:00,2025-01-24 16:00:00,112,1129.13,True,True,1165.0155029296875,-1.057250185012818,1163.9582527446746,0.0,0.1149516120021871,0.0,1.0
core_neuralprophet_frozen_s123,neuralprophet,frozen,selected,False,123,2,2025-01-20 01:00:00,2025-01-24 17:00:00,113,985.16,True,True,1009.9853515625,-1.057250185012818,1008.9281013774872,0.0,0.1149516120021871,0.0,1.0
core_neuralprophet_frozen_s123,neuralprophet,frozen,selected,False,123,2,2025-01-20 01:00:00,2025-01-24 18:00:00,114,855.28,True,True,884.4404296875,-1.057250185012818,883.3831795024872,0.0,0.1149516120021871,0.0,1.0
core_neuralprophet_frozen_s123,neuralprophet,frozen,selected,False,123,2,2025-01-20 01:00:00,2025-01-24 19:00:00,115,786.21,True,True,812.9334106445312,-1.057250185012818,811.8761604595185,0.0,0.1149516120021871,0.0,1.0
core_neuralprophet_frozen_s123,neuralprophet,frozen,selected,False,123,2,2025-01-20 01:00:00,2025-01-24 20:00:00,116,748.8,True,True,796.1063232421875,-1.057250185012818,795.0490730571747,0.0,0.1149516120021871,0.0,1.0
core_neuralprophet_frozen_s123,neuralprophet,frozen,selected,False,123,2,2025-01-20 01:00:00,2025-01-24 21:00:00,117,701.82,True,True,724.320068359375,-1.057250185012818,723.2628181743622,0.0,0.1149516120021871,0.0,1.0
core_neuralprophet_frozen_s123,neuralprophet,frozen,selected,False,123,2,2025-01-20 01:00:00,2025-01-24 22:00:00,118,639.36,True,True,659.788818359375,-1.057250185012818,658.7315681743622,0.0,0.1149516120021871,0.0,1.0
core_neuralprophet_frozen_s123,neuralprophet,frozen,selected,False,123,2,2025-01-20 01:00:00,2025-01-24 23:00:00,119,683.09,True,True,690.0916748046875,-1.057250185012818,689.0344246196747,0.0,0.1149516120021871,0.0,1.0
core_neuralprophet_frozen_s123,neuralprophet,frozen,selected,False,123,2,2025-01-20 01:00:00,2025-01-25 00:00:00,120,867.27,True,True,871.1642456054688,-1.057250185012818,870.106995420456,0.0,0.1149516120021871,0.0,1.0
core_neuralprophet_frozen_s123,neuralprophet,frozen,selected,False,123,2,2025-01-20 01:00:00,2025-01-25 01:00:00,121,1043.89,True,True,1043.5902099609375,-1.057250185012818,1042.5329597759246,0.0,0.1149516120021871,0.0,1.0
core_neuralprophet_frozen_s123,neuralprophet,frozen,selected,False,123,2,2025-01-20 01:00:00,2025-01-25 02:00:00,122,1139.2,True,True,1161.8607177734375,-1.057250185012818,1160.8034675884246,0.0,0.1149516120021871,0.0,1.0
core_neuralprophet_frozen_s123,neuralprophet,frozen,selected,False,123,2,2025-01-20 01:00:00,2025-01-25 03:00:00,123,1176.27,True,True,1220.6986083984375,-1.057250185012818,1219.6413582134246,0.0,0.1149516120021871,0.0,1.0
core_neuralprophet_frozen_s123,neuralprophet,frozen,selected,False,123,2,2025-01-20 01:00:00,2025-01-25 04:00:00,124,775.15,True,True,757.993408203125,-1.057250185012818,756.9361580181122,0.0,0.1149516120021871,0.0,1.0
core_neuralprophet_frozen_s123,neuralprophet,frozen,selected,False,123,2,2025-01-20 01:00:00,2025-01-25 05:00:00,125,681.17,True,True,664.3475952148438,-1.057250185012818,663.290345029831,0.0,0.1149516120021871,0.0,1.0
core_neuralprophet_frozen_s123,neuralprophet,frozen,selected,False,123,2,2025-01-20 01:00:00,2025-01-25 06:00:00,126,577.42,True,True,621.673828125,-1.057250185012818,620.6165779399872,0.0,0.1149516120021871,0.0,1.0
core_neuralprophet_frozen_s123,neuralprophet,frozen,selected,False,123,2,2025-01-20 01:00:00,2025-01-25 07:00:00,127,453.48,True,True,501.265380859375,-1.057250185012818,500.20813067436217,0.0,0.1149516120021871,0.0,1.0
core_neuralprophet_frozen_s123,neuralprophet,frozen,selected,False,123,2,2025-01-20 01:00:00,2025-01-25 08:00:00,128,405.93,True,True,478.7182312011719,-1.057250185012818,477.66098101615904,0.0,0.1149516120021871,0.0,1.0
core_neuralprophet_frozen_s123,neuralprophet,frozen,selected,False,123,2,2025-01-20 01:00:00,2025-01-25 09:00:00,129,380.0,True,True,445.4620971679688,-1.057250185012818,444.404846982956,0.0,0.1149516120021871,0.0,1.0
core_neuralprophet_frozen_s123,neuralprophet,frozen,selected,False,123,2,2025-01-20 01:00:00,2025-01-25 10:00:00,130,387.23,True,True,447.27642822265625,-1.057250185012818,446.2191780376434,0.0,0.1149516120021871,0.0,1.0
core_neuralprophet_frozen_s123,neuralprophet,frozen,selected,False,123,2,2025-01-20 01:00:00,2025-01-25 11:00:00,131,460.41,True,True,508.88330078125,-1.057250185012818,507.82605059623717,0.0,0.1149516120021871,0.0,1.0
core_neuralprophet_frozen_s123,neuralprophet,frozen,selected,False,123,2,2025-01-20 01:00:00,2025-01-25 12:00:00,132,570.19,True,True,624.6068115234375,-1.057250185012818,623.5495613384247,0.0,0.1149516120021871,0.0,1.0
core_neuralprophet_frozen_s123,neuralprophet,frozen,selected,False,123,2,2025-01-20 01:00:00,2025-01-25 13:00:00,133,660.63,True,True,731.0172119140625,-1.057250185012818,729.9599617290497,0.0,0.1149516120021871,0.0,1.0
core_neuralprophet_frozen_s123,neuralprophet,frozen,selected,False,123,2,2025-01-20 01:00:00,2025-01-25 14:00:00,134,721.7,True,True,795.2181396484375,-1.057250185012818,794.1608894634247,0.0,0.1149516120021871,0.0,1.0
core_neuralprophet_frozen_s123,neuralprophet,frozen,selected,False,123,2,2025-01-20 01:00:00,2025-01-25 15:00:00,135,754.01,True,True,830.1689453125,-1.057250185012818,829.1116951274872,0.0,0.1149516120021871,0.0,1.0
core_neuralprophet_frozen_s123,neuralprophet,frozen,selected,False,123,2,2025-01-20 01:00:00,2025-01-25 16:00:00,136,712.92,True,True,793.328125,-1.057250185012818,792.2708748149872,0.0,0.1149516120021871,0.0,1.0
core_neuralprophet_frozen_s123,neuralprophet,frozen,selected,False,123,2,2025-01-20 01:00:00,2025-01-25 17:00:00,137,609.77,True,True,694.4661865234375,-1.057250185012818,693.4089363384247,0.0,0.1149516120021871,0.0,1.0
core_neuralprophet_frozen_s123,neuralprophet,frozen,selected,False,123,2,2025-01-20 01:00:00,2025-01-25 18:00:00,138,476.96,True,True,542.38330078125,-1.057250185012818,541.3260505962372,0.0,0.1149516120021871,0.0,1.0
core_neuralprophet_frozen_s123,neuralprophet,frozen,selected,False,123,2,2025-01-20 01:00:00,2025-01-25 19:00:00,139,397.06,True,True,446.7489318847656,-1.057250185012818,445.6916816997528,0.0,0.1149516120021871,0.0,1.0
core_neuralprophet_frozen_s123,neuralprophet,frozen,selected,False,123,2,2025-01-20 01:00:00,2025-01-25 20:00:00,140,394.71,True,True,460.8760986328125,-1.057250185012818,459.81884844779967,0.0,0.1149516120021871,0.0,1.0
core_neuralprophet_frozen_s123,neuralprophet,frozen,selected,False,123,2,2025-01-20 01:00:00,2025-01-25 21:00:00,141,391.82,True,True,464.3077087402344,-1.057250185012818,463.25045855522154,0.0,0.1149516120021871,0.0,1.0
core_neuralprophet_frozen_s123,neuralprophet,frozen,selected,False,123,2,2025-01-20 01:00:00,2025-01-25 22:00:00,142,411.45,True,True,499.64739990234375,-1.057250185012818,498.5901497173309,0.0,0.1149516120021871,0.0,1.0
core_neuralprophet_frozen_s123,neuralprophet,frozen,selected,False,123,2,2025-01-20 01:00:00,2025-01-25 23:00:00,143,406.41,True,True,481.0068664550781,-1.057250185012818,479.9496162700653,0.0,0.1149516120021871,0.0,1.0
core_neuralprophet_frozen_s123,neuralprophet,frozen,selected,False,123,2,2025-01-20 01:00:00,2025-01-26 00:00:00,144,205.05,True,True,281.0321350097656,-1.057250185012818,279.9748848247528,0.0,0.1149516120021871,0.0,1.0
core_neuralprophet_frozen_s123,neuralprophet,frozen,selected,False,123,2,2025-01-20 01:00:00,2025-01-26 01:00:00,145,38.65,True,True,49.566036224365234,-1.057250185012818,48.508786039352415,0.0,0.1149516120021871,0.0,1.0
core_neuralprophet_frozen_s123,neuralprophet,frozen,selected,False,123,2,2025-01-20 01:00:00,2025-01-26 02:00:00,146,54.02,True,True,26.345535278320312,-1.057250185012818,25.288285093307493,0.0,0.1149516120021871,0.0,1.0
core_neuralprophet_frozen_s123,neuralprophet,frozen,selected,False,123,2,2025-01-20 01:00:00,2025-01-26 03:00:00,147,67.85,True,True,23.61960220336914,-1.057250185012818,22.56235201835632,0.0,0.1149516120021871,0.0,1.0
core_neuralprophet_frozen_s123,neuralprophet,frozen,selected,False,123,2,2025-01-20 01:00:00,2025-01-26 04:00:00,148,68.06,True,True,43.82986831665039,-1.057250185012818,42.77261813163757,0.0,0.1149516120021871,0.0,1.0
core_neuralprophet_frozen_s123,neuralprophet,frozen,selected,False,123,2,2025-01-20 01:00:00,2025-01-26 05:00:00,149,54.11,True,True,39.98310089111328,-1.057250185012818,38.92585070610046,0.0,0.1149516120021871,0.0,1.0
core_neuralprophet_frozen_s123,neuralprophet,frozen,selected,False,123,2,2025-01-20 01:00:00,2025-01-26 06:00:00,150,45.58,True,True,26.73750305175781,-1.057250185012818,25.68025286674499,0.0,0.1149516120021871,0.0,1.0
core_neuralprophet_frozen_s123,neuralprophet,frozen,selected,False,123,2,2025-01-20 01:00:00,2025-01-26 07:00:00,151,39.81,True,True,16.457509994506836,-1.057250185012818,15.400259809494019,0.0,0.1149516120021871,0.0,1.0
core_neuralprophet_frozen_s123,neuralprophet,frozen,selected,False,123,2,2025-01-20 01:00:00,2025-01-26 08:00:00,152,30.64,True,True,21.604738235473636,-1.057250185012818,20.547488050460817,0.0,0.1149516120021871,0.0,1.0
core_neuralprophet_frozen_s123,neuralprophet,frozen,selected,False,123,2,2025-01-20 01:00:00,2025-01-26 09:00:00,153,17.53,True,True,0.3691856265068054,-1.057250185012818,-0.6880645585060126,0.0,0.1149516120021871,0.0,1.0
core_neuralprophet_frozen_s123,neuralprophet,frozen,selected,False,123,2,2025-01-20 01:00:00,2025-01-26 10:00:00,154,10.67,True,True,-4.765921115875244,-1.057250185012818,-5.823171300888062,0.0,0.1149516120021871,0.0,1.0
core_neuralprophet_frozen_s123,neuralprophet,frozen,selected,False,123,2,2025-01-20 01:00:00,2025-01-26 11:00:00,155,10.11,True,True,-17.7972469329834,-1.057250185012818,-18.854497117996218,0.0,0.1149516120021871,0.0,1.0
core_neuralprophet_frozen_s123,neuralprophet,frozen,selected,False,123,2,2025-01-20 01:00:00,2025-01-26 12:00:00,156,10.37,True,True,-29.51516532897949,-1.057250185012818,-30.572415513992308,0.0,0.1149516120021871,0.0,1.0
core_neuralprophet_frozen_s123,neuralprophet,frozen,selected,False,123,2,2025-01-20 01:00:00,2025-01-26 13:00:00,157,9.91,True,True,-48.39936828613281,-1.057250185012818,-49.45661847114563,0.0,0.1149516120021871,0.0,1.0
core_neuralprophet_frozen_s123,neuralprophet,frozen,selected,False,123,2,2025-01-20 01:00:00,2025-01-26 14:00:00,158,9.75,True,True,-38.90347290039063,-1.057250185012818,-39.96072308540345,0.0,0.1149516120021871,0.0,1.0
core_neuralprophet_frozen_s123,neuralprophet,frozen,selected,False,123,2,2025-01-20 01:00:00,2025-01-26 15:00:00,159,7.94,True,True,-60.59867858886719,-1.057250185012818,-61.65592877388001,0.0,0.1149516120021871,0.0,1.0
core_neuralprophet_frozen_s123,neuralprophet,frozen,selected,False,123,2,2025-01-20 01:00:00,2025-01-26 16:00:00,160,4.62,True,True,-45.6527214050293,-1.057250185012818,-46.709971590042116,0.0,0.1149516120021871,0.0,1.0
core_neuralprophet_frozen_s123,neuralprophet,frozen,selected,False,123,2,2025-01-20 01:00:00,2025-01-26 17:00:00,161,4.76,True,True,-46.2293701171875,-1.057250185012818,-47.28662030220032,0.0,0.1149516120021871,0.0,1.0
core_neuralprophet_frozen_s123,neuralprophet,frozen,selected,False,123,2,2025-01-20 01:00:00,2025-01-26 18:00:00,162,4.88,True,True,-50.36956024169922,-1.057250185012818,-51.42681042671204,0.0,0.1149516120021871,0.0,1.0
core_neuralprophet_frozen_s123,neuralprophet,frozen,selected,False,123,2,2025-01-20 01:00:00,2025-01-26 19:00:00,163,5.01,True,True,-15.758918762207031,-1.057250185012818,-16.81616894721985,0.0,0.1149516120021871,0.0,1.0
core_neuralprophet_frozen_s123,neuralprophet,frozen,selected,False,123,2,2025-01-20 01:00:00,2025-01-26 20:00:00,164,5.47,True,True,-12.708002090454102,-1.057250185012818,-13.765252275466919,0.0,0.1149516120021871,0.0,1.0
core_neuralprophet_frozen_s123,neuralprophet,frozen,selected,False,123,2,2025-01-20 01:00:00,2025-01-26 21:00:00,165,6.24,True,True,-5.863207340240479,-1.057250185012818,-6.920457525253298,0.0,0.1149516120021871,0.0,1.0
core_neuralprophet_frozen_s123,neuralprophet,frozen,selected,False,123,2,2025-01-20 01:00:00,2025-01-26 22:00:00,166,8.2,True,True,-0.5508974194526672,-1.057250185012818,-1.6081476044654852,0.0,0.1149516120021871,0.0,1.0
core_neuralprophet_frozen_s123,neuralprophet,frozen,selected,False,123,2,2025-01-20 01:00:00,2025-01-26 23:00:00,167,17.68,True,True,27.16637420654297,-1.057250185012818,26.10912402153015,0.0,0.1149516120021871,0.0,1.0
core_neuralprophet_frozen_s123,neuralprophet,frozen,selected,False,123,2,2025-01-20 01:00:00,2025-01-27 00:00:00,168,26.86,True,True,20.79386711120605,-1.057250185012818,19.736616926193232,0.0,0.1149516120021871,0.0,1.0
core_neuralprophet_frozen_s123,neuralprophet,frozen,selected,False,123,3,2025-01-27 01:00:00,2025-01-27 01:00:00,1,29.97,True,True,45.064598083496094,-3.165623818664323,41.89897426483177,0.0,0.1155769090000831,0.0,1.0
core_neuralprophet_frozen_s123,neuralprophet,frozen,selected,False,123,3,2025-01-27 01:00:00,2025-01-27 02:00:00,2,25.5,True,True,11.42327117919922,-3.165623818664323,8.257647360534897,0.0,0.1155769090000831,0.0,1.0
core_neuralprophet_frozen_s123,neuralprophet,frozen,selected,False,123,3,2025-01-27 01:00:00,2025-01-27 03:00:00,3,18.43,True,True,29.40736389160156,-3.165623818664323,26.241740072937237,0.0,0.1155769090000831,0.0,1.0
core_neuralprophet_frozen_s123,neuralprophet,frozen,selected,False,123,3,2025-01-27 01:00:00,2025-01-27 04:00:00,4,13.33,True,True,29.16490173339844,-3.165623818664323,25.99927791473412,0.0,0.1155769090000831,0.0,1.0
core_neuralprophet_frozen_s123,neuralprophet,frozen,selected,False,123,3,2025-01-27 01:00:00,2025-01-27 05:00:00,5,11.64,True,True,45.289039611816406,-3.165623818664323,42.123415793152084,0.0,0.1155769090000831,0.0,1.0
core_neuralprophet_frozen_s123,neuralprophet,frozen,selected,False,123,3,2025-01-27 01:00:00,2025-01-27 06:00:00,6,10.81,True,True,48.44376373291016,-3.165623818664323,45.27813991424584,0.0,0.1155769090000831,0.0,1.0
core_neuralprophet_frozen_s123,neuralprophet,frozen,selected,False,123,3,2025-01-27 01:00:00,2025-01-27 07:00:00,7,11.2,True,True,9.781451225280762,-3.165623818664323,6.615827406616439,0.0,0.1155769090000831,0.0,1.0
core_neuralprophet_frozen_s123,neuralprophet,frozen,selected,False,123,3,2025-01-27 01:00:00,2025-01-27 08:00:00,8,13.74,True,True,14.50449562072754,-3.165623818664323,11.338871802063217,0.0,0.1155769090000831,0.0,1.0
core_neuralprophet_frozen_s123,neuralprophet,frozen,selected,False,123,3,2025-01-27 01:00:00,2025-01-27 09:00:00,9,16.54,True,True,-7.875069618225098,-3.165623818664323,-11.04069343688942,0.0,0.1155769090000831,0.0,1.0
core_neuralprophet_frozen_s123,neuralprophet,frozen,selected,False,123,3,2025-01-27 01:00:00,2025-01-27 10:00:00,10,19.24,True,True,-11.327980041503906,-3.165623818664323,-14.493603860168228,0.0,0.1155769090000831,0.0,1.0
core_neuralprophet_frozen_s123,neuralprophet,frozen,selected,False,123,3,2025-01-27 01:00:00,2025-01-27 11:00:00,11,24.55,True,True,-33.757022857666016,-3.165623818664323,-36.92264667633034,0.0,0.1155769090000831,0.0,1.0
core_neuralprophet_frozen_s123,neuralprophet,frozen,selected,False,123,3,2025-01-27 01:00:00,2025-01-27 12:00:00,12,29.62,True,True,-31.650558471679688,-3.165623818664323,-34.81618229034401,0.0,0.1155769090000831,0.0,1.0
core_neuralprophet_frozen_s123,neuralprophet,frozen,selected,False,123,3,2025-01-27 01:00:00,2025-01-27 13:00:00,13,31.91,True,True,12.253376007080078,-3.165623818664323,9.087752188415756,0.0,0.1155769090000831,0.0,1.0
core_neuralprophet_frozen_s123,neuralprophet,frozen,selected,False,123,3,2025-01-27 01:00:00,2025-01-27 14:00:00,14,34.43,True,True,-1.5439658164978027,-3.165623818664323,-4.709589635162126,0.0,0.1155769090000831,0.0,1.0
core_neuralprophet_frozen_s123,neuralprophet,frozen,selected,False,123,3,2025-01-27 01:00:00,2025-01-27 15:00:00,15,31.05,True,True,-6.535321235656738,-3.165623818664323,-9.70094505432106,0.0,0.1155769090000831,0.0,1.0
core_neuralprophet_frozen_s123,neuralprophet,frozen,selected,False,123,3,2025-01-27 01:00:00,2025-01-27 16:00:00,16,20.79,True,True,-24.764875411987305,-3.165623818664323,-27.930499230651627,0.0,0.1155769090000831,0.0,1.0
core_neuralprophet_frozen_s123,neuralprophet,frozen,selected,False,123,3,2025-01-27 01:00:00,2025-01-27 17:00:00,17,16.5,True,True,-20.373348236083984,-3.165623818664323,-23.538972054748307,0.0,0.1155769090000831,0.0,1.0
core_neuralprophet_frozen_s123,neuralprophet,frozen,selected,False,123,3,2025-01-27 01:00:00,2025-01-27 18:00:00,18,16.18,True,True,-25.222841262817383,-3.165623818664323,-28.388465081481705,0.0,0.1155769090000831,0.0,1.0
core_neuralprophet_frozen_s123,neuralprophet,frozen,selected,False,123,3,2025-01-27 01:00:00,2025-01-27 19:00:00,19,18.11,True,True,-14.29008960723877,-3.165623818664323,-17.45571342590309,0.0,0.1155769090000831,0.0,1.0
core_neuralprophet_frozen_s123,neuralprophet,frozen,selected,False,123,3,2025-01-27 01:00:00,2025-01-27 20:00:00,20,21.87,True,True,-6.406857013702393,-3.165623818664323,-9.572480832366715,0.0,0.1155769090000831,0.0,1.0
core_neuralprophet_frozen_s123,neuralprophet,frozen,selected,False,123,3,2025-01-27 01:00:00,2025-01-27 21:00:00,21,26.13,True,True,-14.944656372070312,-3.165623818664323,-18.110280190734635,0.0,0.1155769090000831,0.0,1.0
core_neuralprophet_frozen_s123,neuralprophet,frozen,selected,False,123,3,2025-01-27 01:00:00,2025-01-27 22:00:00,22,34.51,True,True,5.543538093566895,-3.165623818664323,2.3779142749025723,0.0,0.1155769090000831,0.0,1.0
core_neuralprophet_frozen_s123,neuralprophet,frozen,selected,False,123,3,2025-01-27 01:00:00,2025-01-27 23:00:00,23,68.09,True,True,64.51433563232422,-3.165623818664323,61.3487118136599,0.0,0.1155769090000831,0.0,1.0
core_neuralprophet_frozen_s123,neuralprophet,frozen,selected,False,123,3,2025-01-27 01:00:00,2025-01-28 00:00:00,24,107.92,True,True,110.91716003417967,-3.165623818664323,107.75153621551534,0.0,0.1155769090000831,0.0,1.0
core_neuralprophet_frozen_s123,neuralprophet,frozen,selected,False,123,3,2025-01-27 01:00:00,2025-01-28 01:00:00,25,130.36,True,True,104.84037017822266,-3.165623818664323,101.67474635955833,0.0,0.1155769090000831,0.0,1.0
core_neuralprophet_frozen_s123,neuralprophet,frozen,selected,False,123,3,2025-01-27 01:00:00,2025-01-28 02:00:00,26,126.12,True,True,92.85745239257812,-3.165623818664323,89.6918285739138,0.0,0.1155769090000831,0.0,1.0
core_neuralprophet_frozen_s123,neuralprophet,frozen,selected,False,123,3,2025-01-27 01:00:00,2025-01-28 03:00:00,27,93.48,True,True,97.21371459960938,-3.165623818664323,94.04809078094505,0.0,0.1155769090000831,0.0,1.0
core_neuralprophet_frozen_s123,neuralprophet,frozen,selected,False,123,3,2025-01-27 01:00:00,2025-01-28 04:00:00,28,43.26,True,True,37.025611877441406,-3.165623818664323,33.859988058777084,0.0,0.1155769090000831,0.0,1.0
core_neuralprophet_frozen_s123,neuralprophet,frozen,selected,False,123,3,2025-01-27 01:00:00,2025-01-28 05:00:00,29,30.8,True,True,68.10323333740234,-3.165623818664323,64.93760951873801,0.0,0.1155769090000831,0.0,1.0
core_neuralprophet_frozen_s123,neuralprophet,frozen,selected,False,123,3,2025-01-27 01:00:00,2025-01-28 06:00:00,30,26.32,True,True,41.30646133422852,-3.165623818664323,38.1408375155642,0.0,0.1155769090000831,0.0,1.0
core_neuralprophet_frozen_s123,neuralprophet,frozen,selected,False,123,3,2025-01-27 01:00:00,2025-01-28 07:00:00,31,40.43,True,True,55.0594596862793,-3.165623818664323,51.893835867614975,0.0,0.1155769090000831,0.0,1.0
core_neuralprophet_frozen_s123,neuralprophet,frozen,selected,False,123,3,2025-01-27 01:00:00,2025-01-28 08:00:00,32,80.98,True,True,79.69232940673828,-3.165623818664323,76.52670558807395,0.0,0.1155769090000831,0.0,1.0
core_neuralprophet_frozen_s123,neuralprophet,frozen,selected,False,123,3,2025-01-27 01:00:00,2025-01-28 09:00:00,33,122.85,True,True,138.2346954345703,-3.165623818664323,135.06907161590598,0.0,0.1155769090000831,0.0,1.0
core_neuralprophet_frozen_s123,neuralprophet,frozen,selected,False,123,3,2025-01-27 01:00:00,2025-01-28 10:00:00,34,169.86,True,True,159.7552490234375,-3.165623818664323,156.58962520477317,0.0,0.1155769090000831,0.0,1.0
core_neuralprophet_frozen_s123,neuralprophet,frozen,selected,False,123,3,2025-01-27 01:00:00,2025-01-28 11:00:00,35,246.48,True,True,243.9075164794922,-3.165623818664323,240.74189266082786,0.0,0.1155769090000831,0.0,1.0
core_neuralprophet_frozen_s123,neuralprophet,frozen,selected,False,123,3,2025-01-27 01:00:00,2025-01-28 12:00:00,36,334.15,True,True,352.878662109375,-3.165623818664323,349.7130382907107,0.0,0.1155769090000831,0.0,1.0
core_neuralprophet_frozen_s123,neuralprophet,frozen,selected,False,123,3,2025-01-27 01:00:00,2025-01-28 13:00:00,37,450.84,True,True,535.1317749023438,-3.165623818664323,531.9661510836794,0.0,0.1155769090000831,0.0,1.0
core_neuralprophet_frozen_s123,neuralprophet,frozen,selected,False,123,3,2025-01-27 01:00:00,2025-01-28 14:00:00,38,612.29,True,True,691.456298828125,-3.165623818664323,688.2906750094606,0.0,0.1155769090000831,0.0,1.0
core_neuralprophet_frozen_s123,neuralprophet,frozen,selected,False,123,3,2025-01-27 01:00:00,2025-01-28 15:00:00,39,711.51,True,True,800.2473754882812,-3.165623818664323,797.0817516696169,0.0,0.1155769090000831,0.0,1.0
core_neuralprophet_frozen_s123,neuralprophet,frozen,selected,False,123,3,2025-01-27 01:00:00,2025-01-28 16:00:00,40,711.12,True,True,785.105712890625,-3.165623818664323,781.9400890719606,0.0,0.1155769090000831,0.0,1.0
core_neuralprophet_frozen_s123,neuralprophet,frozen,selected,False,123,3,2025-01-27 01:00:00,2025-01-28 17:00:00,41,666.48,True,True,723.3059692382812,-3.165623818664323,720.1403454196169,0.0,0.1155769090000831,0.0,1.0
core_neuralprophet_frozen_s123,neuralprophet,frozen,selected,False,123,3,2025-01-27 01:00:00,2025-01-28 18:00:00,42,580.41,True,True,624.765380859375,-3.165623818664323,621.5997570407106,0.0,0.1155769090000831,0.0,1.0
core_neuralprophet_frozen_s123,neuralprophet,frozen,selected,False,123,3,2025-01-27 01:00:00,2025-01-28 19:00:00,43,474.08,True,True,507.7057800292969,-3.165623818664323,504.5401562106326,0.0,0.1155769090000831,0.0,1.0
core_neuralprophet_frozen_s123,neuralprophet,frozen,selected,False,123,3,2025-01-27 01:00:00,2025-01-28 20:00:00,44,386.53,True,True,420.4710083007813,-3.165623818664323,417.305384482117,0.0,0.1155769090000831,0.0,1.0
core_neuralprophet_frozen_s123,neuralprophet,frozen,selected,False,123,3,2025-01-27 01:00:00,2025-01-28 21:00:00,45,319.65,True,True,329.3975524902344,-3.165623818664323,326.2319286715701,0.0,0.1155769090000831,0.0,1.0
core_neuralprophet_frozen_s123,neuralprophet,frozen,selected,False,123,3,2025-01-27 01:00:00,2025-01-28 22:00:00,46,264.25,True,True,273.2059326171875,-3.165623818664323,270.0403087985232,0.0,0.1155769090000831,0.0,1.0
core_neuralprophet_frozen_s123,neuralprophet,frozen,selected,False,123,3,2025-01-27 01:00:00,2025-01-28 23:00:00,47,292.83,True,True,313.0256652832031,-3.165623818664323,309.8600414645388,0.0,0.1155769090000831,0.0,1.0
core_neuralprophet_frozen_s123,neuralprophet,frozen,selected,False,123,3,2025-01-27 01:00:00,2025-01-29 00:00:00,48,360.85,True,True,382.7626037597656,-3.165623818664323,379.5969799411013,0.0,0.1155769090000831,0.0,1.0
core_neuralprophet_frozen_s123,neuralprophet,frozen,selected,False,123,3,2025-01-27 01:00:00,2025-01-29 01:00:00,49,391.03,True,True,423.4189453125,-3.165623818664323,420.2533214938357,0.0,0.1155769090000831,0.0,1.0
core_neuralprophet_frozen_s123,neuralprophet,frozen,selected,False,123,3,2025-01-27 01:00:00,2025-01-29 02:00:00,50,379.71,True,True,402.8017578125,-3.165623818664323,399.6361339938357,0.0,0.1155769090000831,0.0,1.0
core_neuralprophet_frozen_s123,neuralprophet,frozen,selected,False,123,3,2025-01-27 01:00:00,2025-01-29 03:00:00,51,323.23,True,True,385.2255554199219,-3.165623818664323,382.0599316012576,0.0,0.1155769090000831,0.0,1.0
core_neuralprophet_frozen_s123,neuralprophet,frozen,selected,False,123,3,2025-01-27 01:00:00,2025-01-29 04:00:00,52,137.97,True,True,153.06771850585938,-3.165623818664323,149.90209468719505,0.0,0.1155769090000831,0.0,1.0
core_neuralprophet_frozen_s123,neuralprophet,frozen,selected,False,123,3,2025-01-27 01:00:00,2025-01-29 05:00:00,53,96.23,True,True,148.66957092285156,-3.165623818664323,145.50394710418723,0.0,0.1155769090000831,0.0,1.0
core_neuralprophet_frozen_s123,neuralprophet,frozen,selected,False,123,3,2025-01-27 01:00:00,2025-01-29 06:00:00,54,65.61,True,True,81.42378997802734,-3.165623818664323,78.25816615936301,0.0,0.1155769090000831,0.0,1.0
core_neuralprophet_frozen_s123,neuralprophet,frozen,selected,False,123,3,2025-01-27 01:00:00,2025-01-29 07:00:00,55,69.77,True,True,96.29930877685548,-3.165623818664323,93.13368495819115,0.0,0.1155769090000831,0.0,1.0
core_neuralprophet_frozen_s123,neuralprophet,frozen,selected,False,123,3,2025-01-27 01:00:00,2025-01-29 08:00:00,56,110.08,True,True,123.64248657226562,-3.165623818664323,120.4768627536013,0.0,0.1155769090000831,0.0,1.0
core_neuralprophet_frozen_s123,neuralprophet,frozen,selected,False,123,3,2025-01-27 01:00:00,2025-01-29 09:00:00,57,151.63,True,True,162.45706176757812,-3.165623818664323,159.2914379489138,0.0,0.1155769090000831,0.0,1.0
core_neuralprophet_frozen_s123,neuralprophet,frozen,selected,False,123,3,2025-01-27 01:00:00,2025-01-29 10:00:00,58,175.83,True,True,189.22300720214844,-3.165623818664323,186.0573833834841,0.0,0.1155769090000831,0.0,1.0
core_neuralprophet_frozen_s123,neuralprophet,frozen,selected,False,123,3,2025-01-27 01:00:00,2025-01-29 11:00:00,59,198.35,True,True,194.1158447265625,-3.165623818664323,190.95022090789817,0.0,0.1155769090000831,0.0,1.0
core_neuralprophet_frozen_s123,neuralprophet,frozen,selected,False,123,3,2025-01-27 01:00:00,2025-01-29 12:00:00,60,223.69,True,True,217.7252655029297,-3.165623818664323,214.55964168426536,0.0,0.1155769090000831,0.0,1.0
core_neuralprophet_frozen_s123,neuralprophet,frozen,selected,False,123,3,2025-01-27 01:00:00,2025-01-29 13:00:00,61,220.53,True,True,198.1251678466797,-3.165623818664323,194.95954402801536,0.0,0.1155769090000831,0.0,1.0
core_neuralprophet_frozen_s123,neuralprophet,frozen,selected,False,123,3,2025-01-27 01:00:00,2025-01-29 14:00:00,62,195.37,True,True,167.33006286621094,-3.165623818664323,164.1644390475466,0.0,0.1155769090000831,0.0,1.0
core_neuralprophet_frozen_s123,neuralprophet,frozen,selected,False,123,3,2025-01-27 01:00:00,2025-01-29 15:00:00,63,145.63,True,True,104.32205963134766,-3.165623818664323,101.15643581268333,0.0,0.1155769090000831,0.0,1.0
core_neuralprophet_frozen_s123,neuralprophet,frozen,selected,False,123,3,2025-01-27 01:00:00,2025-01-29 16:00:00,64,85.69,True,True,46.98812484741211,-3.165623818664323,43.82250102874779,0.0,0.1155769090000831,0.0,1.0
core_neuralprophet_frozen_s123,neuralprophet,frozen,selected,False,123,3,2025-01-27 01:00:00,2025-01-29 17:00:00,65,53.71,True,True,-18.66863250732422,-3.165623818664323,-21.83425632598854,0.0,0.1155769090000831,0.0,1.0
core_neuralprophet_frozen_s123,neuralprophet,frozen,selected,False,123,3,2025-01-27 01:00:00,2025-01-29 18:00:00,66,36.89,True,True,-24.84640884399414,-3.165623818664323,-28.012032662658463,0.0,0.1155769090000831,0.0,1.0
core_neuralprophet_frozen_s123,neuralprophet,frozen,selected,False,123,3,2025-01-27 01:00:00,2025-01-29 19:00:00,67,32.03,True,True,-12.49570369720459,-3.165623818664323,-15.661327515868912,0.0,0.1155769090000831,0.0,1.0
core_neuralprophet_frozen_s123,neuralprophet,frozen,selected,False,123,3,2025-01-27 01:00:00,2025-01-29 20:00:00,68,37.18,True,True,-21.72020530700684,-3.165623818664323,-24.88582912567116,0.0,0.1155769090000831,0.0,1.0
core_neuralprophet_frozen_s123,neuralprophet,frozen,selected,False,123,3,2025-01-27 01:00:00,2025-01-29 21:00:00,69,45.23,True,True,36.02299118041992,-3.165623818664323,32.8573673617556,0.0,0.1155769090000831,0.0,1.0
core_neuralprophet_frozen_s123,neuralprophet,frozen,selected,False,123,3,2025-01-27 01:00:00,2025-01-29 22:00:00,70,58.41,True,True,18.531795501708984,-3.165623818664323,15.366171683044662,0.0,0.1155769090000831,0.0,1.0
core_neuralprophet_frozen_s123,neuralprophet,frozen,selected,False,123,3,2025-01-27 01:00:00,2025-01-29 23:00:00,71,109.1,True,True,113.1250457763672,-3.165623818664323,109.95942195770287,0.0,0.1155769090000831,0.0,1.0
core_neuralprophet_frozen_s123,neuralprophet,frozen,selected,False,123,3,2025-01-27 01:00:00,2025-01-30 00:00:00,72,182.49,True,True,159.19076538085938,-3.165623818664323,156.02514156219505,0.0,0.1155769090000831,0.0,1.0
core_neuralprophet_frozen_s123,neuralprophet,frozen,selected,False,123,3,2025-01-27 01:00:00,2025-01-30 01:00:00,73,232.73,True,True,217.27085876464844,-3.165623818664323,214.1052349459841,0.0,0.1155769090000831,0.0,1.0
core_neuralprophet_frozen_s123,neuralprophet,frozen,selected,False,123,3,2025-01-27 01:00:00,2025-01-30 02:00:00,74,245.76,True,True,242.5395355224609,-3.165623818664323,239.37391170379658,0.0,0.1155769090000831,0.0,1.0
core_neuralprophet_frozen_s123,neuralprophet,frozen,selected,False,123,3,2025-01-27 01:00:00,2025-01-30 03:00:00,75,223.63,True,True,235.40464782714844,-3.165623818664323,232.2390240084841,0.0,0.1155769090000831,0.0,1.0
core_neuralprophet_frozen_s123,neuralprophet,frozen,selected,False,123,3,2025-01-27 01:00:00,2025-01-30 04:00:00,76,162.13,True,True,218.87110900878903,-3.165623818664323,215.7054851901247,0.0,0.1155769090000831,0.0,1.0
core_neuralprophet_frozen_s123,neuralprophet,frozen,selected,False,123,3,2025-01-27 01:00:00,2025-01-30 05:00:00,77,128.96,True,True,159.3719482421875,-3.165623818664323,156.20632442352317,0.0,0.1155769090000831,0.0,1.0
core_neuralprophet_frozen_s123,neuralprophet,frozen,selected,False,123,3,2025-01-27 01:00:00,2025-01-30 06:00:00,78,107.71,True,True,113.73395538330078,-3.165623818664323,110.56833156463645,0.0,0.1155769090000831,0.0,1.0
core_neuralprophet_frozen_s123,neuralprophet,frozen,selected,False,123,3,2025-01-27 01:00:00,2025-01-30 07:00:00,79,145.01,True,True,162.94119262695312,-3.165623818664323,159.7755688082888,0.0,0.1155769090000831,0.0,1.0
core_neuralprophet_frozen_s123,neuralprophet,frozen,selected,False,123,3,2025-01-27 01:00:00,2025-01-30 08:00:00,80,243.71,True,True,257.67462158203125,-3.165623818664323,254.50899776336692,0.0,0.1155769090000831,0.0,1.0
core_neuralprophet_frozen_s123,neuralprophet,frozen,selected,False,123,3,2025-01-27 01:00:00,2025-01-30 09:00:00,81,349.36,True,True,363.8208312988281,-3.165623818664323,360.6552074801638,0.0,0.1155769090000831,0.0,1.0
core_neuralprophet_frozen_s123,neuralprophet,frozen,selected,False,123,3,2025-01-27 01:00:00,2025-01-30 10:00:00,82,425.19,True,True,434.9244689941406,-3.165623818664323,431.7588451754763,0.0,0.1155769090000831,0.0,1.0
core_neuralprophet_frozen_s123,neuralprophet,frozen,selected,False,123,3,2025-01-27 01:00:00,2025-01-30 11:00:00,83,486.18,True,True,516.9749755859375,-3.165623818664323,513.8093517672731,0.0,0.1155769090000831,0.0,1.0
core_neuralprophet_frozen_s123,neuralprophet,frozen,selected,False,123,3,2025-01-27 01:00:00,2025-01-30 12:00:00,84,529.28,True,True,533.2293090820312,-3.165623818664323,530.0636852633669,0.0,0.1155769090000831,0.0,1.0
core_neuralprophet_frozen_s123,neuralprophet,frozen,selected,False,123,3,2025-01-27 01:00:00,2025-01-30 13:00:00,85,564.02,True,True,591.4381103515625,-3.165623818664323,588.2724865328981,0.0,0.1155769090000831,0.0,1.0
core_neuralprophet_frozen_s123,neuralprophet,frozen,selected,False,123,3,2025-01-27 01:00:00,2025-01-30 14:00:00,86,611.42,True,True,641.1683349609375,-3.165623818664323,638.0027111422731,0.0,0.1155769090000831,0.0,1.0
core_neuralprophet_frozen_s123,neuralprophet,frozen,selected,False,123,3,2025-01-27 01:00:00,2025-01-30 15:00:00,87,606.0,True,True,624.259033203125,-3.165623818664323,621.0934093844606,0.0,0.1155769090000831,0.0,1.0
core_neuralprophet_frozen_s123,neuralprophet,frozen,selected,False,123,3,2025-01-27 01:00:00,2025-01-30 16:00:00,88,553.55,True,True,562.8534545898438,-3.165623818664323,559.6878307711794,0.0,0.1155769090000831,0.0,1.0
core_neuralprophet_frozen_s123,neuralprophet,frozen,selected,False,123,3,2025-01-27 01:00:00,2025-01-30 17:00:00,89,500.44,True,True,513.574462890625,-3.165623818664323,510.4088390719607,0.0,0.1155769090000831,0.0,1.0
core_neuralprophet_frozen_s123,neuralprophet,frozen,selected,False,123,3,2025-01-27 01:00:00,2025-01-30 18:00:00,90,440.2,True,True,433.7585144042969,-3.165623818664323,430.5928905856326,0.0,0.1155769090000831,0.0,1.0
core_neuralprophet_frozen_s123,neuralprophet,frozen,selected,False,123,3,2025-01-27 01:00:00,2025-01-30 19:00:00,91,372.3,True,True,350.0281982421875,-3.165623818664323,346.8625744235232,0.0,0.1155769090000831,0.0,1.0
core_neuralprophet_frozen_s123,neuralprophet,frozen,selected,False,123,3,2025-01-27 01:00:00,2025-01-30 20:00:00,92,311.66,True,True,331.05792236328125,-3.165623818664323,327.89229854461695,0.0,0.1155769090000831,0.0,1.0
core_neuralprophet_frozen_s123,neuralprophet,frozen,selected,False,123,3,2025-01-27 01:00:00,2025-01-30 21:00:00,93,254.2,True,True,254.2974090576172,-3.165623818664323,251.13178523895286,0.0,0.1155769090000831,0.0,1.0
core_neuralprophet_frozen_s123,neuralprophet,frozen,selected,False,123,3,2025-01-27 01:00:00,2025-01-30 22:00:00,94,194.68,True,True,191.3965759277344,-3.165623818664323,188.23095210907007,0.0,0.1155769090000831,0.0,1.0
core_neuralprophet_frozen_s123,neuralprophet,frozen,selected,False,123,3,2025-01-27 01:00:00,2025-01-30 23:00:00,95,219.17,True,True,233.15090942382807,-3.165623818664323,229.98528560516374,0.0,0.1155769090000831,0.0,1.0
core_neuralprophet_frozen_s123,neuralprophet,frozen,selected,False,123,3,2025-01-27 01:00:00,2025-01-31 00:00:00,96,293.59,True,True,321.052490234375,-3.165623818664323,317.8868664157107,0.0,0.1155769090000831,0.0,1.0
core_neuralprophet_frozen_s123,neuralprophet,frozen,selected,False,123,3,2025-01-27 01:00:00,2025-01-31 01:00:00,97,334.49,True,True,342.0300598144531,-3.165623818664323,338.8644359957888,0.0,0.1155769090000831,0.0,1.0
core_neuralprophet_frozen_s123,neuralprophet,frozen,selected,False,123,3,2025-01-27 01:00:00,2025-01-31 02:00:00,98,319.02,True,True,336.42138671875,-3.165623818664323,333.2557629000857,0.0,0.1155769090000831,0.0,1.0
core_neuralprophet_frozen_s123,neuralprophet,frozen,selected,False,123,3,2025-01-27 01:00:00,2025-01-31 03:00:00,99,255.7,True,True,270.87139892578125,-3.165623818664323,267.70577510711695,0.0,0.1155769090000831,0.0,1.0
core_neuralprophet_frozen_s123,neuralprophet,frozen,selected,False,123,3,2025-01-27 01:00:00,2025-01-31 04:00:00,100,128.37,True,True,146.7855682373047,-3.165623818664323,143.61994441864036,0.0,0.1155769090000831,0.0,1.0
core_neuralprophet_frozen_s123,neuralprophet,frozen,selected,False,123,3,2025-01-27 01:00:00,2025-01-31 05:00:00,101,106.68,True,True,148.2424774169922,-3.165623818664323,145.07685359832786,0.0,0.1155769090000831,0.0,1.0
core_neuralprophet_frozen_s123,neuralprophet,frozen,selected,False,123,3,2025-01-27 01:00:00,2025-01-31 06:00:00,102,106.87,True,True,146.1467742919922,-3.165623818664323,142.98115047332786,0.0,0.1155769090000831,0.0,1.0
core_neuralprophet_frozen_s123,neuralprophet,frozen,selected,False,123,3,2025-01-27 01:00:00,2025-01-31 07:00:00,103,121.78,True,True,129.3910675048828,-3.165623818664323,126.22544368621848,0.0,0.1155769090000831,0.0,1.0
core_neuralprophet_frozen_s123,neuralprophet,frozen,selected,False,123,3,2025-01-27 01:00:00,2025-01-31 08:00:00,104,148.93,True,True,150.8712921142578,-3.165623818664323,147.70566829559348,0.0,0.1155769090000831,0.0,1.0
core_neuralprophet_frozen_s123,neuralprophet,frozen,selected,False,123,3,2025-01-27 01:00:00,2025-01-31 09:00:00,105,164.32,True,True,138.01943969726562,-3.165623818664323,134.8538158786013,0.0,0.1155769090000831,0.0,1.0
core_neuralprophet_frozen_s123,neuralprophet,frozen,selected,False,123,3,2025-01-27 01:00:00,2025-01-31 10:00:00,106,176.47,True,True,143.01646423339844,-3.165623818664323,139.8508404147341,0.0,0.1155769090000831,0.0,1.0
core_neuralprophet_frozen_s123,neuralprophet,frozen,selected,False,123,3,2025-01-27 01:00:00,2025-01-31 11:00:00,107,204.74,True,True,197.056884765625,-3.165623818664323,193.89126094696067,0.0,0.1155769090000831,0.0,1.0
core_neuralprophet_frozen_s123,neuralprophet,frozen,selected,False,123,3,2025-01-27 01:00:00,2025-01-31 12:00:00,108,237.05,True,True,221.21945190429688,-3.165623818664323,218.05382808563255,0.0,0.1155769090000831,0.0,1.0
core_neuralprophet_frozen_s123,neuralprophet,frozen,selected,False,123,3,2025-01-27 01:00:00,2025-01-31 13:00:00,109,259.57,True,True,275.27606201171875,-3.165623818664323,272.11043819305445,0.0,0.1155769090000831,0.0,1.0
core_neuralprophet_frozen_s123,neuralprophet,frozen,selected,False,123,3,2025-01-27 01:00:00,2025-01-31 14:00:00,110,296.35,True,True,306.6488952636719,-3.165623818664323,303.4832714450076,0.0,0.1155769090000831,0.0,1.0
core_neuralprophet_frozen_s123,neuralprophet,frozen,selected,False,123,3,2025-01-27 01:00:00,2025-01-31 15:00:00,111,321.23,True,True,319.2225952148437,-3.165623818664323,316.0569713961794,0.0,0.1155769090000831,0.0,1.0
core_neuralprophet_frozen_s123,neuralprophet,frozen,selected,False,123,3,2025-01-27 01:00:00,2025-01-31 16:00:00,112,312.55,True,True,308.4370422363281,-3.165623818664323,305.2714184176638,0.0,0.1155769090000831,0.0,1.0
core_neuralprophet_frozen_s123,neuralprophet,frozen,selected,False,123,3,2025-01-27 01:00:00,2025-01-31 17:00:00,113,280.14,True,True,258.4712829589844,-3.165623818664323,255.30565914032005,0.0,0.1155769090000831,0.0,1.0
core_neuralprophet_frozen_s123,neuralprophet,frozen,selected,False,123,3,2025-01-27 01:00:00,2025-01-31 18:00:00,114,249.81,True,True,229.50289916992188,-3.165623818664323,226.33727535125755,0.0,0.1155769090000831,0.0,1.0
core_neuralprophet_frozen_s123,neuralprophet,frozen,selected,False,123,3,2025-01-27 01:00:00,2025-01-31 19:00:00,115,227.14,True,True,205.47341918945312,-3.165623818664323,202.3077953707888,0.0,0.1155769090000831,0.0,1.0
core_neuralprophet_frozen_s123,neuralprophet,frozen,selected,False,123,3,2025-01-27 01:00:00,2025-01-31 20:00:00,116,195.36,True,True,226.51353454589844,-3.165623818664323,223.3479107272341,0.0,0.1155769090000831,0.0,1.0
core_neuralprophet_frozen_s123,neuralprophet,frozen,selected,False,123,3,2025-01-27 01:00:00,2025-01-31 21:00:00,117,156.86,True,True,163.7783660888672,-3.165623818664323,160.61274227020286,0.0,0.1155769090000831,0.0,1.0
core_neuralprophet_frozen_s123,neuralprophet,frozen,selected,False,123,3,2025-01-27 01:00:00,2025-01-31 22:00:00,118,129.94,True,True,156.7392578125,-3.165623818664323,153.57363399383567,0.0,0.1155769090000831,0.0,1.0
core_neuralprophet_frozen_s123,neuralprophet,frozen,selected,False,123,3,2025-01-27 01:00:00,2025-01-31 23:00:00,119,159.68,True,True,208.8148498535156,-3.165623818664323,205.64922603485127,0.0,0.1155769090000831,0.0,1.0
core_neuralprophet_frozen_s123,neuralprophet,frozen,selected,False,123,3,2025-01-27 01:00:00,2025-02-01 00:00:00,120,211.81,True,True,235.46246337890625,-3.165623818664323,232.29683956024192,0.0,0.1155769090000831,0.0,1.0
core_neuralprophet_frozen_s123,neuralprophet,frozen,selected,False,123,3,2025-01-27 01:00:00,2025-02-01 01:00:00,121,242.1,True,True,290.1531982421875,-3.165623818664323,286.9875744235232,0.0,0.1155769090000831,0.0,1.0
core_neuralprophet_frozen_s123,neuralprophet,frozen,selected,False,123,3,2025-01-27 01:00:00,2025-02-01 02:00:00,122,240.34,True,True,285.9075927734375,-3.165623818664323,282.7419689547732,0.0,0.1155769090000831,0.0,1.0
core_neuralprophet_frozen_s123,neuralprophet,frozen,selected,False,123,3,2025-01-27 01:00:00,2025-02-01 03:00:00,123,220.96,True,True,294.29949951171875,-3.165623818664323,291.13387569305445,0.0,0.1155769090000831,0.0,1.0
core_neuralprophet_frozen_s123,neuralprophet,frozen,selected,False,123,3,2025-01-27 01:00:00,2025-02-01 04:00:00,124,199.11,True,True,268.066650390625,-3.165623818664323,264.9010265719607,0.0,0.1155769090000831,0.0,1.0
core_neuralprophet_frozen_s123,neuralprophet,frozen,selected,False,123,3,2025-01-27 01:00:00,2025-02-01 05:00:00,125,189.78,True,True,264.6052551269531,-3.165623818664323,261.4396313082888,0.0,0.1155769090000831,0.0,1.0
core_neuralprophet_frozen_s123,neuralprophet,frozen,selected,False,123,3,2025-01-27 01:00:00,2025-02-01 06:00:00,126,167.94,True,True,264.3668212890625,-3.165623818664323,261.2011974703982,0.0,0.1155769090000831,0.0,1.0
core_neuralprophet_frozen_s123,neuralprophet,frozen,selected,False,123,3,2025-01-27 01:00:00,2025-02-01 07:00:00,127,146.11,True,True,241.9503173828125,-3.165623818664323,238.78469356414817,0.0,0.1155769090000831,0.0,1.0
core_neuralprophet_frozen_s123,neuralprophet,frozen,selected,False,123,3,2025-01-27 01:00:00,2025-02-01 08:00:00,128,137.39,True,True,203.0809631347656,-3.165623818664323,199.91533931610127,0.0,0.1155769090000831,0.0,1.0
core_neuralprophet_frozen_s123,neuralprophet,frozen,selected,False,123,3,2025-01-27 01:00:00,2025-02-01 09:00:00,129,138.12,True,True,165.9373016357422,-3.165623818664323,162.77167781707786,0.0,0.1155769090000831,0.0,1.0
core_neuralprophet_frozen_s123,neuralprophet,frozen,selected,False,123,3,2025-01-27 01:00:00,2025-02-01 10:00:00,130,157.66,True,True,184.43101501464844,-3.165623818664323,181.2653911959841,0.0,0.1155769090000831,0.0,1.0
core_neuralprophet_frozen_s123,neuralprophet,frozen,selected,False,123,3,2025-01-27 01:00:00,2025-02-01 11:00:00,131,200.63,True,True,203.003662109375,-3.165623818664323,199.83803829071067,0.0,0.1155769090000831,0.0,1.0
core_neuralprophet_frozen_s123,neuralprophet,frozen,selected,False,123,3,2025-01-27 01:00:00,2025-02-01 12:00:00,132,247.86,True,True,289.3150939941406,-3.165623818664323,286.1494701754763,0.0,0.1155769090000831,0.0,1.0
core_neuralprophet_frozen_s123,neuralprophet,frozen,selected,False,123,3,2025-01-27 01:00:00,2025-02-01 13:00:00,133,320.37,True,True,367.0921325683594,-3.165623818664323,363.9265087496951,0.0,0.1155769090000831,0.0,1.0
core_neuralprophet_frozen_s123,neuralprophet,frozen,selected,False,123,3,2025-01-27 01:00:00,2025-02-01 14:00:00,134,426.87,True,True,490.0194091796875,-3.165623818664323,486.8537853610232,0.0,0.1155769090000831,0.0,1.0
core_neuralprophet_frozen_s123,neuralprophet,frozen,selected,False,123,3,2025-01-27 01:00:00,2025-02-01 15:00:00,135,502.45,True,True,563.2033081054688,-3.165623818664323,560.0376842868044,0.0,0.1155769090000831,0.0,1.0
core_neuralprophet_frozen_s123,neuralprophet,frozen,selected,False,123,3,2025-01-27 01:00:00,2025-02-01 16:00:00,136,521.88,True,True,565.9100341796875,-3.165623818664323,562.7444103610231,0.0,0.1155769090000831,0.0,1.0
core_neuralprophet_frozen_s123,neuralprophet,frozen,selected,False,123,3,2025-01-27 01:00:00,2025-02-01 17:00:00,137,526.15,True,True,570.90234375,-3.165623818664323,567.7367199313356,0.0,0.1155769090000831,0.0,1.0
core_neuralprophet_frozen_s123,neuralprophet,frozen,selected,False,123,3,2025-01-27 01:00:00,2025-02-01 18:00:00,138,526.82,True,True,590.2021484375,-3.165623818664323,587.0365246188356,0.0,0.1155769090000831,0.0,1.0
core_neuralprophet_frozen_s123,neuralprophet,frozen,selected,False,123,3,2025-01-27 01:00:00,2025-02-01 19:00:00,139,506.91,True,True,530.0558471679688,-3.165623818664323,526.8902233493044,0.0,0.1155769090000831,0.0,1.0
core_neuralprophet_frozen_s123,neuralprophet,frozen,selected,False,123,3,2025-01-27 01:00:00,2025-02-01 20:00:00,140,467.43,True,True,482.5369873046875,-3.165623818664323,479.3713634860232,0.0,0.1155769090000831,0.0,1.0
core_neuralprophet_frozen_s123,neuralprophet,frozen,selected,False,123,3,2025-01-27 01:00:00,2025-02-01 21:00:00,141,422.28,True,True,458.9474182128906,-3.165623818664323,455.7817943942263,0.0,0.1155769090000831,0.0,1.0
core_neuralprophet_frozen_s123,neuralprophet,frozen,selected,False,123,3,2025-01-27 01:00:00,2025-02-01 22:00:00,142,372.48,True,True,425.90618896484375,-3.165623818664323,422.74056514617945,0.0,0.1155769090000831,0.0,1.0
core_neuralprophet_frozen_s123,neuralprophet,frozen,selected,False,123,3,2025-01-27 01:00:00,2025-02-01 23:00:00,143,364.71,True,True,384.5671691894531,-3.165623818664323,381.4015453707888,0.0,0.1155769090000831,0.0,1.0
core_neuralprophet_frozen_s123,neuralprophet,frozen,selected,False,123,3,2025-01-27 01:00:00,2025-02-02 00:00:00,144,381.4,True,True,436.615966796875,-3.165623818664323,433.4503429782107,0.0,0.1155769090000831,0.0,1.0
core_neuralprophet_frozen_s123,neuralprophet,frozen,selected,False,123,3,2025-01-27 01:00:00,2025-02-02 01:00:00,145,343.87,True,True,377.2638549804688,-3.165623818664323,374.0982311618045,0.0,0.1155769090000831,0.0,1.0
core_neuralprophet_frozen_s123,neuralprophet,frozen,selected,False,123,3,2025-01-27 01:00:00,2025-02-02 02:00:00,146,222.08,True,True,271.45166015625,-3.165623818664323,268.2860363375857,0.0,0.1155769090000831,0.0,1.0
core_neuralprophet_frozen_s123,neuralprophet,frozen,selected,False,123,3,2025-01-27 01:00:00,2025-02-02 03:00:00,147,95.01,True,True,129.85662841796875,-3.165623818664323,126.69100459930442,0.0,0.1155769090000831,0.0,1.0
core_neuralprophet_frozen_s123,neuralprophet,frozen,selected,False,123,3,2025-01-27 01:00:00,2025-02-02 04:00:00,148,18.71,True,True,62.04758834838867,-3.165623818664323,58.88196452972435,0.0,0.1155769090000831,0.0,1.0
core_neuralprophet_frozen_s123,neuralprophet,frozen,selected,False,123,3,2025-01-27 01:00:00,2025-02-02 05:00:00,149,10.31,True,True,73.9962158203125,-3.165623818664323,70.83059200164817,0.0,0.1155769090000831,0.0,1.0
core_neuralprophet_frozen_s123,neuralprophet,frozen,selected,False,123,3,2025-01-27 01:00:00,2025-02-02 06:00:00,150,9.09,True,True,26.902706146240234,-3.165623818664323,23.737082327575912,0.0,0.1155769090000831,0.0,1.0
core_neuralprophet_frozen_s123,neuralprophet,frozen,selected,False,123,3,2025-01-27 01:00:00,2025-02-02 07:00:00,151,9.79,True,True,25.81088638305664,-3.165623818664323,22.64526256439232,0.0,0.1155769090000831,0.0,1.0
core_neuralprophet_frozen_s123,neuralprophet,frozen,selected,False,123,3,2025-01-27 01:00:00,2025-02-02 08:00:00,152,12.6,True,True,29.254262924194336,-3.165623818664323,26.088639105530014,0.0,0.1155769090000831,0.0,1.0
core_neuralprophet_frozen_s123,neuralprophet,frozen,selected,False,123,3,2025-01-27 01:00:00,2025-02-02 09:00:00,153,15.33,True,True,11.46557903289795,-3.165623818664323,8.299955214233627,0.0,0.1155769090000831,0.0,1.0
core_neuralprophet_frozen_s123,neuralprophet,frozen,selected,False,123,3,2025-01-27 01:00:00,2025-02-02 10:00:00,154,18.29,True,True,19.765764236450195,-3.165623818664323,16.600140417785873,0.0,0.1155769090000831,0.0,1.0
core_neuralprophet_frozen_s123,neuralprophet,frozen,selected,False,123,3,2025-01-27 01:00:00,2025-02-02 11:00:00,155,23.83,True,True,-19.55735969543457,-3.165623818664323,-22.722983514098892,0.0,0.1155769090000831,0.0,1.0
core_neuralprophet_frozen_s123,neuralprophet,frozen,selected,False,123,3,2025-01-27 01:00:00,2025-02-02 12:00:00,156,29.43,True,True,0.7267149090766907,-3.165623818664323,-2.4389089095876324,0.0,0.1155769090000831,0.0,1.0
core_neuralprophet_frozen_s123,neuralprophet,frozen,selected,False,123,3,2025-01-27 01:00:00,2025-02-02 13:00:00,157,31.91,True,True,2.082449436187744,-3.165623818664323,-1.083174382476579,0.0,0.1155769090000831,0.0,1.0
core_neuralprophet_frozen_s123,neuralprophet,frozen,selected,False,123,3,2025-01-27 01:00:00,2025-02-02 14:00:00,158,33.06,True,True,27.94241714477539,-3.165623818664323,24.77679332611107,0.0,0.1155769090000831,0.0,1.0
core_neuralprophet_frozen_s123,neuralprophet,frozen,selected,False,123,3,2025-01-27 01:00:00,2025-02-02 15:00:00,159,29.21,True,True,-22.74939727783203,-3.165623818664323,-25.915021096496353,0.0,0.1155769090000831,0.0,1.0
core_neuralprophet_frozen_s123,neuralprophet,frozen,selected,False,123,3,2025-01-27 01:00:00,2025-02-02 16:00:00,160,19.38,True,True,0.8584253787994385,-3.165623818664323,-2.3071984398648846,0.0,0.1155769090000831,0.0,1.0
core_neuralprophet_frozen_s123,neuralprophet,frozen,selected,False,123,3,2025-01-27 01:00:00,2025-02-02 17:00:00,161,15.9,True,True,-9.400075912475586,-3.165623818664323,-12.565699731139908,0.0,0.1155769090000831,0.0,1.0
core_neuralprophet_frozen_s123,neuralprophet,frozen,selected,False,123,3,2025-01-27 01:00:00,2025-02-02 18:00:00,162,14.32,True,True,-20.025270462036133,-3.165623818664323,-23.190894280700455,0.0,0.1155769090000831,0.0,1.0
core_neuralprophet_frozen_s123,neuralprophet,frozen,selected,False,123,3,2025-01-27 01:00:00,2025-02-02 19:00:00,163,13.38,True,True,-9.11265468597412,-3.165623818664323,-12.278278504638443,0.0,0.1155769090000831,0.0,1.0
core_neuralprophet_frozen_s123,neuralprophet,frozen,selected,False,123,3,2025-01-27 01:00:00,2025-02-02 20:00:00,164,15.11,True,True,-8.73215389251709,-3.165623818664323,-11.897777711181412,0.0,0.1155769090000831,0.0,1.0
core_neuralprophet_frozen_s123,neuralprophet,frozen,selected,False,123,3,2025-01-27 01:00:00,2025-02-02 21:00:00,165,17.57,True,True,-0.1958338618278503,-3.165623818664323,-3.3614576804921734,0.0,0.1155769090000831,0.0,1.0
core_neuralprophet_frozen_s123,neuralprophet,frozen,selected,False,123,3,2025-01-27 01:00:00,2025-02-02 22:00:00,166,21.83,True,True,34.928829193115234,-3.165623818664323,31.763205374450912,0.0,0.1155769090000831,0.0,1.0
core_neuralprophet_frozen_s123,neuralprophet,frozen,selected,False,123,3,2025-01-27 01:00:00,2025-02-02 23:00:00,167,36.86,True,True,15.069391250610352,-3.165623818664323,11.90376743194603,0.0,0.1155769090000831,0.0,1.0
core_neuralprophet_frozen_s123,neuralprophet,frozen,selected,False,123,3,2025-01-27 01:00:00,2025-02-03 00:00:00,168,51.7,True,True,54.43056869506836,-3.165623818664323,51.26494487640404,0.0,0.1155769090000831,0.0,1.0
core_neuralprophet_frozen_s123,neuralprophet,frozen,selected,False,123,4,2025-02-03 01:00:00,2025-02-03 01:00:00,1,55.42,True,True,62.99712371826172,-9.511721539696058,53.485402178565664,0.0,0.1154572910018032,0.0,1.0
core_neuralprophet_frozen_s123,neuralprophet,frozen,selected,False,123,4,2025-02-03 01:00:00,2025-02-03 02:00:00,2,43.6,True,True,32.57981872558594,-9.511721539696058,23.06809718588988,0.0,0.1154572910018032,0.0,1.0
core_neuralprophet_frozen_s123,neuralprophet,frozen,selected,False,123,4,2025-02-03 01:00:00,2025-02-03 03:00:00,3,28.53,True,True,19.56651306152344,-9.511721539696058,10.054791521827383,0.0,0.1154572910018032,0.0,1.0
core_neuralprophet_frozen_s123,neuralprophet,frozen,selected,False,123,4,2025-02-03 01:00:00,2025-02-03 04:00:00,4,17.01,True,True,19.50384330749512,-9.511721539696058,9.992121767799063,0.0,0.1154572910018032,0.0,1.0
core_neuralprophet_frozen_s123,neuralprophet,frozen,selected,False,123,4,2025-02-03 01:00:00,2025-02-03 05:00:00,5,14.43,True,True,10.638104438781738,-9.511721539696058,1.1263828990856801,0.0,0.1154572910018032,0.0,1.0
core_neuralprophet_frozen_s123,neuralprophet,frozen,selected,False,123,4,2025-02-03 01:00:00,2025-02-03 06:00:00,6,12.54,True,True,25.402029037475582,-9.511721539696058,15.890307497779524,0.0,0.1154572910018032,0.0,1.0
core_neuralprophet_frozen_s123,neuralprophet,frozen,selected,False,123,4,2025-02-03 01:00:00,2025-02-03 07:00:00,7,12.41,True,True,13.107994079589844,-9.511721539696058,3.5962725398937856,0.0,0.1154572910018032,0.0,1.0
core_neuralprophet_frozen_s123,neuralprophet,frozen,selected,False,123,4,2025-02-03 01:00:00,2025-02-03 08:00:00,8,14.61,True,True,22.107458114624023,-9.511721539696058,12.595736574927965,0.0,0.1154572910018032,0.0,1.0
core_neuralprophet_frozen_s123,neuralprophet,frozen,selected,False,123,4,2025-02-03 01:00:00,2025-02-03 09:00:00,9,17.2,True,True,16.34137535095215,-9.511721539696058,6.82965381125609,0.0,0.1154572910018032,0.0,1.0
core_neuralprophet_frozen_s123,neuralprophet,frozen,selected,False,123,4,2025-02-03 01:00:00,2025-02-03 10:00:00,10,19.84,True,True,20.5693416595459,-9.511721539696058,11.05762011984984,0.0,0.1154572910018032,0.0,1.0
core_neuralprophet_frozen_s123,neuralprophet,frozen,selected,False,123,4,2025-02-03 01:00:00,2025-02-03 11:00:00,11,24.81,True,True,22.346837997436523,-9.511721539696058,12.835116457740465,0.0,0.1154572910018032,0.0,1.0
core_neuralprophet_frozen_s123,neuralprophet,frozen,selected,False,123,4,2025-02-03 01:00:00,2025-02-03 12:00:00,12,29.45,True,True,12.31399154663086,-9.511721539696058,2.802270006934801,0.0,0.1154572910018032,0.0,1.0
core_neuralprophet_frozen_s123,neuralprophet,frozen,selected,False,123,4,2025-02-03 01:00:00,2025-02-03 13:00:00,13,32.74,True,True,4.910998821258545,-9.511721539696058,-4.600722718437513,0.0,0.1154572910018032,0.0,1.0
core_neuralprophet_frozen_s123,neuralprophet,frozen,selected,False,123,4,2025-02-03 01:00:00,2025-02-03 14:00:00,14,38.83,True,True,-3.5870606899261475,-9.511721539696058,-13.098782229622206,0.0,0.1154572910018032,0.0,1.0
core_neuralprophet_frozen_s123,neuralprophet,frozen,selected,False,123,4,2025-02-03 01:00:00,2025-02-03 15:00:00,15,38.19,True,True,-0.4361181855201721,-9.511721539696058,-9.94783972521623,0.0,0.1154572910018032,0.0,1.0
core_neuralprophet_frozen_s123,neuralprophet,frozen,selected,False,123,4,2025-02-03 01:00:00,2025-02-03 16:00:00,16,28.18,True,True,-7.5533342361450195,-9.511721539696058,-17.065055775841078,0.0,0.1154572910018032,0.0,1.0
core_neuralprophet_frozen_s123,neuralprophet,frozen,selected,False,123,4,2025-02-03 01:00:00,2025-02-03 17:00:00,17,22.91,True,True,-12.661564826965332,-9.511721539696058,-22.17328636666139,0.0,0.1154572910018032,0.0,1.0
core_neuralprophet_frozen_s123,neuralprophet,frozen,selected,False,123,4,2025-02-03 01:00:00,2025-02-03 18:00:00,18,21.8,True,True,-13.979984283447266,-9.511721539696058,-23.491705823143324,0.0,0.1154572910018032,0.0,1.0
core_neuralprophet_frozen_s123,neuralprophet,frozen,selected,False,123,4,2025-02-03 01:00:00,2025-02-03 19:00:00,19,22.49,True,True,-2.6698951721191406,-9.511721539696058,-12.181616711815199,0.0,0.1154572910018032,0.0,1.0
core_neuralprophet_frozen_s123,neuralprophet,frozen,selected,False,123,4,2025-02-03 01:00:00,2025-02-03 20:00:00,20,24.92,True,True,2.1897904872894287,-9.511721539696058,-7.3219310524066294,0.0,0.1154572910018032,0.0,1.0
core_neuralprophet_frozen_s123,neuralprophet,frozen,selected,False,123,4,2025-02-03 01:00:00,2025-02-03 21:00:00,21,28.28,True,True,2.6658384799957275,-9.511721539696058,-6.845883059700331,0.0,0.1154572910018032,0.0,1.0
core_neuralprophet_frozen_s123,neuralprophet,frozen,selected,False,123,4,2025-02-03 01:00:00,2025-02-03 22:00:00,22,34.36,True,True,12.581645965576172,-9.511721539696058,3.0699244258801137,0.0,0.1154572910018032,0.0,1.0
core_neuralprophet_frozen_s123,neuralprophet,frozen,selected,False,123,4,2025-02-03 01:00:00,2025-02-03 23:00:00,23,60.44,True,True,38.61347579956055,-9.511721539696058,29.10175425986449,0.0,0.1154572910018032,0.0,1.0
core_neuralprophet_frozen_s123,neuralprophet,frozen,selected,False,123,4,2025-02-03 01:00:00,2025-02-04 00:00:00,24,93.43,True,True,71.50637817382812,-9.511721539696058,61.99465663413207,0.0,0.1154572910018032,0.0,1.0
core_neuralprophet_frozen_s123,neuralprophet,frozen,selected,False,123,4,2025-02-03 01:00:00,2025-02-04 01:00:00,25,123.06,True,True,81.81647491455078,-9.511721539696058,72.30475337485473,0.0,0.1154572910018032,0.0,1.0
core_neuralprophet_frozen_s123,neuralprophet,frozen,selected,False,123,4,2025-02-03 01:00:00,2025-02-04 02:00:00,26,162.76,True,True,129.99420166015625,-9.511721539696058,120.4824801204602,0.0,0.1154572910018032,0.0,1.0
core_neuralprophet_frozen_s123,neuralprophet,frozen,selected,False,123,4,2025-02-03 01:00:00,2025-02-04 03:00:00,27,212.93,True,True,189.24224853515625,-9.511721539696058,179.7305269954602,0.0,0.1154572910018032,0.0,1.0
core_neuralprophet_frozen_s123,neuralprophet,frozen,selected,False,123,4,2025-02-03 01:00:00,2025-02-04 04:00:00,28,208.66,True,True,187.8091735839844,-9.511721539696058,178.29745204428835,0.0,0.1154572910018032,0.0,1.0
core_neuralprophet_frozen_s123,neuralprophet,frozen,selected,False,123,4,2025-02-03 01:00:00,2025-02-04 05:00:00,29,113.94,True,True,121.21956634521484,-9.511721539696058,111.70784480551879,0.0,0.1154572910018032,0.0,1.0
core_neuralprophet_frozen_s123,neuralprophet,frozen,selected,False,123,4,2025-02-03 01:00:00,2025-02-04 06:00:00,30,40.29,True,True,31.07184600830078,-9.511721539696058,21.560124468604723,0.0,0.1154572910018032,0.0,1.0
core_neuralprophet_frozen_s123,neuralprophet,frozen,selected,False,123,4,2025-02-03 01:00:00,2025-02-04 07:00:00,31,16.86,True,True,-6.031713485717773,-9.511721539696058,-15.543435025413832,0.0,0.1154572910018032,0.0,1.0
core_neuralprophet_frozen_s123,neuralprophet,frozen,selected,False,123,4,2025-02-03 01:00:00,2025-02-04 08:00:00,32,15.84,True,True,7.068050861358643,-9.511721539696058,-2.4436706783374156,0.0,0.1154572910018032,0.0,1.0
core_neuralprophet_frozen_s123,neuralprophet,frozen,selected,False,123,4,2025-02-03 01:00:00,2025-02-04 09:00:00,33,15.42,True,True,13.263273239135742,-9.511721539696058,3.751551699439684,0.0,0.1154572910018032,0.0,1.0
core_neuralprophet_frozen_s123,neuralprophet,frozen,selected,False,123,4,2025-02-03 01:00:00,2025-02-04 10:00:00,34,16.0,True,True,11.32766342163086,-9.511721539696058,1.8159418819348012,0.0,0.1154572910018032,0.0,1.0
core_neuralprophet_frozen_s123,neuralprophet,frozen,selected,False,123,4,2025-02-03 01:00:00,2025-02-04 11:00:00,35,17.62,True,True,1.9225475788116453,-9.511721539696058,-7.589173960884413,0.0,0.1154572910018032,0.0,1.0
core_neuralprophet_frozen_s123,neuralprophet,frozen,selected,False,123,4,2025-02-03 01:00:00,2025-02-04 12:00:00,36,18.73,True,True,-0.8008802533149719,-9.511721539696058,-10.31260179301103,0.0,0.1154572910018032,0.0,1.0
core_neuralprophet_frozen_s123,neuralprophet,frozen,selected,False,123,4,2025-02-03 01:00:00,2025-02-04 13:00:00,37,18.81,True,True,-16.034339904785156,-9.511721539696058,-25.546061444481214,0.0,0.1154572910018032,0.0,1.0
core_neuralprophet_frozen_s123,neuralprophet,frozen,selected,False,123,4,2025-02-03 01:00:00,2025-02-04 14:00:00,38,21.06,True,True,-3.1115877628326416,-9.511721539696058,-12.6233093025287,0.0,0.1154572910018032,0.0,1.0
core_neuralprophet_frozen_s123,neuralprophet,frozen,selected,False,123,4,2025-02-03 01:00:00,2025-02-04 15:00:00,39,19.95,True,True,-22.390140533447266,-9.511721539696058,-31.901862073143324,0.0,0.1154572910018032,0.0,1.0
core_neuralprophet_frozen_s123,neuralprophet,frozen,selected,False,123,4,2025-02-03 01:00:00,2025-02-04 16:00:00,40,15.03,True,True,-22.402881622314453,-9.511721539696058,-31.91460316201051,0.0,0.1154572910018032,0.0,1.0
core_neuralprophet_frozen_s123,neuralprophet,frozen,selected,False,123,4,2025-02-03 01:00:00,2025-02-04 17:00:00,41,15.73,True,True,-11.475964546203612,-9.511721539696058,-20.987686085899668,0.0,0.1154572910018032,0.0,1.0
core_neuralprophet_frozen_s123,neuralprophet,frozen,selected,False,123,4,2025-02-03 01:00:00,2025-02-04 18:00:00,42,18.61,True,True,8.43977165222168,-9.511721539696058,-1.0719498874743785,0.0,0.1154572910018032,0.0,1.0
core_neuralprophet_frozen_s123,neuralprophet,frozen,selected,False,123,4,2025-02-03 01:00:00,2025-02-04 19:00:00,43,30.82,True,True,22.448137283325195,-9.511721539696058,12.936415743629137,0.0,0.1154572910018032,0.0,1.0
core_neuralprophet_frozen_s123,neuralprophet,frozen,selected,False,123,4,2025-02-03 01:00:00,2025-02-04 20:00:00,44,54.86,True,True,76.3148193359375,-9.511721539696058,66.80309779624145,0.0,0.1154572910018032,0.0,1.0
core_neuralprophet_frozen_s123,neuralprophet,frozen,selected,False,123,4,2025-02-03 01:00:00,2025-02-04 21:00:00,45,80.88,True,True,85.7242431640625,-9.511721539696058,76.21252162436645,0.0,0.1154572910018032,0.0,1.0
core_neuralprophet_frozen_s123,neuralprophet,frozen,selected,False,123,4,2025-02-03 01:00:00,2025-02-04 22:00:00,46,112.64,True,True,123.91100311279295,-9.511721539696058,114.3992815730969,0.0,0.1154572910018032,0.0,1.0
core_neuralprophet_frozen_s123,neuralprophet,frozen,selected,False,123,4,2025-02-03 01:00:00,2025-02-04 23:00:00,47,169.75,True,True,182.1549072265625,-9.511721539696058,172.64318568686645,0.0,0.1154572910018032,0.0,1.0
core_neuralprophet_frozen_s123,neuralprophet,frozen,selected,False,123,4,2025-02-03 01:00:00,2025-02-05 00:00:00,48,167.55,True,True,186.607421875,-9.511721539696058,177.09570033530395,0.0,0.1154572910018032,0.0,1.0
core_neuralprophet_frozen_s123,neuralprophet,frozen,selected,False,123,4,2025-02-03 01:00:00,2025-02-05 01:00:00,49,117.83,True,True,115.77840423583984,-9.511721539696058,106.26668269614379,0.0,0.1154572910018032,0.0,1.0
core_neuralprophet_frozen_s123,neuralprophet,frozen,selected,False,123,4,2025-02-03 01:00:00,2025-02-05 02:00:00,50,99.61,True,True,84.002685546875,-9.511721539696058,74.49096400717895,0.0,0.1154572910018032,0.0,1.0
core_neuralprophet_frozen_s123,neuralprophet,frozen,selected,False,123,4,2025-02-03 01:00:00,2025-02-05 03:00:00,51,68.83,True,True,38.00777053833008,-9.511721539696058,28.49604899863402,0.0,0.1154572910018032,0.0,1.0
core_neuralprophet_frozen_s123,neuralprophet,frozen,selected,False,123,4,2025-02-03 01:00:00,2025-02-05 04:00:00,52,33.97,True,True,35.19011306762695,-9.511721539696058,25.678391527930895,0.0,0.1154572910018032,0.0,1.0
core_neuralprophet_frozen_s123,neuralprophet,frozen,selected,False,123,4,2025-02-03 01:00:00,2025-02-05 05:00:00,53,24.15,True,True,24.517986297607425,-9.511721539696058,15.006264757911367,0.0,0.1154572910018032,0.0,1.0
core_neuralprophet_frozen_s123,neuralprophet,frozen,selected,False,123,4,2025-02-03 01:00:00,2025-02-05 06:00:00,54,20.67,True,True,19.610958099365234,-9.511721539696058,10.099236559669176,0.0,0.1154572910018032,0.0,1.0
core_neuralprophet_frozen_s123,neuralprophet,frozen,selected,False,123,4,2025-02-03 01:00:00,2025-02-05 07:00:00,55,26.18,True,True,28.95182228088379,-9.511721539696058,19.44010074118773,0.0,0.1154572910018032,0.0,1.0
core_neuralprophet_frozen_s123,neuralprophet,frozen,selected,False,123,4,2025-02-03 01:00:00,2025-02-05 08:00:00,56,46.05,True,True,55.89104461669922,-9.511721539696058,46.379323077003164,0.0,0.1154572910018032,0.0,1.0
core_neuralprophet_frozen_s123,neuralprophet,frozen,selected,False,123,4,2025-02-03 01:00:00,2025-02-05 09:00:00,57,69.12,True,True,83.6837387084961,-9.511721539696058,74.17201716880004,0.0,0.1154572910018032,0.0,1.0
core_neuralprophet_frozen_s123,neuralprophet,frozen,selected,False,123,4,2025-02-03 01:00:00,2025-02-05 10:00:00,58,96.72,True,True,108.3482894897461,-9.511721539696058,98.83656795005004,0.0,0.1154572910018032,0.0,1.0
core_neuralprophet_frozen_s123,neuralprophet,frozen,selected,False,123,4,2025-02-03 01:00:00,2025-02-05 11:00:00,59,132.75,True,True,149.79185485839844,-9.511721539696058,140.28013331870238,0.0,0.1154572910018032,0.0,1.0
core_neuralprophet_frozen_s123,neuralprophet,frozen,selected,False,123,4,2025-02-03 01:00:00,2025-02-05 12:00:00,60,159.49,True,True,175.82594299316406,-9.511721539696058,166.314221453468,0.0,0.1154572910018032,0.0,1.0
core_neuralprophet_frozen_s123,neuralprophet,frozen,selected,False,123,4,2025-02-03 01:00:00,2025-02-05 13:00:00,61,209.95,True,True,223.2228546142578,-9.511721539696058,213.71113307456176,0.0,0.1154572910018032,0.0,1.0
core_neuralprophet_frozen_s123,neuralprophet,frozen,selected,False,123,4,2025-02-03 01:00:00,2025-02-05 14:00:00,62,299.41,True,True,294.4821472167969,-9.511721539696058,284.9704256771008,0.0,0.1154572910018032,0.0,1.0
core_neuralprophet_frozen_s123,neuralprophet,frozen,selected,False,123,4,2025-02-03 01:00:00,2025-02-05 15:00:00,63,349.95,True,True,341.81280517578125,-9.511721539696058,332.3010836360852,0.0,0.1154572910018032,0.0,1.0
core_neuralprophet_frozen_s123,neuralprophet,frozen,selected,False,123,4,2025-02-03 01:00:00,2025-02-05 16:00:00,64,339.88,True,True,348.2115173339844,-9.511721539696058,338.6997957942883,0.0,0.1154572910018032,0.0,1.0
core_neuralprophet_frozen_s123,neuralprophet,frozen,selected,False,123,4,2025-02-03 01:00:00,2025-02-05 17:00:00,65,325.53,True,True,315.5501403808594,-9.511721539696058,306.0384188411633,0.0,0.1154572910018032,0.0,1.0
core_neuralprophet_frozen_s123,neuralprophet,frozen,selected,False,123,4,2025-02-03 01:00:00,2025-02-05 18:00:00,66,321.12,True,True,315.4671325683594,-9.511721539696058,305.9554110286633,0.0,0.1154572910018032,0.0,1.0
core_neuralprophet_frozen_s123,neuralprophet,frozen,selected,False,123,4,2025-02-03 01:00:00,2025-02-05 19:00:00,67,310.07,True,True,327.0173034667969,-9.511721539696058,317.5055819271008,0.0,0.1154572910018032,0.0,1.0
core_neuralprophet_frozen_s123,neuralprophet,frozen,selected,False,123,4,2025-02-03 01:00:00,2025-02-05 20:00:00,68,279.94,True,True,281.0155334472656,-9.511721539696058,271.50381190756957,0.0,0.1154572910018032,0.0,1.0
core_neuralprophet_frozen_s123,neuralprophet,frozen,selected,False,123,4,2025-02-03 01:00:00,2025-02-05 21:00:00,69,232.13,True,True,247.5238342285156,-9.511721539696058,238.01211268881954,0.0,0.1154572910018032,0.0,1.0
core_neuralprophet_frozen_s123,neuralprophet,frozen,selected,False,123,4,2025-02-03 01:00:00,2025-02-05 22:00:00,70,164.48,True,True,177.91806030273438,-9.511721539696058,168.40633876303832,0.0,0.1154572910018032,0.0,1.0
core_neuralprophet_frozen_s123,neuralprophet,frozen,selected,False,123,4,2025-02-03 01:00:00,2025-02-05 23:00:00,71,145.31,True,True,155.609130859375,-9.511721539696058,146.09740931967895,0.0,0.1154572910018032,0.0,1.0
core_neuralprophet_frozen_s123,neuralprophet,frozen,selected,False,123,4,2025-02-03 01:00:00,2025-02-06 00:00:00,72,124.31,True,True,121.88816833496094,-9.511721539696058,112.37644679526488,0.0,0.1154572910018032,0.0,1.0
core_neuralprophet_frozen_s123,neuralprophet,frozen,selected,False,123,4,2025-02-03 01:00:00,2025-02-06 01:00:00,73,64.01,True,True,65.91959381103516,-9.511721539696058,56.4078722713391,0.0,0.1154572910018032,0.0,1.0
core_neuralprophet_frozen_s123,neuralprophet,frozen,selected,False,123,4,2025-02-03 01:00:00,2025-02-06 02:00:00,74,51.25,True,True,46.67612838745117,-9.511721539696058,37.16440684775512,0.0,0.1154572910018032,0.0,1.0
core_neuralprophet_frozen_s123,neuralprophet,frozen,selected,False,123,4,2025-02-03 01:00:00,2025-02-06 03:00:00,75,42.05,True,True,30.58024406433105,-9.511721539696058,21.068522524634993,0.0,0.1154572910018032,0.0,1.0
core_neuralprophet_frozen_s123,neuralprophet,frozen,selected,False,123,4,2025-02-03 01:00:00,2025-02-06 04:00:00,76,28.94,True,True,36.42293167114258,-9.511721539696058,26.91121013144652,0.0,0.1154572910018032,0.0,1.0
core_neuralprophet_frozen_s123,neuralprophet,frozen,selected,False,123,4,2025-02-03 01:00:00,2025-02-06 05:00:00,77,17.66,True,True,25.808914184570312,-9.511721539696058,16.297192644874254,0.0,0.1154572910018032,0.0,1.0
core_neuralprophet_frozen_s123,neuralprophet,frozen,selected,False,123,4,2025-02-03 01:00:00,2025-02-06 06:00:00,78,11.63,True,True,16.440250396728516,-9.511721539696058,6.9285288570324575,0.0,0.1154572910018032,0.0,1.0
core_neuralprophet_frozen_s123,neuralprophet,frozen,selected,False,123,4,2025-02-03 01:00:00,2025-02-06 07:00:00,79,8.2,True,True,4.4626078605651855,-9.511721539696058,-5.049113679130873,0.0,0.1154572910018032,0.0,1.0
core_neuralprophet_frozen_s123,neuralprophet,frozen,selected,False,123,4,2025-02-03 01:00:00,2025-02-06 08:00:00,80,7.68,True,True,10.816601753234863,-9.511721539696058,1.3048802135388051,0.0,0.1154572910018032,0.0,1.0
core_neuralprophet_frozen_s123,neuralprophet,frozen,selected,False,123,4,2025-02-03 01:00:00,2025-02-06 09:00:00,81,7.48,True,True,6.39671802520752,-9.511721539696058,-3.1150035144885377,0.0,0.1154572910018032,0.0,1.0
core_neuralprophet_frozen_s123,neuralprophet,frozen,selected,False,123,4,2025-02-03 01:00:00,2025-02-06 10:00:00,82,7.78,True,True,-15.709501266479492,-9.511721539696058,-25.22122280617555,0.0,0.1154572910018032,0.0,1.0
core_neuralprophet_frozen_s123,neuralprophet,frozen,selected,False,123,4,2025-02-03 01:00:00,2025-02-06 11:00:00,83,9.8,True,True,-10.09908676147461,-9.511721539696058,-19.610808301170668,0.0,0.1154572910018032,0.0,1.0
core_neuralprophet_frozen_s123,neuralprophet,frozen,selected,False,123,4,2025-02-03 01:00:00,2025-02-06 12:00:00,84,11.15,True,True,-14.138262748718262,-9.511721539696058,-23.64998428841432,0.0,0.1154572910018032,0.0,1.0
core_neuralprophet_frozen_s123,neuralprophet,frozen,selected,False,123,4,2025-02-03 01:00:00,2025-02-06 13:00:00,85,11.4,True,True,-13.987844467163086,-9.511721539696058,-23.499566006859144,0.0,0.1154572910018032,0.0,1.0
core_neuralprophet_frozen_s123,neuralprophet,frozen,selected,False,123,4,2025-02-03 01:00:00,2025-02-06 14:00:00,86,12.78,True,True,-13.27505588531494,-9.511721539696058,-22.786777425010996,0.0,0.1154572910018032,0.0,1.0
core_neuralprophet_frozen_s123,neuralprophet,frozen,selected,False,123,4,2025-02-03 01:00:00,2025-02-06 15:00:00,87,11.88,True,True,-12.008138656616213,-9.511721539696058,-21.519860196312273,0.0,0.1154572910018032,0.0,1.0
core_neuralprophet_frozen_s123,neuralprophet,frozen,selected,False,123,4,2025-02-03 01:00:00,2025-02-06 16:00:00,88,7.67,True,True,-19.651836395263672,-9.511721539696058,-29.16355793495973,0.0,0.1154572910018032,0.0,1.0
core_neuralprophet_frozen_s123,neuralprophet,frozen,selected,False,123,4,2025-02-03 01:00:00,2025-02-06 17:00:00,89,6.63,True,True,-18.028305053710938,-9.511721539696058,-27.540026593406996,0.0,0.1154572910018032,0.0,1.0
core_neuralprophet_frozen_s123,neuralprophet,frozen,selected,False,123,4,2025-02-03 01:00:00,2025-02-06 18:00:00,90,6.79,True,True,-0.3177637457847595,-9.511721539696058,-9.829485285480818,0.0,0.1154572910018032,0.0,1.0
core_neuralprophet_frozen_s123,neuralprophet,frozen,selected,False,123,4,2025-02-03 01:00:00,2025-02-06 19:00:00,91,7.07,True,True,0.2170712947845459,-9.511721539696058,-9.294650244911512,0.0,0.1154572910018032,0.0,1.0
core_neuralprophet_frozen_s123,neuralprophet,frozen,selected,False,123,4,2025-02-03 01:00:00,2025-02-06 20:00:00,92,7.5,True,True,21.93941879272461,-9.511721539696058,12.427697253028551,0.0,0.1154572910018032,0.0,1.0
core_neuralprophet_frozen_s123,neuralprophet,frozen,selected,False,123,4,2025-02-03 01:00:00,2025-02-06 21:00:00,93,8.33,True,True,25.29255104064941,-9.511721539696058,15.780829500953352,0.0,0.1154572910018032,0.0,1.0
core_neuralprophet_frozen_s123,neuralprophet,frozen,selected,False,123,4,2025-02-03 01:00:00,2025-02-06 22:00:00,94,10.64,True,True,13.357935905456545,-9.511721539696058,3.8462143657604866,0.0,0.1154572910018032,0.0,1.0
core_neuralprophet_frozen_s123,neuralprophet,frozen,selected,False,123,4,2025-02-03 01:00:00,2025-02-06 23:00:00,95,20.72,True,True,29.42357444763184,-9.511721539696058,19.91185290793578,0.0,0.1154572910018032,0.0,1.0
core_neuralprophet_frozen_s123,neuralprophet,frozen,selected,False,123,4,2025-02-03 01:00:00,2025-02-07 00:00:00,96,29.32,True,True,46.00504302978516,-9.511721539696058,36.4933214900891,0.0,0.1154572910018032,0.0,1.0
core_neuralprophet_frozen_s123,neuralprophet,frozen,selected,False,123,4,2025-02-03 01:00:00,2025-02-07 01:00:00,97,32.32,True,True,22.275537490844727,-9.511721539696058,12.763815951148668,0.0,0.1154572910018032,0.0,1.0
core_neuralprophet_frozen_s123,neuralprophet,frozen,selected,False,123,4,2025-02-03 01:00:00,2025-02-07 02:00:00,98,29.48,True,True,34.034305572509766,-9.511721539696058,24.522584032813707,0.0,0.1154572910018032,0.0,1.0
core_neuralprophet_frozen_s123,neuralprophet,frozen,selected,False,123,4,2025-02-03 01:00:00,2025-02-07 03:00:00,99,23.51,True,True,24.668846130371094,-9.511721539696058,15.157124590675036,0.0,0.1154572910018032,0.0,1.0
core_neuralprophet_frozen_s123,neuralprophet,frozen,selected,False,123,4,2025-02-03 01:00:00,2025-02-07 04:00:00,100,18.96,True,True,33.09486770629883,-9.511721539696058,23.58314616660277,0.0,0.1154572910018032,0.0,1.0
core_neuralprophet_frozen_s123,neuralprophet,frozen,selected,False,123,4,2025-02-03 01:00:00,2025-02-07 05:00:00,101,18.04,True,True,32.50005340576172,-9.511721539696058,22.98833186606566,0.0,0.1154572910018032,0.0,1.0
core_neuralprophet_frozen_s123,neuralprophet,frozen,selected,False,123,4,2025-02-03 01:00:00,2025-02-07 06:00:00,102,17.96,True,True,37.67987060546875,-9.511721539696058,28.168149065772692,0.0,0.1154572910018032,0.0,1.0
core_neuralprophet_frozen_s123,neuralprophet,frozen,selected,False,123,4,2025-02-03 01:00:00,2025-02-07 07:00:00,103,18.43,True,True,31.05719566345215,-9.511721539696058,21.54547412375609,0.0,0.1154572910018032,0.0,1.0
core_neuralprophet_frozen_s123,neuralprophet,frozen,selected,False,123,4,2025-02-03 01:00:00,2025-02-07 08:00:00,104,21.77,True,True,43.36799621582031,-9.511721539696058,33.85627467612426,0.0,0.1154572910018032,0.0,1.0
core_neuralprophet_frozen_s123,neuralprophet,frozen,selected,False,123,4,2025-02-03 01:00:00,2025-02-07 09:00:00,105,25.12,True,True,31.796173095703125,-9.511721539696058,22.284451556007067,0.0,0.1154572910018032,0.0,1.0
core_neuralprophet_frozen_s123,neuralprophet,frozen,selected,False,123,4,2025-02-03 01:00:00,2025-02-07 10:00:00,106,27.92,True,True,39.53195571899414,-9.511721539696058,30.020234179298082,0.0,0.1154572910018032,0.0,1.0
core_neuralprophet_frozen_s123,neuralprophet,frozen,selected,False,123,4,2025-02-03 01:00:00,2025-02-07 11:00:00,107,32.41,True,True,41.40647506713867,-9.511721539696058,31.894753527442614,0.0,0.1154572910018032,0.0,1.0
core_neuralprophet_frozen_s123,neuralprophet,frozen,selected,False,123,4,2025-02-03 01:00:00,2025-02-07 12:00:00,108,35.77,True,True,40.622955322265625,-9.511721539696058,31.111233782569567,0.0,0.1154572910018032,0.0,1.0
core_neuralprophet_frozen_s123,neuralprophet,frozen,selected,False,123,4,2025-02-03 01:00:00,2025-02-07 13:00:00,109,35.92,True,True,42.10369873046875,-9.511721539696058,32.591977190772695,0.0,0.1154572910018032,0.0,1.0
core_neuralprophet_frozen_s123,neuralprophet,frozen,selected,False,123,4,2025-02-03 01:00:00,2025-02-07 14:00:00,110,37.64,True,True,11.13377571105957,-9.511721539696058,1.6220541713635122,0.0,0.1154572910018032,0.0,1.0
core_neuralprophet_frozen_s123,neuralprophet,frozen,selected,False,123,4,2025-02-03 01:00:00,2025-02-07 15:00:00,111,34.69,True,True,10.063652992248535,-9.511721539696058,0.551931452552477,0.0,0.1154572910018032,0.0,1.0
core_neuralprophet_frozen_s123,neuralprophet,frozen,selected,False,123,4,2025-02-03 01:00:00,2025-02-07 16:00:00,112,26.77,True,True,20.14700508117676,-9.511721539696058,10.635283541480703,0.0,0.1154572910018032,0.0,1.0
core_neuralprophet_frozen_s123,neuralprophet,frozen,selected,False,123,4,2025-02-03 01:00:00,2025-02-07 17:00:00,113,22.49,True,True,3.690981864929199,-9.511721539696058,-5.820739674766859,0.0,0.1154572910018032,0.0,1.0
core_neuralprophet_frozen_s123,neuralprophet,frozen,selected,False,123,4,2025-02-03 01:00:00,2025-02-07 18:00:00,114,21.77,True,True,29.471717834472656,-9.511721539696058,19.959996294776598,0.0,0.1154572910018032,0.0,1.0
core_neuralprophet_frozen_s123,neuralprophet,frozen,selected,False,123,4,2025-02-03 01:00:00,2025-02-07 19:00:00,115,22.34,True,True,25.40716552734375,-9.511721539696058,15.895443987647692,0.0,0.1154572910018032,0.0,1.0
core_neuralprophet_frozen_s123,neuralprophet,frozen,selected,False,123,4,2025-02-03 01:00:00,2025-02-07 20:00:00,116,22.08,True,True,43.42008590698242,-9.511721539696058,33.90836436728637,0.0,0.1154572910018032,0.0,1.0
core_neuralprophet_frozen_s123,neuralprophet,frozen,selected,False,123,4,2025-02-03 01:00:00,2025-02-07 21:00:00,117,21.78,True,True,34.333457946777344,-9.511721539696058,24.821736407081286,0.0,0.1154572910018032,0.0,1.0
core_neuralprophet_frozen_s123,neuralprophet,frozen,selected,False,123,4,2025-02-03 01:00:00,2025-02-07 22:00:00,118,23.04,True,True,30.496862411499023,-9.511721539696058,20.985140871802965,0.0,0.1154572910018032,0.0,1.0
core_neuralprophet_frozen_s123,neuralprophet,frozen,selected,False,123,4,2025-02-03 01:00:00,2025-02-07 23:00:00,119,33.25,True,True,22.18270301818848,-9.511721539696058,12.670981478492422,0.0,0.1154572910018032,0.0,1.0
core_neuralprophet_frozen_s123,neuralprophet,frozen,selected,False,123,4,2025-02-03 01:00:00,2025-02-08 00:00:00,120,43.78,True,True,51.03765869140625,-9.511721539696058,41.525937151710195,0.0,0.1154572910018032,0.0,1.0
core_neuralprophet_frozen_s123,neuralprophet,frozen,selected,False,123,4,2025-02-03 01:00:00,2025-02-08 01:00:00,121,47.44,True,True,44.11967086791992,-9.511721539696058,34.60794932822387,0.0,0.1154572910018032,0.0,1.0
core_neuralprophet_frozen_s123,neuralprophet,frozen,selected,False,123,4,2025-02-03 01:00:00,2025-02-08 02:00:00,122,44.33,True,True,38.94794845581055,-9.511721539696058,29.43622691611449,0.0,0.1154572910018032,0.0,1.0
core_neuralprophet_frozen_s123,neuralprophet,frozen,selected,False,123,4,2025-02-03 01:00:00,2025-02-08 03:00:00,123,37.35,True,True,25.68077850341797,-9.511721539696058,16.16905696372191,0.0,0.1154572910018032,0.0,1.0
core_neuralprophet_frozen_s123,neuralprophet,frozen,selected,False,123,4,2025-02-03 01:00:00,2025-02-08 04:00:00,124,27.41,True,True,43.86101913452149,-9.511721539696058,34.34929759482543,0.0,0.1154572910018032,0.0,1.0
core_neuralprophet_frozen_s123,neuralprophet,frozen,selected,False,123,4,2025-02-03 01:00:00,2025-02-08 05:00:00,125,22.84,True,True,24.57260131835937,-9.511721539696058,15.060879778663313,0.0,0.1154572910018032,0.0,1.0
core_neuralprophet_frozen_s123,neuralprophet,frozen,selected,False,123,4,2025-02-03 01:00:00,2025-02-08 06:00:00,126,22.17,True,True,37.251739501953125,-9.511721539696058,27.740017962257067,0.0,0.1154572910018032,0.0,1.0
core_neuralprophet_frozen_s123,neuralprophet,frozen,selected,False,123,4,2025-02-03 01:00:00,2025-02-08 07:00:00,127,23.37,True,True,25.629409790039062,-9.511721539696058,16.117688250343004,0.0,0.1154572910018032,0.0,1.0
core_neuralprophet_frozen_s123,neuralprophet,frozen,selected,False,123,4,2025-02-03 01:00:00,2025-02-08 08:00:00,128,29.47,True,True,33.2415771484375,-9.511721539696058,23.729855608741442,0.0,0.1154572910018032,0.0,1.0
core_neuralprophet_frozen_s123,neuralprophet,frozen,selected,False,123,4,2025-02-03 01:00:00,2025-02-08 09:00:00,129,38.82,True,True,53.21381759643555,-9.511721539696058,43.70209605673949,0.0,0.1154572910018032,0.0,1.0
core_neuralprophet_frozen_s123,neuralprophet,frozen,selected,False,123,4,2025-02-03 01:00:00,2025-02-08 10:00:00,130,58.71,True,True,61.75543975830078,-9.511721539696058,52.24371821860473,0.0,0.1154572910018032,0.0,1.0
core_neuralprophet_frozen_s123,neuralprophet,frozen,selected,False,123,4,2025-02-03 01:00:00,2025-02-08 11:00:00,131,96.73,True,True,94.6104507446289,-9.511721539696058,85.09872920493285,0.0,0.1154572910018032,0.0,1.0
core_neuralprophet_frozen_s123,neuralprophet,frozen,selected,False,123,4,2025-02-03 01:00:00,2025-02-08 12:00:00,132,135.39,True,True,137.78018188476562,-9.511721539696058,128.26846034506957,0.0,0.1154572910018032,0.0,1.0
core_neuralprophet_frozen_s123,neuralprophet,frozen,selected,False,123,4,2025-02-03 01:00:00,2025-02-08 13:00:00,133,193.36,True,True,181.59341430664065,-9.511721539696058,172.0816927669446,0.0,0.1154572910018032,0.0,1.0
core_neuralprophet_frozen_s123,neuralprophet,frozen,selected,False,123,4,2025-02-03 01:00:00,2025-02-08 14:00:00,134,264.03,True,True,252.44346618652344,-9.511721539696058,242.93174464682738,0.0,0.1154572910018032,0.0,1.0
core_neuralprophet_frozen_s123,neuralprophet,frozen,selected,False,123,4,2025-02-03 01:00:00,2025-02-08 15:00:00,135,279.81,True,True,266.2857360839844,-9.511721539696058,256.7740145442883,0.0,0.1154572910018032,0.0,1.0
core_neuralprophet_frozen_s123,neuralprophet,frozen,selected,False,123,4,2025-02-03 01:00:00,2025-02-08 16:00:00,136,247.96,True,True,230.5514678955078,-9.511721539696058,221.03974635581176,0.0,0.1154572910018032,0.0,1.0
core_neuralprophet_frozen_s123,neuralprophet,frozen,selected,False,123,4,2025-02-03 01:00:00,2025-02-08 17:00:00,137,205.0,True,True,189.5077972412109,-9.511721539696058,179.99607570151485,0.0,0.1154572910018032,0.0,1.0
core_neuralprophet_frozen_s123,neuralprophet,frozen,selected,False,123,4,2025-02-03 01:00:00,2025-02-08 18:00:00,138,167.87,True,True,157.3043212890625,-9.511721539696058,147.79259974936645,0.0,0.1154572910018032,0.0,1.0
core_neuralprophet_frozen_s123,neuralprophet,frozen,selected,False,123,4,2025-02-03 01:00:00,2025-02-08 19:00:00,139,142.96,True,True,121.93109130859376,-9.511721539696058,112.41936976889771,0.0,0.1154572910018032,0.0,1.0
core_neuralprophet_frozen_s123,neuralprophet,frozen,selected,False,123,4,2025-02-03 01:00:00,2025-02-08 20:00:00,140,128.73,True,True,112.8321533203125,-9.511721539696058,103.32043178061645,0.0,0.1154572910018032,0.0,1.0
core_neuralprophet_frozen_s123,neuralprophet,frozen,selected,False,123,4,2025-02-03 01:00:00,2025-02-08 21:00:00,141,119.93,True,True,107.91194915771484,-9.511721539696058,98.40022761801879,0.0,0.1154572910018032,0.0,1.0
core_neuralprophet_frozen_s123,neuralprophet,frozen,selected,False,123,4,2025-02-03 01:00:00,2025-02-08 22:00:00,142,113.39,True,True,111.7768096923828,-9.511721539696058,102.26508815268674,0.0,0.1154572910018032,0.0,1.0
core_neuralprophet_frozen_s123,neuralprophet,frozen,selected,False,123,4,2025-02-03 01:00:00,2025-02-08 23:00:00,143,154.0,True,True,140.983642578125,-9.511721539696058,131.47192103842895,0.0,0.1154572910018032,0.0,1.0
core_neuralprophet_frozen_s123,neuralprophet,frozen,selected,False,123,4,2025-02-03 01:00:00,2025-02-09 00:00:00,144,209.21,True,True,211.38221740722656,-9.511721539696058,201.8704958675305,0.0,0.1154572910018032,0.0,1.0
core_neuralprophet_frozen_s123,neuralprophet,frozen,selected,False,123,4,2025-02-03 01:00:00,2025-02-09 01:00:00,145,233.85,True,True,220.6582946777344,-9.511721539696058,211.14657313803835,0.0,0.1154572910018032,0.0,1.0
core_neuralprophet_frozen_s123,neuralprophet,frozen,selected,False,123,4,2025-02-03 01:00:00,2025-02-09 02:00:00,146,240.34,True,True,239.5440216064453,-9.511721539696058,230.03230006674926,0.0,0.1154572910018032,0.0,1.0
core_neuralprophet_frozen_s123,neuralprophet,frozen,selected,False,123,4,2025-02-03 01:00:00,2025-02-09 03:00:00,147,231.36,True,True,241.15956115722656,-9.511721539696058,231.6478396175305,0.0,0.1154572910018032,0.0,1.0
core_neuralprophet_frozen_s123,neuralprophet,frozen,selected,False,123,4,2025-02-03 01:00:00,2025-02-09 04:00:00,148,118.64,True,True,103.0203628540039,-9.511721539696058,93.50864131430785,0.0,0.1154572910018032,0.0,1.0
core_neuralprophet_frozen_s123,neuralprophet,frozen,selected,False,123,4,2025-02-03 01:00:00,2025-02-09 05:00:00,149,129.29,True,True,122.93211364746094,-9.511721539696058,113.42039210776488,0.0,0.1154572910018032,0.0,1.0
core_neuralprophet_frozen_s123,neuralprophet,frozen,selected,False,123,4,2025-02-03 01:00:00,2025-02-09 06:00:00,150,137.33,True,True,125.4607925415039,-9.511721539696058,115.94907100180785,0.0,0.1154572910018032,0.0,1.0
core_neuralprophet_frozen_s123,neuralprophet,frozen,selected,False,123,4,2025-02-03 01:00:00,2025-02-09 07:00:00,151,107.98,True,True,94.94414520263672,-9.511721539696058,85.43242366294066,0.0,0.1154572910018032,0.0,1.0
core_neuralprophet_frozen_s123,neuralprophet,frozen,selected,False,123,4,2025-02-03 01:00:00,2025-02-09 08:00:00,152,103.34,True,True,101.2859344482422,-9.511721539696058,91.77421290854615,0.0,0.1154572910018032,0.0,1.0
core_neuralprophet_frozen_s123,neuralprophet,frozen,selected,False,123,4,2025-02-03 01:00:00,2025-02-09 09:00:00,153,106.99,True,True,108.64203643798828,-9.511721539696058,99.13031489829223,0.0,0.1154572910018032,0.0,1.0
core_neuralprophet_frozen_s123,neuralprophet,frozen,selected,False,123,4,2025-02-03 01:00:00,2025-02-09 10:00:00,154,145.51,True,True,174.6688995361328,-9.511721539696058,165.15717799643676,0.0,0.1154572910018032,0.0,1.0
core_neuralprophet_frozen_s123,neuralprophet,frozen,selected,False,123,4,2025-02-03 01:00:00,2025-02-09 11:00:00,155,245.04,True,True,274.9300537109375,-9.511721539696058,265.41833217124145,0.0,0.1154572910018032,0.0,1.0
core_neuralprophet_frozen_s123,neuralprophet,frozen,selected,False,123,4,2025-02-03 01:00:00,2025-02-09 12:00:00,156,367.71,True,True,402.5337219238281,-9.511721539696058,393.02200038413207,0.0,0.1154572910018032,0.0,1.0
core_neuralprophet_frozen_s123,neuralprophet,frozen,selected,False,123,4,2025-02-03 01:00:00,2025-02-09 13:00:00,157,478.18,True,True,525.5474853515625,-9.511721539696058,516.0357638118664,0.0,0.1154572910018032,0.0,1.0
core_neuralprophet_frozen_s123,neuralprophet,frozen,selected,False,123,4,2025-02-03 01:00:00,2025-02-09 14:00:00,158,581.23,True,True,629.1083984375,-9.511721539696058,619.596676897804,0.0,0.1154572910018032,0.0,1.0
core_neuralprophet_frozen_s123,neuralprophet,frozen,selected,False,123,4,2025-02-03 01:00:00,2025-02-09 15:00:00,159,633.46,True,True,654.482666015625,-9.511721539696058,644.970944475929,0.0,0.1154572910018032,0.0,1.0
core_neuralprophet_frozen_s123,neuralprophet,frozen,selected,False,123,4,2025-02-03 01:00:00,2025-02-09 16:00:00,160,613.53,True,True,626.0177001953125,-9.511721539696058,616.5059786556164,0.0,0.1154572910018032,0.0,1.0
core_neuralprophet_frozen_s123,neuralprophet,frozen,selected,False,123,4,2025-02-03 01:00:00,2025-02-09 17:00:00,161,579.65,True,True,603.2115478515625,-9.511721539696058,593.6998263118664,0.0,0.1154572910018032,0.0,1.0
core_neuralprophet_frozen_s123,neuralprophet,frozen,selected,False,123,4,2025-02-03 01:00:00,2025-02-09 18:00:00,162,554.04,True,True,565.783935546875,-9.511721539696058,556.272214007179,0.0,0.1154572910018032,0.0,1.0
core_neuralprophet_frozen_s123,neuralprophet,frozen,selected,False,123,4,2025-02-03 01:00:00,2025-02-09 19:00:00,163,525.21,True,True,535.8287963867188,-9.511721539696058,526.3170748470227,0.0,0.1154572910018032,0.0,1.0
core_neuralprophet_frozen_s123,neuralprophet,frozen,selected,False,123,4,2025-02-03 01:00:00,2025-02-09 20:00:00,164,496.94,True,True,507.6412963867188,-9.511721539696058,498.12957484702275,0.0,0.1154572910018032,0.0,1.0
core_neuralprophet_frozen_s123,neuralprophet,frozen,selected,False,123,4,2025-02-03 01:00:00,2025-02-09 21:00:00,165,457.38,True,True,448.1451416015625,-9.511721539696058,438.63342006186645,0.0,0.1154572910018032,0.0,1.0
core_neuralprophet_frozen_s123,neuralprophet,frozen,selected,False,123,4,2025-02-03 01:00:00,2025-02-09 22:00:00,166,409.27,True,True,416.8556213378906,-9.511721539696058,407.34389979819457,0.0,0.1154572910018032,0.0,1.0
core_neuralprophet_frozen_s123,neuralprophet,frozen,selected,False,123,4,2025-02-03 01:00:00,2025-02-09 23:00:00,167,449.44,True,True,449.1571960449219,-9.511721539696058,439.6454745052258,0.0,0.1154572910018032,0.0,1.0
core_neuralprophet_frozen_s123,neuralprophet,frozen,selected,False,123,4,2025-02-03 01:00:00,2025-02-10 00:00:00,168,551.24,True,True,544.3170776367188,-9.511721539696058,534.8053560970227,0.0,0.1154572910018032,0.0,1.0
core_neuralprophet_frozen_s123,neuralprophet,frozen,selected,False,123,5,2025-02-10 01:00:00,2025-02-10 01:00:00,1,635.49,True,True,661.2705688476562,3.2674049355444446,664.5379737832006,0.0,0.1144294920013635,0.0,1.0
core_neuralprophet_frozen_s123,neuralprophet,frozen,selected,False,123,5,2025-02-10 01:00:00,2025-02-10 02:00:00,2,662.88,True,True,698.0671997070312,3.2674049355444446,701.3346046425756,0.0,0.1144294920013635,0.0,1.0
core_neuralprophet_frozen_s123,neuralprophet,frozen,selected,False,123,5,2025-02-10 01:00:00,2025-02-10 03:00:00,3,601.67,True,True,639.6129760742188,3.2674049355444446,642.8803810097631,0.0,0.1144294920013635,0.0,1.0
core_neuralprophet_frozen_s123,neuralprophet,frozen,selected,False,123,5,2025-02-10 01:00:00,2025-02-10 04:00:00,4,290.33,True,True,263.88067626953125,3.2674049355444446,267.1480812050757,0.0,0.1144294920013635,0.0,1.0
core_neuralprophet_frozen_s123,neuralprophet,frozen,selected,False,123,5,2025-02-10 01:00:00,2025-02-10 05:00:00,5,302.77,True,True,264.9953308105469,3.2674049355444446,268.2627357460913,0.0,0.1144294920013635,0.0,1.0
core_neuralprophet_frozen_s123,neuralprophet,frozen,selected,False,123,5,2025-02-10 01:00:00,2025-02-10 06:00:00,6,339.38,True,True,280.9269104003906,3.2674049355444446,284.1943153359351,0.0,0.1144294920013635,0.0,1.0
core_neuralprophet_frozen_s123,neuralprophet,frozen,selected,False,123,5,2025-02-10 01:00:00,2025-02-10 07:00:00,7,406.0,True,True,348.1898498535156,3.2674049355444446,351.4572547890601,0.0,0.1144294920013635,0.0,1.0
core_neuralprophet_frozen_s123,neuralprophet,frozen,selected,False,123,5,2025-02-10 01:00:00,2025-02-10 08:00:00,8,516.75,True,True,444.4158630371094,3.2674049355444446,447.6832679726538,0.0,0.1144294920013635,0.0,1.0
core_neuralprophet_frozen_s123,neuralprophet,frozen,selected,False,123,5,2025-02-10 01:00:00,2025-02-10 09:00:00,9,617.3,True,True,561.2652587890625,3.2674049355444446,564.5326637246069,0.0,0.1144294920013635,0.0,1.0
core_neuralprophet_frozen_s123,neuralprophet,frozen,selected,False,123,5,2025-02-10 01:00:00,2025-02-10 10:00:00,10,717.42,True,True,663.8489379882812,3.2674049355444446,667.1163429238256,0.0,0.1144294920013635,0.0,1.0
core_neuralprophet_frozen_s123,neuralprophet,frozen,selected,False,123,5,2025-02-10 01:00:00,2025-02-10 11:00:00,11,869.12,True,True,835.1607666015625,3.2674049355444446,838.4281715371069,0.0,0.1144294920013635,0.0,1.0
core_neuralprophet_frozen_s123,neuralprophet,frozen,selected,False,123,5,2025-02-10 01:00:00,2025-02-10 12:00:00,12,1031.66,True,True,1022.3291625976562,3.2674049355444446,1025.5965675332006,0.0,0.1144294920013635,0.0,1.0
core_neuralprophet_frozen_s123,neuralprophet,frozen,selected,False,123,5,2025-02-10 01:00:00,2025-02-10 13:00:00,13,1143.06,True,True,1154.202392578125,3.2674049355444446,1157.4697975136694,0.0,0.1144294920013635,0.0,1.0
core_neuralprophet_frozen_s123,neuralprophet,frozen,selected,False,123,5,2025-02-10 01:00:00,2025-02-10 14:00:00,14,1191.71,True,True,1216.4527587890625,3.2674049355444446,1219.720163724607,0.0,0.1144294920013635,0.0,1.0
core_neuralprophet_frozen_s123,neuralprophet,frozen,selected,False,123,5,2025-02-10 01:00:00,2025-02-10 15:00:00,15,1179.11,True,True,1198.983154296875,3.2674049355444446,1202.2505592324194,0.0,0.1144294920013635,0.0,1.0
core_neuralprophet_frozen_s123,neuralprophet,frozen,selected,False,123,5,2025-02-10 01:00:00,2025-02-10 16:00:00,16,1071.85,True,True,1081.8243408203125,3.2674049355444446,1085.091745755857,0.0,0.1144294920013635,0.0,1.0
core_neuralprophet_frozen_s123,neuralprophet,frozen,selected,False,123,5,2025-02-10 01:00:00,2025-02-10 17:00:00,17,907.42,True,True,913.955810546875,3.2674049355444446,917.2232154824194,0.0,0.1144294920013635,0.0,1.0
core_neuralprophet_frozen_s123,neuralprophet,frozen,selected,False,123,5,2025-02-10 01:00:00,2025-02-10 18:00:00,18,726.65,True,True,719.7513427734375,3.2674049355444446,723.0187477089819,0.0,0.1144294920013635,0.0,1.0
core_neuralprophet_frozen_s123,neuralprophet,frozen,selected,False,123,5,2025-02-10 01:00:00,2025-02-10 19:00:00,19,601.12,True,True,571.3976440429688,3.2674049355444446,574.6650489785131,0.0,0.1144294920013635,0.0,1.0
core_neuralprophet_frozen_s123,neuralprophet,frozen,selected,False,123,5,2025-02-10 01:00:00,2025-02-10 20:00:00,20,541.5,True,True,500.4229736328125,3.2674049355444446,503.69037856835695,0.0,0.1144294920013635,0.0,1.0
core_neuralprophet_frozen_s123,neuralprophet,frozen,selected,False,123,5,2025-02-10 01:00:00,2025-02-10 21:00:00,21,506.36,True,True,454.7333679199219,3.2674049355444446,458.0007728554663,0.0,0.1144294920013635,0.0,1.0
core_neuralprophet_frozen_s123,neuralprophet,frozen,selected,False,123,5,2025-02-10 01:00:00,2025-02-10 22:00:00,22,473.64,True,True,428.7574768066406,3.2674049355444446,432.0248817421851,0.0,0.1144294920013635,0.0,1.0
core_neuralprophet_frozen_s123,neuralprophet,frozen,selected,False,123,5,2025-02-10 01:00:00,2025-02-10 23:00:00,23,531.73,True,True,481.7577819824219,3.2674049355444446,485.0251869179663,0.0,0.1144294920013635,0.0,1.0
core_neuralprophet_frozen_s123,neuralprophet,frozen,selected,False,123,5,2025-02-10 01:00:00,2025-02-11 00:00:00,24,663.85,True,True,622.085205078125,3.2674049355444446,625.3526100136694,0.0,0.1144294920013635,0.0,1.0
core_neuralprophet_frozen_s123,neuralprophet,frozen,selected,False,123,5,2025-02-10 01:00:00,2025-02-11 01:00:00,25,749.47,True,True,719.0686645507812,3.2674049355444446,722.3360694863256,0.0,0.1144294920013635,0.0,1.0
core_neuralprophet_frozen_s123,neuralprophet,frozen,selected,False,123,5,2025-02-10 01:00:00,2025-02-11 02:00:00,26,739.69,True,True,725.0309448242188,3.2674049355444446,728.2983497597631,0.0,0.1144294920013635,0.0,1.0
core_neuralprophet_frozen_s123,neuralprophet,frozen,selected,False,123,5,2025-02-10 01:00:00,2025-02-11 03:00:00,27,642.49,True,True,629.2860107421875,3.2674049355444446,632.5534156777319,0.0,0.1144294920013635,0.0,1.0
core_neuralprophet_frozen_s123,neuralprophet,frozen,selected,False,123,5,2025-02-10 01:00:00,2025-02-11 04:00:00,28,315.67,True,True,255.82913208007807,3.2674049355444446,259.0965370156225,0.0,0.1144294920013635,0.0,1.0
core_neuralprophet_frozen_s123,neuralprophet,frozen,selected,False,123,5,2025-02-10 01:00:00,2025-02-11 05:00:00,29,262.21,True,True,194.7125701904297,3.2674049355444446,197.97997512597414,0.0,0.1144294920013635,0.0,1.0
core_neuralprophet_frozen_s123,neuralprophet,frozen,selected,False,123,5,2025-02-10 01:00:00,2025-02-11 06:00:00,30,250.89,True,True,179.11044311523438,3.2674049355444446,182.37784805077882,0.0,0.1144294920013635,0.0,1.0
core_neuralprophet_frozen_s123,neuralprophet,frozen,selected,False,123,5,2025-02-10 01:00:00,2025-02-11 07:00:00,31,320.72,True,True,239.7174835205078,3.2674049355444446,242.98488845605226,0.0,0.1144294920013635,0.0,1.0
core_neuralprophet_frozen_s123,neuralprophet,frozen,selected,False,123,5,2025-02-10 01:00:00,2025-02-11 08:00:00,32,452.98,True,True,382.4967956542969,3.2674049355444446,385.7642005898413,0.0,0.1144294920013635,0.0,1.0
core_neuralprophet_frozen_s123,neuralprophet,frozen,selected,False,123,5,2025-02-10 01:00:00,2025-02-11 09:00:00,33,586.34,True,True,528.304931640625,3.2674049355444446,531.5723365761694,0.0,0.1144294920013635,0.0,1.0
core_neuralprophet_frozen_s123,neuralprophet,frozen,selected,False,123,5,2025-02-10 01:00:00,2025-02-11 10:00:00,34,677.63,True,True,609.1881713867188,3.2674049355444446,612.4555763222631,0.0,0.1144294920013635,0.0,1.0
core_neuralprophet_frozen_s123,neuralprophet,frozen,selected,False,123,5,2025-02-10 01:00:00,2025-02-11 11:00:00,35,713.13,True,True,616.9240112304688,3.2674049355444446,620.1914161660131,0.0,0.1144294920013635,0.0,1.0
core_neuralprophet_frozen_s123,neuralprophet,frozen,selected,False,123,5,2025-02-10 01:00:00,2025-02-11 12:00:00,36,705.1,True,True,630.0540771484375,3.2674049355444446,633.3214820839819,0.0,0.1144294920013635,0.0,1.0
core_neuralprophet_frozen_s123,neuralprophet,frozen,selected,False,123,5,2025-02-10 01:00:00,2025-02-11 13:00:00,37,627.26,True,True,538.1301879882812,3.2674049355444446,541.3975929238256,0.0,0.1144294920013635,0.0,1.0
core_neuralprophet_frozen_s123,neuralprophet,frozen,selected,False,123,5,2025-02-10 01:00:00,2025-02-11 14:00:00,38,470.38,True,True,411.7361145019531,3.2674049355444446,415.0035194374976,0.0,0.1144294920013635,0.0,1.0
core_neuralprophet_frozen_s123,neuralprophet,frozen,selected,False,123,5,2025-02-10 01:00:00,2025-02-11 15:00:00,39,215.79,True,True,201.32159423828125,3.2674049355444446,204.5889991738257,0.0,0.1144294920013635,0.0,1.0
core_neuralprophet_frozen_s123,neuralprophet,frozen,selected,False,123,5,2025-02-10 01:00:00,2025-02-11 16:00:00,40,18.95,True,True,-4.57943058013916,3.2674049355444446,-1.3120256445947156,0.0,0.1144294920013635,0.0,1.0
core_neuralprophet_frozen_s123,neuralprophet,frozen,selected,False,123,5,2025-02-10 01:00:00,2025-02-11 17:00:00,41,11.92,True,True,-11.76211166381836,3.2674049355444446,-8.494706728273915,0.0,0.1144294920013635,0.0,1.0
core_neuralprophet_frozen_s123,neuralprophet,frozen,selected,False,123,5,2025-02-10 01:00:00,2025-02-11 18:00:00,42,14.17,True,True,-15.303829193115234,3.2674049355444446,-12.03642425757079,0.0,0.1144294920013635,0.0,1.0
core_neuralprophet_frozen_s123,neuralprophet,frozen,selected,False,123,5,2025-02-10 01:00:00,2025-02-11 19:00:00,43,15.89,True,True,-6.375049591064453,3.2674049355444446,-3.1076446555200086,0.0,0.1144294920013635,0.0,1.0
core_neuralprophet_frozen_s123,neuralprophet,frozen,selected,False,123,5,2025-02-10 01:00:00,2025-02-11 20:00:00,44,18.23,True,True,1.338377594947815,3.2674049355444446,4.6057825304922595,0.0,0.1144294920013635,0.0,1.0
core_neuralprophet_frozen_s123,neuralprophet,frozen,selected,False,123,5,2025-02-10 01:00:00,2025-02-11 21:00:00,45,20.58,True,True,4.808712959289551,3.2674049355444446,8.076117894833995,0.0,0.1144294920013635,0.0,1.0
core_neuralprophet_frozen_s123,neuralprophet,frozen,selected,False,123,5,2025-02-10 01:00:00,2025-02-11 22:00:00,46,24.3,True,True,18.630464553833008,3.2674049355444446,21.897869489377452,0.0,0.1144294920013635,0.0,1.0
core_neuralprophet_frozen_s123,neuralprophet,frozen,selected,False,123,5,2025-02-10 01:00:00,2025-02-11 23:00:00,47,39.89,True,True,43.60121154785156,3.2674049355444446,46.86861648339601,0.0,0.1144294920013635,0.0,1.0
core_neuralprophet_frozen_s123,neuralprophet,frozen,selected,False,123,5,2025-02-10 01:00:00,2025-02-12 00:00:00,48,56.98,True,True,46.405391693115234,3.2674049355444446,49.67279662865968,0.0,0.1144294920013635,0.0,1.0
core_neuralprophet_frozen_s123,neuralprophet,frozen,selected,False,123,5,2025-02-10 01:00:00,2025-02-12 01:00:00,49,62.72,True,True,56.649635314941406,3.2674049355444446,59.917040250485854,0.0,0.1144294920013635,0.0,1.0
core_neuralprophet_frozen_s123,neuralprophet,frozen,selected,False,123,5,2025-02-10 01:00:00,2025-02-12 02:00:00,50,56.6,True,True,47.977535247802734,3.2674049355444446,51.24494018334718,0.0,0.1144294920013635,0.0,1.0
core_neuralprophet_frozen_s123,neuralprophet,frozen,selected,False,123,5,2025-02-10 01:00:00,2025-02-12 03:00:00,51,45.53,True,True,38.016361236572266,3.2674049355444446,41.283766172116714,0.0,0.1144294920013635,0.0,1.0
core_neuralprophet_frozen_s123,neuralprophet,frozen,selected,False,123,5,2025-02-10 01:00:00,2025-02-12 04:00:00,52,23.48,True,True,9.438675880432127,3.2674049355444446,12.706080815976572,0.0,0.1144294920013635,0.0,1.0
core_neuralprophet_frozen_s123,neuralprophet,frozen,selected,False,123,5,2025-02-10 01:00:00,2025-02-12 05:00:00,53,16.52,True,True,15.44582462310791,3.2674049355444446,18.713229558652355,0.0,0.1144294920013635,0.0,1.0
core_neuralprophet_frozen_s123,neuralprophet,frozen,selected,False,123,5,2025-02-10 01:00:00,2025-02-12 06:00:00,54,13.75,True,True,11.951489448547363,3.2674049355444446,15.218894384091808,0.0,0.1144294920013635,0.0,1.0
core_neuralprophet_frozen_s123,neuralprophet,frozen,selected,False,123,5,2025-02-10 01:00:00,2025-02-12 07:00:00,55,14.99,True,True,18.10495948791504,3.2674049355444446,21.372364423459484,0.0,0.1144294920013635,0.0,1.0
core_neuralprophet_frozen_s123,neuralprophet,frozen,selected,False,123,5,2025-02-10 01:00:00,2025-02-12 08:00:00,56,21.26,True,True,14.140750885009766,3.2674049355444446,17.40815582055421,0.0,0.1144294920013635,0.0,1.0
core_neuralprophet_frozen_s123,neuralprophet,frozen,selected,False,123,5,2025-02-10 01:00:00,2025-02-12 09:00:00,57,28.82,True,True,32.5410270690918,3.2674049355444446,35.808432004636245,0.0,0.1144294920013635,0.0,1.0
core_neuralprophet_frozen_s123,neuralprophet,frozen,selected,False,123,5,2025-02-10 01:00:00,2025-02-12 10:00:00,58,73.65,True,True,83.18923950195312,3.2674049355444446,86.45664443749757,0.0,0.1144294920013635,0.0,1.0
core_neuralprophet_frozen_s123,neuralprophet,frozen,selected,False,123,5,2025-02-10 01:00:00,2025-02-12 11:00:00,59,181.58,True,True,197.50534057617188,3.2674049355444446,200.77274551171632,0.0,0.1144294920013635,0.0,1.0
core_neuralprophet_frozen_s123,neuralprophet,frozen,selected,False,123,5,2025-02-10 01:00:00,2025-02-12 12:00:00,60,309.55,True,True,335.1809387207031,3.2674049355444446,338.4483436562476,0.0,0.1144294920013635,0.0,1.0
core_neuralprophet_frozen_s123,neuralprophet,frozen,selected,False,123,5,2025-02-10 01:00:00,2025-02-12 13:00:00,61,419.08,True,True,438.2330627441406,3.2674049355444446,441.5004676796851,0.0,0.1144294920013635,0.0,1.0
core_neuralprophet_frozen_s123,neuralprophet,frozen,selected,False,123,5,2025-02-10 01:00:00,2025-02-12 14:00:00,62,519.36,True,True,546.0531616210938,3.2674049355444446,549.3205665566381,0.0,0.1144294920013635,0.0,1.0
core_neuralprophet_frozen_s123,neuralprophet,frozen,selected,False,123,5,2025-02-10 01:00:00,2025-02-12 15:00:00,63,561.9,True,True,594.4171142578125,3.2674049355444446,597.6845191933569,0.0,0.1144294920013635,0.0,1.0
core_neuralprophet_frozen_s123,neuralprophet,frozen,selected,False,123,5,2025-02-10 01:00:00,2025-02-12 16:00:00,64,509.36,True,True,531.5001831054688,3.2674049355444446,534.7675880410131,0.0,0.1144294920013635,0.0,1.0
core_neuralprophet_frozen_s123,neuralprophet,frozen,selected,False,123,5,2025-02-10 01:00:00,2025-02-12 17:00:00,65,433.93,True,True,472.7042541503906,3.2674049355444446,475.9716590859351,0.0,0.1144294920013635,0.0,1.0
core_neuralprophet_frozen_s123,neuralprophet,frozen,selected,False,123,5,2025-02-10 01:00:00,2025-02-12 18:00:00,66,378.96,True,True,404.00592041015625,3.2674049355444446,407.2733253457007,0.0,0.1144294920013635,0.0,1.0
core_neuralprophet_frozen_s123,neuralprophet,frozen,selected,False,123,5,2025-02-10 01:00:00,2025-02-12 19:00:00,67,319.21,True,True,336.1120910644531,3.2674049355444446,339.3794959999976,0.0,0.1144294920013635,0.0,1.0
core_neuralprophet_frozen_s123,neuralprophet,frozen,selected,False,123,5,2025-02-10 01:00:00,2025-02-12 20:00:00,68,275.86,True,True,283.5836486816406,3.2674049355444446,286.8510536171851,0.0,0.1144294920013635,0.0,1.0
core_neuralprophet_frozen_s123,neuralprophet,frozen,selected,False,123,5,2025-02-10 01:00:00,2025-02-12 21:00:00,69,268.02,True,True,269.1664428710937,3.2674049355444446,272.43384780663814,0.0,0.1144294920013635,0.0,1.0
core_neuralprophet_frozen_s123,neuralprophet,frozen,selected,False,123,5,2025-02-10 01:00:00,2025-02-12 22:00:00,70,295.94,True,True,313.0505676269531,3.2674049355444446,316.3179725624976,0.0,0.1144294920013635,0.0,1.0
core_neuralprophet_frozen_s123,neuralprophet,frozen,selected,False,123,5,2025-02-10 01:00:00,2025-02-12 23:00:00,71,394.95,True,True,403.7770080566406,3.2674049355444446,407.0444129921851,0.0,0.1144294920013635,0.0,1.0
core_neuralprophet_frozen_s123,neuralprophet,frozen,selected,False,123,5,2025-02-10 01:00:00,2025-02-13 00:00:00,72,518.5,True,True,541.2456665039062,3.2674049355444446,544.5130714394506,0.0,0.1144294920013635,0.0,1.0
core_neuralprophet_frozen_s123,neuralprophet,frozen,selected,False,123,5,2025-02-10 01:00:00,2025-02-13 01:00:00,73,627.41,True,True,658.888671875,3.2674049355444446,662.1560768105444,0.0,0.1144294920013635,0.0,1.0
core_neuralprophet_frozen_s123,neuralprophet,frozen,selected,False,123,5,2025-02-10 01:00:00,2025-02-13 02:00:00,74,706.39,True,True,756.5865478515625,3.2674049355444446,759.8539527871069,0.0,0.1144294920013635,0.0,1.0
core_neuralprophet_frozen_s123,neuralprophet,frozen,selected,False,123,5,2025-02-10 01:00:00,2025-02-13 03:00:00,75,733.54,True,True,789.3483276367188,3.2674049355444446,792.6157325722631,0.0,0.1144294920013635,0.0,1.0
core_neuralprophet_frozen_s123,neuralprophet,frozen,selected,False,123,5,2025-02-10 01:00:00,2025-02-13 04:00:00,76,407.18,True,True,421.7986450195313,3.2674049355444446,425.06604995507575,0.0,0.1144294920013635,0.0,1.0
core_neuralprophet_frozen_s123,neuralprophet,frozen,selected,False,123,5,2025-02-10 01:00:00,2025-02-13 05:00:00,77,303.7,True,True,291.0323486328125,3.2674049355444446,294.29975356835695,0.0,0.1144294920013635,0.0,1.0
core_neuralprophet_frozen_s123,neuralprophet,frozen,selected,False,123,5,2025-02-10 01:00:00,2025-02-13 06:00:00,78,286.09,True,True,269.90631103515625,3.2674049355444446,273.1737159707007,0.0,0.1144294920013635,0.0,1.0
core_neuralprophet_frozen_s123,neuralprophet,frozen,selected,False,123,5,2025-02-10 01:00:00,2025-02-13 07:00:00,79,255.89,True,True,262.8643493652344,3.2674049355444446,266.1317543007788,0.0,0.1144294920013635,0.0,1.0
core_neuralprophet_frozen_s123,neuralprophet,frozen,selected,False,123,5,2025-02-10 01:00:00,2025-02-13 08:00:00,80,253.24,True,True,300.0624694824219,3.2674049355444446,303.3298744179663,0.0,0.1144294920013635,0.0,1.0
core_neuralprophet_frozen_s123,neuralprophet,frozen,selected,False,123,5,2025-02-10 01:00:00,2025-02-13 09:00:00,81,283.34,True,True,391.9952392578125,3.2674049355444446,395.26264419335695,0.0,0.1144294920013635,0.0,1.0
core_neuralprophet_frozen_s123,neuralprophet,frozen,selected,False,123,5,2025-02-10 01:00:00,2025-02-13 10:00:00,82,355.97,True,True,516.0097045898438,3.2674049355444446,519.2771095253881,0.0,0.1144294920013635,0.0,1.0
core_neuralprophet_frozen_s123,neuralprophet,frozen,selected,False,123,5,2025-02-10 01:00:00,2025-02-13 11:00:00,83,488.46,True,True,702.1904907226562,3.2674049355444446,705.4578956582006,0.0,0.1144294920013635,0.0,1.0
core_neuralprophet_frozen_s123,neuralprophet,frozen,selected,False,123,5,2025-02-10 01:00:00,2025-02-13 12:00:00,84,608.86,True,True,794.5816040039062,3.2674049355444446,797.8490089394506,0.0,0.1144294920013635,0.0,1.0
core_neuralprophet_frozen_s123,neuralprophet,frozen,selected,False,123,5,2025-02-10 01:00:00,2025-02-13 13:00:00,85,695.92,True,True,856.0032958984375,3.2674049355444446,859.2707008339819,0.0,0.1144294920013635,0.0,1.0
core_neuralprophet_frozen_s123,neuralprophet,frozen,selected,False,123,5,2025-02-10 01:00:00,2025-02-13 14:00:00,86,782.1,True,True,898.603271484375,3.2674049355444446,901.8706764199194,0.0,0.1144294920013635,0.0,1.0
core_neuralprophet_frozen_s123,neuralprophet,frozen,selected,False,123,5,2025-02-10 01:00:00,2025-02-13 15:00:00,87,805.31,True,True,891.7130737304688,3.2674049355444446,894.9804786660131,0.0,0.1144294920013635,0.0,1.0
core_neuralprophet_frozen_s123,neuralprophet,frozen,selected,False,123,5,2025-02-10 01:00:00,2025-02-13 16:00:00,88,738.4,True,True,819.7969970703125,3.2674049355444446,823.0644020058569,0.0,0.1144294920013635,0.0,1.0
core_neuralprophet_frozen_s123,neuralprophet,frozen,selected,False,123,5,2025-02-10 01:00:00,2025-02-13 17:00:00,89,655.55,True,True,706.6458129882812,3.2674049355444446,709.9132179238256,0.0,0.1144294920013635,0.0,1.0
core_neuralprophet_frozen_s123,neuralprophet,frozen,selected,False,123,5,2025-02-10 01:00:00,2025-02-13 18:00:00,90,551.53,True,True,593.0496215820312,3.2674049355444446,596.3170265175756,0.0,0.1144294920013635,0.0,1.0
core_neuralprophet_frozen_s123,neuralprophet,frozen,selected,False,123,5,2025-02-10 01:00:00,2025-02-13 19:00:00,91,411.47,True,True,439.3017883300781,3.2674049355444446,442.5691932656226,0.0,0.1144294920013635,0.0,1.0
core_neuralprophet_frozen_s123,neuralprophet,frozen,selected,False,123,5,2025-02-10 01:00:00,2025-02-13 20:00:00,92,315.3,True,True,309.5619812011719,3.2674049355444446,312.8293861367163,0.0,0.1144294920013635,0.0,1.0
core_neuralprophet_frozen_s123,neuralprophet,frozen,selected,False,123,5,2025-02-10 01:00:00,2025-02-13 21:00:00,93,270.14,True,True,266.5478515625,3.2674049355444446,269.81525649804445,0.0,0.1144294920013635,0.0,1.0
core_neuralprophet_frozen_s123,neuralprophet,frozen,selected,False,123,5,2025-02-10 01:00:00,2025-02-13 22:00:00,94,260.12,True,True,262.4356689453125,3.2674049355444446,265.70307388085695,0.0,0.1144294920013635,0.0,1.0
core_neuralprophet_frozen_s123,neuralprophet,frozen,selected,False,123,5,2025-02-10 01:00:00,2025-02-13 23:00:00,95,331.13,True,True,336.7160339355469,3.2674049355444446,339.9834388710913,0.0,0.1144294920013635,0.0,1.0
core_neuralprophet_frozen_s123,neuralprophet,frozen,selected,False,123,5,2025-02-10 01:00:00,2025-02-14 00:00:00,96,444.49,True,True,468.49072265625,3.2674049355444446,471.75812759179445,0.0,0.1144294920013635,0.0,1.0
core_neuralprophet_frozen_s123,neuralprophet,frozen,selected,False,123,5,2025-02-10 01:00:00,2025-02-14 01:00:00,97,549.87,True,True,581.340087890625,3.2674049355444446,584.6074928261694,0.0,0.1144294920013635,0.0,1.0
core_neuralprophet_frozen_s123,neuralprophet,frozen,selected,False,123,5,2025-02-10 01:00:00,2025-02-14 02:00:00,98,601.88,True,True,648.5105590820312,3.2674049355444446,651.7779640175756,0.0,0.1144294920013635,0.0,1.0
core_neuralprophet_frozen_s123,neuralprophet,frozen,selected,False,123,5,2025-02-10 01:00:00,2025-02-14 03:00:00,99,572.3,True,True,620.5841064453125,3.2674049355444446,623.8515113808569,0.0,0.1144294920013635,0.0,1.0
core_neuralprophet_frozen_s123,neuralprophet,frozen,selected,False,123,5,2025-02-10 01:00:00,2025-02-14 04:00:00,100,375.34,True,True,398.25537109375,3.2674049355444446,401.52277602929445,0.0,0.1144294920013635,0.0,1.0
core_neuralprophet_frozen_s123,neuralprophet,frozen,selected,False,123,5,2025-02-10 01:00:00,2025-02-14 05:00:00,101,349.22,True,True,363.7584838867188,3.2674049355444446,367.02588882226325,0.0,0.1144294920013635,0.0,1.0
core_neuralprophet_frozen_s123,neuralprophet,frozen,selected,False,123,5,2025-02-10 01:00:00,2025-02-14 06:00:00,102,373.4,True,True,370.8392028808594,3.2674049355444446,374.1066078164038,0.0,0.1144294920013635,0.0,1.0
core_neuralprophet_frozen_s123,neuralprophet,frozen,selected,False,123,5,2025-02-10 01:00:00,2025-02-14 07:00:00,103,363.75,True,True,350.73858642578125,3.2674049355444446,354.0059913613257,0.0,0.1144294920013635,0.0,1.0
core_neuralprophet_frozen_s123,neuralprophet,frozen,selected,False,123,5,2025-02-10 01:00:00,2025-02-14 08:00:00,104,404.93,True,True,361.40325927734375,3.2674049355444446,364.6706642128882,0.0,0.1144294920013635,0.0,1.0
core_neuralprophet_frozen_s123,neuralprophet,frozen,selected,False,123,5,2025-02-10 01:00:00,2025-02-14 09:00:00,105,419.72,True,True,374.5348205566406,3.2674049355444446,377.8022254921851,0.0,0.1144294920013635,0.0,1.0
core_neuralprophet_frozen_s123,neuralprophet,frozen,selected,False,123,5,2025-02-10 01:00:00,2025-02-14 10:00:00,106,473.48,True,True,465.1587829589844,3.2674049355444446,468.4261878945288,0.0,0.1144294920013635,0.0,1.0
core_neuralprophet_frozen_s123,neuralprophet,frozen,selected,False,123,5,2025-02-10 01:00:00,2025-02-14 11:00:00,107,611.54,True,True,642.8055419921875,3.2674049355444446,646.0729469277319,0.0,0.1144294920013635,0.0,1.0
core_neuralprophet_frozen_s123,neuralprophet,frozen,selected,False,123,5,2025-02-10 01:00:00,2025-02-14 12:00:00,108,748.78,True,True,824.0660400390625,3.2674049355444446,827.3334449746069,0.0,0.1144294920013635,0.0,1.0
core_neuralprophet_frozen_s123,neuralprophet,frozen,selected,False,123,5,2025-02-10 01:00:00,2025-02-14 13:00:00,109,854.48,True,True,938.70263671875,3.2674049355444446,941.9700416542944,0.0,0.1144294920013635,0.0,1.0
core_neuralprophet_frozen_s123,neuralprophet,frozen,selected,False,123,5,2025-02-10 01:00:00,2025-02-14 14:00:00,110,966.79,True,True,1035.7774658203125,3.2674049355444446,1039.044870755857,0.0,0.1144294920013635,0.0,1.0
core_neuralprophet_frozen_s123,neuralprophet,frozen,selected,False,123,5,2025-02-10 01:00:00,2025-02-14 15:00:00,111,1036.96,True,True,1090.0926513671875,3.2674049355444446,1093.360056302732,0.0,0.1144294920013635,0.0,1.0
core_neuralprophet_frozen_s123,neuralprophet,frozen,selected,False,123,5,2025-02-10 01:00:00,2025-02-14 16:00:00,112,1010.44,True,True,1052.5616455078125,3.2674049355444446,1055.829050443357,0.0,0.1144294920013635,0.0,1.0
core_neuralprophet_frozen_s123,neuralprophet,frozen,selected,False,123,5,2025-02-10 01:00:00,2025-02-14 17:00:00,113,939.11,True,True,976.0951538085938,3.2674049355444446,979.3625587441381,0.0,0.1144294920013635,0.0,1.0
core_neuralprophet_frozen_s123,neuralprophet,frozen,selected,False,123,5,2025-02-10 01:00:00,2025-02-14 18:00:00,114,879.44,True,True,897.0629272460938,3.2674049355444446,900.3303321816381,0.0,0.1144294920013635,0.0,1.0
core_neuralprophet_frozen_s123,neuralprophet,frozen,selected,False,123,5,2025-02-10 01:00:00,2025-02-14 19:00:00,115,785.27,True,True,806.7590942382812,3.2674049355444446,810.0264991738256,0.0,0.1144294920013635,0.0,1.0
core_neuralprophet_frozen_s123,neuralprophet,frozen,selected,False,123,5,2025-02-10 01:00:00,2025-02-14 20:00:00,116,657.49,True,True,663.2014770507812,3.2674049355444446,666.4688819863256,0.0,0.1144294920013635,0.0,1.0
core_neuralprophet_frozen_s123,neuralprophet,frozen,selected,False,123,5,2025-02-10 01:00:00,2025-02-14 21:00:00,117,547.33,True,True,542.9623413085938,3.2674049355444446,546.2297462441381,0.0,0.1144294920013635,0.0,1.0
core_neuralprophet_frozen_s123,neuralprophet,frozen,selected,False,123,5,2025-02-10 01:00:00,2025-02-14 22:00:00,118,464.79,True,True,452.0622863769531,3.2674049355444446,455.3296913124976,0.0,0.1144294920013635,0.0,1.0
core_neuralprophet_frozen_s123,neuralprophet,frozen,selected,False,123,5,2025-02-10 01:00:00,2025-02-14 23:00:00,119,366.24,True,True,350.9696350097656,3.2674049355444446,354.2370399453101,0.0,0.1144294920013635,0.0,1.0
core_neuralprophet_frozen_s123,neuralprophet,frozen,selected,False,123,5,2025-02-10 01:00:00,2025-02-15 00:00:00,120,269.16,True,True,271.15301513671875,3.2674049355444446,274.4204200722632,0.0,0.1144294920013635,0.0,1.0
core_neuralprophet_frozen_s123,neuralprophet,frozen,selected,False,123,5,2025-02-10 01:00:00,2025-02-15 01:00:00,121,185.33,True,True,185.4332427978516,3.2674049355444446,188.70064773339604,0.0,0.1144294920013635,0.0,1.0
core_neuralprophet_frozen_s123,neuralprophet,frozen,selected,False,123,5,2025-02-10 01:00:00,2025-02-15 02:00:00,122,172.2,True,True,197.32730102539065,3.2674049355444446,200.5947059609351,0.0,0.1144294920013635,0.0,1.0
core_neuralprophet_frozen_s123,neuralprophet,frozen,selected,False,123,5,2025-02-10 01:00:00,2025-02-15 03:00:00,123,148.07,True,True,150.1943817138672,3.2674049355444446,153.46178664941164,0.0,0.1144294920013635,0.0,1.0
core_neuralprophet_frozen_s123,neuralprophet,frozen,selected,False,123,5,2025-02-10 01:00:00,2025-02-15 04:00:00,124,100.37,True,True,82.27396392822266,3.2674049355444446,85.5413688637671,0.0,0.1144294920013635,0.0,1.0
core_neuralprophet_frozen_s123,neuralprophet,frozen,selected,False,123,5,2025-02-10 01:00:00,2025-02-15 05:00:00,125,78.32,True,True,59.52277374267578,3.2674049355444446,62.79017867822023,0.0,0.1144294920013635,0.0,1.0
core_neuralprophet_frozen_s123,neuralprophet,frozen,selected,False,123,5,2025-02-10 01:00:00,2025-02-15 06:00:00,126,72.24,True,True,37.2196044921875,3.2674049355444446,40.48700942773195,0.0,0.1144294920013635,0.0,1.0
core_neuralprophet_frozen_s123,neuralprophet,frozen,selected,False,123,5,2025-02-10 01:00:00,2025-02-15 07:00:00,127,75.83,True,True,44.932865142822266,3.2674049355444446,48.200270078366714,0.0,0.1144294920013635,0.0,1.0
core_neuralprophet_frozen_s123,neuralprophet,frozen,selected,False,123,5,2025-02-10 01:00:00,2025-02-15 08:00:00,128,89.91,True,True,64.48421478271484,3.2674049355444446,67.75161971825929,0.0,0.1144294920013635,0.0,1.0
core_neuralprophet_frozen_s123,neuralprophet,frozen,selected,False,123,5,2025-02-10 01:00:00,2025-02-15 09:00:00,129,104.0,True,True,77.97917938232422,3.2674049355444446,81.24658431786867,0.0,0.1144294920013635,0.0,1.0
core_neuralprophet_frozen_s123,neuralprophet,frozen,selected,False,123,5,2025-02-10 01:00:00,2025-02-15 10:00:00,130,145.37,True,True,119.5416259765625,3.2674049355444446,122.80903091210695,0.0,0.1144294920013635,0.0,1.0
core_neuralprophet_frozen_s123,neuralprophet,frozen,selected,False,123,5,2025-02-10 01:00:00,2025-02-15 11:00:00,131,226.72,True,True,208.09768676757807,3.2674049355444446,211.36509170312252,0.0,0.1144294920013635,0.0,1.0
core_neuralprophet_frozen_s123,neuralprophet,frozen,selected,False,123,5,2025-02-10 01:00:00,2025-02-15 12:00:00,132,292.91,True,True,262.29669189453125,3.2674049355444446,265.5640968300757,0.0,0.1144294920013635,0.0,1.0
core_neuralprophet_frozen_s123,neuralprophet,frozen,selected,False,123,5,2025-02-10 01:00:00,2025-02-15 13:00:00,133,293.88,True,True,262.6291809082031,3.2674049355444446,265.8965858437476,0.0,0.1144294920013635,0.0,1.0
core_neuralprophet_frozen_s123,neuralprophet,frozen,selected,False,123,5,2025-02-10 01:00:00,2025-02-15 14:00:00,134,246.51,True,True,182.60665893554688,3.2674049355444446,185.87406387109132,0.0,0.1144294920013635,0.0,1.0
core_neuralprophet_frozen_s123,neuralprophet,frozen,selected,False,123,5,2025-02-10 01:00:00,2025-02-15 15:00:00,135,190.21,True,True,101.029541015625,3.2674049355444446,104.29694595116945,0.0,0.1144294920013635,0.0,1.0
core_neuralprophet_frozen_s123,neuralprophet,frozen,selected,False,123,5,2025-02-10 01:00:00,2025-02-15 16:00:00,136,110.3,True,True,5.794671535491943,3.2674049355444446,9.062076471036388,0.0,0.1144294920013635,0.0,1.0
core_neuralprophet_frozen_s123,neuralprophet,frozen,selected,False,123,5,2025-02-10 01:00:00,2025-02-15 17:00:00,137,72.65,True,True,5.725220680236816,3.2674049355444446,8.992625615781261,0.0,0.1144294920013635,0.0,1.0
core_neuralprophet_frozen_s123,neuralprophet,frozen,selected,False,123,5,2025-02-10 01:00:00,2025-02-15 18:00:00,138,44.78,True,True,-4.57799243927002,3.2674049355444446,-1.3105875037255759,0.0,0.1144294920013635,0.0,1.0
core_neuralprophet_frozen_s123,neuralprophet,frozen,selected,False,123,5,2025-02-10 01:00:00,2025-02-15 19:00:00,139,26.85,True,True,2.467348098754883,3.2674049355444446,5.734753034299327,0.0,0.1144294920013635,0.0,1.0
core_neuralprophet_frozen_s123,neuralprophet,frozen,selected,False,123,5,2025-02-10 01:00:00,2025-02-15 20:00:00,140,17.27,True,True,-1.3892419338226318,3.2674049355444446,1.8781630017218127,0.0,0.1144294920013635,0.0,1.0
core_neuralprophet_frozen_s123,neuralprophet,frozen,selected,False,123,5,2025-02-10 01:00:00,2025-02-15 21:00:00,141,11.84,True,True,10.677586555480955,3.2674049355444446,13.9449914910254,0.0,0.1144294920013635,0.0,1.0
core_neuralprophet_frozen_s123,neuralprophet,frozen,selected,False,123,5,2025-02-10 01:00:00,2025-02-15 22:00:00,142,10.68,True,True,20.28457260131836,3.2674049355444446,23.551977536862804,0.0,0.1144294920013635,0.0,1.0
core_neuralprophet_frozen_s123,neuralprophet,frozen,selected,False,123,5,2025-02-10 01:00:00,2025-02-15 23:00:00,143,17.11,True,True,26.29379653930664,3.2674049355444446,29.561201474851085,0.0,0.1144294920013635,0.0,1.0
core_neuralprophet_frozen_s123,neuralprophet,frozen,selected,False,123,5,2025-02-10 01:00:00,2025-02-16 00:00:00,144,22.66,True,True,31.262426376342773,3.2674049355444446,34.52983131188722,0.0,0.1144294920013635,0.0,1.0
core_neuralprophet_frozen_s123,neuralprophet,frozen,selected,False,123,5,2025-02-10 01:00:00,2025-02-16 01:00:00,145,22.56,True,True,27.77170753479004,3.2674049355444446,31.039112470334484,0.0,0.1144294920013635,0.0,1.0
core_neuralprophet_frozen_s123,neuralprophet,frozen,selected,False,123,5,2025-02-10 01:00:00,2025-02-16 02:00:00,146,18.86,True,True,23.562807083129883,3.2674049355444446,26.830212018674327,0.0,0.1144294920013635,0.0,1.0
core_neuralprophet_frozen_s123,neuralprophet,frozen,selected,False,123,5,2025-02-10 01:00:00,2025-02-16 03:00:00,147,13.37,True,True,23.427562713623047,3.2674049355444446,26.69496764916749,0.0,0.1144294920013635,0.0,1.0
core_neuralprophet_frozen_s123,neuralprophet,frozen,selected,False,123,5,2025-02-10 01:00:00,2025-02-16 04:00:00,148,7.9,True,True,19.3972225189209,3.2674049355444446,22.664627454465343,0.0,0.1144294920013635,0.0,1.0
core_neuralprophet_frozen_s123,neuralprophet,frozen,selected,False,123,5,2025-02-10 01:00:00,2025-02-16 05:00:00,149,7.2,True,True,22.36035919189453,3.2674049355444446,25.627764127438976,0.0,0.1144294920013635,0.0,1.0
core_neuralprophet_frozen_s123,neuralprophet,frozen,selected,False,123,5,2025-02-10 01:00:00,2025-02-16 06:00:00,150,7.44,True,True,16.623123168945312,3.2674049355444446,19.890528104489757,0.0,0.1144294920013635,0.0,1.0
core_neuralprophet_frozen_s123,neuralprophet,frozen,selected,False,123,5,2025-02-10 01:00:00,2025-02-16 07:00:00,151,8.5,True,True,13.842450141906738,3.2674049355444446,17.109855077451183,0.0,0.1144294920013635,0.0,1.0
core_neuralprophet_frozen_s123,neuralprophet,frozen,selected,False,123,5,2025-02-10 01:00:00,2025-02-16 08:00:00,152,11.07,True,True,12.688451766967772,3.2674049355444446,15.955856702512216,0.0,0.1144294920013635,0.0,1.0
core_neuralprophet_frozen_s123,neuralprophet,frozen,selected,False,123,5,2025-02-10 01:00:00,2025-02-16 09:00:00,153,12.97,True,True,12.98939323425293,3.2674049355444446,16.256798169797374,0.0,0.1144294920013635,0.0,1.0
core_neuralprophet_frozen_s123,neuralprophet,frozen,selected,False,123,5,2025-02-10 01:00:00,2025-02-16 10:00:00,154,13.88,True,True,7.98521614074707,3.2674049355444446,11.252621076291515,0.0,0.1144294920013635,0.0,1.0
core_neuralprophet_frozen_s123,neuralprophet,frozen,selected,False,123,5,2025-02-10 01:00:00,2025-02-16 11:00:00,155,17.04,True,True,11.037529945373535,3.2674049355444446,14.30493488091798,0.0,0.1144294920013635,0.0,1.0
core_neuralprophet_frozen_s123,neuralprophet,frozen,selected,False,123,5,2025-02-10 01:00:00,2025-02-16 12:00:00,156,20.54,True,True,10.919586181640623,3.2674049355444446,14.186991117185068,0.0,0.1144294920013635,0.0,1.0
core_neuralprophet_frozen_s123,neuralprophet,frozen,selected,False,123,5,2025-02-10 01:00:00,2025-02-16 13:00:00,157,23.46,True,True,7.310595512390137,3.2674049355444446,10.578000447934581,0.0,0.1144294920013635,0.0,1.0
core_neuralprophet_frozen_s123,neuralprophet,frozen,selected,False,123,5,2025-02-10 01:00:00,2025-02-16 14:00:00,158,26.54,True,True,-1.5515272617340088,3.2674049355444446,1.7158776738104358,0.0,0.1144294920013635,0.0,1.0
core_neuralprophet_frozen_s123,neuralprophet,frozen,selected,False,123,5,2025-02-10 01:00:00,2025-02-16 15:00:00,159,24.64,True,True,-0.5419797301292419,3.2674049355444446,2.7254252054152026,0.0,0.1144294920013635,0.0,1.0
core_neuralprophet_frozen_s123,neuralprophet,frozen,selected,False,123,5,2025-02-10 01:00:00,2025-02-16 16:00:00,160,18.44,True,True,-5.019643783569336,3.2674049355444446,-1.7522388480248914,0.0,0.1144294920013635,0.0,1.0
core_neuralprophet_frozen_s123,neuralprophet,frozen,selected,False,123,5,2025-02-10 01:00:00,2025-02-16 17:00:00,161,17.24,True,True,0.2968578934669494,3.2674049355444446,3.564262829011394,0.0,0.1144294920013635,0.0,1.0
core_neuralprophet_frozen_s123,neuralprophet,frozen,selected,False,123,5,2025-02-10 01:00:00,2025-02-16 18:00:00,162,16.83,True,True,-3.202038526535034,3.2674049355444446,0.06536640900941038,0.0,0.1144294920013635,0.0,1.0
core_neuralprophet_frozen_s123,neuralprophet,frozen,selected,False,123,5,2025-02-10 01:00:00,2025-02-16 19:00:00,163,16.43,True,True,-4.390392303466797,3.2674049355444446,-1.1229873679223523,0.0,0.1144294920013635,0.0,1.0
core_neuralprophet_frozen_s123,neuralprophet,frozen,selected,False,123,5,2025-02-10 01:00:00,2025-02-16 20:00:00,164,15.59,True,True,6.31452751159668,3.2674049355444446,9.581932447141124,0.0,0.1144294920013635,0.0,1.0
core_neuralprophet_frozen_s123,neuralprophet,frozen,selected,False,123,5,2025-02-10 01:00:00,2025-02-16 21:00:00,165,15.09,True,True,0.5530461072921753,3.2674049355444446,3.82045104283662,0.0,0.1144294920013635,0.0,1.0
core_neuralprophet_frozen_s123,neuralprophet,frozen,selected,False,123,5,2025-02-10 01:00:00,2025-02-16 22:00:00,166,16.25,True,True,2.1042299270629883,3.2674049355444446,5.371634862607433,0.0,0.1144294920013635,0.0,1.0
core_neuralprophet_frozen_s123,neuralprophet,frozen,selected,False,123,5,2025-02-10 01:00:00,2025-02-16 23:00:00,167,27.63,True,True,30.85003471374512,3.2674049355444446,34.117439649289565,0.0,0.1144294920013635,0.0,1.0
core_neuralprophet_frozen_s123,neuralprophet,frozen,selected,False,123,5,2025-02-10 01:00:00,2025-02-17 00:00:00,168,42.42,True,True,42.33087539672852,3.2674049355444446,45.598280332272964,0.0,0.1144294920013635,0.0,1.0
core_neuralprophet_frozen_s123,neuralprophet,frozen,selected,False,123,6,2025-02-17 01:00:00,2025-02-17 01:00:00,1,51.7,True,True,33.47156524658203,0.8383522854816321,34.309917532063665,0.0,0.1138659239986736,0.0,1.0
core_neuralprophet_frozen_s123,neuralprophet,frozen,selected,False,123,6,2025-02-17 01:00:00,2025-02-17 02:00:00,2,47.88,True,True,46.10113525390625,0.8383522854816321,46.93948753938788,0.0,0.1138659239986736,0.0,1.0
core_neuralprophet_frozen_s123,neuralprophet,frozen,selected,False,123,6,2025-02-17 01:00:00,2025-02-17 03:00:00,3,36.85,True,True,35.395545959472656,0.8383522854816321,36.23389824495429,0.0,0.1138659239986736,0.0,1.0
core_neuralprophet_frozen_s123,neuralprophet,frozen,selected,False,123,6,2025-02-17 01:00:00,2025-02-17 04:00:00,4,20.69,True,True,33.75319290161133,0.8383522854816321,34.59154518709296,0.0,0.1138659239986736,0.0,1.0
core_neuralprophet_frozen_s123,neuralprophet,frozen,selected,False,123,6,2025-02-17 01:00:00,2025-02-17 05:00:00,5,18.02,True,True,34.82064437866211,0.8383522854816321,35.65899666414374,0.0,0.1138659239986736,0.0,1.0
core_neuralprophet_frozen_s123,neuralprophet,frozen,selected,False,123,6,2025-02-17 01:00:00,2025-02-17 06:00:00,6,18.83,True,True,43.61440658569336,0.8383522854816321,44.45275887117499,0.0,0.1138659239986736,0.0,1.0
core_neuralprophet_frozen_s123,neuralprophet,frozen,selected,False,123,6,2025-02-17 01:00:00,2025-02-17 07:00:00,7,30.23,True,True,60.71297454833984,0.8383522854816321,61.55132683382147,0.0,0.1138659239986736,0.0,1.0
core_neuralprophet_frozen_s123,neuralprophet,frozen,selected,False,123,6,2025-02-17 01:00:00,2025-02-17 08:00:00,8,57.88,True,True,100.85299682617188,0.8383522854816321,101.69134911165351,0.0,0.1138659239986736,0.0,1.0
core_neuralprophet_frozen_s123,neuralprophet,frozen,selected,False,123,6,2025-02-17 01:00:00,2025-02-17 09:00:00,9,87.72,True,True,130.6135711669922,0.8383522854816321,131.4519234524738,0.0,0.1138659239986736,0.0,1.0
core_neuralprophet_frozen_s123,neuralprophet,frozen,selected,False,123,6,2025-02-17 01:00:00,2025-02-17 10:00:00,10,127.67,True,True,139.8485107421875,0.8383522854816321,140.68686302766912,0.0,0.1138659239986736,0.0,1.0
core_neuralprophet_frozen_s123,neuralprophet,frozen,selected,False,123,6,2025-02-17 01:00:00,2025-02-17 11:00:00,11,200.43,True,True,203.1236267089844,0.8383522854816321,203.96197899446602,0.0,0.1138659239986736,0.0,1.0
core_neuralprophet_frozen_s123,neuralprophet,frozen,selected,False,123,6,2025-02-17 01:00:00,2025-02-17 12:00:00,12,285.42,True,True,314.4222412109375,0.8383522854816321,315.2605934964191,0.0,0.1138659239986736,0.0,1.0
core_neuralprophet_frozen_s123,neuralprophet,frozen,selected,False,123,6,2025-02-17 01:00:00,2025-02-17 13:00:00,13,369.4,True,True,431.0707702636719,0.8383522854816321,431.9091225491535,0.0,0.1138659239986736,0.0,1.0
core_neuralprophet_frozen_s123,neuralprophet,frozen,selected,False,123,6,2025-02-17 01:00:00,2025-02-17 14:00:00,14,453.88,True,True,531.8192749023438,0.8383522854816321,532.6576271878254,0.0,0.1138659239986736,0.0,1.0
core_neuralprophet_frozen_s123,neuralprophet,frozen,selected,False,123,6,2025-02-17 01:00:00,2025-02-17 15:00:00,15,504.29,True,True,622.07275390625,0.8383522854816321,622.9111061917316,0.0,0.1138659239986736,0.0,1.0
core_neuralprophet_frozen_s123,neuralprophet,frozen,selected,False,123,6,2025-02-17 01:00:00,2025-02-17 16:00:00,16,491.51,True,True,619.0078735351562,0.8383522854816321,619.8462258206379,0.0,0.1138659239986736,0.0,1.0
core_neuralprophet_frozen_s123,neuralprophet,frozen,selected,False,123,6,2025-02-17 01:00:00,2025-02-17 17:00:00,17,471.71,True,True,561.5211181640625,0.8383522854816321,562.3594704495441,0.0,0.1138659239986736,0.0,1.0
core_neuralprophet_frozen_s123,neuralprophet,frozen,selected,False,123,6,2025-02-17 01:00:00,2025-02-17 18:00:00,18,469.79,True,True,549.7477416992188,0.8383522854816321,550.5860939847004,0.0,0.1138659239986736,0.0,1.0
core_neuralprophet_frozen_s123,neuralprophet,frozen,selected,False,123,6,2025-02-17 01:00:00,2025-02-17 19:00:00,19,490.14,True,True,565.55810546875,0.8383522854816321,566.3964577542316,0.0,0.1138659239986736,0.0,1.0
core_neuralprophet_frozen_s123,neuralprophet,frozen,selected,False,123,6,2025-02-17 01:00:00,2025-02-17 20:00:00,20,516.16,True,True,590.8286743164062,0.8383522854816321,591.6670266018879,0.0,0.1138659239986736,0.0,1.0
core_neuralprophet_frozen_s123,neuralprophet,frozen,selected,False,123,6,2025-02-17 01:00:00,2025-02-17 21:00:00,21,530.29,True,True,601.3892822265625,0.8383522854816321,602.2276345120441,0.0,0.1138659239986736,0.0,1.0
core_neuralprophet_frozen_s123,neuralprophet,frozen,selected,False,123,6,2025-02-17 01:00:00,2025-02-17 22:00:00,22,516.85,True,True,575.3516845703125,0.8383522854816321,576.1900368557941,0.0,0.1138659239986736,0.0,1.0
core_neuralprophet_frozen_s123,neuralprophet,frozen,selected,False,123,6,2025-02-17 01:00:00,2025-02-17 23:00:00,23,534.32,True,True,571.3397827148438,0.8383522854816321,572.1781350003254,0.0,0.1138659239986736,0.0,1.0
core_neuralprophet_frozen_s123,neuralprophet,frozen,selected,False,123,6,2025-02-17 01:00:00,2025-02-18 00:00:00,24,524.69,True,True,559.6248779296875,0.8383522854816321,560.4632302151691,0.0,0.1138659239986736,0.0,1.0
core_neuralprophet_frozen_s123,neuralprophet,frozen,selected,False,123,6,2025-02-17 01:00:00,2025-02-18 01:00:00,25,441.23,True,True,457.1077270507813,0.8383522854816321,457.9460793362629,0.0,0.1138659239986736,0.0,1.0
core_neuralprophet_frozen_s123,neuralprophet,frozen,selected,False,123,6,2025-02-17 01:00:00,2025-02-18 02:00:00,26,370.35,True,True,371.2146911621094,0.8383522854816321,372.053043447591,0.0,0.1138659239986736,0.0,1.0
core_neuralprophet_frozen_s123,neuralprophet,frozen,selected,False,123,6,2025-02-17 01:00:00,2025-02-18 03:00:00,27,275.84,True,True,281.2672424316406,0.8383522854816321,282.10559471712224,0.0,0.1138659239986736,0.0,1.0
core_neuralprophet_frozen_s123,neuralprophet,frozen,selected,False,123,6,2025-02-17 01:00:00,2025-02-18 04:00:00,28,49.01,True,True,49.36719512939453,0.8383522854816321,50.205547414876165,0.0,0.1138659239986736,0.0,1.0
core_neuralprophet_frozen_s123,neuralprophet,frozen,selected,False,123,6,2025-02-17 01:00:00,2025-02-18 05:00:00,29,29.51,True,True,28.591928482055664,0.8383522854816321,29.430280767537297,0.0,0.1138659239986736,0.0,1.0
core_neuralprophet_frozen_s123,neuralprophet,frozen,selected,False,123,6,2025-02-17 01:00:00,2025-02-18 06:00:00,30,29.15,True,True,47.70399475097656,0.8383522854816321,48.542347036458196,0.0,0.1138659239986736,0.0,1.0
core_neuralprophet_frozen_s123,neuralprophet,frozen,selected,False,123,6,2025-02-17 01:00:00,2025-02-18 07:00:00,31,67.07,True,True,123.46080017089844,0.8383522854816321,124.29915245638007,0.0,0.1138659239986736,0.0,1.0
core_neuralprophet_frozen_s123,neuralprophet,frozen,selected,False,123,6,2025-02-17 01:00:00,2025-02-18 08:00:00,32,133.78,True,True,183.9409942626953,0.8383522854816321,184.77934654817693,0.0,0.1138659239986736,0.0,1.0
core_neuralprophet_frozen_s123,neuralprophet,frozen,selected,False,123,6,2025-02-17 01:00:00,2025-02-18 09:00:00,33,199.94,True,True,230.3589324951172,0.8383522854816321,231.1972847805988,0.0,0.1138659239986736,0.0,1.0
core_neuralprophet_frozen_s123,neuralprophet,frozen,selected,False,123,6,2025-02-17 01:00:00,2025-02-18 10:00:00,34,239.74,True,True,245.16256713867188,0.8383522854816321,246.0009194241535,0.0,0.1138659239986736,0.0,1.0
core_neuralprophet_frozen_s123,neuralprophet,frozen,selected,False,123,6,2025-02-17 01:00:00,2025-02-18 11:00:00,35,254.81,True,True,268.013427734375,0.8383522854816321,268.8517800198566,0.0,0.1138659239986736,0.0,1.0
core_neuralprophet_frozen_s123,neuralprophet,frozen,selected,False,123,6,2025-02-17 01:00:00,2025-02-18 12:00:00,36,216.09,True,True,192.6833648681641,0.8383522854816321,193.5217171536457,0.0,0.1138659239986736,0.0,1.0
core_neuralprophet_frozen_s123,neuralprophet,frozen,selected,False,123,6,2025-02-17 01:00:00,2025-02-18 13:00:00,37,89.54,True,True,84.63152313232422,0.8383522854816321,85.46987541780585,0.0,0.1138659239986736,0.0,1.0
core_neuralprophet_frozen_s123,neuralprophet,frozen,selected,False,123,6,2025-02-17 01:00:00,2025-02-18 14:00:00,38,57.9,True,True,20.24567604064941,0.8383522854816321,21.084028326131044,0.0,0.1138659239986736,0.0,1.0
core_neuralprophet_frozen_s123,neuralprophet,frozen,selected,False,123,6,2025-02-17 01:00:00,2025-02-18 15:00:00,39,46.09,True,True,32.82602310180664,0.8383522854816321,33.664375387288274,0.0,0.1138659239986736,0.0,1.0
core_neuralprophet_frozen_s123,neuralprophet,frozen,selected,False,123,6,2025-02-17 01:00:00,2025-02-18 16:00:00,40,36.78,True,True,-2.2368738651275635,0.8383522854816321,-1.3985215796459314,0.0,0.1138659239986736,0.0,1.0
core_neuralprophet_frozen_s123,neuralprophet,frozen,selected,False,123,6,2025-02-17 01:00:00,2025-02-18 17:00:00,41,39.7,True,True,24.40139961242676,0.8383522854816321,25.239751897908395,0.0,0.1138659239986736,0.0,1.0
core_neuralprophet_frozen_s123,neuralprophet,frozen,selected,False,123,6,2025-02-17 01:00:00,2025-02-18 18:00:00,42,45.94,True,True,12.436578750610352,0.8383522854816321,13.274931036091983,0.0,0.1138659239986736,0.0,1.0
core_neuralprophet_frozen_s123,neuralprophet,frozen,selected,False,123,6,2025-02-17 01:00:00,2025-02-18 19:00:00,43,59.76,True,True,66.00153350830078,0.8383522854816321,66.83988579378241,0.0,0.1138659239986736,0.0,1.0
core_neuralprophet_frozen_s123,neuralprophet,frozen,selected,False,123,6,2025-02-17 01:00:00,2025-02-18 20:00:00,44,85.69,True,True,105.64906311035156,0.8383522854816321,106.4874153958332,0.0,0.1138659239986736,0.0,1.0
core_neuralprophet_frozen_s123,neuralprophet,frozen,selected,False,123,6,2025-02-17 01:00:00,2025-02-18 21:00:00,45,120.64,True,True,109.7765121459961,0.8383522854816321,110.61486443147773,0.0,0.1138659239986736,0.0,1.0
core_neuralprophet_frozen_s123,neuralprophet,frozen,selected,False,123,6,2025-02-17 01:00:00,2025-02-18 22:00:00,46,166.49,True,True,169.36160278320312,0.8383522854816321,170.19995506868474,0.0,0.1138659239986736,0.0,1.0
core_neuralprophet_frozen_s123,neuralprophet,frozen,selected,False,123,6,2025-02-17 01:00:00,2025-02-18 23:00:00,47,271.65,True,True,296.73760986328125,0.8383522854816321,297.57596214876287,0.0,0.1138659239986736,0.0,1.0
core_neuralprophet_frozen_s123,neuralprophet,frozen,selected,False,123,6,2025-02-17 01:00:00,2025-02-19 00:00:00,48,403.91,True,True,435.3485107421875,0.8383522854816321,436.1868630276691,0.0,0.1138659239986736,0.0,1.0
core_neuralprophet_frozen_s123,neuralprophet,frozen,selected,False,123,6,2025-02-17 01:00:00,2025-02-19 01:00:00,49,489.43,True,True,489.9190673828125,0.8383522854816321,490.7574196682941,0.0,0.1138659239986736,0.0,1.0
core_neuralprophet_frozen_s123,neuralprophet,frozen,selected,False,123,6,2025-02-17 01:00:00,2025-02-19 02:00:00,50,466.75,True,True,465.0560607910156,0.8383522854816321,465.89441307649724,0.0,0.1138659239986736,0.0,1.0
core_neuralprophet_frozen_s123,neuralprophet,frozen,selected,False,123,6,2025-02-17 01:00:00,2025-02-19 03:00:00,51,343.4,True,True,337.6774597167969,0.8383522854816321,338.5158120022785,0.0,0.1138659239986736,0.0,1.0
core_neuralprophet_frozen_s123,neuralprophet,frozen,selected,False,123,6,2025-02-17 01:00:00,2025-02-19 04:00:00,52,51.63,True,True,39.49776458740234,0.8383522854816321,40.33611687288397,0.0,0.1138659239986736,0.0,1.0
core_neuralprophet_frozen_s123,neuralprophet,frozen,selected,False,123,6,2025-02-17 01:00:00,2025-02-19 05:00:00,53,29.72,True,True,64.40953826904297,0.8383522854816321,65.2478905545246,0.0,0.1138659239986736,0.0,1.0
core_neuralprophet_frozen_s123,neuralprophet,frozen,selected,False,123,6,2025-02-17 01:00:00,2025-02-19 06:00:00,54,28.54,True,True,64.42932891845703,0.8383522854816321,65.26768120393866,0.0,0.1138659239986736,0.0,1.0
core_neuralprophet_frozen_s123,neuralprophet,frozen,selected,False,123,6,2025-02-17 01:00:00,2025-02-19 07:00:00,55,40.53,True,True,79.46294403076172,0.8383522854816321,80.30129631624335,0.0,0.1138659239986736,0.0,1.0
core_neuralprophet_frozen_s123,neuralprophet,frozen,selected,False,123,6,2025-02-17 01:00:00,2025-02-19 08:00:00,56,72.4,True,True,108.3465805053711,0.8383522854816321,109.18493279085273,0.0,0.1138659239986736,0.0,1.0
core_neuralprophet_frozen_s123,neuralprophet,frozen,selected,False,123,6,2025-02-17 01:00:00,2025-02-19 09:00:00,57,114.39,True,True,138.16859436035156,0.8383522854816321,139.00694664583318,0.0,0.1138659239986736,0.0,1.0
core_neuralprophet_frozen_s123,neuralprophet,frozen,selected,False,123,6,2025-02-17 01:00:00,2025-02-19 10:00:00,58,202.46,True,True,210.90757751464844,0.8383522854816321,211.74592980013006,0.0,0.1138659239986736,0.0,1.0
core_neuralprophet_frozen_s123,neuralprophet,frozen,selected,False,123,6,2025-02-17 01:00:00,2025-02-19 11:00:00,59,361.35,True,True,363.2520751953125,0.8383522854816321,364.0904274807941,0.0,0.1138659239986736,0.0,1.0
core_neuralprophet_frozen_s123,neuralprophet,frozen,selected,False,123,6,2025-02-17 01:00:00,2025-02-19 12:00:00,60,536.87,True,True,549.336669921875,0.8383522854816321,550.1750222073566,0.0,0.1138659239986736,0.0,1.0
core_neuralprophet_frozen_s123,neuralprophet,frozen,selected,False,123,6,2025-02-17 01:00:00,2025-02-19 13:00:00,61,630.96,True,True,654.6920166015625,0.8383522854816321,655.5303688870441,0.0,0.1138659239986736,0.0,1.0
core_neuralprophet_frozen_s123,neuralprophet,frozen,selected,False,123,6,2025-02-17 01:00:00,2025-02-19 14:00:00,62,589.88,True,True,606.0665893554688,0.8383522854816321,606.9049416409504,0.0,0.1138659239986736,0.0,1.0
core_neuralprophet_frozen_s123,neuralprophet,frozen,selected,False,123,6,2025-02-17 01:00:00,2025-02-19 15:00:00,63,403.76,True,True,435.5205993652344,0.8383522854816321,436.358951650716,0.0,0.1138659239986736,0.0,1.0
core_neuralprophet_frozen_s123,neuralprophet,frozen,selected,False,123,6,2025-02-17 01:00:00,2025-02-19 16:00:00,64,129.17,True,True,133.89305114746094,0.8383522854816321,134.73140343294256,0.0,0.1138659239986736,0.0,1.0
core_neuralprophet_frozen_s123,neuralprophet,frozen,selected,False,123,6,2025-02-17 01:00:00,2025-02-19 17:00:00,65,51.04,True,True,42.63374710083008,0.8383522854816321,43.47209938631171,0.0,0.1138659239986736,0.0,1.0
core_neuralprophet_frozen_s123,neuralprophet,frozen,selected,False,123,6,2025-02-17 01:00:00,2025-02-19 18:00:00,66,29.41,True,True,44.84697723388672,0.8383522854816321,45.68532951936835,0.0,0.1138659239986736,0.0,1.0
core_neuralprophet_frozen_s123,neuralprophet,frozen,selected,False,123,6,2025-02-17 01:00:00,2025-02-19 19:00:00,67,27.89,True,True,49.89356231689453,0.8383522854816321,50.731914602376165,0.0,0.1138659239986736,0.0,1.0
core_neuralprophet_frozen_s123,neuralprophet,frozen,selected,False,123,6,2025-02-17 01:00:00,2025-02-19 20:00:00,68,37.61,True,True,30.7868709564209,0.8383522854816321,31.625223241902532,0.0,0.1138659239986736,0.0,1.0
core_neuralprophet_frozen_s123,neuralprophet,frozen,selected,False,123,6,2025-02-17 01:00:00,2025-02-19 21:00:00,69,50.21,True,True,74.97527313232422,0.8383522854816321,75.81362541780585,0.0,0.1138659239986736,0.0,1.0
core_neuralprophet_frozen_s123,neuralprophet,frozen,selected,False,123,6,2025-02-17 01:00:00,2025-02-19 22:00:00,70,72.89,True,True,96.91602325439452,0.8383522854816321,97.75437553987615,0.0,0.1138659239986736,0.0,1.0
core_neuralprophet_frozen_s123,neuralprophet,frozen,selected,False,123,6,2025-02-17 01:00:00,2025-02-19 23:00:00,71,162.34,True,True,173.5913848876953,0.8383522854816321,174.42973717317693,0.0,0.1138659239986736,0.0,1.0
core_neuralprophet_frozen_s123,neuralprophet,frozen,selected,False,123,6,2025-02-17 01:00:00,2025-02-20 00:00:00,72,301.1,True,True,342.6019897460937,0.8383522854816321,343.4403420315753,0.0,0.1138659239986736,0.0,1.0
core_neuralprophet_frozen_s123,neuralprophet,frozen,selected,False,123,6,2025-02-17 01:00:00,2025-02-20 01:00:00,73,420.92,True,True,411.9113159179688,0.8383522854816321,412.7496682034504,0.0,0.1138659239986736,0.0,1.0
core_neuralprophet_frozen_s123,neuralprophet,frozen,selected,False,123,6,2025-02-17 01:00:00,2025-02-20 02:00:00,74,454.29,True,True,460.0987243652344,0.8383522854816321,460.937076650716,0.0,0.1138659239986736,0.0,1.0
core_neuralprophet_frozen_s123,neuralprophet,frozen,selected,False,123,6,2025-02-17 01:00:00,2025-02-20 03:00:00,75,397.09,True,True,417.8939208984375,0.8383522854816321,418.7322731839191,0.0,0.1138659239986736,0.0,1.0
core_neuralprophet_frozen_s123,neuralprophet,frozen,selected,False,123,6,2025-02-17 01:00:00,2025-02-20 04:00:00,76,77.09,True,True,102.81389617919922,0.8383522854816321,103.65224846468085,0.0,0.1138659239986736,0.0,1.0
core_neuralprophet_frozen_s123,neuralprophet,frozen,selected,False,123,6,2025-02-17 01:00:00,2025-02-20 05:00:00,77,52.74,True,True,102.52023315429688,0.8383522854816321,103.35858543977851,0.0,0.1138659239986736,0.0,1.0
core_neuralprophet_frozen_s123,neuralprophet,frozen,selected,False,123,6,2025-02-17 01:00:00,2025-02-20 06:00:00,78,47.26,True,True,70.3341293334961,0.8383522854816321,71.17248161897773,0.0,0.1138659239986736,0.0,1.0
core_neuralprophet_frozen_s123,neuralprophet,frozen,selected,False,123,6,2025-02-17 01:00:00,2025-02-20 07:00:00,79,46.95,True,True,98.66992950439452,0.8383522854816321,99.50828178987615,0.0,0.1138659239986736,0.0,1.0
core_neuralprophet_frozen_s123,neuralprophet,frozen,selected,False,123,6,2025-02-17 01:00:00,2025-02-20 08:00:00,80,57.55,True,True,94.72432708740234,0.8383522854816321,95.56267937288398,0.0,0.1138659239986736,0.0,1.0
core_neuralprophet_frozen_s123,neuralprophet,frozen,selected,False,123,6,2025-02-17 01:00:00,2025-02-20 09:00:00,81,70.57,True,True,110.92882537841795,0.8383522854816321,111.76717766389959,0.0,0.1138659239986736,0.0,1.0
core_neuralprophet_frozen_s123,neuralprophet,frozen,selected,False,123,6,2025-02-17 01:00:00,2025-02-20 10:00:00,82,77.47,True,True,92.02204132080078,0.8383522854816321,92.86039360628241,0.0,0.1138659239986736,0.0,1.0
core_neuralprophet_frozen_s123,neuralprophet,frozen,selected,False,123,6,2025-02-17 01:00:00,2025-02-20 11:00:00,83,73.05,True,True,68.80148315429688,0.8383522854816321,69.63983543977851,0.0,0.1138659239986736,0.0,1.0
core_neuralprophet_frozen_s123,neuralprophet,frozen,selected,False,123,6,2025-02-17 01:00:00,2025-02-20 12:00:00,84,62.85,True,True,24.43016624450684,0.8383522854816321,25.268518529988473,0.0,0.1138659239986736,0.0,1.0
core_neuralprophet_frozen_s123,neuralprophet,frozen,selected,False,123,6,2025-02-17 01:00:00,2025-02-20 13:00:00,85,93.41,True,True,94.43185424804688,0.8383522854816321,95.27020653352851,0.0,0.1138659239986736,0.0,1.0
core_neuralprophet_frozen_s123,neuralprophet,frozen,selected,False,123,6,2025-02-17 01:00:00,2025-02-20 14:00:00,86,171.86,True,True,171.2002410888672,0.8383522854816321,172.0385933743488,0.0,0.1138659239986736,0.0,1.0
core_neuralprophet_frozen_s123,neuralprophet,frozen,selected,False,123,6,2025-02-17 01:00:00,2025-02-20 15:00:00,87,209.59,True,True,200.5648651123047,0.8383522854816321,201.4032173977863,0.0,0.1138659239986736,0.0,1.0
core_neuralprophet_frozen_s123,neuralprophet,frozen,selected,False,123,6,2025-02-17 01:00:00,2025-02-20 16:00:00,88,183.62,True,True,206.98812866210935,0.8383522854816321,207.82648094759097,0.0,0.1138659239986736,0.0,1.0
core_neuralprophet_frozen_s123,neuralprophet,frozen,selected,False,123,6,2025-02-17 01:00:00,2025-02-20 17:00:00,89,120.59,True,True,106.3163604736328,0.8383522854816321,107.15471275911443,0.0,0.1138659239986736,0.0,1.0
core_neuralprophet_frozen_s123,neuralprophet,frozen,selected,False,123,6,2025-02-17 01:00:00,2025-02-20 18:00:00,90,62.79,True,True,87.13844299316406,0.8383522854816321,87.9767952786457,0.0,0.1138659239986736,0.0,1.0
core_neuralprophet_frozen_s123,neuralprophet,frozen,selected,False,123,6,2025-02-17 01:00:00,2025-02-20 19:00:00,91,28.63,True,True,47.91509246826172,0.8383522854816321,48.75344475374335,0.0,0.1138659239986736,0.0,1.0
core_neuralprophet_frozen_s123,neuralprophet,frozen,selected,False,123,6,2025-02-17 01:00:00,2025-02-20 20:00:00,92,27.27,True,True,43.588226318359375,0.8383522854816321,44.42657860384101,0.0,0.1138659239986736,0.0,1.0
core_neuralprophet_frozen_s123,neuralprophet,frozen,selected,False,123,6,2025-02-17 01:00:00,2025-02-20 21:00:00,93,29.6,True,True,57.994232177734375,0.8383522854816321,58.83258446321601,0.0,0.1138659239986736,0.0,1.0
core_neuralprophet_frozen_s123,neuralprophet,frozen,selected,False,123,6,2025-02-17 01:00:00,2025-02-20 22:00:00,94,36.29,True,True,68.28396606445312,0.8383522854816321,69.12231834993476,0.0,0.1138659239986736,0.0,1.0
core_neuralprophet_frozen_s123,neuralprophet,frozen,selected,False,123,6,2025-02-17 01:00:00,2025-02-20 23:00:00,95,73.17,True,True,101.46564483642578,0.8383522854816321,102.30399712190741,0.0,0.1138659239986736,0.0,1.0
core_neuralprophet_frozen_s123,neuralprophet,frozen,selected,False,123,6,2025-02-17 01:00:00,2025-02-21 00:00:00,96,133.95,True,True,143.44212341308594,0.8383522854816321,144.28047569856756,0.0,0.1138659239986736,0.0,1.0
core_neuralprophet_frozen_s123,neuralprophet,frozen,selected,False,123,6,2025-02-17 01:00:00,2025-02-21 01:00:00,97,175.82,True,True,204.2987823486328,0.8383522854816321,205.13713463411443,0.0,0.1138659239986736,0.0,1.0
core_neuralprophet_frozen_s123,neuralprophet,frozen,selected,False,123,6,2025-02-17 01:00:00,2025-02-21 02:00:00,98,156.43,True,True,171.93728637695312,0.8383522854816321,172.77563866243474,0.0,0.1138659239986736,0.0,1.0
core_neuralprophet_frozen_s123,neuralprophet,frozen,selected,False,123,6,2025-02-17 01:00:00,2025-02-21 03:00:00,99,104.34,True,True,127.8234405517578,0.8383522854816321,128.66179283723943,0.0,0.1138659239986736,0.0,1.0
core_neuralprophet_frozen_s123,neuralprophet,frozen,selected,False,123,6,2025-02-17 01:00:00,2025-02-21 04:00:00,100,31.13,True,True,45.370941162109375,0.8383522854816321,46.20929344759101,0.0,0.1138659239986736,0.0,1.0
core_neuralprophet_frozen_s123,neuralprophet,frozen,selected,False,123,6,2025-02-17 01:00:00,2025-02-21 05:00:00,101,23.81,True,True,99.46923065185548,0.8383522854816321,100.30758293733712,0.0,0.1138659239986736,0.0,1.0
core_neuralprophet_frozen_s123,neuralprophet,frozen,selected,False,123,6,2025-02-17 01:00:00,2025-02-21 06:00:00,102,23.91,True,True,82.18199157714844,0.8383522854816321,83.02034386263007,0.0,0.1138659239986736,0.0,1.0
core_neuralprophet_frozen_s123,neuralprophet,frozen,selected,False,123,6,2025-02-17 01:00:00,2025-02-21 07:00:00,103,33.32,True,True,106.3727569580078,0.8383522854816321,107.21110924348943,0.0,0.1138659239986736,0.0,1.0
core_neuralprophet_frozen_s123,neuralprophet,frozen,selected,False,123,6,2025-02-17 01:00:00,2025-02-21 08:00:00,104,61.12,True,True,105.79856872558594,0.8383522854816321,106.63692101106757,0.0,0.1138659239986736,0.0,1.0
core_neuralprophet_frozen_s123,neuralprophet,frozen,selected,False,123,6,2025-02-17 01:00:00,2025-02-21 09:00:00,105,100.3,True,True,136.67735290527344,0.8383522854816321,137.51570519075506,0.0,0.1138659239986736,0.0,1.0
core_neuralprophet_frozen_s123,neuralprophet,frozen,selected,False,123,6,2025-02-17 01:00:00,2025-02-21 10:00:00,106,218.15,True,True,242.64244079589844,0.8383522854816321,243.48079308138006,0.0,0.1138659239986736,0.0,1.0
core_neuralprophet_frozen_s123,neuralprophet,frozen,selected,False,123,6,2025-02-17 01:00:00,2025-02-21 11:00:00,107,414.26,True,True,438.876708984375,0.8383522854816321,439.7150612698566,0.0,0.1138659239986736,0.0,1.0
core_neuralprophet_frozen_s123,neuralprophet,frozen,selected,False,123,6,2025-02-17 01:00:00,2025-02-21 12:00:00,108,593.67,True,True,617.4486694335938,0.8383522854816321,618.2870217190754,0.0,0.1138659239986736,0.0,1.0
core_neuralprophet_frozen_s123,neuralprophet,frozen,selected,False,123,6,2025-02-17 01:00:00,2025-02-21 13:00:00,109,679.3,True,True,716.03466796875,0.8383522854816321,716.8730202542316,0.0,0.1138659239986736,0.0,1.0
core_neuralprophet_frozen_s123,neuralprophet,frozen,selected,False,123,6,2025-02-17 01:00:00,2025-02-21 14:00:00,110,638.2,True,True,692.9981079101562,0.8383522854816321,693.8364601956379,0.0,0.1138659239986736,0.0,1.0
core_neuralprophet_frozen_s123,neuralprophet,frozen,selected,False,123,6,2025-02-17 01:00:00,2025-02-21 15:00:00,111,482.66,True,True,517.4050903320312,0.8383522854816321,518.2434426175129,0.0,0.1138659239986736,0.0,1.0
core_neuralprophet_frozen_s123,neuralprophet,frozen,selected,False,123,6,2025-02-17 01:00:00,2025-02-21 16:00:00,112,256.64,True,True,256.95245361328125,0.8383522854816321,257.79080589876287,0.0,0.1138659239986736,0.0,1.0
core_neuralprophet_frozen_s123,neuralprophet,frozen,selected,False,123,6,2025-02-17 01:00:00,2025-02-21 17:00:00,113,111.54,True,True,122.94091033935548,0.8383522854816321,123.77926262483712,0.0,0.1138659239986736,0.0,1.0
core_neuralprophet_frozen_s123,neuralprophet,frozen,selected,False,123,6,2025-02-17 01:00:00,2025-02-21 18:00:00,114,53.57,True,True,58.29893493652344,0.8383522854816321,59.13728722200507,0.0,0.1138659239986736,0.0,1.0
core_neuralprophet_frozen_s123,neuralprophet,frozen,selected,False,123,6,2025-02-17 01:00:00,2025-02-21 19:00:00,115,40.4,True,True,65.00331115722656,0.8383522854816321,65.8416634427082,0.0,0.1138659239986736,0.0,1.0
core_neuralprophet_frozen_s123,neuralprophet,frozen,selected,False,123,6,2025-02-17 01:00:00,2025-02-21 20:00:00,116,48.97,True,True,83.25963592529297,0.8383522854816321,84.0979882107746,0.0,0.1138659239986736,0.0,1.0
core_neuralprophet_frozen_s123,neuralprophet,frozen,selected,False,123,6,2025-02-17 01:00:00,2025-02-21 21:00:00,117,61.32,True,True,105.03900909423828,0.8383522854816321,105.87736137971991,0.0,0.1138659239986736,0.0,1.0
core_neuralprophet_frozen_s123,neuralprophet,frozen,selected,False,123,6,2025-02-17 01:00:00,2025-02-21 22:00:00,118,74.62,True,True,95.20750427246094,0.8383522854816321,96.04585655794257,0.0,0.1138659239986736,0.0,1.0
core_neuralprophet_frozen_s123,neuralprophet,frozen,selected,False,123,6,2025-02-17 01:00:00,2025-02-21 23:00:00,119,113.77,True,True,139.12335205078125,0.8383522854816321,139.96170433626287,0.0,0.1138659239986736,0.0,1.0
core_neuralprophet_frozen_s123,neuralprophet,frozen,selected,False,123,6,2025-02-17 01:00:00,2025-02-22 00:00:00,120,154.05,True,True,197.1559295654297,0.8383522854816321,197.9942818509113,0.0,0.1138659239986736,0.0,1.0
core_neuralprophet_frozen_s123,neuralprophet,frozen,selected,False,123,6,2025-02-17 01:00:00,2025-02-22 01:00:00,121,164.86,True,True,186.4877014160156,0.8383522854816321,187.32605370149722,0.0,0.1138659239986736,0.0,1.0
core_neuralprophet_frozen_s123,neuralprophet,frozen,selected,False,123,6,2025-02-17 01:00:00,2025-02-22 02:00:00,122,150.83,True,True,158.34817504882812,0.8383522854816321,159.18652733430974,0.0,0.1138659239986736,0.0,1.0
core_neuralprophet_frozen_s123,neuralprophet,frozen,selected,False,123,6,2025-02-17 01:00:00,2025-02-22 03:00:00,123,107.01,True,True,133.92137145996094,0.8383522854816321,134.75972374544256,0.0,0.1138659239986736,0.0,1.0
core_neuralprophet_frozen_s123,neuralprophet,frozen,selected,False,123,6,2025-02-17 01:00:00,2025-02-22 04:00:00,124,28.36,True,True,57.51953887939453,0.8383522854816321,58.357891164876165,0.0,0.1138659239986736,0.0,1.0
core_neuralprophet_frozen_s123,neuralprophet,frozen,selected,False,123,6,2025-02-17 01:00:00,2025-02-22 05:00:00,125,17.74,True,True,59.31039047241211,0.8383522854816321,60.14874275789374,0.0,0.1138659239986736,0.0,1.0
core_neuralprophet_frozen_s123,neuralprophet,frozen,selected,False,123,6,2025-02-17 01:00:00,2025-02-22 06:00:00,126,15.1,True,True,77.12152099609375,0.8383522854816321,77.95987328157538,0.0,0.1138659239986736,0.0,1.0
core_neuralprophet_frozen_s123,neuralprophet,frozen,selected,False,123,6,2025-02-17 01:00:00,2025-02-22 07:00:00,127,15.54,True,True,73.03368377685547,0.8383522854816321,73.8720360623371,0.0,0.1138659239986736,0.0,1.0
core_neuralprophet_frozen_s123,neuralprophet,frozen,selected,False,123,6,2025-02-17 01:00:00,2025-02-22 08:00:00,128,19.92,True,True,64.17369842529297,0.8383522854816321,65.0120507107746,0.0,0.1138659239986736,0.0,1.0
core_neuralprophet_frozen_s123,neuralprophet,frozen,selected,False,123,6,2025-02-17 01:00:00,2025-02-22 09:00:00,129,24.69,True,True,70.49884033203125,0.8383522854816321,71.33719261751288,0.0,0.1138659239986736,0.0,1.0
core_neuralprophet_frozen_s123,neuralprophet,frozen,selected,False,123,6,2025-02-17 01:00:00,2025-02-22 10:00:00,130,31.99,True,True,25.24286651611328,0.8383522854816321,26.081218801594915,0.0,0.1138659239986736,0.0,1.0
core_neuralprophet_frozen_s123,neuralprophet,frozen,selected,False,123,6,2025-02-17 01:00:00,2025-02-22 11:00:00,131,44.39,True,True,52.91468811035156,0.8383522854816321,53.753040395833196,0.0,0.1138659239986736,0.0,1.0
core_neuralprophet_frozen_s123,neuralprophet,frozen,selected,False,123,6,2025-02-17 01:00:00,2025-02-22 12:00:00,132,53.64,True,True,47.89119338989258,0.8383522854816321,48.72954567537421,0.0,0.1138659239986736,0.0,1.0
core_neuralprophet_frozen_s123,neuralprophet,frozen,selected,False,123,6,2025-02-17 01:00:00,2025-02-22 13:00:00,133,51.41,True,True,50.54122543334961,0.8383522854816321,51.37957771883124,0.0,0.1138659239986736,0.0,1.0
core_neuralprophet_frozen_s123,neuralprophet,frozen,selected,False,123,6,2025-02-17 01:00:00,2025-02-22 14:00:00,134,36.39,True,True,14.284512519836426,0.8383522854816321,15.122864805318057,0.0,0.1138659239986736,0.0,1.0
core_neuralprophet_frozen_s123,neuralprophet,frozen,selected,False,123,6,2025-02-17 01:00:00,2025-02-22 15:00:00,135,19.09,True,True,5.164844512939453,0.8383522854816321,6.003196798421085,0.0,0.1138659239986736,0.0,1.0
core_neuralprophet_frozen_s123,neuralprophet,frozen,selected,False,123,6,2025-02-17 01:00:00,2025-02-22 16:00:00,136,5.61,True,True,22.08584213256836,0.8383522854816321,22.924194418049993,0.0,0.1138659239986736,0.0,1.0
core_neuralprophet_frozen_s123,neuralprophet,frozen,selected,False,123,6,2025-02-17 01:00:00,2025-02-22 17:00:00,137,4.48,True,True,-19.317115783691406,0.8383522854816321,-18.478763498209773,0.0,0.1138659239986736,0.0,1.0
core_neuralprophet_frozen_s123,neuralprophet,frozen,selected,False,123,6,2025-02-17 01:00:00,2025-02-22 18:00:00,138,4.93,True,True,-9.86663055419922,0.8383522854816321,-9.028278268717589,0.0,0.1138659239986736,0.0,1.0
core_neuralprophet_frozen_s123,neuralprophet,frozen,selected,False,123,6,2025-02-17 01:00:00,2025-02-22 19:00:00,139,5.77,True,True,21.498056411743164,0.8383522854816321,22.336408697224797,0.0,0.1138659239986736,0.0,1.0
core_neuralprophet_frozen_s123,neuralprophet,frozen,selected,False,123,6,2025-02-17 01:00:00,2025-02-22 20:00:00,140,7.12,True,True,17.609821319580078,0.8383522854816321,18.44817360506171,0.0,0.1138659239986736,0.0,1.0
core_neuralprophet_frozen_s123,neuralprophet,frozen,selected,False,123,6,2025-02-17 01:00:00,2025-02-22 21:00:00,141,8.89,True,True,30.69921493530273,0.8383522854816321,31.537567220784364,0.0,0.1138659239986736,0.0,1.0
core_neuralprophet_frozen_s123,neuralprophet,frozen,selected,False,123,6,2025-02-17 01:00:00,2025-02-22 22:00:00,142,11.77,True,True,38.19288635253906,0.8383522854816321,39.031238638020696,0.0,0.1138659239986736,0.0,1.0
core_neuralprophet_frozen_s123,neuralprophet,frozen,selected,False,123,6,2025-02-17 01:00:00,2025-02-22 23:00:00,143,22.68,True,True,45.65869140625,0.8383522854816321,46.49704369173163,0.0,0.1138659239986736,0.0,1.0
core_neuralprophet_frozen_s123,neuralprophet,frozen,selected,False,123,6,2025-02-17 01:00:00,2025-02-23 00:00:00,144,34.23,True,True,38.78730773925781,0.8383522854816321,39.625660024739446,0.0,0.1138659239986736,0.0,1.0
core_neuralprophet_frozen_s123,neuralprophet,frozen,selected,False,123,6,2025-02-17 01:00:00,2025-02-23 01:00:00,145,37.87,True,True,37.51885986328125,0.8383522854816321,38.35721214876288,0.0,0.1138659239986736,0.0,1.0
core_neuralprophet_frozen_s123,neuralprophet,frozen,selected,False,123,6,2025-02-17 01:00:00,2025-02-23 02:00:00,146,32.66,True,True,21.45391845703125,0.8383522854816321,22.292270742512883,0.0,0.1138659239986736,0.0,1.0
core_neuralprophet_frozen_s123,neuralprophet,frozen,selected,False,123,6,2025-02-17 01:00:00,2025-02-23 03:00:00,147,23.38,True,True,28.73941993713379,0.8383522854816321,29.577772222615422,0.0,0.1138659239986736,0.0,1.0
core_neuralprophet_frozen_s123,neuralprophet,frozen,selected,False,123,6,2025-02-17 01:00:00,2025-02-23 04:00:00,148,16.47,True,True,38.44334030151367,0.8383522854816321,39.281692586995305,0.0,0.1138659239986736,0.0,1.0
core_neuralprophet_frozen_s123,neuralprophet,frozen,selected,False,123,6,2025-02-17 01:00:00,2025-02-23 05:00:00,149,15.24,True,True,52.47328186035156,0.8383522854816321,53.311634145833196,0.0,0.1138659239986736,0.0,1.0
core_neuralprophet_frozen_s123,neuralprophet,frozen,selected,False,123,6,2025-02-17 01:00:00,2025-02-23 06:00:00,150,15.88,True,True,52.4953498840332,0.8383522854816321,53.33370216951484,0.0,0.1138659239986736,0.0,1.0
core_neuralprophet_frozen_s123,neuralprophet,frozen,selected,False,123,6,2025-02-17 01:00:00,2025-02-23 07:00:00,151,17.65,True,True,60.20022964477539,0.8383522854816321,61.038581930257024,0.0,0.1138659239986736,0.0,1.0
core_neuralprophet_frozen_s123,neuralprophet,frozen,selected,False,123,6,2025-02-17 01:00:00,2025-02-23 08:00:00,152,20.99,True,True,86.78376770019531,0.8383522854816321,87.62211998567695,0.0,0.1138659239986736,0.0,1.0
core_neuralprophet_frozen_s123,neuralprophet,frozen,selected,False,123,6,2025-02-17 01:00:00,2025-02-23 09:00:00,153,24.16,True,True,56.63188171386719,0.8383522854816321,57.47023399934882,0.0,0.1138659239986736,0.0,1.0
core_neuralprophet_frozen_s123,neuralprophet,frozen,selected,False,123,6,2025-02-17 01:00:00,2025-02-23 10:00:00,154,41.36,True,True,75.07209777832031,0.8383522854816321,75.91045006380195,0.0,0.1138659239986736,0.0,1.0
core_neuralprophet_frozen_s123,neuralprophet,frozen,selected,False,123,6,2025-02-17 01:00:00,2025-02-23 11:00:00,155,88.86,True,True,84.18070983886719,0.8383522854816321,85.01906212434882,0.0,0.1138659239986736,0.0,1.0
core_neuralprophet_frozen_s123,neuralprophet,frozen,selected,False,123,6,2025-02-17 01:00:00,2025-02-23 12:00:00,156,145.03,True,True,121.78678894042967,0.8383522854816321,122.6251412259113,0.0,0.1138659239986736,0.0,1.0
core_neuralprophet_frozen_s123,neuralprophet,frozen,selected,False,123,6,2025-02-17 01:00:00,2025-02-23 13:00:00,157,220.52,True,True,200.4771728515625,0.8383522854816321,201.31552513704412,0.0,0.1138659239986736,0.0,1.0
core_neuralprophet_frozen_s123,neuralprophet,frozen,selected,False,123,6,2025-02-17 01:00:00,2025-02-23 14:00:00,158,320.9,True,True,318.8561096191406,0.8383522854816321,319.69446190462224,0.0,0.1138659239986736,0.0,1.0
core_neuralprophet_frozen_s123,neuralprophet,frozen,selected,False,123,6,2025-02-17 01:00:00,2025-02-23 15:00:00,159,383.17,True,True,388.1322937011719,0.8383522854816321,388.9706459866535,0.0,0.1138659239986736,0.0,1.0
core_neuralprophet_frozen_s123,neuralprophet,frozen,selected,False,123,6,2025-02-17 01:00:00,2025-02-23 16:00:00,160,384.47,True,True,401.98626708984375,0.8383522854816321,402.82461937532537,0.0,0.1138659239986736,0.0,1.0
core_neuralprophet_frozen_s123,neuralprophet,frozen,selected,False,123,6,2025-02-17 01:00:00,2025-02-23 17:00:00,161,360.95,True,True,374.34661865234375,0.8383522854816321,375.18497093782537,0.0,0.1138659239986736,0.0,1.0
core_neuralprophet_frozen_s123,neuralprophet,frozen,selected,False,123,6,2025-02-17 01:00:00,2025-02-23 18:00:00,162,343.9,True,True,366.5796508789063,0.8383522854816321,367.4180031643879,0.0,0.1138659239986736,0.0,1.0
core_neuralprophet_frozen_s123,neuralprophet,frozen,selected,False,123,6,2025-02-17 01:00:00,2025-02-23 19:00:00,163,312.32,True,True,333.5765991210937,0.8383522854816321,334.4149514065753,0.0,0.1138659239986736,0.0,1.0
core_neuralprophet_frozen_s123,neuralprophet,frozen,selected,False,123,6,2025-02-17 01:00:00,2025-02-23 20:00:00,164,279.43,True,True,282.7572326660156,0.8383522854816321,283.59558495149724,0.0,0.1138659239986736,0.0,1.0
core_neuralprophet_frozen_s123,neuralprophet,frozen,selected,False,123,6,2025-02-17 01:00:00,2025-02-23 21:00:00,165,257.35,True,True,270.62384033203125,0.8383522854816321,271.46219261751287,0.0,0.1138659239986736,0.0,1.0
core_neuralprophet_frozen_s123,neuralprophet,frozen,selected,False,123,6,2025-02-17 01:00:00,2025-02-23 22:00:00,166,238.45,True,True,261.3507080078125,0.8383522854816321,262.1890602932941,0.0,0.1138659239986736,0.0,1.0
core_neuralprophet_frozen_s123,neuralprophet,frozen,selected,False,123,6,2025-02-17 01:00:00,2025-02-23 23:00:00,167,303.74,True,True,269.4918518066406,0.8383522854816321,270.33020409212224,0.0,0.1138659239986736,0.0,1.0
core_neuralprophet_frozen_s123,neuralprophet,frozen,selected,False,123,6,2025-02-17 01:00:00,2025-02-24 00:00:00,168,431.37,True,True,429.3680114746094,0.8383522854816321,430.206363760091,0.0,0.1138659239986736,0.0,1.0
core_neuralprophet_frozen_s123,neuralprophet,frozen,selected,False,123,7,2025-02-24 01:00:00,2025-02-24 01:00:00,1,567.5,True,True,594.1710205078125,-20.248629151923314,573.9223913558892,0.0,0.1163592720004089,0.0,1.0
core_neuralprophet_frozen_s123,neuralprophet,frozen,selected,False,123,7,2025-02-24 01:00:00,2025-02-24 02:00:00,2,657.01,True,True,703.4063110351562,-20.248629151923314,683.157681883233,0.0,0.1163592720004089,0.0,1.0
core_neuralprophet_frozen_s123,neuralprophet,frozen,selected,False,123,7,2025-02-24 01:00:00,2025-02-24 03:00:00,3,678.43,True,True,700.1248779296875,-20.248629151923314,679.8762487777642,0.0,0.1163592720004089,0.0,1.0
core_neuralprophet_frozen_s123,neuralprophet,frozen,selected,False,123,7,2025-02-24 01:00:00,2025-02-24 04:00:00,4,329.78,True,True,304.7172241210937,-20.248629151923314,284.4685949691704,0.0,0.1163592720004089,0.0,1.0
core_neuralprophet_frozen_s123,neuralprophet,frozen,selected,False,123,7,2025-02-24 01:00:00,2025-02-24 05:00:00,5,267.85,True,True,277.74542236328125,-20.248629151923314,257.49679321135795,0.0,0.1163592720004089,0.0,1.0
core_neuralprophet_frozen_s123,neuralprophet,frozen,selected,False,123,7,2025-02-24 01:00:00,2025-02-24 06:00:00,6,205.48,True,True,253.263916015625,-20.248629151923314,233.01528686370168,0.0,0.1163592720004089,0.0,1.0
core_neuralprophet_frozen_s123,neuralprophet,frozen,selected,False,123,7,2025-02-24 01:00:00,2025-02-24 07:00:00,7,140.92,True,True,195.0728912353516,-20.248629151923314,174.82426208342827,0.0,0.1163592720004089,0.0,1.0
core_neuralprophet_frozen_s123,neuralprophet,frozen,selected,False,123,7,2025-02-24 01:00:00,2025-02-24 08:00:00,8,114.98,True,True,135.79835510253906,-20.248629151923314,115.54972595061575,0.0,0.1163592720004089,0.0,1.0
core_neuralprophet_frozen_s123,neuralprophet,frozen,selected,False,123,7,2025-02-24 01:00:00,2025-02-24 09:00:00,9,113.32,True,True,121.03363037109376,-20.248629151923314,100.78500121917045,0.0,0.1163592720004089,0.0,1.0
core_neuralprophet_frozen_s123,neuralprophet,frozen,selected,False,123,7,2025-02-24 01:00:00,2025-02-24 10:00:00,10,132.34,True,True,118.6942367553711,-20.248629151923314,98.44560760344778,0.0,0.1163592720004089,0.0,1.0
core_neuralprophet_frozen_s123,neuralprophet,frozen,selected,False,123,7,2025-02-24 01:00:00,2025-02-24 11:00:00,11,171.17,True,True,148.89688110351562,-20.248629151923314,128.6482519515923,0.0,0.1163592720004089,0.0,1.0
core_neuralprophet_frozen_s123,neuralprophet,frozen,selected,False,123,7,2025-02-24 01:00:00,2025-02-24 12:00:00,12,215.68,True,True,173.90542602539062,-20.248629151923314,153.6567968734673,0.0,0.1163592720004089,0.0,1.0
core_neuralprophet_frozen_s123,neuralprophet,frozen,selected,False,123,7,2025-02-24 01:00:00,2025-02-24 13:00:00,13,291.4,True,True,260.68634033203125,-20.248629151923314,240.43771118010793,0.0,0.1163592720004089,0.0,1.0
core_neuralprophet_frozen_s123,neuralprophet,frozen,selected,False,123,7,2025-02-24 01:00:00,2025-02-24 14:00:00,14,403.27,True,True,364.1818542480469,-20.248629151923314,343.9332250961236,0.0,0.1163592720004089,0.0,1.0
core_neuralprophet_frozen_s123,neuralprophet,frozen,selected,False,123,7,2025-02-24 01:00:00,2025-02-24 15:00:00,15,487.22,True,True,442.0390930175781,-20.248629151923314,421.79046386565483,0.0,0.1163592720004089,0.0,1.0
core_neuralprophet_frozen_s123,neuralprophet,frozen,selected,False,123,7,2025-02-24 01:00:00,2025-02-24 16:00:00,16,498.67,True,True,467.1310424804688,-20.248629151923314,446.8824133285455,0.0,0.1163592720004089,0.0,1.0
core_neuralprophet_frozen_s123,neuralprophet,frozen,selected,False,123,7,2025-02-24 01:00:00,2025-02-24 17:00:00,17,488.64,True,True,446.93853759765625,-20.248629151923314,426.68990844573295,0.0,0.1163592720004089,0.0,1.0
core_neuralprophet_frozen_s123,neuralprophet,frozen,selected,False,123,7,2025-02-24 01:00:00,2025-02-24 18:00:00,18,481.07,True,True,456.4656677246094,-20.248629151923314,436.2170385726861,0.0,0.1163592720004089,0.0,1.0
core_neuralprophet_frozen_s123,neuralprophet,frozen,selected,False,123,7,2025-02-24 01:00:00,2025-02-24 19:00:00,19,466.0,True,True,434.6363220214844,-20.248629151923314,414.3876928695611,0.0,0.1163592720004089,0.0,1.0
core_neuralprophet_frozen_s123,neuralprophet,frozen,selected,False,123,7,2025-02-24 01:00:00,2025-02-24 20:00:00,20,414.32,True,True,397.93951416015625,-20.248629151923314,377.69088500823295,0.0,0.1163592720004089,0.0,1.0
core_neuralprophet_frozen_s123,neuralprophet,frozen,selected,False,123,7,2025-02-24 01:00:00,2025-02-24 21:00:00,21,325.84,True,True,319.9037780761719,-20.248629151923314,299.6551489242486,0.0,0.1163592720004089,0.0,1.0
core_neuralprophet_frozen_s123,neuralprophet,frozen,selected,False,123,7,2025-02-24 01:00:00,2025-02-24 22:00:00,22,214.52,True,True,215.85614013671875,-20.248629151923314,195.60751098479543,0.0,0.1163592720004089,0.0,1.0
core_neuralprophet_frozen_s123,neuralprophet,frozen,selected,False,123,7,2025-02-24 01:00:00,2025-02-24 23:00:00,23,167.95,True,True,171.53634643554688,-20.248629151923314,151.28771728362355,0.0,0.1163592720004089,0.0,1.0
core_neuralprophet_frozen_s123,neuralprophet,frozen,selected,False,123,7,2025-02-24 01:00:00,2025-02-25 00:00:00,24,149.83,True,True,148.0868682861328,-20.248629151923314,127.8382391342095,0.0,0.1163592720004089,0.0,1.0
core_neuralprophet_frozen_s123,neuralprophet,frozen,selected,False,123,7,2025-02-24 01:00:00,2025-02-25 01:00:00,25,78.4,True,True,49.71019744873047,-20.248629151923314,29.461568296807155,0.0,0.1163592720004089,0.0,1.0
core_neuralprophet_frozen_s123,neuralprophet,frozen,selected,False,123,7,2025-02-24 01:00:00,2025-02-25 02:00:00,26,68.26,True,True,25.104251861572266,-20.248629151923314,4.8556227096489515,0.0,0.1163592720004089,0.0,1.0
core_neuralprophet_frozen_s123,neuralprophet,frozen,selected,False,123,7,2025-02-24 01:00:00,2025-02-25 03:00:00,27,59.85,True,True,21.569005966186523,-20.248629151923314,1.3203768142632093,0.0,0.1163592720004089,0.0,1.0
core_neuralprophet_frozen_s123,neuralprophet,frozen,selected,False,123,7,2025-02-24 01:00:00,2025-02-25 04:00:00,28,43.97,True,True,31.171873092651367,-20.248629151923314,10.923243940728053,0.0,0.1163592720004089,0.0,1.0
core_neuralprophet_frozen_s123,neuralprophet,frozen,selected,False,123,7,2025-02-24 01:00:00,2025-02-25 05:00:00,29,32.36,True,True,35.44245910644531,-20.248629151923314,15.193829954521998,0.0,0.1163592720004089,0.0,1.0
core_neuralprophet_frozen_s123,neuralprophet,frozen,selected,False,123,7,2025-02-24 01:00:00,2025-02-25 06:00:00,30,27.24,True,True,32.668460845947266,-20.248629151923314,12.419831694023951,0.0,0.1163592720004089,0.0,1.0
core_neuralprophet_frozen_s123,neuralprophet,frozen,selected,False,123,7,2025-02-24 01:00:00,2025-02-25 07:00:00,31,26.58,True,True,35.66775894165039,-20.248629151923314,15.419129789727076,0.0,0.1163592720004089,0.0,1.0
core_neuralprophet_frozen_s123,neuralprophet,frozen,selected,False,123,7,2025-02-24 01:00:00,2025-02-25 08:00:00,32,32.4,True,True,39.96966171264648,-20.248629151923314,19.721032560723163,0.0,0.1163592720004089,0.0,1.0
core_neuralprophet_frozen_s123,neuralprophet,frozen,selected,False,123,7,2025-02-24 01:00:00,2025-02-25 09:00:00,33,39.85,True,True,58.35771942138672,-20.248629151923314,38.10909026946341,0.0,0.1163592720004089,0.0,1.0
core_neuralprophet_frozen_s123,neuralprophet,frozen,selected,False,123,7,2025-02-24 01:00:00,2025-02-25 10:00:00,34,71.18,True,True,98.38004302978516,-20.248629151923314,78.13141387786185,0.0,0.1163592720004089,0.0,1.0
core_neuralprophet_frozen_s123,neuralprophet,frozen,selected,False,123,7,2025-02-24 01:00:00,2025-02-25 11:00:00,35,131.49,True,True,147.4302978515625,-20.248629151923314,127.18166869963919,0.0,0.1163592720004089,0.0,1.0
core_neuralprophet_frozen_s123,neuralprophet,frozen,selected,False,123,7,2025-02-24 01:00:00,2025-02-25 12:00:00,36,187.66,True,True,218.85968017578125,-20.248629151923314,198.61105102385793,0.0,0.1163592720004089,0.0,1.0
core_neuralprophet_frozen_s123,neuralprophet,frozen,selected,False,123,7,2025-02-24 01:00:00,2025-02-25 13:00:00,37,235.48,True,True,276.2540588378906,-20.248629151923314,256.00542968596733,0.0,0.1163592720004089,0.0,1.0
core_neuralprophet_frozen_s123,neuralprophet,frozen,selected,False,123,7,2025-02-24 01:00:00,2025-02-25 14:00:00,38,294.34,True,True,319.7178649902344,-20.248629151923314,299.4692358383111,0.0,0.1163592720004089,0.0,1.0
core_neuralprophet_frozen_s123,neuralprophet,frozen,selected,False,123,7,2025-02-24 01:00:00,2025-02-25 15:00:00,39,326.03,True,True,354.0786437988281,-20.248629151923314,333.83001464690483,0.0,0.1163592720004089,0.0,1.0
core_neuralprophet_frozen_s123,neuralprophet,frozen,selected,False,123,7,2025-02-24 01:00:00,2025-02-25 16:00:00,40,324.64,True,True,354.9166564941406,-20.248629151923314,334.66802734221733,0.0,0.1163592720004089,0.0,1.0
core_neuralprophet_frozen_s123,neuralprophet,frozen,selected,False,123,7,2025-02-24 01:00:00,2025-02-25 17:00:00,41,340.78,True,True,366.6602783203125,-20.248629151923314,346.4116491683892,0.0,0.1163592720004089,0.0,1.0
core_neuralprophet_frozen_s123,neuralprophet,frozen,selected,False,123,7,2025-02-24 01:00:00,2025-02-25 18:00:00,42,385.55,True,True,422.5953063964844,-20.248629151923314,402.3466772445611,0.0,0.1163592720004089,0.0,1.0
core_neuralprophet_frozen_s123,neuralprophet,frozen,selected,False,123,7,2025-02-24 01:00:00,2025-02-25 19:00:00,43,440.08,True,True,490.0261535644531,-20.248629151923314,469.77752441252983,0.0,0.1163592720004089,0.0,1.0
core_neuralprophet_frozen_s123,neuralprophet,frozen,selected,False,123,7,2025-02-24 01:00:00,2025-02-25 20:00:00,44,466.09,True,True,532.1716918945312,-20.248629151923314,511.92306274260795,0.0,0.1163592720004089,0.0,1.0
core_neuralprophet_frozen_s123,neuralprophet,frozen,selected,False,123,7,2025-02-24 01:00:00,2025-02-25 21:00:00,45,471.03,True,True,516.3593139648438,-20.248629151923314,496.11068481292045,0.0,0.1163592720004089,0.0,1.0
core_neuralprophet_frozen_s123,neuralprophet,frozen,selected,False,123,7,2025-02-24 01:00:00,2025-02-25 22:00:00,46,433.22,True,True,487.7658996582031,-20.248629151923314,467.51727050627983,0.0,0.1163592720004089,0.0,1.0
core_neuralprophet_frozen_s123,neuralprophet,frozen,selected,False,123,7,2025-02-24 01:00:00,2025-02-25 23:00:00,47,490.15,True,True,530.715576171875,-20.248629151923314,510.4669470199517,0.0,0.1163592720004089,0.0,1.0
core_neuralprophet_frozen_s123,neuralprophet,frozen,selected,False,123,7,2025-02-24 01:00:00,2025-02-26 00:00:00,48,637.11,True,True,686.6627807617188,-20.248629151923314,666.4141516097955,0.0,0.1163592720004089,0.0,1.0
core_neuralprophet_frozen_s123,neuralprophet,frozen,selected,False,123,7,2025-02-24 01:00:00,2025-02-26 01:00:00,49,773.54,True,True,839.55078125,-20.248629151923314,819.3021520980767,0.0,0.1163592720004089,0.0,1.0
core_neuralprophet_frozen_s123,neuralprophet,frozen,selected,False,123,7,2025-02-24 01:00:00,2025-02-26 02:00:00,50,767.72,True,True,829.5550537109375,-20.248629151923314,809.3064245590142,0.0,0.1163592720004089,0.0,1.0
core_neuralprophet_frozen_s123,neuralprophet,frozen,selected,False,123,7,2025-02-24 01:00:00,2025-02-26 03:00:00,51,615.72,True,True,665.7015991210938,-20.248629151923314,645.4529699691705,0.0,0.1163592720004089,0.0,1.0
core_neuralprophet_frozen_s123,neuralprophet,frozen,selected,False,123,7,2025-02-24 01:00:00,2025-02-26 04:00:00,52,235.46,True,True,256.8733825683594,-20.248629151923314,236.62475341643605,0.0,0.1163592720004089,0.0,1.0
core_neuralprophet_frozen_s123,neuralprophet,frozen,selected,False,123,7,2025-02-24 01:00:00,2025-02-26 05:00:00,53,202.88,True,True,230.19821166992188,-20.248629151923314,209.94958251799855,0.0,0.1163592720004089,0.0,1.0
core_neuralprophet_frozen_s123,neuralprophet,frozen,selected,False,123,7,2025-02-24 01:00:00,2025-02-26 06:00:00,54,202.57,True,True,219.35047912597656,-20.248629151923314,199.10184997405324,0.0,0.1163592720004089,0.0,1.0
core_neuralprophet_frozen_s123,neuralprophet,frozen,selected,False,123,7,2025-02-24 01:00:00,2025-02-26 07:00:00,55,221.7,True,True,233.27554321289065,-20.248629151923314,213.02691406096733,0.0,0.1163592720004089,0.0,1.0
core_neuralprophet_frozen_s123,neuralprophet,frozen,selected,False,123,7,2025-02-24 01:00:00,2025-02-26 08:00:00,56,267.63,True,True,265.8466796875,-20.248629151923314,245.59805053557668,0.0,0.1163592720004089,0.0,1.0
core_neuralprophet_frozen_s123,neuralprophet,frozen,selected,False,123,7,2025-02-24 01:00:00,2025-02-26 09:00:00,57,301.27,True,True,319.1073608398437,-20.248629151923314,298.8587316879204,0.0,0.1163592720004089,0.0,1.0
core_neuralprophet_frozen_s123,neuralprophet,frozen,selected,False,123,7,2025-02-24 01:00:00,2025-02-26 10:00:00,58,392.84,True,True,400.48577880859375,-20.248629151923314,380.23714965667045,0.0,0.1163592720004089,0.0,1.0
core_neuralprophet_frozen_s123,neuralprophet,frozen,selected,False,123,7,2025-02-24 01:00:00,2025-02-26 11:00:00,59,577.98,True,True,598.4408569335938,-20.248629151923314,578.1922277816705,0.0,0.1163592720004089,0.0,1.0
core_neuralprophet_frozen_s123,neuralprophet,frozen,selected,False,123,7,2025-02-24 01:00:00,2025-02-26 12:00:00,60,790.24,True,True,810.6053466796875,-20.248629151923314,790.3567175277642,0.0,0.1163592720004089,0.0,1.0
core_neuralprophet_frozen_s123,neuralprophet,frozen,selected,False,123,7,2025-02-24 01:00:00,2025-02-26 13:00:00,61,954.72,True,True,965.6339111328124,-20.248629151923314,945.3852819808891,0.0,0.1163592720004089,0.0,1.0
core_neuralprophet_frozen_s123,neuralprophet,frozen,selected,False,123,7,2025-02-24 01:00:00,2025-02-26 14:00:00,62,1051.75,True,True,1064.1165771484375,-20.248629151923314,1043.8679479965142,0.0,0.1163592720004089,0.0,1.0
core_neuralprophet_frozen_s123,neuralprophet,frozen,selected,False,123,7,2025-02-24 01:00:00,2025-02-26 15:00:00,63,1006.67,True,True,1008.5252685546876,-20.248629151923314,988.2766394027643,0.0,0.1163592720004089,0.0,1.0
core_neuralprophet_frozen_s123,neuralprophet,frozen,selected,False,123,7,2025-02-24 01:00:00,2025-02-26 16:00:00,64,853.49,True,True,850.6419067382812,-20.248629151923314,830.393277586358,0.0,0.1163592720004089,0.0,1.0
core_neuralprophet_frozen_s123,neuralprophet,frozen,selected,False,123,7,2025-02-24 01:00:00,2025-02-26 17:00:00,65,722.09,True,True,698.220947265625,-20.248629151923314,677.9723181137017,0.0,0.1163592720004089,0.0,1.0
core_neuralprophet_frozen_s123,neuralprophet,frozen,selected,False,123,7,2025-02-24 01:00:00,2025-02-26 18:00:00,66,624.6,True,True,599.1187744140625,-20.248629151923314,578.8701452621392,0.0,0.1163592720004089,0.0,1.0
core_neuralprophet_frozen_s123,neuralprophet,frozen,selected,False,123,7,2025-02-24 01:00:00,2025-02-26 19:00:00,67,564.86,True,True,552.2933349609375,-20.248629151923314,532.0447058090142,0.0,0.1163592720004089,0.0,1.0
core_neuralprophet_frozen_s123,neuralprophet,frozen,selected,False,123,7,2025-02-24 01:00:00,2025-02-26 20:00:00,68,519.76,True,True,491.5435485839844,-20.248629151923314,471.2949194320611,0.0,0.1163592720004089,0.0,1.0
core_neuralprophet_frozen_s123,neuralprophet,frozen,selected,False,123,7,2025-02-24 01:00:00,2025-02-26 21:00:00,69,478.4,True,True,451.15521240234375,-20.248629151923314,430.90658325042045,0.0,0.1163592720004089,0.0,1.0
core_neuralprophet_frozen_s123,neuralprophet,frozen,selected,False,123,7,2025-02-24 01:00:00,2025-02-26 22:00:00,70,426.12,True,True,420.2262878417969,-20.248629151923314,399.9776586898736,0.0,0.1163592720004089,0.0,1.0
core_neuralprophet_frozen_s123,neuralprophet,frozen,selected,False,123,7,2025-02-24 01:00:00,2025-02-26 23:00:00,71,473.81,True,True,458.8322448730469,-20.248629151923314,438.5836157211236,0.0,0.1163592720004089,0.0,1.0
core_neuralprophet_frozen_s123,neuralprophet,frozen,selected,False,123,7,2025-02-24 01:00:00,2025-02-27 00:00:00,72,605.51,True,True,611.5156860351562,-20.248629151923314,591.267056883233,0.0,0.1163592720004089,0.0,1.0
core_neuralprophet_frozen_s123,neuralprophet,frozen,selected,False,123,7,2025-02-24 01:00:00,2025-02-27 01:00:00,73,716.85,True,True,735.3681030273438,-20.248629151923314,715.1194738754205,0.0,0.1163592720004089,0.0,1.0
core_neuralprophet_frozen_s123,neuralprophet,frozen,selected,False,123,7,2025-02-24 01:00:00,2025-02-27 02:00:00,74,726.64,True,True,757.78076171875,-20.248629151923314,737.5321325668267,0.0,0.1163592720004089,0.0,1.0
core_neuralprophet_frozen_s123,neuralprophet,frozen,selected,False,123,7,2025-02-24 01:00:00,2025-02-27 03:00:00,75,631.98,True,True,692.3480834960938,-20.248629151923314,672.0994543441705,0.0,0.1163592720004089,0.0,1.0
core_neuralprophet_frozen_s123,neuralprophet,frozen,selected,False,123,7,2025-02-24 01:00:00,2025-02-27 04:00:00,76,262.85,True,True,230.1111602783203,-20.248629151923314,209.862531126397,0.0,0.1163592720004089,0.0,1.0
core_neuralprophet_frozen_s123,neuralprophet,frozen,selected,False,123,7,2025-02-24 01:00:00,2025-02-27 05:00:00,77,241.47,True,True,196.6077117919922,-20.248629151923314,176.35908264006886,0.0,0.1163592720004089,0.0,1.0
core_neuralprophet_frozen_s123,neuralprophet,frozen,selected,False,123,7,2025-02-24 01:00:00,2025-02-27 06:00:00,78,246.72,True,True,183.1923065185547,-20.248629151923314,162.94367736663136,0.0,0.1163592720004089,0.0,1.0
core_neuralprophet_frozen_s123,neuralprophet,frozen,selected,False,123,7,2025-02-24 01:00:00,2025-02-27 07:00:00,79,271.67,True,True,211.10910034179688,-20.248629151923314,190.86047118987355,0.0,0.1163592720004089,0.0,1.0
core_neuralprophet_frozen_s123,neuralprophet,frozen,selected,False,123,7,2025-02-24 01:00:00,2025-02-27 08:00:00,80,314.75,True,True,252.29067993164065,-20.248629151923314,232.04205077971733,0.0,0.1163592720004089,0.0,1.0
core_neuralprophet_frozen_s123,neuralprophet,frozen,selected,False,123,7,2025-02-24 01:00:00,2025-02-27 09:00:00,81,345.98,True,True,262.3662109375,-20.248629151923314,242.11758178557668,0.0,0.1163592720004089,0.0,1.0
core_neuralprophet_frozen_s123,neuralprophet,frozen,selected,False,123,7,2025-02-24 01:00:00,2025-02-27 10:00:00,82,434.03,True,True,357.79052734375,-20.248629151923314,337.5418981918267,0.0,0.1163592720004089,0.0,1.0
core_neuralprophet_frozen_s123,neuralprophet,frozen,selected,False,123,7,2025-02-24 01:00:00,2025-02-27 11:00:00,83,616.47,True,True,541.2691040039062,-20.248629151923314,521.020474851983,0.0,0.1163592720004089,0.0,1.0
core_neuralprophet_frozen_s123,neuralprophet,frozen,selected,False,123,7,2025-02-24 01:00:00,2025-02-27 12:00:00,84,818.34,True,True,789.497802734375,-20.248629151923314,769.2491735824517,0.0,0.1163592720004089,0.0,1.0
core_neuralprophet_frozen_s123,neuralprophet,frozen,selected,False,123,7,2025-02-24 01:00:00,2025-02-27 13:00:00,85,984.41,True,True,948.1570434570312,-20.248629151923314,927.908414305108,0.0,0.1163592720004089,0.0,1.0
core_neuralprophet_frozen_s123,neuralprophet,frozen,selected,False,123,7,2025-02-24 01:00:00,2025-02-27 14:00:00,86,1099.03,True,True,1067.96142578125,-20.248629151923314,1047.7127966293267,0.0,0.1163592720004089,0.0,1.0
core_neuralprophet_frozen_s123,neuralprophet,frozen,selected,False,123,7,2025-02-24 01:00:00,2025-02-27 15:00:00,87,1093.95,True,True,1036.7486572265625,-20.248629151923314,1016.5000280746392,0.0,0.1163592720004089,0.0,1.0
core_neuralprophet_frozen_s123,neuralprophet,frozen,selected,False,123,7,2025-02-24 01:00:00,2025-02-27 16:00:00,88,970.88,True,True,893.33154296875,-20.248629151923314,873.0829138168267,0.0,0.1163592720004089,0.0,1.0
core_neuralprophet_frozen_s123,neuralprophet,frozen,selected,False,123,7,2025-02-24 01:00:00,2025-02-27 17:00:00,89,828.37,True,True,763.077392578125,-20.248629151923314,742.8287634262017,0.0,0.1163592720004089,0.0,1.0
core_neuralprophet_frozen_s123,neuralprophet,frozen,selected,False,123,7,2025-02-24 01:00:00,2025-02-27 18:00:00,90,699.28,True,True,600.1197509765625,-20.248629151923314,579.8711218246392,0.0,0.1163592720004089,0.0,1.0
core_neuralprophet_frozen_s123,neuralprophet,frozen,selected,False,123,7,2025-02-24 01:00:00,2025-02-27 19:00:00,91,584.72,True,True,501.5357971191406,-20.248629151923314,481.28716796721733,0.0,0.1163592720004089,0.0,1.0
core_neuralprophet_frozen_s123,neuralprophet,frozen,selected,False,123,7,2025-02-24 01:00:00,2025-02-27 20:00:00,92,497.28,True,True,418.40826416015625,-20.248629151923314,398.15963500823295,0.0,0.1163592720004089,0.0,1.0
core_neuralprophet_frozen_s123,neuralprophet,frozen,selected,False,123,7,2025-02-24 01:00:00,2025-02-27 21:00:00,93,435.76,True,True,368.5653076171875,-20.248629151923314,348.3166784652642,0.0,0.1163592720004089,0.0,1.0
core_neuralprophet_frozen_s123,neuralprophet,frozen,selected,False,123,7,2025-02-24 01:00:00,2025-02-27 22:00:00,94,396.47,True,True,335.1806335449219,-20.248629151923314,314.9320043929986,0.0,0.1163592720004089,0.0,1.0
core_neuralprophet_frozen_s123,neuralprophet,frozen,selected,False,123,7,2025-02-24 01:00:00,2025-02-27 23:00:00,95,406.53,True,True,375.558349609375,-20.248629151923314,355.3097204574517,0.0,0.1163592720004089,0.0,1.0
core_neuralprophet_frozen_s123,neuralprophet,frozen,selected,False,123,7,2025-02-24 01:00:00,2025-02-28 00:00:00,96,403.4,True,True,390.315673828125,-20.248629151923314,370.0670446762017,0.0,0.1163592720004089,0.0,1.0
core_neuralprophet_frozen_s123,neuralprophet,frozen,selected,False,123,7,2025-02-24 01:00:00,2025-02-28 01:00:00,97,368.27,True,True,368.1427917480469,-20.248629151923314,347.8941625961236,0.0,0.1163592720004089,0.0,1.0
core_neuralprophet_frozen_s123,neuralprophet,frozen,selected,False,123,7,2025-02-24 01:00:00,2025-02-28 02:00:00,98,378.0,True,True,386.7288818359375,-20.248629151923314,366.4802526840142,0.0,0.1163592720004089,0.0,1.0
core_neuralprophet_frozen_s123,neuralprophet,frozen,selected,False,123,7,2025-02-24 01:00:00,2025-02-28 03:00:00,99,384.71,True,True,404.593505859375,-20.248629151923314,384.3448767074517,0.0,0.1163592720004089,0.0,1.0
core_neuralprophet_frozen_s123,neuralprophet,frozen,selected,False,123,7,2025-02-24 01:00:00,2025-02-28 04:00:00,100,288.84,True,True,306.1487731933594,-20.248629151923314,285.9001440414361,0.0,0.1163592720004089,0.0,1.0
core_neuralprophet_frozen_s123,neuralprophet,frozen,selected,False,123,7,2025-02-24 01:00:00,2025-02-28 05:00:00,101,293.94,True,True,307.7218017578125,-20.248629151923314,287.4731726058892,0.0,0.1163592720004089,0.0,1.0
core_neuralprophet_frozen_s123,neuralprophet,frozen,selected,False,123,7,2025-02-24 01:00:00,2025-02-28 06:00:00,102,327.03,True,True,312.9903259277344,-20.248629151923314,292.7416967758111,0.0,0.1163592720004089,0.0,1.0
core_neuralprophet_frozen_s123,neuralprophet,frozen,selected,False,123,7,2025-02-24 01:00:00,2025-02-28 07:00:00,103,289.26,True,True,280.44891357421875,-20.248629151923314,260.20028442229545,0.0,0.1163592720004089,0.0,1.0
core_neuralprophet_frozen_s123,neuralprophet,frozen,selected,False,123,7,2025-02-24 01:00:00,2025-02-28 08:00:00,104,274.0,True,True,263.6919250488281,-20.248629151923314,243.4432958969048,0.0,0.1163592720004089,0.0,1.0
core_neuralprophet_frozen_s123,neuralprophet,frozen,selected,False,123,7,2025-02-24 01:00:00,2025-02-28 09:00:00,105,275.4,True,True,269.88824462890625,-20.248629151923314,249.63961547698293,0.0,0.1163592720004089,0.0,1.0
core_neuralprophet_frozen_s123,neuralprophet,frozen,selected,False,123,7,2025-02-24 01:00:00,2025-02-28 10:00:00,106,364.94,True,True,348.8280639648437,-20.248629151923314,328.5794348129204,0.0,0.1163592720004089,0.0,1.0
core_neuralprophet_frozen_s123,neuralprophet,frozen,selected,False,123,7,2025-02-24 01:00:00,2025-02-28 11:00:00,107,535.83,True,True,540.7166748046875,-20.248629151923314,520.4680456527642,0.0,0.1163592720004089,0.0,1.0
core_neuralprophet_frozen_s123,neuralprophet,frozen,selected,False,123,7,2025-02-24 01:00:00,2025-02-28 12:00:00,108,718.37,True,True,715.737548828125,-20.248629151923314,695.4889196762017,0.0,0.1163592720004089,0.0,1.0
core_neuralprophet_frozen_s123,neuralprophet,frozen,selected,False,123,7,2025-02-24 01:00:00,2025-02-28 13:00:00,109,858.36,True,True,823.4699096679688,-20.248629151923314,803.2212805160455,0.0,0.1163592720004089,0.0,1.0
core_neuralprophet_frozen_s123,neuralprophet,frozen,selected,False,123,7,2025-02-24 01:00:00,2025-02-28 14:00:00,110,925.4,True,True,891.72412109375,-20.248629151923314,871.4754919418267,0.0,0.1163592720004089,0.0,1.0
core_neuralprophet_frozen_s123,neuralprophet,frozen,selected,False,123,7,2025-02-24 01:00:00,2025-02-28 15:00:00,111,905.93,True,True,804.032470703125,-20.248629151923314,783.7838415512017,0.0,0.1163592720004089,0.0,1.0
core_neuralprophet_frozen_s123,neuralprophet,frozen,selected,False,123,7,2025-02-24 01:00:00,2025-02-28 16:00:00,112,828.34,True,True,698.9633178710938,-20.248629151923314,678.7146887191705,0.0,0.1163592720004089,0.0,1.0
core_neuralprophet_frozen_s123,neuralprophet,frozen,selected,False,123,7,2025-02-24 01:00:00,2025-02-28 17:00:00,113,752.09,True,True,591.5271606445312,-20.248629151923314,571.278531492608,0.0,0.1163592720004089,0.0,1.0
core_neuralprophet_frozen_s123,neuralprophet,frozen,selected,False,123,7,2025-02-24 01:00:00,2025-02-28 18:00:00,114,680.31,True,True,488.23431396484375,-20.248629151923314,467.98568481292045,0.0,0.1163592720004089,0.0,1.0
core_neuralprophet_frozen_s123,neuralprophet,frozen,selected,False,123,7,2025-02-24 01:00:00,2025-02-28 19:00:00,115,627.56,True,True,442.6040344238281,-20.248629151923314,422.35540527190483,0.0,0.1163592720004089,0.0,1.0
core_neuralprophet_frozen_s123,neuralprophet,frozen,selected,False,123,7,2025-02-24 01:00:00,2025-02-28 20:00:00,116,596.78,True,True,426.0635070800781,-20.248629151923314,405.81487792815483,0.0,0.1163592720004089,0.0,1.0
core_neuralprophet_frozen_s123,neuralprophet,frozen,selected,False,123,7,2025-02-24 01:00:00,2025-02-28 21:00:00,117,579.9,True,True,412.6386413574219,-20.248629151923314,392.3900122054986,0.0,0.1163592720004089,0.0,1.0
core_neuralprophet_frozen_s123,neuralprophet,frozen,selected,False,123,7,2025-02-24 01:00:00,2025-02-28 22:00:00,118,557.08,True,True,404.5317077636719,-20.248629151923314,384.2830786117486,0.0,0.1163592720004089,0.0,1.0
core_neuralprophet_frozen_s123,neuralprophet,frozen,selected,False,123,7,2025-02-24 01:00:00,2025-02-28 23:00:00,119,586.33,True,True,437.9246826171875,-20.248629151923314,417.6760534652642,0.0,0.1163592720004089,0.0,1.0
core_neuralprophet_frozen_s123,neuralprophet,frozen,selected,False,123,7,2025-02-24 01:00:00,2025-03-01 00:00:00,120,660.96,True,True,551.2909545898438,-20.248629151923314,531.0423254379205,0.0,0.1163592720004089,0.0,1.0
core_neuralprophet_frozen_s123,neuralprophet,frozen,selected,False,123,7,2025-02-24 01:00:00,2025-03-01 01:00:00,121,716.74,True,True,598.1787719726562,-20.248629151923314,577.930142820733,0.0,0.1163592720004089,0.0,1.0
core_neuralprophet_frozen_s123,neuralprophet,frozen,selected,False,123,7,2025-02-24 01:00:00,2025-03-01 02:00:00,122,709.61,True,True,596.8553466796875,-20.248629151923314,576.6067175277642,0.0,0.1163592720004089,0.0,1.0
core_neuralprophet_frozen_s123,neuralprophet,frozen,selected,False,123,7,2025-02-24 01:00:00,2025-03-01 03:00:00,123,649.32,True,True,527.9248046875,-20.248629151923314,507.6761755355767,0.0,0.1163592720004089,0.0,1.0
core_neuralprophet_frozen_s123,neuralprophet,frozen,selected,False,123,7,2025-02-24 01:00:00,2025-03-01 04:00:00,124,536.52,True,True,230.16619873046875,-20.248629151923314,209.91756957854543,0.0,0.1163592720004089,0.0,1.0
core_neuralprophet_frozen_s123,neuralprophet,frozen,selected,False,123,7,2025-02-24 01:00:00,2025-03-01 05:00:00,125,481.34,True,True,194.5774383544922,-20.248629151923314,174.32880920256886,0.0,0.1163592720004089,0.0,1.0
core_neuralprophet_frozen_s123,neuralprophet,frozen,selected,False,123,7,2025-02-24 01:00:00,2025-03-01 06:00:00,126,473.35,True,True,196.85140991210935,-20.248629151923314,176.60278076018602,0.0,0.1163592720004089,0.0,1.0
core_neuralprophet_frozen_s123,neuralprophet,frozen,selected,False,123,7,2025-02-24 01:00:00,2025-03-01 07:00:00,127,478.43,True,True,194.5570526123047,-20.248629151923314,174.30842346038136,0.0,0.1163592720004089,0.0,1.0
core_neuralprophet_frozen_s123,neuralprophet,frozen,selected,False,123,7,2025-02-24 01:00:00,2025-03-01 08:00:00,128,490.23,True,True,220.15402221679688,-20.248629151923314,199.90539306487355,0.0,0.1163592720004089,0.0,1.0
core_neuralprophet_frozen_s123,neuralprophet,frozen,selected,False,123,7,2025-02-24 01:00:00,2025-03-01 09:00:00,129,497.54,True,True,217.20016479492188,-20.248629151923314,196.95153564299855,0.0,0.1163592720004089,0.0,1.0
core_neuralprophet_frozen_s123,neuralprophet,frozen,selected,False,123,7,2025-02-24 01:00:00,2025-03-01 10:00:00,130,492.8,True,True,218.0159149169922,-20.248629151923314,197.76728576506886,0.0,0.1163592720004089,0.0,1.0
core_neuralprophet_frozen_s123,neuralprophet,frozen,selected,False,123,7,2025-02-24 01:00:00,2025-03-01 11:00:00,131,470.96,True,True,198.084228515625,-20.248629151923314,177.83559936370168,0.0,0.1163592720004089,0.0,1.0
core_neuralprophet_frozen_s123,neuralprophet,frozen,selected,False,123,7,2025-02-24 01:00:00,2025-03-01 12:00:00,132,420.59,True,True,148.66000366210938,-20.248629151923314,128.41137451018605,0.0,0.1163592720004089,0.0,1.0
core_neuralprophet_frozen_s123,neuralprophet,frozen,selected,False,123,7,2025-02-24 01:00:00,2025-03-01 13:00:00,133,295.92,True,True,134.78379821777344,-20.248629151923314,114.53516906585013,0.0,0.1163592720004089,0.0,1.0
core_neuralprophet_frozen_s123,neuralprophet,frozen,selected,False,123,7,2025-02-24 01:00:00,2025-03-01 14:00:00,134,187.28,True,True,108.81917572021484,-20.248629151923314,88.57054656829153,0.0,0.1163592720004089,0.0,1.0
core_neuralprophet_frozen_s123,neuralprophet,frozen,selected,False,123,7,2025-02-24 01:00:00,2025-03-01 15:00:00,135,142.86,True,True,124.68174743652344,-20.248629151923314,104.43311828460013,0.0,0.1163592720004089,0.0,1.0
core_neuralprophet_frozen_s123,neuralprophet,frozen,selected,False,123,7,2025-02-24 01:00:00,2025-03-01 16:00:00,136,128.84,True,True,113.4610366821289,-20.248629151923314,93.2124075302056,0.0,0.1163592720004089,0.0,1.0
core_neuralprophet_frozen_s123,neuralprophet,frozen,selected,False,123,7,2025-02-24 01:00:00,2025-03-01 17:00:00,137,131.31,True,True,122.08916473388672,-20.248629151923314,101.84053558196341,0.0,0.1163592720004089,0.0,1.0
core_neuralprophet_frozen_s123,neuralprophet,frozen,selected,False,123,7,2025-02-24 01:00:00,2025-03-01 18:00:00,138,148.56,True,True,108.62025451660156,-20.248629151923314,88.37162536467825,0.0,0.1163592720004089,0.0,1.0
core_neuralprophet_frozen_s123,neuralprophet,frozen,selected,False,123,7,2025-02-24 01:00:00,2025-03-01 19:00:00,139,175.34,True,True,121.77499389648438,-20.248629151923314,101.52636474456106,0.0,0.1163592720004089,0.0,1.0
core_neuralprophet_frozen_s123,neuralprophet,frozen,selected,False,123,7,2025-02-24 01:00:00,2025-03-01 20:00:00,140,188.94,True,True,115.26229095458984,-20.248629151923314,95.01366180266653,0.0,0.1163592720004089,0.0,1.0
core_neuralprophet_frozen_s123,neuralprophet,frozen,selected,False,123,7,2025-02-24 01:00:00,2025-03-01 21:00:00,141,187.94,True,True,118.78670501708984,-20.248629151923314,98.53807586516653,0.0,0.1163592720004089,0.0,1.0
core_neuralprophet_frozen_s123,neuralprophet,frozen,selected,False,123,7,2025-02-24 01:00:00,2025-03-01 22:00:00,142,184.36,True,True,132.9809112548828,-20.248629151923314,112.7322821029595,0.0,0.1163592720004089,0.0,1.0
core_neuralprophet_frozen_s123,neuralprophet,frozen,selected,False,123,7,2025-02-24 01:00:00,2025-03-01 23:00:00,143,198.54,True,True,148.26832580566406,-20.248629151923314,128.01969665374074,0.0,0.1163592720004089,0.0,1.0
core_neuralprophet_frozen_s123,neuralprophet,frozen,selected,False,123,7,2025-02-24 01:00:00,2025-03-02 00:00:00,144,217.8,True,True,164.67837524414062,-20.248629151923314,144.4297460922173,0.0,0.1163592720004089,0.0,1.0
core_neuralprophet_frozen_s123,neuralprophet,frozen,selected,False,123,7,2025-02-24 01:00:00,2025-03-02 01:00:00,145,169.21,True,True,120.09904479980467,-20.248629151923314,99.85041564788136,0.0,0.1163592720004089,0.0,1.0
core_neuralprophet_frozen_s123,neuralprophet,frozen,selected,False,123,7,2025-02-24 01:00:00,2025-03-02 02:00:00,146,99.74,True,True,89.63113403320312,-20.248629151923314,69.38250488127981,0.0,0.1163592720004089,0.0,1.0
core_neuralprophet_frozen_s123,neuralprophet,frozen,selected,False,123,7,2025-02-24 01:00:00,2025-03-02 03:00:00,147,60.91,True,True,72.57994842529297,-20.248629151923314,52.33131927336966,0.0,0.1163592720004089,0.0,1.0
core_neuralprophet_frozen_s123,neuralprophet,frozen,selected,False,123,7,2025-02-24 01:00:00,2025-03-02 04:00:00,148,39.47,True,True,69.37319946289062,-20.248629151923314,49.124570310967314,0.0,0.1163592720004089,0.0,1.0
core_neuralprophet_frozen_s123,neuralprophet,frozen,selected,False,123,7,2025-02-24 01:00:00,2025-03-02 05:00:00,149,29.95,True,True,81.17951202392578,-20.248629151923314,60.93088287200247,0.0,0.1163592720004089,0.0,1.0
core_neuralprophet_frozen_s123,neuralprophet,frozen,selected,False,123,7,2025-02-24 01:00:00,2025-03-02 06:00:00,150,23.21,True,True,79.19666290283203,-20.248629151923314,58.94803375090872,0.0,0.1163592720004089,0.0,1.0
core_neuralprophet_frozen_s123,neuralprophet,frozen,selected,False,123,7,2025-02-24 01:00:00,2025-03-02 07:00:00,151,20.54,True,True,71.56444549560547,-20.248629151923314,51.31581634368216,0.0,0.1163592720004089,0.0,1.0
core_neuralprophet_frozen_s123,neuralprophet,frozen,selected,False,123,7,2025-02-24 01:00:00,2025-03-02 08:00:00,152,22.02,True,True,63.43718338012695,-20.248629151923314,43.18855422820364,0.0,0.1163592720004089,0.0,1.0
core_neuralprophet_frozen_s123,neuralprophet,frozen,selected,False,123,7,2025-02-24 01:00:00,2025-03-02 09:00:00,153,24.73,True,True,79.84293365478516,-20.248629151923314,59.594304502861846,0.0,0.1163592720004089,0.0,1.0
core_neuralprophet_frozen_s123,neuralprophet,frozen,selected,False,123,7,2025-02-24 01:00:00,2025-03-02 10:00:00,154,36.5,True,True,75.19217681884766,-20.248629151923314,54.943547666924346,0.0,0.1163592720004089,0.0,1.0
core_neuralprophet_frozen_s123,neuralprophet,frozen,selected,False,123,7,2025-02-24 01:00:00,2025-03-02 11:00:00,155,68.39,True,True,102.65050506591795,-20.248629151923314,82.40187591399464,0.0,0.1163592720004089,0.0,1.0
core_neuralprophet_frozen_s123,neuralprophet,frozen,selected,False,123,7,2025-02-24 01:00:00,2025-03-02 12:00:00,156,106.44,True,True,144.3633270263672,-20.248629151923314,124.11469787444388,0.0,0.1163592720004089,0.0,1.0
core_neuralprophet_frozen_s123,neuralprophet,frozen,selected,False,123,7,2025-02-24 01:00:00,2025-03-02 13:00:00,157,153.38,True,True,188.9879913330078,-20.248629151923314,168.7393621810845,0.0,0.1163592720004089,0.0,1.0
core_neuralprophet_frozen_s123,neuralprophet,frozen,selected,False,123,7,2025-02-24 01:00:00,2025-03-02 14:00:00,158,219.4,True,True,257.28692626953125,-20.248629151923314,237.03829711760793,0.0,0.1163592720004089,0.0,1.0
core_neuralprophet_frozen_s123,neuralprophet,frozen,selected,False,123,7,2025-02-24 01:00:00,2025-03-02 15:00:00,159,277.75,True,True,321.15234375,-20.248629151923314,300.9037145980767,0.0,0.1163592720004089,0.0,1.0
core_neuralprophet_frozen_s123,neuralprophet,frozen,selected,False,123,7,2025-02-24 01:00:00,2025-03-02 16:00:00,160,305.96,True,True,343.380126953125,-20.248629151923314,323.1314978012017,0.0,0.1163592720004089,0.0,1.0
core_neuralprophet_frozen_s123,neuralprophet,frozen,selected,False,123,7,2025-02-24 01:00:00,2025-03-02 17:00:00,161,320.9,True,True,363.66839599609375,-20.248629151923314,343.41976684417045,0.0,0.1163592720004089,0.0,1.0
core_neuralprophet_frozen_s123,neuralprophet,frozen,selected,False,123,7,2025-02-24 01:00:00,2025-03-02 18:00:00,162,334.91,True,True,384.3169250488281,-20.248629151923314,364.06829589690483,0.0,0.1163592720004089,0.0,1.0
core_neuralprophet_frozen_s123,neuralprophet,frozen,selected,False,123,7,2025-02-24 01:00:00,2025-03-02 19:00:00,163,364.95,True,True,415.7438049316406,-20.248629151923314,395.49517577971733,0.0,0.1163592720004089,0.0,1.0
core_neuralprophet_frozen_s123,neuralprophet,frozen,selected,False,123,7,2025-02-24 01:00:00,2025-03-02 20:00:00,164,399.87,True,True,436.587158203125,-20.248629151923314,416.3385290512017,0.0,0.1163592720004089,0.0,1.0
core_neuralprophet_frozen_s123,neuralprophet,frozen,selected,False,123,7,2025-02-24 01:00:00,2025-03-02 21:00:00,165,425.92,True,True,455.3807067871094,-20.248629151923314,435.1320776351861,0.0,0.1163592720004089,0.0,1.0
core_neuralprophet_frozen_s123,neuralprophet,frozen,selected,False,123,7,2025-02-24 01:00:00,2025-03-02 22:00:00,166,442.94,True,True,480.7362976074219,-20.248629151923314,460.4876684554986,0.0,0.1163592720004089,0.0,1.0
core_neuralprophet_frozen_s123,neuralprophet,frozen,selected,False,123,7,2025-02-24 01:00:00,2025-03-02 23:00:00,167,497.78,True,True,518.730224609375,-20.248629151923314,498.4815954574517,0.0,0.1163592720004089,0.0,1.0
core_neuralprophet_frozen_s123,neuralprophet,frozen,selected,False,123,7,2025-02-24 01:00:00,2025-03-03 00:00:00,168,542.46,True,True,557.7132568359375,-20.248629151923314,537.4646276840142,0.0,0.1163592720004089,0.0,1.0
core_neuralprophet_frozen_s123,neuralprophet,frozen,selected,False,123,10,2025-03-17 01:00:00,2025-03-17 01:00:00,1,31.77,True,True,28.459644317626957,29.1387372807094,57.59838159833636,0.0,0.1154505380000046,0.0,1.0
core_neuralprophet_frozen_s123,neuralprophet,frozen,selected,False,123,10,2025-03-17 01:00:00,2025-03-17 02:00:00,2,15.45,True,True,23.783971786499023,29.1387372807094,52.92270906720842,0.0,0.1154505380000046,0.0,1.0
core_neuralprophet_frozen_s123,neuralprophet,frozen,selected,False,123,10,2025-03-17 01:00:00,2025-03-17 03:00:00,3,8.29,True,True,-12.578264236450195,29.1387372807094,16.560473044259204,0.0,0.1154505380000046,0.0,1.0
core_neuralprophet_frozen_s123,neuralprophet,frozen,selected,False,123,10,2025-03-17 01:00:00,2025-03-17 04:00:00,4,4.12,True,True,-0.2803053259849548,29.1387372807094,28.858431954724445,0.0,0.1154505380000046,0.0,1.0
core_neuralprophet_frozen_s123,neuralprophet,frozen,selected,False,123,10,2025-03-17 01:00:00,2025-03-17 05:00:00,5,3.51,True,True,22.15434837341309,29.1387372807094,51.29308565412249,0.0,0.1154505380000046,0.0,1.0
core_neuralprophet_frozen_s123,neuralprophet,frozen,selected,False,123,10,2025-03-17 01:00:00,2025-03-17 06:00:00,6,3.35,True,True,6.345102310180664,29.1387372807094,35.483839590890064,0.0,0.1154505380000046,0.0,1.0
core_neuralprophet_frozen_s123,neuralprophet,frozen,selected,False,123,10,2025-03-17 01:00:00,2025-03-17 07:00:00,7,3.31,True,True,11.795328140258787,29.1387372807094,40.93406542096819,0.0,0.1154505380000046,0.0,1.0
core_neuralprophet_frozen_s123,neuralprophet,frozen,selected,False,123,10,2025-03-17 01:00:00,2025-03-17 08:00:00,8,3.61,True,True,-1.435227632522583,29.1387372807094,27.703509648186817,0.0,0.1154505380000046,0.0,1.0
core_neuralprophet_frozen_s123,neuralprophet,frozen,selected,False,123,10,2025-03-17 01:00:00,2025-03-17 09:00:00,9,4.11,True,True,26.846118927001957,29.1387372807094,55.98485620771136,0.0,0.1154505380000046,0.0,1.0
core_neuralprophet_frozen_s123,neuralprophet,frozen,selected,False,123,10,2025-03-17 01:00:00,2025-03-17 10:00:00,10,6.24,True,True,12.84905242919922,29.1387372807094,41.98778970990862,0.0,0.1154505380000046,0.0,1.0
core_neuralprophet_frozen_s123,neuralprophet,frozen,selected,False,123,10,2025-03-17 01:00:00,2025-03-17 11:00:00,11,11.18,True,True,37.15903091430664,29.1387372807094,66.29776819501603,0.0,0.1154505380000046,0.0,1.0
core_neuralprophet_frozen_s123,neuralprophet,frozen,selected,False,123,10,2025-03-17 01:00:00,2025-03-17 12:00:00,12,16.6,True,True,9.310705184936523,29.1387372807094,38.44944246564592,0.0,0.1154505380000046,0.0,1.0
core_neuralprophet_frozen_s123,neuralprophet,frozen,selected,False,123,10,2025-03-17 01:00:00,2025-03-17 13:00:00,13,33.88,True,True,44.588321685791016,29.1387372807094,73.72705896650041,0.0,0.1154505380000046,0.0,1.0
core_neuralprophet_frozen_s123,neuralprophet,frozen,selected,False,123,10,2025-03-17 01:00:00,2025-03-17 14:00:00,14,61.93,True,True,91.75440979003906,29.1387372807094,120.89314707074846,0.0,0.1154505380000046,0.0,1.0
core_neuralprophet_frozen_s123,neuralprophet,frozen,selected,False,123,10,2025-03-17 01:00:00,2025-03-17 15:00:00,15,74.69,True,True,94.7671890258789,29.1387372807094,123.9059263065883,0.0,0.1154505380000046,0.0,1.0
core_neuralprophet_frozen_s123,neuralprophet,frozen,selected,False,123,10,2025-03-17 01:00:00,2025-03-17 16:00:00,16,65.45,True,True,87.53047180175781,29.1387372807094,116.6692090824672,0.0,0.1154505380000046,0.0,1.0
core_neuralprophet_frozen_s123,neuralprophet,frozen,selected,False,123,10,2025-03-17 01:00:00,2025-03-17 17:00:00,17,54.79,True,True,58.82719421386719,29.1387372807094,87.96593149457658,0.0,0.1154505380000046,0.0,1.0
core_neuralprophet_frozen_s123,neuralprophet,frozen,selected,False,123,10,2025-03-17 01:00:00,2025-03-17 18:00:00,18,50.25,True,True,59.61844253540039,29.1387372807094,88.75717981610978,0.0,0.1154505380000046,0.0,1.0
core_neuralprophet_frozen_s123,neuralprophet,frozen,selected,False,123,10,2025-03-17 01:00:00,2025-03-17 19:00:00,19,61.72,True,True,80.50695037841797,29.1387372807094,109.64568765912736,0.0,0.1154505380000046,0.0,1.0
core_neuralprophet_frozen_s123,neuralprophet,frozen,selected,False,123,10,2025-03-17 01:00:00,2025-03-17 20:00:00,20,88.07,True,True,135.53472900390625,29.1387372807094,164.67346628461564,0.0,0.1154505380000046,0.0,1.0
core_neuralprophet_frozen_s123,neuralprophet,frozen,selected,False,123,10,2025-03-17 01:00:00,2025-03-17 21:00:00,21,119.37,True,True,150.8218536376953,29.1387372807094,179.9605909184047,0.0,0.1154505380000046,0.0,1.0
core_neuralprophet_frozen_s123,neuralprophet,frozen,selected,False,123,10,2025-03-17 01:00:00,2025-03-17 22:00:00,22,153.66,True,True,182.53353881835935,29.1387372807094,211.67227609906874,0.0,0.1154505380000046,0.0,1.0
core_neuralprophet_frozen_s123,neuralprophet,frozen,selected,False,123,10,2025-03-17 01:00:00,2025-03-17 23:00:00,23,240.13,True,True,275.3613586425781,29.1387372807094,304.5000959232875,0.0,0.1154505380000046,0.0,1.0
core_neuralprophet_frozen_s123,neuralprophet,frozen,selected,False,123,10,2025-03-17 01:00:00,2025-03-18 00:00:00,24,360.81,True,True,402.0105895996094,29.1387372807094,431.14932688031877,0.0,0.1154505380000046,0.0,1.0
core_neuralprophet_frozen_s123,neuralprophet,frozen,selected,False,123,10,2025-03-17 01:00:00,2025-03-18 01:00:00,25,344.22,True,True,381.5396118164063,29.1387372807094,410.6783490971157,0.0,0.1154505380000046,0.0,1.0
core_neuralprophet_frozen_s123,neuralprophet,frozen,selected,False,123,10,2025-03-17 01:00:00,2025-03-18 02:00:00,26,369.17,True,True,392.8291931152344,29.1387372807094,421.96793039594377,0.0,0.1154505380000046,0.0,1.0
core_neuralprophet_frozen_s123,neuralprophet,frozen,selected,False,123,10,2025-03-17 01:00:00,2025-03-18 03:00:00,27,355.79,True,True,364.1336364746094,29.1387372807094,393.27237375531877,0.0,0.1154505380000046,0.0,1.0
core_neuralprophet_frozen_s123,neuralprophet,frozen,selected,False,123,10,2025-03-17 01:00:00,2025-03-18 04:00:00,28,87.33,True,True,126.1981201171875,29.1387372807094,155.3368573978969,0.0,0.1154505380000046,0.0,1.0
core_neuralprophet_frozen_s123,neuralprophet,frozen,selected,False,123,10,2025-03-17 01:00:00,2025-03-18 05:00:00,29,35.3,True,True,101.5926513671875,29.1387372807094,130.7313886478969,0.0,0.1154505380000046,0.0,1.0
core_neuralprophet_frozen_s123,neuralprophet,frozen,selected,False,123,10,2025-03-17 01:00:00,2025-03-18 06:00:00,30,13.98,True,True,47.50593566894531,29.1387372807094,76.6446729496547,0.0,0.1154505380000046,0.0,1.0
core_neuralprophet_frozen_s123,neuralprophet,frozen,selected,False,123,10,2025-03-17 01:00:00,2025-03-18 07:00:00,31,8.81,True,True,73.75408172607422,29.1387372807094,102.89281900678361,0.0,0.1154505380000046,0.0,1.0
core_neuralprophet_frozen_s123,neuralprophet,frozen,selected,False,123,10,2025-03-17 01:00:00,2025-03-18 08:00:00,32,8.33,True,True,56.8563117980957,29.1387372807094,85.9950490788051,0.0,0.1154505380000046,0.0,1.0
core_neuralprophet_frozen_s123,neuralprophet,frozen,selected,False,123,10,2025-03-17 01:00:00,2025-03-18 09:00:00,33,8.4,True,True,51.78546905517578,29.1387372807094,80.92420633588517,0.0,0.1154505380000046,0.0,1.0
core_neuralprophet_frozen_s123,neuralprophet,frozen,selected,False,123,10,2025-03-17 01:00:00,2025-03-18 10:00:00,34,39.59,True,True,116.9557876586914,29.1387372807094,146.0945249394008,0.0,0.1154505380000046,0.0,1.0
core_neuralprophet_frozen_s123,neuralprophet,frozen,selected,False,123,10,2025-03-17 01:00:00,2025-03-18 11:00:00,35,111.19,True,True,174.52687072753906,29.1387372807094,203.66560800824846,0.0,0.1154505380000046,0.0,1.0
core_neuralprophet_frozen_s123,neuralprophet,frozen,selected,False,123,10,2025-03-17 01:00:00,2025-03-18 12:00:00,36,231.14,True,True,330.6963195800781,29.1387372807094,359.8350568607875,0.0,0.1154505380000046,0.0,1.0
core_neuralprophet_frozen_s123,neuralprophet,frozen,selected,False,123,10,2025-03-17 01:00:00,2025-03-18 13:00:00,37,374.95,True,True,490.2290649414063,29.1387372807094,519.3678022221158,0.0,0.1154505380000046,0.0,1.0
core_neuralprophet_frozen_s123,neuralprophet,frozen,selected,False,123,10,2025-03-17 01:00:00,2025-03-18 14:00:00,38,457.73,True,True,529.616943359375,29.1387372807094,558.7556806400844,0.0,0.1154505380000046,0.0,1.0
core_neuralprophet_frozen_s123,neuralprophet,frozen,selected,False,123,10,2025-03-17 01:00:00,2025-03-18 15:00:00,39,433.59,True,True,534.6432495117188,29.1387372807094,563.7819867924281,0.0,0.1154505380000046,0.0,1.0
core_neuralprophet_frozen_s123,neuralprophet,frozen,selected,False,123,10,2025-03-17 01:00:00,2025-03-18 16:00:00,40,278.25,True,True,334.3336486816406,29.1387372807094,363.47238596235,0.0,0.1154505380000046,0.0,1.0
core_neuralprophet_frozen_s123,neuralprophet,frozen,selected,False,123,10,2025-03-17 01:00:00,2025-03-18 17:00:00,41,214.72,True,True,269.216064453125,29.1387372807094,298.3548017338344,0.0,0.1154505380000046,0.0,1.0
core_neuralprophet_frozen_s123,neuralprophet,frozen,selected,False,123,10,2025-03-17 01:00:00,2025-03-18 18:00:00,42,187.9,True,True,215.12403869628903,29.1387372807094,244.26277597699843,0.0,0.1154505380000046,0.0,1.0
core_neuralprophet_frozen_s123,neuralprophet,frozen,selected,False,123,10,2025-03-17 01:00:00,2025-03-18 19:00:00,43,151.21,True,True,181.1036071777344,29.1387372807094,210.2423444584438,0.0,0.1154505380000046,0.0,1.0
core_neuralprophet_frozen_s123,neuralprophet,frozen,selected,False,123,10,2025-03-17 01:00:00,2025-03-18 20:00:00,44,113.15,True,True,137.1782989501953,29.1387372807094,166.3170362309047,0.0,0.1154505380000046,0.0,1.0
core_neuralprophet_frozen_s123,neuralprophet,frozen,selected,False,123,10,2025-03-17 01:00:00,2025-03-18 21:00:00,45,91.78,True,True,124.26779174804688,29.1387372807094,153.40652902875627,0.0,0.1154505380000046,0.0,1.0
core_neuralprophet_frozen_s123,neuralprophet,frozen,selected,False,123,10,2025-03-17 01:00:00,2025-03-18 22:00:00,46,85.27,True,True,111.9863739013672,29.1387372807094,141.1251111820766,0.0,0.1154505380000046,0.0,1.0
core_neuralprophet_frozen_s123,neuralprophet,frozen,selected,False,123,10,2025-03-17 01:00:00,2025-03-18 23:00:00,47,115.74,True,True,147.34109497070312,29.1387372807094,176.47983225141252,0.0,0.1154505380000046,0.0,1.0
core_neuralprophet_frozen_s123,neuralprophet,frozen,selected,False,123,10,2025-03-17 01:00:00,2025-03-19 00:00:00,48,158.89,True,True,173.840087890625,29.1387372807094,202.9788251713344,0.0,0.1154505380000046,0.0,1.0
core_neuralprophet_frozen_s123,neuralprophet,frozen,selected,False,123,10,2025-03-17 01:00:00,2025-03-19 01:00:00,49,184.39,True,True,189.1318206787109,29.1387372807094,218.2705579594203,0.0,0.1154505380000046,0.0,1.0
core_neuralprophet_frozen_s123,neuralprophet,frozen,selected,False,123,10,2025-03-17 01:00:00,2025-03-19 02:00:00,50,208.95,True,True,219.24778747558597,29.1387372807094,248.38652475629536,0.0,0.1154505380000046,0.0,1.0
core_neuralprophet_frozen_s123,neuralprophet,frozen,selected,False,123,10,2025-03-17 01:00:00,2025-03-19 03:00:00,51,218.09,True,True,259.97222900390625,29.1387372807094,289.11096628461564,0.0,0.1154505380000046,0.0,1.0
core_neuralprophet_frozen_s123,neuralprophet,frozen,selected,False,123,10,2025-03-17 01:00:00,2025-03-19 04:00:00,52,115.44,True,True,152.29298400878906,29.1387372807094,181.43172128949846,0.0,0.1154505380000046,0.0,1.0
core_neuralprophet_frozen_s123,neuralprophet,frozen,selected,False,123,10,2025-03-17 01:00:00,2025-03-19 05:00:00,53,47.51,True,True,71.50748443603516,29.1387372807094,100.64622171674455,0.0,0.1154505380000046,0.0,1.0
core_neuralprophet_frozen_s123,neuralprophet,frozen,selected,False,123,10,2025-03-17 01:00:00,2025-03-19 06:00:00,54,20.3,True,True,12.735424041748049,29.1387372807094,41.87416132245745,0.0,0.1154505380000046,0.0,1.0
core_neuralprophet_frozen_s123,neuralprophet,frozen,selected,False,123,10,2025-03-17 01:00:00,2025-03-19 07:00:00,55,12.77,True,True,44.25715637207031,29.1387372807094,73.3958936527797,0.0,0.1154505380000046,0.0,1.0
core_neuralprophet_frozen_s123,neuralprophet,frozen,selected,False,123,10,2025-03-17 01:00:00,2025-03-19 08:00:00,56,17.03,True,True,47.17592239379883,29.1387372807094,76.31465967450822,0.0,0.1154505380000046,0.0,1.0
core_neuralprophet_frozen_s123,neuralprophet,frozen,selected,False,123,10,2025-03-17 01:00:00,2025-03-19 09:00:00,57,22.13,True,True,58.83409881591797,29.1387372807094,87.97283609662736,0.0,0.1154505380000046,0.0,1.0
core_neuralprophet_frozen_s123,neuralprophet,frozen,selected,False,123,10,2025-03-17 01:00:00,2025-03-19 10:00:00,58,37.15,True,True,89.01162719726562,29.1387372807094,118.15036447797502,0.0,0.1154505380000046,0.0,1.0
core_neuralprophet_frozen_s123,neuralprophet,frozen,selected,False,123,10,2025-03-17 01:00:00,2025-03-19 11:00:00,59,68.63,True,True,132.2430419921875,29.1387372807094,161.3817792728969,0.0,0.1154505380000046,0.0,1.0
core_neuralprophet_frozen_s123,neuralprophet,frozen,selected,False,123,10,2025-03-17 01:00:00,2025-03-19 12:00:00,60,99.64,True,True,154.85586547851562,29.1387372807094,183.99460275922502,0.0,0.1154505380000046,0.0,1.0
core_neuralprophet_frozen_s123,neuralprophet,frozen,selected,False,123,10,2025-03-17 01:00:00,2025-03-19 13:00:00,61,123.41,True,True,164.82290649414062,29.1387372807094,193.96164377485002,0.0,0.1154505380000046,0.0,1.0
core_neuralprophet_frozen_s123,neuralprophet,frozen,selected,False,123,10,2025-03-17 01:00:00,2025-03-19 14:00:00,62,145.21,True,True,189.73892211914065,29.1387372807094,218.87765939985005,0.0,0.1154505380000046,0.0,1.0
core_neuralprophet_frozen_s123,neuralprophet,frozen,selected,False,123,10,2025-03-17 01:00:00,2025-03-19 15:00:00,63,146.28,True,True,190.7519378662109,29.1387372807094,219.8906751469203,0.0,0.1154505380000046,0.0,1.0
core_neuralprophet_frozen_s123,neuralprophet,frozen,selected,False,123,10,2025-03-17 01:00:00,2025-03-19 16:00:00,64,115.46,True,True,132.92994689941406,29.1387372807094,162.06868418012346,0.0,0.1154505380000046,0.0,1.0
core_neuralprophet_frozen_s123,neuralprophet,frozen,selected,False,123,10,2025-03-17 01:00:00,2025-03-19 17:00:00,65,80.15,True,True,82.9238510131836,29.1387372807094,112.06258829389299,0.0,0.1154505380000046,0.0,1.0
core_neuralprophet_frozen_s123,neuralprophet,frozen,selected,False,123,10,2025-03-17 01:00:00,2025-03-19 18:00:00,66,57.06,True,True,49.59069061279297,29.1387372807094,78.72942789350236,0.0,0.1154505380000046,0.0,1.0
core_neuralprophet_frozen_s123,neuralprophet,frozen,selected,False,123,10,2025-03-17 01:00:00,2025-03-19 19:00:00,67,44.98,True,True,45.08565902709961,29.1387372807094,74.224396307809,0.0,0.1154505380000046,0.0,1.0
core_neuralprophet_frozen_s123,neuralprophet,frozen,selected,False,123,10,2025-03-17 01:00:00,2025-03-19 20:00:00,68,42.52,True,True,41.76647186279297,29.1387372807094,70.90520914350236,0.0,0.1154505380000046,0.0,1.0
core_neuralprophet_frozen_s123,neuralprophet,frozen,selected,False,123,10,2025-03-17 01:00:00,2025-03-19 21:00:00,69,43.49,True,True,49.61436080932617,29.1387372807094,78.75309809003556,0.0,0.1154505380000046,0.0,1.0
core_neuralprophet_frozen_s123,neuralprophet,frozen,selected,False,123,10,2025-03-17 01:00:00,2025-03-19 22:00:00,70,46.51,True,True,47.79996490478516,29.1387372807094,76.93870218549456,0.0,0.1154505380000046,0.0,1.0
core_neuralprophet_frozen_s123,neuralprophet,frozen,selected,False,123,10,2025-03-17 01:00:00,2025-03-19 23:00:00,71,69.63,True,True,96.07636260986328,29.1387372807094,125.21509989057267,0.0,0.1154505380000046,0.0,1.0
core_neuralprophet_frozen_s123,neuralprophet,frozen,selected,False,123,10,2025-03-17 01:00:00,2025-03-20 00:00:00,72,99.32,True,True,106.15642547607422,29.1387372807094,135.2951627567836,0.0,0.1154505380000046,0.0,1.0
core_neuralprophet_frozen_s123,neuralprophet,frozen,selected,False,123,10,2025-03-17 01:00:00,2025-03-20 01:00:00,73,110.67,True,True,156.4746856689453,29.1387372807094,185.6134229496547,0.0,0.1154505380000046,0.0,1.0
core_neuralprophet_frozen_s123,neuralprophet,frozen,selected,False,123,10,2025-03-17 01:00:00,2025-03-20 02:00:00,74,96.42,True,True,121.76870727539062,29.1387372807094,150.90744455610002,0.0,0.1154505380000046,0.0,1.0
core_neuralprophet_frozen_s123,neuralprophet,frozen,selected,False,123,10,2025-03-17 01:00:00,2025-03-20 03:00:00,75,55.87,True,True,62.31511688232422,29.1387372807094,91.45385416303361,0.0,0.1154505380000046,0.0,1.0
core_neuralprophet_frozen_s123,neuralprophet,frozen,selected,False,123,10,2025-03-17 01:00:00,2025-03-20 04:00:00,76,16.8,True,True,36.701637268066406,29.1387372807094,65.8403745487758,0.0,0.1154505380000046,0.0,1.0
core_neuralprophet_frozen_s123,neuralprophet,frozen,selected,False,123,10,2025-03-17 01:00:00,2025-03-20 05:00:00,77,12.08,True,True,36.37862777709961,29.1387372807094,65.517365057809,0.0,0.1154505380000046,0.0,1.0
core_neuralprophet_frozen_s123,neuralprophet,frozen,selected,False,123,10,2025-03-17 01:00:00,2025-03-20 06:00:00,78,11.12,True,True,38.18600082397461,29.1387372807094,67.324738104684,0.0,0.1154505380000046,0.0,1.0
core_neuralprophet_frozen_s123,neuralprophet,frozen,selected,False,123,10,2025-03-17 01:00:00,2025-03-20 07:00:00,79,10.16,True,True,54.29199600219727,29.1387372807094,83.43073328290667,0.0,0.1154505380000046,0.0,1.0
core_neuralprophet_frozen_s123,neuralprophet,frozen,selected,False,123,10,2025-03-17 01:00:00,2025-03-20 08:00:00,80,10.39,True,True,50.054080963134766,29.1387372807094,79.19281824384416,0.0,0.1154505380000046,0.0,1.0
core_neuralprophet_frozen_s123,neuralprophet,frozen,selected,False,123,10,2025-03-17 01:00:00,2025-03-20 09:00:00,81,11.27,True,True,80.69290924072266,29.1387372807094,109.83164652143205,0.0,0.1154505380000046,0.0,1.0
core_neuralprophet_frozen_s123,neuralprophet,frozen,selected,False,123,10,2025-03-17 01:00:00,2025-03-20 10:00:00,82,23.62,True,True,90.37356567382812,29.1387372807094,119.51230295453752,0.0,0.1154505380000046,0.0,1.0
core_neuralprophet_frozen_s123,neuralprophet,frozen,selected,False,123,10,2025-03-17 01:00:00,2025-03-20 11:00:00,83,55.05,True,True,145.37872314453125,29.1387372807094,174.51746042524064,0.0,0.1154505380000046,0.0,1.0
core_neuralprophet_frozen_s123,neuralprophet,frozen,selected,False,123,10,2025-03-17 01:00:00,2025-03-20 12:00:00,84,92.13,True,True,181.5123748779297,29.1387372807094,210.65111215863908,0.0,0.1154505380000046,0.0,1.0
core_neuralprophet_frozen_s123,neuralprophet,frozen,selected,False,123,10,2025-03-17 01:00:00,2025-03-20 13:00:00,85,135.18,True,True,234.4176025390625,29.1387372807094,263.5563398197719,0.0,0.1154505380000046,0.0,1.0
core_neuralprophet_frozen_s123,neuralprophet,frozen,selected,False,123,10,2025-03-17 01:00:00,2025-03-20 14:00:00,86,178.08,True,True,269.8528747558594,29.1387372807094,298.99161203656877,0.0,0.1154505380000046,0.0,1.0
core_neuralprophet_frozen_s123,neuralprophet,frozen,selected,False,123,10,2025-03-17 01:00:00,2025-03-20 15:00:00,87,188.44,True,True,265.004638671875,29.1387372807094,294.1433759525844,0.0,0.1154505380000046,0.0,1.0
core_neuralprophet_frozen_s123,neuralprophet,frozen,selected,False,123,10,2025-03-17 01:00:00,2025-03-20 16:00:00,88,161.08,True,True,236.41441345214844,29.1387372807094,265.55315073285783,0.0,0.1154505380000046,0.0,1.0
core_neuralprophet_frozen_s123,neuralprophet,frozen,selected,False,123,10,2025-03-17 01:00:00,2025-03-20 17:00:00,89,134.87,True,True,201.1452178955078,29.1387372807094,230.2839551762172,0.0,0.1154505380000046,0.0,1.0
core_neuralprophet_frozen_s123,neuralprophet,frozen,selected,False,123,10,2025-03-17 01:00:00,2025-03-20 18:00:00,90,119.77,True,True,170.9597930908203,29.1387372807094,200.0985303715297,0.0,0.1154505380000046,0.0,1.0
core_neuralprophet_frozen_s123,neuralprophet,frozen,selected,False,123,10,2025-03-17 01:00:00,2025-03-20 19:00:00,91,108.81,True,True,156.9965362548828,29.1387372807094,186.1352735355922,0.0,0.1154505380000046,0.0,1.0
core_neuralprophet_frozen_s123,neuralprophet,frozen,selected,False,123,10,2025-03-17 01:00:00,2025-03-20 20:00:00,92,104.19,True,True,158.1847381591797,29.1387372807094,187.32347543988908,0.0,0.1154505380000046,0.0,1.0
core_neuralprophet_frozen_s123,neuralprophet,frozen,selected,False,123,10,2025-03-17 01:00:00,2025-03-20 21:00:00,93,106.24,True,True,156.64071655273438,29.1387372807094,185.77945383344377,0.0,0.1154505380000046,0.0,1.0
core_neuralprophet_frozen_s123,neuralprophet,frozen,selected,False,123,10,2025-03-17 01:00:00,2025-03-20 22:00:00,94,117.33,True,True,152.80487060546875,29.1387372807094,181.94360788617814,0.0,0.1154505380000046,0.0,1.0
core_neuralprophet_frozen_s123,neuralprophet,frozen,selected,False,123,10,2025-03-17 01:00:00,2025-03-20 23:00:00,95,182.51,True,True,231.4724884033203,29.1387372807094,260.6112256840297,0.0,0.1154505380000046,0.0,1.0
core_neuralprophet_frozen_s123,neuralprophet,frozen,selected,False,123,10,2025-03-17 01:00:00,2025-03-21 00:00:00,96,290.87,True,True,373.2320251464844,29.1387372807094,402.37076242719377,0.0,0.1154505380000046,0.0,1.0
core_neuralprophet_frozen_s123,neuralprophet,frozen,selected,False,123,10,2025-03-17 01:00:00,2025-03-21 01:00:00,97,383.88,True,True,512.4894409179688,29.1387372807094,541.6281781986781,0.0,0.1154505380000046,0.0,1.0
core_neuralprophet_frozen_s123,neuralprophet,frozen,selected,False,123,10,2025-03-17 01:00:00,2025-03-21 02:00:00,98,350.81,True,True,446.57220458984375,29.1387372807094,475.71094187055314,0.0,0.1154505380000046,0.0,1.0
core_neuralprophet_frozen_s123,neuralprophet,frozen,selected,False,123,10,2025-03-17 01:00:00,2025-03-21 03:00:00,99,194.99,True,True,288.7370910644531,29.1387372807094,317.8758283451625,0.0,0.1154505380000046,0.0,1.0
core_neuralprophet_frozen_s123,neuralprophet,frozen,selected,False,123,10,2025-03-17 01:00:00,2025-03-21 04:00:00,100,16.08,True,True,34.900264739990234,29.1387372807094,64.03900202069963,0.0,0.1154505380000046,0.0,1.0
core_neuralprophet_frozen_s123,neuralprophet,frozen,selected,False,123,10,2025-03-17 01:00:00,2025-03-21 05:00:00,101,10.66,True,True,39.9752082824707,29.1387372807094,69.1139455631801,0.0,0.1154505380000046,0.0,1.0
core_neuralprophet_frozen_s123,neuralprophet,frozen,selected,False,123,10,2025-03-17 01:00:00,2025-03-21 06:00:00,102,10.46,True,True,29.29453659057617,29.1387372807094,58.433273871285564,0.0,0.1154505380000046,0.0,1.0
core_neuralprophet_frozen_s123,neuralprophet,frozen,selected,False,123,10,2025-03-17 01:00:00,2025-03-21 07:00:00,103,10.8,True,True,43.51441955566406,29.1387372807094,72.65315683637346,0.0,0.1154505380000046,0.0,1.0
core_neuralprophet_frozen_s123,neuralprophet,frozen,selected,False,123,10,2025-03-17 01:00:00,2025-03-21 08:00:00,104,11.66,True,True,55.87046813964844,29.1387372807094,85.00920542035783,0.0,0.1154505380000046,0.0,1.0
core_neuralprophet_frozen_s123,neuralprophet,frozen,selected,False,123,10,2025-03-17 01:00:00,2025-03-21 09:00:00,105,12.27,True,True,19.597930908203125,29.1387372807094,48.736668188912525,0.0,0.1154505380000046,0.0,1.0
core_neuralprophet_frozen_s123,neuralprophet,frozen,selected,False,123,10,2025-03-17 01:00:00,2025-03-21 10:00:00,106,14.8,True,True,48.13024520874024,29.1387372807094,77.26898248944964,0.0,0.1154505380000046,0.0,1.0
core_neuralprophet_frozen_s123,neuralprophet,frozen,selected,False,123,10,2025-03-17 01:00:00,2025-03-21 11:00:00,107,20.49,True,True,50.0631217956543,29.1387372807094,79.20185907636369,0.0,0.1154505380000046,0.0,1.0
core_neuralprophet_frozen_s123,neuralprophet,frozen,selected,False,123,10,2025-03-17 01:00:00,2025-03-21 12:00:00,108,26.74,True,True,72.09001159667969,29.1387372807094,101.22874887738908,0.0,0.1154505380000046,0.0,1.0
core_neuralprophet_frozen_s123,neuralprophet,frozen,selected,False,123,10,2025-03-17 01:00:00,2025-03-21 13:00:00,109,55.02,True,True,70.39453887939453,29.1387372807094,99.53327616010392,0.0,0.1154505380000046,0.0,1.0
core_neuralprophet_frozen_s123,neuralprophet,frozen,selected,False,123,10,2025-03-17 01:00:00,2025-03-21 14:00:00,110,100.48,True,True,148.05918884277344,29.1387372807094,177.19792612348283,0.0,0.1154505380000046,0.0,1.0
core_neuralprophet_frozen_s123,neuralprophet,frozen,selected,False,123,10,2025-03-17 01:00:00,2025-03-21 15:00:00,111,123.63,True,True,185.7548065185547,29.1387372807094,214.89354379926408,0.0,0.1154505380000046,0.0,1.0
core_neuralprophet_frozen_s123,neuralprophet,frozen,selected,False,123,10,2025-03-17 01:00:00,2025-03-21 16:00:00,112,110.11,True,True,139.68380737304688,29.1387372807094,168.82254465375627,0.0,0.1154505380000046,0.0,1.0
core_neuralprophet_frozen_s123,neuralprophet,frozen,selected,False,123,10,2025-03-17 01:00:00,2025-03-21 17:00:00,113,76.11,True,True,70.85671997070312,29.1387372807094,99.99545725141252,0.0,0.1154505380000046,0.0,1.0
core_neuralprophet_frozen_s123,neuralprophet,frozen,selected,False,123,10,2025-03-17 01:00:00,2025-03-21 18:00:00,114,50.2,True,True,32.391746520996094,29.1387372807094,61.53048380170549,0.0,0.1154505380000046,0.0,1.0
core_neuralprophet_frozen_s123,neuralprophet,frozen,selected,False,123,10,2025-03-17 01:00:00,2025-03-21 19:00:00,115,35.2,True,True,19.947406768798828,29.1387372807094,49.08614404950823,0.0,0.1154505380000046,0.0,1.0
core_neuralprophet_frozen_s123,neuralprophet,frozen,selected,False,123,10,2025-03-17 01:00:00,2025-03-21 20:00:00,116,32.61,True,True,56.7923583984375,29.1387372807094,85.93109567914689,0.0,0.1154505380000046,0.0,1.0
core_neuralprophet_frozen_s123,neuralprophet,frozen,selected,False,123,10,2025-03-17 01:00:00,2025-03-21 21:00:00,117,33.94,True,True,34.53108596801758,29.1387372807094,63.66982324872698,0.0,0.1154505380000046,0.0,1.0
core_neuralprophet_frozen_s123,neuralprophet,frozen,selected,False,123,10,2025-03-17 01:00:00,2025-03-21 22:00:00,118,37.62,True,True,29.097606658935547,29.1387372807094,58.23634393964495,0.0,0.1154505380000046,0.0,1.0
core_neuralprophet_frozen_s123,neuralprophet,frozen,selected,False,123,10,2025-03-17 01:00:00,2025-03-21 23:00:00,119,50.38,True,True,65.47913360595703,29.1387372807094,94.61787088666642,0.0,0.1154505380000046,0.0,1.0
core_neuralprophet_frozen_s123,neuralprophet,frozen,selected,False,123,10,2025-03-17 01:00:00,2025-03-22 00:00:00,120,57.67,True,True,78.21580505371094,29.1387372807094,107.35454233442033,0.0,0.1154505380000046,0.0,1.0
core_neuralprophet_frozen_s123,neuralprophet,frozen,selected,False,123,10,2025-03-17 01:00:00,2025-03-22 01:00:00,121,54.64,True,True,61.11899566650391,29.1387372807094,90.25773294721331,0.0,0.1154505380000046,0.0,1.0
core_neuralprophet_frozen_s123,neuralprophet,frozen,selected,False,123,10,2025-03-17 01:00:00,2025-03-22 02:00:00,122,49.73,True,True,47.6464729309082,29.1387372807094,76.7852102116176,0.0,0.1154505380000046,0.0,1.0
core_neuralprophet_frozen_s123,neuralprophet,frozen,selected,False,123,10,2025-03-17 01:00:00,2025-03-22 03:00:00,123,40.46,True,True,25.970170974731445,29.1387372807094,55.108908255440845,0.0,0.1154505380000046,0.0,1.0
core_neuralprophet_frozen_s123,neuralprophet,frozen,selected,False,123,10,2025-03-17 01:00:00,2025-03-22 04:00:00,124,29.47,True,True,15.933051109313965,29.1387372807094,45.071788390023364,0.0,0.1154505380000046,0.0,1.0
core_neuralprophet_frozen_s123,neuralprophet,frozen,selected,False,123,10,2025-03-17 01:00:00,2025-03-22 05:00:00,125,27.4,True,True,66.96070098876953,29.1387372807094,96.09943826947892,0.0,0.1154505380000046,0.0,1.0
core_neuralprophet_frozen_s123,neuralprophet,frozen,selected,False,123,10,2025-03-17 01:00:00,2025-03-22 06:00:00,126,26.35,True,True,41.3475456237793,29.1387372807094,70.48628290448869,0.0,0.1154505380000046,0.0,1.0
core_neuralprophet_frozen_s123,neuralprophet,frozen,selected,False,123,10,2025-03-17 01:00:00,2025-03-22 07:00:00,127,25.59,True,True,84.01821899414062,29.1387372807094,113.15695627485002,0.0,0.1154505380000046,0.0,1.0
core_neuralprophet_frozen_s123,neuralprophet,frozen,selected,False,123,10,2025-03-17 01:00:00,2025-03-22 08:00:00,128,24.99,True,True,55.85386657714844,29.1387372807094,84.99260385785783,0.0,0.1154505380000046,0.0,1.0
core_neuralprophet_frozen_s123,neuralprophet,frozen,selected,False,123,10,2025-03-17 01:00:00,2025-03-22 09:00:00,129,23.85,True,True,51.02952194213867,29.1387372807094,80.16825922284806,0.0,0.1154505380000046,0.0,1.0
core_neuralprophet_frozen_s123,neuralprophet,frozen,selected,False,123,10,2025-03-17 01:00:00,2025-03-22 10:00:00,130,25.71,True,True,78.1950912475586,29.1387372807094,107.33382852826799,0.0,0.1154505380000046,0.0,1.0
core_neuralprophet_frozen_s123,neuralprophet,frozen,selected,False,123,10,2025-03-17 01:00:00,2025-03-22 11:00:00,131,33.44,True,True,89.1303939819336,29.1387372807094,118.26913126264299,0.0,0.1154505380000046,0.0,1.0
core_neuralprophet_frozen_s123,neuralprophet,frozen,selected,False,123,10,2025-03-17 01:00:00,2025-03-22 12:00:00,132,41.52,True,True,90.59527587890624,29.1387372807094,119.73401315961564,0.0,0.1154505380000046,0.0,1.0
core_neuralprophet_frozen_s123,neuralprophet,frozen,selected,False,123,10,2025-03-17 01:00:00,2025-03-22 13:00:00,133,43.21,True,True,115.45165252685548,29.1387372807094,144.5903898075649,0.0,0.1154505380000046,0.0,1.0
core_neuralprophet_frozen_s123,neuralprophet,frozen,selected,False,123,10,2025-03-17 01:00:00,2025-03-22 14:00:00,134,37.36,True,True,77.36849975585938,29.1387372807094,106.50723703656877,0.0,0.1154505380000046,0.0,1.0
core_neuralprophet_frozen_s123,neuralprophet,frozen,selected,False,123,10,2025-03-17 01:00:00,2025-03-22 15:00:00,135,27.27,True,True,58.78466033935547,29.1387372807094,87.92339762006486,0.0,0.1154505380000046,0.0,1.0
core_neuralprophet_frozen_s123,neuralprophet,frozen,selected,False,123,10,2025-03-17 01:00:00,2025-03-22 16:00:00,136,19.07,True,True,48.62536239624024,29.1387372807094,77.76409967694964,0.0,0.1154505380000046,0.0,1.0
core_neuralprophet_frozen_s123,neuralprophet,frozen,selected,False,123,10,2025-03-17 01:00:00,2025-03-22 17:00:00,137,18.65,True,True,19.511302947998047,29.1387372807094,48.65004022870745,0.0,0.1154505380000046,0.0,1.0
core_neuralprophet_frozen_s123,neuralprophet,frozen,selected,False,123,10,2025-03-17 01:00:00,2025-03-22 18:00:00,138,19.15,True,True,13.194993019104004,29.1387372807094,42.3337302998134,0.0,0.1154505380000046,0.0,1.0
core_neuralprophet_frozen_s123,neuralprophet,frozen,selected,False,123,10,2025-03-17 01:00:00,2025-03-22 19:00:00,139,20.44,True,True,50.04134368896485,29.1387372807094,79.18008096967425,0.0,0.1154505380000046,0.0,1.0
core_neuralprophet_frozen_s123,neuralprophet,frozen,selected,False,123,10,2025-03-17 01:00:00,2025-03-22 20:00:00,140,23.09,True,True,45.9700927734375,29.1387372807094,75.10883005414689,0.0,0.1154505380000046,0.0,1.0
core_neuralprophet_frozen_s123,neuralprophet,frozen,selected,False,123,10,2025-03-17 01:00:00,2025-03-22 21:00:00,141,25.95,True,True,48.655052185058594,29.1387372807094,77.79378946576799,0.0,0.1154505380000046,0.0,1.0
core_neuralprophet_frozen_s123,neuralprophet,frozen,selected,False,123,10,2025-03-17 01:00:00,2025-03-22 22:00:00,142,30.06,True,True,62.11333847045898,29.1387372807094,91.25207575116838,0.0,0.1154505380000046,0.0,1.0
core_neuralprophet_frozen_s123,neuralprophet,frozen,selected,False,123,10,2025-03-17 01:00:00,2025-03-22 23:00:00,143,43.62,True,True,96.5601806640625,29.1387372807094,125.69891794477189,0.0,0.1154505380000046,0.0,1.0
core_neuralprophet_frozen_s123,neuralprophet,frozen,selected,False,123,10,2025-03-17 01:00:00,2025-03-23 00:00:00,144,66.71,True,True,138.900146484375,29.1387372807094,168.0388837650844,0.0,0.1154505380000046,0.0,1.0
core_neuralprophet_frozen_s123,neuralprophet,frozen,selected,False,123,10,2025-03-17 01:00:00,2025-03-23 01:00:00,145,88.97,True,True,135.64256286621094,29.1387372807094,164.78130014692033,0.0,0.1154505380000046,0.0,1.0
core_neuralprophet_frozen_s123,neuralprophet,frozen,selected,False,123,10,2025-03-17 01:00:00,2025-03-23 02:00:00,146,106.82,True,True,166.52191162109375,29.1387372807094,195.66064890180314,0.0,0.1154505380000046,0.0,1.0
core_neuralprophet_frozen_s123,neuralprophet,frozen,selected,False,123,10,2025-03-17 01:00:00,2025-03-23 03:00:00,147,113.84,True,True,178.7751007080078,29.1387372807094,207.9138379887172,0.0,0.1154505380000046,0.0,1.0
core_neuralprophet_frozen_s123,neuralprophet,frozen,selected,False,123,10,2025-03-17 01:00:00,2025-03-23 04:00:00,148,75.39,True,True,84.86539459228516,29.1387372807094,114.00413187299455,0.0,0.1154505380000046,0.0,1.0
core_neuralprophet_frozen_s123,neuralprophet,frozen,selected,False,123,10,2025-03-17 01:00:00,2025-03-23 05:00:00,149,72.53,True,True,79.92976379394531,29.1387372807094,109.0685010746547,0.0,0.1154505380000046,0.0,1.0
core_neuralprophet_frozen_s123,neuralprophet,frozen,selected,False,123,10,2025-03-17 01:00:00,2025-03-23 06:00:00,150,71.86,True,True,54.5217170715332,29.1387372807094,83.6604543522426,0.0,0.1154505380000046,0.0,1.0
core_neuralprophet_frozen_s123,neuralprophet,frozen,selected,False,123,10,2025-03-17 01:00:00,2025-03-23 07:00:00,151,72.02,True,True,67.94764709472656,29.1387372807094,97.08638437543596,0.0,0.1154505380000046,0.0,1.0
core_neuralprophet_frozen_s123,neuralprophet,frozen,selected,False,123,10,2025-03-17 01:00:00,2025-03-23 08:00:00,152,72.96,True,True,79.90975189208984,29.1387372807094,109.04848917279924,0.0,0.1154505380000046,0.0,1.0
core_neuralprophet_frozen_s123,neuralprophet,frozen,selected,False,123,10,2025-03-17 01:00:00,2025-03-23 09:00:00,153,69.95,True,True,104.68455505371094,29.1387372807094,133.82329233442033,0.0,0.1154505380000046,0.0,1.0
core_neuralprophet_frozen_s123,neuralprophet,frozen,selected,False,123,10,2025-03-17 01:00:00,2025-03-23 10:00:00,154,82.91,True,True,101.8845672607422,29.1387372807094,131.0233045414516,0.0,0.1154505380000046,0.0,1.0
core_neuralprophet_frozen_s123,neuralprophet,frozen,selected,False,123,10,2025-03-17 01:00:00,2025-03-23 11:00:00,155,133.93,True,True,158.26373291015625,29.1387372807094,187.40247019086564,0.0,0.1154505380000046,0.0,1.0
core_neuralprophet_frozen_s123,neuralprophet,frozen,selected,False,123,10,2025-03-17 01:00:00,2025-03-23 12:00:00,156,197.12,True,True,217.1315460205078,29.1387372807094,246.2702833012172,0.0,0.1154505380000046,0.0,1.0
core_neuralprophet_frozen_s123,neuralprophet,frozen,selected,False,123,10,2025-03-17 01:00:00,2025-03-23 13:00:00,157,246.71,True,True,267.7339172363281,29.1387372807094,296.8726545170375,0.0,0.1154505380000046,0.0,1.0
core_neuralprophet_frozen_s123,neuralprophet,frozen,selected,False,123,10,2025-03-17 01:00:00,2025-03-23 14:00:00,158,281.62,True,True,284.3016662597656,29.1387372807094,313.440403540475,0.0,0.1154505380000046,0.0,1.0
core_neuralprophet_frozen_s123,neuralprophet,frozen,selected,False,123,10,2025-03-17 01:00:00,2025-03-23 15:00:00,159,281.44,True,True,254.28836059570312,29.1387372807094,283.4270978764125,0.0,0.1154505380000046,0.0,1.0
core_neuralprophet_frozen_s123,neuralprophet,frozen,selected,False,123,10,2025-03-17 01:00:00,2025-03-23 16:00:00,160,233.89,True,True,208.5030059814453,29.1387372807094,237.6417432621547,0.0,0.1154505380000046,0.0,1.0
core_neuralprophet_frozen_s123,neuralprophet,frozen,selected,False,123,10,2025-03-17 01:00:00,2025-03-23 17:00:00,161,185.95,True,True,106.13690948486328,29.1387372807094,135.27564676557267,0.0,0.1154505380000046,0.0,1.0
core_neuralprophet_frozen_s123,neuralprophet,frozen,selected,False,123,10,2025-03-17 01:00:00,2025-03-23 18:00:00,162,160.92,True,True,65.96836853027344,29.1387372807094,95.10710581098283,0.0,0.1154505380000046,0.0,1.0
core_neuralprophet_frozen_s123,neuralprophet,frozen,selected,False,123,10,2025-03-17 01:00:00,2025-03-23 19:00:00,163,149.14,True,True,7.3364033699035645,29.1387372807094,36.475140650612964,0.0,0.1154505380000046,0.0,1.0
core_neuralprophet_frozen_s123,neuralprophet,frozen,selected,False,123,10,2025-03-17 01:00:00,2025-03-23 20:00:00,164,128.14,True,True,7.155255317687988,29.1387372807094,36.29399259839739,0.0,0.1154505380000046,0.0,1.0
core_neuralprophet_frozen_s123,neuralprophet,frozen,selected,False,123,10,2025-03-17 01:00:00,2025-03-23 21:00:00,165,104.76,True,True,6.075640201568604,29.1387372807094,35.214377482278,0.0,0.1154505380000046,0.0,1.0
core_neuralprophet_frozen_s123,neuralprophet,frozen,selected,False,123,10,2025-03-17 01:00:00,2025-03-23 22:00:00,166,63.46,True,True,-1.5314316749572754,29.1387372807094,27.607305605752124,0.0,0.1154505380000046,0.0,1.0
core_neuralprophet_frozen_s123,neuralprophet,frozen,selected,False,123,10,2025-03-17 01:00:00,2025-03-23 23:00:00,167,28.11,True,True,-2.4013373851776123,29.1387372807094,26.737399895531787,0.0,0.1154505380000046,0.0,1.0
core_neuralprophet_frozen_s123,neuralprophet,frozen,selected,False,123,10,2025-03-17 01:00:00,2025-03-24 00:00:00,168,14.75,True,True,2.137948751449585,29.1387372807094,31.276686032158985,0.0,0.1154505380000046,0.0,1.0
core_neuralprophet_frozen_s123,neuralprophet,frozen,selected,False,123,16,2025-04-28 01:00:00,2025-04-28 01:00:00,1,22.19,True,True,39.8989143371582,-26.685976946992533,13.21293739016567,0.0,0.1134915940019709,0.0,1.0
core_neuralprophet_frozen_s123,neuralprophet,frozen,selected,False,123,16,2025-04-28 01:00:00,2025-04-28 02:00:00,2,26.54,True,True,38.89833831787109,-26.685976946992533,12.212361370878554,0.0,0.1134915940019709,0.0,1.0
core_neuralprophet_frozen_s123,neuralprophet,frozen,selected,False,123,16,2025-04-28 01:00:00,2025-04-28 03:00:00,3,35.48,True,True,54.703399658203125,-26.685976946992533,28.017422711210592,0.0,0.1134915940019709,0.0,1.0
core_neuralprophet_frozen_s123,neuralprophet,frozen,selected,False,123,16,2025-04-28 01:00:00,2025-04-28 04:00:00,4,30.33,True,True,47.06622695922852,-26.685976946992533,20.38025001223599,0.0,0.1134915940019709,0.0,1.0
core_neuralprophet_frozen_s123,neuralprophet,frozen,selected,False,123,16,2025-04-28 01:00:00,2025-04-28 05:00:00,5,36.13,True,True,41.48048782348633,-26.685976946992533,14.794510876493796,0.0,0.1134915940019709,0.0,1.0
core_neuralprophet_frozen_s123,neuralprophet,frozen,selected,False,123,16,2025-04-28 01:00:00,2025-04-28 06:00:00,6,47.26,True,True,53.98961639404297,-26.685976946992533,27.303639447050436,0.0,0.1134915940019709,0.0,1.0
core_neuralprophet_frozen_s123,neuralprophet,frozen,selected,False,123,16,2025-04-28 01:00:00,2025-04-28 07:00:00,7,58.62,True,True,45.68199157714844,-26.685976946992533,18.996014630155905,0.0,0.1134915940019709,0.0,1.0
core_neuralprophet_frozen_s123,neuralprophet,frozen,selected,False,123,16,2025-04-28 01:00:00,2025-04-28 08:00:00,8,67.43,True,True,55.10658645629883,-26.685976946992533,28.420609509306296,0.0,0.1134915940019709,0.0,1.0
core_neuralprophet_frozen_s123,neuralprophet,frozen,selected,False,123,16,2025-04-28 01:00:00,2025-04-28 09:00:00,9,72.08,True,True,45.919071197509766,-26.685976946992533,19.233094250517233,0.0,0.1134915940019709,0.0,1.0
core_neuralprophet_frozen_s123,neuralprophet,frozen,selected,False,123,16,2025-04-28 01:00:00,2025-04-28 10:00:00,10,74.14,True,True,52.02788925170898,-26.685976946992533,25.341912304716445,0.0,0.1134915940019709,0.0,1.0
core_neuralprophet_frozen_s123,neuralprophet,frozen,selected,False,123,16,2025-04-28 01:00:00,2025-04-28 11:00:00,11,75.93,True,True,37.9326057434082,-26.685976946992533,11.24662879641567,0.0,0.1134915940019709,0.0,1.0
core_neuralprophet_frozen_s123,neuralprophet,frozen,selected,False,123,16,2025-04-28 01:00:00,2025-04-28 12:00:00,12,76.86,True,True,28.27857780456543,-26.685976946992533,1.5926008575728972,0.0,0.1134915940019709,0.0,1.0
core_neuralprophet_frozen_s123,neuralprophet,frozen,selected,False,123,16,2025-04-28 01:00:00,2025-04-28 13:00:00,13,76.48,True,True,34.04371643066406,-26.685976946992533,7.35773948367153,0.0,0.1134915940019709,0.0,1.0
core_neuralprophet_frozen_s123,neuralprophet,frozen,selected,False,123,16,2025-04-28 01:00:00,2025-04-28 14:00:00,14,76.49,True,True,30.192140579223636,-26.685976946992533,3.506163632231104,0.0,0.1134915940019709,0.0,1.0
core_neuralprophet_frozen_s123,neuralprophet,frozen,selected,False,123,16,2025-04-28 01:00:00,2025-04-28 15:00:00,15,74.55,True,True,39.79389572143555,-26.685976946992533,13.107918774443014,0.0,0.1134915940019709,0.0,1.0
core_neuralprophet_frozen_s123,neuralprophet,frozen,selected,False,123,16,2025-04-28 01:00:00,2025-04-28 16:00:00,16,67.96,True,True,29.445520401000977,-26.685976946992533,2.759543454008444,0.0,0.1134915940019709,0.0,1.0
core_neuralprophet_frozen_s123,neuralprophet,frozen,selected,False,123,16,2025-04-28 01:00:00,2025-04-28 17:00:00,17,60.95,True,True,32.0065803527832,-26.685976946992533,5.320603405790671,0.0,0.1134915940019709,0.0,1.0
core_neuralprophet_frozen_s123,neuralprophet,frozen,selected,False,123,16,2025-04-28 01:00:00,2025-04-28 18:00:00,18,56.13,True,True,17.23149871826172,-26.685976946992533,-9.454478228730814,0.0,0.1134915940019709,0.0,1.0
core_neuralprophet_frozen_s123,neuralprophet,frozen,selected,False,123,16,2025-04-28 01:00:00,2025-04-28 19:00:00,19,54.39,True,True,12.81227207183838,-26.685976946992533,-13.873704875154152,0.0,0.1134915940019709,0.0,1.0
core_neuralprophet_frozen_s123,neuralprophet,frozen,selected,False,123,16,2025-04-28 01:00:00,2025-04-28 20:00:00,20,55.22,True,True,15.67587661743164,-26.685976946992533,-11.010100329560892,0.0,0.1134915940019709,0.0,1.0
core_neuralprophet_frozen_s123,neuralprophet,frozen,selected,False,123,16,2025-04-28 01:00:00,2025-04-28 21:00:00,21,57.62,True,True,11.820149421691896,-26.685976946992533,-14.865827525300636,0.0,0.1134915940019709,0.0,1.0
core_neuralprophet_frozen_s123,neuralprophet,frozen,selected,False,123,16,2025-04-28 01:00:00,2025-04-28 22:00:00,22,60.3,True,True,2.915163993835449,-26.685976946992533,-23.770812953157083,0.0,0.1134915940019709,0.0,1.0
core_neuralprophet_frozen_s123,neuralprophet,frozen,selected,False,123,16,2025-04-28 01:00:00,2025-04-28 23:00:00,23,62.71,True,True,-0.276709496974945,-26.685976946992533,-26.962686443967478,0.0,0.1134915940019709,0.0,1.0
core_neuralprophet_frozen_s123,neuralprophet,frozen,selected,False,123,16,2025-04-28 01:00:00,2025-04-29 00:00:00,24,64.32,True,True,10.239130020141602,-26.685976946992533,-16.44684692685093,0.0,0.1134915940019709,0.0,1.0
core_neuralprophet_frozen_s123,neuralprophet,frozen,selected,False,123,16,2025-04-28 01:00:00,2025-04-29 01:00:00,25,64.31,True,True,-0.1887243390083313,-26.685976946992533,-26.874701286000864,0.0,0.1134915940019709,0.0,1.0
core_neuralprophet_frozen_s123,neuralprophet,frozen,selected,False,123,16,2025-04-28 01:00:00,2025-04-29 02:00:00,26,65.02,True,True,-8.03651237487793,-26.685976946992533,-34.72248932187046,0.0,0.1134915940019709,0.0,1.0
core_neuralprophet_frozen_s123,neuralprophet,frozen,selected,False,123,16,2025-04-28 01:00:00,2025-04-29 03:00:00,27,67.37,True,True,10.378689765930176,-26.685976946992533,-16.307287181062357,0.0,0.1134915940019709,0.0,1.0
core_neuralprophet_frozen_s123,neuralprophet,frozen,selected,False,123,16,2025-04-28 01:00:00,2025-04-29 04:00:00,28,55.43,True,True,-2.5314245223999023,-26.685976946992533,-29.217401469392435,0.0,0.1134915940019709,0.0,1.0
core_neuralprophet_frozen_s123,neuralprophet,frozen,selected,False,123,16,2025-04-28 01:00:00,2025-04-29 05:00:00,29,35.4,True,True,-12.738022804260254,-26.685976946992533,-39.423999751252786,0.0,0.1134915940019709,0.0,1.0
core_neuralprophet_frozen_s123,neuralprophet,frozen,selected,False,123,16,2025-04-28 01:00:00,2025-04-29 06:00:00,30,23.89,True,True,-22.89376449584961,-26.685976946992533,-49.57974144284214,0.0,0.1134915940019709,0.0,1.0
core_neuralprophet_frozen_s123,neuralprophet,frozen,selected,False,123,16,2025-04-28 01:00:00,2025-04-29 07:00:00,31,17.38,True,True,-27.08882141113281,-26.685976946992533,-53.77479835812534,0.0,0.1134915940019709,0.0,1.0
core_neuralprophet_frozen_s123,neuralprophet,frozen,selected,False,123,16,2025-04-28 01:00:00,2025-04-29 08:00:00,32,16.68,True,True,-18.412166595458984,-26.685976946992533,-45.09814354245152,0.0,0.1134915940019709,0.0,1.0
core_neuralprophet_frozen_s123,neuralprophet,frozen,selected,False,123,16,2025-04-28 01:00:00,2025-04-29 09:00:00,33,16.48,True,True,-28.957029342651367,-26.685976946992533,-55.6430062896439,0.0,0.1134915940019709,0.0,1.0
core_neuralprophet_frozen_s123,neuralprophet,frozen,selected,False,123,16,2025-04-28 01:00:00,2025-04-29 10:00:00,34,16.57,True,True,-34.503273010253906,-26.685976946992533,-61.18924995724644,0.0,0.1134915940019709,0.0,1.0
core_neuralprophet_frozen_s123,neuralprophet,frozen,selected,False,123,16,2025-04-28 01:00:00,2025-04-29 11:00:00,35,17.29,True,True,-22.0052433013916,-26.685976946992533,-48.691220248384134,0.0,0.1134915940019709,0.0,1.0
core_neuralprophet_frozen_s123,neuralprophet,frozen,selected,False,123,16,2025-04-28 01:00:00,2025-04-29 12:00:00,36,18.41,True,True,-32.65456008911133,-26.685976946992533,-59.34053703610386,0.0,0.1134915940019709,0.0,1.0
core_neuralprophet_frozen_s123,neuralprophet,frozen,selected,False,123,16,2025-04-28 01:00:00,2025-04-29 13:00:00,37,19.63,True,True,-22.620275497436523,-26.685976946992533,-49.306252444429056,0.0,0.1134915940019709,0.0,1.0
core_neuralprophet_frozen_s123,neuralprophet,frozen,selected,False,123,16,2025-04-28 01:00:00,2025-04-29 14:00:00,38,21.47,True,True,-33.42916488647461,-26.685976946992533,-60.11514183346714,0.0,0.1134915940019709,0.0,1.0
core_neuralprophet_frozen_s123,neuralprophet,frozen,selected,False,123,16,2025-04-28 01:00:00,2025-04-29 15:00:00,39,23.16,True,True,-20.217103958129883,-26.685976946992533,-46.903080905122415,0.0,0.1134915940019709,0.0,1.0
core_neuralprophet_frozen_s123,neuralprophet,frozen,selected,False,123,16,2025-04-28 01:00:00,2025-04-29 16:00:00,40,24.08,True,True,-21.88918876647949,-26.685976946992533,-48.57516571347202,0.0,0.1134915940019709,0.0,1.0
core_neuralprophet_frozen_s123,neuralprophet,frozen,selected,False,123,16,2025-04-28 01:00:00,2025-04-29 17:00:00,41,25.21,True,True,-10.61472988128662,-26.685976946992533,-37.300706828279154,0.0,0.1134915940019709,0.0,1.0
core_neuralprophet_frozen_s123,neuralprophet,frozen,selected,False,123,16,2025-04-28 01:00:00,2025-04-29 18:00:00,42,26.58,True,True,-5.476377010345459,-26.685976946992533,-32.16235395733799,0.0,0.1134915940019709,0.0,1.0
core_neuralprophet_frozen_s123,neuralprophet,frozen,selected,False,123,16,2025-04-28 01:00:00,2025-04-29 19:00:00,43,28.12,True,True,-8.203544616699219,-26.685976946992533,-34.88952156369175,0.0,0.1134915940019709,0.0,1.0
core_neuralprophet_frozen_s123,neuralprophet,frozen,selected,False,123,16,2025-04-28 01:00:00,2025-04-29 20:00:00,44,30.63,True,True,-15.442649841308594,-26.685976946992533,-42.128626788301126,0.0,0.1134915940019709,0.0,1.0
core_neuralprophet_frozen_s123,neuralprophet,frozen,selected,False,123,16,2025-04-28 01:00:00,2025-04-29 21:00:00,45,34.63,True,True,-9.967190742492676,-26.685976946992533,-36.65316768948521,0.0,0.1134915940019709,0.0,1.0
core_neuralprophet_frozen_s123,neuralprophet,frozen,selected,False,123,16,2025-04-28 01:00:00,2025-04-29 22:00:00,46,44.43,True,True,3.3547606468200684,-26.685976946992533,-23.331216300172464,0.0,0.1134915940019709,0.0,1.0
core_neuralprophet_frozen_s123,neuralprophet,frozen,selected,False,123,16,2025-04-28 01:00:00,2025-04-29 23:00:00,47,50.92,True,True,-2.7021961212158203,-26.685976946992533,-29.388173068208353,0.0,0.1134915940019709,0.0,1.0
core_neuralprophet_frozen_s123,neuralprophet,frozen,selected,False,123,16,2025-04-28 01:00:00,2025-04-30 00:00:00,48,54.0,True,True,4.349184989929199,-26.685976946992533,-22.336791957063333,0.0,0.1134915940019709,0.0,1.0
core_neuralprophet_frozen_s123,neuralprophet,frozen,selected,False,123,16,2025-04-28 01:00:00,2025-04-30 01:00:00,49,58.78,True,True,10.95640754699707,-26.685976946992533,-15.729569399995462,0.0,0.1134915940019709,0.0,1.0
core_neuralprophet_frozen_s123,neuralprophet,frozen,selected,False,123,16,2025-04-28 01:00:00,2025-04-30 02:00:00,50,59.43,True,True,12.04510498046875,-26.685976946992533,-14.640871966523783,0.0,0.1134915940019709,0.0,1.0
core_neuralprophet_frozen_s123,neuralprophet,frozen,selected,False,123,16,2025-04-28 01:00:00,2025-04-30 03:00:00,51,59.05,True,True,27.79389953613281,-26.685976946992533,1.1079225891402764,0.0,0.1134915940019709,0.0,1.0
core_neuralprophet_frozen_s123,neuralprophet,frozen,selected,False,123,16,2025-04-28 01:00:00,2025-04-30 04:00:00,52,44.67,True,True,9.38718318939209,-26.685976946992533,-17.298793757600443,0.0,0.1134915940019709,0.0,1.0
core_neuralprophet_frozen_s123,neuralprophet,frozen,selected,False,123,16,2025-04-28 01:00:00,2025-04-30 05:00:00,53,41.78,True,True,20.41338539123535,-26.685976946992533,-6.272591555757181,0.0,0.1134915940019709,0.0,1.0
core_neuralprophet_frozen_s123,neuralprophet,frozen,selected,False,123,16,2025-04-28 01:00:00,2025-04-30 06:00:00,54,41.48,True,True,20.00115776062012,-26.685976946992533,-6.684819186372412,0.0,0.1134915940019709,0.0,1.0
core_neuralprophet_frozen_s123,neuralprophet,frozen,selected,False,123,16,2025-04-28 01:00:00,2025-04-30 07:00:00,55,38.05,True,True,30.47949981689453,-26.685976946992533,3.7935228699019987,0.0,0.1134915940019709,0.0,1.0
core_neuralprophet_frozen_s123,neuralprophet,frozen,selected,False,123,16,2025-04-28 01:00:00,2025-04-30 08:00:00,56,31.35,True,True,26.072324752807617,-26.685976946992533,-0.6136521941849153,0.0,0.1134915940019709,0.0,1.0
core_neuralprophet_frozen_s123,neuralprophet,frozen,selected,False,123,16,2025-04-28 01:00:00,2025-04-30 09:00:00,57,22.48,True,True,39.07664108276367,-26.685976946992533,12.39066413577114,0.0,0.1134915940019709,0.0,1.0
core_neuralprophet_frozen_s123,neuralprophet,frozen,selected,False,123,16,2025-04-28 01:00:00,2025-04-30 10:00:00,58,16.3,True,True,38.00908660888672,-26.685976946992533,11.323109661894186,0.0,0.1134915940019709,0.0,1.0
core_neuralprophet_frozen_s123,neuralprophet,frozen,selected,False,123,16,2025-04-28 01:00:00,2025-04-30 11:00:00,59,15.64,True,True,46.62863540649414,-26.685976946992533,19.942658459501608,0.0,0.1134915940019709,0.0,1.0
core_neuralprophet_frozen_s123,neuralprophet,frozen,selected,False,123,16,2025-04-28 01:00:00,2025-04-30 12:00:00,60,17.16,True,True,47.80542755126953,-26.685976946992533,21.119450604277,0.0,0.1134915940019709,0.0,1.0
core_neuralprophet_frozen_s123,neuralprophet,frozen,selected,False,123,16,2025-04-28 01:00:00,2025-04-30 13:00:00,61,19.88,True,True,44.9253044128418,-26.685976946992533,18.239327465849264,0.0,0.1134915940019709,0.0,1.0
core_neuralprophet_frozen_s123,neuralprophet,frozen,selected,False,123,16,2025-04-28 01:00:00,2025-04-30 14:00:00,62,22.64,True,True,51.27607345581055,-26.685976946992533,24.590096508818014,0.0,0.1134915940019709,0.0,1.0
core_neuralprophet_frozen_s123,neuralprophet,frozen,selected,False,123,16,2025-04-28 01:00:00,2025-04-30 15:00:00,63,24.2,True,True,72.83322143554688,-26.685976946992533,46.14724448855434,0.0,0.1134915940019709,0.0,1.0
core_neuralprophet_frozen_s123,neuralprophet,frozen,selected,False,123,16,2025-04-28 01:00:00,2025-04-30 16:00:00,64,23.42,True,True,62.95620346069336,-26.685976946992533,36.27022651370083,0.0,0.1134915940019709,0.0,1.0
core_neuralprophet_frozen_s123,neuralprophet,frozen,selected,False,123,16,2025-04-28 01:00:00,2025-04-30 17:00:00,65,22.61,True,True,68.8108139038086,-26.685976946992533,42.12483695681606,0.0,0.1134915940019709,0.0,1.0
core_neuralprophet_frozen_s123,neuralprophet,frozen,selected,False,123,16,2025-04-28 01:00:00,2025-04-30 18:00:00,66,22.06,True,True,54.97985076904297,-26.685976946992533,28.293873822050436,0.0,0.1134915940019709,0.0,1.0
core_neuralprophet_frozen_s123,neuralprophet,frozen,selected,False,123,16,2025-04-28 01:00:00,2025-04-30 19:00:00,67,21.33,True,True,54.516788482666016,-26.685976946992533,27.830811535673483,0.0,0.1134915940019709,0.0,1.0
core_neuralprophet_frozen_s123,neuralprophet,frozen,selected,False,123,16,2025-04-28 01:00:00,2025-04-30 20:00:00,68,20.74,True,True,42.325286865234375,-26.685976946992533,15.639309918241842,0.0,0.1134915940019709,0.0,1.0
core_neuralprophet_frozen_s123,neuralprophet,frozen,selected,False,123,16,2025-04-28 01:00:00,2025-04-30 21:00:00,69,20.1,True,True,33.54239654541016,-26.685976946992533,6.856419598417631,0.0,0.1134915940019709,0.0,1.0
core_neuralprophet_frozen_s123,neuralprophet,frozen,selected,False,123,16,2025-04-28 01:00:00,2025-04-30 22:00:00,70,18.95,True,True,32.56112289428711,-26.685976946992533,5.875145947294577,0.0,0.1134915940019709,0.0,1.0
core_neuralprophet_frozen_s123,neuralprophet,frozen,selected,False,123,16,2025-04-28 01:00:00,2025-04-30 23:00:00,71,18.27,True,True,29.89415740966797,-26.685976946992533,3.208180462675436,0.0,0.1134915940019709,0.0,1.0
core_neuralprophet_frozen_s123,neuralprophet,frozen,selected,False,123,16,2025-04-28 01:00:00,2025-05-01 00:00:00,72,18.18,True,True,36.80528259277344,-26.685976946992533,10.119305645780905,0.0,0.1134915940019709,0.0,1.0
core_neuralprophet_frozen_s123,neuralprophet,frozen,selected,False,123,16,2025-04-28 01:00:00,2025-05-01 01:00:00,73,15.54,True,True,10.775999069213867,-26.685976946992533,-15.909977877778665,0.0,0.1134915940019709,0.0,1.0
core_neuralprophet_frozen_s123,neuralprophet,frozen,selected,False,123,16,2025-04-28 01:00:00,2025-05-01 02:00:00,74,16.06,True,True,16.463592529296875,-26.685976946992533,-10.222384417695658,0.0,0.1134915940019709,0.0,1.0
core_neuralprophet_frozen_s123,neuralprophet,frozen,selected,False,123,16,2025-04-28 01:00:00,2025-05-01 03:00:00,75,17.33,True,True,13.241636276245115,-26.685976946992533,-13.444340670747417,0.0,0.1134915940019709,0.0,1.0
core_neuralprophet_frozen_s123,neuralprophet,frozen,selected,False,123,16,2025-04-28 01:00:00,2025-05-01 04:00:00,76,14.04,True,True,13.459030151367188,-26.685976946992533,-13.226946795625345,0.0,0.1134915940019709,0.0,1.0
core_neuralprophet_frozen_s123,neuralprophet,frozen,selected,False,123,16,2025-04-28 01:00:00,2025-05-01 05:00:00,77,14.73,True,True,17.104021072387695,-26.685976946992533,-9.581955874604837,0.0,0.1134915940019709,0.0,1.0
core_neuralprophet_frozen_s123,neuralprophet,frozen,selected,False,123,16,2025-04-28 01:00:00,2025-05-01 06:00:00,78,16.17,True,True,4.716248512268066,-26.685976946992533,-21.969728434724466,0.0,0.1134915940019709,0.0,1.0
core_neuralprophet_frozen_s123,neuralprophet,frozen,selected,False,123,16,2025-04-28 01:00:00,2025-05-01 07:00:00,79,17.55,True,True,10.789643287658691,-26.685976946992533,-15.896333659333841,0.0,0.1134915940019709,0.0,1.0
core_neuralprophet_frozen_s123,neuralprophet,frozen,selected,False,123,16,2025-04-28 01:00:00,2025-05-01 08:00:00,80,18.82,True,True,15.270347595214844,-26.685976946992533,-11.415629351777689,0.0,0.1134915940019709,0.0,1.0
core_neuralprophet_frozen_s123,neuralprophet,frozen,selected,False,123,16,2025-04-28 01:00:00,2025-05-01 09:00:00,81,19.62,True,True,10.202719688415527,-26.685976946992533,-16.483257258577005,0.0,0.1134915940019709,0.0,1.0
core_neuralprophet_frozen_s123,neuralprophet,frozen,selected,False,123,16,2025-04-28 01:00:00,2025-05-01 10:00:00,82,20.58,True,True,16.945968627929688,-26.685976946992533,-9.740008319062845,0.0,0.1134915940019709,0.0,1.0
core_neuralprophet_frozen_s123,neuralprophet,frozen,selected,False,123,16,2025-04-28 01:00:00,2025-05-01 11:00:00,83,21.79,True,True,8.488059043884277,-26.685976946992533,-18.197917903108255,0.0,0.1134915940019709,0.0,1.0
core_neuralprophet_frozen_s123,neuralprophet,frozen,selected,False,123,16,2025-04-28 01:00:00,2025-05-01 12:00:00,84,22.77,True,True,-10.47231388092041,-26.685976946992533,-37.15829082791294,0.0,0.1134915940019709,0.0,1.0
core_neuralprophet_frozen_s123,neuralprophet,frozen,selected,False,123,16,2025-04-28 01:00:00,2025-05-01 13:00:00,85,23.46,True,True,3.886184692382813,-26.685976946992533,-22.79979225460972,0.0,0.1134915940019709,0.0,1.0
core_neuralprophet_frozen_s123,neuralprophet,frozen,selected,False,123,16,2025-04-28 01:00:00,2025-05-01 14:00:00,86,24.92,True,True,-6.071765899658203,-26.685976946992533,-32.757742846650736,0.0,0.1134915940019709,0.0,1.0
core_neuralprophet_frozen_s123,neuralprophet,frozen,selected,False,123,16,2025-04-28 01:00:00,2025-05-01 15:00:00,87,27.03,True,True,0.3390987515449524,-26.685976946992533,-26.34687819544758,0.0,0.1134915940019709,0.0,1.0
core_neuralprophet_frozen_s123,neuralprophet,frozen,selected,False,123,16,2025-04-28 01:00:00,2025-05-01 16:00:00,88,28.78,True,True,-0.4505323767662048,-26.685976946992533,-27.136509323758737,0.0,0.1134915940019709,0.0,1.0
core_neuralprophet_frozen_s123,neuralprophet,frozen,selected,False,123,16,2025-04-28 01:00:00,2025-05-01 17:00:00,89,31.18,True,True,-4.706826210021973,-26.685976946992533,-31.392803157014505,0.0,0.1134915940019709,0.0,1.0
core_neuralprophet_frozen_s123,neuralprophet,frozen,selected,False,123,16,2025-04-28 01:00:00,2025-05-01 18:00:00,90,34.31,True,True,-4.740462779998779,-26.685976946992533,-31.426439726991312,0.0,0.1134915940019709,0.0,1.0
core_neuralprophet_frozen_s123,neuralprophet,frozen,selected,False,123,16,2025-04-28 01:00:00,2025-05-01 19:00:00,91,37.34,True,True,-18.76150703430176,-26.685976946992533,-45.4474839812943,0.0,0.1134915940019709,0.0,1.0
core_neuralprophet_frozen_s123,neuralprophet,frozen,selected,False,123,16,2025-04-28 01:00:00,2025-05-01 20:00:00,92,40.61,True,True,-11.291364669799805,-26.685976946992533,-37.97734161679234,0.0,0.1134915940019709,0.0,1.0
core_neuralprophet_frozen_s123,neuralprophet,frozen,selected,False,123,16,2025-04-28 01:00:00,2025-05-01 21:00:00,93,43.76,True,True,-16.826780319213867,-26.685976946992533,-43.5127572662064,0.0,0.1134915940019709,0.0,1.0
core_neuralprophet_frozen_s123,neuralprophet,frozen,selected,False,123,16,2025-04-28 01:00:00,2025-05-01 22:00:00,94,45.48,True,True,-6.691318988800049,-26.685976946992533,-33.37729593579258,0.0,0.1134915940019709,0.0,1.0
core_neuralprophet_frozen_s123,neuralprophet,frozen,selected,False,123,16,2025-04-28 01:00:00,2025-05-01 23:00:00,95,46.39,True,True,-2.4064743518829346,-26.685976946992533,-29.092451298875467,0.0,0.1134915940019709,0.0,1.0
core_neuralprophet_frozen_s123,neuralprophet,frozen,selected,False,123,16,2025-04-28 01:00:00,2025-05-02 00:00:00,96,46.55,True,True,7.113173484802246,-26.685976946992533,-19.572803462190286,0.0,0.1134915940019709,0.0,1.0
core_neuralprophet_frozen_s123,neuralprophet,frozen,selected,False,123,16,2025-04-28 01:00:00,2025-05-02 01:00:00,97,46.72,True,True,6.411594390869141,-26.685976946992533,-20.274382556123392,0.0,0.1134915940019709,0.0,1.0
core_neuralprophet_frozen_s123,neuralprophet,frozen,selected,False,123,16,2025-04-28 01:00:00,2025-05-02 02:00:00,98,0.0,True,True,8.921778678894043,-26.685976946992533,-17.76419826809849,0.0,0.1134915940019709,0.0,1.0
core_neuralprophet_frozen_s123,neuralprophet,frozen,selected,False,123,16,2025-04-28 01:00:00,2025-05-02 03:00:00,99,48.42,True,True,26.649477005004883,-26.685976946992533,-0.03649994198764972,0.0,0.1134915940019709,0.0,1.0
core_neuralprophet_frozen_s123,neuralprophet,frozen,selected,False,123,16,2025-04-28 01:00:00,2025-05-02 04:00:00,100,51.74,True,True,2.4910190105438232,-26.685976946992533,-24.19495793644871,0.0,0.1134915940019709,0.0,1.0
core_neuralprophet_frozen_s123,neuralprophet,frozen,selected,False,123,16,2025-04-28 01:00:00,2025-05-02 05:00:00,101,49.36,True,True,9.749849319458008,-26.685976946992533,-16.936127627534525,0.0,0.1134915940019709,0.0,1.0
core_neuralprophet_frozen_s123,neuralprophet,frozen,selected,False,123,16,2025-04-28 01:00:00,2025-05-02 06:00:00,102,48.76,True,True,16.089542388916016,-26.685976946992533,-10.596434558076517,0.0,0.1134915940019709,0.0,1.0
core_neuralprophet_frozen_s123,neuralprophet,frozen,selected,False,123,16,2025-04-28 01:00:00,2025-05-02 07:00:00,103,47.14,True,True,28.20830535888672,-26.685976946992533,1.5223284118941862,0.0,0.1134915940019709,0.0,1.0
core_neuralprophet_frozen_s123,neuralprophet,frozen,selected,False,123,16,2025-04-28 01:00:00,2025-05-02 08:00:00,104,44.02,True,True,16.434167861938477,-26.685976946992533,-10.251809085054056,0.0,0.1134915940019709,0.0,1.0
core_neuralprophet_frozen_s123,neuralprophet,frozen,selected,False,123,16,2025-04-28 01:00:00,2025-05-02 09:00:00,105,39.1,True,True,27.71729850769043,-26.685976946992533,1.0313215606978972,0.0,0.1134915940019709,0.0,1.0
core_neuralprophet_frozen_s123,neuralprophet,frozen,selected,False,123,16,2025-04-28 01:00:00,2025-05-02 10:00:00,106,32.99,True,True,21.462425231933597,-26.685976946992533,-5.223551715058935,0.0,0.1134915940019709,0.0,1.0
core_neuralprophet_frozen_s123,neuralprophet,frozen,selected,False,123,16,2025-04-28 01:00:00,2025-05-02 11:00:00,107,28.2,True,True,23.99036407470703,-26.685976946992533,-2.6956128722855013,0.0,0.1134915940019709,0.0,1.0
core_neuralprophet_frozen_s123,neuralprophet,frozen,selected,False,123,16,2025-04-28 01:00:00,2025-05-02 12:00:00,108,24.65,True,True,21.911474227905277,-26.685976946992533,-4.7745027190872555,0.0,0.1134915940019709,0.0,1.0
core_neuralprophet_frozen_s123,neuralprophet,frozen,selected,False,123,16,2025-04-28 01:00:00,2025-05-02 13:00:00,109,24.45,True,True,22.24751091003418,-26.685976946992533,-4.438466036958353,0.0,0.1134915940019709,0.0,1.0
core_neuralprophet_frozen_s123,neuralprophet,frozen,selected,False,123,16,2025-04-28 01:00:00,2025-05-02 14:00:00,110,27.36,True,True,24.824722290039062,-26.685976946992533,-1.86125465695347,0.0,0.1134915940019709,0.0,1.0
core_neuralprophet_frozen_s123,neuralprophet,frozen,selected,False,123,16,2025-04-28 01:00:00,2025-05-02 15:00:00,111,30.12,True,True,39.84894561767578,-26.685976946992533,13.162968670683249,0.0,0.1134915940019709,0.0,1.0
core_neuralprophet_frozen_s123,neuralprophet,frozen,selected,False,123,16,2025-04-28 01:00:00,2025-05-02 16:00:00,112,30.93,True,True,41.06905364990234,-26.685976946992533,14.383076702909804,0.0,0.1134915940019709,0.0,1.0
core_neuralprophet_frozen_s123,neuralprophet,frozen,selected,False,123,16,2025-04-28 01:00:00,2025-05-02 17:00:00,113,30.3,True,True,35.4399299621582,-26.685976946992533,8.75395301516567,0.0,0.1134915940019709,0.0,1.0
core_neuralprophet_frozen_s123,neuralprophet,frozen,selected,False,123,16,2025-04-28 01:00:00,2025-05-02 18:00:00,114,27.63,True,True,24.102739334106445,-26.685976946992533,-2.583237612886087,0.0,0.1134915940019709,0.0,1.0
core_neuralprophet_frozen_s123,neuralprophet,frozen,selected,False,123,16,2025-04-28 01:00:00,2025-05-02 19:00:00,115,17.99,True,True,27.754037857055664,-26.685976946992533,1.0680609100631315,0.0,0.1134915940019709,0.0,1.0
core_neuralprophet_frozen_s123,neuralprophet,frozen,selected,False,123,16,2025-04-28 01:00:00,2025-05-02 20:00:00,116,11.01,True,True,23.88368034362793,-26.685976946992533,-2.802296603364603,0.0,0.1134915940019709,0.0,1.0
core_neuralprophet_frozen_s123,neuralprophet,frozen,selected,False,123,16,2025-04-28 01:00:00,2025-05-02 21:00:00,117,6.61,True,True,26.45914459228516,-26.685976946992533,-0.22683235470737273,0.0,0.1134915940019709,0.0,1.0
core_neuralprophet_frozen_s123,neuralprophet,frozen,selected,False,123,16,2025-04-28 01:00:00,2025-05-02 22:00:00,118,3.89,True,True,15.894893646240234,-26.685976946992533,-10.791083300752298,0.0,0.1134915940019709,0.0,1.0
core_neuralprophet_frozen_s123,neuralprophet,frozen,selected,False,123,16,2025-04-28 01:00:00,2025-05-02 23:00:00,119,2.54,True,True,20.93924140930176,-26.685976946992533,-5.746735537690771,0.0,0.1134915940019709,0.0,1.0
core_neuralprophet_frozen_s123,neuralprophet,frozen,selected,False,123,16,2025-04-28 01:00:00,2025-05-03 00:00:00,120,2.17,True,True,21.416975021362305,-26.685976946992533,-5.269001925630228,0.0,0.1134915940019709,0.0,1.0
core_neuralprophet_frozen_s123,neuralprophet,frozen,selected,False,123,16,2025-04-28 01:00:00,2025-05-03 01:00:00,121,2.0,True,True,29.471410751342773,-26.685976946992533,2.785433804350241,0.0,0.1134915940019709,0.0,1.0
core_neuralprophet_frozen_s123,neuralprophet,frozen,selected,False,123,16,2025-04-28 01:00:00,2025-05-03 02:00:00,122,2.24,True,True,25.525026321411133,-26.685976946992533,-1.1609506255813997,0.0,0.1134915940019709,0.0,1.0
core_neuralprophet_frozen_s123,neuralprophet,frozen,selected,False,123,16,2025-04-28 01:00:00,2025-05-03 03:00:00,123,2.62,True,True,35.84529495239258,-26.685976946992533,9.159318005400046,0.0,0.1134915940019709,0.0,1.0
core_neuralprophet_frozen_s123,neuralprophet,frozen,selected,False,123,16,2025-04-28 01:00:00,2025-05-03 04:00:00,124,2.58,True,True,32.84648895263672,-26.685976946992533,6.160512005644186,0.0,0.1134915940019709,0.0,1.0
core_neuralprophet_frozen_s123,neuralprophet,frozen,selected,False,123,16,2025-04-28 01:00:00,2025-05-03 05:00:00,125,2.88,True,True,29.19064712524414,-26.685976946992533,2.504670178251608,0.0,0.1134915940019709,0.0,1.0
core_neuralprophet_frozen_s123,neuralprophet,frozen,selected,False,123,16,2025-04-28 01:00:00,2025-05-03 06:00:00,126,3.4,True,True,35.65477752685547,-26.685976946992533,8.968800579862936,0.0,0.1134915940019709,0.0,1.0
core_neuralprophet_frozen_s123,neuralprophet,frozen,selected,False,123,16,2025-04-28 01:00:00,2025-05-03 07:00:00,127,4.03,True,True,41.78874588012695,-26.685976946992533,15.10276893313442,0.0,0.1134915940019709,0.0,1.0
core_neuralprophet_frozen_s123,neuralprophet,frozen,selected,False,123,16,2025-04-28 01:00:00,2025-05-03 08:00:00,128,4.63,True,True,39.247657775878906,-26.685976946992533,12.561680828886374,0.0,0.1134915940019709,0.0,1.0
core_neuralprophet_frozen_s123,neuralprophet,frozen,selected,False,123,16,2025-04-28 01:00:00,2025-05-03 09:00:00,129,5.09,True,True,27.63255882263184,-26.685976946992533,0.946581875639307,0.0,0.1134915940019709,0.0,1.0
core_neuralprophet_frozen_s123,neuralprophet,frozen,selected,False,123,16,2025-04-28 01:00:00,2025-05-03 10:00:00,130,5.84,True,True,35.203712463378906,-26.685976946992533,8.517735516386374,0.0,0.1134915940019709,0.0,1.0
core_neuralprophet_frozen_s123,neuralprophet,frozen,selected,False,123,16,2025-04-28 01:00:00,2025-05-03 11:00:00,131,6.81,True,True,29.762693405151367,-26.685976946992533,3.0767164581588347,0.0,0.1134915940019709,0.0,1.0
core_neuralprophet_frozen_s123,neuralprophet,frozen,selected,False,123,16,2025-04-28 01:00:00,2025-05-03 12:00:00,132,7.64,True,True,20.9600772857666,-26.685976946992533,-5.725899661225931,0.0,0.1134915940019709,0.0,1.0
core_neuralprophet_frozen_s123,neuralprophet,frozen,selected,False,123,16,2025-04-28 01:00:00,2025-05-03 13:00:00,133,8.22,True,True,12.71906852722168,-26.685976946992533,-13.966908419770853,0.0,0.1134915940019709,0.0,1.0
core_neuralprophet_frozen_s123,neuralprophet,frozen,selected,False,123,16,2025-04-28 01:00:00,2025-05-03 14:00:00,134,8.82,True,True,13.764039993286133,-26.685976946992533,-12.9219369537064,0.0,0.1134915940019709,0.0,1.0
core_neuralprophet_frozen_s123,neuralprophet,frozen,selected,False,123,16,2025-04-28 01:00:00,2025-05-03 15:00:00,135,9.35,True,True,-1.2667367458343506,-26.685976946992533,-27.952713692826883,0.0,0.1134915940019709,0.0,1.0
core_neuralprophet_frozen_s123,neuralprophet,frozen,selected,False,123,16,2025-04-28 01:00:00,2025-05-03 16:00:00,136,10.24,True,True,6.208994388580322,-26.685976946992533,-20.47698255841221,0.0,0.1134915940019709,0.0,1.0
core_neuralprophet_frozen_s123,neuralprophet,frozen,selected,False,123,16,2025-04-28 01:00:00,2025-05-03 17:00:00,137,11.59,True,True,-4.199052333831787,-26.685976946992533,-30.88502928082432,0.0,0.1134915940019709,0.0,1.0
core_neuralprophet_frozen_s123,neuralprophet,frozen,selected,False,123,16,2025-04-28 01:00:00,2025-05-03 18:00:00,138,13.29,True,True,-17.246280670166016,-26.685976946992533,-43.93225761715855,0.0,0.1134915940019709,0.0,1.0
core_neuralprophet_frozen_s123,neuralprophet,frozen,selected,False,123,16,2025-04-28 01:00:00,2025-05-03 19:00:00,139,15.0,True,True,-11.406349182128906,-26.685976946992533,-38.09232612912144,0.0,0.1134915940019709,0.0,1.0
core_neuralprophet_frozen_s123,neuralprophet,frozen,selected,False,123,16,2025-04-28 01:00:00,2025-05-03 20:00:00,140,16.66,True,True,-14.334205627441406,-26.685976946992533,-41.02018257443394,0.0,0.1134915940019709,0.0,1.0
core_neuralprophet_frozen_s123,neuralprophet,frozen,selected,False,123,16,2025-04-28 01:00:00,2025-05-03 21:00:00,141,18.3,True,True,-26.575519561767575,-26.685976946992533,-53.2614965087601,0.0,0.1134915940019709,0.0,1.0
core_neuralprophet_frozen_s123,neuralprophet,frozen,selected,False,123,16,2025-04-28 01:00:00,2025-05-03 22:00:00,142,19.67,True,True,-15.557140350341797,-26.685976946992533,-42.24311729733433,0.0,0.1134915940019709,0.0,1.0
core_neuralprophet_frozen_s123,neuralprophet,frozen,selected,False,123,16,2025-04-28 01:00:00,2025-05-03 23:00:00,143,21.67,True,True,-18.07464027404785,-26.685976946992533,-44.760617221040384,0.0,0.1134915940019709,0.0,1.0
core_neuralprophet_frozen_s123,neuralprophet,frozen,selected,False,123,16,2025-04-28 01:00:00,2025-05-04 00:00:00,144,24.7,True,True,-23.27215003967285,-26.685976946992533,-49.958126986665384,0.0,0.1134915940019709,0.0,1.0
core_neuralprophet_frozen_s123,neuralprophet,frozen,selected,False,123,16,2025-04-28 01:00:00,2025-05-04 01:00:00,145,29.81,True,True,-20.13667869567871,-26.685976946992533,-46.82265564267124,0.0,0.1134915940019709,0.0,1.0
core_neuralprophet_frozen_s123,neuralprophet,frozen,selected,False,123,16,2025-04-28 01:00:00,2025-05-04 02:00:00,146,33.82,True,True,-30.213415145874023,-26.685976946992533,-56.899392092866556,0.0,0.1134915940019709,0.0,1.0
core_neuralprophet_frozen_s123,neuralprophet,frozen,selected,False,123,16,2025-04-28 01:00:00,2025-05-04 03:00:00,147,39.67,True,True,-3.436774969100952,-26.685976946992533,-30.122751916093485,0.0,0.1134915940019709,0.0,1.0
core_neuralprophet_frozen_s123,neuralprophet,frozen,selected,False,123,16,2025-04-28 01:00:00,2025-05-04 04:00:00,148,37.33,True,True,-14.569497108459473,-26.685976946992533,-41.255474055452005,0.0,0.1134915940019709,0.0,1.0
core_neuralprophet_frozen_s123,neuralprophet,frozen,selected,False,123,16,2025-04-28 01:00:00,2025-05-04 05:00:00,149,33.02,True,True,-15.100160598754885,-26.685976946992533,-41.786137545747415,0.0,0.1134915940019709,0.0,1.0
core_neuralprophet_frozen_s123,neuralprophet,frozen,selected,False,123,16,2025-04-28 01:00:00,2025-05-04 06:00:00,150,29.74,True,True,-24.68926048278809,-26.685976946992533,-51.375237429780626,0.0,0.1134915940019709,0.0,1.0
core_neuralprophet_frozen_s123,neuralprophet,frozen,selected,False,123,16,2025-04-28 01:00:00,2025-05-04 07:00:00,151,27.35,True,True,-8.804604530334473,-26.685976946992533,-35.490581477327005,0.0,0.1134915940019709,0.0,1.0
core_neuralprophet_frozen_s123,neuralprophet,frozen,selected,False,123,16,2025-04-28 01:00:00,2025-05-04 08:00:00,152,26.13,True,True,0.0841485261917114,-26.685976946992533,-26.60182842080082,0.0,0.1134915940019709,0.0,1.0
core_neuralprophet_frozen_s123,neuralprophet,frozen,selected,False,123,16,2025-04-28 01:00:00,2025-05-04 09:00:00,153,25.65,True,True,-10.714056968688965,-26.685976946992533,-37.4000339156815,0.0,0.1134915940019709,0.0,1.0
core_neuralprophet_frozen_s123,neuralprophet,frozen,selected,False,123,16,2025-04-28 01:00:00,2025-05-04 10:00:00,154,26.59,True,True,-8.658798217773438,-26.685976946992533,-35.34477516476597,0.0,0.1134915940019709,0.0,1.0
core_neuralprophet_frozen_s123,neuralprophet,frozen,selected,False,123,16,2025-04-28 01:00:00,2025-05-04 11:00:00,155,28.79,True,True,-5.967383861541748,-26.685976946992533,-32.65336080853428,0.0,0.1134915940019709,0.0,1.0
core_neuralprophet_frozen_s123,neuralprophet,frozen,selected,False,123,16,2025-04-28 01:00:00,2025-05-04 12:00:00,156,31.73,True,True,-14.06661319732666,-26.685976946992533,-40.75259014431919,0.0,0.1134915940019709,0.0,1.0
core_neuralprophet_frozen_s123,neuralprophet,frozen,selected,False,123,16,2025-04-28 01:00:00,2025-05-04 13:00:00,157,35.63,True,True,-4.368447303771973,-26.685976946992533,-31.054424250764505,0.0,0.1134915940019709,0.0,1.0
core_neuralprophet_frozen_s123,neuralprophet,frozen,selected,False,123,16,2025-04-28 01:00:00,2025-05-04 14:00:00,158,39.99,True,True,-1.428076982498169,-26.685976946992533,-28.1140539294907,0.0,0.1134915940019709,0.0,1.0
core_neuralprophet_frozen_s123,neuralprophet,frozen,selected,False,123,16,2025-04-28 01:00:00,2025-05-04 15:00:00,159,44.42,True,True,-1.711881160736084,-26.685976946992533,-28.397858107728617,0.0,0.1134915940019709,0.0,1.0
core_neuralprophet_frozen_s123,neuralprophet,frozen,selected,False,123,16,2025-04-28 01:00:00,2025-05-04 16:00:00,160,47.44,True,True,4.239542484283447,-26.685976946992533,-22.446434462709085,0.0,0.1134915940019709,0.0,1.0
core_neuralprophet_frozen_s123,neuralprophet,frozen,selected,False,123,16,2025-04-28 01:00:00,2025-05-04 17:00:00,161,50.61,True,True,3.706125497817993,-26.685976946992533,-22.97985144917454,0.0,0.1134915940019709,0.0,1.0
core_neuralprophet_frozen_s123,neuralprophet,frozen,selected,False,123,16,2025-04-28 01:00:00,2025-05-04 18:00:00,162,54.85,True,True,3.877246379852295,-26.685976946992533,-22.808730567140238,0.0,0.1134915940019709,0.0,1.0
core_neuralprophet_frozen_s123,neuralprophet,frozen,selected,False,123,16,2025-04-28 01:00:00,2025-05-04 19:00:00,163,60.67,True,True,10.42701816558838,-26.685976946992533,-16.258958781404154,0.0,0.1134915940019709,0.0,1.0
core_neuralprophet_frozen_s123,neuralprophet,frozen,selected,False,123,16,2025-04-28 01:00:00,2025-05-04 20:00:00,164,66.99,True,True,1.947944402694702,-26.685976946992533,-24.73803254429783,0.0,0.1134915940019709,0.0,1.0
core_neuralprophet_frozen_s123,neuralprophet,frozen,selected,False,123,16,2025-04-28 01:00:00,2025-05-04 21:00:00,165,71.97,True,True,3.1440236568450928,-26.685976946992533,-23.54195329014744,0.0,0.1134915940019709,0.0,1.0
core_neuralprophet_frozen_s123,neuralprophet,frozen,selected,False,123,16,2025-04-28 01:00:00,2025-05-04 22:00:00,166,75.63,True,True,18.465221405029297,-26.685976946992533,-8.220755541963236,0.0,0.1134915940019709,0.0,1.0
core_neuralprophet_frozen_s123,neuralprophet,frozen,selected,False,123,16,2025-04-28 01:00:00,2025-05-04 23:00:00,167,79.47,True,True,3.4920599460601807,-26.685976946992533,-23.193917000932352,0.0,0.1134915940019709,0.0,1.0
core_neuralprophet_frozen_s123,neuralprophet,frozen,selected,False,123,16,2025-04-28 01:00:00,2025-05-05 00:00:00,168,82.81,True,True,29.843528747558597,-26.685976946992533,3.1575518005660648,0.0,0.1134915940019709,0.0,1.0
core_neuralprophet_frozen_s123,neuralprophet,frozen,selected,False,123,17,2025-05-05 01:00:00,2025-05-05 01:00:00,1,86.7,True,True,84.31272888183594,20.035751521814436,104.34848040365037,0.0,0.1125790630030678,0.0,1.0
core_neuralprophet_frozen_s123,neuralprophet,frozen,selected,False,123,17,2025-05-05 01:00:00,2025-05-05 02:00:00,2,87.26,True,True,60.46711349487305,20.035751521814436,80.50286501668748,0.0,0.1125790630030678,0.0,1.0
core_neuralprophet_frozen_s123,neuralprophet,frozen,selected,False,123,17,2025-05-05 01:00:00,2025-05-05 03:00:00,3,87.02,True,True,67.4588394165039,20.035751521814436,87.49459093831834,0.0,0.1125790630030678,0.0,1.0
core_neuralprophet_frozen_s123,neuralprophet,frozen,selected,False,123,17,2025-05-05 01:00:00,2025-05-05 04:00:00,4,90.26,True,True,51.68601989746094,20.035751521814436,71.72177141927537,0.0,0.1125790630030678,0.0,1.0
core_neuralprophet_frozen_s123,neuralprophet,frozen,selected,False,123,17,2025-05-05 01:00:00,2025-05-05 05:00:00,5,85.26,True,True,62.18745422363281,20.035751521814436,82.22320574544725,0.0,0.1125790630030678,0.0,1.0
core_neuralprophet_frozen_s123,neuralprophet,frozen,selected,False,123,17,2025-05-05 01:00:00,2025-05-05 06:00:00,6,72.32,True,True,48.55759811401367,20.035751521814436,68.5933496358281,0.0,0.1125790630030678,0.0,1.0
core_neuralprophet_frozen_s123,neuralprophet,frozen,selected,False,123,17,2025-05-05 01:00:00,2025-05-05 07:00:00,7,63.44,True,True,55.226707458496094,20.035751521814436,75.26245898031053,0.0,0.1125790630030678,0.0,1.0
core_neuralprophet_frozen_s123,neuralprophet,frozen,selected,False,123,17,2025-05-05 01:00:00,2025-05-05 08:00:00,8,62.04,True,True,49.19724655151367,20.035751521814436,69.2329980733281,0.0,0.1125790630030678,0.0,1.0
core_neuralprophet_frozen_s123,neuralprophet,frozen,selected,False,123,17,2025-05-05 01:00:00,2025-05-05 09:00:00,9,65.73,True,True,41.46294021606445,20.035751521814436,61.498691737878886,0.0,0.1125790630030678,0.0,1.0
core_neuralprophet_frozen_s123,neuralprophet,frozen,selected,False,123,17,2025-05-05 01:00:00,2025-05-05 10:00:00,10,69.24,True,True,31.04753875732422,20.035751521814436,51.08329027913865,0.0,0.1125790630030678,0.0,1.0
core_neuralprophet_frozen_s123,neuralprophet,frozen,selected,False,123,17,2025-05-05 01:00:00,2025-05-05 11:00:00,11,69.96,True,True,36.0900993347168,20.035751521814436,56.12585085653123,0.0,0.1125790630030678,0.0,1.0
core_neuralprophet_frozen_s123,neuralprophet,frozen,selected,False,123,17,2025-05-05 01:00:00,2025-05-05 12:00:00,12,65.56,True,True,15.138513565063477,20.035751521814436,35.17426508687791,0.0,0.1125790630030678,0.0,1.0
core_neuralprophet_frozen_s123,neuralprophet,frozen,selected,False,123,17,2025-05-05 01:00:00,2025-05-05 13:00:00,13,56.87,True,True,24.93452835083008,20.035751521814436,44.97027987264452,0.0,0.1125790630030678,0.0,1.0
core_neuralprophet_frozen_s123,neuralprophet,frozen,selected,False,123,17,2025-05-05 01:00:00,2025-05-05 14:00:00,14,49.75,True,True,13.093528747558594,20.035751521814436,33.12928026937303,0.0,0.1125790630030678,0.0,1.0
core_neuralprophet_frozen_s123,neuralprophet,frozen,selected,False,123,17,2025-05-05 01:00:00,2025-05-05 15:00:00,15,45.13,True,True,26.600984573364254,20.035751521814436,46.63673609517869,0.0,0.1125790630030678,0.0,1.0
core_neuralprophet_frozen_s123,neuralprophet,frozen,selected,False,123,17,2025-05-05 01:00:00,2025-05-05 16:00:00,16,46.25,True,True,48.11463165283203,20.035751521814436,68.15038317464646,0.0,0.1125790630030678,0.0,1.0
core_neuralprophet_frozen_s123,neuralprophet,frozen,selected,False,123,17,2025-05-05 01:00:00,2025-05-05 17:00:00,17,53.46,True,True,41.651981353759766,20.035751521814436,61.6877328755742,0.0,0.1125790630030678,0.0,1.0
core_neuralprophet_frozen_s123,neuralprophet,frozen,selected,False,123,17,2025-05-05 01:00:00,2025-05-05 18:00:00,18,61.41,True,True,53.47395324707031,20.035751521814436,73.50970476888475,0.0,0.1125790630030678,0.0,1.0
core_neuralprophet_frozen_s123,neuralprophet,frozen,selected,False,123,17,2025-05-05 01:00:00,2025-05-05 19:00:00,19,62.97,True,True,41.241355895996094,20.035751521814436,61.27710741781053,0.0,0.1125790630030678,0.0,1.0
core_neuralprophet_frozen_s123,neuralprophet,frozen,selected,False,123,17,2025-05-05 01:00:00,2025-05-05 20:00:00,20,58.23,True,True,35.383548736572266,20.035751521814436,55.4193002583867,0.0,0.1125790630030678,0.0,1.0
core_neuralprophet_frozen_s123,neuralprophet,frozen,selected,False,123,17,2025-05-05 01:00:00,2025-05-05 21:00:00,21,50.07,True,True,34.69133758544922,20.035751521814436,54.72708910726365,0.0,0.1125790630030678,0.0,1.0
core_neuralprophet_frozen_s123,neuralprophet,frozen,selected,False,123,17,2025-05-05 01:00:00,2025-05-05 22:00:00,22,40.34,True,True,31.277055740356445,20.035751521814436,51.31280726217088,0.0,0.1125790630030678,0.0,1.0
core_neuralprophet_frozen_s123,neuralprophet,frozen,selected,False,123,17,2025-05-05 01:00:00,2025-05-05 23:00:00,23,31.01,True,True,24.323070526123047,20.035751521814436,44.35882204793748,0.0,0.1125790630030678,0.0,1.0
core_neuralprophet_frozen_s123,neuralprophet,frozen,selected,False,123,17,2025-05-05 01:00:00,2025-05-06 00:00:00,24,24.56,True,True,29.854007720947266,20.035751521814436,49.8897592427617,0.0,0.1125790630030678,0.0,1.0
core_neuralprophet_frozen_s123,neuralprophet,frozen,selected,False,123,17,2025-05-05 01:00:00,2025-05-06 01:00:00,25,19.25,True,True,8.95325756072998,20.035751521814436,28.989009082544417,0.0,0.1125790630030678,0.0,1.0
core_neuralprophet_frozen_s123,neuralprophet,frozen,selected,False,123,17,2025-05-05 01:00:00,2025-05-06 02:00:00,26,16.0,True,True,16.058740615844727,20.035751521814436,36.09449213765916,0.0,0.1125790630030678,0.0,1.0
core_neuralprophet_frozen_s123,neuralprophet,frozen,selected,False,123,17,2025-05-05 01:00:00,2025-05-06 03:00:00,27,15.46,True,True,23.01617813110352,20.035751521814436,43.051929652917956,0.0,0.1125790630030678,0.0,1.0
core_neuralprophet_frozen_s123,neuralprophet,frozen,selected,False,123,17,2025-05-05 01:00:00,2025-05-06 04:00:00,28,15.81,True,True,23.858200073242188,20.035751521814436,43.89395159505662,0.0,0.1125790630030678,0.0,1.0
core_neuralprophet_frozen_s123,neuralprophet,frozen,selected,False,123,17,2025-05-05 01:00:00,2025-05-06 05:00:00,29,18.46,True,True,21.938966751098636,20.035751521814436,41.97471827291307,0.0,0.1125790630030678,0.0,1.0
core_neuralprophet_frozen_s123,neuralprophet,frozen,selected,False,123,17,2025-05-05 01:00:00,2025-05-06 06:00:00,30,22.91,True,True,26.811546325683597,20.035751521814436,46.847297847498034,0.0,0.1125790630030678,0.0,1.0
core_neuralprophet_frozen_s123,neuralprophet,frozen,selected,False,123,17,2025-05-05 01:00:00,2025-05-06 07:00:00,31,26.75,True,True,16.443994522094727,20.035751521814436,36.47974604390916,0.0,0.1125790630030678,0.0,1.0
core_neuralprophet_frozen_s123,neuralprophet,frozen,selected,False,123,17,2025-05-05 01:00:00,2025-05-06 08:00:00,32,29.39,True,True,9.550414085388184,20.035751521814436,29.58616560720262,0.0,0.1125790630030678,0.0,1.0
core_neuralprophet_frozen_s123,neuralprophet,frozen,selected,False,123,17,2025-05-05 01:00:00,2025-05-06 09:00:00,33,30.24,True,True,16.16423225402832,20.035751521814436,36.19998377584275,0.0,0.1125790630030678,0.0,1.0
core_neuralprophet_frozen_s123,neuralprophet,frozen,selected,False,123,17,2025-05-05 01:00:00,2025-05-06 10:00:00,34,32.33,True,True,11.596919059753418,20.035751521814436,31.632670581567854,0.0,0.1125790630030678,0.0,1.0
core_neuralprophet_frozen_s123,neuralprophet,frozen,selected,False,123,17,2025-05-05 01:00:00,2025-05-06 11:00:00,35,35.97,True,True,2.249173164367676,20.035751521814436,22.284924686182112,0.0,0.1125790630030678,0.0,1.0
core_neuralprophet_frozen_s123,neuralprophet,frozen,selected,False,123,17,2025-05-05 01:00:00,2025-05-06 12:00:00,36,39.82,True,True,15.523494720458984,20.035751521814436,35.55924624227342,0.0,0.1125790630030678,0.0,1.0
core_neuralprophet_frozen_s123,neuralprophet,frozen,selected,False,123,17,2025-05-05 01:00:00,2025-05-06 13:00:00,37,43.29,True,True,21.56179428100586,20.035751521814436,41.59754580282029,0.0,0.1125790630030678,0.0,1.0
core_neuralprophet_frozen_s123,neuralprophet,frozen,selected,False,123,17,2025-05-05 01:00:00,2025-05-06 14:00:00,38,46.76,True,True,21.24544334411621,20.035751521814436,41.281194865930644,0.0,0.1125790630030678,0.0,1.0
core_neuralprophet_frozen_s123,neuralprophet,frozen,selected,False,123,17,2025-05-05 01:00:00,2025-05-06 15:00:00,39,49.47,True,True,11.189993858337402,20.035751521814436,31.22574538015184,0.0,0.1125790630030678,0.0,1.0
core_neuralprophet_frozen_s123,neuralprophet,frozen,selected,False,123,17,2025-05-05 01:00:00,2025-05-06 16:00:00,40,51.03,True,True,25.23250961303711,20.035751521814436,45.26826113485154,0.0,0.1125790630030678,0.0,1.0
core_neuralprophet_frozen_s123,neuralprophet,frozen,selected,False,123,17,2025-05-05 01:00:00,2025-05-06 17:00:00,41,53.03,True,True,5.833835601806641,20.035751521814436,25.869587123621077,0.0,0.1125790630030678,0.0,1.0
core_neuralprophet_frozen_s123,neuralprophet,frozen,selected,False,123,17,2025-05-05 01:00:00,2025-05-06 18:00:00,42,54.62,True,True,8.978654861450195,20.035751521814436,29.01440638326463,0.0,0.1125790630030678,0.0,1.0
core_neuralprophet_frozen_s123,neuralprophet,frozen,selected,False,123,17,2025-05-05 01:00:00,2025-05-06 19:00:00,43,55.62,True,True,20.7431755065918,20.035751521814436,40.77892702840624,0.0,0.1125790630030678,0.0,1.0
core_neuralprophet_frozen_s123,neuralprophet,frozen,selected,False,123,17,2025-05-05 01:00:00,2025-05-06 20:00:00,44,56.59,True,True,18.26644325256348,20.035751521814436,38.30219477437792,0.0,0.1125790630030678,0.0,1.0
core_neuralprophet_frozen_s123,neuralprophet,frozen,selected,False,123,17,2025-05-05 01:00:00,2025-05-06 21:00:00,45,57.52,True,True,14.000420570373535,20.035751521814436,34.03617209218797,0.0,0.1125790630030678,0.0,1.0
core_neuralprophet_frozen_s123,neuralprophet,frozen,selected,False,123,17,2025-05-05 01:00:00,2025-05-06 22:00:00,46,58.06,True,True,21.82061195373535,20.035751521814436,41.856363475549784,0.0,0.1125790630030678,0.0,1.0
core_neuralprophet_frozen_s123,neuralprophet,frozen,selected,False,123,17,2025-05-05 01:00:00,2025-05-06 23:00:00,47,59.13,True,True,26.14244270324707,20.035751521814436,46.1781942250615,0.0,0.1125790630030678,0.0,1.0
core_neuralprophet_frozen_s123,neuralprophet,frozen,selected,False,123,17,2025-05-05 01:00:00,2025-05-07 00:00:00,48,62.21,True,True,16.270278930664062,20.035751521814436,36.306030452478495,0.0,0.1125790630030678,0.0,1.0
core_neuralprophet_frozen_s123,neuralprophet,frozen,selected,False,123,17,2025-05-05 01:00:00,2025-05-07 01:00:00,49,70.07,True,True,19.03443145751953,20.035751521814436,39.070182979333964,0.0,0.1125790630030678,0.0,1.0
core_neuralprophet_frozen_s123,neuralprophet,frozen,selected,False,123,17,2025-05-05 01:00:00,2025-05-07 02:00:00,50,78.1,True,True,24.1458683013916,20.035751521814436,44.181619823206034,0.0,0.1125790630030678,0.0,1.0
core_neuralprophet_frozen_s123,neuralprophet,frozen,selected,False,123,17,2025-05-05 01:00:00,2025-05-07 03:00:00,51,90.32,True,True,21.32319450378418,20.035751521814436,41.35894602559861,0.0,0.1125790630030678,0.0,1.0
core_neuralprophet_frozen_s123,neuralprophet,frozen,selected,False,123,17,2025-05-05 01:00:00,2025-05-07 04:00:00,52,94.67,True,True,26.514848709106445,20.035751521814436,46.55060023092088,0.0,0.1125790630030678,0.0,1.0
core_neuralprophet_frozen_s123,neuralprophet,frozen,selected,False,123,17,2025-05-05 01:00:00,2025-05-07 05:00:00,53,93.01,True,True,32.18177032470703,20.035751521814436,52.217521846521464,0.0,0.1125790630030678,0.0,1.0
core_neuralprophet_frozen_s123,neuralprophet,frozen,selected,False,123,17,2025-05-05 01:00:00,2025-05-07 06:00:00,54,97.38,True,True,28.10260772705078,20.035751521814436,48.138359248865214,0.0,0.1125790630030678,0.0,1.0
core_neuralprophet_frozen_s123,neuralprophet,frozen,selected,False,123,17,2025-05-05 01:00:00,2025-05-07 07:00:00,55,106.46,True,True,25.12572479248047,20.035751521814436,45.1614763142949,0.0,0.1125790630030678,0.0,1.0
core_neuralprophet_frozen_s123,neuralprophet,frozen,selected,False,123,17,2025-05-05 01:00:00,2025-05-07 08:00:00,56,117.34,True,True,24.45256233215332,20.035751521814436,44.48831385396775,0.0,0.1125790630030678,0.0,1.0
core_neuralprophet_frozen_s123,neuralprophet,frozen,selected,False,123,17,2025-05-05 01:00:00,2025-05-07 09:00:00,57,122.16,True,True,22.78843879699707,20.035751521814436,42.8241903188115,0.0,0.1125790630030678,0.0,1.0
core_neuralprophet_frozen_s123,neuralprophet,frozen,selected,False,123,17,2025-05-05 01:00:00,2025-05-07 10:00:00,58,123.5,True,True,28.089168548583984,20.035751521814436,48.12492007039842,0.0,0.1125790630030678,0.0,1.0
core_neuralprophet_frozen_s123,neuralprophet,frozen,selected,False,123,17,2025-05-05 01:00:00,2025-05-07 11:00:00,59,124.59,True,True,28.14542961120605,20.035751521814436,48.18118113302049,0.0,0.1125790630030678,0.0,1.0
core_neuralprophet_frozen_s123,neuralprophet,frozen,selected,False,123,17,2025-05-05 01:00:00,2025-05-07 12:00:00,60,125.09,True,True,17.445728302001953,20.035751521814436,37.481479823816386,0.0,0.1125790630030678,0.0,1.0
core_neuralprophet_frozen_s123,neuralprophet,frozen,selected,False,123,17,2025-05-05 01:00:00,2025-05-07 13:00:00,61,122.36,True,True,8.38645076751709,20.035751521814436,28.422202289331526,0.0,0.1125790630030678,0.0,1.0
core_neuralprophet_frozen_s123,neuralprophet,frozen,selected,False,123,17,2025-05-05 01:00:00,2025-05-07 14:00:00,62,117.8,True,True,11.757108688354492,20.035751521814436,31.79286021016893,0.0,0.1125790630030678,0.0,1.0
core_neuralprophet_frozen_s123,neuralprophet,frozen,selected,False,123,17,2025-05-05 01:00:00,2025-05-07 15:00:00,63,109.39,True,True,5.670234680175781,20.035751521814436,25.705986201990218,0.0,0.1125790630030678,0.0,1.0
core_neuralprophet_frozen_s123,neuralprophet,frozen,selected,False,123,17,2025-05-05 01:00:00,2025-05-07 16:00:00,64,97.03,True,True,15.183883666992188,20.035751521814436,35.21963518880662,0.0,0.1125790630030678,0.0,1.0
core_neuralprophet_frozen_s123,neuralprophet,frozen,selected,False,123,17,2025-05-05 01:00:00,2025-05-07 17:00:00,65,87.12,True,True,1.597935676574707,20.035751521814436,21.633687198389143,0.0,0.1125790630030678,0.0,1.0
core_neuralprophet_frozen_s123,neuralprophet,frozen,selected,False,123,17,2025-05-05 01:00:00,2025-05-07 18:00:00,66,81.19,True,True,9.039640426635742,20.035751521814436,29.07539194845018,0.0,0.1125790630030678,0.0,1.0
core_neuralprophet_frozen_s123,neuralprophet,frozen,selected,False,123,17,2025-05-05 01:00:00,2025-05-07 19:00:00,67,79.57,True,True,-3.211860418319702,20.035751521814436,16.823891103494734,0.0,0.1125790630030678,0.0,1.0
core_neuralprophet_frozen_s123,neuralprophet,frozen,selected,False,123,17,2025-05-05 01:00:00,2025-05-07 20:00:00,68,81.32,True,True,1.5080190896987915,20.035751521814436,21.543770611513228,0.0,0.1125790630030678,0.0,1.0
core_neuralprophet_frozen_s123,neuralprophet,frozen,selected,False,123,17,2025-05-05 01:00:00,2025-05-07 21:00:00,69,85.07,True,True,-1.8476600646972656,20.035751521814436,18.18809145711717,0.0,0.1125790630030678,0.0,1.0
core_neuralprophet_frozen_s123,neuralprophet,frozen,selected,False,123,17,2025-05-05 01:00:00,2025-05-07 22:00:00,70,90.21,True,True,11.077967643737791,20.035751521814436,31.113719165552226,0.0,0.1125790630030678,0.0,1.0
core_neuralprophet_frozen_s123,neuralprophet,frozen,selected,False,123,17,2025-05-05 01:00:00,2025-05-07 23:00:00,71,96.66,True,True,-1.95483660697937,20.035751521814436,18.080914914835066,0.0,0.1125790630030678,0.0,1.0
core_neuralprophet_frozen_s123,neuralprophet,frozen,selected,False,123,17,2025-05-05 01:00:00,2025-05-08 00:00:00,72,105.36,True,True,3.828507423400879,20.035751521814436,23.864258945215315,0.0,0.1125790630030678,0.0,1.0
core_neuralprophet_frozen_s123,neuralprophet,frozen,selected,False,123,17,2025-05-05 01:00:00,2025-05-08 01:00:00,73,119.21,True,True,10.119296073913574,20.035751521814436,30.15504759572801,0.0,0.1125790630030678,0.0,1.0
core_neuralprophet_frozen_s123,neuralprophet,frozen,selected,False,123,17,2025-05-05 01:00:00,2025-05-08 02:00:00,74,129.66,True,True,7.545496463775635,20.035751521814436,27.58124798559007,0.0,0.1125790630030678,0.0,1.0
core_neuralprophet_frozen_s123,neuralprophet,frozen,selected,False,123,17,2025-05-05 01:00:00,2025-05-08 03:00:00,75,142.78,True,True,15.289909362792969,20.035751521814436,35.3256608846074,0.0,0.1125790630030678,0.0,1.0
core_neuralprophet_frozen_s123,neuralprophet,frozen,selected,False,123,17,2025-05-05 01:00:00,2025-05-08 04:00:00,76,161.52,True,True,25.64288902282715,20.035751521814436,45.67864054464158,0.0,0.1125790630030678,0.0,1.0
core_neuralprophet_frozen_s123,neuralprophet,frozen,selected,False,123,17,2025-05-05 01:00:00,2025-05-08 05:00:00,77,168.76,True,True,26.61306571960449,20.035751521814436,46.648817241418925,0.0,0.1125790630030678,0.0,1.0
core_neuralprophet_frozen_s123,neuralprophet,frozen,selected,False,123,17,2025-05-05 01:00:00,2025-05-08 06:00:00,78,165.94,True,True,27.79924201965332,20.035751521814436,47.83499354146775,0.0,0.1125790630030678,0.0,1.0
core_neuralprophet_frozen_s123,neuralprophet,frozen,selected,False,123,17,2025-05-05 01:00:00,2025-05-08 07:00:00,79,157.53,True,True,37.921756744384766,20.035751521814436,57.9575082661992,0.0,0.1125790630030678,0.0,1.0
core_neuralprophet_frozen_s123,neuralprophet,frozen,selected,False,123,17,2025-05-05 01:00:00,2025-05-08 08:00:00,80,145.81,True,True,38.75718688964844,20.035751521814436,58.79293841146287,0.0,0.1125790630030678,0.0,1.0
core_neuralprophet_frozen_s123,neuralprophet,frozen,selected,False,123,17,2025-05-05 01:00:00,2025-05-08 09:00:00,81,133.18,True,True,35.322479248046875,20.035751521814436,55.35823076986131,0.0,0.1125790630030678,0.0,1.0
core_neuralprophet_frozen_s123,neuralprophet,frozen,selected,False,123,17,2025-05-05 01:00:00,2025-05-08 10:00:00,82,128.88,True,True,38.45051193237305,20.035751521814436,58.48626345418748,0.0,0.1125790630030678,0.0,1.0
core_neuralprophet_frozen_s123,neuralprophet,frozen,selected,False,123,17,2025-05-05 01:00:00,2025-05-08 11:00:00,83,132.37,True,True,28.55572509765625,20.035751521814436,48.59147661947068,0.0,0.1125790630030678,0.0,1.0
core_neuralprophet_frozen_s123,neuralprophet,frozen,selected,False,123,17,2025-05-05 01:00:00,2025-05-08 12:00:00,84,137.92,True,True,37.208343505859375,20.035751521814436,57.24409502767381,0.0,0.1125790630030678,0.0,1.0
core_neuralprophet_frozen_s123,neuralprophet,frozen,selected,False,123,17,2025-05-05 01:00:00,2025-05-08 13:00:00,85,139.78,True,True,33.174312591552734,20.035751521814436,53.21006411336717,0.0,0.1125790630030678,0.0,1.0
core_neuralprophet_frozen_s123,neuralprophet,frozen,selected,False,123,17,2025-05-05 01:00:00,2025-05-08 14:00:00,86,141.48,True,True,30.534135818481445,20.035751521814436,50.56988734029588,0.0,0.1125790630030678,0.0,1.0
core_neuralprophet_frozen_s123,neuralprophet,frozen,selected,False,123,17,2025-05-05 01:00:00,2025-05-08 15:00:00,87,143.23,True,True,33.75529479980469,20.035751521814436,53.79104632161912,0.0,0.1125790630030678,0.0,1.0
core_neuralprophet_frozen_s123,neuralprophet,frozen,selected,False,123,17,2025-05-05 01:00:00,2025-05-08 16:00:00,88,143.8,True,True,38.089168548583984,20.035751521814436,58.12492007039842,0.0,0.1125790630030678,0.0,1.0
core_neuralprophet_frozen_s123,neuralprophet,frozen,selected,False,123,17,2025-05-05 01:00:00,2025-05-08 17:00:00,89,140.46,True,True,39.00920104980469,20.035751521814436,59.04495257161912,0.0,0.1125790630030678,0.0,1.0
core_neuralprophet_frozen_s123,neuralprophet,frozen,selected,False,123,17,2025-05-05 01:00:00,2025-05-08 18:00:00,90,131.19,True,True,37.23376083374024,20.035751521814436,57.26951235555468,0.0,0.1125790630030678,0.0,1.0
core_neuralprophet_frozen_s123,neuralprophet,frozen,selected,False,123,17,2025-05-05 01:00:00,2025-05-08 19:00:00,91,116.65,True,True,31.84314346313477,20.035751521814436,51.878894984949206,0.0,0.1125790630030678,0.0,1.0
core_neuralprophet_frozen_s123,neuralprophet,frozen,selected,False,123,17,2025-05-05 01:00:00,2025-05-08 20:00:00,92,104.79,True,True,28.06599235534668,20.035751521814436,48.10174387716111,0.0,0.1125790630030678,0.0,1.0
core_neuralprophet_frozen_s123,neuralprophet,frozen,selected,False,123,17,2025-05-05 01:00:00,2025-05-08 21:00:00,93,96.12,True,True,26.6553955078125,20.035751521814436,46.69114702962693,0.0,0.1125790630030678,0.0,1.0
core_neuralprophet_frozen_s123,neuralprophet,frozen,selected,False,123,17,2025-05-05 01:00:00,2025-05-08 22:00:00,94,88.13,True,True,32.69953155517578,20.035751521814436,52.735283076990214,0.0,0.1125790630030678,0.0,1.0
core_neuralprophet_frozen_s123,neuralprophet,frozen,selected,False,123,17,2025-05-05 01:00:00,2025-05-08 23:00:00,95,82.17,True,True,35.736473083496094,20.035751521814436,55.77222460531053,0.0,0.1125790630030678,0.0,1.0
core_neuralprophet_frozen_s123,neuralprophet,frozen,selected,False,123,17,2025-05-05 01:00:00,2025-05-09 00:00:00,96,78.3,True,True,28.60602569580078,20.035751521814436,48.641777217615214,0.0,0.1125790630030678,0.0,1.0
core_neuralprophet_frozen_s123,neuralprophet,frozen,selected,False,123,17,2025-05-05 01:00:00,2025-05-09 01:00:00,97,76.15,True,True,24.012062072753903,20.035751521814436,44.04781359456834,0.0,0.1125790630030678,0.0,1.0
core_neuralprophet_frozen_s123,neuralprophet,frozen,selected,False,123,17,2025-05-05 01:00:00,2025-05-09 02:00:00,98,71.09,True,True,33.0817985534668,20.035751521814436,53.11755007528123,0.0,0.1125790630030678,0.0,1.0
core_neuralprophet_frozen_s123,neuralprophet,frozen,selected,False,123,17,2025-05-05 01:00:00,2025-05-09 03:00:00,99,62.98,True,True,22.904542922973636,20.035751521814436,42.94029444478807,0.0,0.1125790630030678,0.0,1.0
core_neuralprophet_frozen_s123,neuralprophet,frozen,selected,False,123,17,2025-05-05 01:00:00,2025-05-09 04:00:00,100,49.29,True,True,47.05511093139648,20.035751521814436,67.09086245321092,0.0,0.1125790630030678,0.0,1.0
core_neuralprophet_frozen_s123,neuralprophet,frozen,selected,False,123,17,2025-05-05 01:00:00,2025-05-09 05:00:00,101,34.49,True,True,39.52833938598633,20.035751521814436,59.56409090780076,0.0,0.1125790630030678,0.0,1.0
core_neuralprophet_frozen_s123,neuralprophet,frozen,selected,False,123,17,2025-05-05 01:00:00,2025-05-09 06:00:00,102,22.89,True,True,32.85725402832031,20.035751521814436,52.893005550134745,0.0,0.1125790630030678,0.0,1.0
core_neuralprophet_frozen_s123,neuralprophet,frozen,selected,False,123,17,2025-05-05 01:00:00,2025-05-09 07:00:00,103,15.63,True,True,38.41046524047852,20.035751521814436,58.44621676229296,0.0,0.1125790630030678,0.0,1.0
core_neuralprophet_frozen_s123,neuralprophet,frozen,selected,False,123,17,2025-05-05 01:00:00,2025-05-09 08:00:00,104,11.52,True,True,34.43703842163086,20.035751521814436,54.47278994344529,0.0,0.1125790630030678,0.0,1.0
core_neuralprophet_frozen_s123,neuralprophet,frozen,selected,False,123,17,2025-05-05 01:00:00,2025-05-09 09:00:00,105,9.42,True,True,29.660614013671875,20.035751521814436,49.69636553548631,0.0,0.1125790630030678,0.0,1.0
core_neuralprophet_frozen_s123,neuralprophet,frozen,selected,False,123,17,2025-05-05 01:00:00,2025-05-09 10:00:00,106,8.51,True,True,32.75048828125,20.035751521814436,52.78623980306443,0.0,0.1125790630030678,0.0,1.0
core_neuralprophet_frozen_s123,neuralprophet,frozen,selected,False,123,17,2025-05-05 01:00:00,2025-05-09 11:00:00,107,8.45,True,True,36.4427375793457,20.035751521814436,56.478489101160136,0.0,0.1125790630030678,0.0,1.0
core_neuralprophet_frozen_s123,neuralprophet,frozen,selected,False,123,17,2025-05-05 01:00:00,2025-05-09 12:00:00,108,8.71,True,True,20.61479377746582,20.035751521814436,40.65054529928025,0.0,0.1125790630030678,0.0,1.0
core_neuralprophet_frozen_s123,neuralprophet,frozen,selected,False,123,17,2025-05-05 01:00:00,2025-05-09 13:00:00,109,9.01,True,True,28.15701675415039,20.035751521814436,48.19276827596482,0.0,0.1125790630030678,0.0,1.0
core_neuralprophet_frozen_s123,neuralprophet,frozen,selected,False,123,17,2025-05-05 01:00:00,2025-05-09 14:00:00,110,9.49,True,True,17.79002571105957,20.035751521814436,37.825777232874,0.0,0.1125790630030678,0.0,1.0
core_neuralprophet_frozen_s123,neuralprophet,frozen,selected,False,123,17,2025-05-05 01:00:00,2025-05-09 15:00:00,111,9.53,True,True,20.452611923217773,20.035751521814436,40.488363445032206,0.0,0.1125790630030678,0.0,1.0
core_neuralprophet_frozen_s123,neuralprophet,frozen,selected,False,123,17,2025-05-05 01:00:00,2025-05-09 16:00:00,112,9.31,True,True,23.714479446411133,20.035751521814436,43.750230968225566,0.0,0.1125790630030678,0.0,1.0
core_neuralprophet_frozen_s123,neuralprophet,frozen,selected,False,123,17,2025-05-05 01:00:00,2025-05-09 17:00:00,113,9.03,True,True,17.28520965576172,20.035751521814436,37.32096117757615,0.0,0.1125790630030678,0.0,1.0
core_neuralprophet_frozen_s123,neuralprophet,frozen,selected,False,123,17,2025-05-05 01:00:00,2025-05-09 18:00:00,114,8.5,True,True,22.888084411621094,20.035751521814436,42.92383593343553,0.0,0.1125790630030678,0.0,1.0
core_neuralprophet_frozen_s123,neuralprophet,frozen,selected,False,123,17,2025-05-05 01:00:00,2025-05-09 19:00:00,115,8.1,True,True,22.531911849975582,20.035751521814436,42.56766337179002,0.0,0.1125790630030678,0.0,1.0
core_neuralprophet_frozen_s123,neuralprophet,frozen,selected,False,123,17,2025-05-05 01:00:00,2025-05-09 20:00:00,116,8.48,True,True,10.441812515258787,20.035751521814436,30.477564037073222,0.0,0.1125790630030678,0.0,1.0
core_neuralprophet_frozen_s123,neuralprophet,frozen,selected,False,123,17,2025-05-05 01:00:00,2025-05-09 21:00:00,117,9.4,True,True,7.849889278411865,20.035751521814436,27.8856408002263,0.0,0.1125790630030678,0.0,1.0
core_neuralprophet_frozen_s123,neuralprophet,frozen,selected,False,123,17,2025-05-05 01:00:00,2025-05-09 22:00:00,118,10.12,True,True,11.69571304321289,20.035751521814436,31.731464565027327,0.0,0.1125790630030678,0.0,1.0
core_neuralprophet_frozen_s123,neuralprophet,frozen,selected,False,123,17,2025-05-05 01:00:00,2025-05-09 23:00:00,119,9.88,True,True,13.245067596435549,20.035751521814436,33.28081911824999,0.0,0.1125790630030678,0.0,1.0
core_neuralprophet_frozen_s123,neuralprophet,frozen,selected,False,123,17,2025-05-05 01:00:00,2025-05-10 00:00:00,120,9.0,True,True,15.89446258544922,20.035751521814436,35.93021410726366,0.0,0.1125790630030678,0.0,1.0
core_neuralprophet_frozen_s123,neuralprophet,frozen,selected,False,123,17,2025-05-05 01:00:00,2025-05-10 01:00:00,121,7.34,True,True,18.014692306518555,20.035751521814436,38.05044382833299,0.0,0.1125790630030678,0.0,1.0
core_neuralprophet_frozen_s123,neuralprophet,frozen,selected,False,123,17,2025-05-05 01:00:00,2025-05-10 02:00:00,122,6.9,True,True,15.38882541656494,20.035751521814436,35.424576938379374,0.0,0.1125790630030678,0.0,1.0
core_neuralprophet_frozen_s123,neuralprophet,frozen,selected,False,123,17,2025-05-05 01:00:00,2025-05-10 03:00:00,123,6.93,True,True,22.388221740722656,20.035751521814436,42.42397326253709,0.0,0.1125790630030678,0.0,1.0
core_neuralprophet_frozen_s123,neuralprophet,frozen,selected,False,123,17,2025-05-05 01:00:00,2025-05-10 04:00:00,124,5.2,True,True,25.494041442871094,20.035751521814436,45.52979296468553,0.0,0.1125790630030678,0.0,1.0
core_neuralprophet_frozen_s123,neuralprophet,frozen,selected,False,123,17,2025-05-05 01:00:00,2025-05-10 05:00:00,125,5.53,True,True,26.8159122467041,20.035751521814436,46.851663768518534,0.0,0.1125790630030678,0.0,1.0
core_neuralprophet_frozen_s123,neuralprophet,frozen,selected,False,123,17,2025-05-05 01:00:00,2025-05-10 06:00:00,126,6.76,True,True,33.59507751464844,20.035751521814436,53.63082903646287,0.0,0.1125790630030678,0.0,1.0
core_neuralprophet_frozen_s123,neuralprophet,frozen,selected,False,123,17,2025-05-05 01:00:00,2025-05-10 07:00:00,127,8.94,True,True,25.89899444580078,20.035751521814436,45.934745967615214,0.0,0.1125790630030678,0.0,1.0
core_neuralprophet_frozen_s123,neuralprophet,frozen,selected,False,123,17,2025-05-05 01:00:00,2025-05-10 08:00:00,128,11.49,True,True,28.671037673950195,20.035751521814436,48.70678919576463,0.0,0.1125790630030678,0.0,1.0
core_neuralprophet_frozen_s123,neuralprophet,frozen,selected,False,123,17,2025-05-05 01:00:00,2025-05-10 09:00:00,129,13.47,True,True,25.87228202819824,20.035751521814436,45.908033550012675,0.0,0.1125790630030678,0.0,1.0
core_neuralprophet_frozen_s123,neuralprophet,frozen,selected,False,123,17,2025-05-05 01:00:00,2025-05-10 10:00:00,130,15.13,True,True,39.88077163696289,20.035751521814436,59.91652315877732,0.0,0.1125790630030678,0.0,1.0
core_neuralprophet_frozen_s123,neuralprophet,frozen,selected,False,123,17,2025-05-05 01:00:00,2025-05-10 11:00:00,131,16.48,True,True,23.44013786315918,20.035751521814436,43.47588938497361,0.0,0.1125790630030678,0.0,1.0
core_neuralprophet_frozen_s123,neuralprophet,frozen,selected,False,123,17,2025-05-05 01:00:00,2025-05-10 12:00:00,132,17.58,True,True,8.658316612243652,20.035751521814436,28.69406813405809,0.0,0.1125790630030678,0.0,1.0
core_neuralprophet_frozen_s123,neuralprophet,frozen,selected,False,123,17,2025-05-05 01:00:00,2025-05-10 13:00:00,133,18.03,True,True,27.180633544921875,20.035751521814436,47.21638506673631,0.0,0.1125790630030678,0.0,1.0
core_neuralprophet_frozen_s123,neuralprophet,frozen,selected,False,123,17,2025-05-05 01:00:00,2025-05-10 14:00:00,134,18.64,True,True,15.647849082946776,20.035751521814436,35.68360060476121,0.0,0.1125790630030678,0.0,1.0
core_neuralprophet_frozen_s123,neuralprophet,frozen,selected,False,123,17,2025-05-05 01:00:00,2025-05-10 15:00:00,135,19.63,True,True,8.607563972473145,20.035751521814436,28.64331549428758,0.0,0.1125790630030678,0.0,1.0
core_neuralprophet_frozen_s123,neuralprophet,frozen,selected,False,123,17,2025-05-05 01:00:00,2025-05-10 16:00:00,136,21.5,True,True,24.207181930541992,20.035751521814436,44.242933452356425,0.0,0.1125790630030678,0.0,1.0
core_neuralprophet_frozen_s123,neuralprophet,frozen,selected,False,123,17,2025-05-05 01:00:00,2025-05-10 17:00:00,137,25.3,True,True,16.503618240356445,20.035751521814436,36.53936976217088,0.0,0.1125790630030678,0.0,1.0
core_neuralprophet_frozen_s123,neuralprophet,frozen,selected,False,123,17,2025-05-05 01:00:00,2025-05-10 18:00:00,138,30.59,True,True,12.146528244018556,20.035751521814436,32.182279765832995,0.0,0.1125790630030678,0.0,1.0
core_neuralprophet_frozen_s123,neuralprophet,frozen,selected,False,123,17,2025-05-05 01:00:00,2025-05-10 19:00:00,139,35.43,True,True,12.48733139038086,20.035751521814436,32.52308291219529,0.0,0.1125790630030678,0.0,1.0
core_neuralprophet_frozen_s123,neuralprophet,frozen,selected,False,123,17,2025-05-05 01:00:00,2025-05-10 20:00:00,140,38.37,True,True,-2.348447561264038,20.035751521814436,17.6873039605504,0.0,0.1125790630030678,0.0,1.0
core_neuralprophet_frozen_s123,neuralprophet,frozen,selected,False,123,17,2025-05-05 01:00:00,2025-05-10 21:00:00,141,39.43,True,True,14.730303764343262,20.035751521814436,34.766055286157695,0.0,0.1125790630030678,0.0,1.0
core_neuralprophet_frozen_s123,neuralprophet,frozen,selected,False,123,17,2025-05-05 01:00:00,2025-05-10 22:00:00,142,38.65,True,True,23.89407730102539,20.035751521814436,43.92982882283982,0.0,0.1125790630030678,0.0,1.0
core_neuralprophet_frozen_s123,neuralprophet,frozen,selected,False,123,17,2025-05-05 01:00:00,2025-05-10 23:00:00,143,36.22,True,True,11.519659996032717,20.035751521814436,31.555411517847155,0.0,0.1125790630030678,0.0,1.0
core_neuralprophet_frozen_s123,neuralprophet,frozen,selected,False,123,17,2025-05-05 01:00:00,2025-05-11 00:00:00,144,34.1,True,True,11.56576919555664,20.035751521814436,31.601520717371077,0.0,0.1125790630030678,0.0,1.0
core_neuralprophet_frozen_s123,neuralprophet,frozen,selected,False,123,17,2025-05-05 01:00:00,2025-05-11 01:00:00,145,33.46,True,True,7.27952766418457,20.035751521814436,27.315279185999007,0.0,0.1125790630030678,0.0,1.0
core_neuralprophet_frozen_s123,neuralprophet,frozen,selected,False,123,17,2025-05-05 01:00:00,2025-05-11 02:00:00,146,34.72,True,True,11.970352172851562,20.035751521814436,32.006103694665995,0.0,0.1125790630030678,0.0,1.0
core_neuralprophet_frozen_s123,neuralprophet,frozen,selected,False,123,17,2025-05-05 01:00:00,2025-05-11 03:00:00,147,39.24,True,True,12.921010971069336,20.035751521814436,32.95676249288377,0.0,0.1125790630030678,0.0,1.0
core_neuralprophet_frozen_s123,neuralprophet,frozen,selected,False,123,17,2025-05-05 01:00:00,2025-05-11 04:00:00,148,44.99,True,True,23.148073196411133,20.035751521814436,43.183824718225566,0.0,0.1125790630030678,0.0,1.0
core_neuralprophet_frozen_s123,neuralprophet,frozen,selected,False,123,17,2025-05-05 01:00:00,2025-05-11 05:00:00,149,51.22,True,True,18.920557022094727,20.035751521814436,38.95630854390916,0.0,0.1125790630030678,0.0,1.0
core_neuralprophet_frozen_s123,neuralprophet,frozen,selected,False,123,17,2025-05-05 01:00:00,2025-05-11 06:00:00,150,55.36,True,True,9.454538345336914,20.035751521814436,29.49028986715135,0.0,0.1125790630030678,0.0,1.0
core_neuralprophet_frozen_s123,neuralprophet,frozen,selected,False,123,17,2025-05-05 01:00:00,2025-05-11 07:00:00,151,47.69,True,True,-0.0500276684761047,20.035751521814436,19.98572385333833,0.0,0.1125790630030678,0.0,1.0
core_neuralprophet_frozen_s123,neuralprophet,frozen,selected,False,123,17,2025-05-05 01:00:00,2025-05-11 08:00:00,152,43.78,True,True,9.264925003051758,20.035751521814436,29.300676524866194,0.0,0.1125790630030678,0.0,1.0
core_neuralprophet_frozen_s123,neuralprophet,frozen,selected,False,123,17,2025-05-05 01:00:00,2025-05-11 09:00:00,153,43.41,True,True,7.936148643493652,20.035751521814436,27.97190016530809,0.0,0.1125790630030678,0.0,1.0
core_neuralprophet_frozen_s123,neuralprophet,frozen,selected,False,123,17,2025-05-05 01:00:00,2025-05-11 10:00:00,154,45.11,True,True,4.836575508117676,20.035751521814436,24.872327029932112,0.0,0.1125790630030678,0.0,1.0
core_neuralprophet_frozen_s123,neuralprophet,frozen,selected,False,123,17,2025-05-05 01:00:00,2025-05-11 11:00:00,155,47.9,True,True,10.391839981079102,20.035751521814436,30.427591502893538,0.0,0.1125790630030678,0.0,1.0
core_neuralprophet_frozen_s123,neuralprophet,frozen,selected,False,123,17,2025-05-05 01:00:00,2025-05-11 12:00:00,156,49.68,True,True,6.185652256011963,20.035751521814436,26.2214037778264,0.0,0.1125790630030678,0.0,1.0
core_neuralprophet_frozen_s123,neuralprophet,frozen,selected,False,123,17,2025-05-05 01:00:00,2025-05-11 13:00:00,157,50.59,True,True,15.307991027832031,20.035751521814436,35.343742549646464,0.0,0.1125790630030678,0.0,1.0
core_neuralprophet_frozen_s123,neuralprophet,frozen,selected,False,123,17,2025-05-05 01:00:00,2025-05-11 14:00:00,158,52.63,True,True,16.936105728149414,20.035751521814436,36.97185724996385,0.0,0.1125790630030678,0.0,1.0
core_neuralprophet_frozen_s123,neuralprophet,frozen,selected,False,123,17,2025-05-05 01:00:00,2025-05-11 15:00:00,159,55.38,True,True,18.594959259033203,20.035751521814436,38.630710780847636,0.0,0.1125790630030678,0.0,1.0
core_neuralprophet_frozen_s123,neuralprophet,frozen,selected,False,123,17,2025-05-05 01:00:00,2025-05-11 16:00:00,160,56.79,True,True,26.816570281982425,20.035751521814436,46.85232180379686,0.0,0.1125790630030678,0.0,1.0
core_neuralprophet_frozen_s123,neuralprophet,frozen,selected,False,123,17,2025-05-05 01:00:00,2025-05-11 17:00:00,161,58.16,True,True,11.295567512512209,20.035751521814436,31.331319034326647,0.0,0.1125790630030678,0.0,1.0
core_neuralprophet_frozen_s123,neuralprophet,frozen,selected,False,123,17,2025-05-05 01:00:00,2025-05-11 18:00:00,162,58.77,True,True,3.0582168102264404,20.035751521814436,23.093968332040877,0.0,0.1125790630030678,0.0,1.0
core_neuralprophet_frozen_s123,neuralprophet,frozen,selected,False,123,17,2025-05-05 01:00:00,2025-05-11 19:00:00,163,58.28,True,True,19.774641036987305,20.035751521814436,39.81039255880174,0.0,0.1125790630030678,0.0,1.0
core_neuralprophet_frozen_s123,neuralprophet,frozen,selected,False,123,17,2025-05-05 01:00:00,2025-05-11 20:00:00,164,58.78,True,True,25.969144821166992,20.035751521814436,46.004896342981425,0.0,0.1125790630030678,0.0,1.0
core_neuralprophet_frozen_s123,neuralprophet,frozen,selected,False,123,17,2025-05-05 01:00:00,2025-05-11 21:00:00,165,60.1,True,True,14.890955924987791,20.035751521814436,34.926707446802226,0.0,0.1125790630030678,0.0,1.0
core_neuralprophet_frozen_s123,neuralprophet,frozen,selected,False,123,17,2025-05-05 01:00:00,2025-05-11 22:00:00,166,61.29,True,True,19.48027610778809,20.035751521814436,39.516027629602526,0.0,0.1125790630030678,0.0,1.0
core_neuralprophet_frozen_s123,neuralprophet,frozen,selected,False,123,17,2025-05-05 01:00:00,2025-05-11 23:00:00,167,63.57,True,True,24.379329681396484,20.035751521814436,44.41508120321092,0.0,0.1125790630030678,0.0,1.0
core_neuralprophet_frozen_s123,neuralprophet,frozen,selected,False,123,17,2025-05-05 01:00:00,2025-05-12 00:00:00,168,67.27,True,True,23.38241958618164,20.035751521814436,43.41817110799607,0.0,0.1125790630030678,0.0,1.0
core_neuralprophet_frozen_s123,neuralprophet,frozen,selected,False,123,18,2025-05-12 01:00:00,2025-05-12 01:00:00,1,77.71,True,True,75.65850067138672,37.230569830778094,112.88907050216481,0.0,0.1135787089988298,0.0,1.0
core_neuralprophet_frozen_s123,neuralprophet,frozen,selected,False,123,18,2025-05-12 01:00:00,2025-05-12 02:00:00,2,88.22,True,True,73.64431762695312,37.230569830778094,110.87488745773122,0.0,0.1135787089988298,0.0,1.0
core_neuralprophet_frozen_s123,neuralprophet,frozen,selected,False,123,18,2025-05-12 01:00:00,2025-05-12 03:00:00,3,101.18,True,True,78.2792739868164,37.230569830778094,115.5098438175945,0.0,0.1135787089988298,0.0,1.0
core_neuralprophet_frozen_s123,neuralprophet,frozen,selected,False,123,18,2025-05-12 01:00:00,2025-05-12 04:00:00,4,127.41,True,True,71.3175048828125,37.230569830778094,108.5480747135906,0.0,0.1135787089988298,0.0,1.0
core_neuralprophet_frozen_s123,neuralprophet,frozen,selected,False,123,18,2025-05-12 01:00:00,2025-05-12 05:00:00,5,135.56,True,True,71.39646911621094,37.230569830778094,108.62703894698903,0.0,0.1135787089988298,0.0,1.0
core_neuralprophet_frozen_s123,neuralprophet,frozen,selected,False,123,18,2025-05-12 01:00:00,2025-05-12 06:00:00,6,138.99,True,True,65.54385375976562,37.230569830778094,102.77442359054372,0.0,0.1135787089988298,0.0,1.0
core_neuralprophet_frozen_s123,neuralprophet,frozen,selected,False,123,18,2025-05-12 01:00:00,2025-05-12 07:00:00,7,135.38,True,True,52.81622314453125,37.230569830778094,90.04679297530934,0.0,0.1135787089988298,0.0,1.0
core_neuralprophet_frozen_s123,neuralprophet,frozen,selected,False,123,18,2025-05-12 01:00:00,2025-05-12 08:00:00,8,127.51,True,True,54.96250534057617,37.230569830778094,92.19307517135427,0.0,0.1135787089988298,0.0,1.0
core_neuralprophet_frozen_s123,neuralprophet,frozen,selected,False,123,18,2025-05-12 01:00:00,2025-05-12 09:00:00,9,118.33,True,True,53.55754089355469,37.230569830778094,90.78811072433278,0.0,0.1135787089988298,0.0,1.0
core_neuralprophet_frozen_s123,neuralprophet,frozen,selected,False,123,18,2025-05-12 01:00:00,2025-05-12 10:00:00,10,107.63,True,True,52.23542022705078,37.230569830778094,89.46599005782888,0.0,0.1135787089988298,0.0,1.0
core_neuralprophet_frozen_s123,neuralprophet,frozen,selected,False,123,18,2025-05-12 01:00:00,2025-05-12 11:00:00,11,98.76,True,True,52.100833892822266,37.230569830778094,89.33140372360036,0.0,0.1135787089988298,0.0,1.0
core_neuralprophet_frozen_s123,neuralprophet,frozen,selected,False,123,18,2025-05-12 01:00:00,2025-05-12 12:00:00,12,90.7,True,True,49.837181091308594,37.230569830778094,87.06775092208669,0.0,0.1135787089988298,0.0,1.0
core_neuralprophet_frozen_s123,neuralprophet,frozen,selected,False,123,18,2025-05-12 01:00:00,2025-05-12 13:00:00,13,82.25,True,True,43.18179321289063,37.230569830778094,80.41236304366873,0.0,0.1135787089988298,0.0,1.0
core_neuralprophet_frozen_s123,neuralprophet,frozen,selected,False,123,18,2025-05-12 01:00:00,2025-05-12 14:00:00,14,75.62,True,True,29.9986629486084,37.230569830778094,67.22923277938649,0.0,0.1135787089988298,0.0,1.0
core_neuralprophet_frozen_s123,neuralprophet,frozen,selected,False,123,18,2025-05-12 01:00:00,2025-05-12 15:00:00,15,70.54,True,True,32.18690872192383,37.230569830778094,69.41747855270192,0.0,0.1135787089988298,0.0,1.0
core_neuralprophet_frozen_s123,neuralprophet,frozen,selected,False,123,18,2025-05-12 01:00:00,2025-05-12 16:00:00,16,64.84,True,True,28.66692924499512,37.230569830778094,65.89749907577321,0.0,0.1135787089988298,0.0,1.0
core_neuralprophet_frozen_s123,neuralprophet,frozen,selected,False,123,18,2025-05-12 01:00:00,2025-05-12 17:00:00,17,60.52,True,True,25.115880966186523,37.230569830778094,62.34645079696462,0.0,0.1135787089988298,0.0,1.0
core_neuralprophet_frozen_s123,neuralprophet,frozen,selected,False,123,18,2025-05-12 01:00:00,2025-05-12 18:00:00,18,59.36,True,True,22.23756599426269,37.230569830778094,59.46813582504079,0.0,0.1135787089988298,0.0,1.0
core_neuralprophet_frozen_s123,neuralprophet,frozen,selected,False,123,18,2025-05-12 01:00:00,2025-05-12 19:00:00,19,62.45,True,True,26.64446258544922,37.230569830778094,63.87503241622731,0.0,0.1135787089988298,0.0,1.0
core_neuralprophet_frozen_s123,neuralprophet,frozen,selected,False,123,18,2025-05-12 01:00:00,2025-05-12 20:00:00,20,68.51,True,True,14.871148109436035,37.230569830778094,52.10171794021413,0.0,0.1135787089988298,0.0,1.0
core_neuralprophet_frozen_s123,neuralprophet,frozen,selected,False,123,18,2025-05-12 01:00:00,2025-05-12 21:00:00,21,74.6,True,True,15.380565643310549,37.230569830778094,52.61113547408864,0.0,0.1135787089988298,0.0,1.0
core_neuralprophet_frozen_s123,neuralprophet,frozen,selected,False,123,18,2025-05-12 01:00:00,2025-05-12 22:00:00,22,78.75,True,True,23.699079513549805,37.230569830778094,60.9296493443279,0.0,0.1135787089988298,0.0,1.0
core_neuralprophet_frozen_s123,neuralprophet,frozen,selected,False,123,18,2025-05-12 01:00:00,2025-05-12 23:00:00,23,82.5,True,True,27.608272552490234,37.230569830778094,64.83884238326833,0.0,0.1135787089988298,0.0,1.0
core_neuralprophet_frozen_s123,neuralprophet,frozen,selected,False,123,18,2025-05-12 01:00:00,2025-05-13 00:00:00,24,86.35,True,True,31.940828323364254,37.230569830778094,69.17139815414235,0.0,0.1135787089988298,0.0,1.0
core_neuralprophet_frozen_s123,neuralprophet,frozen,selected,False,123,18,2025-05-12 01:00:00,2025-05-13 01:00:00,25,91.14,True,True,31.508134841918945,37.230569830778094,68.73870467269704,0.0,0.1135787089988298,0.0,1.0
core_neuralprophet_frozen_s123,neuralprophet,frozen,selected,False,123,18,2025-05-12 01:00:00,2025-05-13 02:00:00,26,97.53,True,True,17.782011032104492,37.230569830778094,55.01258086288259,0.0,0.1135787089988298,0.0,1.0
core_neuralprophet_frozen_s123,neuralprophet,frozen,selected,False,123,18,2025-05-12 01:00:00,2025-05-13 03:00:00,27,109.15,True,True,36.34745788574219,37.230569830778094,73.57802771652028,0.0,0.1135787089988298,0.0,1.0
core_neuralprophet_frozen_s123,neuralprophet,frozen,selected,False,123,18,2025-05-12 01:00:00,2025-05-13 04:00:00,28,143.35,True,True,29.69182586669922,37.230569830778094,66.92239569747731,0.0,0.1135787089988298,0.0,1.0
core_neuralprophet_frozen_s123,neuralprophet,frozen,selected,False,123,18,2025-05-12 01:00:00,2025-05-13 05:00:00,29,163.07,True,True,33.32682800292969,37.230569830778094,70.55739783370778,0.0,0.1135787089988298,0.0,1.0
core_neuralprophet_frozen_s123,neuralprophet,frozen,selected,False,123,18,2025-05-12 01:00:00,2025-05-13 06:00:00,30,169.11,True,True,34.02666091918945,37.230569830778094,71.25723074996755,0.0,0.1135787089988298,0.0,1.0
core_neuralprophet_frozen_s123,neuralprophet,frozen,selected,False,123,18,2025-05-12 01:00:00,2025-05-13 07:00:00,31,166.15,True,True,21.00220489501953,37.230569830778094,58.232774725797626,0.0,0.1135787089988298,0.0,1.0
core_neuralprophet_frozen_s123,neuralprophet,frozen,selected,False,123,18,2025-05-12 01:00:00,2025-05-13 08:00:00,32,155.28,True,True,19.60639762878418,37.230569830778094,56.836967459562274,0.0,0.1135787089988298,0.0,1.0
core_neuralprophet_frozen_s123,neuralprophet,frozen,selected,False,123,18,2025-05-12 01:00:00,2025-05-13 09:00:00,33,142.93,True,True,18.81970977783203,37.230569830778094,56.050279608610126,0.0,0.1135787089988298,0.0,1.0
core_neuralprophet_frozen_s123,neuralprophet,frozen,selected,False,123,18,2025-05-12 01:00:00,2025-05-13 10:00:00,34,133.61,True,True,11.856148719787598,37.230569830778094,49.08671855056569,0.0,0.1135787089988298,0.0,1.0
core_neuralprophet_frozen_s123,neuralprophet,frozen,selected,False,123,18,2025-05-12 01:00:00,2025-05-13 11:00:00,35,132.52,True,True,12.367456436157228,37.230569830778094,49.59802626693532,0.0,0.1135787089988298,0.0,1.0
core_neuralprophet_frozen_s123,neuralprophet,frozen,selected,False,123,18,2025-05-12 01:00:00,2025-05-13 12:00:00,36,135.47,True,True,14.293183326721191,37.230569830778094,51.523753157499286,0.0,0.1135787089988298,0.0,1.0
core_neuralprophet_frozen_s123,neuralprophet,frozen,selected,False,123,18,2025-05-12 01:00:00,2025-05-13 13:00:00,37,138.29,True,True,19.601795196533203,37.230569830778094,56.8323650273113,0.0,0.1135787089988298,0.0,1.0
core_neuralprophet_frozen_s123,neuralprophet,frozen,selected,False,123,18,2025-05-12 01:00:00,2025-05-13 14:00:00,38,141.36,True,True,15.322210311889648,37.230569830778094,52.55278014266774,0.0,0.1135787089988298,0.0,1.0
core_neuralprophet_frozen_s123,neuralprophet,frozen,selected,False,123,18,2025-05-12 01:00:00,2025-05-13 15:00:00,39,142.6,True,True,16.168115615844727,37.230569830778094,53.39868544662282,0.0,0.1135787089988298,0.0,1.0
core_neuralprophet_frozen_s123,neuralprophet,frozen,selected,False,123,18,2025-05-12 01:00:00,2025-05-13 16:00:00,40,139.18,True,True,7.036571979522705,37.230569830778094,44.2671418103008,0.0,0.1135787089988298,0.0,1.0
core_neuralprophet_frozen_s123,neuralprophet,frozen,selected,False,123,18,2025-05-12 01:00:00,2025-05-13 17:00:00,41,138.04,True,True,18.255348205566406,37.230569830778094,55.4859180363445,0.0,0.1135787089988298,0.0,1.0
core_neuralprophet_frozen_s123,neuralprophet,frozen,selected,False,123,18,2025-05-12 01:00:00,2025-05-13 18:00:00,42,138.91,True,True,1.237776279449463,37.230569830778094,38.46834611022756,0.0,0.1135787089988298,0.0,1.0
core_neuralprophet_frozen_s123,neuralprophet,frozen,selected,False,123,18,2025-05-12 01:00:00,2025-05-13 19:00:00,43,140.74,True,True,3.478128671646118,37.230569830778094,40.70869850242421,0.0,0.1135787089988298,0.0,1.0
core_neuralprophet_frozen_s123,neuralprophet,frozen,selected,False,123,18,2025-05-12 01:00:00,2025-05-13 20:00:00,44,144.43,True,True,27.62179183959961,37.230569830778094,64.8523616703777,0.0,0.1135787089988298,0.0,1.0
core_neuralprophet_frozen_s123,neuralprophet,frozen,selected,False,123,18,2025-05-12 01:00:00,2025-05-13 21:00:00,45,149.35,True,True,9.005284309387207,37.230569830778094,46.2358541401653,0.0,0.1135787089988298,0.0,1.0
core_neuralprophet_frozen_s123,neuralprophet,frozen,selected,False,123,18,2025-05-12 01:00:00,2025-05-13 22:00:00,46,150.69,True,True,26.901391983032227,37.230569830778094,64.13196181381032,0.0,0.1135787089988298,0.0,1.0
core_neuralprophet_frozen_s123,neuralprophet,frozen,selected,False,123,18,2025-05-12 01:00:00,2025-05-13 23:00:00,47,117.67,True,True,23.398590087890625,37.230569830778094,60.62915991866872,0.0,0.1135787089988298,0.0,1.0
core_neuralprophet_frozen_s123,neuralprophet,frozen,selected,False,123,18,2025-05-12 01:00:00,2025-05-14 00:00:00,48,62.75,True,True,-1.013918399810791,37.230569830778094,36.2166514309673,0.0,0.1135787089988298,0.0,1.0
core_neuralprophet_frozen_s123,neuralprophet,frozen,selected,False,123,18,2025-05-12 01:00:00,2025-05-14 01:00:00,49,15.94,True,True,-4.258640289306641,37.230569830778094,32.971929541471454,0.0,0.1135787089988298,0.0,1.0
core_neuralprophet_frozen_s123,neuralprophet,frozen,selected,False,123,18,2025-05-12 01:00:00,2025-05-14 02:00:00,50,5.62,True,True,-11.011341094970703,37.230569830778094,26.21922873580739,0.0,0.1135787089988298,0.0,1.0
core_neuralprophet_frozen_s123,neuralprophet,frozen,selected,False,123,18,2025-05-12 01:00:00,2025-05-14 03:00:00,51,4.86,True,True,8.432703971862793,37.230569830778094,45.66327380264089,0.0,0.1135787089988298,0.0,1.0
core_neuralprophet_frozen_s123,neuralprophet,frozen,selected,False,123,18,2025-05-12 01:00:00,2025-05-14 04:00:00,52,6.25,True,True,10.631425857543944,37.230569830778094,47.86199568832204,0.0,0.1135787089988298,0.0,1.0
core_neuralprophet_frozen_s123,neuralprophet,frozen,selected,False,123,18,2025-05-12 01:00:00,2025-05-14 05:00:00,53,9.43,True,True,4.683536529541016,37.230569830778094,41.91410636031911,0.0,0.1135787089988298,0.0,1.0
core_neuralprophet_frozen_s123,neuralprophet,frozen,selected,False,123,18,2025-05-12 01:00:00,2025-05-14 06:00:00,54,13.26,True,True,2.299638271331787,37.230569830778094,39.53020810210988,0.0,0.1135787089988298,0.0,1.0
core_neuralprophet_frozen_s123,neuralprophet,frozen,selected,False,123,18,2025-05-12 01:00:00,2025-05-14 07:00:00,55,15.36,True,True,-1.0448837280273438,37.230569830778094,36.18568610275075,0.0,0.1135787089988298,0.0,1.0
core_neuralprophet_frozen_s123,neuralprophet,frozen,selected,False,123,18,2025-05-12 01:00:00,2025-05-14 08:00:00,56,16.84,True,True,-2.521962404251098,37.230569830778094,34.708607426526996,0.0,0.1135787089988298,0.0,1.0
core_neuralprophet_frozen_s123,neuralprophet,frozen,selected,False,123,18,2025-05-12 01:00:00,2025-05-14 09:00:00,57,17.53,True,True,-1.1736044883728027,37.230569830778094,36.05696534240529,0.0,0.1135787089988298,0.0,1.0
core_neuralprophet_frozen_s123,neuralprophet,frozen,selected,False,123,18,2025-05-12 01:00:00,2025-05-14 10:00:00,58,17.77,True,True,1.1211272478103638,37.230569830778094,38.35169707858846,0.0,0.1135787089988298,0.0,1.0
core_neuralprophet_frozen_s123,neuralprophet,frozen,selected,False,123,18,2025-05-12 01:00:00,2025-05-14 11:00:00,59,17.57,True,True,3.29848051071167,37.230569830778094,40.529050341489764,0.0,0.1135787089988298,0.0,1.0
core_neuralprophet_frozen_s123,neuralprophet,frozen,selected,False,123,18,2025-05-12 01:00:00,2025-05-14 12:00:00,60,17.39,True,True,8.087194442749023,37.230569830778094,45.31776427352712,0.0,0.1135787089988298,0.0,1.0
core_neuralprophet_frozen_s123,neuralprophet,frozen,selected,False,123,18,2025-05-12 01:00:00,2025-05-14 13:00:00,61,18.98,True,True,6.150557041168213,37.230569830778094,43.38112687194631,0.0,0.1135787089988298,0.0,1.0
core_neuralprophet_frozen_s123,neuralprophet,frozen,selected,False,123,18,2025-05-12 01:00:00,2025-05-14 14:00:00,62,22.12,True,True,-1.0495891571044922,37.230569830778094,36.1809806736736,0.0,0.1135787089988298,0.0,1.0
core_neuralprophet_frozen_s123,neuralprophet,frozen,selected,False,123,18,2025-05-12 01:00:00,2025-05-14 15:00:00,63,24.71,True,True,4.767288684844971,37.230569830778094,41.997858515623065,0.0,0.1135787089988298,0.0,1.0
core_neuralprophet_frozen_s123,neuralprophet,frozen,selected,False,123,18,2025-05-12 01:00:00,2025-05-14 16:00:00,64,25.69,True,True,-2.3776254653930664,37.230569830778094,34.85294436538503,0.0,0.1135787089988298,0.0,1.0
core_neuralprophet_frozen_s123,neuralprophet,frozen,selected,False,123,18,2025-05-12 01:00:00,2025-05-14 17:00:00,65,26.29,True,True,0.7314819693565369,37.230569830778094,37.96205180013463,0.0,0.1135787089988298,0.0,1.0
core_neuralprophet_frozen_s123,neuralprophet,frozen,selected,False,123,18,2025-05-12 01:00:00,2025-05-14 18:00:00,66,26.96,True,True,-4.616005420684815,37.230569830778094,32.61456441009328,0.0,0.1135787089988298,0.0,1.0
core_neuralprophet_frozen_s123,neuralprophet,frozen,selected,False,123,18,2025-05-12 01:00:00,2025-05-14 19:00:00,67,27.85,True,True,-0.2564495205879211,37.230569830778094,36.97412031019017,0.0,0.1135787089988298,0.0,1.0
core_neuralprophet_frozen_s123,neuralprophet,frozen,selected,False,123,18,2025-05-12 01:00:00,2025-05-14 20:00:00,68,29.18,True,True,-13.061668395996094,37.230569830778094,24.168901434782,0.0,0.1135787089988298,0.0,1.0
core_neuralprophet_frozen_s123,neuralprophet,frozen,selected,False,123,18,2025-05-12 01:00:00,2025-05-14 21:00:00,69,30.38,True,True,-5.917576313018799,37.230569830778094,31.312993517759296,0.0,0.1135787089988298,0.0,1.0
core_neuralprophet_frozen_s123,neuralprophet,frozen,selected,False,123,18,2025-05-12 01:00:00,2025-05-14 22:00:00,70,31.16,True,True,1.21784508228302,37.230569830778094,38.448414913061114,0.0,0.1135787089988298,0.0,1.0
core_neuralprophet_frozen_s123,neuralprophet,frozen,selected,False,123,18,2025-05-12 01:00:00,2025-05-14 23:00:00,71,31.99,True,True,-8.551868438720703,37.230569830778094,28.67870139205739,0.0,0.1135787089988298,0.0,1.0
core_neuralprophet_frozen_s123,neuralprophet,frozen,selected,False,123,18,2025-05-12 01:00:00,2025-05-15 00:00:00,72,34.43,True,True,2.902383327484131,37.230569830778094,40.132953158262225,0.0,0.1135787089988298,0.0,1.0
core_neuralprophet_frozen_s123,neuralprophet,frozen,selected,False,123,18,2025-05-12 01:00:00,2025-05-15 01:00:00,73,39.39,True,True,0.1863936781883239,37.230569830778094,37.41696350896642,0.0,0.1135787089988298,0.0,1.0
core_neuralprophet_frozen_s123,neuralprophet,frozen,selected,False,123,18,2025-05-12 01:00:00,2025-05-15 02:00:00,74,46.82,True,True,6.990874290466309,37.230569830778094,44.2214441212444,0.0,0.1135787089988298,0.0,1.0
core_neuralprophet_frozen_s123,neuralprophet,frozen,selected,False,123,18,2025-05-12 01:00:00,2025-05-15 03:00:00,75,58.84,True,True,9.754040718078612,37.230569830778094,46.98461054885671,0.0,0.1135787089988298,0.0,1.0
core_neuralprophet_frozen_s123,neuralprophet,frozen,selected,False,123,18,2025-05-12 01:00:00,2025-05-15 04:00:00,76,53.22,True,True,12.93646240234375,37.230569830778094,50.167032233121844,0.0,0.1135787089988298,0.0,1.0
core_neuralprophet_frozen_s123,neuralprophet,frozen,selected,False,123,18,2025-05-12 01:00:00,2025-05-15 05:00:00,77,45.04,True,True,7.42327880859375,37.230569830778094,44.653848639371844,0.0,0.1135787089988298,0.0,1.0
core_neuralprophet_frozen_s123,neuralprophet,frozen,selected,False,123,18,2025-05-12 01:00:00,2025-05-15 06:00:00,78,39.93,True,True,8.689179420471191,37.230569830778094,45.919749251249286,0.0,0.1135787089988298,0.0,1.0
core_neuralprophet_frozen_s123,neuralprophet,frozen,selected,False,123,18,2025-05-12 01:00:00,2025-05-15 07:00:00,79,37.1,True,True,2.833425283432007,37.230569830778094,40.0639951142101,0.0,0.1135787089988298,0.0,1.0
core_neuralprophet_frozen_s123,neuralprophet,frozen,selected,False,123,18,2025-05-12 01:00:00,2025-05-15 08:00:00,80,34.96,True,True,8.670604705810547,37.230569830778094,45.90117453658864,0.0,0.1135787089988298,0.0,1.0
core_neuralprophet_frozen_s123,neuralprophet,frozen,selected,False,123,18,2025-05-12 01:00:00,2025-05-15 09:00:00,81,33.31,True,True,5.8201093673706055,37.230569830778094,43.0506791981487,0.0,0.1135787089988298,0.0,1.0
core_neuralprophet_frozen_s123,neuralprophet,frozen,selected,False,123,18,2025-05-12 01:00:00,2025-05-15 10:00:00,82,33.19,True,True,-1.872666597366333,37.230569830778094,35.35790323341176,0.0,0.1135787089988298,0.0,1.0
core_neuralprophet_frozen_s123,neuralprophet,frozen,selected,False,123,18,2025-05-12 01:00:00,2025-05-15 11:00:00,83,34.38,True,True,9.476791381835938,37.230569830778094,46.70736121261403,0.0,0.1135787089988298,0.0,1.0
core_neuralprophet_frozen_s123,neuralprophet,frozen,selected,False,123,18,2025-05-12 01:00:00,2025-05-15 12:00:00,84,35.56,True,True,1.048614501953125,37.230569830778094,38.27918433273122,0.0,0.1135787089988298,0.0,1.0
core_neuralprophet_frozen_s123,neuralprophet,frozen,selected,False,123,18,2025-05-12 01:00:00,2025-05-15 13:00:00,85,36.41,True,True,8.550102233886719,37.230569830778094,45.78067206466481,0.0,0.1135787089988298,0.0,1.0
core_neuralprophet_frozen_s123,neuralprophet,frozen,selected,False,123,18,2025-05-12 01:00:00,2025-05-15 14:00:00,86,38.29,True,True,3.3464181423187256,37.230569830778094,40.57698797309682,0.0,0.1135787089988298,0.0,1.0
core_neuralprophet_frozen_s123,neuralprophet,frozen,selected,False,123,18,2025-05-12 01:00:00,2025-05-15 15:00:00,87,40.83,True,True,-1.1687500476837158,37.230569830778094,36.06181978309438,0.0,0.1135787089988298,0.0,1.0
core_neuralprophet_frozen_s123,neuralprophet,frozen,selected,False,123,18,2025-05-12 01:00:00,2025-05-15 16:00:00,88,44.56,True,True,-1.916905641555786,37.230569830778094,35.31366418922231,0.0,0.1135787089988298,0.0,1.0
core_neuralprophet_frozen_s123,neuralprophet,frozen,selected,False,123,18,2025-05-12 01:00:00,2025-05-15 17:00:00,89,51.39,True,True,-11.900808334350586,37.230569830778094,25.32976149642751,0.0,0.1135787089988298,0.0,1.0
core_neuralprophet_frozen_s123,neuralprophet,frozen,selected,False,123,18,2025-05-12 01:00:00,2025-05-15 18:00:00,90,60.87,True,True,1.5709565877914429,37.230569830778094,38.80152641856954,0.0,0.1135787089988298,0.0,1.0
core_neuralprophet_frozen_s123,neuralprophet,frozen,selected,False,123,18,2025-05-12 01:00:00,2025-05-15 19:00:00,91,72.05,True,True,-7.6472368240356445,37.230569830778094,29.58333300674245,0.0,0.1135787089988298,0.0,1.0
core_neuralprophet_frozen_s123,neuralprophet,frozen,selected,False,123,18,2025-05-12 01:00:00,2025-05-15 20:00:00,92,84.88,True,True,-16.252883911132812,37.230569830778094,20.977685919645282,0.0,0.1135787089988298,0.0,1.0
core_neuralprophet_frozen_s123,neuralprophet,frozen,selected,False,123,18,2025-05-12 01:00:00,2025-05-15 21:00:00,93,97.79,True,True,-3.587266206741333,37.230569830778094,33.64330362403676,0.0,0.1135787089988298,0.0,1.0
core_neuralprophet_frozen_s123,neuralprophet,frozen,selected,False,123,18,2025-05-12 01:00:00,2025-05-15 22:00:00,94,108.37,True,True,-3.639991521835327,37.230569830778094,33.59057830894277,0.0,0.1135787089988298,0.0,1.0
core_neuralprophet_frozen_s123,neuralprophet,frozen,selected,False,123,18,2025-05-12 01:00:00,2025-05-15 23:00:00,95,116.25,True,True,0.4906634092330932,37.230569830778094,37.72123324001119,0.0,0.1135787089988298,0.0,1.0
core_neuralprophet_frozen_s123,neuralprophet,frozen,selected,False,123,18,2025-05-12 01:00:00,2025-05-16 00:00:00,96,123.15,True,True,9.119611740112305,37.230569830778094,46.3501815708904,0.0,0.1135787089988298,0.0,1.0
core_neuralprophet_frozen_s123,neuralprophet,frozen,selected,False,123,18,2025-05-12 01:00:00,2025-05-16 01:00:00,97,132.18,True,True,-1.3269002437591553,37.230569830778094,35.90366958701894,0.0,0.1135787089988298,0.0,1.0
core_neuralprophet_frozen_s123,neuralprophet,frozen,selected,False,123,18,2025-05-12 01:00:00,2025-05-16 02:00:00,98,142.04,True,True,12.516468048095703,37.230569830778094,49.7470378788738,0.0,0.1135787089988298,0.0,1.0
core_neuralprophet_frozen_s123,neuralprophet,frozen,selected,False,123,18,2025-05-12 01:00:00,2025-05-16 03:00:00,99,159.17,True,True,15.564343452453612,37.230569830778094,52.79491328323171,0.0,0.1135787089988298,0.0,1.0
core_neuralprophet_frozen_s123,neuralprophet,frozen,selected,False,123,18,2025-05-12 01:00:00,2025-05-16 04:00:00,100,174.04,True,True,27.45954704284668,37.230569830778094,64.69011687362477,0.0,0.1135787089988298,0.0,1.0
core_neuralprophet_frozen_s123,neuralprophet,frozen,selected,False,123,18,2025-05-12 01:00:00,2025-05-16 05:00:00,101,174.39,True,True,29.02519798278809,37.230569830778094,66.25576781356618,0.0,0.1135787089988298,0.0,1.0
core_neuralprophet_frozen_s123,neuralprophet,frozen,selected,False,123,18,2025-05-12 01:00:00,2025-05-16 06:00:00,102,172.46,True,True,20.45485115051269,37.230569830778094,57.68542098129079,0.0,0.1135787089988298,0.0,1.0
core_neuralprophet_frozen_s123,neuralprophet,frozen,selected,False,123,18,2025-05-12 01:00:00,2025-05-16 07:00:00,103,168.26,True,True,16.721752166748047,37.230569830778094,53.95232199752614,0.0,0.1135787089988298,0.0,1.0
core_neuralprophet_frozen_s123,neuralprophet,frozen,selected,False,123,18,2025-05-12 01:00:00,2025-05-16 08:00:00,104,160.05,True,True,26.520191192626957,37.230569830778094,63.75076102340505,0.0,0.1135787089988298,0.0,1.0
core_neuralprophet_frozen_s123,neuralprophet,frozen,selected,False,123,18,2025-05-12 01:00:00,2025-05-16 09:00:00,105,155.52,True,True,17.37393569946289,37.230569830778094,54.604505530240985,0.0,0.1135787089988298,0.0,1.0
core_neuralprophet_frozen_s123,neuralprophet,frozen,selected,False,123,18,2025-05-12 01:00:00,2025-05-16 10:00:00,106,149.99,True,True,10.362662315368652,37.230569830778094,47.59323214614675,0.0,0.1135787089988298,0.0,1.0
core_neuralprophet_frozen_s123,neuralprophet,frozen,selected,False,123,18,2025-05-12 01:00:00,2025-05-16 11:00:00,107,142.95,True,True,15.70431423187256,37.230569830778094,52.93488406265065,0.0,0.1135787089988298,0.0,1.0
core_neuralprophet_frozen_s123,neuralprophet,frozen,selected,False,123,18,2025-05-12 01:00:00,2025-05-16 12:00:00,108,135.27,True,True,15.529166221618652,37.230569830778094,52.75973605239675,0.0,0.1135787089988298,0.0,1.0
core_neuralprophet_frozen_s123,neuralprophet,frozen,selected,False,123,18,2025-05-12 01:00:00,2025-05-16 13:00:00,109,128.41,True,True,9.934203147888184,37.230569830778094,47.16477297866628,0.0,0.1135787089988298,0.0,1.0
core_neuralprophet_frozen_s123,neuralprophet,frozen,selected,False,123,18,2025-05-12 01:00:00,2025-05-16 14:00:00,110,127.57,True,True,17.38581085205078,37.230569830778094,54.616380682828876,0.0,0.1135787089988298,0.0,1.0
core_neuralprophet_frozen_s123,neuralprophet,frozen,selected,False,123,18,2025-05-12 01:00:00,2025-05-16 15:00:00,111,129.89,True,True,17.333003997802734,37.230569830778094,54.56357382858083,0.0,0.1135787089988298,0.0,1.0
core_neuralprophet_frozen_s123,neuralprophet,frozen,selected,False,123,18,2025-05-12 01:00:00,2025-05-16 16:00:00,112,130.59,True,True,20.10804748535156,37.230569830778094,57.33861731612966,0.0,0.1135787089988298,0.0,1.0
core_neuralprophet_frozen_s123,neuralprophet,frozen,selected,False,123,18,2025-05-12 01:00:00,2025-05-16 17:00:00,113,127.01,True,True,19.50743865966797,37.230569830778094,56.73800849044606,0.0,0.1135787089988298,0.0,1.0
core_neuralprophet_frozen_s123,neuralprophet,frozen,selected,False,123,18,2025-05-12 01:00:00,2025-05-16 18:00:00,114,112.05,True,True,22.59147834777832,37.230569830778094,59.822048178556415,0.0,0.1135787089988298,0.0,1.0
core_neuralprophet_frozen_s123,neuralprophet,frozen,selected,False,123,18,2025-05-12 01:00:00,2025-05-16 19:00:00,115,80.06,True,True,14.352380752563477,37.230569830778094,51.58295058334157,0.0,0.1135787089988298,0.0,1.0
core_neuralprophet_frozen_s123,neuralprophet,frozen,selected,False,123,18,2025-05-12 01:00:00,2025-05-16 20:00:00,116,89.46,True,True,4.199659824371338,37.230569830778094,41.43022965514943,0.0,0.1135787089988298,0.0,1.0
core_neuralprophet_frozen_s123,neuralprophet,frozen,selected,False,123,18,2025-05-12 01:00:00,2025-05-16 21:00:00,117,74.72,True,True,3.362568616867065,37.230569830778094,40.59313844764516,0.0,0.1135787089988298,0.0,1.0
core_neuralprophet_frozen_s123,neuralprophet,frozen,selected,False,123,18,2025-05-12 01:00:00,2025-05-16 22:00:00,118,33.73,True,True,-7.58875846862793,37.230569830778094,29.641811362150165,0.0,0.1135787089988298,0.0,1.0
core_neuralprophet_frozen_s123,neuralprophet,frozen,selected,False,123,18,2025-05-12 01:00:00,2025-05-16 23:00:00,119,9.38,True,True,-10.033210754394531,37.230569830778094,27.197359076383563,0.0,0.1135787089988298,0.0,1.0
core_neuralprophet_frozen_s123,neuralprophet,frozen,selected,False,123,18,2025-05-12 01:00:00,2025-05-17 00:00:00,120,2.03,True,True,0.7190300822257996,37.230569830778094,37.949599913003894,0.0,0.1135787089988298,0.0,1.0
core_neuralprophet_frozen_s123,neuralprophet,frozen,selected,False,123,18,2025-05-12 01:00:00,2025-05-17 01:00:00,121,0.71,True,True,-2.092423915863037,37.230569830778094,35.13814591491506,0.0,0.1135787089988298,0.0,1.0
core_neuralprophet_frozen_s123,neuralprophet,frozen,selected,False,123,18,2025-05-12 01:00:00,2025-05-17 02:00:00,122,0.79,True,True,11.00662612915039,37.230569830778094,48.237195959928485,0.0,0.1135787089988298,0.0,1.0
core_neuralprophet_frozen_s123,neuralprophet,frozen,selected,False,123,18,2025-05-12 01:00:00,2025-05-17 03:00:00,123,1.11,True,True,8.293267250061035,37.230569830778094,45.52383708083913,0.0,0.1135787089988298,0.0,1.0
core_neuralprophet_frozen_s123,neuralprophet,frozen,selected,False,123,18,2025-05-12 01:00:00,2025-05-17 04:00:00,124,1.41,True,True,14.706027030944824,37.230569830778094,51.93659686172292,0.0,0.1135787089988298,0.0,1.0
core_neuralprophet_frozen_s123,neuralprophet,frozen,selected,False,123,18,2025-05-12 01:00:00,2025-05-17 05:00:00,125,1.59,True,True,12.35940170288086,37.230569830778094,49.589971533658954,0.0,0.1135787089988298,0.0,1.0
core_neuralprophet_frozen_s123,neuralprophet,frozen,selected,False,123,18,2025-05-12 01:00:00,2025-05-17 06:00:00,126,1.8,True,True,11.004571914672852,37.230569830778094,48.235141745450946,0.0,0.1135787089988298,0.0,1.0
core_neuralprophet_frozen_s123,neuralprophet,frozen,selected,False,123,18,2025-05-12 01:00:00,2025-05-17 07:00:00,127,1.98,True,True,12.272526741027832,37.230569830778094,49.503096571805926,0.0,0.1135787089988298,0.0,1.0
core_neuralprophet_frozen_s123,neuralprophet,frozen,selected,False,123,18,2025-05-12 01:00:00,2025-05-17 08:00:00,128,2.06,True,True,3.1966257095336914,37.230569830778094,40.427195540311786,0.0,0.1135787089988298,0.0,1.0
core_neuralprophet_frozen_s123,neuralprophet,frozen,selected,False,123,18,2025-05-12 01:00:00,2025-05-17 09:00:00,129,2.07,True,True,4.181680202484131,37.230569830778094,41.412250033262225,0.0,0.1135787089988298,0.0,1.0
core_neuralprophet_frozen_s123,neuralprophet,frozen,selected,False,123,18,2025-05-12 01:00:00,2025-05-17 10:00:00,130,2.49,True,True,0.5832922458648682,37.230569830778094,37.81386207664296,0.0,0.1135787089988298,0.0,1.0
core_neuralprophet_frozen_s123,neuralprophet,frozen,selected,False,123,18,2025-05-12 01:00:00,2025-05-17 11:00:00,131,3.33,True,True,2.2309679985046387,37.230569830778094,39.46153782928273,0.0,0.1135787089988298,0.0,1.0
core_neuralprophet_frozen_s123,neuralprophet,frozen,selected,False,123,18,2025-05-12 01:00:00,2025-05-17 12:00:00,132,4.39,True,True,7.1910080909729,37.230569830778094,44.421577921750995,0.0,0.1135787089988298,0.0,1.0
core_neuralprophet_frozen_s123,neuralprophet,frozen,selected,False,123,18,2025-05-12 01:00:00,2025-05-17 13:00:00,133,5.46,True,True,4.360116481781006,37.230569830778094,41.5906863125591,0.0,0.1135787089988298,0.0,1.0
core_neuralprophet_frozen_s123,neuralprophet,frozen,selected,False,123,18,2025-05-12 01:00:00,2025-05-17 14:00:00,134,6.52,True,True,-4.841701030731201,37.230569830778094,32.38886880004689,0.0,0.1135787089988298,0.0,1.0
core_neuralprophet_frozen_s123,neuralprophet,frozen,selected,False,123,18,2025-05-12 01:00:00,2025-05-17 15:00:00,135,7.63,True,True,1.8198504447937007,37.230569830778094,39.050420275571796,0.0,0.1135787089988298,0.0,1.0
core_neuralprophet_frozen_s123,neuralprophet,frozen,selected,False,123,18,2025-05-12 01:00:00,2025-05-17 16:00:00,136,8.39,True,True,-5.399693012237549,37.230569830778094,31.830876818540546,0.0,0.1135787089988298,0.0,1.0
core_neuralprophet_frozen_s123,neuralprophet,frozen,selected,False,123,18,2025-05-12 01:00:00,2025-05-17 17:00:00,137,9.24,True,True,-9.585086822509766,37.230569830778094,27.64548300826833,0.0,0.1135787089988298,0.0,1.0
core_neuralprophet_frozen_s123,neuralprophet,frozen,selected,False,123,18,2025-05-12 01:00:00,2025-05-17 18:00:00,138,10.63,True,True,-6.940726280212402,37.230569830778094,30.289843550565692,0.0,0.1135787089988298,0.0,1.0
core_neuralprophet_frozen_s123,neuralprophet,frozen,selected,False,123,18,2025-05-12 01:00:00,2025-05-17 19:00:00,139,12.19,True,True,-9.961848258972168,37.230569830778094,27.268721571805926,0.0,0.1135787089988298,0.0,1.0
core_neuralprophet_frozen_s123,neuralprophet,frozen,selected,False,123,18,2025-05-12 01:00:00,2025-05-17 20:00:00,140,13.51,True,True,-7.820761680603027,37.230569830778094,29.409808150175067,0.0,0.1135787089988298,0.0,1.0
core_neuralprophet_frozen_s123,neuralprophet,frozen,selected,False,123,18,2025-05-12 01:00:00,2025-05-17 21:00:00,141,15.07,True,True,-19.58219146728516,37.230569830778094,17.648378363492935,0.0,0.1135787089988298,0.0,1.0
core_neuralprophet_frozen_s123,neuralprophet,frozen,selected,False,123,18,2025-05-12 01:00:00,2025-05-17 22:00:00,142,16.71,True,True,-2.4912538528442383,37.230569830778094,34.739315977933856,0.0,0.1135787089988298,0.0,1.0
core_neuralprophet_frozen_s123,neuralprophet,frozen,selected,False,123,18,2025-05-12 01:00:00,2025-05-17 23:00:00,143,18.53,True,True,-6.0886969566345215,37.230569830778094,31.141872874143573,0.0,0.1135787089988298,0.0,1.0
core_neuralprophet_frozen_s123,neuralprophet,frozen,selected,False,123,18,2025-05-12 01:00:00,2025-05-18 00:00:00,144,20.61,True,True,2.8115830421447754,37.230569830778094,40.04215287292287,0.0,0.1135787089988298,0.0,1.0
core_neuralprophet_frozen_s123,neuralprophet,frozen,selected,False,123,18,2025-05-12 01:00:00,2025-05-18 01:00:00,145,24.64,True,True,-6.048752307891846,37.230569830778094,31.18181752288625,0.0,0.1135787089988298,0.0,1.0
core_neuralprophet_frozen_s123,neuralprophet,frozen,selected,False,123,18,2025-05-12 01:00:00,2025-05-18 02:00:00,146,29.03,True,True,-7.764153480529785,37.230569830778094,29.46641635024831,0.0,0.1135787089988298,0.0,1.0
core_neuralprophet_frozen_s123,neuralprophet,frozen,selected,False,123,18,2025-05-12 01:00:00,2025-05-18 03:00:00,147,35.98,True,True,4.827000141143799,37.230569830778094,42.05756997192189,0.0,0.1135787089988298,0.0,1.0
core_neuralprophet_frozen_s123,neuralprophet,frozen,selected,False,123,18,2025-05-12 01:00:00,2025-05-18 04:00:00,148,43.15,True,True,9.583988189697266,37.230569830778094,46.81455802047536,0.0,0.1135787089988298,0.0,1.0
core_neuralprophet_frozen_s123,neuralprophet,frozen,selected,False,123,18,2025-05-12 01:00:00,2025-05-18 05:00:00,149,48.28,True,True,8.701754570007324,37.230569830778094,45.93232440078542,0.0,0.1135787089988298,0.0,1.0
core_neuralprophet_frozen_s123,neuralprophet,frozen,selected,False,123,18,2025-05-12 01:00:00,2025-05-18 06:00:00,150,50.0,True,True,12.545645713806152,37.230569830778094,49.77621554458425,0.0,0.1135787089988298,0.0,1.0
core_neuralprophet_frozen_s123,neuralprophet,frozen,selected,False,123,18,2025-05-12 01:00:00,2025-05-18 07:00:00,151,49.48,True,True,5.491840362548828,37.230569830778094,42.72241019332692,0.0,0.1135787089988298,0.0,1.0
core_neuralprophet_frozen_s123,neuralprophet,frozen,selected,False,123,18,2025-05-12 01:00:00,2025-05-18 08:00:00,152,48.42,True,True,-3.4690349102020264,37.230569830778094,33.76153492057607,0.0,0.1135787089988298,0.0,1.0
core_neuralprophet_frozen_s123,neuralprophet,frozen,selected,False,123,18,2025-05-12 01:00:00,2025-05-18 09:00:00,153,49.69,True,True,-6.362063407897949,37.230569830778094,30.868506422880145,0.0,0.1135787089988298,0.0,1.0
core_neuralprophet_frozen_s123,neuralprophet,frozen,selected,False,123,18,2025-05-12 01:00:00,2025-05-18 10:00:00,154,51.97,True,True,3.2439675331115723,37.230569830778094,40.47453736388967,0.0,0.1135787089988298,0.0,1.0
core_neuralprophet_frozen_s123,neuralprophet,frozen,selected,False,123,18,2025-05-12 01:00:00,2025-05-18 11:00:00,155,55.69,True,True,3.2793917655944824,37.230569830778094,40.50996159637258,0.0,0.1135787089988298,0.0,1.0
core_neuralprophet_frozen_s123,neuralprophet,frozen,selected,False,123,18,2025-05-12 01:00:00,2025-05-18 12:00:00,156,60.11,True,True,-6.105135440826416,37.230569830778094,31.12543438995168,0.0,0.1135787089988298,0.0,1.0
core_neuralprophet_frozen_s123,neuralprophet,frozen,selected,False,123,18,2025-05-12 01:00:00,2025-05-18 13:00:00,157,63.29,True,True,-0.7139225602149963,37.230569830778094,36.5166472705631,0.0,0.1135787089988298,0.0,1.0
core_neuralprophet_frozen_s123,neuralprophet,frozen,selected,False,123,18,2025-05-12 01:00:00,2025-05-18 14:00:00,158,66.17,True,True,1.5058000087738037,37.230569830778094,38.7363698395519,0.0,0.1135787089988298,0.0,1.0
core_neuralprophet_frozen_s123,neuralprophet,frozen,selected,False,123,18,2025-05-12 01:00:00,2025-05-18 15:00:00,159,69.01,True,True,2.1542019844055176,37.230569830778094,39.38477181518361,0.0,0.1135787089988298,0.0,1.0
core_neuralprophet_frozen_s123,neuralprophet,frozen,selected,False,123,18,2025-05-12 01:00:00,2025-05-18 16:00:00,160,70.53,True,True,1.5203477144241333,37.230569830778094,38.75091754520223,0.0,0.1135787089988298,0.0,1.0
core_neuralprophet_frozen_s123,neuralprophet,frozen,selected,False,123,18,2025-05-12 01:00:00,2025-05-18 17:00:00,161,72.16,True,True,-0.3436126112937927,37.230569830778094,36.8869572194843,0.0,0.1135787089988298,0.0,1.0
core_neuralprophet_frozen_s123,neuralprophet,frozen,selected,False,123,18,2025-05-12 01:00:00,2025-05-18 18:00:00,162,73.77,True,True,-2.009164810180664,37.230569830778094,35.22140502059743,0.0,0.1135787089988298,0.0,1.0
core_neuralprophet_frozen_s123,neuralprophet,frozen,selected,False,123,18,2025-05-12 01:00:00,2025-05-18 19:00:00,163,75.17,True,True,3.297720193862915,37.230569830778094,40.52829002464101,0.0,0.1135787089988298,0.0,1.0
core_neuralprophet_frozen_s123,neuralprophet,frozen,selected,False,123,18,2025-05-12 01:00:00,2025-05-18 20:00:00,164,76.93,True,True,5.079613208770752,37.230569830778094,42.310183039548846,0.0,0.1135787089988298,0.0,1.0
core_neuralprophet_frozen_s123,neuralprophet,frozen,selected,False,123,18,2025-05-12 01:00:00,2025-05-18 21:00:00,165,78.91,True,True,11.392634391784668,37.230569830778094,48.62320422256276,0.0,0.1135787089988298,0.0,1.0
core_neuralprophet_frozen_s123,neuralprophet,frozen,selected,False,123,18,2025-05-12 01:00:00,2025-05-18 22:00:00,166,79.54,True,True,17.491262435913086,37.230569830778094,54.72183226669118,0.0,0.1135787089988298,0.0,1.0
core_neuralprophet_frozen_s123,neuralprophet,frozen,selected,False,123,18,2025-05-12 01:00:00,2025-05-18 23:00:00,167,80.6,True,True,10.17198085784912,37.230569830778094,47.402550688627215,0.0,0.1135787089988298,0.0,1.0
core_neuralprophet_frozen_s123,neuralprophet,frozen,selected,False,123,18,2025-05-12 01:00:00,2025-05-19 00:00:00,168,83.05,True,True,21.00612449645996,37.230569830778094,58.236694327238055,0.0,0.1135787089988298,0.0,1.0
core_neuralprophet_frozen_s123,neuralprophet,frozen,selected,False,123,19,2025-05-19 01:00:00,2025-05-19 01:00:00,1,106.21,True,True,70.59246826171875,58.516344814158614,129.10881307587738,0.0,0.1168028119973314,0.0,1.0
core_neuralprophet_frozen_s123,neuralprophet,frozen,selected,False,123,19,2025-05-19 01:00:00,2025-05-19 02:00:00,2,120.42,True,True,66.54295349121094,58.516344814158614,125.05929830536955,0.0,0.1168028119973314,0.0,1.0
core_neuralprophet_frozen_s123,neuralprophet,frozen,selected,False,123,19,2025-05-19 01:00:00,2025-05-19 03:00:00,3,134.36,True,True,66.94013214111328,58.516344814158614,125.4564769552719,0.0,0.1168028119973314,0.0,1.0
core_neuralprophet_frozen_s123,neuralprophet,frozen,selected,False,123,19,2025-05-19 01:00:00,2025-05-19 04:00:00,4,150.03,True,True,57.50486755371094,58.516344814158614,116.02121236786955,0.0,0.1168028119973314,0.0,1.0
core_neuralprophet_frozen_s123,neuralprophet,frozen,selected,False,123,19,2025-05-19 01:00:00,2025-05-19 05:00:00,5,158.37,True,True,72.24588775634766,58.516344814158614,130.76223257050628,0.0,0.1168028119973314,0.0,1.0
core_neuralprophet_frozen_s123,neuralprophet,frozen,selected,False,123,19,2025-05-19 01:00:00,2025-05-19 06:00:00,6,165.03,True,True,57.17927169799805,58.516344814158614,115.69561651215666,0.0,0.1168028119973314,0.0,1.0
core_neuralprophet_frozen_s123,neuralprophet,frozen,selected,False,123,19,2025-05-19 01:00:00,2025-05-19 07:00:00,7,169.88,True,True,41.08026123046875,58.516344814158614,99.59660604462736,0.0,0.1168028119973314,0.0,1.0
core_neuralprophet_frozen_s123,neuralprophet,frozen,selected,False,123,19,2025-05-19 01:00:00,2025-05-19 08:00:00,8,169.11,True,True,38.06530380249024,58.516344814158614,96.58164861664886,0.0,0.1168028119973314,0.0,1.0
core_neuralprophet_frozen_s123,neuralprophet,frozen,selected,False,123,19,2025-05-19 01:00:00,2025-05-19 09:00:00,9,165.39,True,True,31.83393859863281,58.516344814158614,90.35028341279143,0.0,0.1168028119973314,0.0,1.0
core_neuralprophet_frozen_s123,neuralprophet,frozen,selected,False,123,19,2025-05-19 01:00:00,2025-05-19 10:00:00,10,161.09,True,True,22.78503799438477,58.516344814158614,81.30138280854338,0.0,0.1168028119973314,0.0,1.0
core_neuralprophet_frozen_s123,neuralprophet,frozen,selected,False,123,19,2025-05-19 01:00:00,2025-05-19 11:00:00,11,160.83,True,True,13.89283275604248,58.516344814158614,72.4091775702011,0.0,0.1168028119973314,0.0,1.0
core_neuralprophet_frozen_s123,neuralprophet,frozen,selected,False,123,19,2025-05-19 01:00:00,2025-05-19 12:00:00,12,163.43,True,True,1.885109663009644,58.516344814158614,60.40145447716826,0.0,0.1168028119973314,0.0,1.0
core_neuralprophet_frozen_s123,neuralprophet,frozen,selected,False,123,19,2025-05-19 01:00:00,2025-05-19 13:00:00,13,166.63,True,True,15.38771629333496,58.516344814158614,73.90406110749358,0.0,0.1168028119973314,0.0,1.0
core_neuralprophet_frozen_s123,neuralprophet,frozen,selected,False,123,19,2025-05-19 01:00:00,2025-05-19 14:00:00,14,174.66,True,True,12.638028144836426,58.516344814158614,71.15437295899504,0.0,0.1168028119973314,0.0,1.0
core_neuralprophet_frozen_s123,neuralprophet,frozen,selected,False,123,19,2025-05-19 01:00:00,2025-05-19 15:00:00,15,184.39,True,True,1.3584321737289429,58.516344814158614,59.87477698788756,0.0,0.1168028119973314,0.0,1.0
core_neuralprophet_frozen_s123,neuralprophet,frozen,selected,False,123,19,2025-05-19 01:00:00,2025-05-19 16:00:00,16,188.7,True,True,15.907160758972168,58.516344814158614,74.42350557313078,0.0,0.1168028119973314,0.0,1.0
core_neuralprophet_frozen_s123,neuralprophet,frozen,selected,False,123,19,2025-05-19 01:00:00,2025-05-19 17:00:00,17,191.52,True,True,9.693795204162598,58.516344814158614,68.21014001832121,0.0,0.1168028119973314,0.0,1.0
core_neuralprophet_frozen_s123,neuralprophet,frozen,selected,False,123,19,2025-05-19 01:00:00,2025-05-19 18:00:00,18,192.55,True,True,11.820560455322266,58.516344814158614,70.33690526948088,0.0,0.1168028119973314,0.0,1.0
core_neuralprophet_frozen_s123,neuralprophet,frozen,selected,False,123,19,2025-05-19 01:00:00,2025-05-19 19:00:00,19,192.69,True,True,-2.5220344066619877,58.516344814158614,55.99431040749663,0.0,0.1168028119973314,0.0,1.0
core_neuralprophet_frozen_s123,neuralprophet,frozen,selected,False,123,19,2025-05-19 01:00:00,2025-05-19 20:00:00,20,195.21,True,True,7.541304588317871,58.516344814158614,66.05764940247649,0.0,0.1168028119973314,0.0,1.0
core_neuralprophet_frozen_s123,neuralprophet,frozen,selected,False,123,19,2025-05-19 01:00:00,2025-05-19 21:00:00,21,199.0,True,True,20.283811569213867,58.516344814158614,78.80015638337248,0.0,0.1168028119973314,0.0,1.0
core_neuralprophet_frozen_s123,neuralprophet,frozen,selected,False,123,19,2025-05-19 01:00:00,2025-05-19 22:00:00,22,200.71,True,True,28.09451103210449,58.516344814158614,86.6108558462631,0.0,0.1168028119973314,0.0,1.0
core_neuralprophet_frozen_s123,neuralprophet,frozen,selected,False,123,19,2025-05-19 01:00:00,2025-05-19 23:00:00,23,202.4,True,True,21.63490295410156,58.516344814158614,80.15124776826018,0.0,0.1168028119973314,0.0,1.0
core_neuralprophet_frozen_s123,neuralprophet,frozen,selected,False,123,19,2025-05-19 01:00:00,2025-05-20 00:00:00,24,207.16,True,True,29.28298759460449,58.516344814158614,87.7993324087631,0.0,0.1168028119973314,0.0,1.0
core_neuralprophet_frozen_s123,neuralprophet,frozen,selected,False,123,19,2025-05-19 01:00:00,2025-05-20 01:00:00,25,217.86,True,True,19.14095115661621,58.516344814158614,77.65729597077483,0.0,0.1168028119973314,0.0,1.0
core_neuralprophet_frozen_s123,neuralprophet,frozen,selected,False,123,19,2025-05-19 01:00:00,2025-05-20 02:00:00,26,224.36,True,True,28.804555892944336,58.516344814158614,87.32090070710295,0.0,0.1168028119973314,0.0,1.0
core_neuralprophet_frozen_s123,neuralprophet,frozen,selected,False,123,19,2025-05-19 01:00:00,2025-05-20 03:00:00,27,234.96,True,True,28.003198623657227,58.516344814158614,86.51954343781584,0.0,0.1168028119973314,0.0,1.0
core_neuralprophet_frozen_s123,neuralprophet,frozen,selected,False,123,19,2025-05-19 01:00:00,2025-05-20 04:00:00,28,244.15,True,True,32.52567672729492,58.516344814158614,91.04202154145354,0.0,0.1168028119973314,0.0,1.0
core_neuralprophet_frozen_s123,neuralprophet,frozen,selected,False,123,19,2025-05-19 01:00:00,2025-05-20 05:00:00,29,248.93,True,True,45.86579132080078,58.516344814158614,104.3821361349594,0.0,0.1168028119973314,0.0,1.0
core_neuralprophet_frozen_s123,neuralprophet,frozen,selected,False,123,19,2025-05-19 01:00:00,2025-05-20 06:00:00,30,248.07,True,True,56.555084228515625,58.516344814158614,115.07142904267424,0.0,0.1168028119973314,0.0,1.0
core_neuralprophet_frozen_s123,neuralprophet,frozen,selected,False,123,19,2025-05-19 01:00:00,2025-05-20 07:00:00,31,241.33,True,True,33.65434265136719,58.516344814158614,92.1706874655258,0.0,0.1168028119973314,0.0,1.0
core_neuralprophet_frozen_s123,neuralprophet,frozen,selected,False,123,19,2025-05-19 01:00:00,2025-05-20 08:00:00,32,235.59,True,True,40.82268524169922,58.516344814158614,99.33903005585783,0.0,0.1168028119973314,0.0,1.0
core_neuralprophet_frozen_s123,neuralprophet,frozen,selected,False,123,19,2025-05-19 01:00:00,2025-05-20 09:00:00,33,232.31,True,True,47.04255676269531,58.516344814158614,105.55890157685393,0.0,0.1168028119973314,0.0,1.0
core_neuralprophet_frozen_s123,neuralprophet,frozen,selected,False,123,19,2025-05-19 01:00:00,2025-05-20 10:00:00,34,235.85,True,True,43.63774871826172,58.516344814158614,102.15409353242033,0.0,0.1168028119973314,0.0,1.0
core_neuralprophet_frozen_s123,neuralprophet,frozen,selected,False,123,19,2025-05-19 01:00:00,2025-05-20 11:00:00,35,241.27,True,True,43.52847290039063,58.516344814158614,102.04481771454925,0.0,0.1168028119973314,0.0,1.0
core_neuralprophet_frozen_s123,neuralprophet,frozen,selected,False,123,19,2025-05-19 01:00:00,2025-05-20 12:00:00,36,248.47,True,True,57.88323211669922,58.516344814158614,116.39957693085783,0.0,0.1168028119973314,0.0,1.0
core_neuralprophet_frozen_s123,neuralprophet,frozen,selected,False,123,19,2025-05-19 01:00:00,2025-05-20 13:00:00,37,252.48,True,True,65.81471252441406,58.516344814158614,124.33105733857268,0.0,0.1168028119973314,0.0,1.0
core_neuralprophet_frozen_s123,neuralprophet,frozen,selected,False,123,19,2025-05-19 01:00:00,2025-05-20 14:00:00,38,255.56,True,True,72.5224609375,58.516344814158614,131.03880575165863,0.0,0.1168028119973314,0.0,1.0
core_neuralprophet_frozen_s123,neuralprophet,frozen,selected,False,123,19,2025-05-19 01:00:00,2025-05-20 15:00:00,39,252.79,True,True,75.19677734375,58.516344814158614,133.71312215790863,0.0,0.1168028119973314,0.0,1.0
core_neuralprophet_frozen_s123,neuralprophet,frozen,selected,False,123,19,2025-05-19 01:00:00,2025-05-20 16:00:00,40,235.97,True,True,83.65879821777344,58.516344814158614,142.17514303193207,0.0,0.1168028119973314,0.0,1.0
core_neuralprophet_frozen_s123,neuralprophet,frozen,selected,False,123,19,2025-05-19 01:00:00,2025-05-20 17:00:00,41,221.36,True,True,81.88245391845703,58.516344814158614,140.39879873261566,0.0,0.1168028119973314,0.0,1.0
core_neuralprophet_frozen_s123,neuralprophet,frozen,selected,False,123,19,2025-05-19 01:00:00,2025-05-20 18:00:00,42,203.64,True,True,84.42801666259766,58.516344814158614,142.94436147675628,0.0,0.1168028119973314,0.0,1.0
core_neuralprophet_frozen_s123,neuralprophet,frozen,selected,False,123,19,2025-05-19 01:00:00,2025-05-20 19:00:00,43,183.0,True,True,77.73712158203125,58.516344814158614,136.25346639618988,0.0,0.1168028119973314,0.0,1.0
core_neuralprophet_frozen_s123,neuralprophet,frozen,selected,False,123,19,2025-05-19 01:00:00,2025-05-20 20:00:00,44,176.9,True,True,60.550071716308594,58.516344814158614,119.06641653046721,0.0,0.1168028119973314,0.0,1.0
core_neuralprophet_frozen_s123,neuralprophet,frozen,selected,False,123,19,2025-05-19 01:00:00,2025-05-20 21:00:00,45,180.99,True,True,60.9798469543457,58.516344814158614,119.49619176850432,0.0,0.1168028119973314,0.0,1.0
core_neuralprophet_frozen_s123,neuralprophet,frozen,selected,False,123,19,2025-05-19 01:00:00,2025-05-20 22:00:00,46,185.2,True,True,67.86060333251953,58.516344814158614,126.37694814667815,0.0,0.1168028119973314,0.0,1.0
core_neuralprophet_frozen_s123,neuralprophet,frozen,selected,False,123,19,2025-05-19 01:00:00,2025-05-20 23:00:00,47,190.97,True,True,49.80841445922852,58.516344814158614,108.32475927338714,0.0,0.1168028119973314,0.0,1.0
core_neuralprophet_frozen_s123,neuralprophet,frozen,selected,False,123,19,2025-05-19 01:00:00,2025-05-21 00:00:00,48,197.37,True,True,54.60719680786133,58.516344814158614,113.12354162201994,0.0,0.1168028119973314,0.0,1.0
core_neuralprophet_frozen_s123,neuralprophet,frozen,selected,False,123,19,2025-05-19 01:00:00,2025-05-21 01:00:00,49,193.42,True,True,52.290489196777344,58.516344814158614,110.80683401093596,0.0,0.1168028119973314,0.0,1.0
core_neuralprophet_frozen_s123,neuralprophet,frozen,selected,False,123,19,2025-05-19 01:00:00,2025-05-21 02:00:00,50,176.81,True,True,45.744911193847656,58.516344814158614,104.26125600800627,0.0,0.1168028119973314,0.0,1.0
core_neuralprophet_frozen_s123,neuralprophet,frozen,selected,False,123,19,2025-05-19 01:00:00,2025-05-21 03:00:00,51,157.6,True,True,51.64796447753906,58.516344814158614,110.16430929169768,0.0,0.1168028119973314,0.0,1.0
core_neuralprophet_frozen_s123,neuralprophet,frozen,selected,False,123,19,2025-05-19 01:00:00,2025-05-21 04:00:00,52,141.83,True,True,58.59484100341797,58.516344814158614,117.11118581757658,0.0,0.1168028119973314,0.0,1.0
core_neuralprophet_frozen_s123,neuralprophet,frozen,selected,False,123,19,2025-05-19 01:00:00,2025-05-21 05:00:00,53,127.85,True,True,63.552005767822266,58.516344814158614,122.06835058198088,0.0,0.1168028119973314,0.0,1.0
core_neuralprophet_frozen_s123,neuralprophet,frozen,selected,False,123,19,2025-05-19 01:00:00,2025-05-21 06:00:00,54,112.63,True,True,52.07704162597656,58.516344814158614,110.59338644013518,0.0,0.1168028119973314,0.0,1.0
core_neuralprophet_frozen_s123,neuralprophet,frozen,selected,False,123,19,2025-05-19 01:00:00,2025-05-21 07:00:00,55,100.55,True,True,49.09880065917969,58.516344814158614,107.6151454733383,0.0,0.1168028119973314,0.0,1.0
core_neuralprophet_frozen_s123,neuralprophet,frozen,selected,False,123,19,2025-05-19 01:00:00,2025-05-21 08:00:00,56,87.82,True,True,23.96352767944336,58.516344814158614,82.47987249360197,0.0,0.1168028119973314,0.0,1.0
core_neuralprophet_frozen_s123,neuralprophet,frozen,selected,False,123,19,2025-05-19 01:00:00,2025-05-21 09:00:00,57,72.32,True,True,17.095617294311523,58.516344814158614,75.61196210847014,0.0,0.1168028119973314,0.0,1.0
core_neuralprophet_frozen_s123,neuralprophet,frozen,selected,False,123,19,2025-05-19 01:00:00,2025-05-21 10:00:00,58,57.66,True,True,12.681836128234863,58.516344814158614,71.19818094239348,0.0,0.1168028119973314,0.0,1.0
core_neuralprophet_frozen_s123,neuralprophet,frozen,selected,False,123,19,2025-05-19 01:00:00,2025-05-21 11:00:00,59,47.97,True,True,-6.839365005493164,58.516344814158614,51.67697980866545,0.0,0.1168028119973314,0.0,1.0
core_neuralprophet_frozen_s123,neuralprophet,frozen,selected,False,123,19,2025-05-19 01:00:00,2025-05-21 12:00:00,60,40.63,True,True,-2.900933027267456,58.516344814158614,55.61541178689116,0.0,0.1168028119973314,0.0,1.0
core_neuralprophet_frozen_s123,neuralprophet,frozen,selected,False,123,19,2025-05-19 01:00:00,2025-05-21 13:00:00,61,34.79,True,True,-19.91632652282715,58.516344814158614,38.600018291331466,0.0,0.1168028119973314,0.0,1.0
core_neuralprophet_frozen_s123,neuralprophet,frozen,selected,False,123,19,2025-05-19 01:00:00,2025-05-21 14:00:00,62,32.57,True,True,-29.483932495117188,58.516344814158614,29.032412319041427,0.0,0.1168028119973314,0.0,1.0
core_neuralprophet_frozen_s123,neuralprophet,frozen,selected,False,123,19,2025-05-19 01:00:00,2025-05-21 15:00:00,63,32.98,True,True,-15.578100204467772,58.516344814158614,42.93824460969084,0.0,0.1168028119973314,0.0,1.0
core_neuralprophet_frozen_s123,neuralprophet,frozen,selected,False,123,19,2025-05-19 01:00:00,2025-05-21 16:00:00,64,34.16,True,True,-13.607414245605469,58.516344814158614,44.908930568553146,0.0,0.1168028119973314,0.0,1.0
core_neuralprophet_frozen_s123,neuralprophet,frozen,selected,False,123,19,2025-05-19 01:00:00,2025-05-21 17:00:00,65,36.09,True,True,-35.939430236816406,58.516344814158614,22.576914577342208,0.0,0.1168028119973314,0.0,1.0
core_neuralprophet_frozen_s123,neuralprophet,frozen,selected,False,123,19,2025-05-19 01:00:00,2025-05-21 18:00:00,66,39.22,True,True,-23.94050407409668,58.516344814158614,34.575840740061935,0.0,0.1168028119973314,0.0,1.0
core_neuralprophet_frozen_s123,neuralprophet,frozen,selected,False,123,19,2025-05-19 01:00:00,2025-05-21 19:00:00,67,43.18,True,True,-17.817794799804688,58.516344814158614,40.69855001435393,0.0,0.1168028119973314,0.0,1.0
core_neuralprophet_frozen_s123,neuralprophet,frozen,selected,False,123,19,2025-05-19 01:00:00,2025-05-21 20:00:00,68,47.18,True,True,-16.73419189453125,58.516344814158614,41.782152919627364,0.0,0.1168028119973314,0.0,1.0
core_neuralprophet_frozen_s123,neuralprophet,frozen,selected,False,123,19,2025-05-19 01:00:00,2025-05-21 21:00:00,69,51.07,True,True,-19.11583137512207,58.516344814158614,39.400513439036544,0.0,0.1168028119973314,0.0,1.0
core_neuralprophet_frozen_s123,neuralprophet,frozen,selected,False,123,19,2025-05-19 01:00:00,2025-05-21 22:00:00,70,54.83,True,True,-22.33112907409668,58.516344814158614,36.185215740061935,0.0,0.1168028119973314,0.0,1.0
core_neuralprophet_frozen_s123,neuralprophet,frozen,selected,False,123,19,2025-05-19 01:00:00,2025-05-21 23:00:00,71,59.2,True,True,-33.87570571899414,58.516344814158614,24.640639095164474,0.0,0.1168028119973314,0.0,1.0
core_neuralprophet_frozen_s123,neuralprophet,frozen,selected,False,123,19,2025-05-19 01:00:00,2025-05-22 00:00:00,72,63.88,True,True,-27.34377098083496,58.516344814158614,31.172573833323654,0.0,0.1168028119973314,0.0,1.0
core_neuralprophet_frozen_s123,neuralprophet,frozen,selected,False,123,19,2025-05-19 01:00:00,2025-05-22 01:00:00,73,73.72,True,True,-18.61035919189453,58.516344814158614,39.90598562226408,0.0,0.1168028119973314,0.0,1.0
core_neuralprophet_frozen_s123,neuralprophet,frozen,selected,False,123,19,2025-05-19 01:00:00,2025-05-22 02:00:00,74,73.79,True,True,-11.988834381103516,58.516344814158614,46.5275104330551,0.0,0.1168028119973314,0.0,1.0
core_neuralprophet_frozen_s123,neuralprophet,frozen,selected,False,123,19,2025-05-19 01:00:00,2025-05-22 03:00:00,75,69.67,True,True,-13.150681495666504,58.516344814158614,45.36566331849211,0.0,0.1168028119973314,0.0,1.0
core_neuralprophet_frozen_s123,neuralprophet,frozen,selected,False,123,19,2025-05-19 01:00:00,2025-05-22 04:00:00,76,53.7,True,True,-5.70034646987915,58.516344814158614,52.815998344279464,0.0,0.1168028119973314,0.0,1.0
core_neuralprophet_frozen_s123,neuralprophet,frozen,selected,False,123,19,2025-05-19 01:00:00,2025-05-22 05:00:00,77,39.75,True,True,2.5962231159210205,58.516344814158614,61.112567930079635,0.0,0.1168028119973314,0.0,1.0
core_neuralprophet_frozen_s123,neuralprophet,frozen,selected,False,123,19,2025-05-19 01:00:00,2025-05-22 06:00:00,78,32.66,True,True,5.991600513458252,58.516344814158614,64.50794532761687,0.0,0.1168028119973314,0.0,1.0
core_neuralprophet_frozen_s123,neuralprophet,frozen,selected,False,123,19,2025-05-19 01:00:00,2025-05-22 07:00:00,79,30.01,True,True,19.984638214111328,58.516344814158614,78.50098302826994,0.0,0.1168028119973314,0.0,1.0
core_neuralprophet_frozen_s123,neuralprophet,frozen,selected,False,123,19,2025-05-19 01:00:00,2025-05-22 08:00:00,80,29.59,True,True,18.792463302612305,58.516344814158614,77.30880811677092,0.0,0.1168028119973314,0.0,1.0
core_neuralprophet_frozen_s123,neuralprophet,frozen,selected,False,123,19,2025-05-19 01:00:00,2025-05-22 09:00:00,81,28.73,True,True,14.573822975158691,58.516344814158614,73.0901677893173,0.0,0.1168028119973314,0.0,1.0
core_neuralprophet_frozen_s123,neuralprophet,frozen,selected,False,123,19,2025-05-19 01:00:00,2025-05-22 10:00:00,82,26.27,True,True,-1.3883378505706787,58.516344814158614,57.128006963587936,0.0,0.1168028119973314,0.0,1.0
core_neuralprophet_frozen_s123,neuralprophet,frozen,selected,False,123,19,2025-05-19 01:00:00,2025-05-22 11:00:00,83,23.29,True,True,3.791234016418457,58.516344814158614,62.30757883057707,0.0,0.1168028119973314,0.0,1.0
core_neuralprophet_frozen_s123,neuralprophet,frozen,selected,False,123,19,2025-05-19 01:00:00,2025-05-22 12:00:00,84,20.54,True,True,-0.2089021801948547,58.516344814158614,58.30744263396376,0.0,0.1168028119973314,0.0,1.0
core_neuralprophet_frozen_s123,neuralprophet,frozen,selected,False,123,19,2025-05-19 01:00:00,2025-05-22 13:00:00,85,19.19,True,True,1.3845276832580566,58.516344814158614,59.90087249741667,0.0,0.1168028119973314,0.0,1.0
core_neuralprophet_frozen_s123,neuralprophet,frozen,selected,False,123,19,2025-05-19 01:00:00,2025-05-22 14:00:00,86,18.8,True,True,6.141310691833496,58.516344814158614,64.65765550599211,0.0,0.1168028119973314,0.0,1.0
core_neuralprophet_frozen_s123,neuralprophet,frozen,selected,False,123,19,2025-05-19 01:00:00,2025-05-22 15:00:00,87,18.92,True,True,-2.3527677059173584,58.516344814158614,56.163577108241256,0.0,0.1168028119973314,0.0,1.0
core_neuralprophet_frozen_s123,neuralprophet,frozen,selected,False,123,19,2025-05-19 01:00:00,2025-05-22 16:00:00,88,19.72,True,True,7.139710903167725,58.516344814158614,65.65605571732634,0.0,0.1168028119973314,0.0,1.0
core_neuralprophet_frozen_s123,neuralprophet,frozen,selected,False,123,19,2025-05-19 01:00:00,2025-05-22 17:00:00,89,21.6,True,True,18.82527732849121,58.516344814158614,77.34162214264983,0.0,0.1168028119973314,0.0,1.0
core_neuralprophet_frozen_s123,neuralprophet,frozen,selected,False,123,19,2025-05-19 01:00:00,2025-05-22 18:00:00,90,23.58,True,True,19.60162925720215,58.516344814158614,78.11797407136076,0.0,0.1168028119973314,0.0,1.0
core_neuralprophet_frozen_s123,neuralprophet,frozen,selected,False,123,19,2025-05-19 01:00:00,2025-05-22 19:00:00,91,25.79,True,True,28.73603057861328,58.516344814158614,87.2523753927719,0.0,0.1168028119973314,0.0,1.0
core_neuralprophet_frozen_s123,neuralprophet,frozen,selected,False,123,19,2025-05-19 01:00:00,2025-05-22 20:00:00,92,28.15,True,True,36.20537185668945,58.516344814158614,94.72171667084807,0.0,0.1168028119973314,0.0,1.0
core_neuralprophet_frozen_s123,neuralprophet,frozen,selected,False,123,19,2025-05-19 01:00:00,2025-05-22 21:00:00,93,30.46,True,True,32.4080810546875,58.516344814158614,90.92442586884611,0.0,0.1168028119973314,0.0,1.0
core_neuralprophet_frozen_s123,neuralprophet,frozen,selected,False,123,19,2025-05-19 01:00:00,2025-05-22 22:00:00,94,32.33,True,True,52.32377624511719,58.516344814158614,110.8401210592758,0.0,0.1168028119973314,0.0,1.0
core_neuralprophet_frozen_s123,neuralprophet,frozen,selected,False,123,19,2025-05-19 01:00:00,2025-05-22 23:00:00,95,32.66,True,True,53.38543319702149,58.516344814158614,111.90177801118011,0.0,0.1168028119973314,0.0,1.0
core_neuralprophet_frozen_s123,neuralprophet,frozen,selected,False,123,19,2025-05-19 01:00:00,2025-05-23 00:00:00,96,30.51,True,True,45.87715530395508,58.516344814158614,104.39350011811369,0.0,0.1168028119973314,0.0,1.0
core_neuralprophet_frozen_s123,neuralprophet,frozen,selected,False,123,19,2025-05-19 01:00:00,2025-05-23 01:00:00,97,27.16,True,True,34.19219207763672,58.516344814158614,92.70853689179533,0.0,0.1168028119973314,0.0,1.0
core_neuralprophet_frozen_s123,neuralprophet,frozen,selected,False,123,19,2025-05-19 01:00:00,2025-05-23 02:00:00,98,23.62,True,True,36.61977767944336,58.516344814158614,95.13612249360197,0.0,0.1168028119973314,0.0,1.0
core_neuralprophet_frozen_s123,neuralprophet,frozen,selected,False,123,19,2025-05-19 01:00:00,2025-05-23 03:00:00,99,20.2,True,True,50.04816436767578,58.516344814158614,108.5645091818344,0.0,0.1168028119973314,0.0,1.0
core_neuralprophet_frozen_s123,neuralprophet,frozen,selected,False,123,19,2025-05-19 01:00:00,2025-05-23 04:00:00,100,13.57,True,True,61.9876708984375,58.516344814158614,120.50401571259611,0.0,0.1168028119973314,0.0,1.0
core_neuralprophet_frozen_s123,neuralprophet,frozen,selected,False,123,19,2025-05-19 01:00:00,2025-05-23 05:00:00,101,11.08,True,True,63.54189300537109,58.516344814158614,122.0582378195297,0.0,0.1168028119973314,0.0,1.0
core_neuralprophet_frozen_s123,neuralprophet,frozen,selected,False,123,19,2025-05-19 01:00:00,2025-05-23 06:00:00,102,10.87,True,True,71.0016860961914,58.516344814158614,129.51803091035003,0.0,0.1168028119973314,0.0,1.0
core_neuralprophet_frozen_s123,neuralprophet,frozen,selected,False,123,19,2025-05-19 01:00:00,2025-05-23 07:00:00,103,11.57,True,True,65.44740295410156,58.516344814158614,123.96374776826018,0.0,0.1168028119973314,0.0,1.0
core_neuralprophet_frozen_s123,neuralprophet,frozen,selected,False,123,19,2025-05-19 01:00:00,2025-05-23 08:00:00,104,12.49,True,True,51.83087921142578,58.516344814158614,110.3472240255844,0.0,0.1168028119973314,0.0,1.0
core_neuralprophet_frozen_s123,neuralprophet,frozen,selected,False,123,19,2025-05-19 01:00:00,2025-05-23 09:00:00,105,13.52,True,True,56.2669563293457,58.516344814158614,114.78330114350432,0.0,0.1168028119973314,0.0,1.0
core_neuralprophet_frozen_s123,neuralprophet,frozen,selected,False,123,19,2025-05-19 01:00:00,2025-05-23 10:00:00,106,15.21,True,True,48.757606506347656,58.516344814158614,107.27395132050627,0.0,0.1168028119973314,0.0,1.0
core_neuralprophet_frozen_s123,neuralprophet,frozen,selected,False,123,19,2025-05-19 01:00:00,2025-05-23 11:00:00,107,16.57,True,True,50.31520080566406,58.516344814158614,108.83154561982268,0.0,0.1168028119973314,0.0,1.0
core_neuralprophet_frozen_s123,neuralprophet,frozen,selected,False,123,19,2025-05-19 01:00:00,2025-05-23 12:00:00,108,17.55,True,True,44.546817779541016,58.516344814158614,103.06316259369963,0.0,0.1168028119973314,0.0,1.0
core_neuralprophet_frozen_s123,neuralprophet,frozen,selected,False,123,19,2025-05-19 01:00:00,2025-05-23 13:00:00,109,18.58,True,True,29.065305709838867,58.516344814158614,87.58165052399748,0.0,0.1168028119973314,0.0,1.0
core_neuralprophet_frozen_s123,neuralprophet,frozen,selected,False,123,19,2025-05-19 01:00:00,2025-05-23 14:00:00,110,20.24,True,True,31.962526321411133,58.516344814158614,90.47887113556975,0.0,0.1168028119973314,0.0,1.0
core_neuralprophet_frozen_s123,neuralprophet,frozen,selected,False,123,19,2025-05-19 01:00:00,2025-05-23 15:00:00,111,21.72,True,True,19.48029518127441,58.516344814158614,77.99663999543303,0.0,0.1168028119973314,0.0,1.0
core_neuralprophet_frozen_s123,neuralprophet,frozen,selected,False,123,19,2025-05-19 01:00:00,2025-05-23 16:00:00,112,22.19,True,True,31.314289093017575,58.516344814158614,89.83063390717619,0.0,0.1168028119973314,0.0,1.0
core_neuralprophet_frozen_s123,neuralprophet,frozen,selected,False,123,19,2025-05-19 01:00:00,2025-05-23 17:00:00,113,22.27,True,True,23.05106735229492,58.516344814158614,81.56741216645354,0.0,0.1168028119973314,0.0,1.0
core_neuralprophet_frozen_s123,neuralprophet,frozen,selected,False,123,19,2025-05-19 01:00:00,2025-05-23 18:00:00,114,21.94,True,True,22.2069091796875,58.516344814158614,80.72325399384611,0.0,0.1168028119973314,0.0,1.0
core_neuralprophet_frozen_s123,neuralprophet,frozen,selected,False,123,19,2025-05-19 01:00:00,2025-05-23 19:00:00,115,21.13,True,True,12.535823822021484,58.516344814158614,71.0521686361801,0.0,0.1168028119973314,0.0,1.0
core_neuralprophet_frozen_s123,neuralprophet,frozen,selected,False,123,19,2025-05-19 01:00:00,2025-05-23 20:00:00,116,20.2,True,True,24.08440971374512,58.516344814158614,82.60075452790373,0.0,0.1168028119973314,0.0,1.0
core_neuralprophet_frozen_s123,neuralprophet,frozen,selected,False,123,19,2025-05-19 01:00:00,2025-05-23 21:00:00,117,19.07,True,True,7.079660415649414,58.516344814158614,65.59600522980803,0.0,0.1168028119973314,0.0,1.0
core_neuralprophet_frozen_s123,neuralprophet,frozen,selected,False,123,19,2025-05-19 01:00:00,2025-05-23 22:00:00,118,17.49,True,True,-3.882309675216675,58.516344814158614,54.63403513894194,0.0,0.1168028119973314,0.0,1.0
core_neuralprophet_frozen_s123,neuralprophet,frozen,selected,False,123,19,2025-05-19 01:00:00,2025-05-23 23:00:00,119,16.28,True,True,-4.765366077423096,58.516344814158614,53.75097873673552,0.0,0.1168028119973314,0.0,1.0
core_neuralprophet_frozen_s123,neuralprophet,frozen,selected,False,123,19,2025-05-19 01:00:00,2025-05-24 00:00:00,120,15.78,True,True,-4.4646100997924805,58.516344814158614,54.051734714366134,0.0,0.1168028119973314,0.0,1.0
core_neuralprophet_frozen_s123,neuralprophet,frozen,selected,False,123,19,2025-05-19 01:00:00,2025-05-24 01:00:00,121,15.27,True,True,-17.746864318847656,58.516344814158614,40.76948049531096,0.0,0.1168028119973314,0.0,1.0
core_neuralprophet_frozen_s123,neuralprophet,frozen,selected,False,123,19,2025-05-19 01:00:00,2025-05-24 02:00:00,122,16.66,True,True,-15.945039749145508,58.516344814158614,42.57130506501311,0.0,0.1168028119973314,0.0,1.0
core_neuralprophet_frozen_s123,neuralprophet,frozen,selected,False,123,19,2025-05-19 01:00:00,2025-05-24 03:00:00,123,21.0,True,True,-22.48720932006836,58.516344814158614,36.029135494090255,0.0,0.1168028119973314,0.0,1.0
core_neuralprophet_frozen_s123,neuralprophet,frozen,selected,False,123,19,2025-05-19 01:00:00,2025-05-24 04:00:00,124,8.1,True,True,-11.402485847473145,58.516344814158614,47.11385896668547,0.0,0.1168028119973314,0.0,1.0
core_neuralprophet_frozen_s123,neuralprophet,frozen,selected,False,123,19,2025-05-19 01:00:00,2025-05-24 05:00:00,125,6.35,True,True,-12.33748722076416,58.516344814158614,46.178857593394454,0.0,0.1168028119973314,0.0,1.0
core_neuralprophet_frozen_s123,neuralprophet,frozen,selected,False,123,19,2025-05-19 01:00:00,2025-05-24 06:00:00,126,6.48,True,True,-6.119765281677246,58.516344814158614,52.39657953248137,0.0,0.1168028119973314,0.0,1.0
core_neuralprophet_frozen_s123,neuralprophet,frozen,selected,False,123,19,2025-05-19 01:00:00,2025-05-24 07:00:00,127,7.06,True,True,-19.37045669555664,58.516344814158614,39.145888118601974,0.0,0.1168028119973314,0.0,1.0
core_neuralprophet_frozen_s123,neuralprophet,frozen,selected,False,123,19,2025-05-19 01:00:00,2025-05-24 08:00:00,128,8.02,True,True,-17.512948989868164,58.516344814158614,41.00339582429045,0.0,0.1168028119973314,0.0,1.0
core_neuralprophet_frozen_s123,neuralprophet,frozen,selected,False,123,19,2025-05-19 01:00:00,2025-05-24 09:00:00,129,8.71,True,True,-21.215883255004883,58.516344814158614,37.30046155915373,0.0,0.1168028119973314,0.0,1.0
core_neuralprophet_frozen_s123,neuralprophet,frozen,selected,False,123,19,2025-05-19 01:00:00,2025-05-24 10:00:00,130,9.36,True,True,-27.51785087585449,58.516344814158614,30.998493938304126,0.0,0.1168028119973314,0.0,1.0
core_neuralprophet_frozen_s123,neuralprophet,frozen,selected,False,123,19,2025-05-19 01:00:00,2025-05-24 11:00:00,131,9.98,True,True,-28.70973777770996,58.516344814158614,29.806607036448654,0.0,0.1168028119973314,0.0,1.0
core_neuralprophet_frozen_s123,neuralprophet,frozen,selected,False,123,19,2025-05-19 01:00:00,2025-05-24 12:00:00,132,10.31,True,True,-38.74484634399414,58.516344814158614,19.771498470164474,0.0,0.1168028119973314,0.0,1.0
core_neuralprophet_frozen_s123,neuralprophet,frozen,selected,False,123,19,2025-05-19 01:00:00,2025-05-24 13:00:00,133,10.45,True,True,-30.086389541625977,58.516344814158614,28.429955272532638,0.0,0.1168028119973314,0.0,1.0
core_neuralprophet_frozen_s123,neuralprophet,frozen,selected,False,123,19,2025-05-19 01:00:00,2025-05-24 14:00:00,134,10.93,True,True,-33.04196548461914,58.516344814158614,25.474379329539474,0.0,0.1168028119973314,0.0,1.0
core_neuralprophet_frozen_s123,neuralprophet,frozen,selected,False,123,19,2025-05-19 01:00:00,2025-05-24 15:00:00,135,12.21,True,True,-24.98900985717773,58.516344814158614,33.52733495698088,0.0,0.1168028119973314,0.0,1.0
core_neuralprophet_frozen_s123,neuralprophet,frozen,selected,False,123,19,2025-05-19 01:00:00,2025-05-24 16:00:00,136,14.99,True,True,-32.335044860839844,58.516344814158614,26.18129995331877,0.0,0.1168028119973314,0.0,1.0
core_neuralprophet_frozen_s123,neuralprophet,frozen,selected,False,123,19,2025-05-19 01:00:00,2025-05-24 17:00:00,137,20.75,True,True,-22.30852699279785,58.516344814158614,36.20781782136076,0.0,0.1168028119973314,0.0,1.0
core_neuralprophet_frozen_s123,neuralprophet,frozen,selected,False,123,19,2025-05-19 01:00:00,2025-05-24 18:00:00,138,28.33,True,True,-17.117694854736328,58.516344814158614,41.398649959422286,0.0,0.1168028119973314,0.0,1.0
core_neuralprophet_frozen_s123,neuralprophet,frozen,selected,False,123,19,2025-05-19 01:00:00,2025-05-24 19:00:00,139,33.88,True,True,-8.725701332092285,58.516344814158614,49.79064348206633,0.0,0.1168028119973314,0.0,1.0
core_neuralprophet_frozen_s123,neuralprophet,frozen,selected,False,123,19,2025-05-19 01:00:00,2025-05-24 20:00:00,140,36.17,True,True,-0.9836722016334534,58.516344814158614,57.53267261252516,0.0,0.1168028119973314,0.0,1.0
core_neuralprophet_frozen_s123,neuralprophet,frozen,selected,False,123,19,2025-05-19 01:00:00,2025-05-24 21:00:00,141,37.23,True,True,-1.6452655792236328,58.516344814158614,56.87107923493498,0.0,0.1168028119973314,0.0,1.0
core_neuralprophet_frozen_s123,neuralprophet,frozen,selected,False,123,19,2025-05-19 01:00:00,2025-05-24 22:00:00,142,36.97,True,True,7.877793312072754,58.516344814158614,66.39413812623137,0.0,0.1168028119973314,0.0,1.0
core_neuralprophet_frozen_s123,neuralprophet,frozen,selected,False,123,19,2025-05-19 01:00:00,2025-05-24 23:00:00,143,36.1,True,True,-2.856015920639038,58.516344814158614,55.660328893519576,0.0,0.1168028119973314,0.0,1.0
core_neuralprophet_frozen_s123,neuralprophet,frozen,selected,False,123,19,2025-05-19 01:00:00,2025-05-25 00:00:00,144,36.23,True,True,-7.263509750366211,58.516344814158614,51.2528350637924,0.0,0.1168028119973314,0.0,1.0
core_neuralprophet_frozen_s123,neuralprophet,frozen,selected,False,123,19,2025-05-19 01:00:00,2025-05-25 01:00:00,145,38.53,True,True,-9.413021087646484,58.516344814158614,49.10332372651213,0.0,0.1168028119973314,0.0,1.0
core_neuralprophet_frozen_s123,neuralprophet,frozen,selected,False,123,19,2025-05-19 01:00:00,2025-05-25 02:00:00,146,43.74,True,True,9.599769592285156,58.516344814158614,68.11611440644377,0.0,0.1168028119973314,0.0,1.0
core_neuralprophet_frozen_s123,neuralprophet,frozen,selected,False,123,19,2025-05-19 01:00:00,2025-05-25 03:00:00,147,53.17,True,True,14.341346740722656,58.516344814158614,72.85769155488127,0.0,0.1168028119973314,0.0,1.0
core_neuralprophet_frozen_s123,neuralprophet,frozen,selected,False,123,19,2025-05-19 01:00:00,2025-05-25 04:00:00,148,70.97,True,True,41.24641036987305,58.516344814158614,99.76275518403166,0.0,0.1168028119973314,0.0,1.0
core_neuralprophet_frozen_s123,neuralprophet,frozen,selected,False,123,19,2025-05-19 01:00:00,2025-05-25 05:00:00,149,85.64,True,True,36.72867965698242,58.516344814158614,95.24502447114104,0.0,0.1168028119973314,0.0,1.0
core_neuralprophet_frozen_s123,neuralprophet,frozen,selected,False,123,19,2025-05-19 01:00:00,2025-05-25 06:00:00,150,96.54,True,True,63.059600830078125,58.516344814158614,121.57594564423674,0.0,0.1168028119973314,0.0,1.0
core_neuralprophet_frozen_s123,neuralprophet,frozen,selected,False,123,19,2025-05-19 01:00:00,2025-05-25 07:00:00,151,75.53,True,True,46.3148193359375,58.516344814158614,104.83116415009611,0.0,0.1168028119973314,0.0,1.0
core_neuralprophet_frozen_s123,neuralprophet,frozen,selected,False,123,19,2025-05-19 01:00:00,2025-05-25 08:00:00,152,59.07,True,True,37.66610336303711,58.516344814158614,96.18244817719572,0.0,0.1168028119973314,0.0,1.0
core_neuralprophet_frozen_s123,neuralprophet,frozen,selected,False,123,19,2025-05-19 01:00:00,2025-05-25 09:00:00,153,57.36,True,True,40.97530364990234,58.516344814158614,99.49164846406094,0.0,0.1168028119973314,0.0,1.0
core_neuralprophet_frozen_s123,neuralprophet,frozen,selected,False,123,19,2025-05-19 01:00:00,2025-05-25 10:00:00,154,61.11,True,True,35.850555419921875,58.516344814158614,94.36690023408049,0.0,0.1168028119973314,0.0,1.0
core_neuralprophet_frozen_s123,neuralprophet,frozen,selected,False,123,19,2025-05-19 01:00:00,2025-05-25 11:00:00,155,68.26,True,True,38.563255310058594,58.516344814158614,97.07960012421721,0.0,0.1168028119973314,0.0,1.0
core_neuralprophet_frozen_s123,neuralprophet,frozen,selected,False,123,19,2025-05-19 01:00:00,2025-05-25 12:00:00,156,72.31,True,True,29.538806915283203,58.516344814158614,88.05515172944182,0.0,0.1168028119973314,0.0,1.0
core_neuralprophet_frozen_s123,neuralprophet,frozen,selected,False,123,19,2025-05-19 01:00:00,2025-05-25 13:00:00,157,74.21,True,True,45.70414352416992,58.516344814158614,104.22048833832854,0.0,0.1168028119973314,0.0,1.0
core_neuralprophet_frozen_s123,neuralprophet,frozen,selected,False,123,19,2025-05-19 01:00:00,2025-05-25 14:00:00,158,78.92,True,True,37.72671890258789,58.516344814158614,96.2430637167465,0.0,0.1168028119973314,0.0,1.0
core_neuralprophet_frozen_s123,neuralprophet,frozen,selected,False,123,19,2025-05-19 01:00:00,2025-05-25 15:00:00,159,85.57,True,True,33.77244567871094,58.516344814158614,92.28879049286955,0.0,0.1168028119973314,0.0,1.0
core_neuralprophet_frozen_s123,neuralprophet,frozen,selected,False,123,19,2025-05-19 01:00:00,2025-05-25 16:00:00,160,90.13,True,True,36.6855697631836,58.516344814158614,95.20191457734222,0.0,0.1168028119973314,0.0,1.0
core_neuralprophet_frozen_s123,neuralprophet,frozen,selected,False,123,19,2025-05-19 01:00:00,2025-05-25 17:00:00,161,94.95,True,True,24.90892601013184,58.516344814158614,83.42527082429045,0.0,0.1168028119973314,0.0,1.0
core_neuralprophet_frozen_s123,neuralprophet,frozen,selected,False,123,19,2025-05-19 01:00:00,2025-05-25 18:00:00,162,99.77,True,True,42.660457611083984,58.516344814158614,101.1768024252426,0.0,0.1168028119973314,0.0,1.0
core_neuralprophet_frozen_s123,neuralprophet,frozen,selected,False,123,19,2025-05-19 01:00:00,2025-05-25 19:00:00,163,103.65,True,True,49.527076721191406,58.516344814158614,108.04342153535002,0.0,0.1168028119973314,0.0,1.0
core_neuralprophet_frozen_s123,neuralprophet,frozen,selected,False,123,19,2025-05-19 01:00:00,2025-05-25 20:00:00,164,107.85,True,True,41.9117431640625,58.516344814158614,100.42808797822111,0.0,0.1168028119973314,0.0,1.0
core_neuralprophet_frozen_s123,neuralprophet,frozen,selected,False,123,19,2025-05-19 01:00:00,2025-05-25 21:00:00,165,111.85,True,True,32.90504837036133,58.516344814158614,91.42139318451994,0.0,0.1168028119973314,0.0,1.0
core_neuralprophet_frozen_s123,neuralprophet,frozen,selected,False,123,19,2025-05-19 01:00:00,2025-05-25 22:00:00,166,115.0,True,True,36.94455337524414,58.516344814158614,95.46089818940276,0.0,0.1168028119973314,0.0,1.0
core_neuralprophet_frozen_s123,neuralprophet,frozen,selected,False,123,19,2025-05-19 01:00:00,2025-05-25 23:00:00,167,118.86,True,True,22.861064910888672,58.516344814158614,81.37740972504729,0.0,0.1168028119973314,0.0,1.0
core_neuralprophet_frozen_s123,neuralprophet,frozen,selected,False,123,19,2025-05-19 01:00:00,2025-05-26 00:00:00,168,123.56,True,True,25.02703285217285,58.516344814158614,83.54337766633147,0.0,0.1168028119973314,0.0,1.0
core_neuralprophet_frozen_s123,neuralprophet,frozen,selected,False,123,20,2025-05-26 01:00:00,2025-05-26 01:00:00,1,147.57,True,True,127.5377960205078,67.33693002780281,194.8747260483106,0.0,0.1143222680002509,0.0,1.0
core_neuralprophet_frozen_s123,neuralprophet,frozen,selected,False,123,20,2025-05-26 01:00:00,2025-05-26 02:00:00,2,159.14,True,True,118.37377166748048,67.33693002780281,185.7107016952833,0.0,0.1143222680002509,0.0,1.0
core_neuralprophet_frozen_s123,neuralprophet,frozen,selected,False,123,20,2025-05-26 01:00:00,2025-05-26 03:00:00,3,169.05,True,True,108.7416763305664,67.33693002780281,176.0786063583692,0.0,0.1143222680002509,0.0,1.0
core_neuralprophet_frozen_s123,neuralprophet,frozen,selected,False,123,20,2025-05-26 01:00:00,2025-05-26 04:00:00,4,116.49,True,True,87.93028259277344,67.33693002780281,155.26721262057623,0.0,0.1143222680002509,0.0,1.0
core_neuralprophet_frozen_s123,neuralprophet,frozen,selected,False,123,20,2025-05-26 01:00:00,2025-05-26 05:00:00,5,77.15,True,True,76.12495422363281,67.33693002780281,143.4618842514356,0.0,0.1143222680002509,0.0,1.0
core_neuralprophet_frozen_s123,neuralprophet,frozen,selected,False,123,20,2025-05-26 01:00:00,2025-05-26 06:00:00,6,61.24,True,True,69.49854278564453,67.33693002780281,136.83547281344732,0.0,0.1143222680002509,0.0,1.0
core_neuralprophet_frozen_s123,neuralprophet,frozen,selected,False,123,20,2025-05-26 01:00:00,2025-05-26 07:00:00,7,53.83,True,True,47.45714569091797,67.33693002780281,114.79407571872078,0.0,0.1143222680002509,0.0,1.0
core_neuralprophet_frozen_s123,neuralprophet,frozen,selected,False,123,20,2025-05-26 01:00:00,2025-05-26 08:00:00,8,51.38,True,True,38.53374862670898,67.33693002780281,105.87067865451178,0.0,0.1143222680002509,0.0,1.0
core_neuralprophet_frozen_s123,neuralprophet,frozen,selected,False,123,20,2025-05-26 01:00:00,2025-05-26 09:00:00,9,47.56,True,True,44.18283462524414,67.33693002780281,111.51976465304695,0.0,0.1143222680002509,0.0,1.0
core_neuralprophet_frozen_s123,neuralprophet,frozen,selected,False,123,20,2025-05-26 01:00:00,2025-05-26 10:00:00,10,46.02,True,True,37.6724739074707,67.33693002780281,105.00940393527351,0.0,0.1143222680002509,0.0,1.0
core_neuralprophet_frozen_s123,neuralprophet,frozen,selected,False,123,20,2025-05-26 01:00:00,2025-05-26 11:00:00,11,48.74,True,True,40.95697784423828,67.33693002780281,108.29390787204109,0.0,0.1143222680002509,0.0,1.0
core_neuralprophet_frozen_s123,neuralprophet,frozen,selected,False,123,20,2025-05-26 01:00:00,2025-05-26 12:00:00,12,51.95,True,True,38.33451843261719,67.33693002780281,105.67144846042,0.0,0.1143222680002509,0.0,1.0
core_neuralprophet_frozen_s123,neuralprophet,frozen,selected,False,123,20,2025-05-26 01:00:00,2025-05-26 13:00:00,13,54.55,True,True,36.7048454284668,67.33693002780281,104.0417754562696,0.0,0.1143222680002509,0.0,1.0
core_neuralprophet_frozen_s123,neuralprophet,frozen,selected,False,123,20,2025-05-26 01:00:00,2025-05-26 14:00:00,14,58.95,True,True,38.36418914794922,67.33693002780281,105.70111917575203,0.0,0.1143222680002509,0.0,1.0
core_neuralprophet_frozen_s123,neuralprophet,frozen,selected,False,123,20,2025-05-26 01:00:00,2025-05-26 15:00:00,15,64.15,True,True,39.34168243408203,67.33693002780281,106.67861246188484,0.0,0.1143222680002509,0.0,1.0
core_neuralprophet_frozen_s123,neuralprophet,frozen,selected,False,123,20,2025-05-26 01:00:00,2025-05-26 16:00:00,16,67.48,True,True,39.291629791259766,67.33693002780281,106.62855981906257,0.0,0.1143222680002509,0.0,1.0
core_neuralprophet_frozen_s123,neuralprophet,frozen,selected,False,123,20,2025-05-26 01:00:00,2025-05-26 17:00:00,17,70.49,True,True,32.58906555175781,67.33693002780281,99.92599557956062,0.0,0.1143222680002509,0.0,1.0
core_neuralprophet_frozen_s123,neuralprophet,frozen,selected,False,123,20,2025-05-26 01:00:00,2025-05-26 18:00:00,18,75.28,True,True,30.1596736907959,67.33693002780281,97.4966037185987,0.0,0.1143222680002509,0.0,1.0
core_neuralprophet_frozen_s123,neuralprophet,frozen,selected,False,123,20,2025-05-26 01:00:00,2025-05-26 19:00:00,19,82.19,True,True,12.76616382598877,67.33693002780281,80.10309385379158,0.0,0.1143222680002509,0.0,1.0
core_neuralprophet_frozen_s123,neuralprophet,frozen,selected,False,123,20,2025-05-26 01:00:00,2025-05-26 20:00:00,20,87.9,True,True,23.280235290527344,67.33693002780281,90.61716531833015,0.0,0.1143222680002509,0.0,1.0
core_neuralprophet_frozen_s123,neuralprophet,frozen,selected,False,123,20,2025-05-26 01:00:00,2025-05-26 21:00:00,21,92.42,True,True,24.505041122436523,67.33693002780281,91.84197115023933,0.0,0.1143222680002509,0.0,1.0
core_neuralprophet_frozen_s123,neuralprophet,frozen,selected,False,123,20,2025-05-26 01:00:00,2025-05-26 22:00:00,22,94.82,True,True,32.60184860229492,67.33693002780281,99.93877863009773,0.0,0.1143222680002509,0.0,1.0
core_neuralprophet_frozen_s123,neuralprophet,frozen,selected,False,123,20,2025-05-26 01:00:00,2025-05-26 23:00:00,23,94.78,True,True,17.22734832763672,67.33693002780281,84.56427835543953,0.0,0.1143222680002509,0.0,1.0
core_neuralprophet_frozen_s123,neuralprophet,frozen,selected,False,123,20,2025-05-26 01:00:00,2025-05-27 00:00:00,24,95.66,True,True,26.23248291015625,67.33693002780281,93.56941293795906,0.0,0.1143222680002509,0.0,1.0
core_neuralprophet_frozen_s123,neuralprophet,frozen,selected,False,123,20,2025-05-26 01:00:00,2025-05-27 01:00:00,25,100.08,True,True,22.54047966003418,67.33693002780281,89.87740968783699,0.0,0.1143222680002509,0.0,1.0
core_neuralprophet_frozen_s123,neuralprophet,frozen,selected,False,123,20,2025-05-26 01:00:00,2025-05-27 02:00:00,26,105.77,True,True,24.41208267211914,67.33693002780281,91.74901269992195,0.0,0.1143222680002509,0.0,1.0
core_neuralprophet_frozen_s123,neuralprophet,frozen,selected,False,123,20,2025-05-26 01:00:00,2025-05-27 03:00:00,27,117.39,True,True,26.547725677490234,67.33693002780281,93.88465570529304,0.0,0.1143222680002509,0.0,1.0
core_neuralprophet_frozen_s123,neuralprophet,frozen,selected,False,123,20,2025-05-26 01:00:00,2025-05-27 04:00:00,28,74.96,True,True,30.637470245361328,67.33693002780281,97.97440027316414,0.0,0.1143222680002509,0.0,1.0
core_neuralprophet_frozen_s123,neuralprophet,frozen,selected,False,123,20,2025-05-26 01:00:00,2025-05-27 05:00:00,29,50.71,True,True,32.557979583740234,67.33693002780281,99.89490961154304,0.0,0.1143222680002509,0.0,1.0
core_neuralprophet_frozen_s123,neuralprophet,frozen,selected,False,123,20,2025-05-26 01:00:00,2025-05-27 06:00:00,30,46.92,True,True,20.62775993347168,67.33693002780281,87.96468996127449,0.0,0.1143222680002509,0.0,1.0
core_neuralprophet_frozen_s123,neuralprophet,frozen,selected,False,123,20,2025-05-26 01:00:00,2025-05-27 07:00:00,31,47.1,True,True,23.44712448120117,67.33693002780281,90.78405450900398,0.0,0.1143222680002509,0.0,1.0
core_neuralprophet_frozen_s123,neuralprophet,frozen,selected,False,123,20,2025-05-26 01:00:00,2025-05-27 08:00:00,32,48.59,True,True,16.54285430908203,67.33693002780281,83.87978433688484,0.0,0.1143222680002509,0.0,1.0
core_neuralprophet_frozen_s123,neuralprophet,frozen,selected,False,123,20,2025-05-26 01:00:00,2025-05-27 09:00:00,33,49.5,True,True,17.235443115234375,67.33693002780281,84.57237314303718,0.0,0.1143222680002509,0.0,1.0
core_neuralprophet_frozen_s123,neuralprophet,frozen,selected,False,123,20,2025-05-26 01:00:00,2025-05-27 10:00:00,34,51.4,True,True,-0.5505276322364807,67.33693002780281,66.78640239556633,0.0,0.1143222680002509,0.0,1.0
core_neuralprophet_frozen_s123,neuralprophet,frozen,selected,False,123,20,2025-05-26 01:00:00,2025-05-27 11:00:00,35,54.19,True,True,7.859300136566162,67.33693002780281,75.19623016436897,0.0,0.1143222680002509,0.0,1.0
core_neuralprophet_frozen_s123,neuralprophet,frozen,selected,False,123,20,2025-05-26 01:00:00,2025-05-27 12:00:00,36,56.51,True,True,16.378360748291016,67.33693002780281,83.71529077609382,0.0,0.1143222680002509,0.0,1.0
core_neuralprophet_frozen_s123,neuralprophet,frozen,selected,False,123,20,2025-05-26 01:00:00,2025-05-27 13:00:00,37,56.85,True,True,19.5577392578125,67.33693002780281,86.89466928561531,0.0,0.1143222680002509,0.0,1.0
core_neuralprophet_frozen_s123,neuralprophet,frozen,selected,False,123,20,2025-05-26 01:00:00,2025-05-27 14:00:00,38,57.91,True,True,13.147116661071776,67.33693002780281,80.48404668887459,0.0,0.1143222680002509,0.0,1.0
core_neuralprophet_frozen_s123,neuralprophet,frozen,selected,False,123,20,2025-05-26 01:00:00,2025-05-27 15:00:00,39,60.82,True,True,21.611026763916016,67.33693002780281,88.94795679171882,0.0,0.1143222680002509,0.0,1.0
core_neuralprophet_frozen_s123,neuralprophet,frozen,selected,False,123,20,2025-05-26 01:00:00,2025-05-27 16:00:00,40,64.69,True,True,22.844297409057617,67.33693002780281,90.18122743686042,0.0,0.1143222680002509,0.0,1.0
core_neuralprophet_frozen_s123,neuralprophet,frozen,selected,False,123,20,2025-05-26 01:00:00,2025-05-27 17:00:00,41,68.07,True,True,21.934240341186523,67.33693002780281,89.27117036898933,0.0,0.1143222680002509,0.0,1.0
core_neuralprophet_frozen_s123,neuralprophet,frozen,selected,False,123,20,2025-05-26 01:00:00,2025-05-27 18:00:00,42,71.53,True,True,15.413236618041992,67.33693002780281,82.7501666458448,0.0,0.1143222680002509,0.0,1.0
core_neuralprophet_frozen_s123,neuralprophet,frozen,selected,False,123,20,2025-05-26 01:00:00,2025-05-27 19:00:00,43,74.79,True,True,3.7648096084594727,67.33693002780281,71.10173963626228,0.0,0.1143222680002509,0.0,1.0
core_neuralprophet_frozen_s123,neuralprophet,frozen,selected,False,123,20,2025-05-26 01:00:00,2025-05-27 20:00:00,44,77.76,True,True,12.285430908203123,67.33693002780281,79.62236093600593,0.0,0.1143222680002509,0.0,1.0
core_neuralprophet_frozen_s123,neuralprophet,frozen,selected,False,123,20,2025-05-26 01:00:00,2025-05-27 21:00:00,45,80.77,True,True,14.897859573364258,67.33693002780281,82.23478960116707,0.0,0.1143222680002509,0.0,1.0
core_neuralprophet_frozen_s123,neuralprophet,frozen,selected,False,123,20,2025-05-26 01:00:00,2025-05-27 22:00:00,46,83.57,True,True,23.652807235717773,67.33693002780281,90.98973726352058,0.0,0.1143222680002509,0.0,1.0
core_neuralprophet_frozen_s123,neuralprophet,frozen,selected,False,123,20,2025-05-26 01:00:00,2025-05-27 23:00:00,47,87.36,True,True,24.10600471496582,67.33693002780281,91.44293474276863,0.0,0.1143222680002509,0.0,1.0
core_neuralprophet_frozen_s123,neuralprophet,frozen,selected,False,123,20,2025-05-26 01:00:00,2025-05-28 00:00:00,48,94.33,True,True,13.91929817199707,67.33693002780281,81.25622819979988,0.0,0.1143222680002509,0.0,1.0
core_neuralprophet_frozen_s123,neuralprophet,frozen,selected,False,123,20,2025-05-26 01:00:00,2025-05-28 01:00:00,49,107.22,True,True,13.899325370788574,67.33693002780281,81.23625539859138,0.0,0.1143222680002509,0.0,1.0
core_neuralprophet_frozen_s123,neuralprophet,frozen,selected,False,123,20,2025-05-26 01:00:00,2025-05-28 02:00:00,50,116.34,True,True,23.56034278869629,67.33693002780281,90.8972728164991,0.0,0.1143222680002509,0.0,1.0
core_neuralprophet_frozen_s123,neuralprophet,frozen,selected,False,123,20,2025-05-26 01:00:00,2025-05-28 03:00:00,51,127.5,True,True,23.065841674804688,67.33693002780281,90.4027717026075,0.0,0.1143222680002509,0.0,1.0
core_neuralprophet_frozen_s123,neuralprophet,frozen,selected,False,123,20,2025-05-26 01:00:00,2025-05-28 04:00:00,52,76.77,True,True,22.68772315979004,67.33693002780281,90.02465318759285,0.0,0.1143222680002509,0.0,1.0
core_neuralprophet_frozen_s123,neuralprophet,frozen,selected,False,123,20,2025-05-26 01:00:00,2025-05-28 05:00:00,53,61.04,True,True,15.452523231506348,67.33693002780281,82.78945325930916,0.0,0.1143222680002509,0.0,1.0
core_neuralprophet_frozen_s123,neuralprophet,frozen,selected,False,123,20,2025-05-26 01:00:00,2025-05-28 06:00:00,54,60.03,True,True,5.99373722076416,67.33693002780281,73.33066724856697,0.0,0.1143222680002509,0.0,1.0
core_neuralprophet_frozen_s123,neuralprophet,frozen,selected,False,123,20,2025-05-26 01:00:00,2025-05-28 07:00:00,55,61.12,True,True,10.94913387298584,67.33693002780281,78.28606390078865,0.0,0.1143222680002509,0.0,1.0
core_neuralprophet_frozen_s123,neuralprophet,frozen,selected,False,123,20,2025-05-26 01:00:00,2025-05-28 08:00:00,56,61.88,True,True,-15.453302383422852,67.33693002780281,51.883627644379956,0.0,0.1143222680002509,0.0,1.0
core_neuralprophet_frozen_s123,neuralprophet,frozen,selected,False,123,20,2025-05-26 01:00:00,2025-05-28 09:00:00,57,62.25,True,True,-9.163869857788086,67.33693002780281,58.17306017001472,0.0,0.1143222680002509,0.0,1.0
core_neuralprophet_frozen_s123,neuralprophet,frozen,selected,False,123,20,2025-05-26 01:00:00,2025-05-28 10:00:00,58,64.2,True,True,-2.3535025119781494,67.33693002780281,64.98342751582466,0.0,0.1143222680002509,0.0,1.0
core_neuralprophet_frozen_s123,neuralprophet,frozen,selected,False,123,20,2025-05-26 01:00:00,2025-05-28 11:00:00,59,67.54,True,True,-3.092118978500366,67.33693002780281,64.24481104930244,0.0,0.1143222680002509,0.0,1.0
core_neuralprophet_frozen_s123,neuralprophet,frozen,selected,False,123,20,2025-05-26 01:00:00,2025-05-28 12:00:00,60,70.93,True,True,-14.064435005187988,67.33693002780281,53.27249502261482,0.0,0.1143222680002509,0.0,1.0
core_neuralprophet_frozen_s123,neuralprophet,frozen,selected,False,123,20,2025-05-26 01:00:00,2025-05-28 13:00:00,61,73.18,True,True,-16.237638473510742,67.33693002780281,51.099291554292066,0.0,0.1143222680002509,0.0,1.0
core_neuralprophet_frozen_s123,neuralprophet,frozen,selected,False,123,20,2025-05-26 01:00:00,2025-05-28 14:00:00,62,77.64,True,True,-4.962418556213379,67.33693002780281,62.37451147158943,0.0,0.1143222680002509,0.0,1.0
core_neuralprophet_frozen_s123,neuralprophet,frozen,selected,False,123,20,2025-05-26 01:00:00,2025-05-28 15:00:00,63,82.59,True,True,-13.798836708068848,67.33693002780281,53.53809331973396,0.0,0.1143222680002509,0.0,1.0
core_neuralprophet_frozen_s123,neuralprophet,frozen,selected,False,123,20,2025-05-26 01:00:00,2025-05-28 16:00:00,64,86.65,True,True,-6.780988693237305,67.33693002780281,60.5559413345655,0.0,0.1143222680002509,0.0,1.0
core_neuralprophet_frozen_s123,neuralprophet,frozen,selected,False,123,20,2025-05-26 01:00:00,2025-05-28 17:00:00,65,90.37,True,True,-16.413402557373047,67.33693002780281,50.92352747042976,0.0,0.1143222680002509,0.0,1.0
core_neuralprophet_frozen_s123,neuralprophet,frozen,selected,False,123,20,2025-05-26 01:00:00,2025-05-28 18:00:00,66,93.81,True,True,-12.627373695373535,67.33693002780281,54.70955633242927,0.0,0.1143222680002509,0.0,1.0
core_neuralprophet_frozen_s123,neuralprophet,frozen,selected,False,123,20,2025-05-26 01:00:00,2025-05-28 19:00:00,67,96.0,True,True,-7.374404907226562,67.33693002780281,59.962525120576245,0.0,0.1143222680002509,0.0,1.0
core_neuralprophet_frozen_s123,neuralprophet,frozen,selected,False,123,20,2025-05-26 01:00:00,2025-05-28 20:00:00,68,99.02,True,True,-9.54547119140625,67.33693002780281,57.79145883639656,0.0,0.1143222680002509,0.0,1.0
core_neuralprophet_frozen_s123,neuralprophet,frozen,selected,False,123,20,2025-05-26 01:00:00,2025-05-28 21:00:00,69,103.1,True,True,-18.00042152404785,67.33693002780281,49.336508503754956,0.0,0.1143222680002509,0.0,1.0
core_neuralprophet_frozen_s123,neuralprophet,frozen,selected,False,123,20,2025-05-26 01:00:00,2025-05-28 22:00:00,70,107.17,True,True,-14.600030899047852,67.33693002780281,52.736899128754956,0.0,0.1143222680002509,0.0,1.0
core_neuralprophet_frozen_s123,neuralprophet,frozen,selected,False,123,20,2025-05-26 01:00:00,2025-05-28 23:00:00,71,112.82,True,True,7.239130973815918,67.33693002780281,74.57606100161873,0.0,0.1143222680002509,0.0,1.0
core_neuralprophet_frozen_s123,neuralprophet,frozen,selected,False,123,20,2025-05-26 01:00:00,2025-05-29 00:00:00,72,121.45,True,True,-4.087437629699707,67.33693002780281,63.2494923981031,0.0,0.1143222680002509,0.0,1.0
core_neuralprophet_frozen_s123,neuralprophet,frozen,selected,False,123,20,2025-05-26 01:00:00,2025-05-29 01:00:00,73,134.6,True,True,9.146734237670898,67.33693002780281,76.4836642654737,0.0,0.1143222680002509,0.0,1.0
core_neuralprophet_frozen_s123,neuralprophet,frozen,selected,False,123,20,2025-05-26 01:00:00,2025-05-29 02:00:00,74,140.45,True,True,4.498607635498047,67.33693002780281,71.83553766330085,0.0,0.1143222680002509,0.0,1.0
core_neuralprophet_frozen_s123,neuralprophet,frozen,selected,False,123,20,2025-05-26 01:00:00,2025-05-29 03:00:00,75,151.07,True,True,-9.33054256439209,67.33693002780281,58.00638746341072,0.0,0.1143222680002509,0.0,1.0
core_neuralprophet_frozen_s123,neuralprophet,frozen,selected,False,123,20,2025-05-26 01:00:00,2025-05-29 04:00:00,76,97.0,True,True,-0.5874311327934265,67.33693002780281,66.74949889500938,0.0,0.1143222680002509,0.0,1.0
core_neuralprophet_frozen_s123,neuralprophet,frozen,selected,False,123,20,2025-05-26 01:00:00,2025-05-29 05:00:00,77,74.96,True,True,-15.229446411132812,67.33693002780281,52.107483616669995,0.0,0.1143222680002509,0.0,1.0
core_neuralprophet_frozen_s123,neuralprophet,frozen,selected,False,123,20,2025-05-26 01:00:00,2025-05-29 06:00:00,78,70.03,True,True,-2.8964126110076904,67.33693002780281,64.44051741679512,0.0,0.1143222680002509,0.0,1.0
core_neuralprophet_frozen_s123,neuralprophet,frozen,selected,False,123,20,2025-05-26 01:00:00,2025-05-29 07:00:00,79,67.01,True,True,-11.915848731994627,67.33693002780281,55.42108129580818,0.0,0.1143222680002509,0.0,1.0
core_neuralprophet_frozen_s123,neuralprophet,frozen,selected,False,123,20,2025-05-26 01:00:00,2025-05-29 08:00:00,80,63.85,True,True,-13.11801052093506,67.33693002780281,54.21891950686775,0.0,0.1143222680002509,0.0,1.0
core_neuralprophet_frozen_s123,neuralprophet,frozen,selected,False,123,20,2025-05-26 01:00:00,2025-05-29 09:00:00,81,60.88,True,True,-14.860328674316406,67.33693002780281,52.4766013534864,0.0,0.1143222680002509,0.0,1.0
core_neuralprophet_frozen_s123,neuralprophet,frozen,selected,False,123,20,2025-05-26 01:00:00,2025-05-29 10:00:00,82,60.44,True,True,-12.138010025024414,67.33693002780281,55.198920002778394,0.0,0.1143222680002509,0.0,1.0
core_neuralprophet_frozen_s123,neuralprophet,frozen,selected,False,123,20,2025-05-26 01:00:00,2025-05-29 11:00:00,83,62.44,True,True,-8.270550727844238,67.33693002780281,59.06637929995857,0.0,0.1143222680002509,0.0,1.0
core_neuralprophet_frozen_s123,neuralprophet,frozen,selected,False,123,20,2025-05-26 01:00:00,2025-05-29 12:00:00,84,65.02,True,True,-12.370753288269045,67.33693002780281,54.966176739533765,0.0,0.1143222680002509,0.0,1.0
core_neuralprophet_frozen_s123,neuralprophet,frozen,selected,False,123,20,2025-05-26 01:00:00,2025-05-29 13:00:00,85,66.8,True,True,-13.406930923461914,67.33693002780281,53.929999104340894,0.0,0.1143222680002509,0.0,1.0
core_neuralprophet_frozen_s123,neuralprophet,frozen,selected,False,123,20,2025-05-26 01:00:00,2025-05-29 14:00:00,86,69.31,True,True,-2.0521504878997803,67.33693002780281,65.28477953990303,0.0,0.1143222680002509,0.0,1.0
core_neuralprophet_frozen_s123,neuralprophet,frozen,selected,False,123,20,2025-05-26 01:00:00,2025-05-29 15:00:00,87,71.86,True,True,-2.066821575164795,67.33693002780281,65.27010845263801,0.0,0.1143222680002509,0.0,1.0
core_neuralprophet_frozen_s123,neuralprophet,frozen,selected,False,123,20,2025-05-26 01:00:00,2025-05-29 16:00:00,88,73.66,True,True,4.31465482711792,67.33693002780281,71.65158485492073,0.0,0.1143222680002509,0.0,1.0
core_neuralprophet_frozen_s123,neuralprophet,frozen,selected,False,123,20,2025-05-26 01:00:00,2025-05-29 17:00:00,89,75.8,True,True,5.555496692657471,67.33693002780281,72.89242672046028,0.0,0.1143222680002509,0.0,1.0
core_neuralprophet_frozen_s123,neuralprophet,frozen,selected,False,123,20,2025-05-26 01:00:00,2025-05-29 18:00:00,90,78.69,True,True,3.831363439559937,67.33693002780281,71.16829346736274,0.0,0.1143222680002509,0.0,1.0
core_neuralprophet_frozen_s123,neuralprophet,frozen,selected,False,123,20,2025-05-26 01:00:00,2025-05-29 19:00:00,91,81.27,True,True,5.133612155914307,67.33693002780281,72.47054218371711,0.0,0.1143222680002509,0.0,1.0
core_neuralprophet_frozen_s123,neuralprophet,frozen,selected,False,123,20,2025-05-26 01:00:00,2025-05-29 20:00:00,92,84.11,True,True,9.94361400604248,67.33693002780281,77.28054403384529,0.0,0.1143222680002509,0.0,1.0
core_neuralprophet_frozen_s123,neuralprophet,frozen,selected,False,123,20,2025-05-26 01:00:00,2025-05-29 21:00:00,93,87.09,True,True,22.58860206604004,67.33693002780281,89.92553209384285,0.0,0.1143222680002509,0.0,1.0
core_neuralprophet_frozen_s123,neuralprophet,frozen,selected,False,123,20,2025-05-26 01:00:00,2025-05-29 22:00:00,94,89.67,True,True,31.621517181396484,67.33693002780281,98.95844720919929,0.0,0.1143222680002509,0.0,1.0
core_neuralprophet_frozen_s123,neuralprophet,frozen,selected,False,123,20,2025-05-26 01:00:00,2025-05-29 23:00:00,95,92.55,True,True,34.174522399902344,67.33693002780281,101.51145242770515,0.0,0.1143222680002509,0.0,1.0
core_neuralprophet_frozen_s123,neuralprophet,frozen,selected,False,123,20,2025-05-26 01:00:00,2025-05-30 00:00:00,96,97.17,True,True,35.89427947998047,67.33693002780281,103.23120950778328,0.0,0.1143222680002509,0.0,1.0
core_neuralprophet_frozen_s123,neuralprophet,frozen,selected,False,123,20,2025-05-26 01:00:00,2025-05-30 01:00:00,97,105.87,True,True,34.62574768066406,67.33693002780281,101.96267770846687,0.0,0.1143222680002509,0.0,1.0
core_neuralprophet_frozen_s123,neuralprophet,frozen,selected,False,123,20,2025-05-26 01:00:00,2025-05-30 02:00:00,98,110.74,True,True,31.38702774047852,67.33693002780281,98.72395776828132,0.0,0.1143222680002509,0.0,1.0
core_neuralprophet_frozen_s123,neuralprophet,frozen,selected,False,123,20,2025-05-26 01:00:00,2025-05-30 03:00:00,99,116.39,True,True,32.6378059387207,67.33693002780281,99.97473596652351,0.0,0.1143222680002509,0.0,1.0
core_neuralprophet_frozen_s123,neuralprophet,frozen,selected,False,123,20,2025-05-26 01:00:00,2025-05-30 04:00:00,100,94.0,True,True,42.31755828857422,67.33693002780281,109.65448831637703,0.0,0.1143222680002509,0.0,1.0
core_neuralprophet_frozen_s123,neuralprophet,frozen,selected,False,123,20,2025-05-26 01:00:00,2025-05-30 05:00:00,101,74.83,True,True,27.58653259277344,67.33693002780281,94.92346262057625,0.0,0.1143222680002509,0.0,1.0
core_neuralprophet_frozen_s123,neuralprophet,frozen,selected,False,123,20,2025-05-26 01:00:00,2025-05-30 06:00:00,102,64.71,True,True,26.54369735717773,67.33693002780281,93.88062738498054,0.0,0.1143222680002509,0.0,1.0
core_neuralprophet_frozen_s123,neuralprophet,frozen,selected,False,123,20,2025-05-26 01:00:00,2025-05-30 07:00:00,103,57.6,True,True,22.008665084838867,67.33693002780281,89.34559511264167,0.0,0.1143222680002509,0.0,1.0
core_neuralprophet_frozen_s123,neuralprophet,frozen,selected,False,123,20,2025-05-26 01:00:00,2025-05-30 08:00:00,104,54.48,True,True,16.84931182861328,67.33693002780281,84.18624185641609,0.0,0.1143222680002509,0.0,1.0
core_neuralprophet_frozen_s123,neuralprophet,frozen,selected,False,123,20,2025-05-26 01:00:00,2025-05-30 09:00:00,105,54.66,True,True,10.316965103149414,67.33693002780281,77.65389513095222,0.0,0.1143222680002509,0.0,1.0
core_neuralprophet_frozen_s123,neuralprophet,frozen,selected,False,123,20,2025-05-26 01:00:00,2025-05-30 10:00:00,106,57.58,True,True,12.831751823425291,67.33693002780281,80.1686818512281,0.0,0.1143222680002509,0.0,1.0
core_neuralprophet_frozen_s123,neuralprophet,frozen,selected,False,123,20,2025-05-26 01:00:00,2025-05-30 11:00:00,107,62.16,True,True,9.899435997009276,67.33693002780281,77.23636602481209,0.0,0.1143222680002509,0.0,1.0
core_neuralprophet_frozen_s123,neuralprophet,frozen,selected,False,123,20,2025-05-26 01:00:00,2025-05-30 12:00:00,108,66.63,True,True,13.89459991455078,67.33693002780281,81.23152994235359,0.0,0.1143222680002509,0.0,1.0
core_neuralprophet_frozen_s123,neuralprophet,frozen,selected,False,123,20,2025-05-26 01:00:00,2025-05-30 13:00:00,109,69.82,True,True,11.19813060760498,67.33693002780281,78.53506063540779,0.0,0.1143222680002509,0.0,1.0
core_neuralprophet_frozen_s123,neuralprophet,frozen,selected,False,123,20,2025-05-26 01:00:00,2025-05-30 14:00:00,110,72.65,True,True,6.982367515563965,67.33693002780281,74.31929754336677,0.0,0.1143222680002509,0.0,1.0
core_neuralprophet_frozen_s123,neuralprophet,frozen,selected,False,123,20,2025-05-26 01:00:00,2025-05-30 15:00:00,111,74.49,True,True,7.778301239013672,67.33693002780281,75.11523126681648,0.0,0.1143222680002509,0.0,1.0
core_neuralprophet_frozen_s123,neuralprophet,frozen,selected,False,123,20,2025-05-26 01:00:00,2025-05-30 16:00:00,112,75.29,True,True,-2.5442256927490234,67.33693002780281,64.79270433505378,0.0,0.1143222680002509,0.0,1.0
core_neuralprophet_frozen_s123,neuralprophet,frozen,selected,False,123,20,2025-05-26 01:00:00,2025-05-30 17:00:00,113,78.23,True,True,0.9226779341697692,67.33693002780281,68.25960796197258,0.0,0.1143222680002509,0.0,1.0
core_neuralprophet_frozen_s123,neuralprophet,frozen,selected,False,123,20,2025-05-26 01:00:00,2025-05-30 18:00:00,114,84.03,True,True,11.89408016204834,67.33693002780281,79.23101018985115,0.0,0.1143222680002509,0.0,1.0
core_neuralprophet_frozen_s123,neuralprophet,frozen,selected,False,123,20,2025-05-26 01:00:00,2025-05-30 19:00:00,115,90.11,True,True,20.707218170166016,67.33693002780281,88.04414819796882,0.0,0.1143222680002509,0.0,1.0
core_neuralprophet_frozen_s123,neuralprophet,frozen,selected,False,123,20,2025-05-26 01:00:00,2025-05-30 20:00:00,116,95.29,True,True,17.748950958251953,67.33693002780281,85.08588098605476,0.0,0.1143222680002509,0.0,1.0
core_neuralprophet_frozen_s123,neuralprophet,frozen,selected,False,123,20,2025-05-26 01:00:00,2025-05-30 21:00:00,117,98.96,True,True,6.916635513305664,67.33693002780281,74.25356554110847,0.0,0.1143222680002509,0.0,1.0
core_neuralprophet_frozen_s123,neuralprophet,frozen,selected,False,123,20,2025-05-26 01:00:00,2025-05-30 22:00:00,118,101.53,True,True,6.442600727081299,67.33693002780281,73.7795307548841,0.0,0.1143222680002509,0.0,1.0
core_neuralprophet_frozen_s123,neuralprophet,frozen,selected,False,123,20,2025-05-26 01:00:00,2025-05-30 23:00:00,119,102.05,True,True,14.172157287597656,67.33693002780281,81.50908731540046,0.0,0.1143222680002509,0.0,1.0
core_neuralprophet_frozen_s123,neuralprophet,frozen,selected,False,123,20,2025-05-26 01:00:00,2025-05-31 00:00:00,120,99.91,True,True,23.585697174072266,67.33693002780281,90.92262720187507,0.0,0.1143222680002509,0.0,1.0
core_neuralprophet_frozen_s123,neuralprophet,frozen,selected,False,123,20,2025-05-26 01:00:00,2025-05-31 01:00:00,121,98.65,True,True,16.87372398376465,67.33693002780281,84.21065401156746,0.0,0.1143222680002509,0.0,1.0
core_neuralprophet_frozen_s123,neuralprophet,frozen,selected,False,123,20,2025-05-26 01:00:00,2025-05-31 02:00:00,122,98.22,True,True,26.717079162597656,67.33693002780281,94.05400919040046,0.0,0.1143222680002509,0.0,1.0
core_neuralprophet_frozen_s123,neuralprophet,frozen,selected,False,123,20,2025-05-26 01:00:00,2025-05-31 03:00:00,123,98.0,True,True,11.30128002166748,67.33693002780281,78.63821004947029,0.0,0.1143222680002509,0.0,1.0
core_neuralprophet_frozen_s123,neuralprophet,frozen,selected,False,123,20,2025-05-26 01:00:00,2025-05-31 04:00:00,124,98.24,True,True,18.45770072937012,67.33693002780281,85.79463075717292,0.0,0.1143222680002509,0.0,1.0
core_neuralprophet_frozen_s123,neuralprophet,frozen,selected,False,123,20,2025-05-26 01:00:00,2025-05-31 05:00:00,125,91.89,True,True,21.472124099731445,67.33693002780281,88.80905412753425,0.0,0.1143222680002509,0.0,1.0
core_neuralprophet_frozen_s123,neuralprophet,frozen,selected,False,123,20,2025-05-26 01:00:00,2025-05-31 06:00:00,126,83.84,True,True,18.67493057250977,67.33693002780281,86.01186060031257,0.0,0.1143222680002509,0.0,1.0
core_neuralprophet_frozen_s123,neuralprophet,frozen,selected,False,123,20,2025-05-26 01:00:00,2025-05-31 07:00:00,127,75.26,True,True,10.918682098388672,67.33693002780281,78.25561212619148,0.0,0.1143222680002509,0.0,1.0
core_neuralprophet_frozen_s123,neuralprophet,frozen,selected,False,123,20,2025-05-26 01:00:00,2025-05-31 08:00:00,128,68.52,True,True,5.276459693908691,67.33693002780281,72.6133897217115,0.0,0.1143222680002509,0.0,1.0
core_neuralprophet_frozen_s123,neuralprophet,frozen,selected,False,123,20,2025-05-26 01:00:00,2025-05-31 09:00:00,129,63.14,True,True,9.247089385986328,67.33693002780281,76.58401941378914,0.0,0.1143222680002509,0.0,1.0
core_neuralprophet_frozen_s123,neuralprophet,frozen,selected,False,123,20,2025-05-26 01:00:00,2025-05-31 10:00:00,130,61.54,True,True,9.646617889404297,67.33693002780281,76.9835479172071,0.0,0.1143222680002509,0.0,1.0
core_neuralprophet_frozen_s123,neuralprophet,frozen,selected,False,123,20,2025-05-26 01:00:00,2025-05-31 11:00:00,131,62.94,True,True,3.5962367057800293,67.33693002780281,70.93316673358284,0.0,0.1143222680002509,0.0,1.0
core_neuralprophet_frozen_s123,neuralprophet,frozen,selected,False,123,20,2025-05-26 01:00:00,2025-05-31 12:00:00,132,65.73,True,True,0.6831127405166626,67.33693002780281,68.02004276831947,0.0,0.1143222680002509,0.0,1.0
core_neuralprophet_frozen_s123,neuralprophet,frozen,selected,False,123,20,2025-05-26 01:00:00,2025-05-31 13:00:00,133,70.66,True,True,17.8079833984375,67.33693002780281,85.14491342624031,0.0,0.1143222680002509,0.0,1.0
core_neuralprophet_frozen_s123,neuralprophet,frozen,selected,False,123,20,2025-05-26 01:00:00,2025-05-31 14:00:00,134,80.01,True,True,13.51927661895752,67.33693002780281,80.85620664676033,0.0,0.1143222680002509,0.0,1.0
core_neuralprophet_frozen_s123,neuralprophet,frozen,selected,False,123,20,2025-05-26 01:00:00,2025-05-31 15:00:00,135,95.77,True,True,19.66093063354492,67.33693002780281,86.99786066134773,0.0,0.1143222680002509,0.0,1.0
core_neuralprophet_frozen_s123,neuralprophet,frozen,selected,False,123,20,2025-05-26 01:00:00,2025-05-31 16:00:00,136,112.0,True,True,32.039459228515625,67.33693002780281,99.37638925631843,0.0,0.1143222680002509,0.0,1.0
core_neuralprophet_frozen_s123,neuralprophet,frozen,selected,False,123,20,2025-05-26 01:00:00,2025-05-31 17:00:00,137,124.52,True,True,32.137264251708984,67.33693002780281,99.47419427951179,0.0,0.1143222680002509,0.0,1.0
core_neuralprophet_frozen_s123,neuralprophet,frozen,selected,False,123,20,2025-05-26 01:00:00,2025-05-31 18:00:00,138,133.55,True,True,29.33711051940918,67.33693002780281,96.67404054721199,0.0,0.1143222680002509,0.0,1.0
core_neuralprophet_frozen_s123,neuralprophet,frozen,selected,False,123,20,2025-05-26 01:00:00,2025-05-31 19:00:00,139,139.23,True,True,36.55196762084961,67.33693002780281,103.88889764865242,0.0,0.1143222680002509,0.0,1.0
core_neuralprophet_frozen_s123,neuralprophet,frozen,selected,False,123,20,2025-05-26 01:00:00,2025-05-31 20:00:00,140,142.26,True,True,31.349384307861328,67.33693002780281,98.68631433566414,0.0,0.1143222680002509,0.0,1.0
core_neuralprophet_frozen_s123,neuralprophet,frozen,selected,False,123,20,2025-05-26 01:00:00,2025-05-31 21:00:00,141,143.15,True,True,36.18597412109375,67.33693002780281,103.52290414889656,0.0,0.1143222680002509,0.0,1.0
core_neuralprophet_frozen_s123,neuralprophet,frozen,selected,False,123,20,2025-05-26 01:00:00,2025-05-31 22:00:00,142,141.43,True,True,45.43893432617188,67.33693002780281,112.7758643539747,0.0,0.1143222680002509,0.0,1.0
core_neuralprophet_frozen_s123,neuralprophet,frozen,selected,False,123,20,2025-05-26 01:00:00,2025-05-31 23:00:00,143,140.49,True,True,44.573692321777344,67.33693002780281,111.91062234958015,0.0,0.1143222680002509,0.0,1.0
core_neuralprophet_frozen_s123,neuralprophet,frozen,selected,False,123,20,2025-05-26 01:00:00,2025-06-01 00:00:00,144,140.82,True,True,61.63720703125,67.33693002780281,128.9741370590528,0.0,0.1143222680002509,0.0,1.0
core_neuralprophet_frozen_s123,neuralprophet,frozen,selected,False,123,20,2025-05-26 01:00:00,2025-06-01 01:00:00,145,142.92,True,True,37.60869598388672,67.33693002780281,104.94562601168953,0.0,0.1143222680002509,0.0,1.0
core_neuralprophet_frozen_s123,neuralprophet,frozen,selected,False,123,20,2025-05-26 01:00:00,2025-06-01 02:00:00,146,141.13,True,True,41.4887924194336,67.33693002780281,108.82572244723642,0.0,0.1143222680002509,0.0,1.0
core_neuralprophet_frozen_s123,neuralprophet,frozen,selected,False,123,20,2025-05-26 01:00:00,2025-06-01 03:00:00,147,141.26,True,True,50.55930709838867,67.33693002780281,117.89623712619148,0.0,0.1143222680002509,0.0,1.0
core_neuralprophet_frozen_s123,neuralprophet,frozen,selected,False,123,20,2025-05-26 01:00:00,2025-06-01 04:00:00,148,144.88,True,True,56.63705825805664,67.33693002780281,123.97398828585945,0.0,0.1143222680002509,0.0,1.0
core_neuralprophet_frozen_s123,neuralprophet,frozen,selected,False,123,20,2025-05-26 01:00:00,2025-06-01 05:00:00,149,144.08,True,True,51.41051483154297,67.33693002780281,118.74744485934578,0.0,0.1143222680002509,0.0,1.0
core_neuralprophet_frozen_s123,neuralprophet,frozen,selected,False,123,20,2025-05-26 01:00:00,2025-06-01 06:00:00,150,140.46,True,True,37.03693389892578,67.33693002780281,104.37386392672859,0.0,0.1143222680002509,0.0,1.0
core_neuralprophet_frozen_s123,neuralprophet,frozen,selected,False,123,20,2025-05-26 01:00:00,2025-06-01 07:00:00,151,132.96,True,True,40.71669387817383,67.33693002780281,108.05362390597664,0.0,0.1143222680002509,0.0,1.0
core_neuralprophet_frozen_s123,neuralprophet,frozen,selected,False,123,20,2025-05-26 01:00:00,2025-06-01 08:00:00,152,124.21,True,True,29.564697265625,67.33693002780281,96.90162729342781,0.0,0.1143222680002509,0.0,1.0
core_neuralprophet_frozen_s123,neuralprophet,frozen,selected,False,123,20,2025-05-26 01:00:00,2025-06-01 09:00:00,153,116.33,True,True,40.14525985717773,67.33693002780281,107.48218988498053,0.0,0.1143222680002509,0.0,1.0
core_neuralprophet_frozen_s123,neuralprophet,frozen,selected,False,123,20,2025-05-26 01:00:00,2025-06-01 10:00:00,154,115.28,True,True,27.457738876342773,67.33693002780281,94.79466890414558,0.0,0.1143222680002509,0.0,1.0
core_neuralprophet_frozen_s123,neuralprophet,frozen,selected,False,123,20,2025-05-26 01:00:00,2025-06-01 11:00:00,155,114.98,True,True,22.916954040527344,67.33693002780281,90.25388406833015,0.0,0.1143222680002509,0.0,1.0
core_neuralprophet_frozen_s123,neuralprophet,frozen,selected,False,123,20,2025-05-26 01:00:00,2025-06-01 12:00:00,156,113.42,True,True,25.615354537963867,67.33693002780281,92.95228456576667,0.0,0.1143222680002509,0.0,1.0
core_neuralprophet_frozen_s123,neuralprophet,frozen,selected,False,123,20,2025-05-26 01:00:00,2025-06-01 13:00:00,157,109.48,True,True,35.497215270996094,67.33693002780281,102.8341452987989,0.0,0.1143222680002509,0.0,1.0
core_neuralprophet_frozen_s123,neuralprophet,frozen,selected,False,123,20,2025-05-26 01:00:00,2025-06-01 14:00:00,158,105.92,True,True,26.053184509277344,67.33693002780281,93.39011453708015,0.0,0.1143222680002509,0.0,1.0
core_neuralprophet_frozen_s123,neuralprophet,frozen,selected,False,123,20,2025-05-26 01:00:00,2025-06-01 15:00:00,159,102.49,True,True,29.045169830322266,67.33693002780281,96.38209985812507,0.0,0.1143222680002509,0.0,1.0
core_neuralprophet_frozen_s123,neuralprophet,frozen,selected,False,123,20,2025-05-26 01:00:00,2025-06-01 16:00:00,160,98.07,True,True,32.589393615722656,67.33693002780281,99.92632364352546,0.0,0.1143222680002509,0.0,1.0
core_neuralprophet_frozen_s123,neuralprophet,frozen,selected,False,123,20,2025-05-26 01:00:00,2025-06-01 17:00:00,161,96.47,True,True,18.62240982055664,67.33693002780281,85.95933984835945,0.0,0.1143222680002509,0.0,1.0
core_neuralprophet_frozen_s123,neuralprophet,frozen,selected,False,123,20,2025-05-26 01:00:00,2025-06-01 18:00:00,162,96.95,True,True,19.4968376159668,67.33693002780281,86.8337676437696,0.0,0.1143222680002509,0.0,1.0
core_neuralprophet_frozen_s123,neuralprophet,frozen,selected,False,123,20,2025-05-26 01:00:00,2025-06-01 19:00:00,163,98.76,True,True,16.111404418945312,67.33693002780281,83.44833444674812,0.0,0.1143222680002509,0.0,1.0
core_neuralprophet_frozen_s123,neuralprophet,frozen,selected,False,123,20,2025-05-26 01:00:00,2025-06-01 20:00:00,164,101.29,True,True,36.58168029785156,67.33693002780281,103.91861032565437,0.0,0.1143222680002509,0.0,1.0
core_neuralprophet_frozen_s123,neuralprophet,frozen,selected,False,123,20,2025-05-26 01:00:00,2025-06-01 21:00:00,165,104.07,True,True,29.672119140625,67.33693002780281,97.00904916842781,0.0,0.1143222680002509,0.0,1.0
core_neuralprophet_frozen_s123,neuralprophet,frozen,selected,False,123,20,2025-05-26 01:00:00,2025-06-01 22:00:00,166,106.16,True,True,25.27233123779297,67.33693002780281,92.60926126559578,0.0,0.1143222680002509,0.0,1.0
core_neuralprophet_frozen_s123,neuralprophet,frozen,selected,False,123,20,2025-05-26 01:00:00,2025-06-01 23:00:00,167,110.18,True,True,28.52872467041016,67.33693002780281,95.86565469821296,0.0,0.1143222680002509,0.0,1.0
core_neuralprophet_frozen_s123,neuralprophet,frozen,selected,False,123,20,2025-05-26 01:00:00,2025-06-02 00:00:00,168,117.77,True,True,27.080156326293945,67.33693002780281,94.41708635409675,0.0,0.1143222680002509,0.0,1.0
core_neuralprophet_frozen_s123,neuralprophet,frozen,selected,False,123,21,2025-06-02 01:00:00,2025-06-02 01:00:00,1,151.6,True,True,120.45812225341795,68.90507583128554,189.3631980847035,0.0,0.1129619499988621,0.0,1.0
core_neuralprophet_frozen_s123,neuralprophet,frozen,selected,False,123,21,2025-06-02 01:00:00,2025-06-02 02:00:00,2,178.26,True,True,115.07707214355467,68.90507583128554,183.98214797484022,0.0,0.1129619499988621,0.0,1.0
core_neuralprophet_frozen_s123,neuralprophet,frozen,selected,False,123,21,2025-06-02 01:00:00,2025-06-02 03:00:00,3,202.42,True,True,107.7212371826172,68.90507583128554,176.62631301390275,0.0,0.1129619499988621,0.0,1.0
core_neuralprophet_frozen_s123,neuralprophet,frozen,selected,False,123,21,2025-06-02 01:00:00,2025-06-02 04:00:00,4,111.52,True,True,80.01355743408203,68.90507583128554,148.9186332653676,0.0,0.1129619499988621,0.0,1.0
core_neuralprophet_frozen_s123,neuralprophet,frozen,selected,False,123,21,2025-06-02 01:00:00,2025-06-02 05:00:00,5,52.03,True,True,54.170108795166016,68.90507583128554,123.07518462645156,0.0,0.1129619499988621,0.0,1.0
core_neuralprophet_frozen_s123,neuralprophet,frozen,selected,False,123,21,2025-06-02 01:00:00,2025-06-02 06:00:00,6,36.71,True,True,37.18319320678711,68.90507583128554,106.08826903807265,0.0,0.1129619499988621,0.0,1.0
core_neuralprophet_frozen_s123,neuralprophet,frozen,selected,False,123,21,2025-06-02 01:00:00,2025-06-02 07:00:00,7,0.0,True,True,30.80774688720703,68.90507583128554,99.71282271849257,0.0,0.1129619499988621,0.0,1.0
core_neuralprophet_frozen_s123,neuralprophet,frozen,selected,False,123,21,2025-06-02 01:00:00,2025-06-02 08:00:00,8,22.27,True,True,25.11727905273437,68.90507583128554,94.02235488401992,0.0,0.1129619499988621,0.0,1.0
core_neuralprophet_frozen_s123,neuralprophet,frozen,selected,False,123,21,2025-06-02 01:00:00,2025-06-02 09:00:00,9,17.89,True,True,17.803010940551758,68.90507583128554,86.7080867718373,0.0,0.1129619499988621,0.0,1.0
core_neuralprophet_frozen_s123,neuralprophet,frozen,selected,False,123,21,2025-06-02 01:00:00,2025-06-02 10:00:00,10,15.41,True,True,16.979379653930664,68.90507583128554,85.88445548521621,0.0,0.1129619499988621,0.0,1.0
core_neuralprophet_frozen_s123,neuralprophet,frozen,selected,False,123,21,2025-06-02 01:00:00,2025-06-02 11:00:00,11,14.09,True,True,3.849137306213379,68.90507583128554,72.75421313749892,0.0,0.1129619499988621,0.0,1.0
core_neuralprophet_frozen_s123,neuralprophet,frozen,selected,False,123,21,2025-06-02 01:00:00,2025-06-02 12:00:00,12,12.35,True,True,0.7800565958023071,68.90507583128554,69.68513242708785,0.0,0.1129619499988621,0.0,1.0
core_neuralprophet_frozen_s123,neuralprophet,frozen,selected,False,123,21,2025-06-02 01:00:00,2025-06-02 13:00:00,13,10.6,True,True,-4.636306285858154,68.90507583128554,64.26876954542739,0.0,0.1129619499988621,0.0,1.0
core_neuralprophet_frozen_s123,neuralprophet,frozen,selected,False,123,21,2025-06-02 01:00:00,2025-06-02 14:00:00,14,9.83,True,True,-6.375296115875244,68.90507583128554,62.5297797154103,0.0,0.1129619499988621,0.0,1.0
core_neuralprophet_frozen_s123,neuralprophet,frozen,selected,False,123,21,2025-06-02 01:00:00,2025-06-02 15:00:00,15,9.13,True,True,-0.17960125207901,68.90507583128554,68.72547457920653,0.0,0.1129619499988621,0.0,1.0
core_neuralprophet_frozen_s123,neuralprophet,frozen,selected,False,123,21,2025-06-02 01:00:00,2025-06-02 16:00:00,16,8.18,True,True,1.5810866355895996,68.90507583128554,70.48616246687514,0.0,0.1129619499988621,0.0,1.0
core_neuralprophet_frozen_s123,neuralprophet,frozen,selected,False,123,21,2025-06-02 01:00:00,2025-06-02 17:00:00,17,7.99,True,True,0.8815620541572571,68.90507583128554,69.7866378854428,0.0,0.1129619499988621,0.0,1.0
core_neuralprophet_frozen_s123,neuralprophet,frozen,selected,False,123,21,2025-06-02 01:00:00,2025-06-02 18:00:00,18,8.24,True,True,6.074448585510254,68.90507583128554,74.9795244167958,0.0,0.1129619499988621,0.0,1.0
core_neuralprophet_frozen_s123,neuralprophet,frozen,selected,False,123,21,2025-06-02 01:00:00,2025-06-02 19:00:00,19,8.39,True,True,4.6762213706970215,68.90507583128554,73.58129720198257,0.0,0.1129619499988621,0.0,1.0
core_neuralprophet_frozen_s123,neuralprophet,frozen,selected,False,123,21,2025-06-02 01:00:00,2025-06-02 20:00:00,20,8.28,True,True,23.10270500183105,68.90507583128554,92.0077808331166,0.0,0.1129619499988621,0.0,1.0
core_neuralprophet_frozen_s123,neuralprophet,frozen,selected,False,123,21,2025-06-02 01:00:00,2025-06-02 21:00:00,21,8.13,True,True,1.7899329662322998,68.90507583128554,70.69500879751784,0.0,0.1129619499988621,0.0,1.0
core_neuralprophet_frozen_s123,neuralprophet,frozen,selected,False,123,21,2025-06-02 01:00:00,2025-06-02 22:00:00,22,8.39,True,True,21.10144424438477,68.90507583128554,90.00652007567031,0.0,0.1129619499988621,0.0,1.0
core_neuralprophet_frozen_s123,neuralprophet,frozen,selected,False,123,21,2025-06-02 01:00:00,2025-06-02 23:00:00,23,9.32,True,True,8.031366348266602,68.90507583128554,76.93644217955215,0.0,0.1129619499988621,0.0,1.0
core_neuralprophet_frozen_s123,neuralprophet,frozen,selected,False,123,21,2025-06-02 01:00:00,2025-06-03 00:00:00,24,10.74,True,True,14.431715965270996,68.90507583128554,83.33679179655654,0.0,0.1129619499988621,0.0,1.0
core_neuralprophet_frozen_s123,neuralprophet,frozen,selected,False,123,21,2025-06-02 01:00:00,2025-06-03 01:00:00,25,12.42,True,True,12.82205295562744,68.90507583128554,81.72712878691298,0.0,0.1129619499988621,0.0,1.0
core_neuralprophet_frozen_s123,neuralprophet,frozen,selected,False,123,21,2025-06-02 01:00:00,2025-06-03 02:00:00,26,13.46,True,True,29.354597091674805,68.90507583128554,98.25967292296035,0.0,0.1129619499988621,0.0,1.0
core_neuralprophet_frozen_s123,neuralprophet,frozen,selected,False,123,21,2025-06-02 01:00:00,2025-06-03 03:00:00,27,14.42,True,True,32.7245979309082,68.90507583128554,101.62967376219375,0.0,0.1129619499988621,0.0,1.0
core_neuralprophet_frozen_s123,neuralprophet,frozen,selected,False,123,21,2025-06-02 01:00:00,2025-06-03 04:00:00,28,12.8,True,True,5.445217609405518,68.90507583128554,74.35029344069106,0.0,0.1129619499988621,0.0,1.0
core_neuralprophet_frozen_s123,neuralprophet,frozen,selected,False,123,21,2025-06-02 01:00:00,2025-06-03 05:00:00,29,12.03,True,True,-8.27616024017334,68.90507583128554,60.628915591112204,0.0,0.1129619499988621,0.0,1.0
core_neuralprophet_frozen_s123,neuralprophet,frozen,selected,False,123,21,2025-06-02 01:00:00,2025-06-03 06:00:00,30,11.27,True,True,-11.10811996459961,68.90507583128554,57.796955866685934,0.0,0.1129619499988621,0.0,1.0
core_neuralprophet_frozen_s123,neuralprophet,frozen,selected,False,123,21,2025-06-02 01:00:00,2025-06-03 07:00:00,31,10.46,True,True,-21.19757080078125,68.90507583128554,47.707505030504294,0.0,0.1129619499988621,0.0,1.0
core_neuralprophet_frozen_s123,neuralprophet,frozen,selected,False,123,21,2025-06-02 01:00:00,2025-06-03 08:00:00,32,9.58,True,True,-27.633132934570312,68.90507583128554,41.27194289671523,0.0,0.1129619499988621,0.0,1.0
core_neuralprophet_frozen_s123,neuralprophet,frozen,selected,False,123,21,2025-06-02 01:00:00,2025-06-03 09:00:00,33,8.34,True,True,-27.41743469238281,68.90507583128554,41.48764113890273,0.0,0.1129619499988621,0.0,1.0
core_neuralprophet_frozen_s123,neuralprophet,frozen,selected,False,123,21,2025-06-02 01:00:00,2025-06-03 10:00:00,34,7.77,True,True,-25.955570220947266,68.90507583128554,42.94950561033828,0.0,0.1129619499988621,0.0,1.0
core_neuralprophet_frozen_s123,neuralprophet,frozen,selected,False,123,21,2025-06-02 01:00:00,2025-06-03 11:00:00,35,7.91,True,True,-18.41840171813965,68.90507583128554,50.486674113145895,0.0,0.1129619499988621,0.0,1.0
core_neuralprophet_frozen_s123,neuralprophet,frozen,selected,False,123,21,2025-06-02 01:00:00,2025-06-03 12:00:00,36,8.07,True,True,-20.64289093017578,68.90507583128554,48.26218490110976,0.0,0.1129619499988621,0.0,1.0
core_neuralprophet_frozen_s123,neuralprophet,frozen,selected,False,123,21,2025-06-02 01:00:00,2025-06-03 13:00:00,37,8.04,True,True,-31.60979461669922,68.90507583128554,37.295281214586325,0.0,0.1129619499988621,0.0,1.0
core_neuralprophet_frozen_s123,neuralprophet,frozen,selected,False,123,21,2025-06-02 01:00:00,2025-06-03 14:00:00,38,8.34,True,True,-25.531139373779297,68.90507583128554,43.37393645750625,0.0,0.1129619499988621,0.0,1.0
core_neuralprophet_frozen_s123,neuralprophet,frozen,selected,False,123,21,2025-06-02 01:00:00,2025-06-03 15:00:00,39,8.61,True,True,-25.178295135498047,68.90507583128554,43.7267806957875,0.0,0.1129619499988621,0.0,1.0
core_neuralprophet_frozen_s123,neuralprophet,frozen,selected,False,123,21,2025-06-02 01:00:00,2025-06-03 16:00:00,40,8.84,True,True,-12.07443618774414,68.90507583128554,56.8306396435414,0.0,0.1129619499988621,0.0,1.0
core_neuralprophet_frozen_s123,neuralprophet,frozen,selected,False,123,21,2025-06-02 01:00:00,2025-06-03 17:00:00,41,9.51,True,True,-2.167135238647461,68.90507583128554,66.73794059263808,0.0,0.1129619499988621,0.0,1.0
core_neuralprophet_frozen_s123,neuralprophet,frozen,selected,False,123,21,2025-06-02 01:00:00,2025-06-03 18:00:00,42,10.41,True,True,8.414621353149414,68.90507583128554,77.31969718443496,0.0,0.1129619499988621,0.0,1.0
core_neuralprophet_frozen_s123,neuralprophet,frozen,selected,False,123,21,2025-06-02 01:00:00,2025-06-03 19:00:00,43,11.41,True,True,5.019120693206787,68.90507583128554,73.92419652449233,0.0,0.1129619499988621,0.0,1.0
core_neuralprophet_frozen_s123,neuralprophet,frozen,selected,False,123,21,2025-06-02 01:00:00,2025-06-03 20:00:00,44,12.47,True,True,2.441622495651245,68.90507583128554,71.34669832693679,0.0,0.1129619499988621,0.0,1.0
core_neuralprophet_frozen_s123,neuralprophet,frozen,selected,False,123,21,2025-06-02 01:00:00,2025-06-03 21:00:00,45,13.51,True,True,3.2229268550872803,68.90507583128554,72.12800268637282,0.0,0.1129619499988621,0.0,1.0
core_neuralprophet_frozen_s123,neuralprophet,frozen,selected,False,123,21,2025-06-02 01:00:00,2025-06-03 22:00:00,46,14.0,True,True,18.32997703552246,68.90507583128554,87.235052866808,0.0,0.1129619499988621,0.0,1.0
core_neuralprophet_frozen_s123,neuralprophet,frozen,selected,False,123,21,2025-06-02 01:00:00,2025-06-03 23:00:00,47,14.24,True,True,22.425535202026367,68.90507583128554,91.33061103331191,0.0,0.1129619499988621,0.0,1.0
core_neuralprophet_frozen_s123,neuralprophet,frozen,selected,False,123,21,2025-06-02 01:00:00,2025-06-04 00:00:00,48,14.68,True,True,7.787301540374756,68.90507583128554,76.6923773716603,0.0,0.1129619499988621,0.0,1.0
core_neuralprophet_frozen_s123,neuralprophet,frozen,selected,False,123,21,2025-06-02 01:00:00,2025-06-04 01:00:00,49,15.19,True,True,28.756351470947266,68.90507583128554,97.66142730223281,0.0,0.1129619499988621,0.0,1.0
core_neuralprophet_frozen_s123,neuralprophet,frozen,selected,False,123,21,2025-06-02 01:00:00,2025-06-04 02:00:00,50,16.09,True,True,37.47825622558594,68.90507583128554,106.38333205687148,0.0,0.1129619499988621,0.0,1.0
core_neuralprophet_frozen_s123,neuralprophet,frozen,selected,False,123,21,2025-06-02 01:00:00,2025-06-04 03:00:00,51,19.43,True,True,34.2993278503418,68.90507583128554,103.20440368162734,0.0,0.1129619499988621,0.0,1.0
core_neuralprophet_frozen_s123,neuralprophet,frozen,selected,False,123,21,2025-06-02 01:00:00,2025-06-04 04:00:00,52,11.29,True,True,-0.2102994322776794,68.90507583128554,68.69477639900786,0.0,0.1129619499988621,0.0,1.0
core_neuralprophet_frozen_s123,neuralprophet,frozen,selected,False,123,21,2025-06-02 01:00:00,2025-06-04 05:00:00,53,11.63,True,True,-11.414239883422852,68.90507583128554,57.49083594786269,0.0,0.1129619499988621,0.0,1.0
core_neuralprophet_frozen_s123,neuralprophet,frozen,selected,False,123,21,2025-06-02 01:00:00,2025-06-04 06:00:00,54,12.87,True,True,-10.968889236450195,68.90507583128554,57.93618659483535,0.0,0.1129619499988621,0.0,1.0
core_neuralprophet_frozen_s123,neuralprophet,frozen,selected,False,123,21,2025-06-02 01:00:00,2025-06-04 07:00:00,55,13.31,True,True,-25.68732070922852,68.90507583128554,43.21775512205703,0.0,0.1129619499988621,0.0,1.0
core_neuralprophet_frozen_s123,neuralprophet,frozen,selected,False,123,21,2025-06-02 01:00:00,2025-06-04 08:00:00,56,13.35,True,True,-29.13072967529297,68.90507583128554,39.774346155992575,0.0,0.1129619499988621,0.0,1.0
core_neuralprophet_frozen_s123,neuralprophet,frozen,selected,False,123,21,2025-06-02 01:00:00,2025-06-04 09:00:00,57,13.17,True,True,-22.67068862915039,68.90507583128554,46.23438720213515,0.0,0.1129619499988621,0.0,1.0
core_neuralprophet_frozen_s123,neuralprophet,frozen,selected,False,123,21,2025-06-02 01:00:00,2025-06-04 10:00:00,58,14.46,True,True,-27.84034538269043,68.90507583128554,41.064730448595114,0.0,0.1129619499988621,0.0,1.0
core_neuralprophet_frozen_s123,neuralprophet,frozen,selected,False,123,21,2025-06-02 01:00:00,2025-06-04 11:00:00,59,17.07,True,True,-22.317577362060547,68.90507583128554,46.587498469225,0.0,0.1129619499988621,0.0,1.0
core_neuralprophet_frozen_s123,neuralprophet,frozen,selected,False,123,21,2025-06-02 01:00:00,2025-06-04 12:00:00,60,19.94,True,True,-26.44536590576172,68.90507583128554,42.459709925523825,0.0,0.1129619499988621,0.0,1.0
core_neuralprophet_frozen_s123,neuralprophet,frozen,selected,False,123,21,2025-06-02 01:00:00,2025-06-04 13:00:00,61,22.86,True,True,-33.536258697509766,68.90507583128554,35.36881713377578,0.0,0.1129619499988621,0.0,1.0
core_neuralprophet_frozen_s123,neuralprophet,frozen,selected,False,123,21,2025-06-02 01:00:00,2025-06-04 14:00:00,62,26.36,True,True,-19.75907516479492,68.90507583128554,49.14600066649062,0.0,0.1129619499988621,0.0,1.0
core_neuralprophet_frozen_s123,neuralprophet,frozen,selected,False,123,21,2025-06-02 01:00:00,2025-06-04 15:00:00,63,29.44,True,True,-23.17177391052246,68.90507583128554,45.73330192076308,0.0,0.1129619499988621,0.0,1.0
core_neuralprophet_frozen_s123,neuralprophet,frozen,selected,False,123,21,2025-06-02 01:00:00,2025-06-04 16:00:00,64,30.85,True,True,-21.109283447265625,68.90507583128554,47.79579238401992,0.0,0.1129619499988621,0.0,1.0
core_neuralprophet_frozen_s123,neuralprophet,frozen,selected,False,123,21,2025-06-02 01:00:00,2025-06-04 17:00:00,65,31.64,True,True,-1.099232196807861,68.90507583128554,67.80584363447768,0.0,0.1129619499988621,0.0,1.0
core_neuralprophet_frozen_s123,neuralprophet,frozen,selected,False,123,21,2025-06-02 01:00:00,2025-06-04 18:00:00,66,34.21,True,True,-10.605566024780272,68.90507583128554,58.29950980650527,0.0,0.1129619499988621,0.0,1.0
core_neuralprophet_frozen_s123,neuralprophet,frozen,selected,False,123,21,2025-06-02 01:00:00,2025-06-04 19:00:00,67,38.51,True,True,-0.3573796153068542,68.90507583128554,68.54769621597869,0.0,0.1129619499988621,0.0,1.0
core_neuralprophet_frozen_s123,neuralprophet,frozen,selected,False,123,21,2025-06-02 01:00:00,2025-06-04 20:00:00,68,43.42,True,True,-4.7606611251831055,68.90507583128554,64.14441470610244,0.0,0.1129619499988621,0.0,1.0
core_neuralprophet_frozen_s123,neuralprophet,frozen,selected,False,123,21,2025-06-02 01:00:00,2025-06-04 21:00:00,69,48.58,True,True,-10.3275146484375,68.90507583128554,58.577561182848044,0.0,0.1129619499988621,0.0,1.0
core_neuralprophet_frozen_s123,neuralprophet,frozen,selected,False,123,21,2025-06-02 01:00:00,2025-06-04 22:00:00,70,52.49,True,True,13.594850540161133,68.90507583128554,82.49992637144668,0.0,0.1129619499988621,0.0,1.0
core_neuralprophet_frozen_s123,neuralprophet,frozen,selected,False,123,21,2025-06-02 01:00:00,2025-06-04 23:00:00,71,56.1,True,True,1.411404013633728,68.90507583128554,70.31647984491927,0.0,0.1129619499988621,0.0,1.0
core_neuralprophet_frozen_s123,neuralprophet,frozen,selected,False,123,21,2025-06-02 01:00:00,2025-06-05 00:00:00,72,62.38,True,True,22.05222511291504,68.90507583128554,90.95730094420058,0.0,0.1129619499988621,0.0,1.0
core_neuralprophet_frozen_s123,neuralprophet,frozen,selected,False,123,21,2025-06-02 01:00:00,2025-06-05 01:00:00,73,74.59,True,True,9.34456729888916,68.90507583128554,78.2496431301747,0.0,0.1129619499988621,0.0,1.0
core_neuralprophet_frozen_s123,neuralprophet,frozen,selected,False,123,21,2025-06-02 01:00:00,2025-06-05 02:00:00,74,85.38,True,True,22.75043487548828,68.90507583128554,91.65551070677382,0.0,0.1129619499988621,0.0,1.0
core_neuralprophet_frozen_s123,neuralprophet,frozen,selected,False,123,21,2025-06-02 01:00:00,2025-06-05 03:00:00,75,99.4,True,True,20.89095497131348,68.90507583128554,89.79603080259902,0.0,0.1129619499988621,0.0,1.0
core_neuralprophet_frozen_s123,neuralprophet,frozen,selected,False,123,21,2025-06-02 01:00:00,2025-06-05 04:00:00,76,120.44,True,True,12.2428560256958,68.90507583128554,81.14793185698134,0.0,0.1129619499988621,0.0,1.0
core_neuralprophet_frozen_s123,neuralprophet,frozen,selected,False,123,21,2025-06-02 01:00:00,2025-06-05 05:00:00,77,134.36,True,True,9.911436080932615,68.90507583128554,78.81651191221816,0.0,0.1129619499988621,0.0,1.0
core_neuralprophet_frozen_s123,neuralprophet,frozen,selected,False,123,21,2025-06-02 01:00:00,2025-06-05 06:00:00,78,145.41,True,True,-0.9078102707862854,68.90507583128554,67.99726556049926,0.0,0.1129619499988621,0.0,1.0
core_neuralprophet_frozen_s123,neuralprophet,frozen,selected,False,123,21,2025-06-02 01:00:00,2025-06-05 07:00:00,79,126.95,True,True,-19.07391357421875,68.90507583128554,49.831162257066794,0.0,0.1129619499988621,0.0,1.0
core_neuralprophet_frozen_s123,neuralprophet,frozen,selected,False,123,21,2025-06-02 01:00:00,2025-06-05 08:00:00,80,103.9,True,True,-13.526620864868164,68.90507583128554,55.37845496641738,0.0,0.1129619499988621,0.0,1.0
core_neuralprophet_frozen_s123,neuralprophet,frozen,selected,False,123,21,2025-06-02 01:00:00,2025-06-05 09:00:00,81,87.12,True,True,-25.259416580200195,68.90507583128554,43.64565925108535,0.0,0.1129619499988621,0.0,1.0
core_neuralprophet_frozen_s123,neuralprophet,frozen,selected,False,123,21,2025-06-02 01:00:00,2025-06-05 10:00:00,82,80.59,True,True,-21.178979873657227,68.90507583128554,47.72609595762832,0.0,0.1129619499988621,0.0,1.0
core_neuralprophet_frozen_s123,neuralprophet,frozen,selected,False,123,21,2025-06-02 01:00:00,2025-06-05 11:00:00,83,81.51,True,True,-12.32996654510498,68.90507583128554,56.57510928618056,0.0,0.1129619499988621,0.0,1.0
core_neuralprophet_frozen_s123,neuralprophet,frozen,selected,False,123,21,2025-06-02 01:00:00,2025-06-05 12:00:00,84,83.28,True,True,-21.275861740112305,68.90507583128554,47.62921409117324,0.0,0.1129619499988621,0.0,1.0
core_neuralprophet_frozen_s123,neuralprophet,frozen,selected,False,123,21,2025-06-02 01:00:00,2025-06-05 13:00:00,85,83.0,True,True,-22.53890609741211,68.90507583128554,46.366169733873434,0.0,0.1129619499988621,0.0,1.0
core_neuralprophet_frozen_s123,neuralprophet,frozen,selected,False,123,21,2025-06-02 01:00:00,2025-06-05 14:00:00,86,83.2,True,True,-22.771629333496094,68.90507583128554,46.13344649778945,0.0,0.1129619499988621,0.0,1.0
core_neuralprophet_frozen_s123,neuralprophet,frozen,selected,False,123,21,2025-06-02 01:00:00,2025-06-05 15:00:00,87,82.87,True,True,-12.658872604370115,68.90507583128554,56.246203226915426,0.0,0.1129619499988621,0.0,1.0
core_neuralprophet_frozen_s123,neuralprophet,frozen,selected,False,123,21,2025-06-02 01:00:00,2025-06-05 16:00:00,88,81.15,True,True,-6.551358699798584,68.90507583128554,62.35371713148696,0.0,0.1129619499988621,0.0,1.0
core_neuralprophet_frozen_s123,neuralprophet,frozen,selected,False,123,21,2025-06-02 01:00:00,2025-06-05 17:00:00,89,80.3,True,True,-7.228311538696289,68.90507583128554,61.676764292589255,0.0,0.1129619499988621,0.0,1.0
core_neuralprophet_frozen_s123,neuralprophet,frozen,selected,False,123,21,2025-06-02 01:00:00,2025-06-05 18:00:00,90,80.19,True,True,9.489962577819824,68.90507583128554,78.39503840910537,0.0,0.1129619499988621,0.0,1.0
core_neuralprophet_frozen_s123,neuralprophet,frozen,selected,False,123,21,2025-06-02 01:00:00,2025-06-05 19:00:00,91,80.36,True,True,11.114192962646484,68.90507583128554,80.01926879393203,0.0,0.1129619499988621,0.0,1.0
core_neuralprophet_frozen_s123,neuralprophet,frozen,selected,False,123,21,2025-06-02 01:00:00,2025-06-05 20:00:00,92,82.62,True,True,-6.588005542755127,68.90507583128554,62.31707028853042,0.0,0.1129619499988621,0.0,1.0
core_neuralprophet_frozen_s123,neuralprophet,frozen,selected,False,123,21,2025-06-02 01:00:00,2025-06-05 21:00:00,93,86.87,True,True,14.81488800048828,68.90507583128554,83.71996383177382,0.0,0.1129619499988621,0.0,1.0
core_neuralprophet_frozen_s123,neuralprophet,frozen,selected,False,123,21,2025-06-02 01:00:00,2025-06-05 22:00:00,94,90.15,True,True,37.83512878417969,68.90507583128554,106.74020461546523,0.0,0.1129619499988621,0.0,1.0
core_neuralprophet_frozen_s123,neuralprophet,frozen,selected,False,123,21,2025-06-02 01:00:00,2025-06-05 23:00:00,95,92.06,True,True,44.58141708374024,68.90507583128554,113.48649291502579,0.0,0.1129619499988621,0.0,1.0
core_neuralprophet_frozen_s123,neuralprophet,frozen,selected,False,123,21,2025-06-02 01:00:00,2025-06-06 00:00:00,96,92.32,True,True,55.51039123535156,68.90507583128554,124.4154670666371,0.0,0.1129619499988621,0.0,1.0
core_neuralprophet_frozen_s123,neuralprophet,frozen,selected,False,123,21,2025-06-02 01:00:00,2025-06-06 01:00:00,97,92.26,True,True,40.19794464111328,68.90507583128554,109.10302047239882,0.0,0.1129619499988621,0.0,1.0
core_neuralprophet_frozen_s123,neuralprophet,frozen,selected,False,123,21,2025-06-02 01:00:00,2025-06-06 02:00:00,98,87.72,True,True,62.47645568847656,68.90507583128554,131.38153151976212,0.0,0.1129619499988621,0.0,1.0
core_neuralprophet_frozen_s123,neuralprophet,frozen,selected,False,123,21,2025-06-02 01:00:00,2025-06-06 03:00:00,99,84.53,True,True,55.0233268737793,68.90507583128554,123.92840270506484,0.0,0.1129619499988621,0.0,1.0
core_neuralprophet_frozen_s123,neuralprophet,frozen,selected,False,123,21,2025-06-02 01:00:00,2025-06-06 04:00:00,100,92.1,True,True,37.05497741699219,68.90507583128554,105.96005324827773,0.0,0.1129619499988621,0.0,1.0
core_neuralprophet_frozen_s123,neuralprophet,frozen,selected,False,123,21,2025-06-02 01:00:00,2025-06-06 05:00:00,101,97.26,True,True,14.256690979003906,68.90507583128554,83.16176681028945,0.0,0.1129619499988621,0.0,1.0
core_neuralprophet_frozen_s123,neuralprophet,frozen,selected,False,123,21,2025-06-02 01:00:00,2025-06-06 06:00:00,102,101.51,True,True,9.97077751159668,68.90507583128554,78.87585334288222,0.0,0.1129619499988621,0.0,1.0
core_neuralprophet_frozen_s123,neuralprophet,frozen,selected,False,123,21,2025-06-02 01:00:00,2025-06-06 07:00:00,103,94.8,True,True,13.351936340332031,68.90507583128554,82.25701217161757,0.0,0.1129619499988621,0.0,1.0
core_neuralprophet_frozen_s123,neuralprophet,frozen,selected,False,123,21,2025-06-02 01:00:00,2025-06-06 08:00:00,104,86.36,True,True,-1.0815613269805908,68.90507583128554,67.82351450430495,0.0,0.1129619499988621,0.0,1.0
core_neuralprophet_frozen_s123,neuralprophet,frozen,selected,False,123,21,2025-06-02 01:00:00,2025-06-06 09:00:00,105,84.85,True,True,5.559853076934815,68.90507583128554,74.46492890822036,0.0,0.1129619499988621,0.0,1.0
core_neuralprophet_frozen_s123,neuralprophet,frozen,selected,False,123,21,2025-06-02 01:00:00,2025-06-06 10:00:00,106,88.51,True,True,8.451566696166992,68.90507583128554,77.35664252745254,0.0,0.1129619499988621,0.0,1.0
core_neuralprophet_frozen_s123,neuralprophet,frozen,selected,False,123,21,2025-06-02 01:00:00,2025-06-06 11:00:00,107,95.3,True,True,5.7890825271606445,68.90507583128554,74.69415835844619,0.0,0.1129619499988621,0.0,1.0
core_neuralprophet_frozen_s123,neuralprophet,frozen,selected,False,123,21,2025-06-02 01:00:00,2025-06-06 12:00:00,108,103.02,True,True,0.1637090444564819,68.90507583128554,69.06878487574203,0.0,0.1129619499988621,0.0,1.0
core_neuralprophet_frozen_s123,neuralprophet,frozen,selected,False,123,21,2025-06-02 01:00:00,2025-06-06 13:00:00,109,111.17,True,True,7.546400547027588,68.90507583128554,76.45147637831313,0.0,0.1129619499988621,0.0,1.0
core_neuralprophet_frozen_s123,neuralprophet,frozen,selected,False,123,21,2025-06-02 01:00:00,2025-06-06 14:00:00,110,122.15,True,True,-0.8436194062232971,68.90507583128554,68.06145642506225,0.0,0.1129619499988621,0.0,1.0
core_neuralprophet_frozen_s123,neuralprophet,frozen,selected,False,123,21,2025-06-02 01:00:00,2025-06-06 15:00:00,111,138.37,True,True,18.582239151000977,68.90507583128554,87.48731498228652,0.0,0.1129619499988621,0.0,1.0
core_neuralprophet_frozen_s123,neuralprophet,frozen,selected,False,123,21,2025-06-02 01:00:00,2025-06-06 16:00:00,112,151.05,True,True,18.64176750183105,68.90507583128554,87.5468433331166,0.0,0.1129619499988621,0.0,1.0
core_neuralprophet_frozen_s123,neuralprophet,frozen,selected,False,123,21,2025-06-02 01:00:00,2025-06-06 17:00:00,113,161.27,True,True,26.20365524291992,68.90507583128554,95.10873107420547,0.0,0.1129619499988621,0.0,1.0
core_neuralprophet_frozen_s123,neuralprophet,frozen,selected,False,123,21,2025-06-02 01:00:00,2025-06-06 18:00:00,114,168.87,True,True,34.31932067871094,68.90507583128554,103.22439650999648,0.0,0.1129619499988621,0.0,1.0
core_neuralprophet_frozen_s123,neuralprophet,frozen,selected,False,123,21,2025-06-02 01:00:00,2025-06-06 19:00:00,115,171.45,True,True,44.51089859008789,68.90507583128554,113.41597442137343,0.0,0.1129619499988621,0.0,1.0
core_neuralprophet_frozen_s123,neuralprophet,frozen,selected,False,123,21,2025-06-02 01:00:00,2025-06-06 20:00:00,116,173.44,True,True,27.506027221679688,68.90507583128554,96.41110305296523,0.0,0.1129619499988621,0.0,1.0
core_neuralprophet_frozen_s123,neuralprophet,frozen,selected,False,123,21,2025-06-02 01:00:00,2025-06-06 21:00:00,117,175.13,True,True,46.51966094970703,68.90507583128554,115.42473678099257,0.0,0.1129619499988621,0.0,1.0
core_neuralprophet_frozen_s123,neuralprophet,frozen,selected,False,123,21,2025-06-02 01:00:00,2025-06-06 22:00:00,118,183.1,True,True,48.68164443969727,68.90507583128554,117.58672027098282,0.0,0.1129619499988621,0.0,1.0
core_neuralprophet_frozen_s123,neuralprophet,frozen,selected,False,123,21,2025-06-02 01:00:00,2025-06-06 23:00:00,119,150.18,True,True,48.60575866699219,68.90507583128554,117.51083449827773,0.0,0.1129619499988621,0.0,1.0
core_neuralprophet_frozen_s123,neuralprophet,frozen,selected,False,123,21,2025-06-02 01:00:00,2025-06-07 00:00:00,120,121.85,True,True,47.39608001708984,68.90507583128554,116.30115584837537,0.0,0.1129619499988621,0.0,1.0
core_neuralprophet_frozen_s123,neuralprophet,frozen,selected,False,123,21,2025-06-02 01:00:00,2025-06-07 01:00:00,121,97.42,True,True,39.221317291259766,68.90507583128554,108.12639312254531,0.0,0.1129619499988621,0.0,1.0
core_neuralprophet_frozen_s123,neuralprophet,frozen,selected,False,123,21,2025-06-02 01:00:00,2025-06-07 02:00:00,122,84.6,True,True,47.68559646606445,68.90507583128554,116.59067229735,0.0,0.1129619499988621,0.0,1.0
core_neuralprophet_frozen_s123,neuralprophet,frozen,selected,False,123,21,2025-06-02 01:00:00,2025-06-07 03:00:00,123,80.29,True,True,44.03320693969727,68.90507583128554,112.93828277098282,0.0,0.1129619499988621,0.0,1.0
core_neuralprophet_frozen_s123,neuralprophet,frozen,selected,False,123,21,2025-06-02 01:00:00,2025-06-07 04:00:00,124,65.58,True,True,29.53584861755371,68.90507583128554,98.44092444883925,0.0,0.1129619499988621,0.0,1.0
core_neuralprophet_frozen_s123,neuralprophet,frozen,selected,False,123,21,2025-06-02 01:00:00,2025-06-07 05:00:00,125,54.96,True,True,14.024419784545898,68.90507583128554,82.92949561583144,0.0,0.1129619499988621,0.0,1.0
core_neuralprophet_frozen_s123,neuralprophet,frozen,selected,False,123,21,2025-06-02 01:00:00,2025-06-07 06:00:00,126,51.06,True,True,-2.73441481590271,68.90507583128554,66.17066101538283,0.0,0.1129619499988621,0.0,1.0
core_neuralprophet_frozen_s123,neuralprophet,frozen,selected,False,123,21,2025-06-02 01:00:00,2025-06-07 07:00:00,127,47.29,True,True,-6.789536952972412,68.90507583128554,62.11553887831313,0.0,0.1129619499988621,0.0,1.0
core_neuralprophet_frozen_s123,neuralprophet,frozen,selected,False,123,21,2025-06-02 01:00:00,2025-06-07 08:00:00,128,43.79,True,True,-11.275912284851074,68.90507583128554,57.62916354643447,0.0,0.1129619499988621,0.0,1.0
core_neuralprophet_frozen_s123,neuralprophet,frozen,selected,False,123,21,2025-06-02 01:00:00,2025-06-07 09:00:00,129,41.15,True,True,-9.254680633544922,68.90507583128554,59.65039519774062,0.0,0.1129619499988621,0.0,1.0
core_neuralprophet_frozen_s123,neuralprophet,frozen,selected,False,123,21,2025-06-02 01:00:00,2025-06-07 10:00:00,130,39.25,True,True,-18.259323120117188,68.90507583128554,50.645752711168356,0.0,0.1129619499988621,0.0,1.0
core_neuralprophet_frozen_s123,neuralprophet,frozen,selected,False,123,21,2025-06-02 01:00:00,2025-06-07 11:00:00,131,38.59,True,True,-6.171257495880127,68.90507583128554,62.73381833540542,0.0,0.1129619499988621,0.0,1.0
core_neuralprophet_frozen_s123,neuralprophet,frozen,selected,False,123,21,2025-06-02 01:00:00,2025-06-07 12:00:00,132,39.35,True,True,-12.8052339553833,68.90507583128554,56.09984187590224,0.0,0.1129619499988621,0.0,1.0
core_neuralprophet_frozen_s123,neuralprophet,frozen,selected,False,123,21,2025-06-02 01:00:00,2025-06-07 13:00:00,133,42.39,True,True,-6.085039615631104,68.90507583128554,62.82003621565444,0.0,0.1129619499988621,0.0,1.0
core_neuralprophet_frozen_s123,neuralprophet,frozen,selected,False,123,21,2025-06-02 01:00:00,2025-06-07 14:00:00,134,48.36,True,True,-7.811576843261719,68.90507583128554,61.093498988023825,0.0,0.1129619499988621,0.0,1.0
core_neuralprophet_frozen_s123,neuralprophet,frozen,selected,False,123,21,2025-06-02 01:00:00,2025-06-07 15:00:00,135,56.86,True,True,-4.63388204574585,68.90507583128554,64.2711937855397,0.0,0.1129619499988621,0.0,1.0
core_neuralprophet_frozen_s123,neuralprophet,frozen,selected,False,123,21,2025-06-02 01:00:00,2025-06-07 16:00:00,136,67.42,True,True,12.870956420898438,68.90507583128554,81.77603225218398,0.0,0.1129619499988621,0.0,1.0
core_neuralprophet_frozen_s123,neuralprophet,frozen,selected,False,123,21,2025-06-02 01:00:00,2025-06-07 17:00:00,137,80.18,True,True,19.80554580688477,68.90507583128554,88.71062163817031,0.0,0.1129619499988621,0.0,1.0
core_neuralprophet_frozen_s123,neuralprophet,frozen,selected,False,123,21,2025-06-02 01:00:00,2025-06-07 18:00:00,138,94.26,True,True,24.58090209960937,68.90507583128554,93.48597793089492,0.0,0.1129619499988621,0.0,1.0
core_neuralprophet_frozen_s123,neuralprophet,frozen,selected,False,123,21,2025-06-02 01:00:00,2025-06-07 19:00:00,139,106.22,True,True,29.063045501708984,68.90507583128554,97.96812133299453,0.0,0.1129619499988621,0.0,1.0
core_neuralprophet_frozen_s123,neuralprophet,frozen,selected,False,123,21,2025-06-02 01:00:00,2025-06-07 20:00:00,140,116.89,True,True,20.098411560058597,68.90507583128554,89.00348739134414,0.0,0.1129619499988621,0.0,1.0
core_neuralprophet_frozen_s123,neuralprophet,frozen,selected,False,123,21,2025-06-02 01:00:00,2025-06-07 21:00:00,141,128.1,True,True,35.29194641113281,68.90507583128554,104.19702224241836,0.0,0.1129619499988621,0.0,1.0
core_neuralprophet_frozen_s123,neuralprophet,frozen,selected,False,123,21,2025-06-02 01:00:00,2025-06-07 22:00:00,142,138.62,True,True,53.8667221069336,68.90507583128554,122.77179793821915,0.0,0.1129619499988621,0.0,1.0
core_neuralprophet_frozen_s123,neuralprophet,frozen,selected,False,123,21,2025-06-02 01:00:00,2025-06-07 23:00:00,143,147.74,True,True,63.77975463867188,68.90507583128554,132.68483046995743,0.0,0.1129619499988621,0.0,1.0
core_neuralprophet_frozen_s123,neuralprophet,frozen,selected,False,123,21,2025-06-02 01:00:00,2025-06-08 00:00:00,144,154.85,True,True,77.41937255859375,68.90507583128554,146.3244483898793,0.0,0.1129619499988621,0.0,1.0
core_neuralprophet_frozen_s123,neuralprophet,frozen,selected,False,123,21,2025-06-02 01:00:00,2025-06-08 01:00:00,145,171.91,True,True,53.60373306274414,68.90507583128554,122.50880889402968,0.0,0.1129619499988621,0.0,1.0
core_neuralprophet_frozen_s123,neuralprophet,frozen,selected,False,123,21,2025-06-02 01:00:00,2025-06-08 02:00:00,146,172.97,True,True,65.77189636230469,68.90507583128554,134.67697219359025,0.0,0.1129619499988621,0.0,1.0
core_neuralprophet_frozen_s123,neuralprophet,frozen,selected,False,123,21,2025-06-02 01:00:00,2025-06-08 03:00:00,147,180.31,True,True,69.3014907836914,68.90507583128554,138.20656661497696,0.0,0.1129619499988621,0.0,1.0
core_neuralprophet_frozen_s123,neuralprophet,frozen,selected,False,123,21,2025-06-02 01:00:00,2025-06-08 04:00:00,148,104.44,True,True,34.97645568847656,68.90507583128554,103.8815315197621,0.0,0.1129619499988621,0.0,1.0
core_neuralprophet_frozen_s123,neuralprophet,frozen,selected,False,123,21,2025-06-02 01:00:00,2025-06-08 05:00:00,149,74.95,True,True,16.95636558532715,68.90507583128554,85.86144141661269,0.0,0.1129619499988621,0.0,1.0
core_neuralprophet_frozen_s123,neuralprophet,frozen,selected,False,123,21,2025-06-02 01:00:00,2025-06-08 06:00:00,150,72.65,True,True,6.403046607971191,68.90507583128554,75.30812243925673,0.0,0.1129619499988621,0.0,1.0
core_neuralprophet_frozen_s123,neuralprophet,frozen,selected,False,123,21,2025-06-02 01:00:00,2025-06-08 07:00:00,151,75.11,True,True,0.2989537715911865,68.90507583128554,69.20402960287673,0.0,0.1129619499988621,0.0,1.0
core_neuralprophet_frozen_s123,neuralprophet,frozen,selected,False,123,21,2025-06-02 01:00:00,2025-06-08 08:00:00,152,77.15,True,True,1.352802038192749,68.90507583128554,70.25787786947829,0.0,0.1129619499988621,0.0,1.0
core_neuralprophet_frozen_s123,neuralprophet,frozen,selected,False,123,21,2025-06-02 01:00:00,2025-06-08 09:00:00,153,78.52,True,True,-6.153874397277832,68.90507583128554,62.75120143400771,0.0,0.1129619499988621,0.0,1.0
core_neuralprophet_frozen_s123,neuralprophet,frozen,selected,False,123,21,2025-06-02 01:00:00,2025-06-08 10:00:00,154,81.02,True,True,-2.741565465927124,68.90507583128554,66.16351036535842,0.0,0.1129619499988621,0.0,1.0
core_neuralprophet_frozen_s123,neuralprophet,frozen,selected,False,123,21,2025-06-02 01:00:00,2025-06-08 11:00:00,155,84.05,True,True,13.962037086486816,68.90507583128554,82.86711291777236,0.0,0.1129619499988621,0.0,1.0
core_neuralprophet_frozen_s123,neuralprophet,frozen,selected,False,123,21,2025-06-02 01:00:00,2025-06-08 12:00:00,156,86.65,True,True,2.0907506942749023,68.90507583128554,70.99582652556045,0.0,0.1129619499988621,0.0,1.0
core_neuralprophet_frozen_s123,neuralprophet,frozen,selected,False,123,21,2025-06-02 01:00:00,2025-06-08 13:00:00,157,88.71,True,True,9.313170433044434,68.90507583128554,78.21824626432998,0.0,0.1129619499988621,0.0,1.0
core_neuralprophet_frozen_s123,neuralprophet,frozen,selected,False,123,21,2025-06-02 01:00:00,2025-06-08 14:00:00,158,93.2,True,True,-2.229024648666382,68.90507583128554,66.67605118261916,0.0,0.1129619499988621,0.0,1.0
core_neuralprophet_frozen_s123,neuralprophet,frozen,selected,False,123,21,2025-06-02 01:00:00,2025-06-08 15:00:00,159,97.43,True,True,17.57341194152832,68.90507583128554,86.47848777281386,0.0,0.1129619499988621,0.0,1.0
core_neuralprophet_frozen_s123,neuralprophet,frozen,selected,False,123,21,2025-06-02 01:00:00,2025-06-08 16:00:00,160,98.75,True,True,16.501522064208984,68.90507583128554,85.40659789549453,0.0,0.1129619499988621,0.0,1.0
core_neuralprophet_frozen_s123,neuralprophet,frozen,selected,False,123,21,2025-06-02 01:00:00,2025-06-08 17:00:00,161,99.91,True,True,13.049104690551758,68.90507583128554,81.9541805218373,0.0,0.1129619499988621,0.0,1.0
core_neuralprophet_frozen_s123,neuralprophet,frozen,selected,False,123,21,2025-06-02 01:00:00,2025-06-08 18:00:00,162,100.83,True,True,26.29371452331543,68.90507583128554,95.19879035460097,0.0,0.1129619499988621,0.0,1.0
core_neuralprophet_frozen_s123,neuralprophet,frozen,selected,False,123,21,2025-06-02 01:00:00,2025-06-08 19:00:00,163,101.08,True,True,19.79547691345215,68.90507583128554,88.70055274473769,0.0,0.1129619499988621,0.0,1.0
core_neuralprophet_frozen_s123,neuralprophet,frozen,selected,False,123,21,2025-06-02 01:00:00,2025-06-08 20:00:00,164,102.18,True,True,25.771228790283203,68.90507583128554,94.67630462156875,0.0,0.1129619499988621,0.0,1.0
core_neuralprophet_frozen_s123,neuralprophet,frozen,selected,False,123,21,2025-06-02 01:00:00,2025-06-08 21:00:00,165,104.27,True,True,28.72844886779785,68.90507583128554,97.6335246990834,0.0,0.1129619499988621,0.0,1.0
core_neuralprophet_frozen_s123,neuralprophet,frozen,selected,False,123,21,2025-06-02 01:00:00,2025-06-08 22:00:00,166,108.48,True,True,20.33209991455078,68.90507583128554,89.23717574583632,0.0,0.1129619499988621,0.0,1.0
core_neuralprophet_frozen_s123,neuralprophet,frozen,selected,False,123,21,2025-06-02 01:00:00,2025-06-08 23:00:00,167,114.67,True,True,41.76692581176758,68.90507583128554,110.67200164305312,0.0,0.1129619499988621,0.0,1.0
core_neuralprophet_frozen_s123,neuralprophet,frozen,selected,False,123,21,2025-06-02 01:00:00,2025-06-09 00:00:00,168,126.33,True,True,29.243083953857425,68.90507583128554,98.14815978514297,0.0,0.1129619499988621,0.0,1.0
core_neuralprophet_frozen_s123,neuralprophet,frozen,selected,False,123,22,2025-06-09 01:00:00,2025-06-09 01:00:00,1,158.34,True,True,125.5207290649414,55.736693469882006,181.2574225348234,0.0,0.1129732209992653,0.0,1.0
core_neuralprophet_frozen_s123,neuralprophet,frozen,selected,False,123,22,2025-06-09 01:00:00,2025-06-09 02:00:00,2,176.42,True,True,109.80956268310548,55.736693469882006,165.5462561529875,0.0,0.1129732209992653,0.0,1.0
core_neuralprophet_frozen_s123,neuralprophet,frozen,selected,False,123,22,2025-06-09 01:00:00,2025-06-09 03:00:00,3,191.92,True,True,112.25888061523438,55.736693469882006,167.99557408511637,0.0,0.1129732209992653,0.0,1.0
core_neuralprophet_frozen_s123,neuralprophet,frozen,selected,False,123,22,2025-06-09 01:00:00,2025-06-09 04:00:00,4,171.79,True,True,104.19973754882812,55.736693469882006,159.93643101871012,0.0,0.1129732209992653,0.0,1.0
core_neuralprophet_frozen_s123,neuralprophet,frozen,selected,False,123,22,2025-06-09 01:00:00,2025-06-09 05:00:00,5,142.8,True,True,80.80335235595703,55.736693469882006,136.54004582583903,0.0,0.1129732209992653,0.0,1.0
core_neuralprophet_frozen_s123,neuralprophet,frozen,selected,False,123,22,2025-06-09 01:00:00,2025-06-09 06:00:00,6,122.66,True,True,63.360130310058594,55.736693469882006,119.09682377994059,0.0,0.1129732209992653,0.0,1.0
core_neuralprophet_frozen_s123,neuralprophet,frozen,selected,False,123,22,2025-06-09 01:00:00,2025-06-09 07:00:00,7,83.41,True,True,49.56147384643555,55.736693469882006,105.29816731631755,0.0,0.1129732209992653,0.0,1.0
core_neuralprophet_frozen_s123,neuralprophet,frozen,selected,False,123,22,2025-06-09 01:00:00,2025-06-09 08:00:00,8,47.78,True,True,29.386343002319336,55.736693469882006,85.12303647220133,0.0,0.1129732209992653,0.0,1.0
core_neuralprophet_frozen_s123,neuralprophet,frozen,selected,False,123,22,2025-06-09 01:00:00,2025-06-09 09:00:00,9,29.72,True,True,29.79306411743164,55.736693469882006,85.52975758731364,0.0,0.1129732209992653,0.0,1.0
core_neuralprophet_frozen_s123,neuralprophet,frozen,selected,False,123,22,2025-06-09 01:00:00,2025-06-09 10:00:00,10,23.67,True,True,35.145565032958984,55.736693469882006,90.88225850284098,0.0,0.1129732209992653,0.0,1.0
core_neuralprophet_frozen_s123,neuralprophet,frozen,selected,False,123,22,2025-06-09 01:00:00,2025-06-09 11:00:00,11,26.68,True,True,14.951859474182127,55.736693469882006,70.68855294406413,0.0,0.1129732209992653,0.0,1.0
core_neuralprophet_frozen_s123,neuralprophet,frozen,selected,False,123,22,2025-06-09 01:00:00,2025-06-09 12:00:00,12,34.32,True,True,18.013460159301758,55.736693469882006,73.75015362918376,0.0,0.1129732209992653,0.0,1.0
core_neuralprophet_frozen_s123,neuralprophet,frozen,selected,False,123,22,2025-06-09 01:00:00,2025-06-09 13:00:00,13,44.57,True,True,12.58090591430664,55.736693469882006,68.31759938418864,0.0,0.1129732209992653,0.0,1.0
core_neuralprophet_frozen_s123,neuralprophet,frozen,selected,False,123,22,2025-06-09 01:00:00,2025-06-09 14:00:00,14,50.09,True,True,24.785228729248047,55.736693469882006,80.52192219913005,0.0,0.1129732209992653,0.0,1.0
core_neuralprophet_frozen_s123,neuralprophet,frozen,selected,False,123,22,2025-06-09 01:00:00,2025-06-09 15:00:00,15,42.91,True,True,19.16716957092285,55.736693469882006,74.90386304080485,0.0,0.1129732209992653,0.0,1.0
core_neuralprophet_frozen_s123,neuralprophet,frozen,selected,False,123,22,2025-06-09 01:00:00,2025-06-09 16:00:00,16,20.31,True,True,19.99285697937012,55.736693469882006,75.72955044925213,0.0,0.1129732209992653,0.0,1.0
core_neuralprophet_frozen_s123,neuralprophet,frozen,selected,False,123,22,2025-06-09 01:00:00,2025-06-09 17:00:00,17,10.7,True,True,16.953693389892578,55.736693469882006,72.69038685977458,0.0,0.1129732209992653,0.0,1.0
core_neuralprophet_frozen_s123,neuralprophet,frozen,selected,False,123,22,2025-06-09 01:00:00,2025-06-09 18:00:00,18,7.82,True,True,3.838370323181152,55.736693469882006,59.57506379306316,0.0,0.1129732209992653,0.0,1.0
core_neuralprophet_frozen_s123,neuralprophet,frozen,selected,False,123,22,2025-06-09 01:00:00,2025-06-09 19:00:00,19,7.85,True,True,1.541717290878296,55.736693469882006,57.2784107607603,0.0,0.1129732209992653,0.0,1.0
core_neuralprophet_frozen_s123,neuralprophet,frozen,selected,False,123,22,2025-06-09 01:00:00,2025-06-09 20:00:00,20,9.45,True,True,11.461551666259766,55.736693469882006,67.19824513614176,0.0,0.1129732209992653,0.0,1.0
core_neuralprophet_frozen_s123,neuralprophet,frozen,selected,False,123,22,2025-06-09 01:00:00,2025-06-09 21:00:00,21,12.06,True,True,21.932802200317383,55.736693469882006,77.66949567019938,0.0,0.1129732209992653,0.0,1.0
core_neuralprophet_frozen_s123,neuralprophet,frozen,selected,False,123,22,2025-06-09 01:00:00,2025-06-09 22:00:00,22,14.91,True,True,22.52046585083008,55.736693469882006,78.25715932071209,0.0,0.1129732209992653,0.0,1.0
core_neuralprophet_frozen_s123,neuralprophet,frozen,selected,False,123,22,2025-06-09 01:00:00,2025-06-09 23:00:00,23,17.74,True,True,24.31707191467285,55.736693469882006,80.05376538455485,0.0,0.1129732209992653,0.0,1.0
core_neuralprophet_frozen_s123,neuralprophet,frozen,selected,False,123,22,2025-06-09 01:00:00,2025-06-10 00:00:00,24,20.22,True,True,37.61366653442383,55.736693469882006,93.35036000430583,0.0,0.1129732209992653,0.0,1.0
core_neuralprophet_frozen_s123,neuralprophet,frozen,selected,False,123,22,2025-06-09 01:00:00,2025-06-10 01:00:00,25,23.79,True,True,28.92611694335937,55.736693469882006,84.66281041324137,0.0,0.1129732209992653,0.0,1.0
core_neuralprophet_frozen_s123,neuralprophet,frozen,selected,False,123,22,2025-06-09 01:00:00,2025-06-10 02:00:00,26,26.6,True,True,27.09599876403809,55.736693469882006,82.8326922339201,0.0,0.1129732209992653,0.0,1.0
core_neuralprophet_frozen_s123,neuralprophet,frozen,selected,False,123,22,2025-06-09 01:00:00,2025-06-10 03:00:00,27,29.32,True,True,9.76786994934082,55.736693469882006,65.50456341922282,0.0,0.1129732209992653,0.0,1.0
core_neuralprophet_frozen_s123,neuralprophet,frozen,selected,False,123,22,2025-06-09 01:00:00,2025-06-10 04:00:00,28,15.98,True,True,-3.28755784034729,55.736693469882006,52.449135629534716,0.0,0.1129732209992653,0.0,1.0
core_neuralprophet_frozen_s123,neuralprophet,frozen,selected,False,123,22,2025-06-09 01:00:00,2025-06-10 05:00:00,29,15.15,True,True,4.392786979675293,55.736693469882006,60.1294804495573,0.0,0.1129732209992653,0.0,1.0
core_neuralprophet_frozen_s123,neuralprophet,frozen,selected,False,123,22,2025-06-09 01:00:00,2025-06-10 06:00:00,30,15.29,True,True,-16.131816864013672,55.736693469882006,39.604876605868334,0.0,0.1129732209992653,0.0,1.0
core_neuralprophet_frozen_s123,neuralprophet,frozen,selected,False,123,22,2025-06-09 01:00:00,2025-06-10 07:00:00,31,14.77,True,True,-9.008537292480469,55.736693469882006,46.72815617740154,0.0,0.1129732209992653,0.0,1.0
core_neuralprophet_frozen_s123,neuralprophet,frozen,selected,False,123,22,2025-06-09 01:00:00,2025-06-10 08:00:00,32,14.31,True,True,-16.00918960571289,55.736693469882006,39.727503864169115,0.0,0.1129732209992653,0.0,1.0
core_neuralprophet_frozen_s123,neuralprophet,frozen,selected,False,123,22,2025-06-09 01:00:00,2025-06-10 09:00:00,33,14.16,True,True,-17.126262664794922,55.736693469882006,38.610430805087084,0.0,0.1129732209992653,0.0,1.0
core_neuralprophet_frozen_s123,neuralprophet,frozen,selected,False,123,22,2025-06-09 01:00:00,2025-06-10 10:00:00,34,15.65,True,True,-20.592262268066406,55.736693469882006,35.1444312018156,0.0,0.1129732209992653,0.0,1.0
core_neuralprophet_frozen_s123,neuralprophet,frozen,selected,False,123,22,2025-06-09 01:00:00,2025-06-10 11:00:00,35,18.42,True,True,-25.278566360473636,55.736693469882006,30.45812710940837,0.0,0.1129732209992653,0.0,1.0
core_neuralprophet_frozen_s123,neuralprophet,frozen,selected,False,123,22,2025-06-09 01:00:00,2025-06-10 12:00:00,36,21.21,True,True,-22.214252471923828,55.736693469882006,33.52244099795818,0.0,0.1129732209992653,0.0,1.0
core_neuralprophet_frozen_s123,neuralprophet,frozen,selected,False,123,22,2025-06-09 01:00:00,2025-06-10 13:00:00,37,23.4,True,True,-14.709836959838867,55.736693469882006,41.02685651004314,0.0,0.1129732209992653,0.0,1.0
core_neuralprophet_frozen_s123,neuralprophet,frozen,selected,False,123,22,2025-06-09 01:00:00,2025-06-10 14:00:00,38,25.6,True,True,-13.27322769165039,55.736693469882006,42.463465778231615,0.0,0.1129732209992653,0.0,1.0
core_neuralprophet_frozen_s123,neuralprophet,frozen,selected,False,123,22,2025-06-09 01:00:00,2025-06-10 15:00:00,39,27.41,True,True,-11.974369049072266,55.736693469882006,43.76232442080974,0.0,0.1129732209992653,0.0,1.0
core_neuralprophet_frozen_s123,neuralprophet,frozen,selected,False,123,22,2025-06-09 01:00:00,2025-06-10 16:00:00,40,28.68,True,True,-22.03396797180176,55.736693469882006,33.70272549808024,0.0,0.1129732209992653,0.0,1.0
core_neuralprophet_frozen_s123,neuralprophet,frozen,selected,False,123,22,2025-06-09 01:00:00,2025-06-10 17:00:00,41,30.87,True,True,7.805712223052978,55.736693469882006,63.542405692934985,0.0,0.1129732209992653,0.0,1.0
core_neuralprophet_frozen_s123,neuralprophet,frozen,selected,False,123,22,2025-06-09 01:00:00,2025-06-10 18:00:00,42,33.03,True,True,1.1130108833312988,55.736693469882006,56.849704353213305,0.0,0.1129732209992653,0.0,1.0
core_neuralprophet_frozen_s123,neuralprophet,frozen,selected,False,123,22,2025-06-09 01:00:00,2025-06-10 19:00:00,43,35.11,True,True,18.466413497924805,55.736693469882006,74.2031069678068,0.0,0.1129732209992653,0.0,1.0
core_neuralprophet_frozen_s123,neuralprophet,frozen,selected,False,123,22,2025-06-09 01:00:00,2025-06-10 20:00:00,44,37.22,True,True,24.776105880737305,55.736693469882006,80.5127993506193,0.0,0.1129732209992653,0.0,1.0
core_neuralprophet_frozen_s123,neuralprophet,frozen,selected,False,123,22,2025-06-09 01:00:00,2025-06-10 21:00:00,45,39.44,True,True,18.19000625610352,55.736693469882006,73.92669972598553,0.0,0.1129732209992653,0.0,1.0
core_neuralprophet_frozen_s123,neuralprophet,frozen,selected,False,123,22,2025-06-09 01:00:00,2025-06-10 22:00:00,46,40.92,True,True,28.219318389892575,55.736693469882006,83.95601185977458,0.0,0.1129732209992653,0.0,1.0
core_neuralprophet_frozen_s123,neuralprophet,frozen,selected,False,123,22,2025-06-09 01:00:00,2025-06-10 23:00:00,47,42.62,True,True,37.797733306884766,55.736693469882006,93.53442677676676,0.0,0.1129732209992653,0.0,1.0
core_neuralprophet_frozen_s123,neuralprophet,frozen,selected,False,123,22,2025-06-09 01:00:00,2025-06-11 00:00:00,48,46.18,True,True,36.99892044067383,55.736693469882006,92.73561391055583,0.0,0.1129732209992653,0.0,1.0
core_neuralprophet_frozen_s123,neuralprophet,frozen,selected,False,123,22,2025-06-09 01:00:00,2025-06-11 01:00:00,49,60.26,True,True,58.41155624389648,55.736693469882006,114.14824971377848,0.0,0.1129732209992653,0.0,1.0
core_neuralprophet_frozen_s123,neuralprophet,frozen,selected,False,123,22,2025-06-09 01:00:00,2025-06-11 02:00:00,50,75.14,True,True,48.05282211303711,55.736693469882006,103.78951558291911,0.0,0.1129732209992653,0.0,1.0
core_neuralprophet_frozen_s123,neuralprophet,frozen,selected,False,123,22,2025-06-09 01:00:00,2025-06-11 03:00:00,51,98.09,True,True,37.41242218017578,55.736693469882006,93.14911565005778,0.0,0.1129732209992653,0.0,1.0
core_neuralprophet_frozen_s123,neuralprophet,frozen,selected,False,123,22,2025-06-09 01:00:00,2025-06-11 04:00:00,52,84.17,True,True,36.33247756958008,55.736693469882006,92.06917103946208,0.0,0.1129732209992653,0.0,1.0
core_neuralprophet_frozen_s123,neuralprophet,frozen,selected,False,123,22,2025-06-09 01:00:00,2025-06-11 05:00:00,53,78.78,True,True,36.163536071777344,55.736693469882006,91.90022954165934,0.0,0.1129732209992653,0.0,1.0
core_neuralprophet_frozen_s123,neuralprophet,frozen,selected,False,123,22,2025-06-09 01:00:00,2025-06-11 06:00:00,54,84.32,True,True,25.40449523925781,55.736693469882006,81.14118870913981,0.0,0.1129732209992653,0.0,1.0
core_neuralprophet_frozen_s123,neuralprophet,frozen,selected,False,123,22,2025-06-09 01:00:00,2025-06-11 07:00:00,55,91.92,True,True,13.566412925720217,55.736693469882006,69.30310639560223,0.0,0.1129732209992653,0.0,1.0
core_neuralprophet_frozen_s123,neuralprophet,frozen,selected,False,123,22,2025-06-09 01:00:00,2025-06-11 08:00:00,56,97.34,True,True,8.82319164276123,55.736693469882006,64.55988511264323,0.0,0.1129732209992653,0.0,1.0
core_neuralprophet_frozen_s123,neuralprophet,frozen,selected,False,123,22,2025-06-09 01:00:00,2025-06-11 09:00:00,57,99.94,True,True,14.584754943847656,55.736693469882006,70.32144841372966,0.0,0.1129732209992653,0.0,1.0
core_neuralprophet_frozen_s123,neuralprophet,frozen,selected,False,123,22,2025-06-09 01:00:00,2025-06-11 10:00:00,58,101.17,True,True,16.031845092773438,55.736693469882006,71.76853856265544,0.0,0.1129732209992653,0.0,1.0
core_neuralprophet_frozen_s123,neuralprophet,frozen,selected,False,123,22,2025-06-09 01:00:00,2025-06-11 11:00:00,59,101.84,True,True,10.57252597808838,55.736693469882006,66.30921944797039,0.0,0.1129732209992653,0.0,1.0
core_neuralprophet_frozen_s123,neuralprophet,frozen,selected,False,123,22,2025-06-09 01:00:00,2025-06-11 12:00:00,60,101.79,True,True,6.575523853302002,55.736693469882006,62.31221732318401,0.0,0.1129732209992653,0.0,1.0
core_neuralprophet_frozen_s123,neuralprophet,frozen,selected,False,123,22,2025-06-09 01:00:00,2025-06-11 13:00:00,61,99.36,True,True,-12.942861557006836,55.736693469882006,42.79383191287517,0.0,0.1129732209992653,0.0,1.0
core_neuralprophet_frozen_s123,neuralprophet,frozen,selected,False,123,22,2025-06-09 01:00:00,2025-06-11 14:00:00,62,96.72,True,True,0.0576009154319763,55.736693469882006,55.79429438531398,0.0,0.1129732209992653,0.0,1.0
core_neuralprophet_frozen_s123,neuralprophet,frozen,selected,False,123,22,2025-06-09 01:00:00,2025-06-11 15:00:00,63,92.8,True,True,-3.0277533531188965,55.736693469882006,52.70894011676311,0.0,0.1129732209992653,0.0,1.0
core_neuralprophet_frozen_s123,neuralprophet,frozen,selected,False,123,22,2025-06-09 01:00:00,2025-06-11 16:00:00,64,86.85,True,True,13.164788246154783,55.736693469882006,68.90148171603678,0.0,0.1129732209992653,0.0,1.0
core_neuralprophet_frozen_s123,neuralprophet,frozen,selected,False,123,22,2025-06-09 01:00:00,2025-06-11 17:00:00,65,81.91,True,True,8.593673706054688,55.736693469882006,64.33036717593669,0.0,0.1129732209992653,0.0,1.0
core_neuralprophet_frozen_s123,neuralprophet,frozen,selected,False,123,22,2025-06-09 01:00:00,2025-06-11 18:00:00,66,79.52,True,True,5.029805660247803,55.736693469882006,60.76649913012981,0.0,0.1129732209992653,0.0,1.0
core_neuralprophet_frozen_s123,neuralprophet,frozen,selected,False,123,22,2025-06-09 01:00:00,2025-06-11 19:00:00,67,79.06,True,True,18.059898376464844,55.736693469882006,73.79659184634684,0.0,0.1129732209992653,0.0,1.0
core_neuralprophet_frozen_s123,neuralprophet,frozen,selected,False,123,22,2025-06-09 01:00:00,2025-06-11 20:00:00,68,79.5,True,True,-10.563813209533691,55.736693469882006,45.172880260348315,0.0,0.1129732209992653,0.0,1.0
core_neuralprophet_frozen_s123,neuralprophet,frozen,selected,False,123,22,2025-06-09 01:00:00,2025-06-11 21:00:00,69,79.85,True,True,-9.855904579162598,55.736693469882006,45.88078889071941,0.0,0.1129732209992653,0.0,1.0
core_neuralprophet_frozen_s123,neuralprophet,frozen,selected,False,123,22,2025-06-09 01:00:00,2025-06-11 22:00:00,70,75.8,True,True,25.835542678833008,55.736693469882006,81.572236148715,0.0,0.1129732209992653,0.0,1.0
core_neuralprophet_frozen_s123,neuralprophet,frozen,selected,False,123,22,2025-06-09 01:00:00,2025-06-11 23:00:00,71,68.71,True,True,14.759450912475586,55.736693469882006,70.49614438235758,0.0,0.1129732209992653,0.0,1.0
core_neuralprophet_frozen_s123,neuralprophet,frozen,selected,False,123,22,2025-06-09 01:00:00,2025-06-12 00:00:00,72,62.9,True,True,2.1110517978668213,55.736693469882006,57.84774526774883,0.0,0.1129732209992653,0.0,1.0
core_neuralprophet_frozen_s123,neuralprophet,frozen,selected,False,123,22,2025-06-09 01:00:00,2025-06-12 01:00:00,73,59.25,True,True,9.304047584533691,55.736693469882006,65.04074105441569,0.0,0.1129732209992653,0.0,1.0
core_neuralprophet_frozen_s123,neuralprophet,frozen,selected,False,123,22,2025-06-09 01:00:00,2025-06-12 02:00:00,74,59.6,True,True,0.1894347071647644,55.736693469882006,55.92612817704677,0.0,0.1129732209992653,0.0,1.0
core_neuralprophet_frozen_s123,neuralprophet,frozen,selected,False,123,22,2025-06-09 01:00:00,2025-06-12 03:00:00,75,66.62,True,True,12.083816528320312,55.736693469882006,67.82050999820231,0.0,0.1129732209992653,0.0,1.0
core_neuralprophet_frozen_s123,neuralprophet,frozen,selected,False,123,22,2025-06-09 01:00:00,2025-06-12 04:00:00,76,73.98,True,True,-12.602140426635742,55.736693469882006,43.134553043246264,0.0,0.1129732209992653,0.0,1.0
core_neuralprophet_frozen_s123,neuralprophet,frozen,selected,False,123,22,2025-06-09 01:00:00,2025-06-12 05:00:00,77,75.26,True,True,14.691150665283203,55.736693469882006,70.4278441351652,0.0,0.1129732209992653,0.0,1.0
core_neuralprophet_frozen_s123,neuralprophet,frozen,selected,False,123,22,2025-06-09 01:00:00,2025-06-12 06:00:00,78,73.21,True,True,11.338265419006348,55.736693469882006,67.07495888888835,0.0,0.1129732209992653,0.0,1.0
core_neuralprophet_frozen_s123,neuralprophet,frozen,selected,False,123,22,2025-06-09 01:00:00,2025-06-12 07:00:00,79,72.03,True,True,4.734248161315918,55.736693469882006,60.470941631197924,0.0,0.1129732209992653,0.0,1.0
core_neuralprophet_frozen_s123,neuralprophet,frozen,selected,False,123,22,2025-06-09 01:00:00,2025-06-12 08:00:00,80,72.25,True,True,-3.675251245498657,55.736693469882006,52.06144222438335,0.0,0.1129732209992653,0.0,1.0
core_neuralprophet_frozen_s123,neuralprophet,frozen,selected,False,123,22,2025-06-09 01:00:00,2025-06-12 09:00:00,81,74.2,True,True,-8.394638061523438,55.736693469882006,47.34205540835857,0.0,0.1129732209992653,0.0,1.0
core_neuralprophet_frozen_s123,neuralprophet,frozen,selected,False,123,22,2025-06-09 01:00:00,2025-06-12 10:00:00,82,76.94,True,True,-31.242626190185547,55.736693469882006,24.49406727969646,0.0,0.1129732209992653,0.0,1.0
core_neuralprophet_frozen_s123,neuralprophet,frozen,selected,False,123,22,2025-06-09 01:00:00,2025-06-12 11:00:00,83,79.41,True,True,-9.764180183410645,55.736693469882006,45.97251328647136,0.0,0.1129732209992653,0.0,1.0
core_neuralprophet_frozen_s123,neuralprophet,frozen,selected,False,123,22,2025-06-09 01:00:00,2025-06-12 12:00:00,84,80.37,True,True,-3.6427652835845943,55.736693469882006,52.09392818629741,0.0,0.1129732209992653,0.0,1.0
core_neuralprophet_frozen_s123,neuralprophet,frozen,selected,False,123,22,2025-06-09 01:00:00,2025-06-12 13:00:00,85,78.5,True,True,-2.7183878421783447,55.736693469882006,53.01830562770366,0.0,0.1129732209992653,0.0,1.0
core_neuralprophet_frozen_s123,neuralprophet,frozen,selected,False,123,22,2025-06-09 01:00:00,2025-06-12 14:00:00,86,75.41,True,True,-15.806528091430664,55.736693469882006,39.93016537845134,0.0,0.1129732209992653,0.0,1.0
core_neuralprophet_frozen_s123,neuralprophet,frozen,selected,False,123,22,2025-06-09 01:00:00,2025-06-12 15:00:00,87,70.32,True,True,-25.768638610839844,55.736693469882006,29.968054859042162,0.0,0.1129732209992653,0.0,1.0
core_neuralprophet_frozen_s123,neuralprophet,frozen,selected,False,123,22,2025-06-09 01:00:00,2025-06-12 16:00:00,88,64.01,True,True,-14.650917053222656,55.736693469882006,41.08577641665935,0.0,0.1129732209992653,0.0,1.0
core_neuralprophet_frozen_s123,neuralprophet,frozen,selected,False,123,22,2025-06-09 01:00:00,2025-06-12 17:00:00,89,60.76,True,True,4.207200527191162,55.736693469882006,59.94389399707317,0.0,0.1129732209992653,0.0,1.0
core_neuralprophet_frozen_s123,neuralprophet,frozen,selected,False,123,22,2025-06-09 01:00:00,2025-06-12 18:00:00,90,60.36,True,True,5.373300552368164,55.736693469882006,61.10999402225017,0.0,0.1129732209992653,0.0,1.0
core_neuralprophet_frozen_s123,neuralprophet,frozen,selected,False,123,22,2025-06-09 01:00:00,2025-06-12 19:00:00,91,61.03,True,True,11.864819526672363,55.736693469882006,67.60151299655436,0.0,0.1129732209992653,0.0,1.0
core_neuralprophet_frozen_s123,neuralprophet,frozen,selected,False,123,22,2025-06-09 01:00:00,2025-06-12 20:00:00,92,62.91,True,True,9.855052947998049,55.736693469882006,65.59174641788006,0.0,0.1129732209992653,0.0,1.0
core_neuralprophet_frozen_s123,neuralprophet,frozen,selected,False,123,22,2025-06-09 01:00:00,2025-06-12 21:00:00,93,64.59,True,True,0.6080316305160522,55.736693469882006,56.34472510039806,0.0,0.1129732209992653,0.0,1.0
core_neuralprophet_frozen_s123,neuralprophet,frozen,selected,False,123,22,2025-06-09 01:00:00,2025-06-12 22:00:00,94,64.79,True,True,41.68641662597656,55.736693469882006,97.42311009585856,0.0,0.1129732209992653,0.0,1.0
core_neuralprophet_frozen_s123,neuralprophet,frozen,selected,False,123,22,2025-06-09 01:00:00,2025-06-12 23:00:00,95,63.91,True,True,21.984664916992188,55.736693469882006,77.72135838687419,0.0,0.1129732209992653,0.0,1.0
core_neuralprophet_frozen_s123,neuralprophet,frozen,selected,False,123,22,2025-06-09 01:00:00,2025-06-13 00:00:00,96,63.63,True,True,39.083274841308594,55.736693469882006,94.81996831119059,0.0,0.1129732209992653,0.0,1.0
core_neuralprophet_frozen_s123,neuralprophet,frozen,selected,False,123,22,2025-06-09 01:00:00,2025-06-13 01:00:00,97,66.41,True,True,21.985980987548828,55.736693469882006,77.72267445743083,0.0,0.1129732209992653,0.0,1.0
core_neuralprophet_frozen_s123,neuralprophet,frozen,selected,False,123,22,2025-06-09 01:00:00,2025-06-13 02:00:00,98,71.33,True,True,49.96202850341797,55.736693469882006,105.69872197329997,0.0,0.1129732209992653,0.0,1.0
core_neuralprophet_frozen_s123,neuralprophet,frozen,selected,False,123,22,2025-06-09 01:00:00,2025-06-13 03:00:00,99,82.48,True,True,60.15654373168945,55.736693469882006,115.89323720157145,0.0,0.1129732209992653,0.0,1.0
core_neuralprophet_frozen_s123,neuralprophet,frozen,selected,False,123,22,2025-06-09 01:00:00,2025-06-13 04:00:00,100,94.66,True,True,33.75123977661133,55.736693469882006,89.48793324649333,0.0,0.1129732209992653,0.0,1.0
core_neuralprophet_frozen_s123,neuralprophet,frozen,selected,False,123,22,2025-06-09 01:00:00,2025-06-13 05:00:00,101,95.64,True,True,40.86993789672852,55.736693469882006,96.60663136661053,0.0,0.1129732209992653,0.0,1.0
core_neuralprophet_frozen_s123,neuralprophet,frozen,selected,False,123,22,2025-06-09 01:00:00,2025-06-13 06:00:00,102,89.85,True,True,52.53311538696289,55.736693469882006,108.26980885684489,0.0,0.1129732209992653,0.0,1.0
core_neuralprophet_frozen_s123,neuralprophet,frozen,selected,False,123,22,2025-06-09 01:00:00,2025-06-13 07:00:00,103,85.13,True,True,43.9265251159668,55.736693469882006,99.6632185858488,0.0,0.1129732209992653,0.0,1.0
core_neuralprophet_frozen_s123,neuralprophet,frozen,selected,False,123,22,2025-06-09 01:00:00,2025-06-13 08:00:00,104,81.83,True,True,36.204139709472656,55.736693469882006,91.94083317935466,0.0,0.1129732209992653,0.0,1.0
core_neuralprophet_frozen_s123,neuralprophet,frozen,selected,False,123,22,2025-06-09 01:00:00,2025-06-13 09:00:00,105,80.16,True,True,32.565311431884766,55.736693469882006,88.30200490176676,0.0,0.1129732209992653,0.0,1.0
core_neuralprophet_frozen_s123,neuralprophet,frozen,selected,False,123,22,2025-06-09 01:00:00,2025-06-13 10:00:00,106,81.73,True,True,46.8277702331543,55.736693469882006,102.5644637030363,0.0,0.1129732209992653,0.0,1.0
core_neuralprophet_frozen_s123,neuralprophet,frozen,selected,False,123,22,2025-06-09 01:00:00,2025-06-13 11:00:00,107,85.72,True,True,38.20309829711914,55.736693469882006,93.93979176700114,0.0,0.1129732209992653,0.0,1.0
core_neuralprophet_frozen_s123,neuralprophet,frozen,selected,False,123,22,2025-06-09 01:00:00,2025-06-13 12:00:00,108,89.84,True,True,44.15468597412109,55.736693469882006,99.89137944400309,0.0,0.1129732209992653,0.0,1.0
core_neuralprophet_frozen_s123,neuralprophet,frozen,selected,False,123,22,2025-06-09 01:00:00,2025-06-13 13:00:00,109,93.15,True,True,48.98675537109375,55.736693469882006,104.72344884097575,0.0,0.1129732209992653,0.0,1.0
core_neuralprophet_frozen_s123,neuralprophet,frozen,selected,False,123,22,2025-06-09 01:00:00,2025-06-13 14:00:00,110,96.12,True,True,47.96828842163086,55.736693469882006,103.70498189151286,0.0,0.1129732209992653,0.0,1.0
core_neuralprophet_frozen_s123,neuralprophet,frozen,selected,False,123,22,2025-06-09 01:00:00,2025-06-13 15:00:00,111,96.41,True,True,41.20580673217773,55.736693469882006,96.94250020205973,0.0,0.1129732209992653,0.0,1.0
core_neuralprophet_frozen_s123,neuralprophet,frozen,selected,False,123,22,2025-06-09 01:00:00,2025-06-13 16:00:00,112,93.86,True,True,39.06229782104492,55.736693469882006,94.79899129092692,0.0,0.1129732209992653,0.0,1.0
core_neuralprophet_frozen_s123,neuralprophet,frozen,selected,False,123,22,2025-06-09 01:00:00,2025-06-13 17:00:00,113,83.3,True,True,35.396121978759766,55.736693469882006,91.13281544864176,0.0,0.1129732209992653,0.0,1.0
core_neuralprophet_frozen_s123,neuralprophet,frozen,selected,False,123,22,2025-06-09 01:00:00,2025-06-13 18:00:00,114,75.73,True,True,35.72650909423828,55.736693469882006,91.46320256412028,0.0,0.1129732209992653,0.0,1.0
core_neuralprophet_frozen_s123,neuralprophet,frozen,selected,False,123,22,2025-06-09 01:00:00,2025-06-13 19:00:00,115,71.15,True,True,25.659757614135746,55.736693469882006,81.39645108401776,0.0,0.1129732209992653,0.0,1.0
core_neuralprophet_frozen_s123,neuralprophet,frozen,selected,False,123,22,2025-06-09 01:00:00,2025-06-13 20:00:00,116,68.65,True,True,21.34608459472656,55.736693469882006,77.08277806460856,0.0,0.1129732209992653,0.0,1.0
core_neuralprophet_frozen_s123,neuralprophet,frozen,selected,False,123,22,2025-06-09 01:00:00,2025-06-13 21:00:00,117,68.08,True,True,33.735626220703125,55.736693469882006,89.47231969058512,0.0,0.1129732209992653,0.0,1.0
core_neuralprophet_frozen_s123,neuralprophet,frozen,selected,False,123,22,2025-06-09 01:00:00,2025-06-13 22:00:00,118,66.61,True,True,51.070594787597656,55.736693469882006,106.80728825747966,0.0,0.1129732209992653,0.0,1.0
core_neuralprophet_frozen_s123,neuralprophet,frozen,selected,False,123,22,2025-06-09 01:00:00,2025-06-13 23:00:00,119,63.17,True,True,34.7387809753418,55.736693469882006,90.4754744452238,0.0,0.1129732209992653,0.0,1.0
core_neuralprophet_frozen_s123,neuralprophet,frozen,selected,False,123,22,2025-06-09 01:00:00,2025-06-14 00:00:00,120,62.69,True,True,33.45334243774414,55.736693469882006,89.19003590762614,0.0,0.1129732209992653,0.0,1.0
core_neuralprophet_frozen_s123,neuralprophet,frozen,selected,False,123,22,2025-06-09 01:00:00,2025-06-14 01:00:00,121,63.99,True,True,42.429420471191406,55.736693469882006,98.1661139410734,0.0,0.1129732209992653,0.0,1.0
core_neuralprophet_frozen_s123,neuralprophet,frozen,selected,False,123,22,2025-06-09 01:00:00,2025-06-14 02:00:00,122,63.91,True,True,56.06612014770508,55.736693469882006,111.80281361758708,0.0,0.1129732209992653,0.0,1.0
core_neuralprophet_frozen_s123,neuralprophet,frozen,selected,False,123,22,2025-06-09 01:00:00,2025-06-14 03:00:00,123,66.76,True,True,44.80662155151367,55.736693469882006,100.54331502139567,0.0,0.1129732209992653,0.0,1.0
core_neuralprophet_frozen_s123,neuralprophet,frozen,selected,False,123,22,2025-06-09 01:00:00,2025-06-14 04:00:00,124,68.52,True,True,37.0434684753418,55.736693469882006,92.7801619452238,0.0,0.1129732209992653,0.0,1.0
core_neuralprophet_frozen_s123,neuralprophet,frozen,selected,False,123,22,2025-06-09 01:00:00,2025-06-14 05:00:00,125,66.03,True,True,20.82388687133789,55.736693469882006,76.56058034121989,0.0,0.1129732209992653,0.0,1.0
core_neuralprophet_frozen_s123,neuralprophet,frozen,selected,False,123,22,2025-06-09 01:00:00,2025-06-14 06:00:00,126,62.59,True,True,11.754068374633787,55.736693469882006,67.49076184451579,0.0,0.1129732209992653,0.0,1.0
core_neuralprophet_frozen_s123,neuralprophet,frozen,selected,False,123,22,2025-06-09 01:00:00,2025-06-14 07:00:00,127,59.91,True,True,17.801490783691406,55.736693469882006,73.5381842535734,0.0,0.1129732209992653,0.0,1.0
core_neuralprophet_frozen_s123,neuralprophet,frozen,selected,False,123,22,2025-06-09 01:00:00,2025-06-14 08:00:00,128,58.87,True,True,-4.34970760345459,55.736693469882006,51.386985866427416,0.0,0.1129732209992653,0.0,1.0
core_neuralprophet_frozen_s123,neuralprophet,frozen,selected,False,123,22,2025-06-09 01:00:00,2025-06-14 09:00:00,129,59.09,True,True,4.915149688720703,55.736693469882006,60.65184315860271,0.0,0.1129732209992653,0.0,1.0
core_neuralprophet_frozen_s123,neuralprophet,frozen,selected,False,123,22,2025-06-09 01:00:00,2025-06-14 10:00:00,130,60.27,True,True,-5.725907802581787,55.736693469882006,50.01078566730022,0.0,0.1129732209992653,0.0,1.0
core_neuralprophet_frozen_s123,neuralprophet,frozen,selected,False,123,22,2025-06-09 01:00:00,2025-06-14 11:00:00,131,63.47,True,True,8.851054191589355,55.736693469882006,64.58774766147135,0.0,0.1129732209992653,0.0,1.0
core_neuralprophet_frozen_s123,neuralprophet,frozen,selected,False,123,22,2025-06-09 01:00:00,2025-06-14 12:00:00,132,67.83,True,True,3.1630098819732666,55.736693469882006,58.89970335185527,0.0,0.1129732209992653,0.0,1.0
core_neuralprophet_frozen_s123,neuralprophet,frozen,selected,False,123,22,2025-06-09 01:00:00,2025-06-14 13:00:00,133,72.6,True,True,20.43146705627441,55.736693469882006,76.16816052615641,0.0,0.1129732209992653,0.0,1.0
core_neuralprophet_frozen_s123,neuralprophet,frozen,selected,False,123,22,2025-06-09 01:00:00,2025-06-14 14:00:00,134,76.78,True,True,35.253028869628906,55.736693469882006,90.9897223395109,0.0,0.1129732209992653,0.0,1.0
core_neuralprophet_frozen_s123,neuralprophet,frozen,selected,False,123,22,2025-06-09 01:00:00,2025-06-14 15:00:00,135,80.37,True,True,23.545095443725582,55.736693469882006,79.28178891360758,0.0,0.1129732209992653,0.0,1.0
core_neuralprophet_frozen_s123,neuralprophet,frozen,selected,False,123,22,2025-06-09 01:00:00,2025-06-14 16:00:00,136,82.35,True,True,34.390602111816406,55.736693469882006,90.1272955816984,0.0,0.1129732209992653,0.0,1.0
core_neuralprophet_frozen_s123,neuralprophet,frozen,selected,False,123,22,2025-06-09 01:00:00,2025-06-14 17:00:00,137,84.18,True,True,22.86813163757324,55.736693469882006,78.60482510745524,0.0,0.1129732209992653,0.0,1.0
core_neuralprophet_frozen_s123,neuralprophet,frozen,selected,False,123,22,2025-06-09 01:00:00,2025-06-14 18:00:00,138,87.05,True,True,21.371070861816406,55.736693469882006,77.1077643316984,0.0,0.1129732209992653,0.0,1.0
core_neuralprophet_frozen_s123,neuralprophet,frozen,selected,False,123,22,2025-06-09 01:00:00,2025-06-14 19:00:00,139,93.04,True,True,34.04141616821289,55.736693469882006,89.77810963809489,0.0,0.1129732209992653,0.0,1.0
core_neuralprophet_frozen_s123,neuralprophet,frozen,selected,False,123,22,2025-06-09 01:00:00,2025-06-14 20:00:00,140,99.01,True,True,44.71397018432617,55.736693469882006,100.45066365420817,0.0,0.1129732209992653,0.0,1.0
core_neuralprophet_frozen_s123,neuralprophet,frozen,selected,False,123,22,2025-06-09 01:00:00,2025-06-14 21:00:00,141,103.9,True,True,39.065040588378906,55.736693469882006,94.8017340582609,0.0,0.1129732209992653,0.0,1.0
core_neuralprophet_frozen_s123,neuralprophet,frozen,selected,False,123,22,2025-06-09 01:00:00,2025-06-14 22:00:00,142,107.77,True,True,58.54825973510742,55.736693469882006,114.28495320498942,0.0,0.1129732209992653,0.0,1.0
core_neuralprophet_frozen_s123,neuralprophet,frozen,selected,False,123,22,2025-06-09 01:00:00,2025-06-14 23:00:00,143,109.7,True,True,51.05976867675781,55.736693469882006,106.79646214663981,0.0,0.1129732209992653,0.0,1.0
core_neuralprophet_frozen_s123,neuralprophet,frozen,selected,False,123,22,2025-06-09 01:00:00,2025-06-15 00:00:00,144,108.51,True,True,55.07268524169922,55.736693469882006,110.80937871158122,0.0,0.1129732209992653,0.0,1.0
core_neuralprophet_frozen_s123,neuralprophet,frozen,selected,False,123,22,2025-06-09 01:00:00,2025-06-15 01:00:00,145,78.38,True,True,45.75715637207031,55.736693469882006,101.49384984195231,0.0,0.1129732209992653,0.0,1.0
core_neuralprophet_frozen_s123,neuralprophet,frozen,selected,False,123,22,2025-06-09 01:00:00,2025-06-15 02:00:00,146,55.37,True,True,41.74715805053711,55.736693469882006,97.48385152041911,0.0,0.1129732209992653,0.0,1.0
core_neuralprophet_frozen_s123,neuralprophet,frozen,selected,False,123,22,2025-06-09 01:00:00,2025-06-15 03:00:00,147,45.04,True,True,33.25645446777344,55.736693469882006,88.99314793765544,0.0,0.1129732209992653,0.0,1.0
core_neuralprophet_frozen_s123,neuralprophet,frozen,selected,False,123,22,2025-06-09 01:00:00,2025-06-15 04:00:00,148,16.64,True,True,11.43360710144043,55.736693469882006,67.17030057132243,0.0,0.1129732209992653,0.0,1.0
core_neuralprophet_frozen_s123,neuralprophet,frozen,selected,False,123,22,2025-06-09 01:00:00,2025-06-15 05:00:00,149,9.68,True,True,2.756700277328491,55.736693469882006,58.4933937472105,0.0,0.1129732209992653,0.0,1.0
core_neuralprophet_frozen_s123,neuralprophet,frozen,selected,False,123,22,2025-06-09 01:00:00,2025-06-15 06:00:00,150,8.31,True,True,30.880239486694336,55.736693469882006,86.61693295657633,0.0,0.1129732209992653,0.0,1.0
core_neuralprophet_frozen_s123,neuralprophet,frozen,selected,False,123,22,2025-06-09 01:00:00,2025-06-15 07:00:00,151,7.98,True,True,-15.791959762573242,55.736693469882006,39.944733707308764,0.0,0.1129732209992653,0.0,1.0
core_neuralprophet_frozen_s123,neuralprophet,frozen,selected,False,123,22,2025-06-09 01:00:00,2025-06-15 08:00:00,152,8.07,True,True,9.484784126281738,55.736693469882006,65.22147759616374,0.0,0.1129732209992653,0.0,1.0
core_neuralprophet_frozen_s123,neuralprophet,frozen,selected,False,123,22,2025-06-09 01:00:00,2025-06-15 09:00:00,153,7.99,True,True,1.950286865234375,55.736693469882006,57.68698033511638,0.0,0.1129732209992653,0.0,1.0
core_neuralprophet_frozen_s123,neuralprophet,frozen,selected,False,123,22,2025-06-09 01:00:00,2025-06-15 10:00:00,154,7.95,True,True,13.317498207092283,55.736693469882006,69.05419167697428,0.0,0.1129732209992653,0.0,1.0
core_neuralprophet_frozen_s123,neuralprophet,frozen,selected,False,123,22,2025-06-09 01:00:00,2025-06-15 11:00:00,155,7.65,True,True,6.606797218322754,55.736693469882006,62.34349068820476,0.0,0.1129732209992653,0.0,1.0
core_neuralprophet_frozen_s123,neuralprophet,frozen,selected,False,123,22,2025-06-09 01:00:00,2025-06-15 12:00:00,156,6.58,True,True,-4.588717937469482,55.736693469882006,51.147975532412524,0.0,0.1129732209992653,0.0,1.0
core_neuralprophet_frozen_s123,neuralprophet,frozen,selected,False,123,22,2025-06-09 01:00:00,2025-06-15 13:00:00,157,5.75,True,True,5.574729442596436,55.736693469882006,61.31142291247844,0.0,0.1129732209992653,0.0,1.0
core_neuralprophet_frozen_s123,neuralprophet,frozen,selected,False,123,22,2025-06-09 01:00:00,2025-06-15 14:00:00,158,5.51,True,True,-8.25935173034668,55.736693469882006,47.477341739535326,0.0,0.1129732209992653,0.0,1.0
core_neuralprophet_frozen_s123,neuralprophet,frozen,selected,False,123,22,2025-06-09 01:00:00,2025-06-15 15:00:00,159,5.25,True,True,-0.3155445456504822,55.736693469882006,55.421148924231524,0.0,0.1129732209992653,0.0,1.0
core_neuralprophet_frozen_s123,neuralprophet,frozen,selected,False,123,22,2025-06-09 01:00:00,2025-06-15 16:00:00,160,4.8,True,True,-9.79718017578125,55.736693469882006,45.939513294100756,0.0,0.1129732209992653,0.0,1.0
core_neuralprophet_frozen_s123,neuralprophet,frozen,selected,False,123,22,2025-06-09 01:00:00,2025-06-15 17:00:00,161,4.56,True,True,19.31281280517578,55.736693469882006,75.04950627505778,0.0,0.1129732209992653,0.0,1.0
core_neuralprophet_frozen_s123,neuralprophet,frozen,selected,False,123,22,2025-06-09 01:00:00,2025-06-15 18:00:00,162,4.45,True,True,-0.7425249218940735,55.736693469882006,54.99416854798793,0.0,0.1129732209992653,0.0,1.0
core_neuralprophet_frozen_s123,neuralprophet,frozen,selected,False,123,22,2025-06-09 01:00:00,2025-06-15 19:00:00,163,4.35,True,True,31.367876052856445,55.736693469882006,87.10456952273844,0.0,0.1129732209992653,0.0,1.0
core_neuralprophet_frozen_s123,neuralprophet,frozen,selected,False,123,22,2025-06-09 01:00:00,2025-06-15 20:00:00,164,4.28,True,True,-4.9373297691345215,55.736693469882006,50.799363700747485,0.0,0.1129732209992653,0.0,1.0
core_neuralprophet_frozen_s123,neuralprophet,frozen,selected,False,123,22,2025-06-09 01:00:00,2025-06-15 21:00:00,165,4.25,True,True,10.292266845703123,55.736693469882006,66.02896031558512,0.0,0.1129732209992653,0.0,1.0
core_neuralprophet_frozen_s123,neuralprophet,frozen,selected,False,123,22,2025-06-09 01:00:00,2025-06-15 22:00:00,166,4.37,True,True,15.651506423950195,55.736693469882006,71.3881998938322,0.0,0.1129732209992653,0.0,1.0
core_neuralprophet_frozen_s123,neuralprophet,frozen,selected,False,123,22,2025-06-09 01:00:00,2025-06-15 23:00:00,167,4.76,True,True,31.26066017150879,55.736693469882006,86.99735364139079,0.0,0.1129732209992653,0.0,1.0
core_neuralprophet_frozen_s123,neuralprophet,frozen,selected,False,123,22,2025-06-09 01:00:00,2025-06-16 00:00:00,168,5.25,True,True,16.947837829589844,55.736693469882006,72.68453129947184,0.0,0.1129732209992653,0.0,1.0
core_neuralprophet_frozen_s123,neuralprophet,frozen,selected,False,123,23,2025-06-16 01:00:00,2025-06-16 01:00:00,1,5.48,True,True,10.394994735717772,39.09442965626717,49.48942439198494,0.0,0.1145155560006969,0.0,1.0
core_neuralprophet_frozen_s123,neuralprophet,frozen,selected,False,123,23,2025-06-16 01:00:00,2025-06-16 02:00:00,2,5.18,True,True,5.208631992340088,39.09442965626717,44.303061648607255,0.0,0.1145155560006969,0.0,1.0
core_neuralprophet_frozen_s123,neuralprophet,frozen,selected,False,123,23,2025-06-16 01:00:00,2025-06-16 03:00:00,3,4.44,True,True,12.215239524841309,39.09442965626717,51.309669181108475,0.0,0.1145155560006969,0.0,1.0
core_neuralprophet_frozen_s123,neuralprophet,frozen,selected,False,123,23,2025-06-16 01:00:00,2025-06-16 04:00:00,4,2.25,True,True,1.8660826683044436,39.09442965626717,40.96051232457161,0.0,0.1145155560006969,0.0,1.0
core_neuralprophet_frozen_s123,neuralprophet,frozen,selected,False,123,23,2025-06-16 01:00:00,2025-06-16 05:00:00,5,2.03,True,True,13.566494941711426,39.09442965626717,52.66092459797859,0.0,0.1145155560006969,0.0,1.0
core_neuralprophet_frozen_s123,neuralprophet,frozen,selected,False,123,23,2025-06-16 01:00:00,2025-06-16 06:00:00,6,2.09,True,True,2.30781626701355,39.09442965626717,41.40224592328072,0.0,0.1145155560006969,0.0,1.0
core_neuralprophet_frozen_s123,neuralprophet,frozen,selected,False,123,23,2025-06-16 01:00:00,2025-06-16 07:00:00,7,2.23,True,True,-11.261528968811035,39.09442965626717,27.83290068745613,0.0,0.1145155560006969,0.0,1.0
core_neuralprophet_frozen_s123,neuralprophet,frozen,selected,False,123,23,2025-06-16 01:00:00,2025-06-16 08:00:00,8,2.38,True,True,-22.265705108642575,39.09442965626717,16.828724547624592,0.0,0.1145155560006969,0.0,1.0
core_neuralprophet_frozen_s123,neuralprophet,frozen,selected,False,123,23,2025-06-16 01:00:00,2025-06-16 09:00:00,9,2.53,True,True,-15.239227294921877,39.09442965626717,23.85520236134529,0.0,0.1145155560006969,0.0,1.0
core_neuralprophet_frozen_s123,neuralprophet,frozen,selected,False,123,23,2025-06-16 01:00:00,2025-06-16 10:00:00,10,3.46,True,True,-15.848136901855469,39.09442965626717,23.246292754411698,0.0,0.1145155560006969,0.0,1.0
core_neuralprophet_frozen_s123,neuralprophet,frozen,selected,False,123,23,2025-06-16 01:00:00,2025-06-16 11:00:00,11,5.08,True,True,-16.97422981262207,39.09442965626717,22.120199843645096,0.0,0.1145155560006969,0.0,1.0
core_neuralprophet_frozen_s123,neuralprophet,frozen,selected,False,123,23,2025-06-16 01:00:00,2025-06-16 12:00:00,12,6.66,True,True,-19.050161361694336,39.09442965626717,20.04426829457283,0.0,0.1145155560006969,0.0,1.0
core_neuralprophet_frozen_s123,neuralprophet,frozen,selected,False,123,23,2025-06-16 01:00:00,2025-06-16 13:00:00,13,7.77,True,True,-22.12261009216309,39.09442965626717,16.971819564104077,0.0,0.1145155560006969,0.0,1.0
core_neuralprophet_frozen_s123,neuralprophet,frozen,selected,False,123,23,2025-06-16 01:00:00,2025-06-16 14:00:00,14,8.71,True,True,-26.79153251647949,39.09442965626717,12.302897139787678,0.0,0.1145155560006969,0.0,1.0
core_neuralprophet_frozen_s123,neuralprophet,frozen,selected,False,123,23,2025-06-16 01:00:00,2025-06-16 15:00:00,15,9.49,True,True,-22.257896423339844,39.09442965626717,16.836533232927323,0.0,0.1145155560006969,0.0,1.0
core_neuralprophet_frozen_s123,neuralprophet,frozen,selected,False,123,23,2025-06-16 01:00:00,2025-06-16 16:00:00,16,10.15,True,True,-13.817986488342283,39.09442965626717,25.27644316792488,0.0,0.1145155560006969,0.0,1.0
core_neuralprophet_frozen_s123,neuralprophet,frozen,selected,False,123,23,2025-06-16 01:00:00,2025-06-16 17:00:00,17,11.29,True,True,-24.914709091186523,39.09442965626717,14.179720565080643,0.0,0.1145155560006969,0.0,1.0
core_neuralprophet_frozen_s123,neuralprophet,frozen,selected,False,123,23,2025-06-16 01:00:00,2025-06-16 18:00:00,18,12.97,True,True,-14.52326488494873,39.09442965626717,24.571164771318436,0.0,0.1145155560006969,0.0,1.0
core_neuralprophet_frozen_s123,neuralprophet,frozen,selected,False,123,23,2025-06-16 01:00:00,2025-06-16 19:00:00,19,14.77,True,True,-17.675357818603516,39.09442965626717,21.41907183766365,0.0,0.1145155560006969,0.0,1.0
core_neuralprophet_frozen_s123,neuralprophet,frozen,selected,False,123,23,2025-06-16 01:00:00,2025-06-16 20:00:00,20,16.29,True,True,-14.958381652832031,39.09442965626717,24.136048003435135,0.0,0.1145155560006969,0.0,1.0
core_neuralprophet_frozen_s123,neuralprophet,frozen,selected,False,123,23,2025-06-16 01:00:00,2025-06-16 21:00:00,21,17.54,True,True,-16.407155990600586,39.09442965626717,22.68727366566658,0.0,0.1145155560006969,0.0,1.0
core_neuralprophet_frozen_s123,neuralprophet,frozen,selected,False,123,23,2025-06-16 01:00:00,2025-06-16 22:00:00,22,18.01,True,True,-7.073423385620117,39.09442965626717,32.02100627064705,0.0,0.1145155560006969,0.0,1.0
core_neuralprophet_frozen_s123,neuralprophet,frozen,selected,False,123,23,2025-06-16 01:00:00,2025-06-16 23:00:00,23,18.3,True,True,-10.233201026916504,39.09442965626717,28.861228629350663,0.0,0.1145155560006969,0.0,1.0
core_neuralprophet_frozen_s123,neuralprophet,frozen,selected,False,123,23,2025-06-16 01:00:00,2025-06-17 00:00:00,24,19.5,True,True,1.1562020778656006,39.09442965626717,40.25063173413277,0.0,0.1145155560006969,0.0,1.0
core_neuralprophet_frozen_s123,neuralprophet,frozen,selected,False,123,23,2025-06-16 01:00:00,2025-06-17 01:00:00,25,22.85,True,True,-5.943630695343018,39.09442965626717,33.15079896092415,0.0,0.1145155560006969,0.0,1.0
core_neuralprophet_frozen_s123,neuralprophet,frozen,selected,False,123,23,2025-06-16 01:00:00,2025-06-17 02:00:00,26,28.34,True,True,-7.95504093170166,39.09442965626717,31.139388724565507,0.0,0.1145155560006969,0.0,1.0
core_neuralprophet_frozen_s123,neuralprophet,frozen,selected,False,123,23,2025-06-16 01:00:00,2025-06-17 03:00:00,27,40.45,True,True,9.907100677490234,39.09442965626717,49.0015303337574,0.0,0.1145155560006969,0.0,1.0
core_neuralprophet_frozen_s123,neuralprophet,frozen,selected,False,123,23,2025-06-16 01:00:00,2025-06-17 04:00:00,28,46.02,True,True,-6.326289653778076,39.09442965626717,32.76814000248909,0.0,0.1145155560006969,0.0,1.0
core_neuralprophet_frozen_s123,neuralprophet,frozen,selected,False,123,23,2025-06-16 01:00:00,2025-06-17 05:00:00,29,52.47,True,True,-7.16403865814209,39.09442965626717,31.930390998125077,0.0,0.1145155560006969,0.0,1.0
core_neuralprophet_frozen_s123,neuralprophet,frozen,selected,False,123,23,2025-06-16 01:00:00,2025-06-17 06:00:00,30,53.46,True,True,-15.633804321289062,39.09442965626717,23.460625334978104,0.0,0.1145155560006969,0.0,1.0
core_neuralprophet_frozen_s123,neuralprophet,frozen,selected,False,123,23,2025-06-16 01:00:00,2025-06-17 07:00:00,31,31.18,True,True,-35.37489700317383,39.09442965626717,3.7195326530933386,0.0,0.1145155560006969,0.0,1.0
core_neuralprophet_frozen_s123,neuralprophet,frozen,selected,False,123,23,2025-06-16 01:00:00,2025-06-17 08:00:00,32,21.99,True,True,-29.85902976989746,39.09442965626717,9.235399886369706,0.0,0.1145155560006969,0.0,1.0
core_neuralprophet_frozen_s123,neuralprophet,frozen,selected,False,123,23,2025-06-16 01:00:00,2025-06-17 09:00:00,33,20.8,True,True,-20.583221435546875,39.09442965626717,18.51120822072029,0.0,0.1145155560006969,0.0,1.0
core_neuralprophet_frozen_s123,neuralprophet,frozen,selected,False,123,23,2025-06-16 01:00:00,2025-06-17 10:00:00,34,22.03,True,True,-33.98991012573242,39.09442965626717,5.104519530534745,0.0,0.1145155560006969,0.0,1.0
core_neuralprophet_frozen_s123,neuralprophet,frozen,selected,False,123,23,2025-06-16 01:00:00,2025-06-17 11:00:00,35,23.63,True,True,-41.2347297668457,39.09442965626717,-2.1403001105785364,0.0,0.1145155560006969,0.0,1.0
core_neuralprophet_frozen_s123,neuralprophet,frozen,selected,False,123,23,2025-06-16 01:00:00,2025-06-17 12:00:00,36,24.23,True,True,-32.69462966918945,39.09442965626717,6.399799987077714,0.0,0.1145155560006969,0.0,1.0
core_neuralprophet_frozen_s123,neuralprophet,frozen,selected,False,123,23,2025-06-16 01:00:00,2025-06-17 13:00:00,37,24.31,True,True,-16.207597732543945,39.09442965626717,22.88683192372322,0.0,0.1145155560006969,0.0,1.0
core_neuralprophet_frozen_s123,neuralprophet,frozen,selected,False,123,23,2025-06-16 01:00:00,2025-06-17 14:00:00,38,26.22,True,True,-10.050121307373049,39.09442965626717,29.04430834889412,0.0,0.1145155560006969,0.0,1.0
core_neuralprophet_frozen_s123,neuralprophet,frozen,selected,False,123,23,2025-06-16 01:00:00,2025-06-17 15:00:00,39,29.48,True,True,-8.019354820251465,39.09442965626717,31.075074836015702,0.0,0.1145155560006969,0.0,1.0
core_neuralprophet_frozen_s123,neuralprophet,frozen,selected,False,123,23,2025-06-16 01:00:00,2025-06-17 16:00:00,40,32.99,True,True,-4.111847877502441,39.09442965626717,34.982581778764725,0.0,0.1145155560006969,0.0,1.0
core_neuralprophet_frozen_s123,neuralprophet,frozen,selected,False,123,23,2025-06-16 01:00:00,2025-06-17 17:00:00,41,36.36,True,True,-0.4781176447868347,39.09442965626717,38.61631201148033,0.0,0.1145155560006969,0.0,1.0
core_neuralprophet_frozen_s123,neuralprophet,frozen,selected,False,123,23,2025-06-16 01:00:00,2025-06-17 18:00:00,42,39.55,True,True,4.178063869476318,39.09442965626717,43.272493525743485,0.0,0.1145155560006969,0.0,1.0
core_neuralprophet_frozen_s123,neuralprophet,frozen,selected,False,123,23,2025-06-16 01:00:00,2025-06-17 19:00:00,43,43.07,True,True,14.069706916809082,39.09442965626717,53.16413657307625,0.0,0.1145155560006969,0.0,1.0
core_neuralprophet_frozen_s123,neuralprophet,frozen,selected,False,123,23,2025-06-16 01:00:00,2025-06-17 20:00:00,44,46.8,True,True,20.19660758972168,39.09442965626717,59.291037245988846,0.0,0.1145155560006969,0.0,1.0
core_neuralprophet_frozen_s123,neuralprophet,frozen,selected,False,123,23,2025-06-16 01:00:00,2025-06-17 21:00:00,45,50.48,True,True,15.153636932373049,39.09442965626717,54.248066588640214,0.0,0.1145155560006969,0.0,1.0
core_neuralprophet_frozen_s123,neuralprophet,frozen,selected,False,123,23,2025-06-16 01:00:00,2025-06-17 22:00:00,46,53.37,True,True,37.50973510742188,39.09442965626717,76.60416476368906,0.0,0.1145155560006969,0.0,1.0
core_neuralprophet_frozen_s123,neuralprophet,frozen,selected,False,123,23,2025-06-16 01:00:00,2025-06-17 23:00:00,47,56.24,True,True,33.54691696166992,39.09442965626717,72.64134661793709,0.0,0.1145155560006969,0.0,1.0
core_neuralprophet_frozen_s123,neuralprophet,frozen,selected,False,123,23,2025-06-16 01:00:00,2025-06-18 00:00:00,48,59.75,True,True,36.87086868286133,39.09442965626717,75.9652983391285,0.0,0.1145155560006969,0.0,1.0
core_neuralprophet_frozen_s123,neuralprophet,frozen,selected,False,123,23,2025-06-16 01:00:00,2025-06-18 01:00:00,49,69.21,True,True,49.32332611083984,39.09442965626717,88.417755767107,0.0,0.1145155560006969,0.0,1.0
core_neuralprophet_frozen_s123,neuralprophet,frozen,selected,False,123,23,2025-06-16 01:00:00,2025-06-18 02:00:00,50,76.38,True,True,48.172245025634766,39.09442965626717,87.26667468190193,0.0,0.1145155560006969,0.0,1.0
core_neuralprophet_frozen_s123,neuralprophet,frozen,selected,False,123,23,2025-06-16 01:00:00,2025-06-18 03:00:00,51,85.89,True,True,57.96229934692383,39.09442965626717,97.056729003191,0.0,0.1145155560006969,0.0,1.0
core_neuralprophet_frozen_s123,neuralprophet,frozen,selected,False,123,23,2025-06-16 01:00:00,2025-06-18 04:00:00,52,97.85,True,True,48.679813385009766,39.09442965626717,87.77424304127693,0.0,0.1145155560006969,0.0,1.0
core_neuralprophet_frozen_s123,neuralprophet,frozen,selected,False,123,23,2025-06-16 01:00:00,2025-06-18 05:00:00,53,97.78,True,True,38.556148529052734,39.09442965626717,77.6505781853199,0.0,0.1145155560006969,0.0,1.0
core_neuralprophet_frozen_s123,neuralprophet,frozen,selected,False,123,23,2025-06-16 01:00:00,2025-06-18 06:00:00,54,90.87,True,True,45.472076416015625,39.09442965626717,84.56650607228279,0.0,0.1145155560006969,0.0,1.0
core_neuralprophet_frozen_s123,neuralprophet,frozen,selected,False,123,23,2025-06-16 01:00:00,2025-06-18 07:00:00,55,75.46,True,True,36.64445495605469,39.09442965626717,75.73888461232185,0.0,0.1145155560006969,0.0,1.0
core_neuralprophet_frozen_s123,neuralprophet,frozen,selected,False,123,23,2025-06-16 01:00:00,2025-06-18 08:00:00,56,59.9,True,True,19.04244613647461,39.09442965626717,58.136875792741776,0.0,0.1145155560006969,0.0,1.0
core_neuralprophet_frozen_s123,neuralprophet,frozen,selected,False,123,23,2025-06-16 01:00:00,2025-06-18 09:00:00,57,46.39,True,True,24.091869354248047,39.09442965626717,63.186299010515214,0.0,0.1145155560006969,0.0,1.0
core_neuralprophet_frozen_s123,neuralprophet,frozen,selected,False,123,23,2025-06-16 01:00:00,2025-06-18 10:00:00,58,36.19,True,True,29.50480079650879,39.09442965626717,68.59923045277596,0.0,0.1145155560006969,0.0,1.0
core_neuralprophet_frozen_s123,neuralprophet,frozen,selected,False,123,23,2025-06-16 01:00:00,2025-06-18 11:00:00,59,30.61,True,True,28.624292373657227,39.09442965626717,67.7187220299244,0.0,0.1145155560006969,0.0,1.0
core_neuralprophet_frozen_s123,neuralprophet,frozen,selected,False,123,23,2025-06-16 01:00:00,2025-06-18 12:00:00,60,26.85,True,True,27.03618431091309,39.09442965626717,66.13061396718025,0.0,0.1145155560006969,0.0,1.0
core_neuralprophet_frozen_s123,neuralprophet,frozen,selected,False,123,23,2025-06-16 01:00:00,2025-06-18 13:00:00,61,24.36,True,True,24.283885955810547,39.09442965626717,63.378315612077714,0.0,0.1145155560006969,0.0,1.0
core_neuralprophet_frozen_s123,neuralprophet,frozen,selected,False,123,23,2025-06-16 01:00:00,2025-06-18 14:00:00,62,23.93,True,True,21.2625789642334,39.09442965626717,60.357008620500565,0.0,0.1145155560006969,0.0,1.0
core_neuralprophet_frozen_s123,neuralprophet,frozen,selected,False,123,23,2025-06-16 01:00:00,2025-06-18 15:00:00,63,24.87,True,True,25.02062225341797,39.09442965626717,64.11505190968514,0.0,0.1145155560006969,0.0,1.0
core_neuralprophet_frozen_s123,neuralprophet,frozen,selected,False,123,23,2025-06-16 01:00:00,2025-06-18 16:00:00,64,26.9,True,True,27.688037872314453,39.09442965626717,66.78246752858162,0.0,0.1145155560006969,0.0,1.0
core_neuralprophet_frozen_s123,neuralprophet,frozen,selected,False,123,23,2025-06-16 01:00:00,2025-06-18 17:00:00,65,29.09,True,True,26.01759529113769,39.09442965626717,65.11202494740486,0.0,0.1145155560006969,0.0,1.0
core_neuralprophet_frozen_s123,neuralprophet,frozen,selected,False,123,23,2025-06-16 01:00:00,2025-06-18 18:00:00,66,30.3,True,True,19.681684494018555,39.09442965626717,58.77611415028572,0.0,0.1145155560006969,0.0,1.0
core_neuralprophet_frozen_s123,neuralprophet,frozen,selected,False,123,23,2025-06-16 01:00:00,2025-06-18 19:00:00,67,29.82,True,True,9.014654159545898,39.09442965626717,48.109083815813065,0.0,0.1145155560006969,0.0,1.0
core_neuralprophet_frozen_s123,neuralprophet,frozen,selected,False,123,23,2025-06-16 01:00:00,2025-06-18 20:00:00,68,30.38,True,True,11.01237964630127,39.09442965626717,50.106809302568436,0.0,0.1145155560006969,0.0,1.0
core_neuralprophet_frozen_s123,neuralprophet,frozen,selected,False,123,23,2025-06-16 01:00:00,2025-06-18 21:00:00,69,32.74,True,True,5.617057800292969,39.09442965626717,44.711487456560135,0.0,0.1145155560006969,0.0,1.0
core_neuralprophet_frozen_s123,neuralprophet,frozen,selected,False,123,23,2025-06-16 01:00:00,2025-06-18 22:00:00,70,37.14,True,True,19.44904327392578,39.09442965626717,58.54347293019295,0.0,0.1145155560006969,0.0,1.0
core_neuralprophet_frozen_s123,neuralprophet,frozen,selected,False,123,23,2025-06-16 01:00:00,2025-06-18 23:00:00,71,40.6,True,True,20.065841674804688,39.09442965626717,59.160271331071854,0.0,0.1145155560006969,0.0,1.0
core_neuralprophet_frozen_s123,neuralprophet,frozen,selected,False,123,23,2025-06-16 01:00:00,2025-06-19 00:00:00,72,43.9,True,True,29.598806381225582,39.09442965626717,68.69323603749275,0.0,0.1145155560006969,0.0,1.0
core_neuralprophet_frozen_s123,neuralprophet,frozen,selected,False,123,23,2025-06-16 01:00:00,2025-06-19 01:00:00,73,46.43,True,True,27.4896297454834,39.09442965626717,66.58405940175057,0.0,0.1145155560006969,0.0,1.0
core_neuralprophet_frozen_s123,neuralprophet,frozen,selected,False,123,23,2025-06-16 01:00:00,2025-06-19 02:00:00,74,48.33,True,True,37.66852951049805,39.09442965626717,76.76295916676521,0.0,0.1145155560006969,0.0,1.0
core_neuralprophet_frozen_s123,neuralprophet,frozen,selected,False,123,23,2025-06-16 01:00:00,2025-06-19 03:00:00,75,51.16,True,True,40.88259506225586,39.09442965626717,79.97702471852303,0.0,0.1145155560006969,0.0,1.0
core_neuralprophet_frozen_s123,neuralprophet,frozen,selected,False,123,23,2025-06-16 01:00:00,2025-06-19 04:00:00,76,53.02,True,True,49.82871627807617,39.09442965626717,88.92314593434334,0.0,0.1145155560006969,0.0,1.0
core_neuralprophet_frozen_s123,neuralprophet,frozen,selected,False,123,23,2025-06-16 01:00:00,2025-06-19 05:00:00,77,51.8,True,True,45.10628890991211,39.09442965626717,84.20071856617928,0.0,0.1145155560006969,0.0,1.0
core_neuralprophet_frozen_s123,neuralprophet,frozen,selected,False,123,23,2025-06-16 01:00:00,2025-06-19 06:00:00,78,51.7,True,True,36.145206451416016,39.09442965626717,75.23963610768318,0.0,0.1145155560006969,0.0,1.0
core_neuralprophet_frozen_s123,neuralprophet,frozen,selected,False,123,23,2025-06-16 01:00:00,2025-06-19 07:00:00,79,49.32,True,True,42.02923583984375,39.09442965626717,81.12366549611092,0.0,0.1145155560006969,0.0,1.0
core_neuralprophet_frozen_s123,neuralprophet,frozen,selected,False,123,23,2025-06-16 01:00:00,2025-06-19 08:00:00,80,46.48,True,True,28.86040496826172,39.09442965626717,67.95483462452889,0.0,0.1145155560006969,0.0,1.0
core_neuralprophet_frozen_s123,neuralprophet,frozen,selected,False,123,23,2025-06-16 01:00:00,2025-06-19 09:00:00,81,45.29,True,True,20.144088745117188,39.09442965626717,59.238518401384354,0.0,0.1145155560006969,0.0,1.0
core_neuralprophet_frozen_s123,neuralprophet,frozen,selected,False,123,23,2025-06-16 01:00:00,2025-06-19 10:00:00,82,46.36,True,True,20.176532745361328,39.09442965626717,59.270962401628495,0.0,0.1145155560006969,0.0,1.0
core_neuralprophet_frozen_s123,neuralprophet,frozen,selected,False,123,23,2025-06-16 01:00:00,2025-06-19 11:00:00,83,48.95,True,True,19.79549789428711,39.09442965626717,58.889927550554276,0.0,0.1145155560006969,0.0,1.0
core_neuralprophet_frozen_s123,neuralprophet,frozen,selected,False,123,23,2025-06-16 01:00:00,2025-06-19 12:00:00,84,51.03,True,True,14.561227798461914,39.09442965626717,53.65565745472908,0.0,0.1145155560006969,0.0,1.0
core_neuralprophet_frozen_s123,neuralprophet,frozen,selected,False,123,23,2025-06-16 01:00:00,2025-06-19 13:00:00,85,52.05,True,True,8.690186500549316,39.09442965626717,47.78461615681648,0.0,0.1145155560006969,0.0,1.0
core_neuralprophet_frozen_s123,neuralprophet,frozen,selected,False,123,23,2025-06-16 01:00:00,2025-06-19 14:00:00,86,53.05,True,True,14.731937408447266,39.09442965626717,53.82636706471443,0.0,0.1145155560006969,0.0,1.0
core_neuralprophet_frozen_s123,neuralprophet,frozen,selected,False,123,23,2025-06-16 01:00:00,2025-06-19 15:00:00,87,54.56,True,True,17.46134376525879,39.09442965626717,56.555773421525956,0.0,0.1145155560006969,0.0,1.0
core_neuralprophet_frozen_s123,neuralprophet,frozen,selected,False,123,23,2025-06-16 01:00:00,2025-06-19 16:00:00,88,55.69,True,True,12.24429416656494,39.09442965626717,51.33872382283211,0.0,0.1145155560006969,0.0,1.0
core_neuralprophet_frozen_s123,neuralprophet,frozen,selected,False,123,23,2025-06-16 01:00:00,2025-06-19 17:00:00,89,57.7,True,True,25.58194351196289,39.09442965626717,64.67637316823006,0.0,0.1145155560006969,0.0,1.0
core_neuralprophet_frozen_s123,neuralprophet,frozen,selected,False,123,23,2025-06-16 01:00:00,2025-06-19 18:00:00,90,61.39,True,True,25.700422286987305,39.09442965626717,64.79485194325447,0.0,0.1145155560006969,0.0,1.0
core_neuralprophet_frozen_s123,neuralprophet,frozen,selected,False,123,23,2025-06-16 01:00:00,2025-06-19 19:00:00,91,66.16,True,True,36.81251525878906,39.09442965626717,75.90694491505623,0.0,0.1145155560006969,0.0,1.0
core_neuralprophet_frozen_s123,neuralprophet,frozen,selected,False,123,23,2025-06-16 01:00:00,2025-06-19 20:00:00,92,72.33,True,True,26.159744262695312,39.09442965626717,65.25417391896248,0.0,0.1145155560006969,0.0,1.0
core_neuralprophet_frozen_s123,neuralprophet,frozen,selected,False,123,23,2025-06-16 01:00:00,2025-06-19 21:00:00,93,79.8,True,True,42.17430114746094,39.09442965626717,81.2687308037281,0.0,0.1145155560006969,0.0,1.0
core_neuralprophet_frozen_s123,neuralprophet,frozen,selected,False,123,23,2025-06-16 01:00:00,2025-06-19 22:00:00,94,90.16,True,True,56.95735549926758,39.09442965626717,96.05178515553474,0.0,0.1145155560006969,0.0,1.0
core_neuralprophet_frozen_s123,neuralprophet,frozen,selected,False,123,23,2025-06-16 01:00:00,2025-06-19 23:00:00,95,99.96,True,True,56.95784759521485,39.09442965626717,96.05227725148202,0.0,0.1145155560006969,0.0,1.0
core_neuralprophet_frozen_s123,neuralprophet,frozen,selected,False,123,23,2025-06-16 01:00:00,2025-06-20 00:00:00,96,109.55,True,True,63.780738830566406,39.09442965626717,102.87516848683357,0.0,0.1145155560006969,0.0,1.0
core_neuralprophet_frozen_s123,neuralprophet,frozen,selected,False,123,23,2025-06-16 01:00:00,2025-06-20 01:00:00,97,91.43,True,True,42.109619140625,39.09442965626717,81.20404879689217,0.0,0.1145155560006969,0.0,1.0
core_neuralprophet_frozen_s123,neuralprophet,frozen,selected,False,123,23,2025-06-16 01:00:00,2025-06-20 02:00:00,98,72.16,True,True,48.44815826416016,39.09442965626717,87.54258792042734,0.0,0.1145155560006969,0.0,1.0
core_neuralprophet_frozen_s123,neuralprophet,frozen,selected,False,123,23,2025-06-16 01:00:00,2025-06-20 03:00:00,99,63.05,True,True,55.50956726074219,39.09442965626717,94.60399691700935,0.0,0.1145155560006969,0.0,1.0
core_neuralprophet_frozen_s123,neuralprophet,frozen,selected,False,123,23,2025-06-16 01:00:00,2025-06-20 04:00:00,100,43.21,True,True,47.769676208496094,39.09442965626717,86.86410586476326,0.0,0.1145155560006969,0.0,1.0
core_neuralprophet_frozen_s123,neuralprophet,frozen,selected,False,123,23,2025-06-16 01:00:00,2025-06-20 05:00:00,101,33.74,True,True,44.62744522094727,39.09442965626717,83.72187487721445,0.0,0.1145155560006969,0.0,1.0
core_neuralprophet_frozen_s123,neuralprophet,frozen,selected,False,123,23,2025-06-16 01:00:00,2025-06-20 06:00:00,102,31.59,True,True,39.50343322753906,39.09442965626717,78.59786288380623,0.0,0.1145155560006969,0.0,1.0
core_neuralprophet_frozen_s123,neuralprophet,frozen,selected,False,123,23,2025-06-16 01:00:00,2025-06-20 07:00:00,103,31.27,True,True,42.01230239868164,39.09442965626717,81.10673205494881,0.0,0.1145155560006969,0.0,1.0
core_neuralprophet_frozen_s123,neuralprophet,frozen,selected,False,123,23,2025-06-16 01:00:00,2025-06-20 08:00:00,104,30.63,True,True,34.335205078125,39.09442965626717,73.42963473439217,0.0,0.1145155560006969,0.0,1.0
core_neuralprophet_frozen_s123,neuralprophet,frozen,selected,False,123,23,2025-06-16 01:00:00,2025-06-20 09:00:00,105,29.19,True,True,33.51633834838867,39.09442965626717,72.61076800465584,0.0,0.1145155560006969,0.0,1.0
core_neuralprophet_frozen_s123,neuralprophet,frozen,selected,False,123,23,2025-06-16 01:00:00,2025-06-20 10:00:00,106,29.26,True,True,29.5435733795166,39.09442965626717,68.63800303578377,0.0,0.1145155560006969,0.0,1.0
core_neuralprophet_frozen_s123,neuralprophet,frozen,selected,False,123,23,2025-06-16 01:00:00,2025-06-20 11:00:00,107,30.76,True,True,46.1238899230957,39.09442965626717,85.21831957936287,0.0,0.1145155560006969,0.0,1.0
core_neuralprophet_frozen_s123,neuralprophet,frozen,selected,False,123,23,2025-06-16 01:00:00,2025-06-20 12:00:00,108,32.65,True,True,33.07711410522461,39.09442965626717,72.17154376149178,0.0,0.1145155560006969,0.0,1.0
core_neuralprophet_frozen_s123,neuralprophet,frozen,selected,False,123,23,2025-06-16 01:00:00,2025-06-20 13:00:00,109,34.17,True,True,22.66429901123047,39.09442965626717,61.758728667497635,0.0,0.1145155560006969,0.0,1.0
core_neuralprophet_frozen_s123,neuralprophet,frozen,selected,False,123,23,2025-06-16 01:00:00,2025-06-20 14:00:00,110,36.1,True,True,30.16497611999512,39.09442965626717,69.25940577626228,0.0,0.1145155560006969,0.0,1.0
core_neuralprophet_frozen_s123,neuralprophet,frozen,selected,False,123,23,2025-06-16 01:00:00,2025-06-20 15:00:00,111,37.93,True,True,26.22471618652344,39.09442965626717,65.3191458427906,0.0,0.1145155560006969,0.0,1.0
core_neuralprophet_frozen_s123,neuralprophet,frozen,selected,False,123,23,2025-06-16 01:00:00,2025-06-20 16:00:00,112,38.98,True,True,27.539663314819336,39.09442965626717,66.6340929710865,0.0,0.1145155560006969,0.0,1.0
core_neuralprophet_frozen_s123,neuralprophet,frozen,selected,False,123,23,2025-06-16 01:00:00,2025-06-20 17:00:00,113,41.14,True,True,37.59529876708984,39.09442965626717,76.689728423357,0.0,0.1145155560006969,0.0,1.0
core_neuralprophet_frozen_s123,neuralprophet,frozen,selected,False,123,23,2025-06-16 01:00:00,2025-06-20 18:00:00,114,44.2,True,True,34.53057098388672,39.09442965626717,73.62500064015389,0.0,0.1145155560006969,0.0,1.0
core_neuralprophet_frozen_s123,neuralprophet,frozen,selected,False,123,23,2025-06-16 01:00:00,2025-06-20 19:00:00,115,47.15,True,True,32.83167266845703,39.09442965626717,71.9261023247242,0.0,0.1145155560006969,0.0,1.0
core_neuralprophet_frozen_s123,neuralprophet,frozen,selected,False,123,23,2025-06-16 01:00:00,2025-06-20 20:00:00,116,49.59,True,True,31.0400390625,39.09442965626717,70.13446871876717,0.0,0.1145155560006969,0.0,1.0
core_neuralprophet_frozen_s123,neuralprophet,frozen,selected,False,123,23,2025-06-16 01:00:00,2025-06-20 21:00:00,117,52.15,True,True,38.48870849609375,39.09442965626717,77.58313815236092,0.0,0.1145155560006969,0.0,1.0
core_neuralprophet_frozen_s123,neuralprophet,frozen,selected,False,123,23,2025-06-16 01:00:00,2025-06-20 22:00:00,118,54.48,True,True,28.79424095153809,39.09442965626717,67.88867060780525,0.0,0.1145155560006969,0.0,1.0
core_neuralprophet_frozen_s123,neuralprophet,frozen,selected,False,123,23,2025-06-16 01:00:00,2025-06-20 23:00:00,119,57.55,True,True,38.750465393066406,39.09442965626717,77.84489504933357,0.0,0.1145155560006969,0.0,1.0
core_neuralprophet_frozen_s123,neuralprophet,frozen,selected,False,123,23,2025-06-16 01:00:00,2025-06-21 00:00:00,120,64.16,True,True,38.79770660400391,39.09442965626717,77.89213626027109,0.0,0.1145155560006969,0.0,1.0
core_neuralprophet_frozen_s123,neuralprophet,frozen,selected,False,123,23,2025-06-16 01:00:00,2025-06-21 01:00:00,121,75.31,True,True,39.56643295288086,39.09442965626717,78.66086260914803,0.0,0.1145155560006969,0.0,1.0
core_neuralprophet_frozen_s123,neuralprophet,frozen,selected,False,123,23,2025-06-16 01:00:00,2025-06-21 02:00:00,122,78.91,True,True,57.09091567993164,39.09442965626717,96.18534533619881,0.0,0.1145155560006969,0.0,1.0
core_neuralprophet_frozen_s123,neuralprophet,frozen,selected,False,123,23,2025-06-16 01:00:00,2025-06-21 03:00:00,123,75.05,True,True,42.63383102416992,39.09442965626717,81.72826068043709,0.0,0.1145155560006969,0.0,1.0
core_neuralprophet_frozen_s123,neuralprophet,frozen,selected,False,123,23,2025-06-16 01:00:00,2025-06-21 04:00:00,124,40.02,True,True,39.03946685791016,39.09442965626717,78.13389651417734,0.0,0.1145155560006969,0.0,1.0
core_neuralprophet_frozen_s123,neuralprophet,frozen,selected,False,123,23,2025-06-16 01:00:00,2025-06-21 05:00:00,125,27.51,True,True,22.60660171508789,39.09442965626717,61.70103137135506,0.0,0.1145155560006969,0.0,1.0
core_neuralprophet_frozen_s123,neuralprophet,frozen,selected,False,123,23,2025-06-16 01:00:00,2025-06-21 06:00:00,126,25.22,True,True,14.61709690093994,39.09442965626717,53.71152655720711,0.0,0.1145155560006969,0.0,1.0
core_neuralprophet_frozen_s123,neuralprophet,frozen,selected,False,123,23,2025-06-16 01:00:00,2025-06-21 07:00:00,127,24.2,True,True,12.527728080749512,39.09442965626717,51.62215773701668,0.0,0.1145155560006969,0.0,1.0
core_neuralprophet_frozen_s123,neuralprophet,frozen,selected,False,123,23,2025-06-16 01:00:00,2025-06-21 08:00:00,128,23.4,True,True,-1.1833131313323977,39.09442965626717,37.91111652493477,0.0,0.1145155560006969,0.0,1.0
core_neuralprophet_frozen_s123,neuralprophet,frozen,selected,False,123,23,2025-06-16 01:00:00,2025-06-21 09:00:00,129,22.58,True,True,1.805220365524292,39.09442965626717,40.89965002179146,0.0,0.1145155560006969,0.0,1.0
core_neuralprophet_frozen_s123,neuralprophet,frozen,selected,False,123,23,2025-06-16 01:00:00,2025-06-21 10:00:00,130,22.31,True,True,1.8214119672775269,39.09442965626717,40.915841623544694,0.0,0.1145155560006969,0.0,1.0
core_neuralprophet_frozen_s123,neuralprophet,frozen,selected,False,123,23,2025-06-16 01:00:00,2025-06-21 11:00:00,131,22.71,True,True,1.7542622089385986,39.09442965626717,40.848691865205765,0.0,0.1145155560006969,0.0,1.0
core_neuralprophet_frozen_s123,neuralprophet,frozen,selected,False,123,23,2025-06-16 01:00:00,2025-06-21 12:00:00,132,23.08,True,True,0.302611231803894,39.09442965626717,39.39704088807106,0.0,0.1145155560006969,0.0,1.0
core_neuralprophet_frozen_s123,neuralprophet,frozen,selected,False,123,23,2025-06-16 01:00:00,2025-06-21 13:00:00,133,22.7,True,True,9.614604949951172,39.09442965626717,48.70903460621834,0.0,0.1145155560006969,0.0,1.0
core_neuralprophet_frozen_s123,neuralprophet,frozen,selected,False,123,23,2025-06-16 01:00:00,2025-06-21 14:00:00,134,22.97,True,True,3.2508716583251958,39.09442965626717,42.34530131459236,0.0,0.1145155560006969,0.0,1.0
core_neuralprophet_frozen_s123,neuralprophet,frozen,selected,False,123,23,2025-06-16 01:00:00,2025-06-21 15:00:00,135,23.56,True,True,3.8221375942230233,39.09442965626717,42.91656725049019,0.0,0.1145155560006969,0.0,1.0
core_neuralprophet_frozen_s123,neuralprophet,frozen,selected,False,123,23,2025-06-16 01:00:00,2025-06-21 16:00:00,136,23.93,True,True,-3.488431692123413,39.09442965626717,35.605997964143754,0.0,0.1145155560006969,0.0,1.0
core_neuralprophet_frozen_s123,neuralprophet,frozen,selected,False,123,23,2025-06-16 01:00:00,2025-06-21 17:00:00,137,24.46,True,True,6.983312606811523,39.09442965626717,46.07774226307869,0.0,0.1145155560006969,0.0,1.0
core_neuralprophet_frozen_s123,neuralprophet,frozen,selected,False,123,23,2025-06-16 01:00:00,2025-06-21 18:00:00,138,25.31,True,True,-5.949014186859131,39.09442965626717,33.145415469408036,0.0,0.1145155560006969,0.0,1.0
core_neuralprophet_frozen_s123,neuralprophet,frozen,selected,False,123,23,2025-06-16 01:00:00,2025-06-21 19:00:00,139,26.29,True,True,-7.234845161437988,39.09442965626717,31.85958449482918,0.0,0.1145155560006969,0.0,1.0
core_neuralprophet_frozen_s123,neuralprophet,frozen,selected,False,123,23,2025-06-16 01:00:00,2025-06-21 20:00:00,140,26.1,True,True,-13.791378021240234,39.09442965626717,25.303051635026932,0.0,0.1145155560006969,0.0,1.0
core_neuralprophet_frozen_s123,neuralprophet,frozen,selected,False,123,23,2025-06-16 01:00:00,2025-06-21 21:00:00,141,25.82,True,True,-6.105618000030518,39.09442965626717,32.98881165623665,0.0,0.1145155560006969,0.0,1.0
core_neuralprophet_frozen_s123,neuralprophet,frozen,selected,False,123,23,2025-06-16 01:00:00,2025-06-21 22:00:00,142,25.95,True,True,11.993921279907228,39.09442965626717,51.08835093617439,0.0,0.1145155560006969,0.0,1.0
core_neuralprophet_frozen_s123,neuralprophet,frozen,selected,False,123,23,2025-06-16 01:00:00,2025-06-21 23:00:00,143,26.66,True,True,7.1735429763793945,39.09442965626717,46.26797263264656,0.0,0.1145155560006969,0.0,1.0
core_neuralprophet_frozen_s123,neuralprophet,frozen,selected,False,123,23,2025-06-16 01:00:00,2025-06-22 00:00:00,144,28.15,True,True,4.7173991203308105,39.09442965626717,43.81182877659798,0.0,0.1145155560006969,0.0,1.0
core_neuralprophet_frozen_s123,neuralprophet,frozen,selected,False,123,23,2025-06-16 01:00:00,2025-06-22 01:00:00,145,29.82,True,True,15.85673713684082,39.09442965626717,54.95116679310799,0.0,0.1145155560006969,0.0,1.0
core_neuralprophet_frozen_s123,neuralprophet,frozen,selected,False,123,23,2025-06-16 01:00:00,2025-06-22 02:00:00,146,31.16,True,True,19.54056167602539,39.09442965626717,58.63499133229256,0.0,0.1145155560006969,0.0,1.0
core_neuralprophet_frozen_s123,neuralprophet,frozen,selected,False,123,23,2025-06-16 01:00:00,2025-06-22 03:00:00,147,40.39,True,True,20.57353401184082,39.09442965626717,59.66796366810799,0.0,0.1145155560006969,0.0,1.0
core_neuralprophet_frozen_s123,neuralprophet,frozen,selected,False,123,23,2025-06-16 01:00:00,2025-06-22 04:00:00,148,16.97,True,True,17.127403259277344,39.09442965626717,56.22183291554451,0.0,0.1145155560006969,0.0,1.0
core_neuralprophet_frozen_s123,neuralprophet,frozen,selected,False,123,23,2025-06-16 01:00:00,2025-06-22 05:00:00,149,10.58,True,True,11.895764350891112,39.09442965626717,50.99019400715828,0.0,0.1145155560006969,0.0,1.0
core_neuralprophet_frozen_s123,neuralprophet,frozen,selected,False,123,23,2025-06-16 01:00:00,2025-06-22 06:00:00,150,10.02,True,True,12.2947998046875,39.09442965626717,51.38922946095467,0.0,0.1145155560006969,0.0,1.0
core_neuralprophet_frozen_s123,neuralprophet,frozen,selected,False,123,23,2025-06-16 01:00:00,2025-06-22 07:00:00,151,10.45,True,True,5.863588333129883,39.09442965626717,44.95801798939705,0.0,0.1145155560006969,0.0,1.0
core_neuralprophet_frozen_s123,neuralprophet,frozen,selected,False,123,23,2025-06-16 01:00:00,2025-06-22 08:00:00,152,10.84,True,True,8.010777473449707,39.09442965626717,47.105207129716874,0.0,0.1145155560006969,0.0,1.0
core_neuralprophet_frozen_s123,neuralprophet,frozen,selected,False,123,23,2025-06-16 01:00:00,2025-06-22 09:00:00,153,11.14,True,True,5.878423690795898,39.09442965626717,44.972853347063065,0.0,0.1145155560006969,0.0,1.0
core_neuralprophet_frozen_s123,neuralprophet,frozen,selected,False,123,23,2025-06-16 01:00:00,2025-06-22 10:00:00,154,12.45,True,True,11.057830810546877,39.09442965626717,50.15226046681404,0.0,0.1145155560006969,0.0,1.0
core_neuralprophet_frozen_s123,neuralprophet,frozen,selected,False,123,23,2025-06-16 01:00:00,2025-06-22 11:00:00,155,15.28,True,True,16.938241958618164,39.09442965626717,56.03267161488533,0.0,0.1145155560006969,0.0,1.0
core_neuralprophet_frozen_s123,neuralprophet,frozen,selected,False,123,23,2025-06-16 01:00:00,2025-06-22 12:00:00,156,18.72,True,True,12.74183464050293,39.09442965626717,51.836264296770096,0.0,0.1145155560006969,0.0,1.0
core_neuralprophet_frozen_s123,neuralprophet,frozen,selected,False,123,23,2025-06-16 01:00:00,2025-06-22 13:00:00,157,21.94,True,True,23.18563461303711,39.09442965626717,62.280064269304276,0.0,0.1145155560006969,0.0,1.0
core_neuralprophet_frozen_s123,neuralprophet,frozen,selected,False,123,23,2025-06-16 01:00:00,2025-06-22 14:00:00,158,24.59,True,True,26.343563079833984,39.09442965626717,65.43799273610115,0.0,0.1145155560006969,0.0,1.0
core_neuralprophet_frozen_s123,neuralprophet,frozen,selected,False,123,23,2025-06-16 01:00:00,2025-06-22 15:00:00,159,26.44,True,True,23.025033950805664,39.09442965626717,62.11946360707283,0.0,0.1145155560006969,0.0,1.0
core_neuralprophet_frozen_s123,neuralprophet,frozen,selected,False,123,23,2025-06-16 01:00:00,2025-06-22 16:00:00,160,27.66,True,True,16.63043975830078,39.09442965626717,55.72486941456795,0.0,0.1145155560006969,0.0,1.0
core_neuralprophet_frozen_s123,neuralprophet,frozen,selected,False,123,23,2025-06-16 01:00:00,2025-06-22 17:00:00,161,29.38,True,True,30.8781852722168,39.09442965626717,69.97261492848396,0.0,0.1145155560006969,0.0,1.0
core_neuralprophet_frozen_s123,neuralprophet,frozen,selected,False,123,23,2025-06-16 01:00:00,2025-06-22 18:00:00,162,31.61,True,True,23.657943725585938,39.09442965626717,62.752373381853104,0.0,0.1145155560006969,0.0,1.0
core_neuralprophet_frozen_s123,neuralprophet,frozen,selected,False,123,23,2025-06-16 01:00:00,2025-06-22 19:00:00,163,33.9,True,True,32.3118782043457,39.09442965626717,71.40630786061287,0.0,0.1145155560006969,0.0,1.0
core_neuralprophet_frozen_s123,neuralprophet,frozen,selected,False,123,23,2025-06-16 01:00:00,2025-06-22 20:00:00,164,36.33,True,True,33.82849884033203,39.09442965626717,72.9229284965992,0.0,0.1145155560006969,0.0,1.0
core_neuralprophet_frozen_s123,neuralprophet,frozen,selected,False,123,23,2025-06-16 01:00:00,2025-06-22 21:00:00,165,38.63,True,True,37.31387710571289,39.09442965626717,76.40830676198006,0.0,0.1145155560006969,0.0,1.0
core_neuralprophet_frozen_s123,neuralprophet,frozen,selected,False,123,23,2025-06-16 01:00:00,2025-06-22 22:00:00,166,40.34,True,True,44.63866424560547,39.09442965626717,83.73309390187264,0.0,0.1145155560006969,0.0,1.0
core_neuralprophet_frozen_s123,neuralprophet,frozen,selected,False,123,23,2025-06-16 01:00:00,2025-06-22 23:00:00,167,42.74,True,True,44.00436019897461,39.09442965626717,83.09878985524178,0.0,0.1145155560006969,0.0,1.0
core_neuralprophet_frozen_s123,neuralprophet,frozen,selected,False,123,23,2025-06-16 01:00:00,2025-06-23 00:00:00,168,45.63,True,True,64.88497161865234,39.09442965626717,103.97940127491951,0.0,0.1145155560006969,0.0,1.0
