run_id,family,regime,variant,seed,window,forecast_origin,target_timestamp,lead_hour,original_target,observed,score_eligible,base_prediction,applied_bias,corrected_prediction,history_target_filled_hours,history_input_filled_cells,alpha
core_neuralprophet_frozen_s2026,neuralprophet,frozen,selected,2026,1,2025-01-13 01:00:00,2025-01-13 01:00:00,1,759.79,True,True,781.5119018554688,0.0,781.5119018554688,0,0,0.1
core_neuralprophet_frozen_s2026,neuralprophet,frozen,selected,2026,1,2025-01-13 01:00:00,2025-01-13 02:00:00,2,837.21,True,True,853.0770263671875,0.0,853.0770263671875,0,0,0.1
core_neuralprophet_frozen_s2026,neuralprophet,frozen,selected,2026,1,2025-01-13 01:00:00,2025-01-13 03:00:00,3,900.28,True,True,923.2730712890624,0.0,923.2730712890624,0,0,0.1
core_neuralprophet_frozen_s2026,neuralprophet,frozen,selected,2026,1,2025-01-13 01:00:00,2025-01-13 04:00:00,4,908.42,True,True,946.3901977539062,0.0,946.3901977539062,0,0,0.1
core_neuralprophet_frozen_s2026,neuralprophet,frozen,selected,2026,1,2025-01-13 01:00:00,2025-01-13 05:00:00,5,672.94,True,True,737.8890380859375,0.0,737.8890380859375,0,0,0.1
core_neuralprophet_frozen_s2026,neuralprophet,frozen,selected,2026,1,2025-01-13 01:00:00,2025-01-13 06:00:00,6,294.8,True,True,356.6505126953125,0.0,356.6505126953125,0,0,0.1
core_neuralprophet_frozen_s2026,neuralprophet,frozen,selected,2026,1,2025-01-13 01:00:00,2025-01-13 07:00:00,7,76.4,True,True,105.42670440673828,0.0,105.42670440673828,0,0,0.1
core_neuralprophet_frozen_s2026,neuralprophet,frozen,selected,2026,1,2025-01-13 01:00:00,2025-01-13 08:00:00,8,129.61,True,True,179.3813018798828,0.0,179.3813018798828,0,0,0.1
core_neuralprophet_frozen_s2026,neuralprophet,frozen,selected,2026,1,2025-01-13 01:00:00,2025-01-13 09:00:00,9,233.27,True,True,274.2880554199219,0.0,274.2880554199219,0,0,0.1
core_neuralprophet_frozen_s2026,neuralprophet,frozen,selected,2026,1,2025-01-13 01:00:00,2025-01-13 10:00:00,10,355.33,True,True,376.0189208984375,0.0,376.0189208984375,0,0,0.1
core_neuralprophet_frozen_s2026,neuralprophet,frozen,selected,2026,1,2025-01-13 01:00:00,2025-01-13 11:00:00,11,508.8,True,True,525.7554321289062,0.0,525.7554321289062,0,0,0.1
core_neuralprophet_frozen_s2026,neuralprophet,frozen,selected,2026,1,2025-01-13 01:00:00,2025-01-13 12:00:00,12,683.67,True,True,689.9318237304688,0.0,689.9318237304688,0,0,0.1
core_neuralprophet_frozen_s2026,neuralprophet,frozen,selected,2026,1,2025-01-13 01:00:00,2025-01-13 13:00:00,13,823.34,True,True,837.3411254882812,0.0,837.3411254882812,0,0,0.1
core_neuralprophet_frozen_s2026,neuralprophet,frozen,selected,2026,1,2025-01-13 01:00:00,2025-01-13 14:00:00,14,903.43,True,True,920.4537353515624,0.0,920.4537353515624,0,0,0.1
core_neuralprophet_frozen_s2026,neuralprophet,frozen,selected,2026,1,2025-01-13 01:00:00,2025-01-13 15:00:00,15,904.75,True,True,920.0425415039062,0.0,920.0425415039062,0,0,0.1
core_neuralprophet_frozen_s2026,neuralprophet,frozen,selected,2026,1,2025-01-13 01:00:00,2025-01-13 16:00:00,16,870.4,True,True,929.3400268554688,0.0,929.3400268554688,0,0,0.1
core_neuralprophet_frozen_s2026,neuralprophet,frozen,selected,2026,1,2025-01-13 01:00:00,2025-01-13 17:00:00,17,833.22,True,True,915.3153686523438,0.0,915.3153686523438,0,0,0.1
core_neuralprophet_frozen_s2026,neuralprophet,frozen,selected,2026,1,2025-01-13 01:00:00,2025-01-13 18:00:00,18,773.03,True,True,846.0137939453125,0.0,846.0137939453125,0,0,0.1
core_neuralprophet_frozen_s2026,neuralprophet,frozen,selected,2026,1,2025-01-13 01:00:00,2025-01-13 19:00:00,19,622.36,True,True,700.6798095703125,0.0,700.6798095703125,0,0,0.1
core_neuralprophet_frozen_s2026,neuralprophet,frozen,selected,2026,1,2025-01-13 01:00:00,2025-01-13 20:00:00,20,421.75,True,True,492.8921813964844,0.0,492.8921813964844,0,0,0.1
core_neuralprophet_frozen_s2026,neuralprophet,frozen,selected,2026,1,2025-01-13 01:00:00,2025-01-13 21:00:00,21,253.7,True,True,304.7494506835937,0.0,304.7494506835937,0,0,0.1
core_neuralprophet_frozen_s2026,neuralprophet,frozen,selected,2026,1,2025-01-13 01:00:00,2025-01-13 22:00:00,22,82.4,True,True,116.40901184082033,0.0,116.40901184082033,0,0,0.1
core_neuralprophet_frozen_s2026,neuralprophet,frozen,selected,2026,1,2025-01-13 01:00:00,2025-01-13 23:00:00,23,42.86,True,True,44.78701019287109,0.0,44.78701019287109,0,0,0.1
core_neuralprophet_frozen_s2026,neuralprophet,frozen,selected,2026,1,2025-01-13 01:00:00,2025-01-14 00:00:00,24,37.24,True,True,51.030887603759766,0.0,51.030887603759766,0,0,0.1
core_neuralprophet_frozen_s2026,neuralprophet,frozen,selected,2026,1,2025-01-13 01:00:00,2025-01-14 01:00:00,25,24.54,True,True,26.59335708618164,0.0,26.59335708618164,0,0,0.1
core_neuralprophet_frozen_s2026,neuralprophet,frozen,selected,2026,1,2025-01-13 01:00:00,2025-01-14 02:00:00,26,18.33,True,True,16.02968406677246,0.0,16.02968406677246,0,0,0.1
core_neuralprophet_frozen_s2026,neuralprophet,frozen,selected,2026,1,2025-01-13 01:00:00,2025-01-14 03:00:00,27,11.8,True,True,-9.029294967651367,0.0,-9.029294967651367,0,0,0.1
core_neuralprophet_frozen_s2026,neuralprophet,frozen,selected,2026,1,2025-01-13 01:00:00,2025-01-14 04:00:00,28,8.15,True,True,-14.587902069091797,0.0,-14.587902069091797,0,0,0.1
core_neuralprophet_frozen_s2026,neuralprophet,frozen,selected,2026,1,2025-01-13 01:00:00,2025-01-14 05:00:00,29,8.22,True,True,2.447438955307007,0.0,2.447438955307007,0,0,0.1
core_neuralprophet_frozen_s2026,neuralprophet,frozen,selected,2026,1,2025-01-13 01:00:00,2025-01-14 06:00:00,30,8.56,True,True,1.4640979766845703,0.0,1.4640979766845703,0,0,0.1
core_neuralprophet_frozen_s2026,neuralprophet,frozen,selected,2026,1,2025-01-13 01:00:00,2025-01-14 07:00:00,31,8.96,True,True,-17.868566513061523,0.0,-17.868566513061523,0,0,0.1
core_neuralprophet_frozen_s2026,neuralprophet,frozen,selected,2026,1,2025-01-13 01:00:00,2025-01-14 08:00:00,32,10.47,True,True,-13.303889274597168,0.0,-13.303889274597168,0,0,0.1
core_neuralprophet_frozen_s2026,neuralprophet,frozen,selected,2026,1,2025-01-13 01:00:00,2025-01-14 09:00:00,33,12.1,True,True,-19.356882095336918,0.0,-19.356882095336918,0,0,0.1
core_neuralprophet_frozen_s2026,neuralprophet,frozen,selected,2026,1,2025-01-13 01:00:00,2025-01-14 10:00:00,34,15.07,True,True,-17.661624908447266,0.0,-17.661624908447266,0,0,0.1
core_neuralprophet_frozen_s2026,neuralprophet,frozen,selected,2026,1,2025-01-13 01:00:00,2025-01-14 11:00:00,35,22.42,True,True,-11.58592700958252,0.0,-11.58592700958252,0,0,0.1
core_neuralprophet_frozen_s2026,neuralprophet,frozen,selected,2026,1,2025-01-13 01:00:00,2025-01-14 12:00:00,36,31.0,True,True,0.213378369808197,0.0,0.213378369808197,0,0,0.1
core_neuralprophet_frozen_s2026,neuralprophet,frozen,selected,2026,1,2025-01-13 01:00:00,2025-01-14 13:00:00,37,36.65,True,True,-6.04201602935791,0.0,-6.04201602935791,0,0,0.1
core_neuralprophet_frozen_s2026,neuralprophet,frozen,selected,2026,1,2025-01-13 01:00:00,2025-01-14 14:00:00,38,39.83,True,True,3.83221960067749,0.0,3.83221960067749,0,0,0.1
core_neuralprophet_frozen_s2026,neuralprophet,frozen,selected,2026,1,2025-01-13 01:00:00,2025-01-14 15:00:00,39,36.94,True,True,-2.669830322265625,0.0,-2.669830322265625,0,0,0.1
core_neuralprophet_frozen_s2026,neuralprophet,frozen,selected,2026,1,2025-01-13 01:00:00,2025-01-14 16:00:00,40,28.02,True,True,-3.162729024887085,0.0,-3.162729024887085,0,0,0.1
core_neuralprophet_frozen_s2026,neuralprophet,frozen,selected,2026,1,2025-01-13 01:00:00,2025-01-14 17:00:00,41,24.98,True,True,-3.241328477859497,0.0,-3.241328477859497,0,0,0.1
core_neuralprophet_frozen_s2026,neuralprophet,frozen,selected,2026,1,2025-01-13 01:00:00,2025-01-14 18:00:00,42,24.96,True,True,6.273966312408447,0.0,6.273966312408447,0,0,0.1
core_neuralprophet_frozen_s2026,neuralprophet,frozen,selected,2026,1,2025-01-13 01:00:00,2025-01-14 19:00:00,43,37.67,True,True,29.930082321166992,0.0,29.930082321166992,0,0,0.1
core_neuralprophet_frozen_s2026,neuralprophet,frozen,selected,2026,1,2025-01-13 01:00:00,2025-01-14 20:00:00,44,63.94,True,True,67.70207214355469,0.0,67.70207214355469,0,0,0.1
core_neuralprophet_frozen_s2026,neuralprophet,frozen,selected,2026,1,2025-01-13 01:00:00,2025-01-14 21:00:00,45,93.66,True,True,95.4832000732422,0.0,95.4832000732422,0,0,0.1
core_neuralprophet_frozen_s2026,neuralprophet,frozen,selected,2026,1,2025-01-13 01:00:00,2025-01-14 22:00:00,46,138.62,True,True,133.75164794921875,0.0,133.75164794921875,0,0,0.1
core_neuralprophet_frozen_s2026,neuralprophet,frozen,selected,2026,1,2025-01-13 01:00:00,2025-01-14 23:00:00,47,271.25,True,True,256.5473937988281,0.0,256.5473937988281,0,0,0.1
core_neuralprophet_frozen_s2026,neuralprophet,frozen,selected,2026,1,2025-01-13 01:00:00,2025-01-15 00:00:00,48,471.95,True,True,458.9044799804688,0.0,458.9044799804688,0,0,0.1
core_neuralprophet_frozen_s2026,neuralprophet,frozen,selected,2026,1,2025-01-13 01:00:00,2025-01-15 01:00:00,49,641.87,True,True,632.7808837890625,0.0,632.7808837890625,0,0,0.1
core_neuralprophet_frozen_s2026,neuralprophet,frozen,selected,2026,1,2025-01-13 01:00:00,2025-01-15 02:00:00,50,717.12,True,True,708.6851806640625,0.0,708.6851806640625,0,0,0.1
core_neuralprophet_frozen_s2026,neuralprophet,frozen,selected,2026,1,2025-01-13 01:00:00,2025-01-15 03:00:00,51,713.25,True,True,701.2240600585938,0.0,701.2240600585938,0,0,0.1
core_neuralprophet_frozen_s2026,neuralprophet,frozen,selected,2026,1,2025-01-13 01:00:00,2025-01-15 04:00:00,52,533.68,True,True,520.077880859375,0.0,520.077880859375,0,0,0.1
core_neuralprophet_frozen_s2026,neuralprophet,frozen,selected,2026,1,2025-01-13 01:00:00,2025-01-15 05:00:00,53,400.19,True,True,406.8556213378906,0.0,406.8556213378906,0,0,0.1
core_neuralprophet_frozen_s2026,neuralprophet,frozen,selected,2026,1,2025-01-13 01:00:00,2025-01-15 06:00:00,54,306.47,True,True,306.0215148925781,0.0,306.0215148925781,0,0,0.1
core_neuralprophet_frozen_s2026,neuralprophet,frozen,selected,2026,1,2025-01-13 01:00:00,2025-01-15 07:00:00,55,237.43,True,True,232.3388214111328,0.0,232.3388214111328,0,0,0.1
core_neuralprophet_frozen_s2026,neuralprophet,frozen,selected,2026,1,2025-01-13 01:00:00,2025-01-15 08:00:00,56,216.12,True,True,218.7113800048828,0.0,218.7113800048828,0,0,0.1
core_neuralprophet_frozen_s2026,neuralprophet,frozen,selected,2026,1,2025-01-13 01:00:00,2025-01-15 09:00:00,57,206.06,True,True,205.25962829589844,0.0,205.25962829589844,0,0,0.1
core_neuralprophet_frozen_s2026,neuralprophet,frozen,selected,2026,1,2025-01-13 01:00:00,2025-01-15 10:00:00,58,232.84,True,True,236.54010009765625,0.0,236.54010009765625,0,0,0.1
core_neuralprophet_frozen_s2026,neuralprophet,frozen,selected,2026,1,2025-01-13 01:00:00,2025-01-15 11:00:00,59,292.56,True,True,278.1161499023437,0.0,278.1161499023437,0,0,0.1
core_neuralprophet_frozen_s2026,neuralprophet,frozen,selected,2026,1,2025-01-13 01:00:00,2025-01-15 12:00:00,60,357.03,True,True,354.303466796875,0.0,354.303466796875,0,0,0.1
core_neuralprophet_frozen_s2026,neuralprophet,frozen,selected,2026,1,2025-01-13 01:00:00,2025-01-15 13:00:00,61,460.7,True,True,461.6048278808594,0.0,461.6048278808594,0,0,0.1
core_neuralprophet_frozen_s2026,neuralprophet,frozen,selected,2026,1,2025-01-13 01:00:00,2025-01-15 14:00:00,62,610.88,True,True,596.2247924804688,0.0,596.2247924804688,0,0,0.1
core_neuralprophet_frozen_s2026,neuralprophet,frozen,selected,2026,1,2025-01-13 01:00:00,2025-01-15 15:00:00,63,709.51,True,True,687.985107421875,0.0,687.985107421875,0,0,0.1
core_neuralprophet_frozen_s2026,neuralprophet,frozen,selected,2026,1,2025-01-13 01:00:00,2025-01-15 16:00:00,64,690.86,True,True,670.8244018554688,0.0,670.8244018554688,0,0,0.1
core_neuralprophet_frozen_s2026,neuralprophet,frozen,selected,2026,1,2025-01-13 01:00:00,2025-01-15 17:00:00,65,619.09,True,True,611.267578125,0.0,611.267578125,0,0,0.1
core_neuralprophet_frozen_s2026,neuralprophet,frozen,selected,2026,1,2025-01-13 01:00:00,2025-01-15 18:00:00,66,539.14,True,True,569.1015014648438,0.0,569.1015014648438,0,0,0.1
core_neuralprophet_frozen_s2026,neuralprophet,frozen,selected,2026,1,2025-01-13 01:00:00,2025-01-15 19:00:00,67,417.74,True,True,452.9978332519531,0.0,452.9978332519531,0,0,0.1
core_neuralprophet_frozen_s2026,neuralprophet,frozen,selected,2026,1,2025-01-13 01:00:00,2025-01-15 20:00:00,68,267.09,True,True,306.38336181640625,0.0,306.38336181640625,0,0,0.1
core_neuralprophet_frozen_s2026,neuralprophet,frozen,selected,2026,1,2025-01-13 01:00:00,2025-01-15 21:00:00,69,144.86,True,True,165.3558349609375,0.0,165.3558349609375,0,0,0.1
core_neuralprophet_frozen_s2026,neuralprophet,frozen,selected,2026,1,2025-01-13 01:00:00,2025-01-15 22:00:00,70,66.81,True,True,90.3375244140625,0.0,90.3375244140625,0,0,0.1
core_neuralprophet_frozen_s2026,neuralprophet,frozen,selected,2026,1,2025-01-13 01:00:00,2025-01-15 23:00:00,71,71.43,True,True,82.31013488769531,0.0,82.31013488769531,0,0,0.1
core_neuralprophet_frozen_s2026,neuralprophet,frozen,selected,2026,1,2025-01-13 01:00:00,2025-01-16 00:00:00,72,77.06,True,True,95.0966796875,0.0,95.0966796875,0,0,0.1
core_neuralprophet_frozen_s2026,neuralprophet,frozen,selected,2026,1,2025-01-13 01:00:00,2025-01-16 01:00:00,73,67.35,True,True,70.05677032470703,0.0,70.05677032470703,0,0,0.1
core_neuralprophet_frozen_s2026,neuralprophet,frozen,selected,2026,1,2025-01-13 01:00:00,2025-01-16 02:00:00,74,66.52,True,True,52.02547836303711,0.0,52.02547836303711,0,0,0.1
core_neuralprophet_frozen_s2026,neuralprophet,frozen,selected,2026,1,2025-01-13 01:00:00,2025-01-16 03:00:00,75,64.37,True,True,58.339881896972656,0.0,58.339881896972656,0,0,0.1
core_neuralprophet_frozen_s2026,neuralprophet,frozen,selected,2026,1,2025-01-13 01:00:00,2025-01-16 04:00:00,76,61.6,True,True,36.82919692993164,0.0,36.82919692993164,0,0,0.1
core_neuralprophet_frozen_s2026,neuralprophet,frozen,selected,2026,1,2025-01-13 01:00:00,2025-01-16 05:00:00,77,61.76,True,True,50.694610595703125,0.0,50.694610595703125,0,0,0.1
core_neuralprophet_frozen_s2026,neuralprophet,frozen,selected,2026,1,2025-01-13 01:00:00,2025-01-16 06:00:00,78,62.94,True,True,31.361181259155277,0.0,31.361181259155277,0,0,0.1
core_neuralprophet_frozen_s2026,neuralprophet,frozen,selected,2026,1,2025-01-13 01:00:00,2025-01-16 07:00:00,79,125.28,True,True,126.87364959716795,0.0,126.87364959716795,0,0,0.1
core_neuralprophet_frozen_s2026,neuralprophet,frozen,selected,2026,1,2025-01-13 01:00:00,2025-01-16 08:00:00,80,253.15,True,True,267.68914794921875,0.0,267.68914794921875,0,0,0.1
core_neuralprophet_frozen_s2026,neuralprophet,frozen,selected,2026,1,2025-01-13 01:00:00,2025-01-16 09:00:00,81,425.83,True,True,426.1857604980469,0.0,426.1857604980469,0,0,0.1
core_neuralprophet_frozen_s2026,neuralprophet,frozen,selected,2026,1,2025-01-13 01:00:00,2025-01-16 10:00:00,82,603.52,True,True,596.5465698242188,0.0,596.5465698242188,0,0,0.1
core_neuralprophet_frozen_s2026,neuralprophet,frozen,selected,2026,1,2025-01-13 01:00:00,2025-01-16 11:00:00,83,783.19,True,True,777.7857666015625,0.0,777.7857666015625,0,0,0.1
core_neuralprophet_frozen_s2026,neuralprophet,frozen,selected,2026,1,2025-01-13 01:00:00,2025-01-16 12:00:00,84,933.18,True,True,944.9325561523438,0.0,944.9325561523438,0,0,0.1
core_neuralprophet_frozen_s2026,neuralprophet,frozen,selected,2026,1,2025-01-13 01:00:00,2025-01-16 13:00:00,85,950.58,True,True,961.8155517578124,0.0,961.8155517578124,0,0,0.1
core_neuralprophet_frozen_s2026,neuralprophet,frozen,selected,2026,1,2025-01-13 01:00:00,2025-01-16 14:00:00,86,938.02,True,True,949.377197265625,0.0,949.377197265625,0,0,0.1
core_neuralprophet_frozen_s2026,neuralprophet,frozen,selected,2026,1,2025-01-13 01:00:00,2025-01-16 15:00:00,87,898.71,True,True,926.7747802734376,0.0,926.7747802734376,0,0,0.1
core_neuralprophet_frozen_s2026,neuralprophet,frozen,selected,2026,1,2025-01-13 01:00:00,2025-01-16 16:00:00,88,760.12,True,True,785.3638305664062,0.0,785.3638305664062,0,0,0.1
core_neuralprophet_frozen_s2026,neuralprophet,frozen,selected,2026,1,2025-01-13 01:00:00,2025-01-16 17:00:00,89,620.84,True,True,643.9776611328125,0.0,643.9776611328125,0,0,0.1
core_neuralprophet_frozen_s2026,neuralprophet,frozen,selected,2026,1,2025-01-13 01:00:00,2025-01-16 18:00:00,90,532.51,True,True,546.6491088867188,0.0,546.6491088867188,0,0,0.1
core_neuralprophet_frozen_s2026,neuralprophet,frozen,selected,2026,1,2025-01-13 01:00:00,2025-01-16 19:00:00,91,469.09,True,True,485.0408325195313,0.0,485.0408325195313,0,0,0.1
core_neuralprophet_frozen_s2026,neuralprophet,frozen,selected,2026,1,2025-01-13 01:00:00,2025-01-16 20:00:00,92,427.47,True,True,439.1419982910156,0.0,439.1419982910156,0,0,0.1
core_neuralprophet_frozen_s2026,neuralprophet,frozen,selected,2026,1,2025-01-13 01:00:00,2025-01-16 21:00:00,93,413.61,True,True,411.8892211914063,0.0,411.8892211914063,0,0,0.1
core_neuralprophet_frozen_s2026,neuralprophet,frozen,selected,2026,1,2025-01-13 01:00:00,2025-01-16 22:00:00,94,435.55,True,True,427.6788940429688,0.0,427.6788940429688,0,0,0.1
core_neuralprophet_frozen_s2026,neuralprophet,frozen,selected,2026,1,2025-01-13 01:00:00,2025-01-16 23:00:00,95,532.22,True,True,495.1103820800781,0.0,495.1103820800781,0,0,0.1
core_neuralprophet_frozen_s2026,neuralprophet,frozen,selected,2026,1,2025-01-13 01:00:00,2025-01-17 00:00:00,96,641.2,True,True,608.3800048828125,0.0,608.3800048828125,0,0,0.1
core_neuralprophet_frozen_s2026,neuralprophet,frozen,selected,2026,1,2025-01-13 01:00:00,2025-01-17 01:00:00,97,746.25,True,True,723.5897216796875,0.0,723.5897216796875,0,0,0.1
core_neuralprophet_frozen_s2026,neuralprophet,frozen,selected,2026,1,2025-01-13 01:00:00,2025-01-17 02:00:00,98,848.37,True,True,837.5604248046875,0.0,837.5604248046875,0,0,0.1
core_neuralprophet_frozen_s2026,neuralprophet,frozen,selected,2026,1,2025-01-13 01:00:00,2025-01-17 03:00:00,99,894.42,True,True,905.5848388671876,0.0,905.5848388671876,0,0,0.1
core_neuralprophet_frozen_s2026,neuralprophet,frozen,selected,2026,1,2025-01-13 01:00:00,2025-01-17 04:00:00,100,531.09,True,True,498.8583068847656,0.0,498.8583068847656,0,0,0.1
core_neuralprophet_frozen_s2026,neuralprophet,frozen,selected,2026,1,2025-01-13 01:00:00,2025-01-17 05:00:00,101,509.3,True,True,453.0999145507813,0.0,453.0999145507813,0,0,0.1
core_neuralprophet_frozen_s2026,neuralprophet,frozen,selected,2026,1,2025-01-13 01:00:00,2025-01-17 06:00:00,102,496.87,True,True,444.9775390625,0.0,444.9775390625,0,0,0.1
core_neuralprophet_frozen_s2026,neuralprophet,frozen,selected,2026,1,2025-01-13 01:00:00,2025-01-17 07:00:00,103,497.75,True,True,438.8822937011719,0.0,438.8822937011719,0,0,0.1
core_neuralprophet_frozen_s2026,neuralprophet,frozen,selected,2026,1,2025-01-13 01:00:00,2025-01-17 08:00:00,104,551.56,True,True,526.83740234375,0.0,526.83740234375,0,0,0.1
core_neuralprophet_frozen_s2026,neuralprophet,frozen,selected,2026,1,2025-01-13 01:00:00,2025-01-17 09:00:00,105,621.64,True,True,608.6185302734375,0.0,608.6185302734375,0,0,0.1
core_neuralprophet_frozen_s2026,neuralprophet,frozen,selected,2026,1,2025-01-13 01:00:00,2025-01-17 10:00:00,106,732.46,True,True,748.7984619140625,0.0,748.7984619140625,0,0,0.1
core_neuralprophet_frozen_s2026,neuralprophet,frozen,selected,2026,1,2025-01-13 01:00:00,2025-01-17 11:00:00,107,899.52,True,True,925.6940307617188,0.0,925.6940307617188,0,0,0.1
core_neuralprophet_frozen_s2026,neuralprophet,frozen,selected,2026,1,2025-01-13 01:00:00,2025-01-17 12:00:00,108,1077.14,True,True,1114.05810546875,0.0,1114.05810546875,0,0,0.1
core_neuralprophet_frozen_s2026,neuralprophet,frozen,selected,2026,1,2025-01-13 01:00:00,2025-01-17 13:00:00,109,1212.6,True,True,1267.4228515625,0.0,1267.4228515625,0,0,0.1
core_neuralprophet_frozen_s2026,neuralprophet,frozen,selected,2026,1,2025-01-13 01:00:00,2025-01-17 14:00:00,110,1314.23,True,True,1407.891845703125,0.0,1407.891845703125,0,0,0.1
core_neuralprophet_frozen_s2026,neuralprophet,frozen,selected,2026,1,2025-01-13 01:00:00,2025-01-17 15:00:00,111,1345.67,True,True,1439.3424072265625,0.0,1439.3424072265625,0,0,0.1
core_neuralprophet_frozen_s2026,neuralprophet,frozen,selected,2026,1,2025-01-13 01:00:00,2025-01-17 16:00:00,112,1265.23,True,True,1397.2647705078125,0.0,1397.2647705078125,0,0,0.1
core_neuralprophet_frozen_s2026,neuralprophet,frozen,selected,2026,1,2025-01-13 01:00:00,2025-01-17 17:00:00,113,1130.31,True,True,1270.9439697265625,0.0,1270.9439697265625,0,0,0.1
core_neuralprophet_frozen_s2026,neuralprophet,frozen,selected,2026,1,2025-01-13 01:00:00,2025-01-17 18:00:00,114,976.9,True,True,1096.1273193359375,0.0,1096.1273193359375,0,0,0.1
core_neuralprophet_frozen_s2026,neuralprophet,frozen,selected,2026,1,2025-01-13 01:00:00,2025-01-17 19:00:00,115,850.99,True,True,976.3001708984376,0.0,976.3001708984376,0,0,0.1
core_neuralprophet_frozen_s2026,neuralprophet,frozen,selected,2026,1,2025-01-13 01:00:00,2025-01-17 20:00:00,116,758.99,True,True,865.5859985351562,0.0,865.5859985351562,0,0,0.1
core_neuralprophet_frozen_s2026,neuralprophet,frozen,selected,2026,1,2025-01-13 01:00:00,2025-01-17 21:00:00,117,692.69,True,True,772.6932983398438,0.0,772.6932983398438,0,0,0.1
core_neuralprophet_frozen_s2026,neuralprophet,frozen,selected,2026,1,2025-01-13 01:00:00,2025-01-17 22:00:00,118,630.07,True,True,695.3304443359375,0.0,695.3304443359375,0,0,0.1
core_neuralprophet_frozen_s2026,neuralprophet,frozen,selected,2026,1,2025-01-13 01:00:00,2025-01-17 23:00:00,119,622.89,True,True,659.4876708984375,0.0,659.4876708984375,0,0,0.1
core_neuralprophet_frozen_s2026,neuralprophet,frozen,selected,2026,1,2025-01-13 01:00:00,2025-01-18 00:00:00,120,645.64,True,True,673.6753540039062,0.0,673.6753540039062,0,0,0.1
core_neuralprophet_frozen_s2026,neuralprophet,frozen,selected,2026,1,2025-01-13 01:00:00,2025-01-18 01:00:00,121,650.54,True,True,677.3485107421875,0.0,677.3485107421875,0,0,0.1
core_neuralprophet_frozen_s2026,neuralprophet,frozen,selected,2026,1,2025-01-13 01:00:00,2025-01-18 02:00:00,122,657.67,True,True,696.8665161132812,0.0,696.8665161132812,0,0,0.1
core_neuralprophet_frozen_s2026,neuralprophet,frozen,selected,2026,1,2025-01-13 01:00:00,2025-01-18 03:00:00,123,657.83,True,True,703.4713745117188,0.0,703.4713745117188,0,0,0.1
core_neuralprophet_frozen_s2026,neuralprophet,frozen,selected,2026,1,2025-01-13 01:00:00,2025-01-18 04:00:00,124,587.58,True,True,634.7039794921875,0.0,634.7039794921875,0,0,0.1
core_neuralprophet_frozen_s2026,neuralprophet,frozen,selected,2026,1,2025-01-13 01:00:00,2025-01-18 05:00:00,125,565.86,True,True,610.9449462890625,0.0,610.9449462890625,0,0,0.1
core_neuralprophet_frozen_s2026,neuralprophet,frozen,selected,2026,1,2025-01-13 01:00:00,2025-01-18 06:00:00,126,530.85,True,True,576.6307983398438,0.0,576.6307983398438,0,0,0.1
core_neuralprophet_frozen_s2026,neuralprophet,frozen,selected,2026,1,2025-01-13 01:00:00,2025-01-18 07:00:00,127,519.16,True,True,560.8465576171875,0.0,560.8465576171875,0,0,0.1
core_neuralprophet_frozen_s2026,neuralprophet,frozen,selected,2026,1,2025-01-13 01:00:00,2025-01-18 08:00:00,128,596.14,True,True,641.8811645507812,0.0,641.8811645507812,0,0,0.1
core_neuralprophet_frozen_s2026,neuralprophet,frozen,selected,2026,1,2025-01-13 01:00:00,2025-01-18 09:00:00,129,695.65,True,True,737.4407958984375,0.0,737.4407958984375,0,0,0.1
core_neuralprophet_frozen_s2026,neuralprophet,frozen,selected,2026,1,2025-01-13 01:00:00,2025-01-18 10:00:00,130,803.42,True,True,855.2771606445312,0.0,855.2771606445312,0,0,0.1
core_neuralprophet_frozen_s2026,neuralprophet,frozen,selected,2026,1,2025-01-13 01:00:00,2025-01-18 11:00:00,131,913.99,True,True,975.8527221679688,0.0,975.8527221679688,0,0,0.1
core_neuralprophet_frozen_s2026,neuralprophet,frozen,selected,2026,1,2025-01-13 01:00:00,2025-01-18 12:00:00,132,983.6,True,True,1044.0750732421875,0.0,1044.0750732421875,0,0,0.1
core_neuralprophet_frozen_s2026,neuralprophet,frozen,selected,2026,1,2025-01-13 01:00:00,2025-01-18 13:00:00,133,987.13,True,True,1066.5423583984375,0.0,1066.5423583984375,0,0,0.1
core_neuralprophet_frozen_s2026,neuralprophet,frozen,selected,2026,1,2025-01-13 01:00:00,2025-01-18 14:00:00,134,945.19,True,True,1006.7366943359376,0.0,1006.7366943359376,0,0,0.1
core_neuralprophet_frozen_s2026,neuralprophet,frozen,selected,2026,1,2025-01-13 01:00:00,2025-01-18 15:00:00,135,796.17,True,True,865.325927734375,0.0,865.325927734375,0,0,0.1
core_neuralprophet_frozen_s2026,neuralprophet,frozen,selected,2026,1,2025-01-13 01:00:00,2025-01-18 16:00:00,136,551.72,True,True,609.4479370117188,0.0,609.4479370117188,0,0,0.1
core_neuralprophet_frozen_s2026,neuralprophet,frozen,selected,2026,1,2025-01-13 01:00:00,2025-01-18 17:00:00,137,335.28,True,True,385.9075012207031,0.0,385.9075012207031,0,0,0.1
core_neuralprophet_frozen_s2026,neuralprophet,frozen,selected,2026,1,2025-01-13 01:00:00,2025-01-18 18:00:00,138,187.69,True,True,218.4133758544922,0.0,218.4133758544922,0,0,0.1
core_neuralprophet_frozen_s2026,neuralprophet,frozen,selected,2026,1,2025-01-13 01:00:00,2025-01-18 19:00:00,139,70.81,True,True,78.78425598144531,0.0,78.78425598144531,0,0,0.1
core_neuralprophet_frozen_s2026,neuralprophet,frozen,selected,2026,1,2025-01-13 01:00:00,2025-01-18 20:00:00,140,51.73,True,True,41.75580596923828,0.0,41.75580596923828,0,0,0.1
core_neuralprophet_frozen_s2026,neuralprophet,frozen,selected,2026,1,2025-01-13 01:00:00,2025-01-18 21:00:00,141,50.45,True,True,21.04659652709961,0.0,21.04659652709961,0,0,0.1
core_neuralprophet_frozen_s2026,neuralprophet,frozen,selected,2026,1,2025-01-13 01:00:00,2025-01-18 22:00:00,142,53.33,True,True,17.431058883666992,0.0,17.431058883666992,0,0,0.1
core_neuralprophet_frozen_s2026,neuralprophet,frozen,selected,2026,1,2025-01-13 01:00:00,2025-01-18 23:00:00,143,63.47,True,True,28.773380279541016,0.0,28.773380279541016,0,0,0.1
core_neuralprophet_frozen_s2026,neuralprophet,frozen,selected,2026,1,2025-01-13 01:00:00,2025-01-19 00:00:00,144,73.44,True,True,55.238563537597656,0.0,55.238563537597656,0,0,0.1
core_neuralprophet_frozen_s2026,neuralprophet,frozen,selected,2026,1,2025-01-13 01:00:00,2025-01-19 01:00:00,145,78.05,True,True,50.77803802490234,0.0,50.77803802490234,0,0,0.1
core_neuralprophet_frozen_s2026,neuralprophet,frozen,selected,2026,1,2025-01-13 01:00:00,2025-01-19 02:00:00,146,78.83,True,True,49.741546630859375,0.0,49.741546630859375,0,0,0.1
core_neuralprophet_frozen_s2026,neuralprophet,frozen,selected,2026,1,2025-01-13 01:00:00,2025-01-19 03:00:00,147,76.0,True,True,34.637264251708984,0.0,34.637264251708984,0,0,0.1
core_neuralprophet_frozen_s2026,neuralprophet,frozen,selected,2026,1,2025-01-13 01:00:00,2025-01-19 04:00:00,148,72.06,True,True,47.106544494628906,0.0,47.106544494628906,0,0,0.1
core_neuralprophet_frozen_s2026,neuralprophet,frozen,selected,2026,1,2025-01-13 01:00:00,2025-01-19 05:00:00,149,67.78,True,True,50.95930480957031,0.0,50.95930480957031,0,0,0.1
core_neuralprophet_frozen_s2026,neuralprophet,frozen,selected,2026,1,2025-01-13 01:00:00,2025-01-19 06:00:00,150,64.1,True,True,42.671634674072266,0.0,42.671634674072266,0,0,0.1
core_neuralprophet_frozen_s2026,neuralprophet,frozen,selected,2026,1,2025-01-13 01:00:00,2025-01-19 07:00:00,151,88.26,True,True,78.67420196533203,0.0,78.67420196533203,0,0,0.1
core_neuralprophet_frozen_s2026,neuralprophet,frozen,selected,2026,1,2025-01-13 01:00:00,2025-01-19 08:00:00,152,151.64,True,True,155.50741577148438,0.0,155.50741577148438,0,0,0.1
core_neuralprophet_frozen_s2026,neuralprophet,frozen,selected,2026,1,2025-01-13 01:00:00,2025-01-19 09:00:00,153,235.76,True,True,235.4521026611328,0.0,235.4521026611328,0,0,0.1
core_neuralprophet_frozen_s2026,neuralprophet,frozen,selected,2026,1,2025-01-13 01:00:00,2025-01-19 10:00:00,154,322.92,True,True,315.2020874023437,0.0,315.2020874023437,0,0,0.1
core_neuralprophet_frozen_s2026,neuralprophet,frozen,selected,2026,1,2025-01-13 01:00:00,2025-01-19 11:00:00,155,425.28,True,True,406.8120422363281,0.0,406.8120422363281,0,0,0.1
core_neuralprophet_frozen_s2026,neuralprophet,frozen,selected,2026,1,2025-01-13 01:00:00,2025-01-19 12:00:00,156,528.69,True,True,517.7764282226562,0.0,517.7764282226562,0,0,0.1
core_neuralprophet_frozen_s2026,neuralprophet,frozen,selected,2026,1,2025-01-13 01:00:00,2025-01-19 13:00:00,157,600.77,True,True,587.8790283203125,0.0,587.8790283203125,0,0,0.1
core_neuralprophet_frozen_s2026,neuralprophet,frozen,selected,2026,1,2025-01-13 01:00:00,2025-01-19 14:00:00,158,666.52,True,True,666.4284057617188,0.0,666.4284057617188,0,0,0.1
core_neuralprophet_frozen_s2026,neuralprophet,frozen,selected,2026,1,2025-01-13 01:00:00,2025-01-19 15:00:00,159,689.04,True,True,679.1380004882812,0.0,679.1380004882812,0,0,0.1
core_neuralprophet_frozen_s2026,neuralprophet,frozen,selected,2026,1,2025-01-13 01:00:00,2025-01-19 16:00:00,160,624.14,True,True,615.5729370117188,0.0,615.5729370117188,0,0,0.1
core_neuralprophet_frozen_s2026,neuralprophet,frozen,selected,2026,1,2025-01-13 01:00:00,2025-01-19 17:00:00,161,565.74,True,True,576.7959594726562,0.0,576.7959594726562,0,0,0.1
core_neuralprophet_frozen_s2026,neuralprophet,frozen,selected,2026,1,2025-01-13 01:00:00,2025-01-19 18:00:00,162,547.88,True,True,558.4692993164062,0.0,558.4692993164062,0,0,0.1
core_neuralprophet_frozen_s2026,neuralprophet,frozen,selected,2026,1,2025-01-13 01:00:00,2025-01-19 19:00:00,163,534.29,True,True,549.3367919921875,0.0,549.3367919921875,0,0,0.1
core_neuralprophet_frozen_s2026,neuralprophet,frozen,selected,2026,1,2025-01-13 01:00:00,2025-01-19 20:00:00,164,513.39,True,True,516.3292846679688,0.0,516.3292846679688,0,0,0.1
core_neuralprophet_frozen_s2026,neuralprophet,frozen,selected,2026,1,2025-01-13 01:00:00,2025-01-19 21:00:00,165,493.43,True,True,492.02740478515625,0.0,492.02740478515625,0,0,0.1
core_neuralprophet_frozen_s2026,neuralprophet,frozen,selected,2026,1,2025-01-13 01:00:00,2025-01-19 22:00:00,166,475.4,True,True,467.5987243652344,0.0,467.5987243652344,0,0,0.1
core_neuralprophet_frozen_s2026,neuralprophet,frozen,selected,2026,1,2025-01-13 01:00:00,2025-01-19 23:00:00,167,522.19,True,True,499.59130859375,0.0,499.59130859375,0,0,0.1
core_neuralprophet_frozen_s2026,neuralprophet,frozen,selected,2026,1,2025-01-13 01:00:00,2025-01-20 00:00:00,168,610.26,True,True,584.98779296875,0.0,584.98779296875,0,0,0.1
core_neuralprophet_frozen_s2026,neuralprophet,frozen,selected,2026,2,2025-01-20 01:00:00,2025-01-20 01:00:00,1,725.46,True,True,722.1181030273438,-1.1368384121415163,720.9812646152022,0,0,0.1
core_neuralprophet_frozen_s2026,neuralprophet,frozen,selected,2026,2,2025-01-20 01:00:00,2025-01-20 02:00:00,2,826.46,True,True,850.3084106445312,-1.1368384121415163,849.1715722323897,0,0,0.1
core_neuralprophet_frozen_s2026,neuralprophet,frozen,selected,2026,2,2025-01-20 01:00:00,2025-01-20 03:00:00,3,867.33,True,True,886.5933837890625,-1.1368384121415163,885.456545376921,0,0,0.1
core_neuralprophet_frozen_s2026,neuralprophet,frozen,selected,2026,2,2025-01-20 01:00:00,2025-01-20 04:00:00,4,525.25,True,True,485.2081909179688,-1.1368384121415163,484.0713525058273,0,0,0.1
core_neuralprophet_frozen_s2026,neuralprophet,frozen,selected,2026,2,2025-01-20 01:00:00,2025-01-20 05:00:00,5,544.06,True,True,478.8655395507813,-1.1368384121415163,477.7287011386398,0,0,0.1
core_neuralprophet_frozen_s2026,neuralprophet,frozen,selected,2026,2,2025-01-20 01:00:00,2025-01-20 06:00:00,6,573.14,True,True,489.513671875,-1.1368384121415163,488.3768334628585,0,0,0.1
core_neuralprophet_frozen_s2026,neuralprophet,frozen,selected,2026,2,2025-01-20 01:00:00,2025-01-20 07:00:00,7,644.34,True,True,530.1962890625,-1.1368384121415163,529.0594506503585,0,0,0.1
core_neuralprophet_frozen_s2026,neuralprophet,frozen,selected,2026,2,2025-01-20 01:00:00,2025-01-20 08:00:00,8,768.59,True,True,709.2174072265625,-1.1368384121415163,708.080568814421,0,0,0.1
core_neuralprophet_frozen_s2026,neuralprophet,frozen,selected,2026,2,2025-01-20 01:00:00,2025-01-20 09:00:00,9,875.14,True,True,832.8670654296875,-1.1368384121415163,831.730227017546,0,0,0.1
core_neuralprophet_frozen_s2026,neuralprophet,frozen,selected,2026,2,2025-01-20 01:00:00,2025-01-20 10:00:00,10,1001.02,True,True,947.1536865234376,-1.1368384121415163,946.0168481112961,0,0,0.1
core_neuralprophet_frozen_s2026,neuralprophet,frozen,selected,2026,2,2025-01-20 01:00:00,2025-01-20 11:00:00,11,1166.84,True,True,1115.7728271484375,-1.1368384121415163,1114.635988736296,0,0,0.1
core_neuralprophet_frozen_s2026,neuralprophet,frozen,selected,2026,2,2025-01-20 01:00:00,2025-01-20 12:00:00,12,1325.63,True,True,1264.8873291015625,-1.1368384121415163,1263.750490689421,0,0,0.1
core_neuralprophet_frozen_s2026,neuralprophet,frozen,selected,2026,2,2025-01-20 01:00:00,2025-01-20 13:00:00,13,1407.51,True,True,1349.5833740234375,-1.1368384121415163,1348.446535611296,0,0,0.1
core_neuralprophet_frozen_s2026,neuralprophet,frozen,selected,2026,2,2025-01-20 01:00:00,2025-01-20 14:00:00,14,1387.02,True,True,1310.5396728515625,-1.1368384121415163,1309.402834439421,0,0,0.1
core_neuralprophet_frozen_s2026,neuralprophet,frozen,selected,2026,2,2025-01-20 01:00:00,2025-01-20 15:00:00,15,1216.89,True,True,1131.1461181640625,-1.1368384121415163,1130.009279751921,0,0,0.1
core_neuralprophet_frozen_s2026,neuralprophet,frozen,selected,2026,2,2025-01-20 01:00:00,2025-01-20 16:00:00,16,944.65,True,True,911.7154541015624,-1.1368384121415163,910.5786156894209,0,0,0.1
core_neuralprophet_frozen_s2026,neuralprophet,frozen,selected,2026,2,2025-01-20 01:00:00,2025-01-20 17:00:00,17,687.19,True,True,650.7054443359375,-1.1368384121415163,649.568605923796,0,0,0.1
core_neuralprophet_frozen_s2026,neuralprophet,frozen,selected,2026,2,2025-01-20 01:00:00,2025-01-20 18:00:00,18,478.96,True,True,458.5877075195313,-1.1368384121415163,457.4508691073898,0,0,0.1
core_neuralprophet_frozen_s2026,neuralprophet,frozen,selected,2026,2,2025-01-20 01:00:00,2025-01-20 19:00:00,19,313.01,True,True,277.2928161621094,-1.1368384121415163,276.15597774996786,0,0,0.1
core_neuralprophet_frozen_s2026,neuralprophet,frozen,selected,2026,2,2025-01-20 01:00:00,2025-01-20 20:00:00,20,213.09,True,True,187.8900451660156,-1.1368384121415163,186.75320675387408,0,0,0.1
core_neuralprophet_frozen_s2026,neuralprophet,frozen,selected,2026,2,2025-01-20 01:00:00,2025-01-20 21:00:00,21,155.66,True,True,143.5106658935547,-1.1368384121415163,142.37382748141317,0,0,0.1
core_neuralprophet_frozen_s2026,neuralprophet,frozen,selected,2026,2,2025-01-20 01:00:00,2025-01-20 22:00:00,22,117.04,True,True,111.3629913330078,-1.1368384121415163,110.22615292086628,0,0,0.1
core_neuralprophet_frozen_s2026,neuralprophet,frozen,selected,2026,2,2025-01-20 01:00:00,2025-01-20 23:00:00,23,122.72,True,True,112.74925994873048,-1.1368384121415163,111.61242153658897,0,0,0.1
core_neuralprophet_frozen_s2026,neuralprophet,frozen,selected,2026,2,2025-01-20 01:00:00,2025-01-21 00:00:00,24,142.38,True,True,135.1450958251953,-1.1368384121415163,134.0082574130538,0,0,0.1
core_neuralprophet_frozen_s2026,neuralprophet,frozen,selected,2026,2,2025-01-20 01:00:00,2025-01-21 01:00:00,25,144.76,True,True,121.40738677978516,-1.1368384121415163,120.27054836764364,0,0,0.1
core_neuralprophet_frozen_s2026,neuralprophet,frozen,selected,2026,2,2025-01-20 01:00:00,2025-01-21 02:00:00,26,139.09,True,True,121.97005462646484,-1.1368384121415163,120.83321621432333,0,0,0.1
core_neuralprophet_frozen_s2026,neuralprophet,frozen,selected,2026,2,2025-01-20 01:00:00,2025-01-21 03:00:00,27,125.87,True,True,92.8412857055664,-1.1368384121415163,91.70444729342489,0,0,0.1
core_neuralprophet_frozen_s2026,neuralprophet,frozen,selected,2026,2,2025-01-20 01:00:00,2025-01-21 04:00:00,28,107.08,True,True,76.19220733642578,-1.1368384121415163,75.05536892428427,0,0,0.1
core_neuralprophet_frozen_s2026,neuralprophet,frozen,selected,2026,2,2025-01-20 01:00:00,2025-01-21 05:00:00,29,96.0,True,True,83.47476196289062,-1.1368384121415163,82.33792355074911,0,0,0.1
core_neuralprophet_frozen_s2026,neuralprophet,frozen,selected,2026,2,2025-01-20 01:00:00,2025-01-21 06:00:00,30,82.98,True,True,64.67505645751953,-1.1368384121415163,63.53821804537802,0,0,0.1
core_neuralprophet_frozen_s2026,neuralprophet,frozen,selected,2026,2,2025-01-20 01:00:00,2025-01-21 07:00:00,31,134.66,True,True,142.0815887451172,-1.1368384121415163,140.94475033297567,0,0,0.1
core_neuralprophet_frozen_s2026,neuralprophet,frozen,selected,2026,2,2025-01-20 01:00:00,2025-01-21 08:00:00,32,258.48,True,True,269.9208984375,-1.1368384121415163,268.7840600253585,0,0,0.1
core_neuralprophet_frozen_s2026,neuralprophet,frozen,selected,2026,2,2025-01-20 01:00:00,2025-01-21 09:00:00,33,411.48,True,True,407.395263671875,-1.1368384121415163,406.2584252597335,0,0,0.1
core_neuralprophet_frozen_s2026,neuralprophet,frozen,selected,2026,2,2025-01-20 01:00:00,2025-01-21 10:00:00,34,543.68,True,True,538.9821166992188,-1.1368384121415163,537.8452782870772,0,0,0.1
core_neuralprophet_frozen_s2026,neuralprophet,frozen,selected,2026,2,2025-01-20 01:00:00,2025-01-21 11:00:00,35,649.79,True,True,603.8721923828125,-1.1368384121415163,602.735353970671,0,0,0.1
core_neuralprophet_frozen_s2026,neuralprophet,frozen,selected,2026,2,2025-01-20 01:00:00,2025-01-21 12:00:00,36,729.62,True,True,676.285888671875,-1.1368384121415163,675.1490502597335,0,0,0.1
core_neuralprophet_frozen_s2026,neuralprophet,frozen,selected,2026,2,2025-01-20 01:00:00,2025-01-21 13:00:00,37,778.48,True,True,765.0523071289062,-1.1368384121415163,763.9154687167647,0,0,0.1
core_neuralprophet_frozen_s2026,neuralprophet,frozen,selected,2026,2,2025-01-20 01:00:00,2025-01-21 14:00:00,38,819.18,True,True,813.025634765625,-1.1368384121415163,811.8887963534835,0,0,0.1
core_neuralprophet_frozen_s2026,neuralprophet,frozen,selected,2026,2,2025-01-20 01:00:00,2025-01-21 15:00:00,39,779.92,True,True,787.57470703125,-1.1368384121415163,786.4378686191085,0,0,0.1
core_neuralprophet_frozen_s2026,neuralprophet,frozen,selected,2026,2,2025-01-20 01:00:00,2025-01-21 16:00:00,40,569.49,True,True,582.0966186523438,-1.1368384121415163,580.9597802402022,0,0,0.1
core_neuralprophet_frozen_s2026,neuralprophet,frozen,selected,2026,2,2025-01-20 01:00:00,2025-01-21 17:00:00,41,418.23,True,True,426.1544494628906,-1.1368384121415163,425.0176110507491,0,0,0.1
core_neuralprophet_frozen_s2026,neuralprophet,frozen,selected,2026,2,2025-01-20 01:00:00,2025-01-21 18:00:00,42,330.57,True,True,338.8880920410156,-1.1368384121415163,337.7512536288741,0,0,0.1
core_neuralprophet_frozen_s2026,neuralprophet,frozen,selected,2026,2,2025-01-20 01:00:00,2025-01-21 19:00:00,43,296.2,True,True,314.2520751953125,-1.1368384121415163,313.115236783171,0,0,0.1
core_neuralprophet_frozen_s2026,neuralprophet,frozen,selected,2026,2,2025-01-20 01:00:00,2025-01-21 20:00:00,44,291.54,True,True,298.022705078125,-1.1368384121415163,296.8858666659835,0,0,0.1
core_neuralprophet_frozen_s2026,neuralprophet,frozen,selected,2026,2,2025-01-20 01:00:00,2025-01-21 21:00:00,45,302.63,True,True,315.0780334472656,-1.1368384121415163,313.9411950351241,0,0,0.1
core_neuralprophet_frozen_s2026,neuralprophet,frozen,selected,2026,2,2025-01-20 01:00:00,2025-01-21 22:00:00,46,322.31,True,True,325.6937255859375,-1.1368384121415163,324.556887173796,0,0,0.1
core_neuralprophet_frozen_s2026,neuralprophet,frozen,selected,2026,2,2025-01-20 01:00:00,2025-01-21 23:00:00,47,399.19,True,True,400.93109130859375,-1.1368384121415163,399.79425289645224,0,0,0.1
core_neuralprophet_frozen_s2026,neuralprophet,frozen,selected,2026,2,2025-01-20 01:00:00,2025-01-22 00:00:00,48,520.33,True,True,518.0072631835938,-1.1368384121415163,516.8704247714522,0,0,0.1
core_neuralprophet_frozen_s2026,neuralprophet,frozen,selected,2026,2,2025-01-20 01:00:00,2025-01-22 01:00:00,49,640.07,True,True,660.1264038085938,-1.1368384121415163,658.9895653964522,0,0,0.1
core_neuralprophet_frozen_s2026,neuralprophet,frozen,selected,2026,2,2025-01-20 01:00:00,2025-01-22 02:00:00,50,695.1,True,True,705.63427734375,-1.1368384121415163,704.4974389316085,0,0,0.1
core_neuralprophet_frozen_s2026,neuralprophet,frozen,selected,2026,2,2025-01-20 01:00:00,2025-01-22 03:00:00,51,652.64,True,True,683.0101928710938,-1.1368384121415163,681.8733544589522,0,0,0.1
core_neuralprophet_frozen_s2026,neuralprophet,frozen,selected,2026,2,2025-01-20 01:00:00,2025-01-22 04:00:00,52,343.67,True,True,323.3085021972656,-1.1368384121415163,322.1716637851241,0,0,0.1
core_neuralprophet_frozen_s2026,neuralprophet,frozen,selected,2026,2,2025-01-20 01:00:00,2025-01-22 05:00:00,53,321.46,True,True,293.3935241699219,-1.1368384121415163,292.25668575778036,0,0,0.1
core_neuralprophet_frozen_s2026,neuralprophet,frozen,selected,2026,2,2025-01-20 01:00:00,2025-01-22 06:00:00,54,326.17,True,True,297.5337829589844,-1.1368384121415163,296.39694454684286,0,0,0.1
core_neuralprophet_frozen_s2026,neuralprophet,frozen,selected,2026,2,2025-01-20 01:00:00,2025-01-22 07:00:00,55,357.09,True,True,337.1644897460937,-1.1368384121415163,336.0276513339522,0,0,0.1
core_neuralprophet_frozen_s2026,neuralprophet,frozen,selected,2026,2,2025-01-20 01:00:00,2025-01-22 08:00:00,56,447.95,True,True,441.2021484375,-1.1368384121415163,440.0653100253585,0,0,0.1
core_neuralprophet_frozen_s2026,neuralprophet,frozen,selected,2026,2,2025-01-20 01:00:00,2025-01-22 09:00:00,57,548.05,True,True,540.71923828125,-1.1368384121415163,539.5823998691085,0,0,0.1
core_neuralprophet_frozen_s2026,neuralprophet,frozen,selected,2026,2,2025-01-20 01:00:00,2025-01-22 10:00:00,58,646.34,True,True,659.7858276367188,-1.1368384121415163,658.6489892245772,0,0,0.1
core_neuralprophet_frozen_s2026,neuralprophet,frozen,selected,2026,2,2025-01-20 01:00:00,2025-01-22 11:00:00,59,787.36,True,True,779.4227905273438,-1.1368384121415163,778.2859521152022,0,0,0.1
core_neuralprophet_frozen_s2026,neuralprophet,frozen,selected,2026,2,2025-01-20 01:00:00,2025-01-22 12:00:00,60,948.84,True,True,944.048583984375,-1.1368384121415163,942.9117455722335,0,0,0.1
core_neuralprophet_frozen_s2026,neuralprophet,frozen,selected,2026,2,2025-01-20 01:00:00,2025-01-22 13:00:00,61,1067.15,True,True,1040.530029296875,-1.1368384121415163,1039.3931908847335,0,0,0.1
core_neuralprophet_frozen_s2026,neuralprophet,frozen,selected,2026,2,2025-01-20 01:00:00,2025-01-22 14:00:00,62,1167.19,True,True,1146.413818359375,-1.1368384121415163,1145.2769799472335,0,0,0.1
core_neuralprophet_frozen_s2026,neuralprophet,frozen,selected,2026,2,2025-01-20 01:00:00,2025-01-22 15:00:00,63,1242.8,True,True,1217.353759765625,-1.1368384121415163,1216.2169213534835,0,0,0.1
core_neuralprophet_frozen_s2026,neuralprophet,frozen,selected,2026,2,2025-01-20 01:00:00,2025-01-22 16:00:00,64,1192.47,True,True,1208.9757080078125,-1.1368384121415163,1207.838869595671,0,0,0.1
core_neuralprophet_frozen_s2026,neuralprophet,frozen,selected,2026,2,2025-01-20 01:00:00,2025-01-22 17:00:00,65,1053.76,True,True,1068.056884765625,-1.1368384121415163,1066.9200463534835,0,0,0.1
core_neuralprophet_frozen_s2026,neuralprophet,frozen,selected,2026,2,2025-01-20 01:00:00,2025-01-22 18:00:00,66,901.85,True,True,923.8016357421876,-1.1368384121415163,922.6647973300461,0,0,0.1
core_neuralprophet_frozen_s2026,neuralprophet,frozen,selected,2026,2,2025-01-20 01:00:00,2025-01-22 19:00:00,67,812.84,True,True,842.7040405273438,-1.1368384121415163,841.5672021152022,0,0,0.1
core_neuralprophet_frozen_s2026,neuralprophet,frozen,selected,2026,2,2025-01-20 01:00:00,2025-01-22 20:00:00,68,759.59,True,True,784.3436279296875,-1.1368384121415163,783.206789517546,0,0,0.1
core_neuralprophet_frozen_s2026,neuralprophet,frozen,selected,2026,2,2025-01-20 01:00:00,2025-01-22 21:00:00,69,684.71,True,True,709.9685668945312,-1.1368384121415163,708.8317284823897,0,0,0.1
core_neuralprophet_frozen_s2026,neuralprophet,frozen,selected,2026,2,2025-01-20 01:00:00,2025-01-22 22:00:00,70,605.17,True,True,637.9232177734375,-1.1368384121415163,636.786379361296,0,0,0.1
core_neuralprophet_frozen_s2026,neuralprophet,frozen,selected,2026,2,2025-01-20 01:00:00,2025-01-22 23:00:00,71,664.7,True,True,689.9166259765625,-1.1368384121415163,688.779787564421,0,0,0.1
core_neuralprophet_frozen_s2026,neuralprophet,frozen,selected,2026,2,2025-01-20 01:00:00,2025-01-23 00:00:00,72,843.76,True,True,842.6771240234375,-1.1368384121415163,841.540285611296,0,0,0.1
core_neuralprophet_frozen_s2026,neuralprophet,frozen,selected,2026,2,2025-01-20 01:00:00,2025-01-23 01:00:00,73,975.06,True,True,990.2040405273438,-1.1368384121415163,989.0672021152022,0,0,0.1
core_neuralprophet_frozen_s2026,neuralprophet,frozen,selected,2026,2,2025-01-20 01:00:00,2025-01-23 02:00:00,74,991.71,True,True,1037.8004150390625,-1.1368384121415163,1036.663576626921,0,0,0.1
core_neuralprophet_frozen_s2026,neuralprophet,frozen,selected,2026,2,2025-01-20 01:00:00,2025-01-23 03:00:00,75,924.72,True,True,997.8812255859376,-1.1368384121415163,996.7443871737961,0,0,0.1
core_neuralprophet_frozen_s2026,neuralprophet,frozen,selected,2026,2,2025-01-20 01:00:00,2025-01-23 04:00:00,76,474.65,True,True,473.689208984375,-1.1368384121415163,472.5523705722335,0,0,0.1
core_neuralprophet_frozen_s2026,neuralprophet,frozen,selected,2026,2,2025-01-20 01:00:00,2025-01-23 05:00:00,77,438.4,True,True,435.6446838378906,-1.1368384121415163,434.5078454257491,0,0,0.1
core_neuralprophet_frozen_s2026,neuralprophet,frozen,selected,2026,2,2025-01-20 01:00:00,2025-01-23 06:00:00,78,445.58,True,True,473.363037109375,-1.1368384121415163,472.2261986972335,0,0,0.1
core_neuralprophet_frozen_s2026,neuralprophet,frozen,selected,2026,2,2025-01-20 01:00:00,2025-01-23 07:00:00,79,486.7,True,True,512.1939697265625,-1.1368384121415163,511.057131314421,0,0,0.1
core_neuralprophet_frozen_s2026,neuralprophet,frozen,selected,2026,2,2025-01-20 01:00:00,2025-01-23 08:00:00,80,576.78,True,True,622.9029541015625,-1.1368384121415163,621.766115689421,0,0,0.1
core_neuralprophet_frozen_s2026,neuralprophet,frozen,selected,2026,2,2025-01-20 01:00:00,2025-01-23 09:00:00,81,661.89,True,True,704.8019409179688,-1.1368384121415163,703.6651025058272,0,0,0.1
core_neuralprophet_frozen_s2026,neuralprophet,frozen,selected,2026,2,2025-01-20 01:00:00,2025-01-23 10:00:00,82,740.78,True,True,787.7769775390625,-1.1368384121415163,786.640139126921,0,0,0.1
core_neuralprophet_frozen_s2026,neuralprophet,frozen,selected,2026,2,2025-01-20 01:00:00,2025-01-23 11:00:00,83,863.55,True,True,901.131591796875,-1.1368384121415163,899.9947533847335,0,0,0.1
core_neuralprophet_frozen_s2026,neuralprophet,frozen,selected,2026,2,2025-01-20 01:00:00,2025-01-23 12:00:00,84,1008.56,True,True,1044.2618408203125,-1.1368384121415163,1043.125002408171,0,0,0.1
core_neuralprophet_frozen_s2026,neuralprophet,frozen,selected,2026,2,2025-01-20 01:00:00,2025-01-23 13:00:00,85,1092.07,True,True,1115.5838623046875,-1.1368384121415163,1114.447023892546,0,0,0.1
core_neuralprophet_frozen_s2026,neuralprophet,frozen,selected,2026,2,2025-01-20 01:00:00,2025-01-23 14:00:00,86,1109.14,True,True,1122.3238525390625,-1.1368384121415163,1121.187014126921,0,0,0.1
core_neuralprophet_frozen_s2026,neuralprophet,frozen,selected,2026,2,2025-01-20 01:00:00,2025-01-23 15:00:00,87,1049.86,True,True,1063.228759765625,-1.1368384121415163,1062.0919213534835,0,0,0.1
core_neuralprophet_frozen_s2026,neuralprophet,frozen,selected,2026,2,2025-01-20 01:00:00,2025-01-23 16:00:00,88,952.31,True,True,993.2579956054688,-1.1368384121415163,992.1211571933272,0,0,0.1
core_neuralprophet_frozen_s2026,neuralprophet,frozen,selected,2026,2,2025-01-20 01:00:00,2025-01-23 17:00:00,89,829.65,True,True,893.9583740234375,-1.1368384121415163,892.821535611296,0,0,0.1
core_neuralprophet_frozen_s2026,neuralprophet,frozen,selected,2026,2,2025-01-20 01:00:00,2025-01-23 18:00:00,90,690.4,True,True,771.9205322265625,-1.1368384121415163,770.783693814421,0,0,0.1
core_neuralprophet_frozen_s2026,neuralprophet,frozen,selected,2026,2,2025-01-20 01:00:00,2025-01-23 19:00:00,91,558.33,True,True,614.7052612304688,-1.1368384121415163,613.5684228183272,0,0,0.1
core_neuralprophet_frozen_s2026,neuralprophet,frozen,selected,2026,2,2025-01-20 01:00:00,2025-01-23 20:00:00,92,478.93,True,True,545.554443359375,-1.1368384121415163,544.4176049472335,0,0,0.1
core_neuralprophet_frozen_s2026,neuralprophet,frozen,selected,2026,2,2025-01-20 01:00:00,2025-01-23 21:00:00,93,443.28,True,True,525.1571655273438,-1.1368384121415163,524.0203271152022,0,0,0.1
core_neuralprophet_frozen_s2026,neuralprophet,frozen,selected,2026,2,2025-01-20 01:00:00,2025-01-23 22:00:00,94,413.31,True,True,494.28509521484375,-1.1368384121415163,493.14825680270224,0,0,0.1
core_neuralprophet_frozen_s2026,neuralprophet,frozen,selected,2026,2,2025-01-20 01:00:00,2025-01-23 23:00:00,95,460.36,True,True,516.5169067382812,-1.1368384121415163,515.3800683261397,0,0,0.1
core_neuralprophet_frozen_s2026,neuralprophet,frozen,selected,2026,2,2025-01-20 01:00:00,2025-01-24 00:00:00,96,559.5,True,True,624.9943237304688,-1.1368384121415163,623.8574853183272,0,0,0.1
core_neuralprophet_frozen_s2026,neuralprophet,frozen,selected,2026,2,2025-01-20 01:00:00,2025-01-24 01:00:00,97,616.25,True,True,697.5956420898438,-1.1368384121415163,696.4588036777022,0,0,0.1
core_neuralprophet_frozen_s2026,neuralprophet,frozen,selected,2026,2,2025-01-20 01:00:00,2025-01-24 02:00:00,98,613.07,True,True,697.9634399414062,-1.1368384121415163,696.8266015292647,0,0,0.1
core_neuralprophet_frozen_s2026,neuralprophet,frozen,selected,2026,2,2025-01-20 01:00:00,2025-01-24 03:00:00,99,543.29,True,True,628.7056884765625,-1.1368384121415163,627.568850064421,0,0,0.1
core_neuralprophet_frozen_s2026,neuralprophet,frozen,selected,2026,2,2025-01-20 01:00:00,2025-01-24 04:00:00,100,286.26,True,True,324.7206420898437,-1.1368384121415163,323.5838036777022,0,0,0.1
core_neuralprophet_frozen_s2026,neuralprophet,frozen,selected,2026,2,2025-01-20 01:00:00,2025-01-24 05:00:00,101,305.56,True,True,359.7568054199219,-1.1368384121415163,358.61996700778036,0,0,0.1
core_neuralprophet_frozen_s2026,neuralprophet,frozen,selected,2026,2,2025-01-20 01:00:00,2025-01-24 06:00:00,102,350.29,True,True,405.17529296875,-1.1368384121415163,404.0384545566085,0,0,0.1
core_neuralprophet_frozen_s2026,neuralprophet,frozen,selected,2026,2,2025-01-20 01:00:00,2025-01-24 07:00:00,103,409.8,True,True,432.6612243652344,-1.1368384121415163,431.52438595309286,0,0,0.1
core_neuralprophet_frozen_s2026,neuralprophet,frozen,selected,2026,2,2025-01-20 01:00:00,2025-01-24 08:00:00,104,513.01,True,True,522.2835083007812,-1.1368384121415163,521.1466698886397,0,0,0.1
core_neuralprophet_frozen_s2026,neuralprophet,frozen,selected,2026,2,2025-01-20 01:00:00,2025-01-24 09:00:00,105,630.05,True,True,619.6431884765625,-1.1368384121415163,618.506350064421,0,0,0.1
core_neuralprophet_frozen_s2026,neuralprophet,frozen,selected,2026,2,2025-01-20 01:00:00,2025-01-24 10:00:00,106,743.14,True,True,702.9971313476562,-1.1368384121415163,701.8602929355147,0,0,0.1
core_neuralprophet_frozen_s2026,neuralprophet,frozen,selected,2026,2,2025-01-20 01:00:00,2025-01-24 11:00:00,107,861.74,True,True,821.1958618164062,-1.1368384121415163,820.0590234042647,0,0,0.1
core_neuralprophet_frozen_s2026,neuralprophet,frozen,selected,2026,2,2025-01-20 01:00:00,2025-01-24 12:00:00,108,954.34,True,True,882.76318359375,-1.1368384121415163,881.6263451816085,0,0,0.1
core_neuralprophet_frozen_s2026,neuralprophet,frozen,selected,2026,2,2025-01-20 01:00:00,2025-01-24 13:00:00,109,1027.42,True,True,961.7766723632812,-1.1368384121415163,960.6398339511397,0,0,0.1
core_neuralprophet_frozen_s2026,neuralprophet,frozen,selected,2026,2,2025-01-20 01:00:00,2025-01-24 14:00:00,110,1147.74,True,True,1097.7451171875,-1.1368384121415163,1096.6082787753585,0,0,0.1
core_neuralprophet_frozen_s2026,neuralprophet,frozen,selected,2026,2,2025-01-20 01:00:00,2025-01-24 15:00:00,111,1222.71,True,True,1202.2489013671875,-1.1368384121415163,1201.112062955046,0,0,0.1
core_neuralprophet_frozen_s2026,neuralprophet,frozen,selected,2026,2,2025-01-20 01:00:00,2025-01-24 16:00:00,112,1129.13,True,True,1159.896728515625,-1.1368384121415163,1158.7598901034835,0,0,0.1
core_neuralprophet_frozen_s2026,neuralprophet,frozen,selected,2026,2,2025-01-20 01:00:00,2025-01-24 17:00:00,113,985.16,True,True,1030.598876953125,-1.1368384121415163,1029.4620385409835,0,0,0.1
core_neuralprophet_frozen_s2026,neuralprophet,frozen,selected,2026,2,2025-01-20 01:00:00,2025-01-24 18:00:00,114,855.28,True,True,906.4827270507812,-1.1368384121415163,905.3458886386397,0,0,0.1
core_neuralprophet_frozen_s2026,neuralprophet,frozen,selected,2026,2,2025-01-20 01:00:00,2025-01-24 19:00:00,115,786.21,True,True,829.0199584960938,-1.1368384121415163,827.8831200839522,0,0,0.1
core_neuralprophet_frozen_s2026,neuralprophet,frozen,selected,2026,2,2025-01-20 01:00:00,2025-01-24 20:00:00,116,748.8,True,True,800.3065185546875,-1.1368384121415163,799.169680142546,0,0,0.1
core_neuralprophet_frozen_s2026,neuralprophet,frozen,selected,2026,2,2025-01-20 01:00:00,2025-01-24 21:00:00,117,701.82,True,True,741.7708129882812,-1.1368384121415163,740.6339745761397,0,0,0.1
core_neuralprophet_frozen_s2026,neuralprophet,frozen,selected,2026,2,2025-01-20 01:00:00,2025-01-24 22:00:00,118,639.36,True,True,680.5950317382812,-1.1368384121415163,679.4581933261397,0,0,0.1
core_neuralprophet_frozen_s2026,neuralprophet,frozen,selected,2026,2,2025-01-20 01:00:00,2025-01-24 23:00:00,119,683.09,True,True,706.6049194335938,-1.1368384121415163,705.4680810214522,0,0,0.1
core_neuralprophet_frozen_s2026,neuralprophet,frozen,selected,2026,2,2025-01-20 01:00:00,2025-01-25 00:00:00,120,867.27,True,True,890.8782348632812,-1.1368384121415163,889.7413964511397,0,0,0.1
core_neuralprophet_frozen_s2026,neuralprophet,frozen,selected,2026,2,2025-01-20 01:00:00,2025-01-25 01:00:00,121,1043.89,True,True,1060.3321533203125,-1.1368384121415163,1059.195314908171,0,0,0.1
core_neuralprophet_frozen_s2026,neuralprophet,frozen,selected,2026,2,2025-01-20 01:00:00,2025-01-25 02:00:00,122,1139.2,True,True,1173.36962890625,-1.1368384121415163,1172.2327904941085,0,0,0.1
core_neuralprophet_frozen_s2026,neuralprophet,frozen,selected,2026,2,2025-01-20 01:00:00,2025-01-25 03:00:00,123,1176.27,True,True,1227.0274658203125,-1.1368384121415163,1225.890627408171,0,0,0.1
core_neuralprophet_frozen_s2026,neuralprophet,frozen,selected,2026,2,2025-01-20 01:00:00,2025-01-25 04:00:00,124,775.15,True,True,757.7838134765625,-1.1368384121415163,756.646975064421,0,0,0.1
core_neuralprophet_frozen_s2026,neuralprophet,frozen,selected,2026,2,2025-01-20 01:00:00,2025-01-25 05:00:00,125,681.17,True,True,682.5391235351562,-1.1368384121415163,681.4022851230147,0,0,0.1
core_neuralprophet_frozen_s2026,neuralprophet,frozen,selected,2026,2,2025-01-20 01:00:00,2025-01-25 06:00:00,126,577.42,True,True,610.1149291992188,-1.1368384121415163,608.9780907870772,0,0,0.1
core_neuralprophet_frozen_s2026,neuralprophet,frozen,selected,2026,2,2025-01-20 01:00:00,2025-01-25 07:00:00,127,453.48,True,True,490.3045043945313,-1.1368384121415163,489.1676659823898,0,0,0.1
core_neuralprophet_frozen_s2026,neuralprophet,frozen,selected,2026,2,2025-01-20 01:00:00,2025-01-25 08:00:00,128,405.93,True,True,469.9420166015625,-1.1368384121415163,468.805178189421,0,0,0.1
core_neuralprophet_frozen_s2026,neuralprophet,frozen,selected,2026,2,2025-01-20 01:00:00,2025-01-25 09:00:00,129,380.0,True,True,440.9982299804688,-1.1368384121415163,439.8613915683273,0,0,0.1
core_neuralprophet_frozen_s2026,neuralprophet,frozen,selected,2026,2,2025-01-20 01:00:00,2025-01-25 10:00:00,130,387.23,True,True,444.81732177734375,-1.1368384121415163,443.68048336520224,0,0,0.1
core_neuralprophet_frozen_s2026,neuralprophet,frozen,selected,2026,2,2025-01-20 01:00:00,2025-01-25 11:00:00,131,460.41,True,True,514.34521484375,-1.1368384121415163,513.2083764316085,0,0,0.1
core_neuralprophet_frozen_s2026,neuralprophet,frozen,selected,2026,2,2025-01-20 01:00:00,2025-01-25 12:00:00,132,570.19,True,True,619.9696655273438,-1.1368384121415163,618.8328271152022,0,0,0.1
core_neuralprophet_frozen_s2026,neuralprophet,frozen,selected,2026,2,2025-01-20 01:00:00,2025-01-25 13:00:00,133,660.63,True,True,708.5665283203125,-1.1368384121415163,707.429689908171,0,0,0.1
core_neuralprophet_frozen_s2026,neuralprophet,frozen,selected,2026,2,2025-01-20 01:00:00,2025-01-25 14:00:00,134,721.7,True,True,776.5408935546875,-1.1368384121415163,775.404055142546,0,0,0.1
core_neuralprophet_frozen_s2026,neuralprophet,frozen,selected,2026,2,2025-01-20 01:00:00,2025-01-25 15:00:00,135,754.01,True,True,822.5845336914062,-1.1368384121415163,821.4476952792647,0,0,0.1
core_neuralprophet_frozen_s2026,neuralprophet,frozen,selected,2026,2,2025-01-20 01:00:00,2025-01-25 16:00:00,136,712.92,True,True,784.9932861328125,-1.1368384121415163,783.856447720671,0,0,0.1
core_neuralprophet_frozen_s2026,neuralprophet,frozen,selected,2026,2,2025-01-20 01:00:00,2025-01-25 17:00:00,137,609.77,True,True,680.7603759765625,-1.1368384121415163,679.623537564421,0,0,0.1
core_neuralprophet_frozen_s2026,neuralprophet,frozen,selected,2026,2,2025-01-20 01:00:00,2025-01-25 18:00:00,138,476.96,True,True,537.7924194335938,-1.1368384121415163,536.6555810214522,0,0,0.1
core_neuralprophet_frozen_s2026,neuralprophet,frozen,selected,2026,2,2025-01-20 01:00:00,2025-01-25 19:00:00,139,397.06,True,True,431.2916564941406,-1.1368384121415163,430.1548180819991,0,0,0.1
core_neuralprophet_frozen_s2026,neuralprophet,frozen,selected,2026,2,2025-01-20 01:00:00,2025-01-25 20:00:00,140,394.71,True,True,444.2317504882813,-1.1368384121415163,443.0949120761398,0,0,0.1
core_neuralprophet_frozen_s2026,neuralprophet,frozen,selected,2026,2,2025-01-20 01:00:00,2025-01-25 21:00:00,141,391.82,True,True,463.8887634277344,-1.1368384121415163,462.75192501559286,0,0,0.1
core_neuralprophet_frozen_s2026,neuralprophet,frozen,selected,2026,2,2025-01-20 01:00:00,2025-01-25 22:00:00,142,411.45,True,True,496.7079162597656,-1.1368384121415163,495.5710778476241,0,0,0.1
core_neuralprophet_frozen_s2026,neuralprophet,frozen,selected,2026,2,2025-01-20 01:00:00,2025-01-25 23:00:00,143,406.41,True,True,517.2598876953125,-1.1368384121415163,516.123049283171,0,0,0.1
core_neuralprophet_frozen_s2026,neuralprophet,frozen,selected,2026,2,2025-01-20 01:00:00,2025-01-26 00:00:00,144,205.05,True,True,321.0168151855469,-1.1368384121415163,319.87997677340536,0,0,0.1
core_neuralprophet_frozen_s2026,neuralprophet,frozen,selected,2026,2,2025-01-20 01:00:00,2025-01-26 01:00:00,145,38.65,True,True,76.72832489013672,-1.1368384121415163,75.5914864779952,0,0,0.1
core_neuralprophet_frozen_s2026,neuralprophet,frozen,selected,2026,2,2025-01-20 01:00:00,2025-01-26 02:00:00,146,54.02,True,True,49.545501708984375,-1.1368384121415163,48.40866329684286,0,0,0.1
core_neuralprophet_frozen_s2026,neuralprophet,frozen,selected,2026,2,2025-01-20 01:00:00,2025-01-26 03:00:00,147,67.85,True,True,35.55486297607422,-1.1368384121415163,34.418024563932704,0,0,0.1
core_neuralprophet_frozen_s2026,neuralprophet,frozen,selected,2026,2,2025-01-20 01:00:00,2025-01-26 04:00:00,148,68.06,True,True,48.6633415222168,-1.1368384121415163,47.52650311007528,0,0,0.1
core_neuralprophet_frozen_s2026,neuralprophet,frozen,selected,2026,2,2025-01-20 01:00:00,2025-01-26 05:00:00,149,54.11,True,True,53.73035430908203,-1.1368384121415163,52.59351589694052,0,0,0.1
core_neuralprophet_frozen_s2026,neuralprophet,frozen,selected,2026,2,2025-01-20 01:00:00,2025-01-26 06:00:00,150,45.58,True,True,24.72612190246582,-1.1368384121415163,23.589283490324306,0,0,0.1
core_neuralprophet_frozen_s2026,neuralprophet,frozen,selected,2026,2,2025-01-20 01:00:00,2025-01-26 07:00:00,151,39.81,True,True,24.962045669555664,-1.1368384121415163,23.82520725741415,0,0,0.1
core_neuralprophet_frozen_s2026,neuralprophet,frozen,selected,2026,2,2025-01-20 01:00:00,2025-01-26 08:00:00,152,30.64,True,True,34.82257461547852,-1.1368384121415163,33.68573620333701,0,0,0.1
core_neuralprophet_frozen_s2026,neuralprophet,frozen,selected,2026,2,2025-01-20 01:00:00,2025-01-26 09:00:00,153,17.53,True,True,15.037940979003906,-1.1368384121415163,13.90110256686239,0,0,0.1
core_neuralprophet_frozen_s2026,neuralprophet,frozen,selected,2026,2,2025-01-20 01:00:00,2025-01-26 10:00:00,154,10.67,True,True,-2.7843446731567383,-1.1368384121415163,-3.9211830852982548,0,0,0.1
core_neuralprophet_frozen_s2026,neuralprophet,frozen,selected,2026,2,2025-01-20 01:00:00,2025-01-26 11:00:00,155,10.11,True,True,-14.675583839416504,-1.1368384121415163,-15.81242225155802,0,0,0.1
core_neuralprophet_frozen_s2026,neuralprophet,frozen,selected,2026,2,2025-01-20 01:00:00,2025-01-26 12:00:00,156,10.37,True,True,-11.754850387573242,-1.1368384121415163,-12.891688799714759,0,0,0.1
core_neuralprophet_frozen_s2026,neuralprophet,frozen,selected,2026,2,2025-01-20 01:00:00,2025-01-26 13:00:00,157,9.91,True,True,-15.58286476135254,-1.1368384121415163,-16.719703173494057,0,0,0.1
core_neuralprophet_frozen_s2026,neuralprophet,frozen,selected,2026,2,2025-01-20 01:00:00,2025-01-26 14:00:00,158,9.75,True,True,-32.54377365112305,-1.1368384121415163,-33.68061206326456,0,0,0.1
core_neuralprophet_frozen_s2026,neuralprophet,frozen,selected,2026,2,2025-01-20 01:00:00,2025-01-26 15:00:00,159,7.94,True,True,-39.93205261230469,-1.1368384121415163,-41.0688910244462,0,0,0.1
core_neuralprophet_frozen_s2026,neuralprophet,frozen,selected,2026,2,2025-01-20 01:00:00,2025-01-26 16:00:00,160,4.62,True,True,-48.245853424072266,-1.1368384121415163,-49.38269183621378,0,0,0.1
core_neuralprophet_frozen_s2026,neuralprophet,frozen,selected,2026,2,2025-01-20 01:00:00,2025-01-26 17:00:00,161,4.76,True,True,-62.5332260131836,-1.1368384121415163,-63.670064425325116,0,0,0.1
core_neuralprophet_frozen_s2026,neuralprophet,frozen,selected,2026,2,2025-01-20 01:00:00,2025-01-26 18:00:00,162,4.88,True,True,-43.57487869262695,-1.1368384121415163,-44.71171710476847,0,0,0.1
core_neuralprophet_frozen_s2026,neuralprophet,frozen,selected,2026,2,2025-01-20 01:00:00,2025-01-26 19:00:00,163,5.01,True,True,-17.680118560791016,-1.1368384121415163,-18.81695697293253,0,0,0.1
core_neuralprophet_frozen_s2026,neuralprophet,frozen,selected,2026,2,2025-01-20 01:00:00,2025-01-26 20:00:00,164,5.47,True,True,-30.817970275878903,-1.1368384121415163,-31.954808688020417,0,0,0.1
core_neuralprophet_frozen_s2026,neuralprophet,frozen,selected,2026,2,2025-01-20 01:00:00,2025-01-26 21:00:00,165,6.24,True,True,-11.201557159423828,-1.1368384121415163,-12.338395571565345,0,0,0.1
core_neuralprophet_frozen_s2026,neuralprophet,frozen,selected,2026,2,2025-01-20 01:00:00,2025-01-26 22:00:00,166,8.2,True,True,-4.680765628814697,-1.1368384121415163,-5.817604040956214,0,0,0.1
core_neuralprophet_frozen_s2026,neuralprophet,frozen,selected,2026,2,2025-01-20 01:00:00,2025-01-26 23:00:00,167,17.68,True,True,-2.156951665878296,-1.1368384121415163,-3.2937900780198124,0,0,0.1
core_neuralprophet_frozen_s2026,neuralprophet,frozen,selected,2026,2,2025-01-20 01:00:00,2025-01-27 00:00:00,168,26.86,True,True,21.18951416015625,-1.1368384121415163,20.052675748014735,0,0,0.1
core_neuralprophet_frozen_s2026,neuralprophet,frozen,selected,2026,3,2025-01-27 01:00:00,2025-01-27 01:00:00,1,29.97,True,True,38.517086029052734,-1.7706486227641505,36.746437406288585,0,0,0.1
core_neuralprophet_frozen_s2026,neuralprophet,frozen,selected,2026,3,2025-01-27 01:00:00,2025-01-27 02:00:00,2,25.5,True,True,53.68766784667969,-1.7706486227641505,51.91701922391554,0,0,0.1
core_neuralprophet_frozen_s2026,neuralprophet,frozen,selected,2026,3,2025-01-27 01:00:00,2025-01-27 03:00:00,3,18.43,True,True,15.378057479858398,-1.7706486227641505,13.607408857094248,0,0,0.1
core_neuralprophet_frozen_s2026,neuralprophet,frozen,selected,2026,3,2025-01-27 01:00:00,2025-01-27 04:00:00,4,13.33,True,True,17.007307052612305,-1.7706486227641505,15.236658429848154,0,0,0.1
core_neuralprophet_frozen_s2026,neuralprophet,frozen,selected,2026,3,2025-01-27 01:00:00,2025-01-27 05:00:00,5,11.64,True,True,44.71761703491211,-1.7706486227641505,42.94696841214796,0,0,0.1
core_neuralprophet_frozen_s2026,neuralprophet,frozen,selected,2026,3,2025-01-27 01:00:00,2025-01-27 06:00:00,6,10.81,True,True,38.93088912963867,-1.7706486227641505,37.16024050687452,0,0,0.1
core_neuralprophet_frozen_s2026,neuralprophet,frozen,selected,2026,3,2025-01-27 01:00:00,2025-01-27 07:00:00,7,11.2,True,True,9.53365993499756,-1.7706486227641505,7.7630113122334095,0,0,0.1
core_neuralprophet_frozen_s2026,neuralprophet,frozen,selected,2026,3,2025-01-27 01:00:00,2025-01-27 08:00:00,8,13.74,True,True,15.6150541305542,-1.7706486227641505,13.844405507790048,0,0,0.1
core_neuralprophet_frozen_s2026,neuralprophet,frozen,selected,2026,3,2025-01-27 01:00:00,2025-01-27 09:00:00,9,16.54,True,True,8.414525032043457,-1.7706486227641505,6.643876409279306,0,0,0.1
core_neuralprophet_frozen_s2026,neuralprophet,frozen,selected,2026,3,2025-01-27 01:00:00,2025-01-27 10:00:00,10,19.24,True,True,-16.413196563720703,-1.7706486227641505,-18.183845186484852,0,0,0.1
core_neuralprophet_frozen_s2026,neuralprophet,frozen,selected,2026,3,2025-01-27 01:00:00,2025-01-27 11:00:00,11,24.55,True,True,15.087974548339844,-1.7706486227641505,13.317325925575693,0,0,0.1
core_neuralprophet_frozen_s2026,neuralprophet,frozen,selected,2026,3,2025-01-27 01:00:00,2025-01-27 12:00:00,12,29.62,True,True,8.937889099121094,-1.7706486227641505,7.167240476356943,0,0,0.1
core_neuralprophet_frozen_s2026,neuralprophet,frozen,selected,2026,3,2025-01-27 01:00:00,2025-01-27 13:00:00,13,31.91,True,True,11.03819751739502,-1.7706486227641505,9.267548894630869,0,0,0.1
core_neuralprophet_frozen_s2026,neuralprophet,frozen,selected,2026,3,2025-01-27 01:00:00,2025-01-27 14:00:00,14,34.43,True,True,9.74749755859375,-1.7706486227641505,7.976848935829599,0,0,0.1
core_neuralprophet_frozen_s2026,neuralprophet,frozen,selected,2026,3,2025-01-27 01:00:00,2025-01-27 15:00:00,15,31.05,True,True,-11.04861068725586,-1.7706486227641505,-12.81925931002001,0,0,0.1
core_neuralprophet_frozen_s2026,neuralprophet,frozen,selected,2026,3,2025-01-27 01:00:00,2025-01-27 16:00:00,16,20.79,True,True,-24.582927703857425,-1.7706486227641505,-26.353576326621575,0,0,0.1
core_neuralprophet_frozen_s2026,neuralprophet,frozen,selected,2026,3,2025-01-27 01:00:00,2025-01-27 17:00:00,17,16.5,True,True,-61.6899299621582,-1.7706486227641505,-63.46057858492235,0,0,0.1
core_neuralprophet_frozen_s2026,neuralprophet,frozen,selected,2026,3,2025-01-27 01:00:00,2025-01-27 18:00:00,18,16.18,True,True,-51.22433853149414,-1.7706486227641505,-52.99498715425829,0,0,0.1
core_neuralprophet_frozen_s2026,neuralprophet,frozen,selected,2026,3,2025-01-27 01:00:00,2025-01-27 19:00:00,19,18.11,True,True,-60.02018356323242,-1.7706486227641505,-61.79083218599657,0,0,0.1
core_neuralprophet_frozen_s2026,neuralprophet,frozen,selected,2026,3,2025-01-27 01:00:00,2025-01-27 20:00:00,20,21.87,True,True,-42.97532653808594,-1.7706486227641505,-44.74597516085009,0,0,0.1
core_neuralprophet_frozen_s2026,neuralprophet,frozen,selected,2026,3,2025-01-27 01:00:00,2025-01-27 21:00:00,21,26.13,True,True,-18.82967758178711,-1.7706486227641505,-20.60032620455126,0,0,0.1
core_neuralprophet_frozen_s2026,neuralprophet,frozen,selected,2026,3,2025-01-27 01:00:00,2025-01-27 22:00:00,22,34.51,True,True,-3.3282253742218018,-1.7706486227641505,-5.098873996985953,0,0,0.1
core_neuralprophet_frozen_s2026,neuralprophet,frozen,selected,2026,3,2025-01-27 01:00:00,2025-01-27 23:00:00,23,68.09,True,True,47.5528564453125,-1.7706486227641505,45.78220782254835,0,0,0.1
core_neuralprophet_frozen_s2026,neuralprophet,frozen,selected,2026,3,2025-01-27 01:00:00,2025-01-28 00:00:00,24,107.92,True,True,88.5262680053711,-1.7706486227641505,86.75561938260694,0,0,0.1
core_neuralprophet_frozen_s2026,neuralprophet,frozen,selected,2026,3,2025-01-27 01:00:00,2025-01-28 01:00:00,25,130.36,True,True,107.45043182373048,-1.7706486227641505,105.67978320096633,0,0,0.1
core_neuralprophet_frozen_s2026,neuralprophet,frozen,selected,2026,3,2025-01-27 01:00:00,2025-01-28 02:00:00,26,126.12,True,True,104.4755401611328,-1.7706486227641505,102.70489153836864,0,0,0.1
core_neuralprophet_frozen_s2026,neuralprophet,frozen,selected,2026,3,2025-01-27 01:00:00,2025-01-28 03:00:00,27,93.48,True,True,85.31246185302734,-1.7706486227641505,83.54181323026319,0,0,0.1
core_neuralprophet_frozen_s2026,neuralprophet,frozen,selected,2026,3,2025-01-27 01:00:00,2025-01-28 04:00:00,28,43.26,True,True,34.000457763671875,-1.7706486227641505,32.229809140907726,0,0,0.1
core_neuralprophet_frozen_s2026,neuralprophet,frozen,selected,2026,3,2025-01-27 01:00:00,2025-01-28 05:00:00,29,30.8,True,True,48.25930404663086,-1.7706486227641505,46.48865542386671,0,0,0.1
core_neuralprophet_frozen_s2026,neuralprophet,frozen,selected,2026,3,2025-01-27 01:00:00,2025-01-28 06:00:00,30,26.32,True,True,41.513465881347656,-1.7706486227641505,39.74281725858351,0,0,0.1
core_neuralprophet_frozen_s2026,neuralprophet,frozen,selected,2026,3,2025-01-27 01:00:00,2025-01-28 07:00:00,31,40.43,True,True,54.957645416259766,-1.7706486227641505,53.18699679349562,0,0,0.1
core_neuralprophet_frozen_s2026,neuralprophet,frozen,selected,2026,3,2025-01-27 01:00:00,2025-01-28 08:00:00,32,80.98,True,True,68.66010284423828,-1.7706486227641505,66.88945422147413,0,0,0.1
core_neuralprophet_frozen_s2026,neuralprophet,frozen,selected,2026,3,2025-01-27 01:00:00,2025-01-28 09:00:00,33,122.85,True,True,112.7910385131836,-1.7706486227641505,111.02038989041944,0,0,0.1
core_neuralprophet_frozen_s2026,neuralprophet,frozen,selected,2026,3,2025-01-27 01:00:00,2025-01-28 10:00:00,34,169.86,True,True,165.2627716064453,-1.7706486227641505,163.49212298368116,0,0,0.1
core_neuralprophet_frozen_s2026,neuralprophet,frozen,selected,2026,3,2025-01-27 01:00:00,2025-01-28 11:00:00,35,246.48,True,True,244.24072265625,-1.7706486227641505,242.47007403348584,0,0,0.1
core_neuralprophet_frozen_s2026,neuralprophet,frozen,selected,2026,3,2025-01-27 01:00:00,2025-01-28 12:00:00,36,334.15,True,True,372.1918640136719,-1.7706486227641505,370.4212153909077,0,0,0.1
core_neuralprophet_frozen_s2026,neuralprophet,frozen,selected,2026,3,2025-01-27 01:00:00,2025-01-28 13:00:00,37,450.84,True,True,496.3749084472656,-1.7706486227641505,494.60425982450147,0,0,0.1
core_neuralprophet_frozen_s2026,neuralprophet,frozen,selected,2026,3,2025-01-27 01:00:00,2025-01-28 14:00:00,38,612.29,True,True,661.6532592773438,-1.7706486227641505,659.8826106545796,0,0,0.1
core_neuralprophet_frozen_s2026,neuralprophet,frozen,selected,2026,3,2025-01-27 01:00:00,2025-01-28 15:00:00,39,711.51,True,True,748.63037109375,-1.7706486227641505,746.8597224709858,0,0,0.1
core_neuralprophet_frozen_s2026,neuralprophet,frozen,selected,2026,3,2025-01-27 01:00:00,2025-01-28 16:00:00,40,711.12,True,True,729.1705932617188,-1.7706486227641505,727.3999446389546,0,0,0.1
core_neuralprophet_frozen_s2026,neuralprophet,frozen,selected,2026,3,2025-01-27 01:00:00,2025-01-28 17:00:00,41,666.48,True,True,684.0899658203125,-1.7706486227641505,682.3193171975483,0,0,0.1
core_neuralprophet_frozen_s2026,neuralprophet,frozen,selected,2026,3,2025-01-27 01:00:00,2025-01-28 18:00:00,42,580.41,True,True,601.7503662109375,-1.7706486227641505,599.9797175881733,0,0,0.1
core_neuralprophet_frozen_s2026,neuralprophet,frozen,selected,2026,3,2025-01-27 01:00:00,2025-01-28 19:00:00,43,474.08,True,True,487.5618896484375,-1.7706486227641505,485.79124102567334,0,0,0.1
core_neuralprophet_frozen_s2026,neuralprophet,frozen,selected,2026,3,2025-01-27 01:00:00,2025-01-28 20:00:00,44,386.53,True,True,413.2164916992188,-1.7706486227641505,411.44584307645465,0,0,0.1
core_neuralprophet_frozen_s2026,neuralprophet,frozen,selected,2026,3,2025-01-27 01:00:00,2025-01-28 21:00:00,45,319.65,True,True,358.3644104003906,-1.7706486227641505,356.59376177762647,0,0,0.1
core_neuralprophet_frozen_s2026,neuralprophet,frozen,selected,2026,3,2025-01-27 01:00:00,2025-01-28 22:00:00,46,264.25,True,True,299.3660888671875,-1.7706486227641505,297.59544024442334,0,0,0.1
core_neuralprophet_frozen_s2026,neuralprophet,frozen,selected,2026,3,2025-01-27 01:00:00,2025-01-28 23:00:00,47,292.83,True,True,330.669189453125,-1.7706486227641505,328.89854083036084,0,0,0.1
core_neuralprophet_frozen_s2026,neuralprophet,frozen,selected,2026,3,2025-01-27 01:00:00,2025-01-29 00:00:00,48,360.85,True,True,401.0632934570313,-1.7706486227641505,399.29264483426715,0,0,0.1
core_neuralprophet_frozen_s2026,neuralprophet,frozen,selected,2026,3,2025-01-27 01:00:00,2025-01-29 01:00:00,49,391.03,True,True,439.5124206542969,-1.7706486227641505,437.7417720315327,0,0,0.1
core_neuralprophet_frozen_s2026,neuralprophet,frozen,selected,2026,3,2025-01-27 01:00:00,2025-01-29 02:00:00,50,379.71,True,True,424.36077880859375,-1.7706486227641505,422.5901301858296,0,0,0.1
core_neuralprophet_frozen_s2026,neuralprophet,frozen,selected,2026,3,2025-01-27 01:00:00,2025-01-29 03:00:00,51,323.23,True,True,338.1531066894531,-1.7706486227641505,336.38245806668897,0,0,0.1
core_neuralprophet_frozen_s2026,neuralprophet,frozen,selected,2026,3,2025-01-27 01:00:00,2025-01-29 04:00:00,52,137.97,True,True,165.371337890625,-1.7706486227641505,163.60068926786084,0,0,0.1
core_neuralprophet_frozen_s2026,neuralprophet,frozen,selected,2026,3,2025-01-27 01:00:00,2025-01-29 05:00:00,53,96.23,True,True,139.8277130126953,-1.7706486227641505,138.05706438993116,0,0,0.1
core_neuralprophet_frozen_s2026,neuralprophet,frozen,selected,2026,3,2025-01-27 01:00:00,2025-01-29 06:00:00,54,65.61,True,True,93.21272277832033,-1.7706486227641505,91.44207415555617,0,0,0.1
core_neuralprophet_frozen_s2026,neuralprophet,frozen,selected,2026,3,2025-01-27 01:00:00,2025-01-29 07:00:00,55,69.77,True,True,136.1082763671875,-1.7706486227641505,134.33762774442334,0,0,0.1
core_neuralprophet_frozen_s2026,neuralprophet,frozen,selected,2026,3,2025-01-27 01:00:00,2025-01-29 08:00:00,56,110.08,True,True,132.0565185546875,-1.7706486227641505,130.28586993192334,0,0,0.1
core_neuralprophet_frozen_s2026,neuralprophet,frozen,selected,2026,3,2025-01-27 01:00:00,2025-01-29 09:00:00,57,151.63,True,True,156.2903594970703,-1.7706486227641505,154.51971087430616,0,0,0.1
core_neuralprophet_frozen_s2026,neuralprophet,frozen,selected,2026,3,2025-01-27 01:00:00,2025-01-29 10:00:00,58,175.83,True,True,199.56362915039065,-1.7706486227641505,197.7929805276265,0,0,0.1
core_neuralprophet_frozen_s2026,neuralprophet,frozen,selected,2026,3,2025-01-27 01:00:00,2025-01-29 11:00:00,59,198.35,True,True,236.95944213867188,-1.7706486227641505,235.18879351590772,0,0,0.1
core_neuralprophet_frozen_s2026,neuralprophet,frozen,selected,2026,3,2025-01-27 01:00:00,2025-01-29 12:00:00,60,223.69,True,True,234.2536163330078,-1.7706486227641505,232.48296771024366,0,0,0.1
core_neuralprophet_frozen_s2026,neuralprophet,frozen,selected,2026,3,2025-01-27 01:00:00,2025-01-29 13:00:00,61,220.53,True,True,221.3404998779297,-1.7706486227641505,219.56985125516553,0,0,0.1
core_neuralprophet_frozen_s2026,neuralprophet,frozen,selected,2026,3,2025-01-27 01:00:00,2025-01-29 14:00:00,62,195.37,True,True,196.6761779785156,-1.7706486227641505,194.90552935575144,0,0,0.1
core_neuralprophet_frozen_s2026,neuralprophet,frozen,selected,2026,3,2025-01-27 01:00:00,2025-01-29 15:00:00,63,145.63,True,True,128.48007202148438,-1.7706486227641505,126.70942339872022,0,0,0.1
core_neuralprophet_frozen_s2026,neuralprophet,frozen,selected,2026,3,2025-01-27 01:00:00,2025-01-29 16:00:00,64,85.69,True,True,38.6680908203125,-1.7706486227641505,36.89744219754835,0,0,0.1
core_neuralprophet_frozen_s2026,neuralprophet,frozen,selected,2026,3,2025-01-27 01:00:00,2025-01-29 17:00:00,65,53.71,True,True,-24.190837860107425,-1.7706486227641505,-25.961486482871575,0,0,0.1
core_neuralprophet_frozen_s2026,neuralprophet,frozen,selected,2026,3,2025-01-27 01:00:00,2025-01-29 18:00:00,66,36.89,True,True,-34.83488464355469,-1.7706486227641505,-36.60553326631884,0,0,0.1
core_neuralprophet_frozen_s2026,neuralprophet,frozen,selected,2026,3,2025-01-27 01:00:00,2025-01-29 19:00:00,67,32.03,True,True,-13.86403465270996,-1.7706486227641505,-15.63468327547411,0,0,0.1
core_neuralprophet_frozen_s2026,neuralprophet,frozen,selected,2026,3,2025-01-27 01:00:00,2025-01-29 20:00:00,68,37.18,True,True,-27.52706718444824,-1.7706486227641505,-29.297715807212388,0,0,0.1
core_neuralprophet_frozen_s2026,neuralprophet,frozen,selected,2026,3,2025-01-27 01:00:00,2025-01-29 21:00:00,69,45.23,True,True,-16.641399383544922,-1.7706486227641505,-18.41204800630907,0,0,0.1
core_neuralprophet_frozen_s2026,neuralprophet,frozen,selected,2026,3,2025-01-27 01:00:00,2025-01-29 22:00:00,70,58.41,True,True,10.839138984680176,-1.7706486227641505,9.068490361916025,0,0,0.1
core_neuralprophet_frozen_s2026,neuralprophet,frozen,selected,2026,3,2025-01-27 01:00:00,2025-01-29 23:00:00,71,109.1,True,True,72.33451080322266,-1.7706486227641505,70.5638621804585,0,0,0.1
core_neuralprophet_frozen_s2026,neuralprophet,frozen,selected,2026,3,2025-01-27 01:00:00,2025-01-30 00:00:00,72,182.49,True,True,145.03225708007812,-1.7706486227641505,143.26160845731397,0,0,0.1
core_neuralprophet_frozen_s2026,neuralprophet,frozen,selected,2026,3,2025-01-27 01:00:00,2025-01-30 01:00:00,73,232.73,True,True,214.3957061767578,-1.7706486227641505,212.62505755399366,0,0,0.1
core_neuralprophet_frozen_s2026,neuralprophet,frozen,selected,2026,3,2025-01-27 01:00:00,2025-01-30 02:00:00,74,245.76,True,True,216.0507659912109,-1.7706486227641505,214.28011736844675,0,0,0.1
core_neuralprophet_frozen_s2026,neuralprophet,frozen,selected,2026,3,2025-01-27 01:00:00,2025-01-30 03:00:00,75,223.63,True,True,217.0382537841797,-1.7706486227641505,215.26760516141553,0,0,0.1
core_neuralprophet_frozen_s2026,neuralprophet,frozen,selected,2026,3,2025-01-27 01:00:00,2025-01-30 04:00:00,76,162.13,True,True,153.6868896484375,-1.7706486227641505,151.91624102567334,0,0,0.1
core_neuralprophet_frozen_s2026,neuralprophet,frozen,selected,2026,3,2025-01-27 01:00:00,2025-01-30 05:00:00,77,128.96,True,True,131.409912109375,-1.7706486227641505,129.63926348661084,0,0,0.1
core_neuralprophet_frozen_s2026,neuralprophet,frozen,selected,2026,3,2025-01-27 01:00:00,2025-01-30 06:00:00,78,107.71,True,True,106.0855484008789,-1.7706486227641505,104.31489977811475,0,0,0.1
core_neuralprophet_frozen_s2026,neuralprophet,frozen,selected,2026,3,2025-01-27 01:00:00,2025-01-30 07:00:00,79,145.01,True,True,128.08103942871094,-1.7706486227641505,126.31039080594678,0,0,0.1
core_neuralprophet_frozen_s2026,neuralprophet,frozen,selected,2026,3,2025-01-27 01:00:00,2025-01-30 08:00:00,80,243.71,True,True,243.07278442382807,-1.7706486227641505,241.3021358010639,0,0,0.1
core_neuralprophet_frozen_s2026,neuralprophet,frozen,selected,2026,3,2025-01-27 01:00:00,2025-01-30 09:00:00,81,349.36,True,True,318.0487670898437,-1.7706486227641505,316.27811846707954,0,0,0.1
core_neuralprophet_frozen_s2026,neuralprophet,frozen,selected,2026,3,2025-01-27 01:00:00,2025-01-30 10:00:00,82,425.19,True,True,405.481201171875,-1.7706486227641505,403.71055254911084,0,0,0.1
core_neuralprophet_frozen_s2026,neuralprophet,frozen,selected,2026,3,2025-01-27 01:00:00,2025-01-30 11:00:00,83,486.18,True,True,479.5161437988281,-1.7706486227641505,477.74549517606397,0,0,0.1
core_neuralprophet_frozen_s2026,neuralprophet,frozen,selected,2026,3,2025-01-27 01:00:00,2025-01-30 12:00:00,84,529.28,True,True,513.7315063476562,-1.7706486227641505,511.9608577248921,0,0,0.1
core_neuralprophet_frozen_s2026,neuralprophet,frozen,selected,2026,3,2025-01-27 01:00:00,2025-01-30 13:00:00,85,564.02,True,True,551.6719360351562,-1.7706486227641505,549.9012874123921,0,0,0.1
core_neuralprophet_frozen_s2026,neuralprophet,frozen,selected,2026,3,2025-01-27 01:00:00,2025-01-30 14:00:00,86,611.42,True,True,592.0732421875,-1.7706486227641505,590.3025935647358,0,0,0.1
core_neuralprophet_frozen_s2026,neuralprophet,frozen,selected,2026,3,2025-01-27 01:00:00,2025-01-30 15:00:00,87,606.0,True,True,586.618408203125,-1.7706486227641505,584.8477595803608,0,0,0.1
core_neuralprophet_frozen_s2026,neuralprophet,frozen,selected,2026,3,2025-01-27 01:00:00,2025-01-30 16:00:00,88,553.55,True,True,540.1331787109375,-1.7706486227641505,538.3625300881733,0,0,0.1
core_neuralprophet_frozen_s2026,neuralprophet,frozen,selected,2026,3,2025-01-27 01:00:00,2025-01-30 17:00:00,89,500.44,True,True,488.4193420410156,-1.7706486227641505,486.64869341825147,0,0,0.1
core_neuralprophet_frozen_s2026,neuralprophet,frozen,selected,2026,3,2025-01-27 01:00:00,2025-01-30 18:00:00,90,440.2,True,True,402.8016357421875,-1.7706486227641505,401.03098711942334,0,0,0.1
core_neuralprophet_frozen_s2026,neuralprophet,frozen,selected,2026,3,2025-01-27 01:00:00,2025-01-30 19:00:00,91,372.3,True,True,342.8203125,-1.7706486227641505,341.04966387723584,0,0,0.1
core_neuralprophet_frozen_s2026,neuralprophet,frozen,selected,2026,3,2025-01-27 01:00:00,2025-01-30 20:00:00,92,311.66,True,True,306.0152587890625,-1.7706486227641505,304.24461016629834,0,0,0.1
core_neuralprophet_frozen_s2026,neuralprophet,frozen,selected,2026,3,2025-01-27 01:00:00,2025-01-30 21:00:00,93,254.2,True,True,254.68527221679688,-1.7706486227641505,252.91462359403272,0,0,0.1
core_neuralprophet_frozen_s2026,neuralprophet,frozen,selected,2026,3,2025-01-27 01:00:00,2025-01-30 22:00:00,94,194.68,True,True,207.62368774414065,-1.7706486227641505,205.8530391213765,0,0,0.1
core_neuralprophet_frozen_s2026,neuralprophet,frozen,selected,2026,3,2025-01-27 01:00:00,2025-01-30 23:00:00,95,219.17,True,True,226.4223175048828,-1.7706486227641505,224.65166888211866,0,0,0.1
core_neuralprophet_frozen_s2026,neuralprophet,frozen,selected,2026,3,2025-01-27 01:00:00,2025-01-31 00:00:00,96,293.59,True,True,267.8433837890625,-1.7706486227641505,266.07273516629834,0,0,0.1
core_neuralprophet_frozen_s2026,neuralprophet,frozen,selected,2026,3,2025-01-27 01:00:00,2025-01-31 01:00:00,97,334.49,True,True,340.01904296875,-1.7706486227641505,338.24839434598584,0,0,0.1
core_neuralprophet_frozen_s2026,neuralprophet,frozen,selected,2026,3,2025-01-27 01:00:00,2025-01-31 02:00:00,98,319.02,True,True,314.0189819335937,-1.7706486227641505,312.24833331082954,0,0,0.1
core_neuralprophet_frozen_s2026,neuralprophet,frozen,selected,2026,3,2025-01-27 01:00:00,2025-01-31 03:00:00,99,255.7,True,True,251.60939025878903,-1.7706486227641505,249.83874163602488,0,0,0.1
core_neuralprophet_frozen_s2026,neuralprophet,frozen,selected,2026,3,2025-01-27 01:00:00,2025-01-31 04:00:00,100,128.37,True,True,149.09278869628906,-1.7706486227641505,147.3221400735249,0,0,0.1
core_neuralprophet_frozen_s2026,neuralprophet,frozen,selected,2026,3,2025-01-27 01:00:00,2025-01-31 05:00:00,101,106.68,True,True,176.5753631591797,-1.7706486227641505,174.80471453641553,0,0,0.1
core_neuralprophet_frozen_s2026,neuralprophet,frozen,selected,2026,3,2025-01-27 01:00:00,2025-01-31 06:00:00,102,106.87,True,True,151.8438720703125,-1.7706486227641505,150.07322344754834,0,0,0.1
core_neuralprophet_frozen_s2026,neuralprophet,frozen,selected,2026,3,2025-01-27 01:00:00,2025-01-31 07:00:00,103,121.78,True,True,149.5966033935547,-1.7706486227641505,147.82595477079053,0,0,0.1
core_neuralprophet_frozen_s2026,neuralprophet,frozen,selected,2026,3,2025-01-27 01:00:00,2025-01-31 08:00:00,104,148.93,True,True,139.06417846679688,-1.7706486227641505,137.29352984403272,0,0,0.1
core_neuralprophet_frozen_s2026,neuralprophet,frozen,selected,2026,3,2025-01-27 01:00:00,2025-01-31 09:00:00,105,164.32,True,True,187.89878845214844,-1.7706486227641505,186.12813982938428,0,0,0.1
core_neuralprophet_frozen_s2026,neuralprophet,frozen,selected,2026,3,2025-01-27 01:00:00,2025-01-31 10:00:00,106,176.47,True,True,175.79684448242188,-1.7706486227641505,174.02619585965772,0,0,0.1
core_neuralprophet_frozen_s2026,neuralprophet,frozen,selected,2026,3,2025-01-27 01:00:00,2025-01-31 11:00:00,107,204.74,True,True,231.1109619140625,-1.7706486227641505,229.34031329129834,0,0,0.1
core_neuralprophet_frozen_s2026,neuralprophet,frozen,selected,2026,3,2025-01-27 01:00:00,2025-01-31 12:00:00,108,237.05,True,True,264.0014953613281,-1.7706486227641505,262.23084673856397,0,0,0.1
core_neuralprophet_frozen_s2026,neuralprophet,frozen,selected,2026,3,2025-01-27 01:00:00,2025-01-31 13:00:00,109,259.57,True,True,291.8538818359375,-1.7706486227641505,290.08323321317334,0,0,0.1
core_neuralprophet_frozen_s2026,neuralprophet,frozen,selected,2026,3,2025-01-27 01:00:00,2025-01-31 14:00:00,110,296.35,True,True,314.61572265625,-1.7706486227641505,312.84507403348584,0,0,0.1
core_neuralprophet_frozen_s2026,neuralprophet,frozen,selected,2026,3,2025-01-27 01:00:00,2025-01-31 15:00:00,111,321.23,True,True,323.34423828125,-1.7706486227641505,321.57358965848584,0,0,0.1
core_neuralprophet_frozen_s2026,neuralprophet,frozen,selected,2026,3,2025-01-27 01:00:00,2025-01-31 16:00:00,112,312.55,True,True,296.9347839355469,-1.7706486227641505,295.1641353127827,0,0,0.1
core_neuralprophet_frozen_s2026,neuralprophet,frozen,selected,2026,3,2025-01-27 01:00:00,2025-01-31 17:00:00,113,280.14,True,True,267.8257141113281,-1.7706486227641505,266.05506548856397,0,0,0.1
core_neuralprophet_frozen_s2026,neuralprophet,frozen,selected,2026,3,2025-01-27 01:00:00,2025-01-31 18:00:00,114,249.81,True,True,234.8668975830078,-1.7706486227641505,233.09624896024366,0,0,0.1
core_neuralprophet_frozen_s2026,neuralprophet,frozen,selected,2026,3,2025-01-27 01:00:00,2025-01-31 19:00:00,115,227.14,True,True,225.44456481933597,-1.7706486227641505,223.6739161965718,0,0,0.1
core_neuralprophet_frozen_s2026,neuralprophet,frozen,selected,2026,3,2025-01-27 01:00:00,2025-01-31 20:00:00,116,195.36,True,True,183.7713165283203,-1.7706486227641505,182.00066790555616,0,0,0.1
core_neuralprophet_frozen_s2026,neuralprophet,frozen,selected,2026,3,2025-01-27 01:00:00,2025-01-31 21:00:00,117,156.86,True,True,166.65411376953125,-1.7706486227641505,164.8834651467671,0,0,0.1
core_neuralprophet_frozen_s2026,neuralprophet,frozen,selected,2026,3,2025-01-27 01:00:00,2025-01-31 22:00:00,118,129.94,True,True,172.62747192382812,-1.7706486227641505,170.85682330106397,0,0,0.1
core_neuralprophet_frozen_s2026,neuralprophet,frozen,selected,2026,3,2025-01-27 01:00:00,2025-01-31 23:00:00,119,159.68,True,True,198.85400390625,-1.7706486227641505,197.08335528348584,0,0,0.1
core_neuralprophet_frozen_s2026,neuralprophet,frozen,selected,2026,3,2025-01-27 01:00:00,2025-02-01 00:00:00,120,211.81,True,True,263.03533935546875,-1.7706486227641505,261.2646907327046,0,0,0.1
core_neuralprophet_frozen_s2026,neuralprophet,frozen,selected,2026,3,2025-01-27 01:00:00,2025-02-01 01:00:00,121,242.1,True,True,283.7043762207031,-1.7706486227641505,281.93372759793897,0,0,0.1
core_neuralprophet_frozen_s2026,neuralprophet,frozen,selected,2026,3,2025-01-27 01:00:00,2025-02-01 02:00:00,122,240.34,True,True,283.2172546386719,-1.7706486227641505,281.4466060159077,0,0,0.1
core_neuralprophet_frozen_s2026,neuralprophet,frozen,selected,2026,3,2025-01-27 01:00:00,2025-02-01 03:00:00,123,220.96,True,True,274.0229797363281,-1.7706486227641505,272.25233111356397,0,0,0.1
core_neuralprophet_frozen_s2026,neuralprophet,frozen,selected,2026,3,2025-01-27 01:00:00,2025-02-01 04:00:00,124,199.11,True,True,262.2510681152344,-1.7706486227641505,260.4804194924702,0,0,0.1
core_neuralprophet_frozen_s2026,neuralprophet,frozen,selected,2026,3,2025-01-27 01:00:00,2025-02-01 05:00:00,125,189.78,True,True,274.1456298828125,-1.7706486227641505,272.37498126004834,0,0,0.1
core_neuralprophet_frozen_s2026,neuralprophet,frozen,selected,2026,3,2025-01-27 01:00:00,2025-02-01 06:00:00,126,167.94,True,True,270.5607604980469,-1.7706486227641505,268.7901118752827,0,0,0.1
core_neuralprophet_frozen_s2026,neuralprophet,frozen,selected,2026,3,2025-01-27 01:00:00,2025-02-01 07:00:00,127,146.11,True,True,216.28305053710935,-1.7706486227641505,214.5124019143452,0,0,0.1
core_neuralprophet_frozen_s2026,neuralprophet,frozen,selected,2026,3,2025-01-27 01:00:00,2025-02-01 08:00:00,128,137.39,True,True,188.4459991455078,-1.7706486227641505,186.67535052274366,0,0,0.1
core_neuralprophet_frozen_s2026,neuralprophet,frozen,selected,2026,3,2025-01-27 01:00:00,2025-02-01 09:00:00,129,138.12,True,True,167.13082885742188,-1.7706486227641505,165.36018023465772,0,0,0.1
core_neuralprophet_frozen_s2026,neuralprophet,frozen,selected,2026,3,2025-01-27 01:00:00,2025-02-01 10:00:00,130,157.66,True,True,171.58673095703125,-1.7706486227641505,169.8160823342671,0,0,0.1
core_neuralprophet_frozen_s2026,neuralprophet,frozen,selected,2026,3,2025-01-27 01:00:00,2025-02-01 11:00:00,131,200.63,True,True,216.8643798828125,-1.7706486227641505,215.09373126004834,0,0,0.1
core_neuralprophet_frozen_s2026,neuralprophet,frozen,selected,2026,3,2025-01-27 01:00:00,2025-02-01 12:00:00,132,247.86,True,True,259.27508544921875,-1.7706486227641505,257.5044368264546,0,0,0.1
core_neuralprophet_frozen_s2026,neuralprophet,frozen,selected,2026,3,2025-01-27 01:00:00,2025-02-01 13:00:00,133,320.37,True,True,362.3038330078125,-1.7706486227641505,360.53318438504834,0,0,0.1
core_neuralprophet_frozen_s2026,neuralprophet,frozen,selected,2026,3,2025-01-27 01:00:00,2025-02-01 14:00:00,134,426.87,True,True,468.2427368164063,-1.7706486227641505,466.47208819364215,0,0,0.1
core_neuralprophet_frozen_s2026,neuralprophet,frozen,selected,2026,3,2025-01-27 01:00:00,2025-02-01 15:00:00,135,502.45,True,True,523.605224609375,-1.7706486227641505,521.8345759866108,0,0,0.1
core_neuralprophet_frozen_s2026,neuralprophet,frozen,selected,2026,3,2025-01-27 01:00:00,2025-02-01 16:00:00,136,521.88,True,True,519.3416137695312,-1.7706486227641505,517.5709651467671,0,0,0.1
core_neuralprophet_frozen_s2026,neuralprophet,frozen,selected,2026,3,2025-01-27 01:00:00,2025-02-01 17:00:00,137,526.15,True,True,547.9488525390625,-1.7706486227641505,546.1782039162983,0,0,0.1
core_neuralprophet_frozen_s2026,neuralprophet,frozen,selected,2026,3,2025-01-27 01:00:00,2025-02-01 18:00:00,138,526.82,True,True,512.6030883789062,-1.7706486227641505,510.8324397561421,0,0,0.1
core_neuralprophet_frozen_s2026,neuralprophet,frozen,selected,2026,3,2025-01-27 01:00:00,2025-02-01 19:00:00,139,506.91,True,True,515.1627197265625,-1.7706486227641505,513.3920711037983,0,0,0.1
core_neuralprophet_frozen_s2026,neuralprophet,frozen,selected,2026,3,2025-01-27 01:00:00,2025-02-01 20:00:00,140,467.43,True,True,493.87982177734375,-1.7706486227641505,492.1091731545796,0,0,0.1
core_neuralprophet_frozen_s2026,neuralprophet,frozen,selected,2026,3,2025-01-27 01:00:00,2025-02-01 21:00:00,141,422.28,True,True,476.16998291015625,-1.7706486227641505,474.3993342873921,0,0,0.1
core_neuralprophet_frozen_s2026,neuralprophet,frozen,selected,2026,3,2025-01-27 01:00:00,2025-02-01 22:00:00,142,372.48,True,True,408.6327819824219,-1.7706486227641505,406.8621333596577,0,0,0.1
core_neuralprophet_frozen_s2026,neuralprophet,frozen,selected,2026,3,2025-01-27 01:00:00,2025-02-01 23:00:00,143,364.71,True,True,430.14208984375,-1.7706486227641505,428.37144122098584,0,0,0.1
core_neuralprophet_frozen_s2026,neuralprophet,frozen,selected,2026,3,2025-01-27 01:00:00,2025-02-02 00:00:00,144,381.4,True,True,448.7675476074219,-1.7706486227641505,446.9968989846577,0,0,0.1
core_neuralprophet_frozen_s2026,neuralprophet,frozen,selected,2026,3,2025-01-27 01:00:00,2025-02-02 01:00:00,145,343.87,True,True,427.6761779785156,-1.7706486227641505,425.90552935575147,0,0,0.1
core_neuralprophet_frozen_s2026,neuralprophet,frozen,selected,2026,3,2025-01-27 01:00:00,2025-02-02 02:00:00,146,222.08,True,True,293.4020690917969,-1.7706486227641505,291.6314204690327,0,0,0.1
core_neuralprophet_frozen_s2026,neuralprophet,frozen,selected,2026,3,2025-01-27 01:00:00,2025-02-02 03:00:00,147,95.01,True,True,107.55850982666016,-1.7706486227641505,105.787861203896,0,0,0.1
core_neuralprophet_frozen_s2026,neuralprophet,frozen,selected,2026,3,2025-01-27 01:00:00,2025-02-02 04:00:00,148,18.71,True,True,63.37831497192383,-1.7706486227641505,61.60766634915968,0,0,0.1
core_neuralprophet_frozen_s2026,neuralprophet,frozen,selected,2026,3,2025-01-27 01:00:00,2025-02-02 05:00:00,149,10.31,True,True,57.67560577392578,-1.7706486227641505,55.90495715116163,0,0,0.1
core_neuralprophet_frozen_s2026,neuralprophet,frozen,selected,2026,3,2025-01-27 01:00:00,2025-02-02 06:00:00,150,9.09,True,True,36.052921295166016,-1.7706486227641505,34.28227267240187,0,0,0.1
core_neuralprophet_frozen_s2026,neuralprophet,frozen,selected,2026,3,2025-01-27 01:00:00,2025-02-02 07:00:00,151,9.79,True,True,33.728126525878906,-1.7706486227641505,31.957477903114757,0,0,0.1
core_neuralprophet_frozen_s2026,neuralprophet,frozen,selected,2026,3,2025-01-27 01:00:00,2025-02-02 08:00:00,152,12.6,True,True,51.965370178222656,-1.7706486227641505,50.19472155545851,0,0,0.1
core_neuralprophet_frozen_s2026,neuralprophet,frozen,selected,2026,3,2025-01-27 01:00:00,2025-02-02 09:00:00,153,15.33,True,True,37.7632064819336,-1.7706486227641505,35.99255785916945,0,0,0.1
core_neuralprophet_frozen_s2026,neuralprophet,frozen,selected,2026,3,2025-01-27 01:00:00,2025-02-02 10:00:00,154,18.29,True,True,34.36955261230469,-1.7706486227641505,32.59890398954054,0,0,0.1
core_neuralprophet_frozen_s2026,neuralprophet,frozen,selected,2026,3,2025-01-27 01:00:00,2025-02-02 11:00:00,155,23.83,True,True,35.381439208984375,-1.7706486227641505,33.610790586220226,0,0,0.1
core_neuralprophet_frozen_s2026,neuralprophet,frozen,selected,2026,3,2025-01-27 01:00:00,2025-02-02 12:00:00,156,29.43,True,True,51.80544662475586,-1.7706486227641505,50.03479800199171,0,0,0.1
core_neuralprophet_frozen_s2026,neuralprophet,frozen,selected,2026,3,2025-01-27 01:00:00,2025-02-02 13:00:00,157,31.91,True,True,54.0815315246582,-1.7706486227641505,52.310882901894054,0,0,0.1
core_neuralprophet_frozen_s2026,neuralprophet,frozen,selected,2026,3,2025-01-27 01:00:00,2025-02-02 14:00:00,158,33.06,True,True,39.26072692871094,-1.7706486227641505,37.49007830594679,0,0,0.1
core_neuralprophet_frozen_s2026,neuralprophet,frozen,selected,2026,3,2025-01-27 01:00:00,2025-02-02 15:00:00,159,29.21,True,True,27.73292732238769,-1.7706486227641505,25.962278699623543,0,0,0.1
core_neuralprophet_frozen_s2026,neuralprophet,frozen,selected,2026,3,2025-01-27 01:00:00,2025-02-02 16:00:00,160,19.38,True,True,2.276740789413452,-1.7706486227641505,0.5060921666493017,0,0,0.1
core_neuralprophet_frozen_s2026,neuralprophet,frozen,selected,2026,3,2025-01-27 01:00:00,2025-02-02 17:00:00,161,15.9,True,True,-41.332313537597656,-1.7706486227641505,-43.102962160361805,0,0,0.1
core_neuralprophet_frozen_s2026,neuralprophet,frozen,selected,2026,3,2025-01-27 01:00:00,2025-02-02 18:00:00,162,14.32,True,True,-34.52189254760742,-1.7706486227641505,-36.29254117037157,0,0,0.1
core_neuralprophet_frozen_s2026,neuralprophet,frozen,selected,2026,3,2025-01-27 01:00:00,2025-02-02 19:00:00,163,13.38,True,True,-16.758472442626953,-1.7706486227641505,-18.529121065391102,0,0,0.1
core_neuralprophet_frozen_s2026,neuralprophet,frozen,selected,2026,3,2025-01-27 01:00:00,2025-02-02 20:00:00,164,15.11,True,True,-21.832767486572266,-1.7706486227641505,-23.603416109336415,0,0,0.1
core_neuralprophet_frozen_s2026,neuralprophet,frozen,selected,2026,3,2025-01-27 01:00:00,2025-02-02 21:00:00,165,17.57,True,True,7.689666271209717,-1.7706486227641505,5.919017648445566,0,0,0.1
core_neuralprophet_frozen_s2026,neuralprophet,frozen,selected,2026,3,2025-01-27 01:00:00,2025-02-02 22:00:00,166,21.83,True,True,18.788923263549805,-1.7706486227641505,17.018274640785656,0,0,0.1
core_neuralprophet_frozen_s2026,neuralprophet,frozen,selected,2026,3,2025-01-27 01:00:00,2025-02-02 23:00:00,167,36.86,True,True,30.109737396240234,-1.7706486227641505,28.339088773476085,0,0,0.1
core_neuralprophet_frozen_s2026,neuralprophet,frozen,selected,2026,3,2025-01-27 01:00:00,2025-02-03 00:00:00,168,51.7,True,True,68.09471893310547,-1.7706486227641505,66.32407031034131,0,0,0.1
core_neuralprophet_frozen_s2026,neuralprophet,frozen,selected,2026,4,2025-02-03 01:00:00,2025-02-03 01:00:00,1,55.42,True,True,52.67177581787109,-2.178683027062232,50.49309279080885,0,0,0.1
core_neuralprophet_frozen_s2026,neuralprophet,frozen,selected,2026,4,2025-02-03 01:00:00,2025-02-03 02:00:00,2,43.6,True,True,42.72088241577149,-2.178683027062232,40.54219938870926,0,0,0.1
core_neuralprophet_frozen_s2026,neuralprophet,frozen,selected,2026,4,2025-02-03 01:00:00,2025-02-03 03:00:00,3,28.53,True,True,16.03443145751953,-2.178683027062232,13.8557484304573,0,0,0.1
core_neuralprophet_frozen_s2026,neuralprophet,frozen,selected,2026,4,2025-02-03 01:00:00,2025-02-03 04:00:00,4,17.01,True,True,3.112480401992798,-2.178683027062232,0.9337973749305659,0,0,0.1
core_neuralprophet_frozen_s2026,neuralprophet,frozen,selected,2026,4,2025-02-03 01:00:00,2025-02-03 05:00:00,5,14.43,True,True,3.343614339828491,-2.178683027062232,1.1649313127662593,0,0,0.1
core_neuralprophet_frozen_s2026,neuralprophet,frozen,selected,2026,4,2025-02-03 01:00:00,2025-02-03 06:00:00,6,12.54,True,True,0.1335816383361816,-2.178683027062232,-2.0451013887260503,0,0,0.1
core_neuralprophet_frozen_s2026,neuralprophet,frozen,selected,2026,4,2025-02-03 01:00:00,2025-02-03 07:00:00,7,12.41,True,True,3.9451651573181152,-2.178683027062232,1.7664821302558833,0,0,0.1
core_neuralprophet_frozen_s2026,neuralprophet,frozen,selected,2026,4,2025-02-03 01:00:00,2025-02-03 08:00:00,8,14.61,True,True,6.784326553344727,-2.178683027062232,4.605643526282495,0,0,0.1
core_neuralprophet_frozen_s2026,neuralprophet,frozen,selected,2026,4,2025-02-03 01:00:00,2025-02-03 09:00:00,9,17.2,True,True,13.062962532043455,-2.178683027062232,10.884279504981222,0,0,0.1
core_neuralprophet_frozen_s2026,neuralprophet,frozen,selected,2026,4,2025-02-03 01:00:00,2025-02-03 10:00:00,10,19.84,True,True,35.649024963378906,-2.178683027062232,33.47034193631667,0,0,0.1
core_neuralprophet_frozen_s2026,neuralprophet,frozen,selected,2026,4,2025-02-03 01:00:00,2025-02-03 11:00:00,11,24.81,True,True,37.92915725708008,-2.178683027062232,35.75047423001784,0,0,0.1
core_neuralprophet_frozen_s2026,neuralprophet,frozen,selected,2026,4,2025-02-03 01:00:00,2025-02-03 12:00:00,12,29.45,True,True,22.04766845703125,-2.178683027062232,19.86898542996902,0,0,0.1
core_neuralprophet_frozen_s2026,neuralprophet,frozen,selected,2026,4,2025-02-03 01:00:00,2025-02-03 13:00:00,13,32.74,True,True,13.521431922912598,-2.178683027062232,11.342748895850367,0,0,0.1
core_neuralprophet_frozen_s2026,neuralprophet,frozen,selected,2026,4,2025-02-03 01:00:00,2025-02-03 14:00:00,14,38.83,True,True,28.261079788208008,-2.178683027062232,26.082396761145777,0,0,0.1
core_neuralprophet_frozen_s2026,neuralprophet,frozen,selected,2026,4,2025-02-03 01:00:00,2025-02-03 15:00:00,15,38.19,True,True,27.45997428894043,-2.178683027062232,25.2812912618782,0,0,0.1
core_neuralprophet_frozen_s2026,neuralprophet,frozen,selected,2026,4,2025-02-03 01:00:00,2025-02-03 16:00:00,16,28.18,True,True,13.10267448425293,-2.178683027062232,10.923991457190699,0,0,0.1
core_neuralprophet_frozen_s2026,neuralprophet,frozen,selected,2026,4,2025-02-03 01:00:00,2025-02-03 17:00:00,17,22.91,True,True,-0.0658895373344421,-2.178683027062232,-2.244572564396674,0,0,0.1
core_neuralprophet_frozen_s2026,neuralprophet,frozen,selected,2026,4,2025-02-03 01:00:00,2025-02-03 18:00:00,18,21.8,True,True,-2.5708377361297607,-2.178683027062232,-4.749520763191993,0,0,0.1
core_neuralprophet_frozen_s2026,neuralprophet,frozen,selected,2026,4,2025-02-03 01:00:00,2025-02-03 19:00:00,19,22.49,True,True,-1.307093858718872,-2.178683027062232,-3.485776885781104,0,0,0.1
core_neuralprophet_frozen_s2026,neuralprophet,frozen,selected,2026,4,2025-02-03 01:00:00,2025-02-03 20:00:00,20,24.92,True,True,3.85240626335144,-2.178683027062232,1.673723236289208,0,0,0.1
core_neuralprophet_frozen_s2026,neuralprophet,frozen,selected,2026,4,2025-02-03 01:00:00,2025-02-03 21:00:00,21,28.28,True,True,0.6666468381881714,-2.178683027062232,-1.5120361888740605,0,0,0.1
core_neuralprophet_frozen_s2026,neuralprophet,frozen,selected,2026,4,2025-02-03 01:00:00,2025-02-03 22:00:00,22,34.36,True,True,7.01946496963501,-2.178683027062232,4.840781942572778,0,0,0.1
core_neuralprophet_frozen_s2026,neuralprophet,frozen,selected,2026,4,2025-02-03 01:00:00,2025-02-03 23:00:00,23,60.44,True,True,46.228759765625,-2.178683027062232,44.050076738562765,0,0,0.1
core_neuralprophet_frozen_s2026,neuralprophet,frozen,selected,2026,4,2025-02-03 01:00:00,2025-02-04 00:00:00,24,93.43,True,True,73.06420135498047,-2.178683027062232,70.88551832791823,0,0,0.1
core_neuralprophet_frozen_s2026,neuralprophet,frozen,selected,2026,4,2025-02-03 01:00:00,2025-02-04 01:00:00,25,123.06,True,True,93.08718872070312,-2.178683027062232,90.90850569364089,0,0,0.1
core_neuralprophet_frozen_s2026,neuralprophet,frozen,selected,2026,4,2025-02-03 01:00:00,2025-02-04 02:00:00,26,162.76,True,True,128.88107299804688,-2.178683027062232,126.70238997098464,0,0,0.1
core_neuralprophet_frozen_s2026,neuralprophet,frozen,selected,2026,4,2025-02-03 01:00:00,2025-02-04 03:00:00,27,212.93,True,True,186.9507751464844,-2.178683027062232,184.77209211942218,0,0,0.1
core_neuralprophet_frozen_s2026,neuralprophet,frozen,selected,2026,4,2025-02-03 01:00:00,2025-02-04 04:00:00,28,208.66,True,True,196.5348052978516,-2.178683027062232,194.35612227078937,0,0,0.1
core_neuralprophet_frozen_s2026,neuralprophet,frozen,selected,2026,4,2025-02-03 01:00:00,2025-02-04 05:00:00,29,113.94,True,True,114.80015563964844,-2.178683027062232,112.6214726125862,0,0,0.1
core_neuralprophet_frozen_s2026,neuralprophet,frozen,selected,2026,4,2025-02-03 01:00:00,2025-02-04 06:00:00,30,40.29,True,True,24.436925888061523,-2.178683027062232,22.258242860999292,0,0,0.1
core_neuralprophet_frozen_s2026,neuralprophet,frozen,selected,2026,4,2025-02-03 01:00:00,2025-02-04 07:00:00,31,16.86,True,True,-12.327091217041016,-2.178683027062232,-14.505774244103247,0,0,0.1
core_neuralprophet_frozen_s2026,neuralprophet,frozen,selected,2026,4,2025-02-03 01:00:00,2025-02-04 08:00:00,32,15.84,True,True,8.059505462646484,-2.178683027062232,5.880822435584252,0,0,0.1
core_neuralprophet_frozen_s2026,neuralprophet,frozen,selected,2026,4,2025-02-03 01:00:00,2025-02-04 09:00:00,33,15.42,True,True,8.950685501098633,-2.178683027062232,6.772002474036401,0,0,0.1
core_neuralprophet_frozen_s2026,neuralprophet,frozen,selected,2026,4,2025-02-03 01:00:00,2025-02-04 10:00:00,34,16.0,True,True,3.6496737003326416,-2.178683027062232,1.4709906732704097,0,0,0.1
core_neuralprophet_frozen_s2026,neuralprophet,frozen,selected,2026,4,2025-02-03 01:00:00,2025-02-04 11:00:00,35,17.62,True,True,-4.280461311340332,-2.178683027062232,-6.459144338402564,0,0,0.1
core_neuralprophet_frozen_s2026,neuralprophet,frozen,selected,2026,4,2025-02-03 01:00:00,2025-02-04 12:00:00,36,18.73,True,True,-1.899975538253784,-2.178683027062232,-4.078658565316016,0,0,0.1
core_neuralprophet_frozen_s2026,neuralprophet,frozen,selected,2026,4,2025-02-03 01:00:00,2025-02-04 13:00:00,37,18.81,True,True,-0.7596628069877625,-2.178683027062232,-2.9383458340499944,0,0,0.1
core_neuralprophet_frozen_s2026,neuralprophet,frozen,selected,2026,4,2025-02-03 01:00:00,2025-02-04 14:00:00,38,21.06,True,True,1.7724485397338867,-2.178683027062232,-0.4062344873283452,0,0,0.1
core_neuralprophet_frozen_s2026,neuralprophet,frozen,selected,2026,4,2025-02-03 01:00:00,2025-02-04 15:00:00,39,19.95,True,True,-10.506339073181152,-2.178683027062232,-12.685022100243383,0,0,0.1
core_neuralprophet_frozen_s2026,neuralprophet,frozen,selected,2026,4,2025-02-03 01:00:00,2025-02-04 16:00:00,40,15.03,True,True,-7.463661193847656,-2.178683027062232,-9.642344220909887,0,0,0.1
core_neuralprophet_frozen_s2026,neuralprophet,frozen,selected,2026,4,2025-02-03 01:00:00,2025-02-04 17:00:00,41,15.73,True,True,-8.35434627532959,-2.178683027062232,-10.533029302391821,0,0,0.1
core_neuralprophet_frozen_s2026,neuralprophet,frozen,selected,2026,4,2025-02-03 01:00:00,2025-02-04 18:00:00,42,18.61,True,True,3.773517608642578,-2.178683027062232,1.5948345815803462,0,0,0.1
core_neuralprophet_frozen_s2026,neuralprophet,frozen,selected,2026,4,2025-02-03 01:00:00,2025-02-04 19:00:00,43,30.82,True,True,23.25357818603516,-2.178683027062232,21.07489515897293,0,0,0.1
core_neuralprophet_frozen_s2026,neuralprophet,frozen,selected,2026,4,2025-02-03 01:00:00,2025-02-04 20:00:00,44,54.86,True,True,57.9608154296875,-2.178683027062232,55.782132402625265,0,0,0.1
core_neuralprophet_frozen_s2026,neuralprophet,frozen,selected,2026,4,2025-02-03 01:00:00,2025-02-04 21:00:00,45,80.88,True,True,87.70270538330078,-2.178683027062232,85.52402235623855,0,0,0.1
core_neuralprophet_frozen_s2026,neuralprophet,frozen,selected,2026,4,2025-02-03 01:00:00,2025-02-04 22:00:00,46,112.64,True,True,115.09523010253906,-2.178683027062232,112.91654707547683,0,0,0.1
core_neuralprophet_frozen_s2026,neuralprophet,frozen,selected,2026,4,2025-02-03 01:00:00,2025-02-04 23:00:00,47,169.75,True,True,175.18505859375,-2.178683027062232,173.00637556668778,0,0,0.1
core_neuralprophet_frozen_s2026,neuralprophet,frozen,selected,2026,4,2025-02-03 01:00:00,2025-02-05 00:00:00,48,167.55,True,True,174.47914123535156,-2.178683027062232,172.30045820828934,0,0,0.1
core_neuralprophet_frozen_s2026,neuralprophet,frozen,selected,2026,4,2025-02-03 01:00:00,2025-02-05 01:00:00,49,117.83,True,True,112.35980987548828,-2.178683027062232,110.18112684842605,0,0,0.1
core_neuralprophet_frozen_s2026,neuralprophet,frozen,selected,2026,4,2025-02-03 01:00:00,2025-02-05 02:00:00,50,99.61,True,True,82.56339263916016,-2.178683027062232,80.38470961209792,0,0,0.1
core_neuralprophet_frozen_s2026,neuralprophet,frozen,selected,2026,4,2025-02-03 01:00:00,2025-02-05 03:00:00,51,68.83,True,True,41.2726936340332,-2.178683027062232,39.09401060697097,0,0,0.1
core_neuralprophet_frozen_s2026,neuralprophet,frozen,selected,2026,4,2025-02-03 01:00:00,2025-02-05 04:00:00,52,33.97,True,True,13.030680656433104,-2.178683027062232,10.85199762937087,0,0,0.1
core_neuralprophet_frozen_s2026,neuralprophet,frozen,selected,2026,4,2025-02-03 01:00:00,2025-02-05 05:00:00,53,24.15,True,True,14.791739463806152,-2.178683027062232,12.613056436743921,0,0,0.1
core_neuralprophet_frozen_s2026,neuralprophet,frozen,selected,2026,4,2025-02-03 01:00:00,2025-02-05 06:00:00,54,20.67,True,True,21.032934188842773,-2.178683027062232,18.854251161780542,0,0,0.1
core_neuralprophet_frozen_s2026,neuralprophet,frozen,selected,2026,4,2025-02-03 01:00:00,2025-02-05 07:00:00,55,26.18,True,True,15.787775039672852,-2.178683027062232,13.60909201261062,0,0,0.1
core_neuralprophet_frozen_s2026,neuralprophet,frozen,selected,2026,4,2025-02-03 01:00:00,2025-02-05 08:00:00,56,46.05,True,True,62.85710906982422,-2.178683027062232,60.678426042761984,0,0,0.1
core_neuralprophet_frozen_s2026,neuralprophet,frozen,selected,2026,4,2025-02-03 01:00:00,2025-02-05 09:00:00,57,69.12,True,True,87.06321716308594,-2.178683027062232,84.8845341360237,0,0,0.1
core_neuralprophet_frozen_s2026,neuralprophet,frozen,selected,2026,4,2025-02-03 01:00:00,2025-02-05 10:00:00,58,96.72,True,True,120.63101196289062,-2.178683027062232,118.45232893582839,0,0,0.1
core_neuralprophet_frozen_s2026,neuralprophet,frozen,selected,2026,4,2025-02-03 01:00:00,2025-02-05 11:00:00,59,132.75,True,True,162.15866088867188,-2.178683027062232,159.97997786160965,0,0,0.1
core_neuralprophet_frozen_s2026,neuralprophet,frozen,selected,2026,4,2025-02-03 01:00:00,2025-02-05 12:00:00,60,159.49,True,True,199.2451934814453,-2.178683027062232,197.0665104543831,0,0,0.1
core_neuralprophet_frozen_s2026,neuralprophet,frozen,selected,2026,4,2025-02-03 01:00:00,2025-02-05 13:00:00,61,209.95,True,True,233.31272888183597,-2.178683027062232,231.13404585477375,0,0,0.1
core_neuralprophet_frozen_s2026,neuralprophet,frozen,selected,2026,4,2025-02-03 01:00:00,2025-02-05 14:00:00,62,299.41,True,True,310.7553405761719,-2.178683027062232,308.57665754910965,0,0,0.1
core_neuralprophet_frozen_s2026,neuralprophet,frozen,selected,2026,4,2025-02-03 01:00:00,2025-02-05 15:00:00,63,349.95,True,True,354.2644348144531,-2.178683027062232,352.0857517873909,0,0,0.1
core_neuralprophet_frozen_s2026,neuralprophet,frozen,selected,2026,4,2025-02-03 01:00:00,2025-02-05 16:00:00,64,339.88,True,True,338.0256042480469,-2.178683027062232,335.84692122098465,0,0,0.1
core_neuralprophet_frozen_s2026,neuralprophet,frozen,selected,2026,4,2025-02-03 01:00:00,2025-02-05 17:00:00,65,325.53,True,True,330.4902038574219,-2.178683027062232,328.31152083035965,0,0,0.1
core_neuralprophet_frozen_s2026,neuralprophet,frozen,selected,2026,4,2025-02-03 01:00:00,2025-02-05 18:00:00,66,321.12,True,True,325.8885192871094,-2.178683027062232,323.70983626004715,0,0,0.1
core_neuralprophet_frozen_s2026,neuralprophet,frozen,selected,2026,4,2025-02-03 01:00:00,2025-02-05 19:00:00,67,310.07,True,True,315.54058837890625,-2.178683027062232,313.36190535184403,0,0,0.1
core_neuralprophet_frozen_s2026,neuralprophet,frozen,selected,2026,4,2025-02-03 01:00:00,2025-02-05 20:00:00,68,279.94,True,True,290.6076965332031,-2.178683027062232,288.4290135061409,0,0,0.1
core_neuralprophet_frozen_s2026,neuralprophet,frozen,selected,2026,4,2025-02-03 01:00:00,2025-02-05 21:00:00,69,232.13,True,True,239.5980987548828,-2.178683027062232,237.4194157278206,0,0,0.1
core_neuralprophet_frozen_s2026,neuralprophet,frozen,selected,2026,4,2025-02-03 01:00:00,2025-02-05 22:00:00,70,164.48,True,True,162.29608154296875,-2.178683027062232,160.11739851590653,0,0,0.1
core_neuralprophet_frozen_s2026,neuralprophet,frozen,selected,2026,4,2025-02-03 01:00:00,2025-02-05 23:00:00,71,145.31,True,True,133.8872528076172,-2.178683027062232,131.70856978055497,0,0,0.1
core_neuralprophet_frozen_s2026,neuralprophet,frozen,selected,2026,4,2025-02-03 01:00:00,2025-02-06 00:00:00,72,124.31,True,True,122.86370849609376,-2.178683027062232,120.68502546903153,0,0,0.1
core_neuralprophet_frozen_s2026,neuralprophet,frozen,selected,2026,4,2025-02-03 01:00:00,2025-02-06 01:00:00,73,64.01,True,True,56.84069061279297,-2.178683027062232,54.662007585730734,0,0,0.1
core_neuralprophet_frozen_s2026,neuralprophet,frozen,selected,2026,4,2025-02-03 01:00:00,2025-02-06 02:00:00,74,51.25,True,True,34.47226333618164,-2.178683027062232,32.293580309119406,0,0,0.1
core_neuralprophet_frozen_s2026,neuralprophet,frozen,selected,2026,4,2025-02-03 01:00:00,2025-02-06 03:00:00,75,42.05,True,True,32.65330505371094,-2.178683027062232,30.474622026648706,0,0,0.1
core_neuralprophet_frozen_s2026,neuralprophet,frozen,selected,2026,4,2025-02-03 01:00:00,2025-02-06 04:00:00,76,28.94,True,True,19.832246780395508,-2.178683027062232,17.653563753333277,0,0,0.1
core_neuralprophet_frozen_s2026,neuralprophet,frozen,selected,2026,4,2025-02-03 01:00:00,2025-02-06 05:00:00,77,17.66,True,True,8.629868507385254,-2.178683027062232,6.451185480323022,0,0,0.1
core_neuralprophet_frozen_s2026,neuralprophet,frozen,selected,2026,4,2025-02-03 01:00:00,2025-02-06 06:00:00,78,11.63,True,True,-11.193384170532228,-2.178683027062232,-13.372067197594461,0,0,0.1
core_neuralprophet_frozen_s2026,neuralprophet,frozen,selected,2026,4,2025-02-03 01:00:00,2025-02-06 07:00:00,79,8.2,True,True,-18.891765594482425,-2.178683027062232,-21.070448621544656,0,0,0.1
core_neuralprophet_frozen_s2026,neuralprophet,frozen,selected,2026,4,2025-02-03 01:00:00,2025-02-06 08:00:00,80,7.68,True,True,-19.55990219116211,-2.178683027062232,-21.73858521822434,0,0,0.1
core_neuralprophet_frozen_s2026,neuralprophet,frozen,selected,2026,4,2025-02-03 01:00:00,2025-02-06 09:00:00,81,7.48,True,True,-15.848220825195312,-2.178683027062232,-18.026903852257544,0,0,0.1
core_neuralprophet_frozen_s2026,neuralprophet,frozen,selected,2026,4,2025-02-03 01:00:00,2025-02-06 10:00:00,82,7.78,True,True,-18.467681884765625,-2.178683027062232,-20.646364911827856,0,0,0.1
core_neuralprophet_frozen_s2026,neuralprophet,frozen,selected,2026,4,2025-02-03 01:00:00,2025-02-06 11:00:00,83,9.8,True,True,-35.216739654541016,-2.178683027062232,-37.39542268160325,0,0,0.1
core_neuralprophet_frozen_s2026,neuralprophet,frozen,selected,2026,4,2025-02-03 01:00:00,2025-02-06 12:00:00,84,11.15,True,True,-26.180265426635746,-2.178683027062232,-28.358948453697977,0,0,0.1
core_neuralprophet_frozen_s2026,neuralprophet,frozen,selected,2026,4,2025-02-03 01:00:00,2025-02-06 13:00:00,85,11.4,True,True,-30.96080207824707,-2.178683027062232,-33.139485105309305,0,0,0.1
core_neuralprophet_frozen_s2026,neuralprophet,frozen,selected,2026,4,2025-02-03 01:00:00,2025-02-06 14:00:00,86,12.78,True,True,-26.258493423461918,-2.178683027062232,-28.43717645052415,0,0,0.1
core_neuralprophet_frozen_s2026,neuralprophet,frozen,selected,2026,4,2025-02-03 01:00:00,2025-02-06 15:00:00,87,11.88,True,True,-24.143775939941406,-2.178683027062232,-26.322458967003637,0,0,0.1
core_neuralprophet_frozen_s2026,neuralprophet,frozen,selected,2026,4,2025-02-03 01:00:00,2025-02-06 16:00:00,88,7.67,True,True,-22.587059020996094,-2.178683027062232,-24.765742048058325,0,0,0.1
core_neuralprophet_frozen_s2026,neuralprophet,frozen,selected,2026,4,2025-02-03 01:00:00,2025-02-06 17:00:00,89,6.63,True,True,-35.036338806152344,-2.178683027062232,-37.21502183321458,0,0,0.1
core_neuralprophet_frozen_s2026,neuralprophet,frozen,selected,2026,4,2025-02-03 01:00:00,2025-02-06 18:00:00,90,6.79,True,True,-18.55367088317871,-2.178683027062232,-20.732353910240942,0,0,0.1
core_neuralprophet_frozen_s2026,neuralprophet,frozen,selected,2026,4,2025-02-03 01:00:00,2025-02-06 19:00:00,91,7.07,True,True,-27.64579200744629,-2.178683027062232,-29.82447503450852,0,0,0.1
core_neuralprophet_frozen_s2026,neuralprophet,frozen,selected,2026,4,2025-02-03 01:00:00,2025-02-06 20:00:00,92,7.5,True,True,-24.236040115356445,-2.178683027062232,-26.414723142418676,0,0,0.1
core_neuralprophet_frozen_s2026,neuralprophet,frozen,selected,2026,4,2025-02-03 01:00:00,2025-02-06 21:00:00,93,8.33,True,True,-22.880868911743164,-2.178683027062232,-25.059551938805395,0,0,0.1
core_neuralprophet_frozen_s2026,neuralprophet,frozen,selected,2026,4,2025-02-03 01:00:00,2025-02-06 22:00:00,94,10.64,True,True,-8.445082664489746,-2.178683027062232,-10.623765691551977,0,0,0.1
core_neuralprophet_frozen_s2026,neuralprophet,frozen,selected,2026,4,2025-02-03 01:00:00,2025-02-06 23:00:00,95,20.72,True,True,0.0899885892868042,-2.178683027062232,-2.0886944377754277,0,0,0.1
core_neuralprophet_frozen_s2026,neuralprophet,frozen,selected,2026,4,2025-02-03 01:00:00,2025-02-07 00:00:00,96,29.32,True,True,13.800370216369627,-2.178683027062232,11.621687189307394,0,0,0.1
core_neuralprophet_frozen_s2026,neuralprophet,frozen,selected,2026,4,2025-02-03 01:00:00,2025-02-07 01:00:00,97,32.32,True,True,15.915581703186035,-2.178683027062232,13.736898676123804,0,0,0.1
core_neuralprophet_frozen_s2026,neuralprophet,frozen,selected,2026,4,2025-02-03 01:00:00,2025-02-07 02:00:00,98,29.48,True,True,9.503772735595703,-2.178683027062232,7.325089708533471,0,0,0.1
core_neuralprophet_frozen_s2026,neuralprophet,frozen,selected,2026,4,2025-02-03 01:00:00,2025-02-07 03:00:00,99,23.51,True,True,9.387359619140623,-2.178683027062232,7.208676592078391,0,0,0.1
core_neuralprophet_frozen_s2026,neuralprophet,frozen,selected,2026,4,2025-02-03 01:00:00,2025-02-07 04:00:00,100,18.96,True,True,19.02495002746582,-2.178683027062232,16.84626700040359,0,0,0.1
core_neuralprophet_frozen_s2026,neuralprophet,frozen,selected,2026,4,2025-02-03 01:00:00,2025-02-07 05:00:00,101,18.04,True,True,27.004106521606445,-2.178683027062232,24.825423494544214,0,0,0.1
core_neuralprophet_frozen_s2026,neuralprophet,frozen,selected,2026,4,2025-02-03 01:00:00,2025-02-07 06:00:00,102,17.96,True,True,31.96958351135254,-2.178683027062232,29.790900484290308,0,0,0.1
core_neuralprophet_frozen_s2026,neuralprophet,frozen,selected,2026,4,2025-02-03 01:00:00,2025-02-07 07:00:00,103,18.43,True,True,12.331127166748049,-2.178683027062232,10.152444139685816,0,0,0.1
core_neuralprophet_frozen_s2026,neuralprophet,frozen,selected,2026,4,2025-02-03 01:00:00,2025-02-07 08:00:00,104,21.77,True,True,40.13935470581055,-2.178683027062232,37.96067167874831,0,0,0.1
core_neuralprophet_frozen_s2026,neuralprophet,frozen,selected,2026,4,2025-02-03 01:00:00,2025-02-07 09:00:00,105,25.12,True,True,47.28093719482422,-2.178683027062232,45.102254167761984,0,0,0.1
core_neuralprophet_frozen_s2026,neuralprophet,frozen,selected,2026,4,2025-02-03 01:00:00,2025-02-07 10:00:00,106,27.92,True,True,45.51409530639648,-2.178683027062232,43.33541227933424,0,0,0.1
core_neuralprophet_frozen_s2026,neuralprophet,frozen,selected,2026,4,2025-02-03 01:00:00,2025-02-07 11:00:00,107,32.41,True,True,43.18880462646485,-2.178683027062232,41.010121599402616,0,0,0.1
core_neuralprophet_frozen_s2026,neuralprophet,frozen,selected,2026,4,2025-02-03 01:00:00,2025-02-07 12:00:00,108,35.77,True,True,39.4815788269043,-2.178683027062232,37.30289579984206,0,0,0.1
core_neuralprophet_frozen_s2026,neuralprophet,frozen,selected,2026,4,2025-02-03 01:00:00,2025-02-07 13:00:00,109,35.92,True,True,48.0236701965332,-2.178683027062232,45.84498716947097,0,0,0.1
core_neuralprophet_frozen_s2026,neuralprophet,frozen,selected,2026,4,2025-02-03 01:00:00,2025-02-07 14:00:00,110,37.64,True,True,40.56463623046875,-2.178683027062232,38.385953203406515,0,0,0.1
core_neuralprophet_frozen_s2026,neuralprophet,frozen,selected,2026,4,2025-02-03 01:00:00,2025-02-07 15:00:00,111,34.69,True,True,36.327030181884766,-2.178683027062232,34.14834715482253,0,0,0.1
core_neuralprophet_frozen_s2026,neuralprophet,frozen,selected,2026,4,2025-02-03 01:00:00,2025-02-07 16:00:00,112,26.77,True,True,24.02140998840332,-2.178683027062232,21.84272696134109,0,0,0.1
core_neuralprophet_frozen_s2026,neuralprophet,frozen,selected,2026,4,2025-02-03 01:00:00,2025-02-07 17:00:00,113,22.49,True,True,10.829397201538086,-2.178683027062232,8.650714174475855,0,0,0.1
core_neuralprophet_frozen_s2026,neuralprophet,frozen,selected,2026,4,2025-02-03 01:00:00,2025-02-07 18:00:00,114,21.77,True,True,9.524826049804688,-2.178683027062232,7.346143022742456,0,0,0.1
core_neuralprophet_frozen_s2026,neuralprophet,frozen,selected,2026,4,2025-02-03 01:00:00,2025-02-07 19:00:00,115,22.34,True,True,14.910588264465332,-2.178683027062232,12.731905237403101,0,0,0.1
core_neuralprophet_frozen_s2026,neuralprophet,frozen,selected,2026,4,2025-02-03 01:00:00,2025-02-07 20:00:00,116,22.08,True,True,16.849777221679688,-2.178683027062232,14.671094194617456,0,0,0.1
core_neuralprophet_frozen_s2026,neuralprophet,frozen,selected,2026,4,2025-02-03 01:00:00,2025-02-07 21:00:00,117,21.78,True,True,13.944317817687988,-2.178683027062232,11.765634790625757,0,0,0.1
core_neuralprophet_frozen_s2026,neuralprophet,frozen,selected,2026,4,2025-02-03 01:00:00,2025-02-07 22:00:00,118,23.04,True,True,10.114239692687988,-2.178683027062232,7.935556665625756,0,0,0.1
core_neuralprophet_frozen_s2026,neuralprophet,frozen,selected,2026,4,2025-02-03 01:00:00,2025-02-07 23:00:00,119,33.25,True,True,13.91765022277832,-2.178683027062232,11.73896719571609,0,0,0.1
core_neuralprophet_frozen_s2026,neuralprophet,frozen,selected,2026,4,2025-02-03 01:00:00,2025-02-08 00:00:00,120,43.78,True,True,40.300270080566406,-2.178683027062232,38.12158705350417,0,0,0.1
core_neuralprophet_frozen_s2026,neuralprophet,frozen,selected,2026,4,2025-02-03 01:00:00,2025-02-08 01:00:00,121,47.44,True,True,41.303653717041016,-2.178683027062232,39.12497068997878,0,0,0.1
core_neuralprophet_frozen_s2026,neuralprophet,frozen,selected,2026,4,2025-02-03 01:00:00,2025-02-08 02:00:00,122,44.33,True,True,27.0015869140625,-2.178683027062232,24.82290388700027,0,0,0.1
core_neuralprophet_frozen_s2026,neuralprophet,frozen,selected,2026,4,2025-02-03 01:00:00,2025-02-08 03:00:00,123,37.35,True,True,21.328052520751957,-2.178683027062232,19.149369493689726,0,0,0.1
core_neuralprophet_frozen_s2026,neuralprophet,frozen,selected,2026,4,2025-02-03 01:00:00,2025-02-08 04:00:00,124,27.41,True,True,21.101295471191406,-2.178683027062232,18.922612444129175,0,0,0.1
core_neuralprophet_frozen_s2026,neuralprophet,frozen,selected,2026,4,2025-02-03 01:00:00,2025-02-08 05:00:00,125,22.84,True,True,17.83355140686035,-2.178683027062232,15.65486837979812,0,0,0.1
core_neuralprophet_frozen_s2026,neuralprophet,frozen,selected,2026,4,2025-02-03 01:00:00,2025-02-08 06:00:00,126,22.17,True,True,25.40858459472656,-2.178683027062232,23.229901567664328,0,0,0.1
core_neuralprophet_frozen_s2026,neuralprophet,frozen,selected,2026,4,2025-02-03 01:00:00,2025-02-08 07:00:00,127,23.37,True,True,24.771160125732425,-2.178683027062232,22.592477098670194,0,0,0.1
core_neuralprophet_frozen_s2026,neuralprophet,frozen,selected,2026,4,2025-02-03 01:00:00,2025-02-08 08:00:00,128,29.47,True,True,42.8343620300293,-2.178683027062232,40.65567900296706,0,0,0.1
core_neuralprophet_frozen_s2026,neuralprophet,frozen,selected,2026,4,2025-02-03 01:00:00,2025-02-08 09:00:00,129,38.82,True,True,53.152042388916016,-2.178683027062232,50.97335936185378,0,0,0.1
core_neuralprophet_frozen_s2026,neuralprophet,frozen,selected,2026,4,2025-02-03 01:00:00,2025-02-08 10:00:00,130,58.71,True,True,86.15965270996094,-2.178683027062232,83.9809696828987,0,0,0.1
core_neuralprophet_frozen_s2026,neuralprophet,frozen,selected,2026,4,2025-02-03 01:00:00,2025-02-08 11:00:00,131,96.73,True,True,130.97247314453125,-2.178683027062232,128.79379011746903,0,0,0.1
core_neuralprophet_frozen_s2026,neuralprophet,frozen,selected,2026,4,2025-02-03 01:00:00,2025-02-08 12:00:00,132,135.39,True,True,160.92323303222656,-2.178683027062232,158.74455000516434,0,0,0.1
core_neuralprophet_frozen_s2026,neuralprophet,frozen,selected,2026,4,2025-02-03 01:00:00,2025-02-08 13:00:00,133,193.36,True,True,208.32847595214844,-2.178683027062232,206.14979292508622,0,0,0.1
core_neuralprophet_frozen_s2026,neuralprophet,frozen,selected,2026,4,2025-02-03 01:00:00,2025-02-08 14:00:00,134,264.03,True,True,277.0604248046875,-2.178683027062232,274.8817417776253,0,0,0.1
core_neuralprophet_frozen_s2026,neuralprophet,frozen,selected,2026,4,2025-02-03 01:00:00,2025-02-08 15:00:00,135,279.81,True,True,287.4677429199219,-2.178683027062232,285.28905989285965,0,0,0.1
core_neuralprophet_frozen_s2026,neuralprophet,frozen,selected,2026,4,2025-02-03 01:00:00,2025-02-08 16:00:00,136,247.96,True,True,252.94091796875,-2.178683027062232,250.76223494168778,0,0,0.1
core_neuralprophet_frozen_s2026,neuralprophet,frozen,selected,2026,4,2025-02-03 01:00:00,2025-02-08 17:00:00,137,205.0,True,True,215.84158325195312,-2.178683027062232,213.6629002248909,0,0,0.1
core_neuralprophet_frozen_s2026,neuralprophet,frozen,selected,2026,4,2025-02-03 01:00:00,2025-02-08 18:00:00,138,167.87,True,True,172.37879943847656,-2.178683027062232,170.20011641141434,0,0,0.1
core_neuralprophet_frozen_s2026,neuralprophet,frozen,selected,2026,4,2025-02-03 01:00:00,2025-02-08 19:00:00,139,142.96,True,True,161.39962768554688,-2.178683027062232,159.22094465848465,0,0,0.1
core_neuralprophet_frozen_s2026,neuralprophet,frozen,selected,2026,4,2025-02-03 01:00:00,2025-02-08 20:00:00,140,128.73,True,True,135.79959106445312,-2.178683027062232,133.6209080373909,0,0,0.1
core_neuralprophet_frozen_s2026,neuralprophet,frozen,selected,2026,4,2025-02-03 01:00:00,2025-02-08 21:00:00,141,119.93,True,True,112.25605010986328,-2.178683027062232,110.07736708280105,0,0,0.1
core_neuralprophet_frozen_s2026,neuralprophet,frozen,selected,2026,4,2025-02-03 01:00:00,2025-02-08 22:00:00,142,113.39,True,True,109.1643524169922,-2.178683027062232,106.98566938992997,0,0,0.1
core_neuralprophet_frozen_s2026,neuralprophet,frozen,selected,2026,4,2025-02-03 01:00:00,2025-02-08 23:00:00,143,154.0,True,True,137.42593383789062,-2.178683027062232,135.2472508108284,0,0,0.1
core_neuralprophet_frozen_s2026,neuralprophet,frozen,selected,2026,4,2025-02-03 01:00:00,2025-02-09 00:00:00,144,209.21,True,True,193.30093383789065,-2.178683027062232,191.12225081082843,0,0,0.1
core_neuralprophet_frozen_s2026,neuralprophet,frozen,selected,2026,4,2025-02-03 01:00:00,2025-02-09 01:00:00,145,233.85,True,True,224.97119140625,-2.178683027062232,222.79250837918778,0,0,0.1
core_neuralprophet_frozen_s2026,neuralprophet,frozen,selected,2026,4,2025-02-03 01:00:00,2025-02-09 02:00:00,146,240.34,True,True,234.7705841064453,-2.178683027062232,232.5919010793831,0,0,0.1
core_neuralprophet_frozen_s2026,neuralprophet,frozen,selected,2026,4,2025-02-03 01:00:00,2025-02-09 03:00:00,147,231.36,True,True,238.46588134765625,-2.178683027062232,236.28719832059403,0,0,0.1
core_neuralprophet_frozen_s2026,neuralprophet,frozen,selected,2026,4,2025-02-03 01:00:00,2025-02-09 04:00:00,148,118.64,True,True,114.37477111816406,-2.178683027062232,112.19608809110183,0,0,0.1
core_neuralprophet_frozen_s2026,neuralprophet,frozen,selected,2026,4,2025-02-03 01:00:00,2025-02-09 05:00:00,149,129.29,True,True,126.59054565429688,-2.178683027062232,124.41186262723464,0,0,0.1
core_neuralprophet_frozen_s2026,neuralprophet,frozen,selected,2026,4,2025-02-03 01:00:00,2025-02-09 06:00:00,150,137.33,True,True,128.69241333007812,-2.178683027062232,126.51373030301589,0,0,0.1
core_neuralprophet_frozen_s2026,neuralprophet,frozen,selected,2026,4,2025-02-03 01:00:00,2025-02-09 07:00:00,151,107.98,True,True,98.1424560546875,-2.178683027062232,95.96377302762527,0,0,0.1
core_neuralprophet_frozen_s2026,neuralprophet,frozen,selected,2026,4,2025-02-03 01:00:00,2025-02-09 08:00:00,152,103.34,True,True,110.19419860839844,-2.178683027062232,108.0155155813362,0,0,0.1
core_neuralprophet_frozen_s2026,neuralprophet,frozen,selected,2026,4,2025-02-03 01:00:00,2025-02-09 09:00:00,153,106.99,True,True,122.9743881225586,-2.178683027062232,120.79570509549636,0,0,0.1
core_neuralprophet_frozen_s2026,neuralprophet,frozen,selected,2026,4,2025-02-03 01:00:00,2025-02-09 10:00:00,154,145.51,True,True,163.68739318847656,-2.178683027062232,161.50871016141434,0,0,0.1
core_neuralprophet_frozen_s2026,neuralprophet,frozen,selected,2026,4,2025-02-03 01:00:00,2025-02-09 11:00:00,155,245.04,True,True,263.8070678710937,-2.178683027062232,261.6283848440315,0,0,0.1
core_neuralprophet_frozen_s2026,neuralprophet,frozen,selected,2026,4,2025-02-03 01:00:00,2025-02-09 12:00:00,156,367.71,True,True,411.33099365234375,-2.178683027062232,409.15231062528153,0,0,0.1
core_neuralprophet_frozen_s2026,neuralprophet,frozen,selected,2026,4,2025-02-03 01:00:00,2025-02-09 13:00:00,157,478.18,True,True,517.6826171875,-2.178683027062232,515.5039341604378,0,0,0.1
core_neuralprophet_frozen_s2026,neuralprophet,frozen,selected,2026,4,2025-02-03 01:00:00,2025-02-09 14:00:00,158,581.23,True,True,617.6848754882812,-2.178683027062232,615.506192461219,0,0,0.1
core_neuralprophet_frozen_s2026,neuralprophet,frozen,selected,2026,4,2025-02-03 01:00:00,2025-02-09 15:00:00,159,633.46,True,True,668.8641967773438,-2.178683027062232,666.6855137502815,0,0,0.1
core_neuralprophet_frozen_s2026,neuralprophet,frozen,selected,2026,4,2025-02-03 01:00:00,2025-02-09 16:00:00,160,613.53,True,True,630.4695434570312,-2.178683027062232,628.290860429969,0,0,0.1
core_neuralprophet_frozen_s2026,neuralprophet,frozen,selected,2026,4,2025-02-03 01:00:00,2025-02-09 17:00:00,161,579.65,True,True,612.2403564453125,-2.178683027062232,610.0616734182503,0,0,0.1
core_neuralprophet_frozen_s2026,neuralprophet,frozen,selected,2026,4,2025-02-03 01:00:00,2025-02-09 18:00:00,162,554.04,True,True,567.826904296875,-2.178683027062232,565.6482212698128,0,0,0.1
core_neuralprophet_frozen_s2026,neuralprophet,frozen,selected,2026,4,2025-02-03 01:00:00,2025-02-09 19:00:00,163,525.21,True,True,533.3998413085938,-2.178683027062232,531.2211582815315,0,0,0.1
core_neuralprophet_frozen_s2026,neuralprophet,frozen,selected,2026,4,2025-02-03 01:00:00,2025-02-09 20:00:00,164,496.94,True,True,512.986572265625,-2.178683027062232,510.8078892385628,0,0,0.1
core_neuralprophet_frozen_s2026,neuralprophet,frozen,selected,2026,4,2025-02-03 01:00:00,2025-02-09 21:00:00,165,457.38,True,True,466.4442443847656,-2.178683027062232,464.2655613577034,0,0,0.1
core_neuralprophet_frozen_s2026,neuralprophet,frozen,selected,2026,4,2025-02-03 01:00:00,2025-02-09 22:00:00,166,409.27,True,True,409.6448364257813,-2.178683027062232,407.4661533987191,0,0,0.1
core_neuralprophet_frozen_s2026,neuralprophet,frozen,selected,2026,4,2025-02-03 01:00:00,2025-02-09 23:00:00,167,449.44,True,True,443.1784362792969,-2.178683027062232,440.99975325223465,0,0,0.1
core_neuralprophet_frozen_s2026,neuralprophet,frozen,selected,2026,4,2025-02-03 01:00:00,2025-02-10 00:00:00,168,551.24,True,True,544.9053955078125,-2.178683027062232,542.7267124807503,0,0,0.1
core_neuralprophet_frozen_s2026,neuralprophet,frozen,selected,2026,5,2025-02-10 01:00:00,2025-02-10 01:00:00,1,635.49,True,True,646.025634765625,-1.4794098505562987,644.5462249150687,0,0,0.1
core_neuralprophet_frozen_s2026,neuralprophet,frozen,selected,2026,5,2025-02-10 01:00:00,2025-02-10 02:00:00,2,662.88,True,True,703.7406616210938,-1.4794098505562987,702.2612517705375,0,0,0.1
core_neuralprophet_frozen_s2026,neuralprophet,frozen,selected,2026,5,2025-02-10 01:00:00,2025-02-10 03:00:00,3,601.67,True,True,651.9134521484375,-1.4794098505562987,650.4340422978812,0,0,0.1
core_neuralprophet_frozen_s2026,neuralprophet,frozen,selected,2026,5,2025-02-10 01:00:00,2025-02-10 04:00:00,4,290.33,True,True,265.1427001953125,-1.4794098505562987,263.6632903447562,0,0,0.1
core_neuralprophet_frozen_s2026,neuralprophet,frozen,selected,2026,5,2025-02-10 01:00:00,2025-02-10 05:00:00,5,302.77,True,True,255.28126525878903,-1.4794098505562987,253.80185540823274,0,0,0.1
core_neuralprophet_frozen_s2026,neuralprophet,frozen,selected,2026,5,2025-02-10 01:00:00,2025-02-10 06:00:00,6,339.38,True,True,273.0797424316406,-1.4794098505562987,271.60033258108433,0,0,0.1
core_neuralprophet_frozen_s2026,neuralprophet,frozen,selected,2026,5,2025-02-10 01:00:00,2025-02-10 07:00:00,7,406.0,True,True,333.2357482910156,-1.4794098505562987,331.75633844045933,0,0,0.1
core_neuralprophet_frozen_s2026,neuralprophet,frozen,selected,2026,5,2025-02-10 01:00:00,2025-02-10 08:00:00,8,516.75,True,True,445.5125732421875,-1.4794098505562987,444.0331633916312,0,0,0.1
core_neuralprophet_frozen_s2026,neuralprophet,frozen,selected,2026,5,2025-02-10 01:00:00,2025-02-10 09:00:00,9,617.3,True,True,549.9170532226562,-1.4794098505562987,548.4376433721,0,0,0.1
core_neuralprophet_frozen_s2026,neuralprophet,frozen,selected,2026,5,2025-02-10 01:00:00,2025-02-10 10:00:00,10,717.42,True,True,655.1427612304688,-1.4794098505562987,653.6633513799125,0,0,0.1
core_neuralprophet_frozen_s2026,neuralprophet,frozen,selected,2026,5,2025-02-10 01:00:00,2025-02-10 11:00:00,11,869.12,True,True,841.9628295898438,-1.4794098505562987,840.4834197392875,0,0,0.1
core_neuralprophet_frozen_s2026,neuralprophet,frozen,selected,2026,5,2025-02-10 01:00:00,2025-02-10 12:00:00,12,1031.66,True,True,1027.4873046875,-1.4794098505562987,1026.0078948369437,0,0,0.1
core_neuralprophet_frozen_s2026,neuralprophet,frozen,selected,2026,5,2025-02-10 01:00:00,2025-02-10 13:00:00,13,1143.06,True,True,1167.107177734375,-1.4794098505562987,1165.6277678838187,0,0,0.1
core_neuralprophet_frozen_s2026,neuralprophet,frozen,selected,2026,5,2025-02-10 01:00:00,2025-02-10 14:00:00,14,1191.71,True,True,1230.7239990234375,-1.4794098505562987,1229.2445891728812,0,0,0.1
core_neuralprophet_frozen_s2026,neuralprophet,frozen,selected,2026,5,2025-02-10 01:00:00,2025-02-10 15:00:00,15,1179.11,True,True,1216.77294921875,-1.4794098505562987,1215.2935393681937,0,0,0.1
core_neuralprophet_frozen_s2026,neuralprophet,frozen,selected,2026,5,2025-02-10 01:00:00,2025-02-10 16:00:00,16,1071.85,True,True,1107.477783203125,-1.4794098505562987,1105.9983733525687,0,0,0.1
core_neuralprophet_frozen_s2026,neuralprophet,frozen,selected,2026,5,2025-02-10 01:00:00,2025-02-10 17:00:00,17,907.42,True,True,934.0480346679688,-1.4794098505562987,932.5686248174125,0,0,0.1
core_neuralprophet_frozen_s2026,neuralprophet,frozen,selected,2026,5,2025-02-10 01:00:00,2025-02-10 18:00:00,18,726.65,True,True,746.027099609375,-1.4794098505562987,744.5476897588187,0,0,0.1
core_neuralprophet_frozen_s2026,neuralprophet,frozen,selected,2026,5,2025-02-10 01:00:00,2025-02-10 19:00:00,19,601.12,True,True,598.540283203125,-1.4794098505562987,597.0608733525687,0,0,0.1
core_neuralprophet_frozen_s2026,neuralprophet,frozen,selected,2026,5,2025-02-10 01:00:00,2025-02-10 20:00:00,20,541.5,True,True,511.3258666992188,-1.4794098505562987,509.8464568486625,0,0,0.1
core_neuralprophet_frozen_s2026,neuralprophet,frozen,selected,2026,5,2025-02-10 01:00:00,2025-02-10 21:00:00,21,506.36,True,True,474.7230529785156,-1.4794098505562987,473.24364312795933,0,0,0.1
core_neuralprophet_frozen_s2026,neuralprophet,frozen,selected,2026,5,2025-02-10 01:00:00,2025-02-10 22:00:00,22,473.64,True,True,439.2442626953125,-1.4794098505562987,437.7648528447562,0,0,0.1
core_neuralprophet_frozen_s2026,neuralprophet,frozen,selected,2026,5,2025-02-10 01:00:00,2025-02-10 23:00:00,23,531.73,True,True,485.8996276855469,-1.4794098505562987,484.4202178349906,0,0,0.1
core_neuralprophet_frozen_s2026,neuralprophet,frozen,selected,2026,5,2025-02-10 01:00:00,2025-02-11 00:00:00,24,663.85,True,True,620.8755493164062,-1.4794098505562987,619.39613946585,0,0,0.1
core_neuralprophet_frozen_s2026,neuralprophet,frozen,selected,2026,5,2025-02-10 01:00:00,2025-02-11 01:00:00,25,749.47,True,True,716.0752563476562,-1.4794098505562987,714.5958464971,0,0,0.1
core_neuralprophet_frozen_s2026,neuralprophet,frozen,selected,2026,5,2025-02-10 01:00:00,2025-02-11 02:00:00,26,739.69,True,True,737.9080200195312,-1.4794098505562987,736.428610168975,0,0,0.1
core_neuralprophet_frozen_s2026,neuralprophet,frozen,selected,2026,5,2025-02-10 01:00:00,2025-02-11 03:00:00,27,642.49,True,True,644.5265502929688,-1.4794098505562987,643.0471404424125,0,0,0.1
core_neuralprophet_frozen_s2026,neuralprophet,frozen,selected,2026,5,2025-02-10 01:00:00,2025-02-11 04:00:00,28,315.67,True,True,283.2841796875,-1.4794098505562987,281.8047698369437,0,0,0.1
core_neuralprophet_frozen_s2026,neuralprophet,frozen,selected,2026,5,2025-02-10 01:00:00,2025-02-11 05:00:00,29,262.21,True,True,228.58392333984372,-1.4794098505562987,227.10451348928743,0,0,0.1
core_neuralprophet_frozen_s2026,neuralprophet,frozen,selected,2026,5,2025-02-10 01:00:00,2025-02-11 06:00:00,30,250.89,True,True,192.8302459716797,-1.4794098505562987,191.3508361211234,0,0,0.1
core_neuralprophet_frozen_s2026,neuralprophet,frozen,selected,2026,5,2025-02-10 01:00:00,2025-02-11 07:00:00,31,320.72,True,True,263.4759826660156,-1.4794098505562987,261.99657281545933,0,0,0.1
core_neuralprophet_frozen_s2026,neuralprophet,frozen,selected,2026,5,2025-02-10 01:00:00,2025-02-11 08:00:00,32,452.98,True,True,417.17486572265625,-1.4794098505562987,415.69545587209996,0,0,0.1
core_neuralprophet_frozen_s2026,neuralprophet,frozen,selected,2026,5,2025-02-10 01:00:00,2025-02-11 09:00:00,33,586.34,True,True,532.5833740234375,-1.4794098505562987,531.1039641728812,0,0,0.1
core_neuralprophet_frozen_s2026,neuralprophet,frozen,selected,2026,5,2025-02-10 01:00:00,2025-02-11 10:00:00,34,677.63,True,True,634.90771484375,-1.4794098505562987,633.4283049931937,0,0,0.1
core_neuralprophet_frozen_s2026,neuralprophet,frozen,selected,2026,5,2025-02-10 01:00:00,2025-02-11 11:00:00,35,713.13,True,True,657.9440307617188,-1.4794098505562987,656.4646209111625,0,0,0.1
core_neuralprophet_frozen_s2026,neuralprophet,frozen,selected,2026,5,2025-02-10 01:00:00,2025-02-11 12:00:00,36,705.1,True,True,676.5782470703125,-1.4794098505562987,675.0988372197562,0,0,0.1
core_neuralprophet_frozen_s2026,neuralprophet,frozen,selected,2026,5,2025-02-10 01:00:00,2025-02-11 13:00:00,37,627.26,True,True,608.9853515625,-1.4794098505562987,607.5059417119437,0,0,0.1
core_neuralprophet_frozen_s2026,neuralprophet,frozen,selected,2026,5,2025-02-10 01:00:00,2025-02-11 14:00:00,38,470.38,True,True,494.4691162109375,-1.4794098505562987,492.9897063603812,0,0,0.1
core_neuralprophet_frozen_s2026,neuralprophet,frozen,selected,2026,5,2025-02-10 01:00:00,2025-02-11 15:00:00,39,215.79,True,True,269.1922912597656,-1.4794098505562987,267.71288140920933,0,0,0.1
core_neuralprophet_frozen_s2026,neuralprophet,frozen,selected,2026,5,2025-02-10 01:00:00,2025-02-11 16:00:00,40,18.95,True,True,6.912876605987549,-1.4794098505562987,5.43346675543125,0,0,0.1
core_neuralprophet_frozen_s2026,neuralprophet,frozen,selected,2026,5,2025-02-10 01:00:00,2025-02-11 17:00:00,41,11.92,True,True,-22.185970306396484,-1.4794098505562987,-23.665380156952782,0,0,0.1
core_neuralprophet_frozen_s2026,neuralprophet,frozen,selected,2026,5,2025-02-10 01:00:00,2025-02-11 18:00:00,42,14.17,True,True,-20.40307235717773,-1.4794098505562987,-21.88248220773403,0,0,0.1
core_neuralprophet_frozen_s2026,neuralprophet,frozen,selected,2026,5,2025-02-10 01:00:00,2025-02-11 19:00:00,43,15.89,True,True,-12.078207015991213,-1.4794098505562987,-13.557616866547512,0,0,0.1
core_neuralprophet_frozen_s2026,neuralprophet,frozen,selected,2026,5,2025-02-10 01:00:00,2025-02-11 20:00:00,44,18.23,True,True,-8.341548919677734,-1.4794098505562987,-9.820958770234032,0,0,0.1
core_neuralprophet_frozen_s2026,neuralprophet,frozen,selected,2026,5,2025-02-10 01:00:00,2025-02-11 21:00:00,45,20.58,True,True,-3.938899755477905,-1.4794098505562987,-5.418309606034203,0,0,0.1
core_neuralprophet_frozen_s2026,neuralprophet,frozen,selected,2026,5,2025-02-10 01:00:00,2025-02-11 22:00:00,46,24.3,True,True,0.6344062089920044,-1.4794098505562987,-0.8450036415642943,0,0,0.1
core_neuralprophet_frozen_s2026,neuralprophet,frozen,selected,2026,5,2025-02-10 01:00:00,2025-02-11 23:00:00,47,39.89,True,True,29.02507209777832,-1.4794098505562987,27.545662247222023,0,0,0.1
core_neuralprophet_frozen_s2026,neuralprophet,frozen,selected,2026,5,2025-02-10 01:00:00,2025-02-12 00:00:00,48,56.98,True,True,68.91497802734375,-1.4794098505562987,67.43556817678746,0,0,0.1
core_neuralprophet_frozen_s2026,neuralprophet,frozen,selected,2026,5,2025-02-10 01:00:00,2025-02-12 01:00:00,49,62.72,True,True,68.48672485351562,-1.4794098505562987,67.00731500295933,0,0,0.1
core_neuralprophet_frozen_s2026,neuralprophet,frozen,selected,2026,5,2025-02-10 01:00:00,2025-02-12 02:00:00,50,56.6,True,True,51.82162857055664,-1.4794098505562987,50.34221872000034,0,0,0.1
core_neuralprophet_frozen_s2026,neuralprophet,frozen,selected,2026,5,2025-02-10 01:00:00,2025-02-12 03:00:00,51,45.53,True,True,35.05854034423828,-1.4794098505562987,33.57913049368198,0,0,0.1
core_neuralprophet_frozen_s2026,neuralprophet,frozen,selected,2026,5,2025-02-10 01:00:00,2025-02-12 04:00:00,52,23.48,True,True,11.560736656188965,-1.4794098505562987,10.081326805632667,0,0,0.1
core_neuralprophet_frozen_s2026,neuralprophet,frozen,selected,2026,5,2025-02-10 01:00:00,2025-02-12 05:00:00,53,16.52,True,True,16.313491821289062,-1.4794098505562987,14.834081970732765,0,0,0.1
core_neuralprophet_frozen_s2026,neuralprophet,frozen,selected,2026,5,2025-02-10 01:00:00,2025-02-12 06:00:00,54,13.75,True,True,0.9019914865493774,-1.4794098505562987,-0.5774183640069213,0,0,0.1
core_neuralprophet_frozen_s2026,neuralprophet,frozen,selected,2026,5,2025-02-10 01:00:00,2025-02-12 07:00:00,55,14.99,True,True,6.321563243865967,-1.4794098505562987,4.842153393309668,0,0,0.1
core_neuralprophet_frozen_s2026,neuralprophet,frozen,selected,2026,5,2025-02-10 01:00:00,2025-02-12 08:00:00,56,21.26,True,True,19.97064208984375,-1.4794098505562987,18.491232239287452,0,0,0.1
core_neuralprophet_frozen_s2026,neuralprophet,frozen,selected,2026,5,2025-02-10 01:00:00,2025-02-12 09:00:00,57,28.82,True,True,31.502487182617188,-1.4794098505562987,30.02307733206089,0,0,0.1
core_neuralprophet_frozen_s2026,neuralprophet,frozen,selected,2026,5,2025-02-10 01:00:00,2025-02-12 10:00:00,58,73.65,True,True,106.74679565429688,-1.4794098505562987,105.26738580374058,0,0,0.1
core_neuralprophet_frozen_s2026,neuralprophet,frozen,selected,2026,5,2025-02-10 01:00:00,2025-02-12 11:00:00,59,181.58,True,True,201.29026794433597,-1.4794098505562987,199.81085809377967,0,0,0.1
core_neuralprophet_frozen_s2026,neuralprophet,frozen,selected,2026,5,2025-02-10 01:00:00,2025-02-12 12:00:00,60,309.55,True,True,323.1338806152344,-1.4794098505562987,321.6544707646781,0,0,0.1
core_neuralprophet_frozen_s2026,neuralprophet,frozen,selected,2026,5,2025-02-10 01:00:00,2025-02-12 13:00:00,61,419.08,True,True,424.7066345214844,-1.4794098505562987,423.2272246709281,0,0,0.1
core_neuralprophet_frozen_s2026,neuralprophet,frozen,selected,2026,5,2025-02-10 01:00:00,2025-02-12 14:00:00,62,519.36,True,True,514.9961547851562,-1.4794098505562987,513.5167449346,0,0,0.1
core_neuralprophet_frozen_s2026,neuralprophet,frozen,selected,2026,5,2025-02-10 01:00:00,2025-02-12 15:00:00,63,561.9,True,True,562.0587768554688,-1.4794098505562987,560.5793670049125,0,0,0.1
core_neuralprophet_frozen_s2026,neuralprophet,frozen,selected,2026,5,2025-02-10 01:00:00,2025-02-12 16:00:00,64,509.36,True,True,512.5196533203125,-1.4794098505562987,511.0402434697562,0,0,0.1
core_neuralprophet_frozen_s2026,neuralprophet,frozen,selected,2026,5,2025-02-10 01:00:00,2025-02-12 17:00:00,65,433.93,True,True,452.39111328125,-1.4794098505562987,450.9117034306937,0,0,0.1
core_neuralprophet_frozen_s2026,neuralprophet,frozen,selected,2026,5,2025-02-10 01:00:00,2025-02-12 18:00:00,66,378.96,True,True,405.13812255859375,-1.4794098505562987,403.65871270803746,0,0,0.1
core_neuralprophet_frozen_s2026,neuralprophet,frozen,selected,2026,5,2025-02-10 01:00:00,2025-02-12 19:00:00,67,319.21,True,True,331.8018798828125,-1.4794098505562987,330.3224700322562,0,0,0.1
core_neuralprophet_frozen_s2026,neuralprophet,frozen,selected,2026,5,2025-02-10 01:00:00,2025-02-12 20:00:00,68,275.86,True,True,283.4934387207031,-1.4794098505562987,282.01402887014683,0,0,0.1
core_neuralprophet_frozen_s2026,neuralprophet,frozen,selected,2026,5,2025-02-10 01:00:00,2025-02-12 21:00:00,69,268.02,True,True,257.593505859375,-1.4794098505562987,256.1140960088187,0,0,0.1
core_neuralprophet_frozen_s2026,neuralprophet,frozen,selected,2026,5,2025-02-10 01:00:00,2025-02-12 22:00:00,70,295.94,True,True,281.61541748046875,-1.4794098505562987,280.13600762991246,0,0,0.1
core_neuralprophet_frozen_s2026,neuralprophet,frozen,selected,2026,5,2025-02-10 01:00:00,2025-02-12 23:00:00,71,394.95,True,True,370.79736328125,-1.4794098505562987,369.3179534306937,0,0,0.1
core_neuralprophet_frozen_s2026,neuralprophet,frozen,selected,2026,5,2025-02-10 01:00:00,2025-02-13 00:00:00,72,518.5,True,True,485.7723388671875,-1.4794098505562987,484.2929290166312,0,0,0.1
core_neuralprophet_frozen_s2026,neuralprophet,frozen,selected,2026,5,2025-02-10 01:00:00,2025-02-13 01:00:00,73,627.41,True,True,616.7783813476562,-1.4794098505562987,615.2989714971,0,0,0.1
core_neuralprophet_frozen_s2026,neuralprophet,frozen,selected,2026,5,2025-02-10 01:00:00,2025-02-13 02:00:00,74,706.39,True,True,726.60888671875,-1.4794098505562987,725.1294768681937,0,0,0.1
core_neuralprophet_frozen_s2026,neuralprophet,frozen,selected,2026,5,2025-02-10 01:00:00,2025-02-13 03:00:00,75,733.54,True,True,770.1094360351562,-1.4794098505562987,768.6300261846,0,0,0.1
core_neuralprophet_frozen_s2026,neuralprophet,frozen,selected,2026,5,2025-02-10 01:00:00,2025-02-13 04:00:00,76,407.18,True,True,415.32720947265625,-1.4794098505562987,413.84779962209996,0,0,0.1
core_neuralprophet_frozen_s2026,neuralprophet,frozen,selected,2026,5,2025-02-10 01:00:00,2025-02-13 05:00:00,77,303.7,True,True,294.9377746582031,-1.4794098505562987,293.45836480764683,0,0,0.1
core_neuralprophet_frozen_s2026,neuralprophet,frozen,selected,2026,5,2025-02-10 01:00:00,2025-02-13 06:00:00,78,286.09,True,True,282.0108642578125,-1.4794098505562987,280.5314544072562,0,0,0.1
core_neuralprophet_frozen_s2026,neuralprophet,frozen,selected,2026,5,2025-02-10 01:00:00,2025-02-13 07:00:00,79,255.89,True,True,264.93231201171875,-1.4794098505562987,263.45290216116246,0,0,0.1
core_neuralprophet_frozen_s2026,neuralprophet,frozen,selected,2026,5,2025-02-10 01:00:00,2025-02-13 08:00:00,80,253.24,True,True,279.2215576171875,-1.4794098505562987,277.7421477666312,0,0,0.1
core_neuralprophet_frozen_s2026,neuralprophet,frozen,selected,2026,5,2025-02-10 01:00:00,2025-02-13 09:00:00,81,283.34,True,True,337.68701171875,-1.4794098505562987,336.2076018681937,0,0,0.1
core_neuralprophet_frozen_s2026,neuralprophet,frozen,selected,2026,5,2025-02-10 01:00:00,2025-02-13 10:00:00,82,355.97,True,True,436.7598571777344,-1.4794098505562987,435.2804473271781,0,0,0.1
core_neuralprophet_frozen_s2026,neuralprophet,frozen,selected,2026,5,2025-02-10 01:00:00,2025-02-13 11:00:00,83,488.46,True,True,601.3984375,-1.4794098505562987,599.9190276494437,0,0,0.1
core_neuralprophet_frozen_s2026,neuralprophet,frozen,selected,2026,5,2025-02-10 01:00:00,2025-02-13 12:00:00,84,608.86,True,True,728.3695678710938,-1.4794098505562987,726.8901580205375,0,0,0.1
core_neuralprophet_frozen_s2026,neuralprophet,frozen,selected,2026,5,2025-02-10 01:00:00,2025-02-13 13:00:00,85,695.92,True,True,807.504150390625,-1.4794098505562987,806.0247405400687,0,0,0.1
core_neuralprophet_frozen_s2026,neuralprophet,frozen,selected,2026,5,2025-02-10 01:00:00,2025-02-13 14:00:00,86,782.1,True,True,865.8554077148438,-1.4794098505562987,864.3759978642875,0,0,0.1
core_neuralprophet_frozen_s2026,neuralprophet,frozen,selected,2026,5,2025-02-10 01:00:00,2025-02-13 15:00:00,87,805.31,True,True,866.0223388671875,-1.4794098505562987,864.5429290166312,0,0,0.1
core_neuralprophet_frozen_s2026,neuralprophet,frozen,selected,2026,5,2025-02-10 01:00:00,2025-02-13 16:00:00,88,738.4,True,True,798.3582153320312,-1.4794098505562987,796.878805481475,0,0,0.1
core_neuralprophet_frozen_s2026,neuralprophet,frozen,selected,2026,5,2025-02-10 01:00:00,2025-02-13 17:00:00,89,655.55,True,True,701.8382568359375,-1.4794098505562987,700.3588469853812,0,0,0.1
core_neuralprophet_frozen_s2026,neuralprophet,frozen,selected,2026,5,2025-02-10 01:00:00,2025-02-13 18:00:00,90,551.53,True,True,596.5834350585938,-1.4794098505562987,595.1040252080375,0,0,0.1
core_neuralprophet_frozen_s2026,neuralprophet,frozen,selected,2026,5,2025-02-10 01:00:00,2025-02-13 19:00:00,91,411.47,True,True,453.0082702636719,-1.4794098505562987,451.5288604131156,0,0,0.1
core_neuralprophet_frozen_s2026,neuralprophet,frozen,selected,2026,5,2025-02-10 01:00:00,2025-02-13 20:00:00,92,315.3,True,True,343.78009033203125,-1.4794098505562987,342.30068048147496,0,0,0.1
core_neuralprophet_frozen_s2026,neuralprophet,frozen,selected,2026,5,2025-02-10 01:00:00,2025-02-13 21:00:00,93,270.14,True,True,292.4812927246094,-1.4794098505562987,291.0018828740531,0,0,0.1
core_neuralprophet_frozen_s2026,neuralprophet,frozen,selected,2026,5,2025-02-10 01:00:00,2025-02-13 22:00:00,94,260.12,True,True,281.33270263671875,-1.4794098505562987,279.85329278616246,0,0,0.1
core_neuralprophet_frozen_s2026,neuralprophet,frozen,selected,2026,5,2025-02-10 01:00:00,2025-02-13 23:00:00,95,331.13,True,True,333.0569763183594,-1.4794098505562987,331.5775664678031,0,0,0.1
core_neuralprophet_frozen_s2026,neuralprophet,frozen,selected,2026,5,2025-02-10 01:00:00,2025-02-14 00:00:00,96,444.49,True,True,455.4261779785156,-1.4794098505562987,453.94676812795933,0,0,0.1
core_neuralprophet_frozen_s2026,neuralprophet,frozen,selected,2026,5,2025-02-10 01:00:00,2025-02-14 01:00:00,97,549.87,True,True,578.7859497070312,-1.4794098505562987,577.306539856475,0,0,0.1
core_neuralprophet_frozen_s2026,neuralprophet,frozen,selected,2026,5,2025-02-10 01:00:00,2025-02-14 02:00:00,98,601.88,True,True,646.7322998046875,-1.4794098505562987,645.2528899541312,0,0,0.1
core_neuralprophet_frozen_s2026,neuralprophet,frozen,selected,2026,5,2025-02-10 01:00:00,2025-02-14 03:00:00,99,572.3,True,True,628.6259155273438,-1.4794098505562987,627.1465056767875,0,0,0.1
core_neuralprophet_frozen_s2026,neuralprophet,frozen,selected,2026,5,2025-02-10 01:00:00,2025-02-14 04:00:00,100,375.34,True,True,412.54046630859375,-1.4794098505562987,411.06105645803746,0,0,0.1
core_neuralprophet_frozen_s2026,neuralprophet,frozen,selected,2026,5,2025-02-10 01:00:00,2025-02-14 05:00:00,101,349.22,True,True,377.518798828125,-1.4794098505562987,376.0393889775687,0,0,0.1
core_neuralprophet_frozen_s2026,neuralprophet,frozen,selected,2026,5,2025-02-10 01:00:00,2025-02-14 06:00:00,102,373.4,True,True,379.4673767089844,-1.4794098505562987,377.9879668584281,0,0,0.1
core_neuralprophet_frozen_s2026,neuralprophet,frozen,selected,2026,5,2025-02-10 01:00:00,2025-02-14 07:00:00,103,363.75,True,True,348.8959655761719,-1.4794098505562987,347.4165557256156,0,0,0.1
core_neuralprophet_frozen_s2026,neuralprophet,frozen,selected,2026,5,2025-02-10 01:00:00,2025-02-14 08:00:00,104,404.93,True,True,387.27044677734375,-1.4794098505562987,385.79103692678746,0,0,0.1
core_neuralprophet_frozen_s2026,neuralprophet,frozen,selected,2026,5,2025-02-10 01:00:00,2025-02-14 09:00:00,105,419.72,True,True,384.1663513183594,-1.4794098505562987,382.6869414678031,0,0,0.1
core_neuralprophet_frozen_s2026,neuralprophet,frozen,selected,2026,5,2025-02-10 01:00:00,2025-02-14 10:00:00,106,473.48,True,True,466.9235229492188,-1.4794098505562987,465.4441130986625,0,0,0.1
core_neuralprophet_frozen_s2026,neuralprophet,frozen,selected,2026,5,2025-02-10 01:00:00,2025-02-14 11:00:00,107,611.54,True,True,635.4194946289062,-1.4794098505562987,633.94008477835,0,0,0.1
core_neuralprophet_frozen_s2026,neuralprophet,frozen,selected,2026,5,2025-02-10 01:00:00,2025-02-14 12:00:00,108,748.78,True,True,798.1318359375,-1.4794098505562987,796.6524260869437,0,0,0.1
core_neuralprophet_frozen_s2026,neuralprophet,frozen,selected,2026,5,2025-02-10 01:00:00,2025-02-14 13:00:00,109,854.48,True,True,912.3900146484376,-1.4794098505562987,910.9106047978813,0,0,0.1
core_neuralprophet_frozen_s2026,neuralprophet,frozen,selected,2026,5,2025-02-10 01:00:00,2025-02-14 14:00:00,110,966.79,True,True,1028.997802734375,-1.4794098505562987,1027.5183928838187,0,0,0.1
core_neuralprophet_frozen_s2026,neuralprophet,frozen,selected,2026,5,2025-02-10 01:00:00,2025-02-14 15:00:00,111,1036.96,True,True,1088.343505859375,-1.4794098505562987,1086.8640960088187,0,0,0.1
core_neuralprophet_frozen_s2026,neuralprophet,frozen,selected,2026,5,2025-02-10 01:00:00,2025-02-14 16:00:00,112,1010.44,True,True,1061.5484619140625,-1.4794098505562987,1060.0690520635062,0,0,0.1
core_neuralprophet_frozen_s2026,neuralprophet,frozen,selected,2026,5,2025-02-10 01:00:00,2025-02-14 17:00:00,113,939.11,True,True,985.0564575195312,-1.4794098505562987,983.577047668975,0,0,0.1
core_neuralprophet_frozen_s2026,neuralprophet,frozen,selected,2026,5,2025-02-10 01:00:00,2025-02-14 18:00:00,114,879.44,True,True,928.1666870117188,-1.4794098505562987,926.6872771611625,0,0,0.1
core_neuralprophet_frozen_s2026,neuralprophet,frozen,selected,2026,5,2025-02-10 01:00:00,2025-02-14 19:00:00,115,785.27,True,True,847.1466064453125,-1.4794098505562987,845.6671965947562,0,0,0.1
core_neuralprophet_frozen_s2026,neuralprophet,frozen,selected,2026,5,2025-02-10 01:00:00,2025-02-14 20:00:00,116,657.49,True,True,702.7343139648438,-1.4794098505562987,701.2549041142875,0,0,0.1
core_neuralprophet_frozen_s2026,neuralprophet,frozen,selected,2026,5,2025-02-10 01:00:00,2025-02-14 21:00:00,117,547.33,True,True,583.7000732421875,-1.4794098505562987,582.2206633916312,0,0,0.1
core_neuralprophet_frozen_s2026,neuralprophet,frozen,selected,2026,5,2025-02-10 01:00:00,2025-02-14 22:00:00,118,464.79,True,True,507.587890625,-1.4794098505562987,506.1084807744437,0,0,0.1
core_neuralprophet_frozen_s2026,neuralprophet,frozen,selected,2026,5,2025-02-10 01:00:00,2025-02-14 23:00:00,119,366.24,True,True,399.9249877929688,-1.4794098505562987,398.4455779424125,0,0,0.1
core_neuralprophet_frozen_s2026,neuralprophet,frozen,selected,2026,5,2025-02-10 01:00:00,2025-02-15 00:00:00,120,269.16,True,True,290.98309326171875,-1.4794098505562987,289.50368341116246,0,0,0.1
core_neuralprophet_frozen_s2026,neuralprophet,frozen,selected,2026,5,2025-02-10 01:00:00,2025-02-15 01:00:00,121,185.33,True,True,222.9032440185547,-1.4794098505562987,221.4238341679984,0,0,0.1
core_neuralprophet_frozen_s2026,neuralprophet,frozen,selected,2026,5,2025-02-10 01:00:00,2025-02-15 02:00:00,122,172.2,True,True,201.53770446777344,-1.4794098505562987,200.05829461721714,0,0,0.1
core_neuralprophet_frozen_s2026,neuralprophet,frozen,selected,2026,5,2025-02-10 01:00:00,2025-02-15 03:00:00,123,148.07,True,True,181.49267578125,-1.4794098505562987,180.0132659306937,0,0,0.1
core_neuralprophet_frozen_s2026,neuralprophet,frozen,selected,2026,5,2025-02-10 01:00:00,2025-02-15 04:00:00,124,100.37,True,True,115.10039520263672,-1.4794098505562987,113.62098535208042,0,0,0.1
core_neuralprophet_frozen_s2026,neuralprophet,frozen,selected,2026,5,2025-02-10 01:00:00,2025-02-15 05:00:00,125,78.32,True,True,64.22509002685547,-1.4794098505562987,62.74568017629917,0,0,0.1
core_neuralprophet_frozen_s2026,neuralprophet,frozen,selected,2026,5,2025-02-10 01:00:00,2025-02-15 06:00:00,126,72.24,True,True,50.10003662109375,-1.4794098505562987,48.62062677053745,0,0,0.1
core_neuralprophet_frozen_s2026,neuralprophet,frozen,selected,2026,5,2025-02-10 01:00:00,2025-02-15 07:00:00,127,75.83,True,True,46.13744354248047,-1.4794098505562987,44.65803369192417,0,0,0.1
core_neuralprophet_frozen_s2026,neuralprophet,frozen,selected,2026,5,2025-02-10 01:00:00,2025-02-15 08:00:00,128,89.91,True,True,81.45845794677734,-1.4794098505562987,79.97904809622105,0,0,0.1
core_neuralprophet_frozen_s2026,neuralprophet,frozen,selected,2026,5,2025-02-10 01:00:00,2025-02-15 09:00:00,129,104.0,True,True,89.63916778564453,-1.4794098505562987,88.15975793508824,0,0,0.1
core_neuralprophet_frozen_s2026,neuralprophet,frozen,selected,2026,5,2025-02-10 01:00:00,2025-02-15 10:00:00,130,145.37,True,True,138.1397247314453,-1.4794098505562987,136.66031488088902,0,0,0.1
core_neuralprophet_frozen_s2026,neuralprophet,frozen,selected,2026,5,2025-02-10 01:00:00,2025-02-15 11:00:00,131,226.72,True,True,232.93881225585935,-1.4794098505562987,231.45940240530305,0,0,0.1
core_neuralprophet_frozen_s2026,neuralprophet,frozen,selected,2026,5,2025-02-10 01:00:00,2025-02-15 12:00:00,132,292.91,True,True,296.6553039550781,-1.4794098505562987,295.17589410452183,0,0,0.1
core_neuralprophet_frozen_s2026,neuralprophet,frozen,selected,2026,5,2025-02-10 01:00:00,2025-02-15 13:00:00,133,293.88,True,True,290.4808044433594,-1.4794098505562987,289.0013945928031,0,0,0.1
core_neuralprophet_frozen_s2026,neuralprophet,frozen,selected,2026,5,2025-02-10 01:00:00,2025-02-15 14:00:00,134,246.51,True,True,222.2706451416016,-1.4794098505562987,220.7912352910453,0,0,0.1
core_neuralprophet_frozen_s2026,neuralprophet,frozen,selected,2026,5,2025-02-10 01:00:00,2025-02-15 15:00:00,135,190.21,True,True,121.6065673828125,-1.4794098505562987,120.1271575322562,0,0,0.1
core_neuralprophet_frozen_s2026,neuralprophet,frozen,selected,2026,5,2025-02-10 01:00:00,2025-02-15 16:00:00,136,110.3,True,True,14.59103012084961,-1.4794098505562987,13.111620270293312,0,0,0.1
core_neuralprophet_frozen_s2026,neuralprophet,frozen,selected,2026,5,2025-02-10 01:00:00,2025-02-15 17:00:00,137,72.65,True,True,-3.324468851089477,-1.4794098505562987,-4.803878701645775,0,0,0.1
core_neuralprophet_frozen_s2026,neuralprophet,frozen,selected,2026,5,2025-02-10 01:00:00,2025-02-15 18:00:00,138,44.78,True,True,4.48784875869751,-1.4794098505562987,3.008438908141211,0,0,0.1
core_neuralprophet_frozen_s2026,neuralprophet,frozen,selected,2026,5,2025-02-10 01:00:00,2025-02-15 19:00:00,139,26.85,True,True,0.961477756500244,-1.4794098505562987,-0.5179320940560547,0,0,0.1
core_neuralprophet_frozen_s2026,neuralprophet,frozen,selected,2026,5,2025-02-10 01:00:00,2025-02-15 20:00:00,140,17.27,True,True,2.752239227294922,-1.4794098505562987,1.2728293767386232,0,0,0.1
core_neuralprophet_frozen_s2026,neuralprophet,frozen,selected,2026,5,2025-02-10 01:00:00,2025-02-15 21:00:00,141,11.84,True,True,12.808958053588867,-1.4794098505562987,11.32954820303257,0,0,0.1
core_neuralprophet_frozen_s2026,neuralprophet,frozen,selected,2026,5,2025-02-10 01:00:00,2025-02-15 22:00:00,142,10.68,True,True,1.8640724420547483,-1.4794098505562987,0.3846625914984496,0,0,0.1
core_neuralprophet_frozen_s2026,neuralprophet,frozen,selected,2026,5,2025-02-10 01:00:00,2025-02-15 23:00:00,143,17.11,True,True,17.386598587036133,-1.4794098505562987,15.907188736479835,0,0,0.1
core_neuralprophet_frozen_s2026,neuralprophet,frozen,selected,2026,5,2025-02-10 01:00:00,2025-02-16 00:00:00,144,22.66,True,True,45.13752746582031,-1.4794098505562987,43.65811761526401,0,0,0.1
core_neuralprophet_frozen_s2026,neuralprophet,frozen,selected,2026,5,2025-02-10 01:00:00,2025-02-16 01:00:00,145,22.56,True,True,30.61431884765625,-1.4794098505562987,29.134908997099952,0,0,0.1
core_neuralprophet_frozen_s2026,neuralprophet,frozen,selected,2026,5,2025-02-10 01:00:00,2025-02-16 02:00:00,146,18.86,True,True,26.637527465820312,-1.4794098505562987,25.158117615264015,0,0,0.1
core_neuralprophet_frozen_s2026,neuralprophet,frozen,selected,2026,5,2025-02-10 01:00:00,2025-02-16 03:00:00,147,13.37,True,True,22.215930938720703,-1.4794098505562987,20.736521088164405,0,0,0.1
core_neuralprophet_frozen_s2026,neuralprophet,frozen,selected,2026,5,2025-02-10 01:00:00,2025-02-16 04:00:00,148,7.9,True,True,20.465314865112305,-1.4794098505562987,18.985905014556007,0,0,0.1
core_neuralprophet_frozen_s2026,neuralprophet,frozen,selected,2026,5,2025-02-10 01:00:00,2025-02-16 05:00:00,149,7.2,True,True,23.8878231048584,-1.4794098505562987,22.4084132543021,0,0,0.1
core_neuralprophet_frozen_s2026,neuralprophet,frozen,selected,2026,5,2025-02-10 01:00:00,2025-02-16 06:00:00,150,7.44,True,True,17.719697952270508,-1.4794098505562987,16.24028810171421,0,0,0.1
core_neuralprophet_frozen_s2026,neuralprophet,frozen,selected,2026,5,2025-02-10 01:00:00,2025-02-16 07:00:00,151,8.5,True,True,9.048934936523438,-1.4794098505562987,7.569525085967139,0,0,0.1
core_neuralprophet_frozen_s2026,neuralprophet,frozen,selected,2026,5,2025-02-10 01:00:00,2025-02-16 08:00:00,152,11.07,True,True,14.043062210083008,-1.4794098505562987,12.56365235952671,0,0,0.1
core_neuralprophet_frozen_s2026,neuralprophet,frozen,selected,2026,5,2025-02-10 01:00:00,2025-02-16 09:00:00,153,12.97,True,True,15.38420867919922,-1.4794098505562987,13.904798828642921,0,0,0.1
core_neuralprophet_frozen_s2026,neuralprophet,frozen,selected,2026,5,2025-02-10 01:00:00,2025-02-16 10:00:00,154,13.88,True,True,14.474369049072266,-1.4794098505562987,12.994959198515968,0,0,0.1
core_neuralprophet_frozen_s2026,neuralprophet,frozen,selected,2026,5,2025-02-10 01:00:00,2025-02-16 11:00:00,155,17.04,True,True,13.49237060546875,-1.4794098505562987,12.012960754912452,0,0,0.1
core_neuralprophet_frozen_s2026,neuralprophet,frozen,selected,2026,5,2025-02-10 01:00:00,2025-02-16 12:00:00,156,20.54,True,True,29.689990997314453,-1.4794098505562987,28.210581146758155,0,0,0.1
core_neuralprophet_frozen_s2026,neuralprophet,frozen,selected,2026,5,2025-02-10 01:00:00,2025-02-16 13:00:00,157,23.46,True,True,24.38889503479004,-1.4794098505562987,22.90948518423374,0,0,0.1
core_neuralprophet_frozen_s2026,neuralprophet,frozen,selected,2026,5,2025-02-10 01:00:00,2025-02-16 14:00:00,158,26.54,True,True,21.33449363708496,-1.4794098505562987,19.855083786528663,0,0,0.1
core_neuralprophet_frozen_s2026,neuralprophet,frozen,selected,2026,5,2025-02-10 01:00:00,2025-02-16 15:00:00,159,24.64,True,True,19.776206970214844,-1.4794098505562987,18.296797119658546,0,0,0.1
core_neuralprophet_frozen_s2026,neuralprophet,frozen,selected,2026,5,2025-02-10 01:00:00,2025-02-16 16:00:00,160,18.44,True,True,5.611030101776123,-1.4794098505562987,4.131620251219824,0,0,0.1
core_neuralprophet_frozen_s2026,neuralprophet,frozen,selected,2026,5,2025-02-10 01:00:00,2025-02-16 17:00:00,161,17.24,True,True,8.509636878967285,-1.4794098505562987,7.0302270284109865,0,0,0.1
core_neuralprophet_frozen_s2026,neuralprophet,frozen,selected,2026,5,2025-02-10 01:00:00,2025-02-16 18:00:00,162,16.83,True,True,-1.1404414176940918,-1.4794098505562987,-2.6198512682503905,0,0,0.1
core_neuralprophet_frozen_s2026,neuralprophet,frozen,selected,2026,5,2025-02-10 01:00:00,2025-02-16 19:00:00,163,16.43,True,True,-3.892334222793579,-1.4794098505562987,-5.371744073349878,0,0,0.1
core_neuralprophet_frozen_s2026,neuralprophet,frozen,selected,2026,5,2025-02-10 01:00:00,2025-02-16 20:00:00,164,15.59,True,True,-13.316438674926758,-1.4794098505562987,-14.795848525483056,0,0,0.1
core_neuralprophet_frozen_s2026,neuralprophet,frozen,selected,2026,5,2025-02-10 01:00:00,2025-02-16 21:00:00,165,15.09,True,True,-7.507501602172852,-1.4794098505562987,-8.98691145272915,0,0,0.1
core_neuralprophet_frozen_s2026,neuralprophet,frozen,selected,2026,5,2025-02-10 01:00:00,2025-02-16 22:00:00,166,16.25,True,True,-0.89300137758255,-1.4794098505562987,-2.3724112281388487,0,0,0.1
core_neuralprophet_frozen_s2026,neuralprophet,frozen,selected,2026,5,2025-02-10 01:00:00,2025-02-16 23:00:00,167,27.63,True,True,8.369280815124512,-1.4794098505562987,6.889870964568213,0,0,0.1
core_neuralprophet_frozen_s2026,neuralprophet,frozen,selected,2026,5,2025-02-10 01:00:00,2025-02-17 00:00:00,168,42.42,True,True,45.82197189331055,-1.4794098505562987,44.342562042754246,0,0,0.1
core_neuralprophet_frozen_s2026,neuralprophet,frozen,selected,2026,6,2025-02-17 01:00:00,2025-02-17 01:00:00,1,51.7,True,True,46.72281265258789,-1.6092682592184009,45.11354439336949,0,0,0.1
core_neuralprophet_frozen_s2026,neuralprophet,frozen,selected,2026,6,2025-02-17 01:00:00,2025-02-17 02:00:00,2,47.88,True,True,46.54757308959961,-1.6092682592184009,44.938304830381206,0,0,0.1
core_neuralprophet_frozen_s2026,neuralprophet,frozen,selected,2026,6,2025-02-17 01:00:00,2025-02-17 03:00:00,3,36.85,True,True,23.95940399169922,-1.6092682592184009,22.35013573248082,0,0,0.1
core_neuralprophet_frozen_s2026,neuralprophet,frozen,selected,2026,6,2025-02-17 01:00:00,2025-02-17 04:00:00,4,20.69,True,True,14.981840133666992,-1.6092682592184009,13.37257187444859,0,0,0.1
core_neuralprophet_frozen_s2026,neuralprophet,frozen,selected,2026,6,2025-02-17 01:00:00,2025-02-17 05:00:00,5,18.02,True,True,32.95071792602539,-1.6092682592184009,31.34144966680699,0,0,0.1
core_neuralprophet_frozen_s2026,neuralprophet,frozen,selected,2026,6,2025-02-17 01:00:00,2025-02-17 06:00:00,6,18.83,True,True,24.293163299560547,-1.6092682592184009,22.683895040342147,0,0,0.1
core_neuralprophet_frozen_s2026,neuralprophet,frozen,selected,2026,6,2025-02-17 01:00:00,2025-02-17 07:00:00,7,30.23,True,True,62.98524475097656,-1.6092682592184009,61.37597649175816,0,0,0.1
core_neuralprophet_frozen_s2026,neuralprophet,frozen,selected,2026,6,2025-02-17 01:00:00,2025-02-17 08:00:00,8,57.88,True,True,97.0643539428711,-1.6092682592184009,95.4550856836527,0,0,0.1
core_neuralprophet_frozen_s2026,neuralprophet,frozen,selected,2026,6,2025-02-17 01:00:00,2025-02-17 09:00:00,9,87.72,True,True,111.50322723388672,-1.6092682592184009,109.89395897466832,0,0,0.1
core_neuralprophet_frozen_s2026,neuralprophet,frozen,selected,2026,6,2025-02-17 01:00:00,2025-02-17 10:00:00,10,127.67,True,True,139.4161376953125,-1.6092682592184009,137.8068694360941,0,0,0.1
core_neuralprophet_frozen_s2026,neuralprophet,frozen,selected,2026,6,2025-02-17 01:00:00,2025-02-17 11:00:00,11,200.43,True,True,191.45838928222656,-1.6092682592184009,189.84912102300817,0,0,0.1
core_neuralprophet_frozen_s2026,neuralprophet,frozen,selected,2026,6,2025-02-17 01:00:00,2025-02-17 12:00:00,12,285.42,True,True,275.0952453613281,-1.6092682592184009,273.4859771021097,0,0,0.1
core_neuralprophet_frozen_s2026,neuralprophet,frozen,selected,2026,6,2025-02-17 01:00:00,2025-02-17 13:00:00,13,369.4,True,True,383.7184448242188,-1.6092682592184009,382.1091765650004,0,0,0.1
core_neuralprophet_frozen_s2026,neuralprophet,frozen,selected,2026,6,2025-02-17 01:00:00,2025-02-17 14:00:00,14,453.88,True,True,484.0945434570313,-1.6092682592184009,482.4852751978129,0,0,0.1
core_neuralprophet_frozen_s2026,neuralprophet,frozen,selected,2026,6,2025-02-17 01:00:00,2025-02-17 15:00:00,15,504.29,True,True,572.0562133789062,-1.6092682592184009,570.4469451196878,0,0,0.1
core_neuralprophet_frozen_s2026,neuralprophet,frozen,selected,2026,6,2025-02-17 01:00:00,2025-02-17 16:00:00,16,491.51,True,True,567.6069946289062,-1.6092682592184009,565.9977263696878,0,0,0.1
core_neuralprophet_frozen_s2026,neuralprophet,frozen,selected,2026,6,2025-02-17 01:00:00,2025-02-17 17:00:00,17,471.71,True,True,562.5077514648438,-1.6092682592184009,560.8984832056253,0,0,0.1
core_neuralprophet_frozen_s2026,neuralprophet,frozen,selected,2026,6,2025-02-17 01:00:00,2025-02-17 18:00:00,18,469.79,True,True,540.0069580078125,-1.6092682592184009,538.3976897485941,0,0,0.1
core_neuralprophet_frozen_s2026,neuralprophet,frozen,selected,2026,6,2025-02-17 01:00:00,2025-02-17 19:00:00,19,490.14,True,True,554.81201171875,-1.6092682592184009,553.2027434595316,0,0,0.1
core_neuralprophet_frozen_s2026,neuralprophet,frozen,selected,2026,6,2025-02-17 01:00:00,2025-02-17 20:00:00,20,516.16,True,True,571.9828491210938,-1.6092682592184009,570.3735808618753,0,0,0.1
core_neuralprophet_frozen_s2026,neuralprophet,frozen,selected,2026,6,2025-02-17 01:00:00,2025-02-17 21:00:00,21,530.29,True,True,593.7337036132812,-1.6092682592184009,592.1244353540628,0,0,0.1
core_neuralprophet_frozen_s2026,neuralprophet,frozen,selected,2026,6,2025-02-17 01:00:00,2025-02-17 22:00:00,22,516.85,True,True,578.2431640625,-1.6092682592184009,576.6338958032816,0,0,0.1
core_neuralprophet_frozen_s2026,neuralprophet,frozen,selected,2026,6,2025-02-17 01:00:00,2025-02-17 23:00:00,23,534.32,True,True,581.07958984375,-1.6092682592184009,579.4703215845316,0,0,0.1
core_neuralprophet_frozen_s2026,neuralprophet,frozen,selected,2026,6,2025-02-17 01:00:00,2025-02-18 00:00:00,24,524.69,True,True,551.0227661132812,-1.6092682592184009,549.4134978540628,0,0,0.1
core_neuralprophet_frozen_s2026,neuralprophet,frozen,selected,2026,6,2025-02-17 01:00:00,2025-02-18 01:00:00,25,441.23,True,True,464.013427734375,-1.6092682592184009,462.4041594751566,0,0,0.1
core_neuralprophet_frozen_s2026,neuralprophet,frozen,selected,2026,6,2025-02-17 01:00:00,2025-02-18 02:00:00,26,370.35,True,True,386.6859130859375,-1.6092682592184009,385.0766448267191,0,0,0.1
core_neuralprophet_frozen_s2026,neuralprophet,frozen,selected,2026,6,2025-02-17 01:00:00,2025-02-18 03:00:00,27,275.84,True,True,306.9598693847656,-1.6092682592184009,305.3506011255472,0,0,0.1
core_neuralprophet_frozen_s2026,neuralprophet,frozen,selected,2026,6,2025-02-17 01:00:00,2025-02-18 04:00:00,28,49.01,True,True,64.38871765136719,-1.6092682592184009,62.779449392148784,0,0,0.1
core_neuralprophet_frozen_s2026,neuralprophet,frozen,selected,2026,6,2025-02-17 01:00:00,2025-02-18 05:00:00,29,29.51,True,True,28.78787040710449,-1.6092682592184009,27.17860214788609,0,0,0.1
core_neuralprophet_frozen_s2026,neuralprophet,frozen,selected,2026,6,2025-02-17 01:00:00,2025-02-18 06:00:00,30,29.15,True,True,52.86866760253906,-1.6092682592184009,51.25939934332066,0,0,0.1
core_neuralprophet_frozen_s2026,neuralprophet,frozen,selected,2026,6,2025-02-17 01:00:00,2025-02-18 07:00:00,31,67.07,True,True,111.20740509033205,-1.6092682592184009,109.59813683111365,0,0,0.1
core_neuralprophet_frozen_s2026,neuralprophet,frozen,selected,2026,6,2025-02-17 01:00:00,2025-02-18 08:00:00,32,133.78,True,True,173.5173797607422,-1.6092682592184009,171.9081115015238,0,0,0.1
core_neuralprophet_frozen_s2026,neuralprophet,frozen,selected,2026,6,2025-02-17 01:00:00,2025-02-18 09:00:00,33,199.94,True,True,251.9362945556641,-1.6092682592184009,250.3270262964457,0,0,0.1
core_neuralprophet_frozen_s2026,neuralprophet,frozen,selected,2026,6,2025-02-17 01:00:00,2025-02-18 10:00:00,34,239.74,True,True,278.8597717285156,-1.6092682592184009,277.2505034692972,0,0,0.1
core_neuralprophet_frozen_s2026,neuralprophet,frozen,selected,2026,6,2025-02-17 01:00:00,2025-02-18 11:00:00,35,254.81,True,True,280.4812316894531,-1.6092682592184009,278.8719634302347,0,0,0.1
core_neuralprophet_frozen_s2026,neuralprophet,frozen,selected,2026,6,2025-02-17 01:00:00,2025-02-18 12:00:00,36,216.09,True,True,240.4018096923828,-1.6092682592184009,238.79254143316442,0,0,0.1
core_neuralprophet_frozen_s2026,neuralprophet,frozen,selected,2026,6,2025-02-17 01:00:00,2025-02-18 13:00:00,37,89.54,True,True,78.6980209350586,-1.6092682592184009,77.0887526758402,0,0,0.1
core_neuralprophet_frozen_s2026,neuralprophet,frozen,selected,2026,6,2025-02-17 01:00:00,2025-02-18 14:00:00,38,57.9,True,True,48.035888671875,-1.6092682592184009,46.4266204126566,0,0,0.1
core_neuralprophet_frozen_s2026,neuralprophet,frozen,selected,2026,6,2025-02-17 01:00:00,2025-02-18 15:00:00,39,46.09,True,True,36.50635528564453,-1.6092682592184009,34.89708702642613,0,0,0.1
core_neuralprophet_frozen_s2026,neuralprophet,frozen,selected,2026,6,2025-02-17 01:00:00,2025-02-18 16:00:00,40,36.78,True,True,41.63167572021485,-1.6092682592184009,40.02240746099645,0,0,0.1
core_neuralprophet_frozen_s2026,neuralprophet,frozen,selected,2026,6,2025-02-17 01:00:00,2025-02-18 17:00:00,41,39.7,True,True,41.84881591796875,-1.6092682592184009,40.23954765875035,0,0,0.1
core_neuralprophet_frozen_s2026,neuralprophet,frozen,selected,2026,6,2025-02-17 01:00:00,2025-02-18 18:00:00,42,45.94,True,True,64.86040496826172,-1.6092682592184009,63.251136709043315,0,0,0.1
core_neuralprophet_frozen_s2026,neuralprophet,frozen,selected,2026,6,2025-02-17 01:00:00,2025-02-18 19:00:00,43,59.76,True,True,75.16463470458984,-1.6092682592184009,73.55536644537145,0,0,0.1
core_neuralprophet_frozen_s2026,neuralprophet,frozen,selected,2026,6,2025-02-17 01:00:00,2025-02-18 20:00:00,44,85.69,True,True,112.7130126953125,-1.6092682592184009,111.1037444360941,0,0,0.1
core_neuralprophet_frozen_s2026,neuralprophet,frozen,selected,2026,6,2025-02-17 01:00:00,2025-02-18 21:00:00,45,120.64,True,True,122.92831420898438,-1.6092682592184009,121.31904594976598,0,0,0.1
core_neuralprophet_frozen_s2026,neuralprophet,frozen,selected,2026,6,2025-02-17 01:00:00,2025-02-18 22:00:00,46,166.49,True,True,185.83670043945312,-1.6092682592184009,184.22743218023473,0,0,0.1
core_neuralprophet_frozen_s2026,neuralprophet,frozen,selected,2026,6,2025-02-17 01:00:00,2025-02-18 23:00:00,47,271.65,True,True,276.0553894042969,-1.6092682592184009,274.44612114507845,0,0,0.1
core_neuralprophet_frozen_s2026,neuralprophet,frozen,selected,2026,6,2025-02-17 01:00:00,2025-02-19 00:00:00,48,403.91,True,True,404.5428771972656,-1.6092682592184009,402.9336089380472,0,0,0.1
core_neuralprophet_frozen_s2026,neuralprophet,frozen,selected,2026,6,2025-02-17 01:00:00,2025-02-19 01:00:00,49,489.43,True,True,493.7870788574219,-1.6092682592184009,492.17781059820345,0,0,0.1
core_neuralprophet_frozen_s2026,neuralprophet,frozen,selected,2026,6,2025-02-17 01:00:00,2025-02-19 02:00:00,50,466.75,True,True,455.602783203125,-1.6092682592184009,453.9935149439066,0,0,0.1
core_neuralprophet_frozen_s2026,neuralprophet,frozen,selected,2026,6,2025-02-17 01:00:00,2025-02-19 03:00:00,51,343.4,True,True,335.9143981933594,-1.6092682592184009,334.30512993414095,0,0,0.1
core_neuralprophet_frozen_s2026,neuralprophet,frozen,selected,2026,6,2025-02-17 01:00:00,2025-02-19 04:00:00,52,51.63,True,True,52.10708999633789,-1.6092682592184009,50.49782173711949,0,0,0.1
core_neuralprophet_frozen_s2026,neuralprophet,frozen,selected,2026,6,2025-02-17 01:00:00,2025-02-19 05:00:00,53,29.72,True,True,30.700803756713867,-1.6092682592184009,29.091535497495467,0,0,0.1
core_neuralprophet_frozen_s2026,neuralprophet,frozen,selected,2026,6,2025-02-17 01:00:00,2025-02-19 06:00:00,54,28.54,True,True,45.49684143066406,-1.6092682592184009,43.88757317144566,0,0,0.1
core_neuralprophet_frozen_s2026,neuralprophet,frozen,selected,2026,6,2025-02-17 01:00:00,2025-02-19 07:00:00,55,40.53,True,True,43.14710998535156,-1.6092682592184009,41.53784172613316,0,0,0.1
core_neuralprophet_frozen_s2026,neuralprophet,frozen,selected,2026,6,2025-02-17 01:00:00,2025-02-19 08:00:00,56,72.4,True,True,101.6023178100586,-1.6092682592184009,99.9930495508402,0,0,0.1
core_neuralprophet_frozen_s2026,neuralprophet,frozen,selected,2026,6,2025-02-17 01:00:00,2025-02-19 09:00:00,57,114.39,True,True,131.18894958496094,-1.6092682592184009,129.57968132574254,0,0,0.1
core_neuralprophet_frozen_s2026,neuralprophet,frozen,selected,2026,6,2025-02-17 01:00:00,2025-02-19 10:00:00,58,202.46,True,True,210.4266357421875,-1.6092682592184009,208.8173674829691,0,0,0.1
core_neuralprophet_frozen_s2026,neuralprophet,frozen,selected,2026,6,2025-02-17 01:00:00,2025-02-19 11:00:00,59,361.35,True,True,374.7088012695313,-1.6092682592184009,373.0995330103129,0,0,0.1
core_neuralprophet_frozen_s2026,neuralprophet,frozen,selected,2026,6,2025-02-17 01:00:00,2025-02-19 12:00:00,60,536.87,True,True,540.6085815429688,-1.6092682592184009,538.9993132837503,0,0,0.1
core_neuralprophet_frozen_s2026,neuralprophet,frozen,selected,2026,6,2025-02-17 01:00:00,2025-02-19 13:00:00,61,630.96,True,True,653.4258422851562,-1.6092682592184009,651.8165740259378,0,0,0.1
core_neuralprophet_frozen_s2026,neuralprophet,frozen,selected,2026,6,2025-02-17 01:00:00,2025-02-19 14:00:00,62,589.88,True,True,626.9637451171875,-1.6092682592184009,625.3544768579691,0,0,0.1
core_neuralprophet_frozen_s2026,neuralprophet,frozen,selected,2026,6,2025-02-17 01:00:00,2025-02-19 15:00:00,63,403.76,True,True,433.7515258789063,-1.6092682592184009,432.1422576196879,0,0,0.1
core_neuralprophet_frozen_s2026,neuralprophet,frozen,selected,2026,6,2025-02-17 01:00:00,2025-02-19 16:00:00,64,129.17,True,True,149.9437713623047,-1.6092682592184009,148.3345031030863,0,0,0.1
core_neuralprophet_frozen_s2026,neuralprophet,frozen,selected,2026,6,2025-02-17 01:00:00,2025-02-19 17:00:00,65,51.04,True,True,73.96475219726562,-1.6092682592184009,72.35548393804723,0,0,0.1
core_neuralprophet_frozen_s2026,neuralprophet,frozen,selected,2026,6,2025-02-17 01:00:00,2025-02-19 18:00:00,66,29.41,True,True,42.04502487182617,-1.6092682592184009,40.43575661260777,0,0,0.1
core_neuralprophet_frozen_s2026,neuralprophet,frozen,selected,2026,6,2025-02-17 01:00:00,2025-02-19 19:00:00,67,27.89,True,True,37.889774322509766,-1.6092682592184009,36.28050606329136,0,0,0.1
core_neuralprophet_frozen_s2026,neuralprophet,frozen,selected,2026,6,2025-02-17 01:00:00,2025-02-19 20:00:00,68,37.61,True,True,48.98019790649414,-1.6092682592184009,47.37092964727574,0,0,0.1
core_neuralprophet_frozen_s2026,neuralprophet,frozen,selected,2026,6,2025-02-17 01:00:00,2025-02-19 21:00:00,69,50.21,True,True,61.989994049072266,-1.6092682592184009,60.38072578985386,0,0,0.1
core_neuralprophet_frozen_s2026,neuralprophet,frozen,selected,2026,6,2025-02-17 01:00:00,2025-02-19 22:00:00,70,72.89,True,True,94.30756378173828,-1.6092682592184009,92.69829552251989,0,0,0.1
core_neuralprophet_frozen_s2026,neuralprophet,frozen,selected,2026,6,2025-02-17 01:00:00,2025-02-19 23:00:00,71,162.34,True,True,164.0110321044922,-1.6092682592184009,162.4017638452738,0,0,0.1
core_neuralprophet_frozen_s2026,neuralprophet,frozen,selected,2026,6,2025-02-17 01:00:00,2025-02-20 00:00:00,72,301.1,True,True,322.2754821777344,-1.6092682592184009,320.66621391851595,0,0,0.1
core_neuralprophet_frozen_s2026,neuralprophet,frozen,selected,2026,6,2025-02-17 01:00:00,2025-02-20 01:00:00,73,420.92,True,True,440.852783203125,-1.6092682592184009,439.2435149439066,0,0,0.1
core_neuralprophet_frozen_s2026,neuralprophet,frozen,selected,2026,6,2025-02-17 01:00:00,2025-02-20 02:00:00,74,454.29,True,True,471.3526611328125,-1.6092682592184009,469.7433928735941,0,0,0.1
core_neuralprophet_frozen_s2026,neuralprophet,frozen,selected,2026,6,2025-02-17 01:00:00,2025-02-20 03:00:00,75,397.09,True,True,410.3083801269531,-1.6092682592184009,408.6991118677347,0,0,0.1
core_neuralprophet_frozen_s2026,neuralprophet,frozen,selected,2026,6,2025-02-17 01:00:00,2025-02-20 04:00:00,76,77.09,True,True,72.3886947631836,-1.6092682592184009,70.7794265039652,0,0,0.1
core_neuralprophet_frozen_s2026,neuralprophet,frozen,selected,2026,6,2025-02-17 01:00:00,2025-02-20 05:00:00,77,52.74,True,True,88.8060531616211,-1.6092682592184009,87.1967849024027,0,0,0.1
core_neuralprophet_frozen_s2026,neuralprophet,frozen,selected,2026,6,2025-02-17 01:00:00,2025-02-20 06:00:00,78,47.26,True,True,65.14950561523438,-1.6092682592184009,63.54023735601597,0,0,0.1
core_neuralprophet_frozen_s2026,neuralprophet,frozen,selected,2026,6,2025-02-17 01:00:00,2025-02-20 07:00:00,79,46.95,True,True,58.48323059082031,-1.6092682592184009,56.87396233160191,0,0,0.1
core_neuralprophet_frozen_s2026,neuralprophet,frozen,selected,2026,6,2025-02-17 01:00:00,2025-02-20 08:00:00,80,57.55,True,True,97.31352996826172,-1.6092682592184009,95.70426170904332,0,0,0.1
core_neuralprophet_frozen_s2026,neuralprophet,frozen,selected,2026,6,2025-02-17 01:00:00,2025-02-20 09:00:00,81,70.57,True,True,115.41190338134766,-1.6092682592184009,113.80263512212926,0,0,0.1
core_neuralprophet_frozen_s2026,neuralprophet,frozen,selected,2026,6,2025-02-17 01:00:00,2025-02-20 10:00:00,82,77.47,True,True,99.31806182861328,-1.6092682592184009,97.70879356939489,0,0,0.1
core_neuralprophet_frozen_s2026,neuralprophet,frozen,selected,2026,6,2025-02-17 01:00:00,2025-02-20 11:00:00,83,73.05,True,True,94.91755676269533,-1.6092682592184009,93.30828850347693,0,0,0.1
core_neuralprophet_frozen_s2026,neuralprophet,frozen,selected,2026,6,2025-02-17 01:00:00,2025-02-20 12:00:00,84,62.85,True,True,40.878414154052734,-1.6092682592184009,39.26914589483433,0,0,0.1
core_neuralprophet_frozen_s2026,neuralprophet,frozen,selected,2026,6,2025-02-17 01:00:00,2025-02-20 13:00:00,85,93.41,True,True,81.56529235839844,-1.6092682592184009,79.95602409918004,0,0,0.1
core_neuralprophet_frozen_s2026,neuralprophet,frozen,selected,2026,6,2025-02-17 01:00:00,2025-02-20 14:00:00,86,171.86,True,True,168.400634765625,-1.6092682592184009,166.7913665064066,0,0,0.1
core_neuralprophet_frozen_s2026,neuralprophet,frozen,selected,2026,6,2025-02-17 01:00:00,2025-02-20 15:00:00,87,209.59,True,True,231.2645263671875,-1.6092682592184009,229.6552581079691,0,0,0.1
core_neuralprophet_frozen_s2026,neuralprophet,frozen,selected,2026,6,2025-02-17 01:00:00,2025-02-20 16:00:00,88,183.62,True,True,225.88912963867188,-1.6092682592184009,224.27986137945348,0,0,0.1
core_neuralprophet_frozen_s2026,neuralprophet,frozen,selected,2026,6,2025-02-17 01:00:00,2025-02-20 17:00:00,89,120.59,True,True,155.30770874023438,-1.6092682592184009,153.69844048101598,0,0,0.1
core_neuralprophet_frozen_s2026,neuralprophet,frozen,selected,2026,6,2025-02-17 01:00:00,2025-02-20 18:00:00,90,62.79,True,True,92.4157943725586,-1.6092682592184009,90.8065261133402,0,0,0.1
core_neuralprophet_frozen_s2026,neuralprophet,frozen,selected,2026,6,2025-02-17 01:00:00,2025-02-20 19:00:00,91,28.63,True,True,53.002685546875,-1.6092682592184009,51.3934172876566,0,0,0.1
core_neuralprophet_frozen_s2026,neuralprophet,frozen,selected,2026,6,2025-02-17 01:00:00,2025-02-20 20:00:00,92,27.27,True,True,53.68910217285156,-1.6092682592184009,52.07983391363316,0,0,0.1
core_neuralprophet_frozen_s2026,neuralprophet,frozen,selected,2026,6,2025-02-17 01:00:00,2025-02-20 21:00:00,93,29.6,True,True,49.04961395263672,-1.6092682592184009,47.440345693418315,0,0,0.1
core_neuralprophet_frozen_s2026,neuralprophet,frozen,selected,2026,6,2025-02-17 01:00:00,2025-02-20 22:00:00,94,36.29,True,True,61.81583023071289,-1.6092682592184009,60.20656197149449,0,0,0.1
core_neuralprophet_frozen_s2026,neuralprophet,frozen,selected,2026,6,2025-02-17 01:00:00,2025-02-20 23:00:00,95,73.17,True,True,94.03946685791016,-1.6092682592184009,92.43019859869176,0,0,0.1
core_neuralprophet_frozen_s2026,neuralprophet,frozen,selected,2026,6,2025-02-17 01:00:00,2025-02-21 00:00:00,96,133.95,True,True,137.321533203125,-1.6092682592184009,135.7122649439066,0,0,0.1
core_neuralprophet_frozen_s2026,neuralprophet,frozen,selected,2026,6,2025-02-17 01:00:00,2025-02-21 01:00:00,97,175.82,True,True,184.027587890625,-1.6092682592184009,182.4183196314066,0,0,0.1
core_neuralprophet_frozen_s2026,neuralprophet,frozen,selected,2026,6,2025-02-17 01:00:00,2025-02-21 02:00:00,98,156.43,True,True,168.4320068359375,-1.6092682592184009,166.8227385767191,0,0,0.1
core_neuralprophet_frozen_s2026,neuralprophet,frozen,selected,2026,6,2025-02-17 01:00:00,2025-02-21 03:00:00,99,104.34,True,True,109.53620910644533,-1.6092682592184009,107.92694084722693,0,0,0.1
core_neuralprophet_frozen_s2026,neuralprophet,frozen,selected,2026,6,2025-02-17 01:00:00,2025-02-21 04:00:00,100,31.13,True,True,31.163484573364254,-1.6092682592184009,29.554216314145854,0,0,0.1
core_neuralprophet_frozen_s2026,neuralprophet,frozen,selected,2026,6,2025-02-17 01:00:00,2025-02-21 05:00:00,101,23.81,True,True,77.5216293334961,-1.6092682592184009,75.9123610742777,0,0,0.1
core_neuralprophet_frozen_s2026,neuralprophet,frozen,selected,2026,6,2025-02-17 01:00:00,2025-02-21 06:00:00,102,23.91,True,True,64.75951385498047,-1.6092682592184009,63.150245595762065,0,0,0.1
core_neuralprophet_frozen_s2026,neuralprophet,frozen,selected,2026,6,2025-02-17 01:00:00,2025-02-21 07:00:00,103,33.32,True,True,81.41932678222656,-1.6092682592184009,79.81005852300817,0,0,0.1
core_neuralprophet_frozen_s2026,neuralprophet,frozen,selected,2026,6,2025-02-17 01:00:00,2025-02-21 08:00:00,104,61.12,True,True,110.181396484375,-1.6092682592184009,108.5721282251566,0,0,0.1
core_neuralprophet_frozen_s2026,neuralprophet,frozen,selected,2026,6,2025-02-17 01:00:00,2025-02-21 09:00:00,105,100.3,True,True,152.26914978027344,-1.6092682592184009,150.65988152105504,0,0,0.1
core_neuralprophet_frozen_s2026,neuralprophet,frozen,selected,2026,6,2025-02-17 01:00:00,2025-02-21 10:00:00,106,218.15,True,True,236.8843994140625,-1.6092682592184009,235.2751311548441,0,0,0.1
core_neuralprophet_frozen_s2026,neuralprophet,frozen,selected,2026,6,2025-02-17 01:00:00,2025-02-21 11:00:00,107,414.26,True,True,413.1320190429688,-1.6092682592184009,411.5227507837504,0,0,0.1
core_neuralprophet_frozen_s2026,neuralprophet,frozen,selected,2026,6,2025-02-17 01:00:00,2025-02-21 12:00:00,108,593.67,True,True,607.5799560546875,-1.6092682592184009,605.9706877954691,0,0,0.1
core_neuralprophet_frozen_s2026,neuralprophet,frozen,selected,2026,6,2025-02-17 01:00:00,2025-02-21 13:00:00,109,679.3,True,True,694.6687622070312,-1.6092682592184009,693.0594939478128,0,0,0.1
core_neuralprophet_frozen_s2026,neuralprophet,frozen,selected,2026,6,2025-02-17 01:00:00,2025-02-21 14:00:00,110,638.2,True,True,671.1109619140625,-1.6092682592184009,669.5016936548441,0,0,0.1
core_neuralprophet_frozen_s2026,neuralprophet,frozen,selected,2026,6,2025-02-17 01:00:00,2025-02-21 15:00:00,111,482.66,True,True,529.9041748046875,-1.6092682592184009,528.2949065454691,0,0,0.1
core_neuralprophet_frozen_s2026,neuralprophet,frozen,selected,2026,6,2025-02-17 01:00:00,2025-02-21 16:00:00,112,256.64,True,True,313.1729431152344,-1.6092682592184009,311.56367485601595,0,0,0.1
core_neuralprophet_frozen_s2026,neuralprophet,frozen,selected,2026,6,2025-02-17 01:00:00,2025-02-21 17:00:00,113,111.54,True,True,168.7103271484375,-1.6092682592184009,167.1010588892191,0,0,0.1
core_neuralprophet_frozen_s2026,neuralprophet,frozen,selected,2026,6,2025-02-17 01:00:00,2025-02-21 18:00:00,114,53.57,True,True,96.54288482666016,-1.6092682592184009,94.93361656744176,0,0,0.1
core_neuralprophet_frozen_s2026,neuralprophet,frozen,selected,2026,6,2025-02-17 01:00:00,2025-02-21 19:00:00,115,40.4,True,True,70.61671447753906,-1.6092682592184009,69.00744621832067,0,0,0.1
core_neuralprophet_frozen_s2026,neuralprophet,frozen,selected,2026,6,2025-02-17 01:00:00,2025-02-21 20:00:00,116,48.97,True,True,66.10086822509766,-1.6092682592184009,64.49159996587926,0,0,0.1
core_neuralprophet_frozen_s2026,neuralprophet,frozen,selected,2026,6,2025-02-17 01:00:00,2025-02-21 21:00:00,117,61.32,True,True,94.71292877197266,-1.6092682592184009,93.10366051275426,0,0,0.1
core_neuralprophet_frozen_s2026,neuralprophet,frozen,selected,2026,6,2025-02-17 01:00:00,2025-02-21 22:00:00,118,74.62,True,True,106.72945404052734,-1.6092682592184009,105.12018578130895,0,0,0.1
core_neuralprophet_frozen_s2026,neuralprophet,frozen,selected,2026,6,2025-02-17 01:00:00,2025-02-21 23:00:00,119,113.77,True,True,133.3657989501953,-1.6092682592184009,131.75653069097692,0,0,0.1
core_neuralprophet_frozen_s2026,neuralprophet,frozen,selected,2026,6,2025-02-17 01:00:00,2025-02-22 00:00:00,120,154.05,True,True,160.7566680908203,-1.6092682592184009,159.14739983160192,0,0,0.1
core_neuralprophet_frozen_s2026,neuralprophet,frozen,selected,2026,6,2025-02-17 01:00:00,2025-02-22 01:00:00,121,164.86,True,True,178.82647705078125,-1.6092682592184009,177.21720879156285,0,0,0.1
core_neuralprophet_frozen_s2026,neuralprophet,frozen,selected,2026,6,2025-02-17 01:00:00,2025-02-22 02:00:00,122,150.83,True,True,171.27365112304688,-1.6092682592184009,169.66438286382848,0,0,0.1
core_neuralprophet_frozen_s2026,neuralprophet,frozen,selected,2026,6,2025-02-17 01:00:00,2025-02-22 03:00:00,123,107.01,True,True,118.98735809326172,-1.6092682592184009,117.37808983404332,0,0,0.1
core_neuralprophet_frozen_s2026,neuralprophet,frozen,selected,2026,6,2025-02-17 01:00:00,2025-02-22 04:00:00,124,28.36,True,True,33.27848815917969,-1.6092682592184009,31.669219899961288,0,0,0.1
core_neuralprophet_frozen_s2026,neuralprophet,frozen,selected,2026,6,2025-02-17 01:00:00,2025-02-22 05:00:00,125,17.74,True,True,43.34365081787109,-1.6092682592184009,41.73438255865268,0,0,0.1
core_neuralprophet_frozen_s2026,neuralprophet,frozen,selected,2026,6,2025-02-17 01:00:00,2025-02-22 06:00:00,126,15.1,True,True,45.611106872558594,-1.6092682592184009,44.00183861334019,0,0,0.1
core_neuralprophet_frozen_s2026,neuralprophet,frozen,selected,2026,6,2025-02-17 01:00:00,2025-02-22 07:00:00,127,15.54,True,True,40.137786865234375,-1.6092682592184009,38.52851860601597,0,0,0.1
core_neuralprophet_frozen_s2026,neuralprophet,frozen,selected,2026,6,2025-02-17 01:00:00,2025-02-22 08:00:00,128,19.92,True,True,32.85890579223633,-1.6092682592184009,31.24963753301793,0,0,0.1
core_neuralprophet_frozen_s2026,neuralprophet,frozen,selected,2026,6,2025-02-17 01:00:00,2025-02-22 09:00:00,129,24.69,True,True,52.54900741577149,-1.6092682592184009,50.93973915655309,0,0,0.1
core_neuralprophet_frozen_s2026,neuralprophet,frozen,selected,2026,6,2025-02-17 01:00:00,2025-02-22 10:00:00,130,31.99,True,True,57.36553955078125,-1.6092682592184009,55.75627129156285,0,0,0.1
core_neuralprophet_frozen_s2026,neuralprophet,frozen,selected,2026,6,2025-02-17 01:00:00,2025-02-22 11:00:00,131,44.39,True,True,65.515625,-1.6092682592184009,63.9063567407816,0,0,0.1
core_neuralprophet_frozen_s2026,neuralprophet,frozen,selected,2026,6,2025-02-17 01:00:00,2025-02-22 12:00:00,132,53.64,True,True,55.427345275878906,-1.6092682592184009,53.8180770166605,0,0,0.1
core_neuralprophet_frozen_s2026,neuralprophet,frozen,selected,2026,6,2025-02-17 01:00:00,2025-02-22 13:00:00,133,51.41,True,True,56.19001388549805,-1.6092682592184009,54.58074562627964,0,0,0.1
core_neuralprophet_frozen_s2026,neuralprophet,frozen,selected,2026,6,2025-02-17 01:00:00,2025-02-22 14:00:00,134,36.39,True,True,43.48462677001953,-1.6092682592184009,41.87535851080113,0,0,0.1
core_neuralprophet_frozen_s2026,neuralprophet,frozen,selected,2026,6,2025-02-17 01:00:00,2025-02-22 15:00:00,135,19.09,True,True,18.209665298461918,-1.6092682592184009,16.600397039243518,0,0,0.1
core_neuralprophet_frozen_s2026,neuralprophet,frozen,selected,2026,6,2025-02-17 01:00:00,2025-02-22 16:00:00,136,5.61,True,True,3.2580795288085938,-1.6092682592184009,1.6488112695901929,0,0,0.1
core_neuralprophet_frozen_s2026,neuralprophet,frozen,selected,2026,6,2025-02-17 01:00:00,2025-02-22 17:00:00,137,4.48,True,True,5.969268798828125,-1.6092682592184009,4.360000539609724,0,0,0.1
core_neuralprophet_frozen_s2026,neuralprophet,frozen,selected,2026,6,2025-02-17 01:00:00,2025-02-22 18:00:00,138,4.93,True,True,1.2482588291168213,-1.6092682592184009,-0.3610094301015796,0,0,0.1
core_neuralprophet_frozen_s2026,neuralprophet,frozen,selected,2026,6,2025-02-17 01:00:00,2025-02-22 19:00:00,139,5.77,True,True,4.581722736358643,-1.6092682592184009,2.972454477140242,0,0,0.1
core_neuralprophet_frozen_s2026,neuralprophet,frozen,selected,2026,6,2025-02-17 01:00:00,2025-02-22 20:00:00,140,7.12,True,True,-1.8723998069763184,-1.6092682592184009,-3.481668066194719,0,0,0.1
core_neuralprophet_frozen_s2026,neuralprophet,frozen,selected,2026,6,2025-02-17 01:00:00,2025-02-22 21:00:00,141,8.89,True,True,22.040372848510746,-1.6092682592184009,20.431104589292346,0,0,0.1
core_neuralprophet_frozen_s2026,neuralprophet,frozen,selected,2026,6,2025-02-17 01:00:00,2025-02-22 22:00:00,142,11.77,True,True,22.932615280151367,-1.6092682592184009,21.323347020932967,0,0,0.1
core_neuralprophet_frozen_s2026,neuralprophet,frozen,selected,2026,6,2025-02-17 01:00:00,2025-02-22 23:00:00,143,22.68,True,True,33.83681869506836,-1.6092682592184009,32.227550435849956,0,0,0.1
core_neuralprophet_frozen_s2026,neuralprophet,frozen,selected,2026,6,2025-02-17 01:00:00,2025-02-23 00:00:00,144,34.23,True,True,68.72421264648438,-1.6092682592184009,67.11494438726598,0,0,0.1
core_neuralprophet_frozen_s2026,neuralprophet,frozen,selected,2026,6,2025-02-17 01:00:00,2025-02-23 01:00:00,145,37.87,True,True,51.61914443969727,-1.6092682592184009,50.00987618047887,0,0,0.1
core_neuralprophet_frozen_s2026,neuralprophet,frozen,selected,2026,6,2025-02-17 01:00:00,2025-02-23 02:00:00,146,32.66,True,True,24.110990524291992,-1.6092682592184009,22.501722265073592,0,0,0.1
core_neuralprophet_frozen_s2026,neuralprophet,frozen,selected,2026,6,2025-02-17 01:00:00,2025-02-23 03:00:00,147,23.38,True,True,3.911520957946777,-1.6092682592184009,2.302252698728376,0,0,0.1
core_neuralprophet_frozen_s2026,neuralprophet,frozen,selected,2026,6,2025-02-17 01:00:00,2025-02-23 04:00:00,148,16.47,True,True,33.250633239746094,-1.6092682592184009,31.641364980527694,0,0,0.1
core_neuralprophet_frozen_s2026,neuralprophet,frozen,selected,2026,6,2025-02-17 01:00:00,2025-02-23 05:00:00,149,15.24,True,True,45.96786117553711,-1.6092682592184009,44.358592916318706,0,0,0.1
core_neuralprophet_frozen_s2026,neuralprophet,frozen,selected,2026,6,2025-02-17 01:00:00,2025-02-23 06:00:00,150,15.88,True,True,46.74250411987305,-1.6092682592184009,45.13323586065464,0,0,0.1
core_neuralprophet_frozen_s2026,neuralprophet,frozen,selected,2026,6,2025-02-17 01:00:00,2025-02-23 07:00:00,151,17.65,True,True,45.56462478637695,-1.6092682592184009,43.95535652715855,0,0,0.1
core_neuralprophet_frozen_s2026,neuralprophet,frozen,selected,2026,6,2025-02-17 01:00:00,2025-02-23 08:00:00,152,20.99,True,True,56.24698257446289,-1.6092682592184009,54.63771431524449,0,0,0.1
core_neuralprophet_frozen_s2026,neuralprophet,frozen,selected,2026,6,2025-02-17 01:00:00,2025-02-23 09:00:00,153,24.16,True,True,54.91293716430664,-1.6092682592184009,53.30366890508824,0,0,0.1
core_neuralprophet_frozen_s2026,neuralprophet,frozen,selected,2026,6,2025-02-17 01:00:00,2025-02-23 10:00:00,154,41.36,True,True,92.94910430908205,-1.6092682592184009,91.33983604986365,0,0,0.1
core_neuralprophet_frozen_s2026,neuralprophet,frozen,selected,2026,6,2025-02-17 01:00:00,2025-02-23 11:00:00,155,88.86,True,True,156.95498657226562,-1.6092682592184009,155.34571831304723,0,0,0.1
core_neuralprophet_frozen_s2026,neuralprophet,frozen,selected,2026,6,2025-02-17 01:00:00,2025-02-23 12:00:00,156,145.03,True,True,195.0120391845703,-1.6092682592184009,193.40277092535192,0,0,0.1
core_neuralprophet_frozen_s2026,neuralprophet,frozen,selected,2026,6,2025-02-17 01:00:00,2025-02-23 13:00:00,157,220.52,True,True,256.7012023925781,-1.6092682592184009,255.09193413335973,0,0,0.1
core_neuralprophet_frozen_s2026,neuralprophet,frozen,selected,2026,6,2025-02-17 01:00:00,2025-02-23 14:00:00,158,320.9,True,True,360.684326171875,-1.6092682592184009,359.0750579126566,0,0,0.1
core_neuralprophet_frozen_s2026,neuralprophet,frozen,selected,2026,6,2025-02-17 01:00:00,2025-02-23 15:00:00,159,383.17,True,True,418.4514465332031,-1.6092682592184009,416.8421782739847,0,0,0.1
core_neuralprophet_frozen_s2026,neuralprophet,frozen,selected,2026,6,2025-02-17 01:00:00,2025-02-23 16:00:00,160,384.47,True,True,405.81732177734375,-1.6092682592184009,404.2080535181253,0,0,0.1
core_neuralprophet_frozen_s2026,neuralprophet,frozen,selected,2026,6,2025-02-17 01:00:00,2025-02-23 17:00:00,161,360.95,True,True,406.1807556152344,-1.6092682592184009,404.57148735601595,0,0,0.1
core_neuralprophet_frozen_s2026,neuralprophet,frozen,selected,2026,6,2025-02-17 01:00:00,2025-02-23 18:00:00,162,343.9,True,True,381.8204956054688,-1.6092682592184009,380.2112273462504,0,0,0.1
core_neuralprophet_frozen_s2026,neuralprophet,frozen,selected,2026,6,2025-02-17 01:00:00,2025-02-23 19:00:00,163,312.32,True,True,349.5659484863281,-1.6092682592184009,347.9566802271097,0,0,0.1
core_neuralprophet_frozen_s2026,neuralprophet,frozen,selected,2026,6,2025-02-17 01:00:00,2025-02-23 20:00:00,164,279.43,True,True,328.3757019042969,-1.6092682592184009,326.76643364507845,0,0,0.1
core_neuralprophet_frozen_s2026,neuralprophet,frozen,selected,2026,6,2025-02-17 01:00:00,2025-02-23 21:00:00,165,257.35,True,True,312.7008972167969,-1.6092682592184009,311.09162895757845,0,0,0.1
core_neuralprophet_frozen_s2026,neuralprophet,frozen,selected,2026,6,2025-02-17 01:00:00,2025-02-23 22:00:00,166,238.45,True,True,280.85235595703125,-1.6092682592184009,279.2430876978128,0,0,0.1
core_neuralprophet_frozen_s2026,neuralprophet,frozen,selected,2026,6,2025-02-17 01:00:00,2025-02-23 23:00:00,167,303.74,True,True,326.21923828125,-1.6092682592184009,324.6099700220316,0,0,0.1
core_neuralprophet_frozen_s2026,neuralprophet,frozen,selected,2026,6,2025-02-17 01:00:00,2025-02-24 00:00:00,168,431.37,True,True,443.8596801757813,-1.6092682592184009,442.2504119165629,0,0,0.1
core_neuralprophet_frozen_s2026,neuralprophet,frozen,selected,2026,7,2025-02-24 01:00:00,2025-02-24 01:00:00,1,567.5,True,True,574.117919921875,-3.616767505241252,570.5011524166338,0,0,0.1
core_neuralprophet_frozen_s2026,neuralprophet,frozen,selected,2026,7,2025-02-24 01:00:00,2025-02-24 02:00:00,2,657.01,True,True,681.6336669921875,-3.616767505241252,678.0168994869463,0,0,0.1
core_neuralprophet_frozen_s2026,neuralprophet,frozen,selected,2026,7,2025-02-24 01:00:00,2025-02-24 03:00:00,3,678.43,True,True,677.4559936523438,-3.616767505241252,673.8392261471025,0,0,0.1
core_neuralprophet_frozen_s2026,neuralprophet,frozen,selected,2026,7,2025-02-24 01:00:00,2025-02-24 04:00:00,4,329.78,True,True,294.50274658203125,-3.616767505241252,290.88597907679,0,0,0.1
core_neuralprophet_frozen_s2026,neuralprophet,frozen,selected,2026,7,2025-02-24 01:00:00,2025-02-24 05:00:00,5,267.85,True,True,265.65777587890625,-3.616767505241252,262.041008373665,0,0,0.1
core_neuralprophet_frozen_s2026,neuralprophet,frozen,selected,2026,7,2025-02-24 01:00:00,2025-02-24 06:00:00,6,205.48,True,True,230.4381561279297,-3.616767505241252,226.82138862268843,0,0,0.1
core_neuralprophet_frozen_s2026,neuralprophet,frozen,selected,2026,7,2025-02-24 01:00:00,2025-02-24 07:00:00,7,140.92,True,True,158.5699920654297,-3.616767505241252,154.95322456018843,0,0,0.1
core_neuralprophet_frozen_s2026,neuralprophet,frozen,selected,2026,7,2025-02-24 01:00:00,2025-02-24 08:00:00,8,114.98,True,True,112.32083892822266,-3.616767505241252,108.7040714229814,0,0,0.1
core_neuralprophet_frozen_s2026,neuralprophet,frozen,selected,2026,7,2025-02-24 01:00:00,2025-02-24 09:00:00,9,113.32,True,True,102.40111541748048,-3.616767505241252,98.78434791223923,0,0,0.1
core_neuralprophet_frozen_s2026,neuralprophet,frozen,selected,2026,7,2025-02-24 01:00:00,2025-02-24 10:00:00,10,132.34,True,True,106.57135009765624,-3.616767505241252,102.95458259241498,0,0,0.1
core_neuralprophet_frozen_s2026,neuralprophet,frozen,selected,2026,7,2025-02-24 01:00:00,2025-02-24 11:00:00,11,171.17,True,True,142.16770935058594,-3.616767505241252,138.55094184534468,0,0,0.1
core_neuralprophet_frozen_s2026,neuralprophet,frozen,selected,2026,7,2025-02-24 01:00:00,2025-02-24 12:00:00,12,215.68,True,True,175.83853149414062,-3.616767505241252,172.22176398889937,0,0,0.1
core_neuralprophet_frozen_s2026,neuralprophet,frozen,selected,2026,7,2025-02-24 01:00:00,2025-02-24 13:00:00,13,291.4,True,True,240.3602752685547,-3.616767505241252,236.74350776331343,0,0,0.1
core_neuralprophet_frozen_s2026,neuralprophet,frozen,selected,2026,7,2025-02-24 01:00:00,2025-02-24 14:00:00,14,403.27,True,True,348.93634033203125,-3.616767505241252,345.31957282679,0,0,0.1
core_neuralprophet_frozen_s2026,neuralprophet,frozen,selected,2026,7,2025-02-24 01:00:00,2025-02-24 15:00:00,15,487.22,True,True,423.9795227050781,-3.616767505241252,420.3627551998369,0,0,0.1
core_neuralprophet_frozen_s2026,neuralprophet,frozen,selected,2026,7,2025-02-24 01:00:00,2025-02-24 16:00:00,16,498.67,True,True,446.3016357421875,-3.616767505241252,442.6848682369463,0,0,0.1
core_neuralprophet_frozen_s2026,neuralprophet,frozen,selected,2026,7,2025-02-24 01:00:00,2025-02-24 17:00:00,17,488.64,True,True,438.6237182617188,-3.616767505241252,435.0069507564776,0,0,0.1
core_neuralprophet_frozen_s2026,neuralprophet,frozen,selected,2026,7,2025-02-24 01:00:00,2025-02-24 18:00:00,18,481.07,True,True,416.9309692382813,-3.616767505241252,413.3142017330401,0,0,0.1
core_neuralprophet_frozen_s2026,neuralprophet,frozen,selected,2026,7,2025-02-24 01:00:00,2025-02-24 19:00:00,19,466.0,True,True,410.8385314941406,-3.616767505241252,407.2217639888994,0,0,0.1
core_neuralprophet_frozen_s2026,neuralprophet,frozen,selected,2026,7,2025-02-24 01:00:00,2025-02-24 20:00:00,20,414.32,True,True,388.3523864746094,-3.616767505241252,384.73561896936815,0,0,0.1
core_neuralprophet_frozen_s2026,neuralprophet,frozen,selected,2026,7,2025-02-24 01:00:00,2025-02-24 21:00:00,21,325.84,True,True,318.0317077636719,-3.616767505241252,314.41494025843065,0,0,0.1
core_neuralprophet_frozen_s2026,neuralprophet,frozen,selected,2026,7,2025-02-24 01:00:00,2025-02-24 22:00:00,22,214.52,True,True,221.0992126464844,-3.616767505241252,217.48244514124315,0,0,0.1
core_neuralprophet_frozen_s2026,neuralprophet,frozen,selected,2026,7,2025-02-24 01:00:00,2025-02-24 23:00:00,23,167.95,True,True,178.9161376953125,-3.616767505241252,175.29937019007124,0,0,0.1
core_neuralprophet_frozen_s2026,neuralprophet,frozen,selected,2026,7,2025-02-24 01:00:00,2025-02-25 00:00:00,24,149.83,True,True,158.9753875732422,-3.616767505241252,155.35862006800093,0,0,0.1
core_neuralprophet_frozen_s2026,neuralprophet,frozen,selected,2026,7,2025-02-24 01:00:00,2025-02-25 01:00:00,25,78.4,True,True,59.04655456542969,-3.616767505241252,55.42978706018844,0,0,0.1
core_neuralprophet_frozen_s2026,neuralprophet,frozen,selected,2026,7,2025-02-24 01:00:00,2025-02-25 02:00:00,26,68.26,True,True,21.938480377197266,-3.616767505241252,18.321712871956013,0,0,0.1
core_neuralprophet_frozen_s2026,neuralprophet,frozen,selected,2026,7,2025-02-24 01:00:00,2025-02-25 03:00:00,27,59.85,True,True,3.1871376037597656,-3.616767505241252,-0.42962990148148616,0,0,0.1
core_neuralprophet_frozen_s2026,neuralprophet,frozen,selected,2026,7,2025-02-24 01:00:00,2025-02-25 04:00:00,28,43.97,True,True,1.750373363494873,-3.616767505241252,-1.8663941417463787,0,0,0.1
core_neuralprophet_frozen_s2026,neuralprophet,frozen,selected,2026,7,2025-02-24 01:00:00,2025-02-25 05:00:00,29,32.36,True,True,6.001839637756348,-3.616767505241252,2.385072132515096,0,0,0.1
core_neuralprophet_frozen_s2026,neuralprophet,frozen,selected,2026,7,2025-02-24 01:00:00,2025-02-25 06:00:00,30,27.24,True,True,3.095451831817627,-3.616767505241252,-0.5213156734236248,0,0,0.1
core_neuralprophet_frozen_s2026,neuralprophet,frozen,selected,2026,7,2025-02-24 01:00:00,2025-02-25 07:00:00,31,26.58,True,True,0.5213780403137207,-3.616767505241252,-3.095389464927531,0,0,0.1
core_neuralprophet_frozen_s2026,neuralprophet,frozen,selected,2026,7,2025-02-24 01:00:00,2025-02-25 08:00:00,32,32.4,True,True,18.216766357421875,-3.616767505241252,14.599998852180622,0,0,0.1
core_neuralprophet_frozen_s2026,neuralprophet,frozen,selected,2026,7,2025-02-24 01:00:00,2025-02-25 09:00:00,33,39.85,True,True,32.78732681274414,-3.616767505241252,29.170559307502888,0,0,0.1
core_neuralprophet_frozen_s2026,neuralprophet,frozen,selected,2026,7,2025-02-24 01:00:00,2025-02-25 10:00:00,34,71.18,True,True,73.954345703125,-3.616767505241252,70.33757819788374,0,0,0.1
core_neuralprophet_frozen_s2026,neuralprophet,frozen,selected,2026,7,2025-02-24 01:00:00,2025-02-25 11:00:00,35,131.49,True,True,162.280517578125,-3.616767505241252,158.66375007288374,0,0,0.1
core_neuralprophet_frozen_s2026,neuralprophet,frozen,selected,2026,7,2025-02-24 01:00:00,2025-02-25 12:00:00,36,187.66,True,True,229.16065979003903,-3.616767505241252,225.54389228479778,0,0,0.1
core_neuralprophet_frozen_s2026,neuralprophet,frozen,selected,2026,7,2025-02-24 01:00:00,2025-02-25 13:00:00,37,235.48,True,True,277.7535095214844,-3.616767505241252,274.13674201624315,0,0,0.1
core_neuralprophet_frozen_s2026,neuralprophet,frozen,selected,2026,7,2025-02-24 01:00:00,2025-02-25 14:00:00,38,294.34,True,True,330.7568664550781,-3.616767505241252,327.1400989498369,0,0,0.1
core_neuralprophet_frozen_s2026,neuralprophet,frozen,selected,2026,7,2025-02-24 01:00:00,2025-02-25 15:00:00,39,326.03,True,True,358.29083251953125,-3.616767505241252,354.67406501429,0,0,0.1
core_neuralprophet_frozen_s2026,neuralprophet,frozen,selected,2026,7,2025-02-24 01:00:00,2025-02-25 16:00:00,40,324.64,True,True,364.81097412109375,-3.616767505241252,361.1942066158525,0,0,0.1
core_neuralprophet_frozen_s2026,neuralprophet,frozen,selected,2026,7,2025-02-24 01:00:00,2025-02-25 17:00:00,41,340.78,True,True,375.9381713867188,-3.616767505241252,372.3214038814776,0,0,0.1
core_neuralprophet_frozen_s2026,neuralprophet,frozen,selected,2026,7,2025-02-24 01:00:00,2025-02-25 18:00:00,42,385.55,True,True,415.689453125,-3.616767505241252,412.0726856197588,0,0,0.1
core_neuralprophet_frozen_s2026,neuralprophet,frozen,selected,2026,7,2025-02-24 01:00:00,2025-02-25 19:00:00,43,440.08,True,True,464.46240234375,-3.616767505241252,460.8456348385088,0,0,0.1
core_neuralprophet_frozen_s2026,neuralprophet,frozen,selected,2026,7,2025-02-24 01:00:00,2025-02-25 20:00:00,44,466.09,True,True,502.1335144042969,-3.616767505241252,498.51674689905565,0,0,0.1
core_neuralprophet_frozen_s2026,neuralprophet,frozen,selected,2026,7,2025-02-24 01:00:00,2025-02-25 21:00:00,45,471.03,True,True,500.5314331054688,-3.616767505241252,496.9146656002276,0,0,0.1
core_neuralprophet_frozen_s2026,neuralprophet,frozen,selected,2026,7,2025-02-24 01:00:00,2025-02-25 22:00:00,46,433.22,True,True,475.0789794921875,-3.616767505241252,471.4622119869463,0,0,0.1
core_neuralprophet_frozen_s2026,neuralprophet,frozen,selected,2026,7,2025-02-24 01:00:00,2025-02-25 23:00:00,47,490.15,True,True,513.6777954101562,-3.616767505241252,510.061027904915,0,0,0.1
core_neuralprophet_frozen_s2026,neuralprophet,frozen,selected,2026,7,2025-02-24 01:00:00,2025-02-26 00:00:00,48,637.11,True,True,660.6572265625,-3.616767505241252,657.0404590572588,0,0,0.1
core_neuralprophet_frozen_s2026,neuralprophet,frozen,selected,2026,7,2025-02-24 01:00:00,2025-02-26 01:00:00,49,773.54,True,True,805.2669677734375,-3.616767505241252,801.6502002681963,0,0,0.1
core_neuralprophet_frozen_s2026,neuralprophet,frozen,selected,2026,7,2025-02-24 01:00:00,2025-02-26 02:00:00,50,767.72,True,True,807.5308227539062,-3.616767505241252,803.914055248665,0,0,0.1
core_neuralprophet_frozen_s2026,neuralprophet,frozen,selected,2026,7,2025-02-24 01:00:00,2025-02-26 03:00:00,51,615.72,True,True,650.70263671875,-3.616767505241252,647.0858692135088,0,0,0.1
core_neuralprophet_frozen_s2026,neuralprophet,frozen,selected,2026,7,2025-02-24 01:00:00,2025-02-26 04:00:00,52,235.46,True,True,222.32546997070312,-3.616767505241252,218.70870246546187,0,0,0.1
core_neuralprophet_frozen_s2026,neuralprophet,frozen,selected,2026,7,2025-02-24 01:00:00,2025-02-26 05:00:00,53,202.88,True,True,205.3004150390625,-3.616767505241252,201.68364753382124,0,0,0.1
core_neuralprophet_frozen_s2026,neuralprophet,frozen,selected,2026,7,2025-02-24 01:00:00,2025-02-26 06:00:00,54,202.57,True,True,196.3461761474609,-3.616767505241252,192.72940864221965,0,0,0.1
core_neuralprophet_frozen_s2026,neuralprophet,frozen,selected,2026,7,2025-02-24 01:00:00,2025-02-26 07:00:00,55,221.7,True,True,212.68646240234372,-3.616767505241252,209.06969489710247,0,0,0.1
core_neuralprophet_frozen_s2026,neuralprophet,frozen,selected,2026,7,2025-02-24 01:00:00,2025-02-26 08:00:00,56,267.63,True,True,252.7408599853516,-3.616767505241252,249.12409248011033,0,0,0.1
core_neuralprophet_frozen_s2026,neuralprophet,frozen,selected,2026,7,2025-02-24 01:00:00,2025-02-26 09:00:00,57,301.27,True,True,274.7380065917969,-3.616767505241252,271.12123908655565,0,0,0.1
core_neuralprophet_frozen_s2026,neuralprophet,frozen,selected,2026,7,2025-02-24 01:00:00,2025-02-26 10:00:00,58,392.84,True,True,366.4380187988281,-3.616767505241252,362.8212512935869,0,0,0.1
core_neuralprophet_frozen_s2026,neuralprophet,frozen,selected,2026,7,2025-02-24 01:00:00,2025-02-26 11:00:00,59,577.98,True,True,566.0009765625,-3.616767505241252,562.3842090572588,0,0,0.1
core_neuralprophet_frozen_s2026,neuralprophet,frozen,selected,2026,7,2025-02-24 01:00:00,2025-02-26 12:00:00,60,790.24,True,True,763.205078125,-3.616767505241252,759.5883106197588,0,0,0.1
core_neuralprophet_frozen_s2026,neuralprophet,frozen,selected,2026,7,2025-02-24 01:00:00,2025-02-26 13:00:00,61,954.72,True,True,924.9739990234376,-3.616767505241252,921.3572315181964,0,0,0.1
core_neuralprophet_frozen_s2026,neuralprophet,frozen,selected,2026,7,2025-02-24 01:00:00,2025-02-26 14:00:00,62,1051.75,True,True,1046.7529296875,-3.616767505241252,1043.1361621822587,0,0,0.1
core_neuralprophet_frozen_s2026,neuralprophet,frozen,selected,2026,7,2025-02-24 01:00:00,2025-02-26 15:00:00,63,1006.67,True,True,1000.5723266601562,-3.616767505241252,996.955559154915,0,0,0.1
core_neuralprophet_frozen_s2026,neuralprophet,frozen,selected,2026,7,2025-02-24 01:00:00,2025-02-26 16:00:00,64,853.49,True,True,858.3057861328125,-3.616767505241252,854.6890186275713,0,0,0.1
core_neuralprophet_frozen_s2026,neuralprophet,frozen,selected,2026,7,2025-02-24 01:00:00,2025-02-26 17:00:00,65,722.09,True,True,723.0339965820312,-3.616767505241252,719.41722907679,0,0,0.1
core_neuralprophet_frozen_s2026,neuralprophet,frozen,selected,2026,7,2025-02-24 01:00:00,2025-02-26 18:00:00,66,624.6,True,True,644.3663940429688,-3.616767505241252,640.7496265377275,0,0,0.1
core_neuralprophet_frozen_s2026,neuralprophet,frozen,selected,2026,7,2025-02-24 01:00:00,2025-02-26 19:00:00,67,564.86,True,True,587.730224609375,-3.616767505241252,584.1134571041338,0,0,0.1
core_neuralprophet_frozen_s2026,neuralprophet,frozen,selected,2026,7,2025-02-24 01:00:00,2025-02-26 20:00:00,68,519.76,True,True,532.3394775390625,-3.616767505241252,528.7227100338213,0,0,0.1
core_neuralprophet_frozen_s2026,neuralprophet,frozen,selected,2026,7,2025-02-24 01:00:00,2025-02-26 21:00:00,69,478.4,True,True,489.5685424804688,-3.616767505241252,485.9517749752276,0,0,0.1
core_neuralprophet_frozen_s2026,neuralprophet,frozen,selected,2026,7,2025-02-24 01:00:00,2025-02-26 22:00:00,70,426.12,True,True,429.2445983886719,-3.616767505241252,425.62783088343065,0,0,0.1
core_neuralprophet_frozen_s2026,neuralprophet,frozen,selected,2026,7,2025-02-24 01:00:00,2025-02-26 23:00:00,71,473.81,True,True,486.962890625,-3.616767505241252,483.3461231197588,0,0,0.1
core_neuralprophet_frozen_s2026,neuralprophet,frozen,selected,2026,7,2025-02-24 01:00:00,2025-02-27 00:00:00,72,605.51,True,True,632.41064453125,-3.616767505241252,628.7938770260088,0,0,0.1
core_neuralprophet_frozen_s2026,neuralprophet,frozen,selected,2026,7,2025-02-24 01:00:00,2025-02-27 01:00:00,73,716.85,True,True,760.4738159179688,-3.616767505241252,756.8570484127275,0,0,0.1
core_neuralprophet_frozen_s2026,neuralprophet,frozen,selected,2026,7,2025-02-24 01:00:00,2025-02-27 02:00:00,74,726.64,True,True,779.3318481445312,-3.616767505241252,775.71508063929,0,0,0.1
core_neuralprophet_frozen_s2026,neuralprophet,frozen,selected,2026,7,2025-02-24 01:00:00,2025-02-27 03:00:00,75,631.98,True,True,702.4412841796875,-3.616767505241252,698.8245166744463,0,0,0.1
core_neuralprophet_frozen_s2026,neuralprophet,frozen,selected,2026,7,2025-02-24 01:00:00,2025-02-27 04:00:00,76,262.85,True,True,247.7947235107422,-3.616767505241252,244.17795600550093,0,0,0.1
core_neuralprophet_frozen_s2026,neuralprophet,frozen,selected,2026,7,2025-02-24 01:00:00,2025-02-27 05:00:00,77,241.47,True,True,207.2319183349609,-3.616767505241252,203.61515082971965,0,0,0.1
core_neuralprophet_frozen_s2026,neuralprophet,frozen,selected,2026,7,2025-02-24 01:00:00,2025-02-27 06:00:00,78,246.72,True,True,181.6074676513672,-3.616767505241252,177.99070014612593,0,0,0.1
core_neuralprophet_frozen_s2026,neuralprophet,frozen,selected,2026,7,2025-02-24 01:00:00,2025-02-27 07:00:00,79,271.67,True,True,193.58177185058597,-3.616767505241252,189.9650043453447,0,0,0.1
core_neuralprophet_frozen_s2026,neuralprophet,frozen,selected,2026,7,2025-02-24 01:00:00,2025-02-27 08:00:00,80,314.75,True,True,241.6239013671875,-3.616767505241252,238.00713386194624,0,0,0.1
core_neuralprophet_frozen_s2026,neuralprophet,frozen,selected,2026,7,2025-02-24 01:00:00,2025-02-27 09:00:00,81,345.98,True,True,240.3529357910156,-3.616767505241252,236.73616828577434,0,0,0.1
core_neuralprophet_frozen_s2026,neuralprophet,frozen,selected,2026,7,2025-02-24 01:00:00,2025-02-27 10:00:00,82,434.03,True,True,341.3872985839844,-3.616767505241252,337.77053107874315,0,0,0.1
core_neuralprophet_frozen_s2026,neuralprophet,frozen,selected,2026,7,2025-02-24 01:00:00,2025-02-27 11:00:00,83,616.47,True,True,518.688720703125,-3.616767505241252,515.0719531978838,0,0,0.1
core_neuralprophet_frozen_s2026,neuralprophet,frozen,selected,2026,7,2025-02-24 01:00:00,2025-02-27 12:00:00,84,818.34,True,True,746.0006713867188,-3.616767505241252,742.3839038814775,0,0,0.1
core_neuralprophet_frozen_s2026,neuralprophet,frozen,selected,2026,7,2025-02-24 01:00:00,2025-02-27 13:00:00,85,984.41,True,True,909.8733520507812,-3.616767505241252,906.25658454554,0,0,0.1
core_neuralprophet_frozen_s2026,neuralprophet,frozen,selected,2026,7,2025-02-24 01:00:00,2025-02-27 14:00:00,86,1099.03,True,True,1044.422607421875,-3.616767505241252,1040.8058399166337,0,0,0.1
core_neuralprophet_frozen_s2026,neuralprophet,frozen,selected,2026,7,2025-02-24 01:00:00,2025-02-27 15:00:00,87,1093.95,True,True,1055.522705078125,-3.616767505241252,1051.9059375728837,0,0,0.1
core_neuralprophet_frozen_s2026,neuralprophet,frozen,selected,2026,7,2025-02-24 01:00:00,2025-02-27 16:00:00,88,970.88,True,True,939.5323486328124,-3.616767505241252,935.9155811275712,0,0,0.1
core_neuralprophet_frozen_s2026,neuralprophet,frozen,selected,2026,7,2025-02-24 01:00:00,2025-02-27 17:00:00,89,828.37,True,True,805.9774780273438,-3.616767505241252,802.3607105221025,0,0,0.1
core_neuralprophet_frozen_s2026,neuralprophet,frozen,selected,2026,7,2025-02-24 01:00:00,2025-02-27 18:00:00,90,699.28,True,True,661.2841186523438,-3.616767505241252,657.6673511471025,0,0,0.1
core_neuralprophet_frozen_s2026,neuralprophet,frozen,selected,2026,7,2025-02-24 01:00:00,2025-02-27 19:00:00,91,584.72,True,True,546.3102416992188,-3.616767505241252,542.6934741939775,0,0,0.1
core_neuralprophet_frozen_s2026,neuralprophet,frozen,selected,2026,7,2025-02-24 01:00:00,2025-02-27 20:00:00,92,497.28,True,True,471.4620666503906,-3.616767505241252,467.8452991451494,0,0,0.1
core_neuralprophet_frozen_s2026,neuralprophet,frozen,selected,2026,7,2025-02-24 01:00:00,2025-02-27 21:00:00,93,435.76,True,True,411.6297607421875,-3.616767505241252,408.0129932369463,0,0,0.1
core_neuralprophet_frozen_s2026,neuralprophet,frozen,selected,2026,7,2025-02-24 01:00:00,2025-02-27 22:00:00,94,396.47,True,True,381.2571105957031,-3.616767505241252,377.6403430904619,0,0,0.1
core_neuralprophet_frozen_s2026,neuralprophet,frozen,selected,2026,7,2025-02-24 01:00:00,2025-02-27 23:00:00,95,406.53,True,True,386.9761352539063,-3.616767505241252,383.3593677486651,0,0,0.1
core_neuralprophet_frozen_s2026,neuralprophet,frozen,selected,2026,7,2025-02-24 01:00:00,2025-02-28 00:00:00,96,403.4,True,True,378.5801696777344,-3.616767505241252,374.96340217249315,0,0,0.1
core_neuralprophet_frozen_s2026,neuralprophet,frozen,selected,2026,7,2025-02-24 01:00:00,2025-02-28 01:00:00,97,368.27,True,True,373.9472961425781,-3.616767505241252,370.3305286373369,0,0,0.1
core_neuralprophet_frozen_s2026,neuralprophet,frozen,selected,2026,7,2025-02-24 01:00:00,2025-02-28 02:00:00,98,378.0,True,True,377.13970947265625,-3.616767505241252,373.522941967415,0,0,0.1
core_neuralprophet_frozen_s2026,neuralprophet,frozen,selected,2026,7,2025-02-24 01:00:00,2025-02-28 03:00:00,99,384.71,True,True,395.4207763671875,-3.616767505241252,391.8040088619463,0,0,0.1
core_neuralprophet_frozen_s2026,neuralprophet,frozen,selected,2026,7,2025-02-24 01:00:00,2025-02-28 04:00:00,100,288.84,True,True,293.7387390136719,-3.616767505241252,290.12197150843065,0,0,0.1
core_neuralprophet_frozen_s2026,neuralprophet,frozen,selected,2026,7,2025-02-24 01:00:00,2025-02-28 05:00:00,101,293.94,True,True,297.475830078125,-3.616767505241252,293.8590625728838,0,0,0.1
core_neuralprophet_frozen_s2026,neuralprophet,frozen,selected,2026,7,2025-02-24 01:00:00,2025-02-28 06:00:00,102,327.03,True,True,319.911376953125,-3.616767505241252,316.2946094478838,0,0,0.1
core_neuralprophet_frozen_s2026,neuralprophet,frozen,selected,2026,7,2025-02-24 01:00:00,2025-02-28 07:00:00,103,289.26,True,True,268.68426513671875,-3.616767505241252,265.0674976314775,0,0,0.1
core_neuralprophet_frozen_s2026,neuralprophet,frozen,selected,2026,7,2025-02-24 01:00:00,2025-02-28 08:00:00,104,274.0,True,True,262.8116760253906,-3.616767505241252,259.1949085201494,0,0,0.1
core_neuralprophet_frozen_s2026,neuralprophet,frozen,selected,2026,7,2025-02-24 01:00:00,2025-02-28 09:00:00,105,275.4,True,True,255.56640625,-3.616767505241252,251.94963874475874,0,0,0.1
core_neuralprophet_frozen_s2026,neuralprophet,frozen,selected,2026,7,2025-02-24 01:00:00,2025-02-28 10:00:00,106,364.94,True,True,345.6141662597656,-3.616767505241252,341.9973987545244,0,0,0.1
core_neuralprophet_frozen_s2026,neuralprophet,frozen,selected,2026,7,2025-02-24 01:00:00,2025-02-28 11:00:00,107,535.83,True,True,524.7800903320312,-3.616767505241252,521.16332282679,0,0,0.1
core_neuralprophet_frozen_s2026,neuralprophet,frozen,selected,2026,7,2025-02-24 01:00:00,2025-02-28 12:00:00,108,718.37,True,True,702.3026123046875,-3.616767505241252,698.6858447994463,0,0,0.1
core_neuralprophet_frozen_s2026,neuralprophet,frozen,selected,2026,7,2025-02-24 01:00:00,2025-02-28 13:00:00,109,858.36,True,True,848.92529296875,-3.616767505241252,845.3085254635088,0,0,0.1
core_neuralprophet_frozen_s2026,neuralprophet,frozen,selected,2026,7,2025-02-24 01:00:00,2025-02-28 14:00:00,110,925.4,True,True,885.5,-3.616767505241252,881.8832324947588,0,0,0.1
core_neuralprophet_frozen_s2026,neuralprophet,frozen,selected,2026,7,2025-02-24 01:00:00,2025-02-28 15:00:00,111,905.93,True,True,823.4281616210938,-3.616767505241252,819.8113941158525,0,0,0.1
core_neuralprophet_frozen_s2026,neuralprophet,frozen,selected,2026,7,2025-02-24 01:00:00,2025-02-28 16:00:00,112,828.34,True,True,724.4637451171875,-3.616767505241252,720.8469776119463,0,0,0.1
core_neuralprophet_frozen_s2026,neuralprophet,frozen,selected,2026,7,2025-02-24 01:00:00,2025-02-28 17:00:00,113,752.09,True,True,625.0408935546875,-3.616767505241252,621.4241260494463,0,0,0.1
core_neuralprophet_frozen_s2026,neuralprophet,frozen,selected,2026,7,2025-02-24 01:00:00,2025-02-28 18:00:00,114,680.31,True,True,531.8067016601562,-3.616767505241252,528.189934154915,0,0,0.1
core_neuralprophet_frozen_s2026,neuralprophet,frozen,selected,2026,7,2025-02-24 01:00:00,2025-02-28 19:00:00,115,627.56,True,True,481.8434143066406,-3.616767505241252,478.2266468013994,0,0,0.1
core_neuralprophet_frozen_s2026,neuralprophet,frozen,selected,2026,7,2025-02-24 01:00:00,2025-02-28 20:00:00,116,596.78,True,True,448.2332458496094,-3.616767505241252,444.61647834436815,0,0,0.1
core_neuralprophet_frozen_s2026,neuralprophet,frozen,selected,2026,7,2025-02-24 01:00:00,2025-02-28 21:00:00,117,579.9,True,True,469.0396728515625,-3.616767505241252,465.4229053463213,0,0,0.1
core_neuralprophet_frozen_s2026,neuralprophet,frozen,selected,2026,7,2025-02-24 01:00:00,2025-02-28 22:00:00,118,557.08,True,True,461.396728515625,-3.616767505241252,457.7799610103838,0,0,0.1
core_neuralprophet_frozen_s2026,neuralprophet,frozen,selected,2026,7,2025-02-24 01:00:00,2025-02-28 23:00:00,119,586.33,True,True,501.5522155761719,-3.616767505241252,497.93544807093065,0,0,0.1
core_neuralprophet_frozen_s2026,neuralprophet,frozen,selected,2026,7,2025-02-24 01:00:00,2025-03-01 00:00:00,120,660.96,True,True,580.8971557617188,-3.616767505241252,577.2803882564775,0,0,0.1
core_neuralprophet_frozen_s2026,neuralprophet,frozen,selected,2026,7,2025-02-24 01:00:00,2025-03-01 01:00:00,121,716.74,True,True,650.7908325195312,-3.616767505241252,647.17406501429,0,0,0.1
core_neuralprophet_frozen_s2026,neuralprophet,frozen,selected,2026,7,2025-02-24 01:00:00,2025-03-01 02:00:00,122,709.61,True,True,653.3922729492188,-3.616767505241252,649.7755054439775,0,0,0.1
core_neuralprophet_frozen_s2026,neuralprophet,frozen,selected,2026,7,2025-02-24 01:00:00,2025-03-01 03:00:00,123,649.32,True,True,572.97998046875,-3.616767505241252,569.3632129635088,0,0,0.1
core_neuralprophet_frozen_s2026,neuralprophet,frozen,selected,2026,7,2025-02-24 01:00:00,2025-03-01 04:00:00,124,536.52,True,True,264.6208801269531,-3.616767505241252,261.0041126217119,0,0,0.1
core_neuralprophet_frozen_s2026,neuralprophet,frozen,selected,2026,7,2025-02-24 01:00:00,2025-03-01 05:00:00,125,481.34,True,True,230.678955078125,-3.616767505241252,227.06218757288374,0,0,0.1
core_neuralprophet_frozen_s2026,neuralprophet,frozen,selected,2026,7,2025-02-24 01:00:00,2025-03-01 06:00:00,126,473.35,True,True,221.17388916015625,-3.616767505241252,217.557121654915,0,0,0.1
core_neuralprophet_frozen_s2026,neuralprophet,frozen,selected,2026,7,2025-02-24 01:00:00,2025-03-01 07:00:00,127,478.43,True,True,226.6582794189453,-3.616767505241252,223.04151191370406,0,0,0.1
core_neuralprophet_frozen_s2026,neuralprophet,frozen,selected,2026,7,2025-02-24 01:00:00,2025-03-01 08:00:00,128,490.23,True,True,254.28147888183597,-3.616767505241252,250.6647113765947,0,0,0.1
core_neuralprophet_frozen_s2026,neuralprophet,frozen,selected,2026,7,2025-02-24 01:00:00,2025-03-01 09:00:00,129,497.54,True,True,262.5931396484375,-3.616767505241252,258.9763721431963,0,0,0.1
core_neuralprophet_frozen_s2026,neuralprophet,frozen,selected,2026,7,2025-02-24 01:00:00,2025-03-01 10:00:00,130,492.8,True,True,246.5855712890625,-3.616767505241252,242.96880378382124,0,0,0.1
core_neuralprophet_frozen_s2026,neuralprophet,frozen,selected,2026,7,2025-02-24 01:00:00,2025-03-01 11:00:00,131,470.96,True,True,214.09719848632807,-3.616767505241252,210.4804309810868,0,0,0.1
core_neuralprophet_frozen_s2026,neuralprophet,frozen,selected,2026,7,2025-02-24 01:00:00,2025-03-01 12:00:00,132,420.59,True,True,170.58750915527344,-3.616767505241252,166.97074165003218,0,0,0.1
core_neuralprophet_frozen_s2026,neuralprophet,frozen,selected,2026,7,2025-02-24 01:00:00,2025-03-01 13:00:00,133,295.92,True,True,131.056396484375,-3.616767505241252,127.43962897913374,0,0,0.1
core_neuralprophet_frozen_s2026,neuralprophet,frozen,selected,2026,7,2025-02-24 01:00:00,2025-03-01 14:00:00,134,187.28,True,True,134.7618408203125,-3.616767505241252,131.14507331507124,0,0,0.1
core_neuralprophet_frozen_s2026,neuralprophet,frozen,selected,2026,7,2025-02-24 01:00:00,2025-03-01 15:00:00,135,142.86,True,True,125.92814636230467,-3.616767505241252,122.31137885706342,0,0,0.1
core_neuralprophet_frozen_s2026,neuralprophet,frozen,selected,2026,7,2025-02-24 01:00:00,2025-03-01 16:00:00,136,128.84,True,True,107.00513458251952,-3.616767505241252,103.38836707727826,0,0,0.1
core_neuralprophet_frozen_s2026,neuralprophet,frozen,selected,2026,7,2025-02-24 01:00:00,2025-03-01 17:00:00,137,131.31,True,True,81.4952392578125,-3.616767505241252,77.87847175257124,0,0,0.1
core_neuralprophet_frozen_s2026,neuralprophet,frozen,selected,2026,7,2025-02-24 01:00:00,2025-03-01 18:00:00,138,148.56,True,True,94.0156021118164,-3.616767505241252,90.39883460657515,0,0,0.1
core_neuralprophet_frozen_s2026,neuralprophet,frozen,selected,2026,7,2025-02-24 01:00:00,2025-03-01 19:00:00,139,175.34,True,True,119.9866943359375,-3.616767505241252,116.36992683069624,0,0,0.1
core_neuralprophet_frozen_s2026,neuralprophet,frozen,selected,2026,7,2025-02-24 01:00:00,2025-03-01 20:00:00,140,188.94,True,True,114.02522277832033,-3.616767505241252,110.40845527307907,0,0,0.1
core_neuralprophet_frozen_s2026,neuralprophet,frozen,selected,2026,7,2025-02-24 01:00:00,2025-03-01 21:00:00,141,187.94,True,True,106.1655731201172,-3.616767505241252,102.54880561487595,0,0,0.1
core_neuralprophet_frozen_s2026,neuralprophet,frozen,selected,2026,7,2025-02-24 01:00:00,2025-03-01 22:00:00,142,184.36,True,True,101.97030639648438,-3.616767505241252,98.35353889124312,0,0,0.1
core_neuralprophet_frozen_s2026,neuralprophet,frozen,selected,2026,7,2025-02-24 01:00:00,2025-03-01 23:00:00,143,198.54,True,True,137.0664520263672,-3.616767505241252,133.44968452112593,0,0,0.1
core_neuralprophet_frozen_s2026,neuralprophet,frozen,selected,2026,7,2025-02-24 01:00:00,2025-03-02 00:00:00,144,217.8,True,True,149.1018829345703,-3.616767505241252,145.48511542932906,0,0,0.1
core_neuralprophet_frozen_s2026,neuralprophet,frozen,selected,2026,7,2025-02-24 01:00:00,2025-03-02 01:00:00,145,169.21,True,True,118.75155639648438,-3.616767505241252,115.13478889124312,0,0,0.1
core_neuralprophet_frozen_s2026,neuralprophet,frozen,selected,2026,7,2025-02-24 01:00:00,2025-03-02 02:00:00,146,99.74,True,True,78.21073913574219,-3.616767505241252,74.59397163050093,0,0,0.1
core_neuralprophet_frozen_s2026,neuralprophet,frozen,selected,2026,7,2025-02-24 01:00:00,2025-03-02 03:00:00,147,60.91,True,True,56.65335464477539,-3.616767505241252,53.03658713953414,0,0,0.1
core_neuralprophet_frozen_s2026,neuralprophet,frozen,selected,2026,7,2025-02-24 01:00:00,2025-03-02 04:00:00,148,39.47,True,True,51.28835678100586,-3.616767505241252,47.67158927576461,0,0,0.1
core_neuralprophet_frozen_s2026,neuralprophet,frozen,selected,2026,7,2025-02-24 01:00:00,2025-03-02 05:00:00,149,29.95,True,True,45.43896484375,-3.616767505241252,41.82219733850875,0,0,0.1
core_neuralprophet_frozen_s2026,neuralprophet,frozen,selected,2026,7,2025-02-24 01:00:00,2025-03-02 06:00:00,150,23.21,True,True,42.25654983520508,-3.616767505241252,38.63978232996383,0,0,0.1
core_neuralprophet_frozen_s2026,neuralprophet,frozen,selected,2026,7,2025-02-24 01:00:00,2025-03-02 07:00:00,151,20.54,True,True,30.29938507080078,-3.616767505241252,26.68261756555953,0,0,0.1
core_neuralprophet_frozen_s2026,neuralprophet,frozen,selected,2026,7,2025-02-24 01:00:00,2025-03-02 08:00:00,152,22.02,True,True,43.66312789916992,-3.616767505241252,40.04636039392867,0,0,0.1
core_neuralprophet_frozen_s2026,neuralprophet,frozen,selected,2026,7,2025-02-24 01:00:00,2025-03-02 09:00:00,153,24.73,True,True,43.09063720703125,-3.616767505241252,39.47386970179,0,0,0.1
core_neuralprophet_frozen_s2026,neuralprophet,frozen,selected,2026,7,2025-02-24 01:00:00,2025-03-02 10:00:00,154,36.5,True,True,56.8079948425293,-3.616767505241252,53.19122733728805,0,0,0.1
core_neuralprophet_frozen_s2026,neuralprophet,frozen,selected,2026,7,2025-02-24 01:00:00,2025-03-02 11:00:00,155,68.39,True,True,90.95926666259766,-3.616767505241252,87.3424991573564,0,0,0.1
core_neuralprophet_frozen_s2026,neuralprophet,frozen,selected,2026,7,2025-02-24 01:00:00,2025-03-02 12:00:00,156,106.44,True,True,146.38665771484375,-3.616767505241252,142.7698902096025,0,0,0.1
core_neuralprophet_frozen_s2026,neuralprophet,frozen,selected,2026,7,2025-02-24 01:00:00,2025-03-02 13:00:00,157,153.38,True,True,186.510986328125,-3.616767505241252,182.89421882288374,0,0,0.1
core_neuralprophet_frozen_s2026,neuralprophet,frozen,selected,2026,7,2025-02-24 01:00:00,2025-03-02 14:00:00,158,219.4,True,True,262.35809326171875,-3.616767505241252,258.7413257564775,0,0,0.1
core_neuralprophet_frozen_s2026,neuralprophet,frozen,selected,2026,7,2025-02-24 01:00:00,2025-03-02 15:00:00,159,277.75,True,True,301.3328857421875,-3.616767505241252,297.7161182369463,0,0,0.1
core_neuralprophet_frozen_s2026,neuralprophet,frozen,selected,2026,7,2025-02-24 01:00:00,2025-03-02 16:00:00,160,305.96,True,True,327.9423217773437,-3.616767505241252,324.32555427210247,0,0,0.1
core_neuralprophet_frozen_s2026,neuralprophet,frozen,selected,2026,7,2025-02-24 01:00:00,2025-03-02 17:00:00,161,320.9,True,True,342.2381896972656,-3.616767505241252,338.6214221920244,0,0,0.1
core_neuralprophet_frozen_s2026,neuralprophet,frozen,selected,2026,7,2025-02-24 01:00:00,2025-03-02 18:00:00,162,334.91,True,True,357.32940673828125,-3.616767505241252,353.71263923304,0,0,0.1
core_neuralprophet_frozen_s2026,neuralprophet,frozen,selected,2026,7,2025-02-24 01:00:00,2025-03-02 19:00:00,163,364.95,True,True,373.8982543945313,-3.616767505241252,370.2814868892901,0,0,0.1
core_neuralprophet_frozen_s2026,neuralprophet,frozen,selected,2026,7,2025-02-24 01:00:00,2025-03-02 20:00:00,164,399.87,True,True,396.4157409667969,-3.616767505241252,392.79897346155565,0,0,0.1
core_neuralprophet_frozen_s2026,neuralprophet,frozen,selected,2026,7,2025-02-24 01:00:00,2025-03-02 21:00:00,165,425.92,True,True,427.5921325683594,-3.616767505241252,423.97536506311815,0,0,0.1
core_neuralprophet_frozen_s2026,neuralprophet,frozen,selected,2026,7,2025-02-24 01:00:00,2025-03-02 22:00:00,166,442.94,True,True,445.4232482910156,-3.616767505241252,441.8064807857744,0,0,0.1
core_neuralprophet_frozen_s2026,neuralprophet,frozen,selected,2026,7,2025-02-24 01:00:00,2025-03-02 23:00:00,167,497.78,True,True,489.0469970703125,-3.616767505241252,485.4302295650713,0,0,0.1
core_neuralprophet_frozen_s2026,neuralprophet,frozen,selected,2026,7,2025-02-24 01:00:00,2025-03-03 00:00:00,168,542.46,True,True,561.9898071289062,-3.616767505241252,558.373039623665,0,0,0.1
core_neuralprophet_frozen_s2026,neuralprophet,frozen,selected,2026,8,2025-03-03 01:00:00,2025-03-03 01:00:00,1,419.58,True,True,455.5758666992188,-0.10502234424107781,455.4708443549777,0,0,0.1
core_neuralprophet_frozen_s2026,neuralprophet,frozen,selected,2026,8,2025-03-03 01:00:00,2025-03-03 02:00:00,2,373.94,True,True,444.0023498535156,-0.10502234424107781,443.89732750927453,0,0,0.1
core_neuralprophet_frozen_s2026,neuralprophet,frozen,selected,2026,8,2025-03-03 01:00:00,2025-03-03 03:00:00,3,348.98,True,True,408.74951171875,-0.10502234424107781,408.6444893745089,0,0,0.1
core_neuralprophet_frozen_s2026,neuralprophet,frozen,selected,2026,8,2025-03-03 01:00:00,2025-03-03 04:00:00,4,77.78,True,True,113.26671600341795,-0.10502234424107781,113.16169365917688,0,0,0.1
core_neuralprophet_frozen_s2026,neuralprophet,frozen,selected,2026,8,2025-03-03 01:00:00,2025-03-03 05:00:00,5,41.57,True,True,93.1246337890625,-0.10502234424107781,93.01961144482142,0,0,0.1
core_neuralprophet_frozen_s2026,neuralprophet,frozen,selected,2026,8,2025-03-03 01:00:00,2025-03-03 06:00:00,6,32.26,True,True,87.4262466430664,-0.10502234424107781,87.32122429882533,0,0,0.1
core_neuralprophet_frozen_s2026,neuralprophet,frozen,selected,2026,8,2025-03-03 01:00:00,2025-03-03 07:00:00,7,49.98,True,True,112.45814514160156,-0.10502234424107781,112.35312279736048,0,0,0.1
core_neuralprophet_frozen_s2026,neuralprophet,frozen,selected,2026,8,2025-03-03 01:00:00,2025-03-03 08:00:00,8,96.04,True,True,193.4504547119141,-0.10502234424107781,193.34543236767303,0,0,0.1
core_neuralprophet_frozen_s2026,neuralprophet,frozen,selected,2026,8,2025-03-03 01:00:00,2025-03-03 09:00:00,9,144.8,True,True,240.50534057617188,-0.10502234424107781,240.4003182319308,0,0,0.1
core_neuralprophet_frozen_s2026,neuralprophet,frozen,selected,2026,8,2025-03-03 01:00:00,2025-03-03 10:00:00,10,219.54,True,True,307.6547241210937,-0.10502234424107781,307.5497017768526,0,0,0.1
core_neuralprophet_frozen_s2026,neuralprophet,frozen,selected,2026,8,2025-03-03 01:00:00,2025-03-03 11:00:00,11,342.12,True,True,456.93988037109375,-0.10502234424107781,456.83485802685266,0,0,0.1
core_neuralprophet_frozen_s2026,neuralprophet,frozen,selected,2026,8,2025-03-03 01:00:00,2025-03-03 12:00:00,12,469.77,True,True,559.9028930664062,-0.10502234424107781,559.7978707221652,0,0,0.1
core_neuralprophet_frozen_s2026,neuralprophet,frozen,selected,2026,8,2025-03-03 01:00:00,2025-03-03 13:00:00,13,549.17,True,True,657.02734375,-0.10502234424107781,656.9223214057589,0,0,0.1
core_neuralprophet_frozen_s2026,neuralprophet,frozen,selected,2026,8,2025-03-03 01:00:00,2025-03-03 14:00:00,14,568.33,True,True,682.7943725585938,-0.10502234424107781,682.6893502143527,0,0,0.1
core_neuralprophet_frozen_s2026,neuralprophet,frozen,selected,2026,8,2025-03-03 01:00:00,2025-03-03 15:00:00,15,516.76,True,True,601.2484130859375,-0.10502234424107781,601.1433907416964,0,0,0.1
core_neuralprophet_frozen_s2026,neuralprophet,frozen,selected,2026,8,2025-03-03 01:00:00,2025-03-03 16:00:00,16,282.36,True,True,335.4377746582031,-0.10502234424107781,335.33275231396203,0,0,0.1
core_neuralprophet_frozen_s2026,neuralprophet,frozen,selected,2026,8,2025-03-03 01:00:00,2025-03-03 17:00:00,17,144.83,True,True,211.99046325683597,-0.10502234424107781,211.8854409125949,0,0,0.1
core_neuralprophet_frozen_s2026,neuralprophet,frozen,selected,2026,8,2025-03-03 01:00:00,2025-03-03 18:00:00,18,90.22,True,True,177.02992248535156,-0.10502234424107781,176.9249001411105,0,0,0.1
core_neuralprophet_frozen_s2026,neuralprophet,frozen,selected,2026,8,2025-03-03 01:00:00,2025-03-03 19:00:00,19,74.79,True,True,136.7053680419922,-0.10502234424107781,136.60034569775112,0,0,0.1
core_neuralprophet_frozen_s2026,neuralprophet,frozen,selected,2026,8,2025-03-03 01:00:00,2025-03-03 20:00:00,20,82.73,True,True,176.5291748046875,-0.10502234424107781,176.42415246044644,0,0,0.1
core_neuralprophet_frozen_s2026,neuralprophet,frozen,selected,2026,8,2025-03-03 01:00:00,2025-03-03 21:00:00,21,95.5,True,True,182.7665252685547,-0.10502234424107781,182.66150292431362,0,0,0.1
core_neuralprophet_frozen_s2026,neuralprophet,frozen,selected,2026,8,2025-03-03 01:00:00,2025-03-03 22:00:00,22,111.73,True,True,215.6425323486328,-0.10502234424107781,215.53751000439175,0,0,0.1
core_neuralprophet_frozen_s2026,neuralprophet,frozen,selected,2026,8,2025-03-03 01:00:00,2025-03-03 23:00:00,23,166.33,True,True,270.7233581542969,-0.10502234424107781,270.6183358100558,0,0,0.1
core_neuralprophet_frozen_s2026,neuralprophet,frozen,selected,2026,8,2025-03-03 01:00:00,2025-03-04 00:00:00,24,251.92,True,True,327.1816711425781,-0.10502234424107781,327.07664879833703,0,0,0.1
core_neuralprophet_frozen_s2026,neuralprophet,frozen,selected,2026,8,2025-03-03 01:00:00,2025-03-04 01:00:00,25,330.06,True,True,391.65325927734375,-0.10502234424107781,391.54823693310266,0,0,0.1
core_neuralprophet_frozen_s2026,neuralprophet,frozen,selected,2026,8,2025-03-03 01:00:00,2025-03-04 02:00:00,26,366.73,True,True,440.36529541015625,-0.10502234424107781,440.26027306591516,0,0,0.1
core_neuralprophet_frozen_s2026,neuralprophet,frozen,selected,2026,8,2025-03-03 01:00:00,2025-03-04 03:00:00,27,326.05,True,True,389.6913146972656,-0.10502234424107781,389.58629235302453,0,0,0.1
core_neuralprophet_frozen_s2026,neuralprophet,frozen,selected,2026,8,2025-03-03 01:00:00,2025-03-04 04:00:00,28,98.86,True,True,151.74021911621094,-0.10502234424107781,151.63519677196987,0,0,0.1
core_neuralprophet_frozen_s2026,neuralprophet,frozen,selected,2026,8,2025-03-03 01:00:00,2025-03-04 05:00:00,29,61.71,True,True,132.8004913330078,-0.10502234424107781,132.69546898876675,0,0,0.1
core_neuralprophet_frozen_s2026,neuralprophet,frozen,selected,2026,8,2025-03-03 01:00:00,2025-03-04 06:00:00,30,53.37,True,True,132.1127471923828,-0.10502234424107781,132.00772484814175,0,0,0.1
core_neuralprophet_frozen_s2026,neuralprophet,frozen,selected,2026,8,2025-03-03 01:00:00,2025-03-04 07:00:00,31,54.62,True,True,106.87943267822266,-0.10502234424107781,106.77441033398158,0,0,0.1
core_neuralprophet_frozen_s2026,neuralprophet,frozen,selected,2026,8,2025-03-03 01:00:00,2025-03-04 08:00:00,32,62.33,True,True,99.02364349365234,-0.10502234424107781,98.91862114941127,0,0,0.1
core_neuralprophet_frozen_s2026,neuralprophet,frozen,selected,2026,8,2025-03-03 01:00:00,2025-03-04 09:00:00,33,68.2,True,True,118.79622650146484,-0.10502234424107781,118.69120415722377,0,0,0.1
core_neuralprophet_frozen_s2026,neuralprophet,frozen,selected,2026,8,2025-03-03 01:00:00,2025-03-04 10:00:00,34,83.08,True,True,113.70616149902344,-0.10502234424107781,113.60113915478236,0,0,0.1
core_neuralprophet_frozen_s2026,neuralprophet,frozen,selected,2026,8,2025-03-03 01:00:00,2025-03-04 11:00:00,35,117.22,True,True,146.38780212402344,-0.10502234424107781,146.28277977978237,0,0,0.1
core_neuralprophet_frozen_s2026,neuralprophet,frozen,selected,2026,8,2025-03-03 01:00:00,2025-03-04 12:00:00,36,155.42,True,True,188.32125854492188,-0.10502234424107781,188.2162362006808,0,0,0.1
core_neuralprophet_frozen_s2026,neuralprophet,frozen,selected,2026,8,2025-03-03 01:00:00,2025-03-04 13:00:00,37,172.02,True,True,197.74449157714844,-0.10502234424107781,197.63946923290737,0,0,0.1
core_neuralprophet_frozen_s2026,neuralprophet,frozen,selected,2026,8,2025-03-03 01:00:00,2025-03-04 14:00:00,38,167.67,True,True,170.35926818847656,-0.10502234424107781,170.2542458442355,0,0,0.1
core_neuralprophet_frozen_s2026,neuralprophet,frozen,selected,2026,8,2025-03-03 01:00:00,2025-03-04 15:00:00,39,148.06,True,True,123.4193115234375,-0.10502234424107781,123.31428917919642,0,0,0.1
core_neuralprophet_frozen_s2026,neuralprophet,frozen,selected,2026,8,2025-03-03 01:00:00,2025-03-04 16:00:00,40,125.32,True,True,103.6326141357422,-0.10502234424107781,103.52759179150112,0,0,0.1
core_neuralprophet_frozen_s2026,neuralprophet,frozen,selected,2026,8,2025-03-03 01:00:00,2025-03-04 17:00:00,41,115.42,True,True,95.89402770996094,-0.10502234424107781,95.78900536571986,0,0,0.1
core_neuralprophet_frozen_s2026,neuralprophet,frozen,selected,2026,8,2025-03-03 01:00:00,2025-03-04 18:00:00,42,115.46,True,True,115.91317749023438,-0.10502234424107781,115.8081551459933,0,0,0.1
core_neuralprophet_frozen_s2026,neuralprophet,frozen,selected,2026,8,2025-03-03 01:00:00,2025-03-04 19:00:00,43,131.86,True,True,121.76203918457033,-0.10502234424107781,121.65701684032925,0,0,0.1
core_neuralprophet_frozen_s2026,neuralprophet,frozen,selected,2026,8,2025-03-03 01:00:00,2025-03-04 20:00:00,44,160.59,True,True,132.21371459960938,-0.10502234424107781,132.1086922553683,0,0,0.1
core_neuralprophet_frozen_s2026,neuralprophet,frozen,selected,2026,8,2025-03-03 01:00:00,2025-03-04 21:00:00,45,190.08,True,True,189.80812072753903,-0.10502234424107781,189.70309838329797,0,0,0.1
core_neuralprophet_frozen_s2026,neuralprophet,frozen,selected,2026,8,2025-03-03 01:00:00,2025-03-04 22:00:00,46,214.07,True,True,215.92794799804688,-0.10502234424107781,215.8229256538058,0,0,0.1
core_neuralprophet_frozen_s2026,neuralprophet,frozen,selected,2026,8,2025-03-03 01:00:00,2025-03-04 23:00:00,47,275.09,True,True,232.6513214111328,-0.10502234424107781,232.54629906689175,0,0,0.1
core_neuralprophet_frozen_s2026,neuralprophet,frozen,selected,2026,8,2025-03-03 01:00:00,2025-03-05 00:00:00,48,357.69,True,True,338.53857421875,-0.10502234424107781,338.4335518745089,0,0,0.1
core_neuralprophet_frozen_s2026,neuralprophet,frozen,selected,2026,8,2025-03-03 01:00:00,2025-03-05 01:00:00,49,,False,False,,-0.10502234424107781,,0,0,0.1
core_neuralprophet_frozen_s2026,neuralprophet,frozen,selected,2026,8,2025-03-03 01:00:00,2025-03-05 02:00:00,50,,False,False,,-0.10502234424107781,,0,0,0.1
core_neuralprophet_frozen_s2026,neuralprophet,frozen,selected,2026,8,2025-03-03 01:00:00,2025-03-05 03:00:00,51,,False,False,,-0.10502234424107781,,0,0,0.1
core_neuralprophet_frozen_s2026,neuralprophet,frozen,selected,2026,8,2025-03-03 01:00:00,2025-03-05 04:00:00,52,,False,False,,-0.10502234424107781,,0,0,0.1
core_neuralprophet_frozen_s2026,neuralprophet,frozen,selected,2026,8,2025-03-03 01:00:00,2025-03-05 05:00:00,53,,False,False,,-0.10502234424107781,,0,0,0.1
core_neuralprophet_frozen_s2026,neuralprophet,frozen,selected,2026,8,2025-03-03 01:00:00,2025-03-05 06:00:00,54,,False,False,,-0.10502234424107781,,0,0,0.1
core_neuralprophet_frozen_s2026,neuralprophet,frozen,selected,2026,8,2025-03-03 01:00:00,2025-03-05 07:00:00,55,,False,False,,-0.10502234424107781,,0,0,0.1
core_neuralprophet_frozen_s2026,neuralprophet,frozen,selected,2026,8,2025-03-03 01:00:00,2025-03-05 08:00:00,56,,False,False,,-0.10502234424107781,,0,0,0.1
core_neuralprophet_frozen_s2026,neuralprophet,frozen,selected,2026,8,2025-03-03 01:00:00,2025-03-05 09:00:00,57,,False,False,,-0.10502234424107781,,0,0,0.1
core_neuralprophet_frozen_s2026,neuralprophet,frozen,selected,2026,8,2025-03-03 01:00:00,2025-03-05 10:00:00,58,,False,False,,-0.10502234424107781,,0,0,0.1
core_neuralprophet_frozen_s2026,neuralprophet,frozen,selected,2026,8,2025-03-03 01:00:00,2025-03-05 11:00:00,59,,False,False,,-0.10502234424107781,,0,0,0.1
core_neuralprophet_frozen_s2026,neuralprophet,frozen,selected,2026,8,2025-03-03 01:00:00,2025-03-05 12:00:00,60,,False,False,,-0.10502234424107781,,0,0,0.1
core_neuralprophet_frozen_s2026,neuralprophet,frozen,selected,2026,8,2025-03-03 01:00:00,2025-03-05 13:00:00,61,,False,False,,-0.10502234424107781,,0,0,0.1
core_neuralprophet_frozen_s2026,neuralprophet,frozen,selected,2026,8,2025-03-03 01:00:00,2025-03-05 14:00:00,62,,False,False,,-0.10502234424107781,,0,0,0.1
core_neuralprophet_frozen_s2026,neuralprophet,frozen,selected,2026,8,2025-03-03 01:00:00,2025-03-05 15:00:00,63,,False,False,,-0.10502234424107781,,0,0,0.1
core_neuralprophet_frozen_s2026,neuralprophet,frozen,selected,2026,8,2025-03-03 01:00:00,2025-03-05 16:00:00,64,,False,False,,-0.10502234424107781,,0,0,0.1
core_neuralprophet_frozen_s2026,neuralprophet,frozen,selected,2026,8,2025-03-03 01:00:00,2025-03-05 17:00:00,65,,False,False,,-0.10502234424107781,,0,0,0.1
core_neuralprophet_frozen_s2026,neuralprophet,frozen,selected,2026,8,2025-03-03 01:00:00,2025-03-05 18:00:00,66,,False,False,,-0.10502234424107781,,0,0,0.1
core_neuralprophet_frozen_s2026,neuralprophet,frozen,selected,2026,8,2025-03-03 01:00:00,2025-03-05 19:00:00,67,,False,False,,-0.10502234424107781,,0,0,0.1
core_neuralprophet_frozen_s2026,neuralprophet,frozen,selected,2026,8,2025-03-03 01:00:00,2025-03-05 20:00:00,68,,False,False,,-0.10502234424107781,,0,0,0.1
core_neuralprophet_frozen_s2026,neuralprophet,frozen,selected,2026,8,2025-03-03 01:00:00,2025-03-05 21:00:00,69,,False,False,,-0.10502234424107781,,0,0,0.1
core_neuralprophet_frozen_s2026,neuralprophet,frozen,selected,2026,8,2025-03-03 01:00:00,2025-03-05 22:00:00,70,,False,False,,-0.10502234424107781,,0,0,0.1
core_neuralprophet_frozen_s2026,neuralprophet,frozen,selected,2026,8,2025-03-03 01:00:00,2025-03-05 23:00:00,71,,False,False,,-0.10502234424107781,,0,0,0.1
core_neuralprophet_frozen_s2026,neuralprophet,frozen,selected,2026,8,2025-03-03 01:00:00,2025-03-06 00:00:00,72,,False,False,,-0.10502234424107781,,0,0,0.1
core_neuralprophet_frozen_s2026,neuralprophet,frozen,selected,2026,8,2025-03-03 01:00:00,2025-03-06 01:00:00,73,,False,False,,-0.10502234424107781,,0,0,0.1
core_neuralprophet_frozen_s2026,neuralprophet,frozen,selected,2026,8,2025-03-03 01:00:00,2025-03-06 02:00:00,74,,False,False,,-0.10502234424107781,,0,0,0.1
core_neuralprophet_frozen_s2026,neuralprophet,frozen,selected,2026,8,2025-03-03 01:00:00,2025-03-06 03:00:00,75,,False,False,,-0.10502234424107781,,0,0,0.1
core_neuralprophet_frozen_s2026,neuralprophet,frozen,selected,2026,8,2025-03-03 01:00:00,2025-03-06 04:00:00,76,,False,False,,-0.10502234424107781,,0,0,0.1
core_neuralprophet_frozen_s2026,neuralprophet,frozen,selected,2026,8,2025-03-03 01:00:00,2025-03-06 05:00:00,77,,False,False,,-0.10502234424107781,,0,0,0.1
core_neuralprophet_frozen_s2026,neuralprophet,frozen,selected,2026,8,2025-03-03 01:00:00,2025-03-06 06:00:00,78,,False,False,,-0.10502234424107781,,0,0,0.1
core_neuralprophet_frozen_s2026,neuralprophet,frozen,selected,2026,8,2025-03-03 01:00:00,2025-03-06 07:00:00,79,,False,False,,-0.10502234424107781,,0,0,0.1
core_neuralprophet_frozen_s2026,neuralprophet,frozen,selected,2026,8,2025-03-03 01:00:00,2025-03-06 08:00:00,80,,False,False,,-0.10502234424107781,,0,0,0.1
core_neuralprophet_frozen_s2026,neuralprophet,frozen,selected,2026,8,2025-03-03 01:00:00,2025-03-06 09:00:00,81,,False,False,,-0.10502234424107781,,0,0,0.1
core_neuralprophet_frozen_s2026,neuralprophet,frozen,selected,2026,8,2025-03-03 01:00:00,2025-03-06 10:00:00,82,,False,False,,-0.10502234424107781,,0,0,0.1
core_neuralprophet_frozen_s2026,neuralprophet,frozen,selected,2026,8,2025-03-03 01:00:00,2025-03-06 11:00:00,83,,False,False,,-0.10502234424107781,,0,0,0.1
core_neuralprophet_frozen_s2026,neuralprophet,frozen,selected,2026,8,2025-03-03 01:00:00,2025-03-06 12:00:00,84,,False,False,,-0.10502234424107781,,0,0,0.1
core_neuralprophet_frozen_s2026,neuralprophet,frozen,selected,2026,8,2025-03-03 01:00:00,2025-03-06 13:00:00,85,,False,False,,-0.10502234424107781,,0,0,0.1
core_neuralprophet_frozen_s2026,neuralprophet,frozen,selected,2026,8,2025-03-03 01:00:00,2025-03-06 14:00:00,86,,False,False,,-0.10502234424107781,,0,0,0.1
core_neuralprophet_frozen_s2026,neuralprophet,frozen,selected,2026,8,2025-03-03 01:00:00,2025-03-06 15:00:00,87,,False,False,,-0.10502234424107781,,0,0,0.1
core_neuralprophet_frozen_s2026,neuralprophet,frozen,selected,2026,8,2025-03-03 01:00:00,2025-03-06 16:00:00,88,,False,False,,-0.10502234424107781,,0,0,0.1
core_neuralprophet_frozen_s2026,neuralprophet,frozen,selected,2026,8,2025-03-03 01:00:00,2025-03-06 17:00:00,89,,False,False,,-0.10502234424107781,,0,0,0.1
core_neuralprophet_frozen_s2026,neuralprophet,frozen,selected,2026,8,2025-03-03 01:00:00,2025-03-06 18:00:00,90,,False,False,,-0.10502234424107781,,0,0,0.1
core_neuralprophet_frozen_s2026,neuralprophet,frozen,selected,2026,8,2025-03-03 01:00:00,2025-03-06 19:00:00,91,,False,False,,-0.10502234424107781,,0,0,0.1
core_neuralprophet_frozen_s2026,neuralprophet,frozen,selected,2026,8,2025-03-03 01:00:00,2025-03-06 20:00:00,92,,False,False,,-0.10502234424107781,,0,0,0.1
core_neuralprophet_frozen_s2026,neuralprophet,frozen,selected,2026,8,2025-03-03 01:00:00,2025-03-06 21:00:00,93,,False,False,,-0.10502234424107781,,0,0,0.1
core_neuralprophet_frozen_s2026,neuralprophet,frozen,selected,2026,8,2025-03-03 01:00:00,2025-03-06 22:00:00,94,,False,False,,-0.10502234424107781,,0,0,0.1
core_neuralprophet_frozen_s2026,neuralprophet,frozen,selected,2026,8,2025-03-03 01:00:00,2025-03-06 23:00:00,95,,False,False,,-0.10502234424107781,,0,0,0.1
core_neuralprophet_frozen_s2026,neuralprophet,frozen,selected,2026,8,2025-03-03 01:00:00,2025-03-07 00:00:00,96,,False,False,,-0.10502234424107781,,0,0,0.1
core_neuralprophet_frozen_s2026,neuralprophet,frozen,selected,2026,8,2025-03-03 01:00:00,2025-03-07 01:00:00,97,247.88,True,True,234.61276245117188,-0.10502234424107781,234.5077401069308,0,0,0.1
core_neuralprophet_frozen_s2026,neuralprophet,frozen,selected,2026,8,2025-03-03 01:00:00,2025-03-07 02:00:00,98,258.45,True,True,264.9229736328125,-0.10502234424107781,264.8179512885714,0,0,0.1
core_neuralprophet_frozen_s2026,neuralprophet,frozen,selected,2026,8,2025-03-03 01:00:00,2025-03-07 03:00:00,99,236.9,True,True,229.66017150878903,-0.10502234424107781,229.55514916454797,0,0,0.1
core_neuralprophet_frozen_s2026,neuralprophet,frozen,selected,2026,8,2025-03-03 01:00:00,2025-03-07 04:00:00,100,167.6,True,True,179.05946350097656,-0.10502234424107781,178.9544411567355,0,0,0.1
core_neuralprophet_frozen_s2026,neuralprophet,frozen,selected,2026,8,2025-03-03 01:00:00,2025-03-07 05:00:00,101,143.89,True,True,181.9488677978516,-0.10502234424107781,181.84384545361053,0,0,0.1
core_neuralprophet_frozen_s2026,neuralprophet,frozen,selected,2026,8,2025-03-03 01:00:00,2025-03-07 06:00:00,102,123.27,True,True,152.41793823242188,-0.10502234424107781,152.3129158881808,0,0,0.1
core_neuralprophet_frozen_s2026,neuralprophet,frozen,selected,2026,8,2025-03-03 01:00:00,2025-03-07 07:00:00,103,104.24,True,True,109.68511199951172,-0.10502234424107781,109.58008965527064,0,0,0.1
core_neuralprophet_frozen_s2026,neuralprophet,frozen,selected,2026,8,2025-03-03 01:00:00,2025-03-07 08:00:00,104,94.41,True,True,102.85108184814452,-0.10502234424107781,102.74605950390344,0,0,0.1
core_neuralprophet_frozen_s2026,neuralprophet,frozen,selected,2026,8,2025-03-03 01:00:00,2025-03-07 09:00:00,105,86.21,True,True,101.37205505371094,-0.10502234424107781,101.26703270946986,0,0,0.1
core_neuralprophet_frozen_s2026,neuralprophet,frozen,selected,2026,8,2025-03-03 01:00:00,2025-03-07 10:00:00,106,100.58,True,True,97.1938934326172,-0.10502234424107781,97.08887108837612,0,0,0.1
core_neuralprophet_frozen_s2026,neuralprophet,frozen,selected,2026,8,2025-03-03 01:00:00,2025-03-07 11:00:00,107,148.57,True,True,181.3477783203125,-0.10502234424107781,181.24275597607144,0,0,0.1
core_neuralprophet_frozen_s2026,neuralprophet,frozen,selected,2026,8,2025-03-03 01:00:00,2025-03-07 12:00:00,108,207.76,True,True,244.3264923095703,-0.10502234424107781,244.22146996532925,0,0,0.1
core_neuralprophet_frozen_s2026,neuralprophet,frozen,selected,2026,8,2025-03-03 01:00:00,2025-03-07 13:00:00,109,315.27,True,True,358.6041564941406,-0.10502234424107781,358.49913414989953,0,0,0.1
core_neuralprophet_frozen_s2026,neuralprophet,frozen,selected,2026,8,2025-03-03 01:00:00,2025-03-07 14:00:00,110,456.22,True,True,503.8511047363281,-0.10502234424107781,503.74608239208703,0,0,0.1
core_neuralprophet_frozen_s2026,neuralprophet,frozen,selected,2026,8,2025-03-03 01:00:00,2025-03-07 15:00:00,111,546.26,True,True,586.0529174804688,-0.10502234424107781,585.9478951362277,0,0,0.1
core_neuralprophet_frozen_s2026,neuralprophet,frozen,selected,2026,8,2025-03-03 01:00:00,2025-03-07 16:00:00,112,564.09,True,True,573.7703247070312,-0.10502234424107781,573.6653023627902,0,0,0.1
core_neuralprophet_frozen_s2026,neuralprophet,frozen,selected,2026,8,2025-03-03 01:00:00,2025-03-07 17:00:00,113,523.96,True,True,574.1668090820312,-0.10502234424107781,574.0617867377902,0,0,0.1
core_neuralprophet_frozen_s2026,neuralprophet,frozen,selected,2026,8,2025-03-03 01:00:00,2025-03-07 18:00:00,114,444.18,True,True,485.0914916992188,-0.10502234424107781,484.9864693549777,0,0,0.1
core_neuralprophet_frozen_s2026,neuralprophet,frozen,selected,2026,8,2025-03-03 01:00:00,2025-03-07 19:00:00,115,370.03,True,True,444.7481384277344,-0.10502234424107781,444.6431160834933,0,0,0.1
core_neuralprophet_frozen_s2026,neuralprophet,frozen,selected,2026,8,2025-03-03 01:00:00,2025-03-07 20:00:00,116,330.7,True,True,394.603759765625,-0.10502234424107781,394.4987374213839,0,0,0.1
core_neuralprophet_frozen_s2026,neuralprophet,frozen,selected,2026,8,2025-03-03 01:00:00,2025-03-07 21:00:00,117,311.99,True,True,356.8624267578125,-0.10502234424107781,356.7574044135714,0,0,0.1
core_neuralprophet_frozen_s2026,neuralprophet,frozen,selected,2026,8,2025-03-03 01:00:00,2025-03-07 22:00:00,118,295.04,True,True,351.19140625,-0.10502234424107781,351.0863839057589,0,0,0.1
core_neuralprophet_frozen_s2026,neuralprophet,frozen,selected,2026,8,2025-03-03 01:00:00,2025-03-07 23:00:00,119,328.1,True,True,354.95562744140625,-0.10502234424107781,354.85060509716516,0,0,0.1
core_neuralprophet_frozen_s2026,neuralprophet,frozen,selected,2026,8,2025-03-03 01:00:00,2025-03-08 00:00:00,120,390.59,True,True,426.6307678222656,-0.10502234424107781,426.52574547802453,0,0,0.1
core_neuralprophet_frozen_s2026,neuralprophet,frozen,selected,2026,8,2025-03-03 01:00:00,2025-03-08 01:00:00,121,409.01,True,True,443.0281066894531,-0.10502234424107781,442.92308434521203,0,0,0.1
core_neuralprophet_frozen_s2026,neuralprophet,frozen,selected,2026,8,2025-03-03 01:00:00,2025-03-08 02:00:00,122,419.46,True,True,479.0584411621094,-0.10502234424107781,478.9534188178683,0,0,0.1
core_neuralprophet_frozen_s2026,neuralprophet,frozen,selected,2026,8,2025-03-03 01:00:00,2025-03-08 03:00:00,123,417.07,True,True,501.1216125488281,-0.10502234424107781,501.01659020458703,0,0,0.1
core_neuralprophet_frozen_s2026,neuralprophet,frozen,selected,2026,8,2025-03-03 01:00:00,2025-03-08 04:00:00,124,192.45,True,True,249.21676635742188,-0.10502234424107781,249.1117440131808,0,0,0.1
core_neuralprophet_frozen_s2026,neuralprophet,frozen,selected,2026,8,2025-03-03 01:00:00,2025-03-08 05:00:00,125,186.02,True,True,267.0710754394531,-0.10502234424107781,266.96605309521203,0,0,0.1
core_neuralprophet_frozen_s2026,neuralprophet,frozen,selected,2026,8,2025-03-03 01:00:00,2025-03-08 06:00:00,126,191.3,True,True,269.5302124023437,-0.10502234424107781,269.4251900581026,0,0,0.1
core_neuralprophet_frozen_s2026,neuralprophet,frozen,selected,2026,8,2025-03-03 01:00:00,2025-03-08 07:00:00,127,166.55,True,True,228.2675018310547,-0.10502234424107781,228.16247948681362,0,0,0.1
core_neuralprophet_frozen_s2026,neuralprophet,frozen,selected,2026,8,2025-03-03 01:00:00,2025-03-08 08:00:00,128,126.2,True,True,234.5362243652344,-0.10502234424107781,234.43120202099334,0,0,0.1
core_neuralprophet_frozen_s2026,neuralprophet,frozen,selected,2026,8,2025-03-03 01:00:00,2025-03-08 09:00:00,129,104.26,True,True,226.4029083251953,-0.10502234424107781,226.29788598095425,0,0,0.1
core_neuralprophet_frozen_s2026,neuralprophet,frozen,selected,2026,8,2025-03-03 01:00:00,2025-03-08 10:00:00,130,109.94,True,True,216.7999725341797,-0.10502234424107781,216.69495018993862,0,0,0.1
core_neuralprophet_frozen_s2026,neuralprophet,frozen,selected,2026,8,2025-03-03 01:00:00,2025-03-08 11:00:00,131,140.08,True,True,280.22174072265625,-0.10502234424107781,280.11671837841516,0,0,0.1
core_neuralprophet_frozen_s2026,neuralprophet,frozen,selected,2026,8,2025-03-03 01:00:00,2025-03-08 12:00:00,132,176.74,True,True,276.15167236328125,-0.10502234424107781,276.04665001904016,0,0,0.1
core_neuralprophet_frozen_s2026,neuralprophet,frozen,selected,2026,8,2025-03-03 01:00:00,2025-03-08 13:00:00,133,204.4,True,True,336.5073547363281,-0.10502234424107781,336.40233239208703,0,0,0.1
core_neuralprophet_frozen_s2026,neuralprophet,frozen,selected,2026,8,2025-03-03 01:00:00,2025-03-08 14:00:00,134,221.95,True,True,339.75909423828125,-0.10502234424107781,339.65407189404016,0,0,0.1
core_neuralprophet_frozen_s2026,neuralprophet,frozen,selected,2026,8,2025-03-03 01:00:00,2025-03-08 15:00:00,135,225.31,True,True,297.5875244140625,-0.10502234424107781,297.4825020698214,0,0,0.1
core_neuralprophet_frozen_s2026,neuralprophet,frozen,selected,2026,8,2025-03-03 01:00:00,2025-03-08 16:00:00,136,230.43,True,True,331.1227111816406,-0.10502234424107781,331.01768883739953,0,0,0.1
core_neuralprophet_frozen_s2026,neuralprophet,frozen,selected,2026,8,2025-03-03 01:00:00,2025-03-08 17:00:00,137,238.66,True,True,335.9193420410156,-0.10502234424107781,335.81431969677453,0,0,0.1
core_neuralprophet_frozen_s2026,neuralprophet,frozen,selected,2026,8,2025-03-03 01:00:00,2025-03-08 18:00:00,138,239.33,True,True,322.1534423828125,-0.10502234424107781,322.0484200385714,0,0,0.1
core_neuralprophet_frozen_s2026,neuralprophet,frozen,selected,2026,8,2025-03-03 01:00:00,2025-03-08 19:00:00,139,241.26,True,True,298.583740234375,-0.10502234424107781,298.4787178901339,0,0,0.1
core_neuralprophet_frozen_s2026,neuralprophet,frozen,selected,2026,8,2025-03-03 01:00:00,2025-03-08 20:00:00,140,245.55,True,True,279.58367919921875,-0.10502234424107781,279.47865685497766,0,0,0.1
core_neuralprophet_frozen_s2026,neuralprophet,frozen,selected,2026,8,2025-03-03 01:00:00,2025-03-08 21:00:00,141,247.54,True,True,281.4056701660156,-0.10502234424107781,281.30064782177453,0,0,0.1
core_neuralprophet_frozen_s2026,neuralprophet,frozen,selected,2026,8,2025-03-03 01:00:00,2025-03-08 22:00:00,142,246.44,True,True,237.9365692138672,-0.10502234424107781,237.83154686962612,0,0,0.1
core_neuralprophet_frozen_s2026,neuralprophet,frozen,selected,2026,8,2025-03-03 01:00:00,2025-03-08 23:00:00,143,299.18,True,True,290.4197692871094,-0.10502234424107781,290.3147469428683,0,0,0.1
core_neuralprophet_frozen_s2026,neuralprophet,frozen,selected,2026,8,2025-03-03 01:00:00,2025-03-09 00:00:00,144,380.39,True,True,365.7809143066406,-0.10502234424107781,365.67589196239953,0,0,0.1
core_neuralprophet_frozen_s2026,neuralprophet,frozen,selected,2026,8,2025-03-03 01:00:00,2025-03-09 01:00:00,145,402.12,True,True,358.24920654296875,-0.10502234424107781,358.14418419872766,0,0,0.1
core_neuralprophet_frozen_s2026,neuralprophet,frozen,selected,2026,8,2025-03-03 01:00:00,2025-03-09 02:00:00,146,425.41,True,True,387.8659973144531,-0.10502234424107781,387.76097497021203,0,0,0.1
core_neuralprophet_frozen_s2026,neuralprophet,frozen,selected,2026,8,2025-03-03 01:00:00,2025-03-09 03:00:00,147,442.88,True,True,399.3083190917969,-0.10502234424107781,399.2032967475558,0,0,0.1
core_neuralprophet_frozen_s2026,neuralprophet,frozen,selected,2026,8,2025-03-03 01:00:00,2025-03-09 04:00:00,148,314.9,True,True,246.7841339111328,-0.10502234424107781,246.67911156689175,0,0,0.1
core_neuralprophet_frozen_s2026,neuralprophet,frozen,selected,2026,8,2025-03-03 01:00:00,2025-03-09 05:00:00,149,273.56,True,True,238.59860229492188,-0.10502234424107781,238.4935799506808,0,0,0.1
core_neuralprophet_frozen_s2026,neuralprophet,frozen,selected,2026,8,2025-03-03 01:00:00,2025-03-09 06:00:00,150,237.76,True,True,219.5787811279297,-0.10502234424107781,219.47375878368862,0,0,0.1
core_neuralprophet_frozen_s2026,neuralprophet,frozen,selected,2026,8,2025-03-03 01:00:00,2025-03-09 07:00:00,151,163.16,True,True,104.64186096191406,-0.10502234424107781,104.53683861767298,0,0,0.1
core_neuralprophet_frozen_s2026,neuralprophet,frozen,selected,2026,8,2025-03-03 01:00:00,2025-03-09 08:00:00,152,129.02,True,True,80.65727233886719,-0.10502234424107781,80.55224999462611,0,0,0.1
core_neuralprophet_frozen_s2026,neuralprophet,frozen,selected,2026,8,2025-03-03 01:00:00,2025-03-09 09:00:00,153,118.52,True,True,25.621307373046875,-0.10502234424107781,25.516285028805797,0,0,0.1
core_neuralprophet_frozen_s2026,neuralprophet,frozen,selected,2026,8,2025-03-03 01:00:00,2025-03-09 10:00:00,154,116.81,True,True,12.068495750427246,-0.10502234424107781,11.963473406186168,0,0,0.1
core_neuralprophet_frozen_s2026,neuralprophet,frozen,selected,2026,8,2025-03-03 01:00:00,2025-03-09 11:00:00,155,125.98,True,True,34.82158279418945,-0.10502234424107781,34.716560449948375,0,0,0.1
core_neuralprophet_frozen_s2026,neuralprophet,frozen,selected,2026,8,2025-03-03 01:00:00,2025-03-09 12:00:00,156,129.36,True,True,43.974884033203125,-0.10502234424107781,43.86986168896205,0,0,0.1
core_neuralprophet_frozen_s2026,neuralprophet,frozen,selected,2026,8,2025-03-03 01:00:00,2025-03-09 13:00:00,157,130.78,True,True,34.0318717956543,-0.10502234424107781,33.92684945141322,0,0,0.1
core_neuralprophet_frozen_s2026,neuralprophet,frozen,selected,2026,8,2025-03-03 01:00:00,2025-03-09 14:00:00,158,139.75,True,True,7.862593650817871,-0.10502234424107781,7.757571306576793,0,0,0.1
core_neuralprophet_frozen_s2026,neuralprophet,frozen,selected,2026,8,2025-03-03 01:00:00,2025-03-09 15:00:00,159,146.84,True,True,23.7485408782959,-0.10502234424107781,23.64351853405482,0,0,0.1
core_neuralprophet_frozen_s2026,neuralprophet,frozen,selected,2026,8,2025-03-03 01:00:00,2025-03-09 16:00:00,160,149.04,True,True,36.11781692504883,-0.10502234424107781,36.01279458080775,0,0,0.1
core_neuralprophet_frozen_s2026,neuralprophet,frozen,selected,2026,8,2025-03-03 01:00:00,2025-03-09 17:00:00,161,155.44,True,True,14.514164924621582,-0.10502234424107781,14.409142580380504,0,0,0.1
core_neuralprophet_frozen_s2026,neuralprophet,frozen,selected,2026,8,2025-03-03 01:00:00,2025-03-09 18:00:00,162,162.73,True,True,35.19113540649414,-0.10502234424107781,35.08611306225306,0,0,0.1
core_neuralprophet_frozen_s2026,neuralprophet,frozen,selected,2026,8,2025-03-03 01:00:00,2025-03-09 19:00:00,163,179.09,True,True,64.35768127441406,-0.10502234424107781,64.25265893017298,0,0,0.1
core_neuralprophet_frozen_s2026,neuralprophet,frozen,selected,2026,8,2025-03-03 01:00:00,2025-03-09 20:00:00,164,202.51,True,True,120.07730865478516,-0.10502234424107781,119.97228631054408,0,0,0.1
core_neuralprophet_frozen_s2026,neuralprophet,frozen,selected,2026,8,2025-03-03 01:00:00,2025-03-09 21:00:00,165,224.81,True,True,183.40159606933597,-0.10502234424107781,183.2965737250949,0,0,0.1
core_neuralprophet_frozen_s2026,neuralprophet,frozen,selected,2026,8,2025-03-03 01:00:00,2025-03-09 22:00:00,166,253.2,True,True,208.27984619140625,-0.10502234424107781,208.1748238471652,0,0,0.1
core_neuralprophet_frozen_s2026,neuralprophet,frozen,selected,2026,8,2025-03-03 01:00:00,2025-03-09 23:00:00,167,318.58,True,True,258.475830078125,-0.10502234424107781,258.3708077338839,0,0,0.1
core_neuralprophet_frozen_s2026,neuralprophet,frozen,selected,2026,8,2025-03-03 01:00:00,2025-03-10 00:00:00,168,403.47,True,True,340.6103210449219,-0.10502234424107781,340.5052987006808,0,0,0.1
core_neuralprophet_frozen_s2026,neuralprophet,frozen,selected,2026,9,2025-03-10 01:00:00,2025-03-10 01:00:00,1,468.68,True,True,465.1234130859375,-2.5536608266558067,462.5697522592817,48,192,0.1
core_neuralprophet_frozen_s2026,neuralprophet,frozen,selected,2026,9,2025-03-10 01:00:00,2025-03-10 02:00:00,2,528.02,True,True,541.7140502929688,-2.5536608266558067,539.160389466313,48,192,0.1
core_neuralprophet_frozen_s2026,neuralprophet,frozen,selected,2026,9,2025-03-10 01:00:00,2025-03-10 03:00:00,3,579.36,True,True,595.50439453125,-2.5536608266558067,592.9507337045942,48,192,0.1
core_neuralprophet_frozen_s2026,neuralprophet,frozen,selected,2026,9,2025-03-10 01:00:00,2025-03-10 04:00:00,4,351.98,True,True,302.2677001953125,-2.5536608266558067,299.7140393686567,48,192,0.1
core_neuralprophet_frozen_s2026,neuralprophet,frozen,selected,2026,9,2025-03-10 01:00:00,2025-03-10 05:00:00,5,295.09,True,True,242.8458251953125,-2.5536608266558067,240.2921643686567,48,192,0.1
core_neuralprophet_frozen_s2026,neuralprophet,frozen,selected,2026,9,2025-03-10 01:00:00,2025-03-10 06:00:00,6,274.82,True,True,214.03016662597656,-2.5536608266558067,211.47650579932076,48,192,0.1
core_neuralprophet_frozen_s2026,neuralprophet,frozen,selected,2026,9,2025-03-10 01:00:00,2025-03-10 07:00:00,7,260.8,True,True,195.84104919433597,-2.5536608266558067,193.28738836768017,48,192,0.1
core_neuralprophet_frozen_s2026,neuralprophet,frozen,selected,2026,9,2025-03-10 01:00:00,2025-03-10 08:00:00,8,252.71,True,True,185.03228759765625,-2.5536608266558067,182.47862677100045,48,192,0.1
core_neuralprophet_frozen_s2026,neuralprophet,frozen,selected,2026,9,2025-03-10 01:00:00,2025-03-10 09:00:00,9,257.98,True,True,185.1145172119141,-2.5536608266558067,182.5608563852583,48,192,0.1
core_neuralprophet_frozen_s2026,neuralprophet,frozen,selected,2026,9,2025-03-10 01:00:00,2025-03-10 10:00:00,10,305.82,True,True,229.37681579589844,-2.5536608266558067,226.82315496924264,48,192,0.1
core_neuralprophet_frozen_s2026,neuralprophet,frozen,selected,2026,9,2025-03-10 01:00:00,2025-03-10 11:00:00,11,409.9,True,True,355.2267761230469,-2.5536608266558067,352.6731152963911,48,192,0.1
core_neuralprophet_frozen_s2026,neuralprophet,frozen,selected,2026,9,2025-03-10 01:00:00,2025-03-10 12:00:00,12,524.05,True,True,483.2825622558594,-2.5536608266558067,480.7289014292036,48,192,0.1
core_neuralprophet_frozen_s2026,neuralprophet,frozen,selected,2026,9,2025-03-10 01:00:00,2025-03-10 13:00:00,13,597.3,True,True,573.5929565429688,-2.5536608266558067,571.039295716313,48,192,0.1
core_neuralprophet_frozen_s2026,neuralprophet,frozen,selected,2026,9,2025-03-10 01:00:00,2025-03-10 14:00:00,14,599.18,True,True,575.5570068359375,-2.5536608266558067,573.0033460092817,48,192,0.1
core_neuralprophet_frozen_s2026,neuralprophet,frozen,selected,2026,9,2025-03-10 01:00:00,2025-03-10 15:00:00,15,525.87,True,True,498.8598937988281,-2.5536608266558067,496.3062329721723,48,192,0.1
core_neuralprophet_frozen_s2026,neuralprophet,frozen,selected,2026,9,2025-03-10 01:00:00,2025-03-10 16:00:00,16,426.94,True,True,370.4024353027344,-2.5536608266558067,367.8487744760786,48,192,0.1
core_neuralprophet_frozen_s2026,neuralprophet,frozen,selected,2026,9,2025-03-10 01:00:00,2025-03-10 17:00:00,17,386.62,True,True,324.1967163085937,-2.5536608266558067,321.6430554819379,48,192,0.1
core_neuralprophet_frozen_s2026,neuralprophet,frozen,selected,2026,9,2025-03-10 01:00:00,2025-03-10 18:00:00,18,373.55,True,True,307.3690185546875,-2.5536608266558067,304.8153577280317,48,192,0.1
core_neuralprophet_frozen_s2026,neuralprophet,frozen,selected,2026,9,2025-03-10 01:00:00,2025-03-10 19:00:00,19,389.35,True,True,321.1407470703125,-2.5536608266558067,318.5870862436567,48,192,0.1
core_neuralprophet_frozen_s2026,neuralprophet,frozen,selected,2026,9,2025-03-10 01:00:00,2025-03-10 20:00:00,20,411.06,True,True,333.1259460449219,-2.5536608266558067,330.5722852182661,48,192,0.1
core_neuralprophet_frozen_s2026,neuralprophet,frozen,selected,2026,9,2025-03-10 01:00:00,2025-03-10 21:00:00,21,424.62,True,True,338.7178039550781,-2.5536608266558067,336.1641431284223,48,192,0.1
core_neuralprophet_frozen_s2026,neuralprophet,frozen,selected,2026,9,2025-03-10 01:00:00,2025-03-10 22:00:00,22,433.7,True,True,347.2276916503906,-2.5536608266558067,344.6740308237348,48,192,0.1
core_neuralprophet_frozen_s2026,neuralprophet,frozen,selected,2026,9,2025-03-10 01:00:00,2025-03-10 23:00:00,23,501.1,True,True,400.32757568359375,-2.5536608266558067,397.77391485693795,48,192,0.1
core_neuralprophet_frozen_s2026,neuralprophet,frozen,selected,2026,9,2025-03-10 01:00:00,2025-03-11 00:00:00,24,615.29,True,True,516.89453125,-2.5536608266558067,514.3408704233442,48,192,0.1
core_neuralprophet_frozen_s2026,neuralprophet,frozen,selected,2026,9,2025-03-10 01:00:00,2025-03-11 01:00:00,25,682.03,True,True,579.0147705078125,-2.5536608266558067,576.4611096811567,48,192,0.1
core_neuralprophet_frozen_s2026,neuralprophet,frozen,selected,2026,9,2025-03-10 01:00:00,2025-03-11 02:00:00,26,721.94,True,True,637.518310546875,-2.5536608266558067,634.9646497202192,48,192,0.1
core_neuralprophet_frozen_s2026,neuralprophet,frozen,selected,2026,9,2025-03-10 01:00:00,2025-03-11 03:00:00,27,765.86,True,True,702.0664672851562,-2.5536608266558067,699.5128064585004,48,192,0.1
core_neuralprophet_frozen_s2026,neuralprophet,frozen,selected,2026,9,2025-03-10 01:00:00,2025-03-11 04:00:00,28,590.44,True,True,494.1727600097656,-2.5536608266558067,491.6190991831098,48,192,0.1
core_neuralprophet_frozen_s2026,neuralprophet,frozen,selected,2026,9,2025-03-10 01:00:00,2025-03-11 05:00:00,29,538.25,True,True,469.8541259765625,-2.5536608266558067,467.3004651499067,48,192,0.1
core_neuralprophet_frozen_s2026,neuralprophet,frozen,selected,2026,9,2025-03-10 01:00:00,2025-03-11 06:00:00,30,492.88,True,True,447.9682312011719,-2.5536608266558067,445.4145703745161,48,192,0.1
core_neuralprophet_frozen_s2026,neuralprophet,frozen,selected,2026,9,2025-03-10 01:00:00,2025-03-11 07:00:00,31,451.86,True,True,403.8841552734375,-2.5536608266558067,401.3304944467817,48,192,0.1
core_neuralprophet_frozen_s2026,neuralprophet,frozen,selected,2026,9,2025-03-10 01:00:00,2025-03-11 08:00:00,32,421.91,True,True,376.2084655761719,-2.5536608266558067,373.6548047495161,48,192,0.1
core_neuralprophet_frozen_s2026,neuralprophet,frozen,selected,2026,9,2025-03-10 01:00:00,2025-03-11 09:00:00,33,388.37,True,True,326.1627502441406,-2.5536608266558067,323.6090894174848,48,192,0.1
core_neuralprophet_frozen_s2026,neuralprophet,frozen,selected,2026,9,2025-03-10 01:00:00,2025-03-11 10:00:00,34,405.72,True,True,346.1506652832031,-2.5536608266558067,343.5970044565473,48,192,0.1
core_neuralprophet_frozen_s2026,neuralprophet,frozen,selected,2026,9,2025-03-10 01:00:00,2025-03-11 11:00:00,35,498.33,True,True,445.9302673339844,-2.5536608266558067,443.3766065073286,48,192,0.1
core_neuralprophet_frozen_s2026,neuralprophet,frozen,selected,2026,9,2025-03-10 01:00:00,2025-03-11 12:00:00,36,605.1,True,True,546.4730834960938,-2.5536608266558067,543.919422669438,48,192,0.1
core_neuralprophet_frozen_s2026,neuralprophet,frozen,selected,2026,9,2025-03-10 01:00:00,2025-03-11 13:00:00,37,700.4,True,True,611.3104858398438,-2.5536608266558067,608.756825013188,48,192,0.1
core_neuralprophet_frozen_s2026,neuralprophet,frozen,selected,2026,9,2025-03-10 01:00:00,2025-03-11 14:00:00,38,734.51,True,True,632.9922485351562,-2.5536608266558067,630.4385877085004,48,192,0.1
core_neuralprophet_frozen_s2026,neuralprophet,frozen,selected,2026,9,2025-03-10 01:00:00,2025-03-11 15:00:00,39,613.44,True,True,537.9900512695312,-2.5536608266558067,535.4363904428754,48,192,0.1
core_neuralprophet_frozen_s2026,neuralprophet,frozen,selected,2026,9,2025-03-10 01:00:00,2025-03-11 16:00:00,40,391.51,True,True,392.0526428222656,-2.5536608266558067,389.4989819956098,48,192,0.1
core_neuralprophet_frozen_s2026,neuralprophet,frozen,selected,2026,9,2025-03-10 01:00:00,2025-03-11 17:00:00,41,239.68,True,True,295.1461486816406,-2.5536608266558067,292.5924878549848,48,192,0.1
core_neuralprophet_frozen_s2026,neuralprophet,frozen,selected,2026,9,2025-03-10 01:00:00,2025-03-11 18:00:00,42,153.46,True,True,199.56602478027344,-2.5536608266558067,197.01236395361764,48,192,0.1
core_neuralprophet_frozen_s2026,neuralprophet,frozen,selected,2026,9,2025-03-10 01:00:00,2025-03-11 19:00:00,43,126.54,True,True,154.03045654296875,-2.5536608266558067,151.47679571631295,48,192,0.1
core_neuralprophet_frozen_s2026,neuralprophet,frozen,selected,2026,9,2025-03-10 01:00:00,2025-03-11 20:00:00,44,138.07,True,True,130.85655212402344,-2.5536608266558067,128.30289129736764,48,192,0.1
core_neuralprophet_frozen_s2026,neuralprophet,frozen,selected,2026,9,2025-03-10 01:00:00,2025-03-11 21:00:00,45,159.74,True,True,146.35916137695312,-2.5536608266558067,143.80550055029732,48,192,0.1
core_neuralprophet_frozen_s2026,neuralprophet,frozen,selected,2026,9,2025-03-10 01:00:00,2025-03-11 22:00:00,46,183.25,True,True,162.6124267578125,-2.5536608266558067,160.0587659311567,48,192,0.1
core_neuralprophet_frozen_s2026,neuralprophet,frozen,selected,2026,9,2025-03-10 01:00:00,2025-03-11 23:00:00,47,235.14,True,True,206.0193634033203,-2.5536608266558067,203.4657025766645,48,192,0.1
core_neuralprophet_frozen_s2026,neuralprophet,frozen,selected,2026,9,2025-03-10 01:00:00,2025-03-12 00:00:00,48,267.1,True,True,228.17239379882807,-2.5536608266558067,225.61873297217227,48,192,0.1
core_neuralprophet_frozen_s2026,neuralprophet,frozen,selected,2026,9,2025-03-10 01:00:00,2025-03-12 01:00:00,49,234.25,True,True,177.45379638671875,-2.5536608266558067,174.90013556006295,48,192,0.1
core_neuralprophet_frozen_s2026,neuralprophet,frozen,selected,2026,9,2025-03-10 01:00:00,2025-03-12 02:00:00,50,217.98,True,True,151.2363739013672,-2.5536608266558067,148.6827130747114,48,192,0.1
core_neuralprophet_frozen_s2026,neuralprophet,frozen,selected,2026,9,2025-03-10 01:00:00,2025-03-12 03:00:00,51,170.44,True,True,78.91552734375,-2.5536608266558067,76.3618665170942,48,192,0.1
core_neuralprophet_frozen_s2026,neuralprophet,frozen,selected,2026,9,2025-03-10 01:00:00,2025-03-12 04:00:00,52,68.47,True,True,16.456119537353516,-2.5536608266558067,13.902458710697708,48,192,0.1
core_neuralprophet_frozen_s2026,neuralprophet,frozen,selected,2026,9,2025-03-10 01:00:00,2025-03-12 05:00:00,53,41.67,True,True,6.219887733459473,-2.5536608266558067,3.666226906803666,48,192,0.1
core_neuralprophet_frozen_s2026,neuralprophet,frozen,selected,2026,9,2025-03-10 01:00:00,2025-03-12 06:00:00,54,35.74,True,True,31.91880798339844,-2.5536608266558067,29.365147156742633,48,192,0.1
core_neuralprophet_frozen_s2026,neuralprophet,frozen,selected,2026,9,2025-03-10 01:00:00,2025-03-12 07:00:00,55,33.33,True,True,34.42734909057617,-2.5536608266558067,31.873688263920364,48,192,0.1
core_neuralprophet_frozen_s2026,neuralprophet,frozen,selected,2026,9,2025-03-10 01:00:00,2025-03-12 08:00:00,56,36.74,True,True,42.79820251464844,-2.5536608266558067,40.24454168799263,48,192,0.1
core_neuralprophet_frozen_s2026,neuralprophet,frozen,selected,2026,9,2025-03-10 01:00:00,2025-03-12 09:00:00,57,42.17,True,True,47.81767654418945,-2.5536608266558067,45.264015717533645,48,192,0.1
core_neuralprophet_frozen_s2026,neuralprophet,frozen,selected,2026,9,2025-03-10 01:00:00,2025-03-12 10:00:00,58,51.82,True,True,64.87370300292969,-2.5536608266558067,62.32004217627388,48,192,0.1
core_neuralprophet_frozen_s2026,neuralprophet,frozen,selected,2026,9,2025-03-10 01:00:00,2025-03-12 11:00:00,59,81.0,True,True,112.6690902709961,-2.5536608266558067,110.1154294443403,48,192,0.1
core_neuralprophet_frozen_s2026,neuralprophet,frozen,selected,2026,9,2025-03-10 01:00:00,2025-03-12 12:00:00,60,130.0,True,True,156.33792114257812,-2.5536608266558067,153.78426031592232,48,192,0.1
core_neuralprophet_frozen_s2026,neuralprophet,frozen,selected,2026,9,2025-03-10 01:00:00,2025-03-12 13:00:00,61,217.83,True,True,242.81329345703125,-2.5536608266558067,240.25963263037545,48,192,0.1
core_neuralprophet_frozen_s2026,neuralprophet,frozen,selected,2026,9,2025-03-10 01:00:00,2025-03-12 14:00:00,62,338.03,True,True,375.62799072265625,-2.5536608266558067,373.07432989600045,48,192,0.1
core_neuralprophet_frozen_s2026,neuralprophet,frozen,selected,2026,9,2025-03-10 01:00:00,2025-03-12 15:00:00,63,429.35,True,True,454.2868957519531,-2.5536608266558067,451.7332349252973,48,192,0.1
core_neuralprophet_frozen_s2026,neuralprophet,frozen,selected,2026,9,2025-03-10 01:00:00,2025-03-12 16:00:00,64,447.17,True,True,459.5791015625,-2.5536608266558067,457.0254407358442,48,192,0.1
core_neuralprophet_frozen_s2026,neuralprophet,frozen,selected,2026,9,2025-03-10 01:00:00,2025-03-12 17:00:00,65,417.29,True,True,426.7297668457031,-2.5536608266558067,424.1761060190473,48,192,0.1
core_neuralprophet_frozen_s2026,neuralprophet,frozen,selected,2026,9,2025-03-10 01:00:00,2025-03-12 18:00:00,66,369.96,True,True,403.737060546875,-2.5536608266558067,401.1833997202192,48,192,0.1
core_neuralprophet_frozen_s2026,neuralprophet,frozen,selected,2026,9,2025-03-10 01:00:00,2025-03-12 19:00:00,67,321.45,True,True,349.925537109375,-2.5536608266558067,347.3718762827192,48,192,0.1
core_neuralprophet_frozen_s2026,neuralprophet,frozen,selected,2026,9,2025-03-10 01:00:00,2025-03-12 20:00:00,68,294.91,True,True,305.56805419921875,-2.5536608266558067,303.01439337256295,48,192,0.1
core_neuralprophet_frozen_s2026,neuralprophet,frozen,selected,2026,9,2025-03-10 01:00:00,2025-03-12 21:00:00,69,280.67,True,True,284.35479736328125,-2.5536608266558067,281.80113653662545,48,192,0.1
core_neuralprophet_frozen_s2026,neuralprophet,frozen,selected,2026,9,2025-03-10 01:00:00,2025-03-12 22:00:00,70,253.76,True,True,229.8527374267578,-2.5536608266558067,227.299076600102,48,192,0.1
core_neuralprophet_frozen_s2026,neuralprophet,frozen,selected,2026,9,2025-03-10 01:00:00,2025-03-12 23:00:00,71,285.51,True,True,275.9996337890625,-2.5536608266558067,273.4459729624067,48,192,0.1
core_neuralprophet_frozen_s2026,neuralprophet,frozen,selected,2026,9,2025-03-10 01:00:00,2025-03-13 00:00:00,72,336.25,True,True,336.2333374023437,-2.5536608266558067,333.6796765756879,48,192,0.1
core_neuralprophet_frozen_s2026,neuralprophet,frozen,selected,2026,9,2025-03-10 01:00:00,2025-03-13 01:00:00,73,313.01,True,True,318.7849426269531,-2.5536608266558067,316.2312818002973,48,192,0.1
core_neuralprophet_frozen_s2026,neuralprophet,frozen,selected,2026,9,2025-03-10 01:00:00,2025-03-13 02:00:00,74,299.56,True,True,291.72344970703125,-2.5536608266558067,289.16978888037545,48,192,0.1
core_neuralprophet_frozen_s2026,neuralprophet,frozen,selected,2026,9,2025-03-10 01:00:00,2025-03-13 03:00:00,75,277.57,True,True,288.99346923828125,-2.5536608266558067,286.43980841162545,48,192,0.1
core_neuralprophet_frozen_s2026,neuralprophet,frozen,selected,2026,9,2025-03-10 01:00:00,2025-03-13 04:00:00,76,177.69,True,True,151.53448486328125,-2.5536608266558067,148.98082403662545,48,192,0.1
core_neuralprophet_frozen_s2026,neuralprophet,frozen,selected,2026,9,2025-03-10 01:00:00,2025-03-13 05:00:00,77,161.97,True,True,156.4967041015625,-2.5536608266558067,153.9430432749067,48,192,0.1
core_neuralprophet_frozen_s2026,neuralprophet,frozen,selected,2026,9,2025-03-10 01:00:00,2025-03-13 06:00:00,78,159.56,True,True,123.58353424072266,-2.5536608266558067,121.02987341406686,48,192,0.1
core_neuralprophet_frozen_s2026,neuralprophet,frozen,selected,2026,9,2025-03-10 01:00:00,2025-03-13 07:00:00,79,180.11,True,True,119.05885314941406,-2.5536608266558067,116.50519232275826,48,192,0.1
core_neuralprophet_frozen_s2026,neuralprophet,frozen,selected,2026,9,2025-03-10 01:00:00,2025-03-13 08:00:00,80,222.17,True,True,182.1949462890625,-2.5536608266558067,179.6412854624067,48,192,0.1
core_neuralprophet_frozen_s2026,neuralprophet,frozen,selected,2026,9,2025-03-10 01:00:00,2025-03-13 09:00:00,81,254.1,True,True,170.8524169921875,-2.5536608266558067,168.2987561655317,48,192,0.1
core_neuralprophet_frozen_s2026,neuralprophet,frozen,selected,2026,9,2025-03-10 01:00:00,2025-03-13 10:00:00,82,276.54,True,True,191.2562713623047,-2.5536608266558067,188.7026105356489,48,192,0.1
core_neuralprophet_frozen_s2026,neuralprophet,frozen,selected,2026,9,2025-03-10 01:00:00,2025-03-13 11:00:00,83,265.42,True,True,155.2712860107422,-2.5536608266558067,152.7176251840864,48,192,0.1
core_neuralprophet_frozen_s2026,neuralprophet,frozen,selected,2026,9,2025-03-10 01:00:00,2025-03-13 12:00:00,84,178.63,True,True,88.8360824584961,-2.5536608266558067,86.2824216318403,48,192,0.1
core_neuralprophet_frozen_s2026,neuralprophet,frozen,selected,2026,9,2025-03-10 01:00:00,2025-03-13 13:00:00,85,105.61,True,True,60.64632797241211,-2.5536608266558067,58.0926671457563,48,192,0.1
core_neuralprophet_frozen_s2026,neuralprophet,frozen,selected,2026,9,2025-03-10 01:00:00,2025-03-13 14:00:00,86,84.6,True,True,97.74855041503906,-2.5536608266558067,95.19488958838326,48,192,0.1
core_neuralprophet_frozen_s2026,neuralprophet,frozen,selected,2026,9,2025-03-10 01:00:00,2025-03-13 15:00:00,87,70.29,True,True,69.40936279296875,-2.5536608266558067,66.85570196631295,48,192,0.1
core_neuralprophet_frozen_s2026,neuralprophet,frozen,selected,2026,9,2025-03-10 01:00:00,2025-03-13 16:00:00,88,60.12,True,True,69.06705474853516,-2.5536608266558067,66.51339392187936,48,192,0.1
core_neuralprophet_frozen_s2026,neuralprophet,frozen,selected,2026,9,2025-03-10 01:00:00,2025-03-13 17:00:00,89,59.07,True,True,82.14104461669922,-2.5536608266558067,79.58738379004342,48,192,0.1
core_neuralprophet_frozen_s2026,neuralprophet,frozen,selected,2026,9,2025-03-10 01:00:00,2025-03-13 18:00:00,90,61.58,True,True,81.72950744628906,-2.5536608266558067,79.17584661963326,48,192,0.1
core_neuralprophet_frozen_s2026,neuralprophet,frozen,selected,2026,9,2025-03-10 01:00:00,2025-03-13 19:00:00,91,69.87,True,True,108.38192749023438,-2.5536608266558067,105.82826666357857,48,192,0.1
core_neuralprophet_frozen_s2026,neuralprophet,frozen,selected,2026,9,2025-03-10 01:00:00,2025-03-13 20:00:00,92,80.47,True,True,126.99790954589844,-2.5536608266558067,124.44424871924264,48,192,0.1
core_neuralprophet_frozen_s2026,neuralprophet,frozen,selected,2026,9,2025-03-10 01:00:00,2025-03-13 21:00:00,93,88.73,True,True,124.91808319091795,-2.5536608266558067,122.36442236426215,48,192,0.1
core_neuralprophet_frozen_s2026,neuralprophet,frozen,selected,2026,9,2025-03-10 01:00:00,2025-03-13 22:00:00,94,96.11,True,True,139.92901611328125,-2.5536608266558067,137.37535528662545,48,192,0.1
core_neuralprophet_frozen_s2026,neuralprophet,frozen,selected,2026,9,2025-03-10 01:00:00,2025-03-13 23:00:00,95,128.19,True,True,165.7467498779297,-2.5536608266558067,163.1930890512739,48,192,0.1
core_neuralprophet_frozen_s2026,neuralprophet,frozen,selected,2026,9,2025-03-10 01:00:00,2025-03-14 00:00:00,96,167.14,True,True,187.3014373779297,-2.5536608266558067,184.7477765512739,48,192,0.1
core_neuralprophet_frozen_s2026,neuralprophet,frozen,selected,2026,9,2025-03-10 01:00:00,2025-03-14 01:00:00,97,79.89,True,True,81.44896697998047,-2.5536608266558067,78.89530615332467,48,192,0.1
core_neuralprophet_frozen_s2026,neuralprophet,frozen,selected,2026,9,2025-03-10 01:00:00,2025-03-14 02:00:00,98,56.08,True,True,55.85472869873047,-2.5536608266558067,53.30106787207466,48,192,0.1
core_neuralprophet_frozen_s2026,neuralprophet,frozen,selected,2026,9,2025-03-10 01:00:00,2025-03-14 03:00:00,99,43.68,True,True,53.792850494384766,-2.5536608266558067,51.23918966772896,48,192,0.1
core_neuralprophet_frozen_s2026,neuralprophet,frozen,selected,2026,9,2025-03-10 01:00:00,2025-03-14 04:00:00,100,36.26,True,True,54.72946166992188,-2.5536608266558067,52.175800843266074,48,192,0.1
core_neuralprophet_frozen_s2026,neuralprophet,frozen,selected,2026,9,2025-03-10 01:00:00,2025-03-14 05:00:00,101,32.24,True,True,94.46359252929688,-2.5536608266558067,91.90993170264107,48,192,0.1
core_neuralprophet_frozen_s2026,neuralprophet,frozen,selected,2026,9,2025-03-10 01:00:00,2025-03-14 06:00:00,102,29.75,True,True,97.89534759521484,-2.5536608266558067,95.34168676855904,48,192,0.1
core_neuralprophet_frozen_s2026,neuralprophet,frozen,selected,2026,9,2025-03-10 01:00:00,2025-03-14 07:00:00,103,28.54,True,True,85.3011703491211,-2.5536608266558067,82.7475095224653,48,192,0.1
core_neuralprophet_frozen_s2026,neuralprophet,frozen,selected,2026,9,2025-03-10 01:00:00,2025-03-14 08:00:00,104,28.35,True,True,78.24082946777344,-2.5536608266558067,75.68716864111764,48,192,0.1
core_neuralprophet_frozen_s2026,neuralprophet,frozen,selected,2026,9,2025-03-10 01:00:00,2025-03-14 09:00:00,105,28.52,True,True,59.61388397216797,-2.5536608266558067,57.06022314551216,48,192,0.1
core_neuralprophet_frozen_s2026,neuralprophet,frozen,selected,2026,9,2025-03-10 01:00:00,2025-03-14 10:00:00,106,30.09,True,True,37.7177963256836,-2.5536608266558067,35.16413549902779,48,192,0.1
core_neuralprophet_frozen_s2026,neuralprophet,frozen,selected,2026,9,2025-03-10 01:00:00,2025-03-14 11:00:00,107,35.1,True,True,55.66120147705078,-2.5536608266558067,53.107540650394974,48,192,0.1
core_neuralprophet_frozen_s2026,neuralprophet,frozen,selected,2026,9,2025-03-10 01:00:00,2025-03-14 12:00:00,108,40.63,True,True,51.52993774414063,-2.5536608266558067,48.976276917484824,48,192,0.1
core_neuralprophet_frozen_s2026,neuralprophet,frozen,selected,2026,9,2025-03-10 01:00:00,2025-03-14 13:00:00,109,41.12,True,True,46.305625915527344,-2.5536608266558067,43.751965088871536,48,192,0.1
core_neuralprophet_frozen_s2026,neuralprophet,frozen,selected,2026,9,2025-03-10 01:00:00,2025-03-14 14:00:00,110,40.82,True,True,54.38536071777344,-2.5536608266558067,51.83169989111763,48,192,0.1
core_neuralprophet_frozen_s2026,neuralprophet,frozen,selected,2026,9,2025-03-10 01:00:00,2025-03-14 15:00:00,111,38.07,True,True,63.98870849609375,-2.5536608266558067,61.43504766943794,48,192,0.1
core_neuralprophet_frozen_s2026,neuralprophet,frozen,selected,2026,9,2025-03-10 01:00:00,2025-03-14 16:00:00,112,31.97,True,True,28.77437210083008,-2.5536608266558067,26.220711274174274,48,192,0.1
core_neuralprophet_frozen_s2026,neuralprophet,frozen,selected,2026,9,2025-03-10 01:00:00,2025-03-14 17:00:00,113,28.79,True,True,22.32334518432617,-2.5536608266558067,19.76968435767036,48,192,0.1
core_neuralprophet_frozen_s2026,neuralprophet,frozen,selected,2026,9,2025-03-10 01:00:00,2025-03-14 18:00:00,114,29.14,True,True,22.06426429748535,-2.5536608266558067,19.510603470829544,48,192,0.1
core_neuralprophet_frozen_s2026,neuralprophet,frozen,selected,2026,9,2025-03-10 01:00:00,2025-03-14 19:00:00,115,32.4,True,True,26.96720123291016,-2.5536608266558067,24.413540406254352,48,192,0.1
core_neuralprophet_frozen_s2026,neuralprophet,frozen,selected,2026,9,2025-03-10 01:00:00,2025-03-14 20:00:00,116,36.19,True,True,28.060453414916992,-2.5536608266558067,25.506792588261185,48,192,0.1
core_neuralprophet_frozen_s2026,neuralprophet,frozen,selected,2026,9,2025-03-10 01:00:00,2025-03-14 21:00:00,117,40.25,True,True,58.17486190795898,-2.5536608266558067,55.62120108130317,48,192,0.1
core_neuralprophet_frozen_s2026,neuralprophet,frozen,selected,2026,9,2025-03-10 01:00:00,2025-03-14 22:00:00,118,47.46,True,True,55.12854766845703,-2.5536608266558067,52.574886841801224,48,192,0.1
core_neuralprophet_frozen_s2026,neuralprophet,frozen,selected,2026,9,2025-03-10 01:00:00,2025-03-14 23:00:00,119,85.98,True,True,98.83457946777344,-2.5536608266558067,96.28091864111764,48,192,0.1
core_neuralprophet_frozen_s2026,neuralprophet,frozen,selected,2026,9,2025-03-10 01:00:00,2025-03-15 00:00:00,120,152.25,True,True,167.2556610107422,-2.5536608266558067,164.7020001840864,48,192,0.1
core_neuralprophet_frozen_s2026,neuralprophet,frozen,selected,2026,9,2025-03-10 01:00:00,2025-03-15 01:00:00,121,204.83,True,True,215.8972320556641,-2.5536608266558067,213.3435712290083,48,192,0.1
core_neuralprophet_frozen_s2026,neuralprophet,frozen,selected,2026,9,2025-03-10 01:00:00,2025-03-15 02:00:00,122,183.26,True,True,201.19923400878903,-2.5536608266558067,198.64557318213323,48,192,0.1
core_neuralprophet_frozen_s2026,neuralprophet,frozen,selected,2026,9,2025-03-10 01:00:00,2025-03-15 03:00:00,123,100.88,True,True,121.59690856933594,-2.5536608266558067,119.04324774268014,48,192,0.1
core_neuralprophet_frozen_s2026,neuralprophet,frozen,selected,2026,9,2025-03-10 01:00:00,2025-03-15 04:00:00,124,29.22,True,True,38.45574188232422,-2.5536608266558067,35.90208105566841,48,192,0.1
core_neuralprophet_frozen_s2026,neuralprophet,frozen,selected,2026,9,2025-03-10 01:00:00,2025-03-15 05:00:00,125,23.38,True,True,59.14732360839844,-2.5536608266558067,56.59366278174263,48,192,0.1
core_neuralprophet_frozen_s2026,neuralprophet,frozen,selected,2026,9,2025-03-10 01:00:00,2025-03-15 06:00:00,126,24.16,True,True,75.6833267211914,-2.5536608266558067,73.1296658945356,48,192,0.1
core_neuralprophet_frozen_s2026,neuralprophet,frozen,selected,2026,9,2025-03-10 01:00:00,2025-03-15 07:00:00,127,28.38,True,True,70.80879211425781,-2.5536608266558067,68.25513128760201,48,192,0.1
core_neuralprophet_frozen_s2026,neuralprophet,frozen,selected,2026,9,2025-03-10 01:00:00,2025-03-15 08:00:00,128,33.38,True,True,94.60638427734376,-2.5536608266558067,92.05272345068796,48,192,0.1
core_neuralprophet_frozen_s2026,neuralprophet,frozen,selected,2026,9,2025-03-10 01:00:00,2025-03-15 09:00:00,129,32.87,True,True,97.29692840576172,-2.5536608266558067,94.74326757910592,48,192,0.1
core_neuralprophet_frozen_s2026,neuralprophet,frozen,selected,2026,9,2025-03-10 01:00:00,2025-03-15 10:00:00,130,26.69,True,True,60.6692008972168,-2.5536608266558067,58.11554007056099,48,192,0.1
core_neuralprophet_frozen_s2026,neuralprophet,frozen,selected,2026,9,2025-03-10 01:00:00,2025-03-15 11:00:00,131,22.78,True,True,27.0181827545166,-2.5536608266558067,24.464521927860794,48,192,0.1
core_neuralprophet_frozen_s2026,neuralprophet,frozen,selected,2026,9,2025-03-10 01:00:00,2025-03-15 12:00:00,132,20.4,True,True,-7.541848182678223,-2.5536608266558067,-10.09550900933403,48,192,0.1
core_neuralprophet_frozen_s2026,neuralprophet,frozen,selected,2026,9,2025-03-10 01:00:00,2025-03-15 13:00:00,133,26.92,True,True,12.897093772888184,-2.5536608266558067,10.343432946232376,48,192,0.1
core_neuralprophet_frozen_s2026,neuralprophet,frozen,selected,2026,9,2025-03-10 01:00:00,2025-03-15 14:00:00,134,40.88,True,True,48.57106018066406,-2.5536608266558067,46.017399354008255,48,192,0.1
core_neuralprophet_frozen_s2026,neuralprophet,frozen,selected,2026,9,2025-03-10 01:00:00,2025-03-15 15:00:00,135,46.72,True,True,60.179935455322266,-2.5536608266558067,57.62627462866646,48,192,0.1
core_neuralprophet_frozen_s2026,neuralprophet,frozen,selected,2026,9,2025-03-10 01:00:00,2025-03-15 16:00:00,136,49.4,True,True,95.2587890625,-2.5536608266558067,92.7051282358442,48,192,0.1
core_neuralprophet_frozen_s2026,neuralprophet,frozen,selected,2026,9,2025-03-10 01:00:00,2025-03-15 17:00:00,137,57.81,True,True,103.04762268066406,-2.5536608266558067,100.49396185400826,48,192,0.1
core_neuralprophet_frozen_s2026,neuralprophet,frozen,selected,2026,9,2025-03-10 01:00:00,2025-03-15 18:00:00,138,64.68,True,True,104.15338134765624,-2.5536608266558067,101.59972052100044,48,192,0.1
core_neuralprophet_frozen_s2026,neuralprophet,frozen,selected,2026,9,2025-03-10 01:00:00,2025-03-15 19:00:00,139,67.57,True,True,110.02510833740234,-2.5536608266558067,107.47144751074654,48,192,0.1
core_neuralprophet_frozen_s2026,neuralprophet,frozen,selected,2026,9,2025-03-10 01:00:00,2025-03-15 20:00:00,140,67.97,True,True,96.82029724121094,-2.5536608266558067,94.26663641455514,48,192,0.1
core_neuralprophet_frozen_s2026,neuralprophet,frozen,selected,2026,9,2025-03-10 01:00:00,2025-03-15 21:00:00,141,70.45,True,True,124.0342788696289,-2.5536608266558067,121.4806180429731,48,192,0.1
core_neuralprophet_frozen_s2026,neuralprophet,frozen,selected,2026,9,2025-03-10 01:00:00,2025-03-15 22:00:00,142,76.65,True,True,107.43107604980467,-2.5536608266558067,104.87741522314887,48,192,0.1
core_neuralprophet_frozen_s2026,neuralprophet,frozen,selected,2026,9,2025-03-10 01:00:00,2025-03-15 23:00:00,143,101.52,True,True,139.25143432617188,-2.5536608266558067,136.69777349951607,48,192,0.1
core_neuralprophet_frozen_s2026,neuralprophet,frozen,selected,2026,9,2025-03-10 01:00:00,2025-03-16 00:00:00,144,97.72,True,True,144.5498046875,-2.5536608266558067,141.9961438608442,48,192,0.1
core_neuralprophet_frozen_s2026,neuralprophet,frozen,selected,2026,9,2025-03-10 01:00:00,2025-03-16 01:00:00,145,56.58,True,True,81.47806549072266,-2.5536608266558067,78.92440466406686,48,192,0.1
core_neuralprophet_frozen_s2026,neuralprophet,frozen,selected,2026,9,2025-03-10 01:00:00,2025-03-16 02:00:00,146,39.15,True,True,32.49654006958008,-2.5536608266558067,29.94287924292427,48,192,0.1
core_neuralprophet_frozen_s2026,neuralprophet,frozen,selected,2026,9,2025-03-10 01:00:00,2025-03-16 03:00:00,147,25.37,True,True,1.1308135986328125,-2.5536608266558067,-1.4228472280229942,48,192,0.1
core_neuralprophet_frozen_s2026,neuralprophet,frozen,selected,2026,9,2025-03-10 01:00:00,2025-03-16 04:00:00,148,11.05,True,True,31.576400756835938,-2.5536608266558067,29.02273993018013,48,192,0.1
core_neuralprophet_frozen_s2026,neuralprophet,frozen,selected,2026,9,2025-03-10 01:00:00,2025-03-16 05:00:00,149,9.46,True,True,26.473806381225582,-2.5536608266558067,23.920145554569775,48,192,0.1
core_neuralprophet_frozen_s2026,neuralprophet,frozen,selected,2026,9,2025-03-10 01:00:00,2025-03-16 06:00:00,150,10.43,True,True,56.56369400024414,-2.5536608266558067,54.01003317358833,48,192,0.1
core_neuralprophet_frozen_s2026,neuralprophet,frozen,selected,2026,9,2025-03-10 01:00:00,2025-03-16 07:00:00,151,13.59,True,True,48.05471420288086,-2.5536608266558067,45.50105337622505,48,192,0.1
core_neuralprophet_frozen_s2026,neuralprophet,frozen,selected,2026,9,2025-03-10 01:00:00,2025-03-16 08:00:00,152,18.98,True,True,85.55603790283203,-2.5536608266558067,83.00237707617623,48,192,0.1
core_neuralprophet_frozen_s2026,neuralprophet,frozen,selected,2026,9,2025-03-10 01:00:00,2025-03-16 09:00:00,153,24.69,True,True,75.70863342285156,-2.5536608266558067,73.15497259619576,48,192,0.1
core_neuralprophet_frozen_s2026,neuralprophet,frozen,selected,2026,9,2025-03-10 01:00:00,2025-03-16 10:00:00,154,40.9,True,True,92.10877990722656,-2.5536608266558067,89.55511908057076,48,192,0.1
core_neuralprophet_frozen_s2026,neuralprophet,frozen,selected,2026,9,2025-03-10 01:00:00,2025-03-16 11:00:00,155,84.58,True,True,156.4922332763672,-2.5536608266558067,153.9385724497114,48,192,0.1
core_neuralprophet_frozen_s2026,neuralprophet,frozen,selected,2026,9,2025-03-10 01:00:00,2025-03-16 12:00:00,156,146.1,True,True,229.3638458251953,-2.5536608266558067,226.8101849985395,48,192,0.1
core_neuralprophet_frozen_s2026,neuralprophet,frozen,selected,2026,9,2025-03-10 01:00:00,2025-03-16 13:00:00,157,210.75,True,True,275.27203369140625,-2.5536608266558067,272.71837286475045,48,192,0.1
core_neuralprophet_frozen_s2026,neuralprophet,frozen,selected,2026,9,2025-03-10 01:00:00,2025-03-16 14:00:00,158,284.49,True,True,363.712646484375,-2.5536608266558067,361.1589856577192,48,192,0.1
core_neuralprophet_frozen_s2026,neuralprophet,frozen,selected,2026,9,2025-03-10 01:00:00,2025-03-16 15:00:00,159,332.76,True,True,424.5670166015625,-2.5536608266558067,422.0133557749067,48,192,0.1
core_neuralprophet_frozen_s2026,neuralprophet,frozen,selected,2026,9,2025-03-10 01:00:00,2025-03-16 16:00:00,160,333.31,True,True,417.3708801269531,-2.5536608266558067,414.8172193002973,48,192,0.1
core_neuralprophet_frozen_s2026,neuralprophet,frozen,selected,2026,9,2025-03-10 01:00:00,2025-03-16 17:00:00,161,327.65,True,True,430.6200256347656,-2.5536608266558067,428.0663648081098,48,192,0.1
core_neuralprophet_frozen_s2026,neuralprophet,frozen,selected,2026,9,2025-03-10 01:00:00,2025-03-16 18:00:00,162,301.94,True,True,390.7745056152344,-2.5536608266558067,388.2208447885786,48,192,0.1
core_neuralprophet_frozen_s2026,neuralprophet,frozen,selected,2026,9,2025-03-10 01:00:00,2025-03-16 19:00:00,163,225.27,True,True,307.0328063964844,-2.5536608266558067,304.4791455698286,48,192,0.1
core_neuralprophet_frozen_s2026,neuralprophet,frozen,selected,2026,9,2025-03-10 01:00:00,2025-03-16 20:00:00,164,150.19,True,True,206.8531188964844,-2.5536608266558067,204.2994580698286,48,192,0.1
core_neuralprophet_frozen_s2026,neuralprophet,frozen,selected,2026,9,2025-03-10 01:00:00,2025-03-16 21:00:00,165,102.02,True,True,169.89315795898438,-2.5536608266558067,167.33949713232857,48,192,0.1
core_neuralprophet_frozen_s2026,neuralprophet,frozen,selected,2026,9,2025-03-10 01:00:00,2025-03-16 22:00:00,166,69.13,True,True,110.71334838867188,-2.5536608266558067,108.15968756201607,48,192,0.1
core_neuralprophet_frozen_s2026,neuralprophet,frozen,selected,2026,9,2025-03-10 01:00:00,2025-03-16 23:00:00,167,74.17,True,True,85.4984130859375,-2.5536608266558067,82.9447522592817,48,192,0.1
core_neuralprophet_frozen_s2026,neuralprophet,frozen,selected,2026,9,2025-03-10 01:00:00,2025-03-17 00:00:00,168,73.99,True,True,103.60851287841795,-2.5536608266558067,101.05485205176215,48,192,0.1
core_neuralprophet_frozen_s2026,neuralprophet,frozen,selected,2026,10,2025-03-17 01:00:00,2025-03-17 01:00:00,1,31.77,True,True,9.584601402282717,-2.0985030966468177,7.486098305635899,0,0,0.1
core_neuralprophet_frozen_s2026,neuralprophet,frozen,selected,2026,10,2025-03-17 01:00:00,2025-03-17 02:00:00,2,15.45,True,True,-43.15529251098633,-2.0985030966468177,-45.253795607633144,0,0,0.1
core_neuralprophet_frozen_s2026,neuralprophet,frozen,selected,2026,10,2025-03-17 01:00:00,2025-03-17 03:00:00,3,8.29,True,True,-55.26705932617188,-2.0985030966468177,-57.3655624228187,0,0,0.1
core_neuralprophet_frozen_s2026,neuralprophet,frozen,selected,2026,10,2025-03-17 01:00:00,2025-03-17 04:00:00,4,4.12,True,True,-42.42329406738281,-2.0985030966468177,-44.52179716402963,0,0,0.1
core_neuralprophet_frozen_s2026,neuralprophet,frozen,selected,2026,10,2025-03-17 01:00:00,2025-03-17 05:00:00,5,3.51,True,True,-10.603763580322266,-2.0985030966468177,-12.702266676969083,0,0,0.1
core_neuralprophet_frozen_s2026,neuralprophet,frozen,selected,2026,10,2025-03-17 01:00:00,2025-03-17 06:00:00,6,3.35,True,True,-23.63007164001465,-2.0985030966468177,-25.728574736661464,0,0,0.1
core_neuralprophet_frozen_s2026,neuralprophet,frozen,selected,2026,10,2025-03-17 01:00:00,2025-03-17 07:00:00,7,3.31,True,True,-20.9207820892334,-2.0985030966468177,-23.019285185880214,0,0,0.1
core_neuralprophet_frozen_s2026,neuralprophet,frozen,selected,2026,10,2025-03-17 01:00:00,2025-03-17 08:00:00,8,3.61,True,True,-12.543240547180176,-2.0985030966468177,-14.641743643826993,0,0,0.1
core_neuralprophet_frozen_s2026,neuralprophet,frozen,selected,2026,10,2025-03-17 01:00:00,2025-03-17 09:00:00,9,4.11,True,True,-22.537357330322266,-2.0985030966468177,-24.63586042696908,0,0,0.1
core_neuralprophet_frozen_s2026,neuralprophet,frozen,selected,2026,10,2025-03-17 01:00:00,2025-03-17 10:00:00,10,6.24,True,True,-38.97110748291016,-2.0985030966468177,-41.06961057955698,0,0,0.1
core_neuralprophet_frozen_s2026,neuralprophet,frozen,selected,2026,10,2025-03-17 01:00:00,2025-03-17 11:00:00,11,11.18,True,True,-6.661400318145752,-2.0985030966468177,-8.75990341479257,0,0,0.1
core_neuralprophet_frozen_s2026,neuralprophet,frozen,selected,2026,10,2025-03-17 01:00:00,2025-03-17 12:00:00,12,16.6,True,True,-9.653550148010254,-2.0985030966468177,-11.752053244657072,0,0,0.1
core_neuralprophet_frozen_s2026,neuralprophet,frozen,selected,2026,10,2025-03-17 01:00:00,2025-03-17 13:00:00,13,33.88,True,True,9.919309616088867,-2.0985030966468177,7.8208065194420495,0,0,0.1
core_neuralprophet_frozen_s2026,neuralprophet,frozen,selected,2026,10,2025-03-17 01:00:00,2025-03-17 14:00:00,14,61.93,True,True,67.82762908935547,-2.0985030966468177,65.72912599270865,0,0,0.1
core_neuralprophet_frozen_s2026,neuralprophet,frozen,selected,2026,10,2025-03-17 01:00:00,2025-03-17 15:00:00,15,74.69,True,True,76.89728546142578,-2.0985030966468177,74.79878236477896,0,0,0.1
core_neuralprophet_frozen_s2026,neuralprophet,frozen,selected,2026,10,2025-03-17 01:00:00,2025-03-17 16:00:00,16,65.45,True,True,75.17701721191406,-2.0985030966468177,73.07851411526724,0,0,0.1
core_neuralprophet_frozen_s2026,neuralprophet,frozen,selected,2026,10,2025-03-17 01:00:00,2025-03-17 17:00:00,17,54.79,True,True,59.261260986328125,-2.0985030966468177,57.16275788968131,0,0,0.1
core_neuralprophet_frozen_s2026,neuralprophet,frozen,selected,2026,10,2025-03-17 01:00:00,2025-03-17 18:00:00,18,50.25,True,True,43.85876083374024,-2.0985030966468177,41.760257737093426,0,0,0.1
core_neuralprophet_frozen_s2026,neuralprophet,frozen,selected,2026,10,2025-03-17 01:00:00,2025-03-17 19:00:00,19,61.72,True,True,70.85618591308594,-2.0985030966468177,68.75768281643911,0,0,0.1
core_neuralprophet_frozen_s2026,neuralprophet,frozen,selected,2026,10,2025-03-17 01:00:00,2025-03-17 20:00:00,20,88.07,True,True,108.68869018554688,-2.0985030966468177,106.59018708890005,0,0,0.1
core_neuralprophet_frozen_s2026,neuralprophet,frozen,selected,2026,10,2025-03-17 01:00:00,2025-03-17 21:00:00,21,119.37,True,True,160.7455596923828,-2.0985030966468177,158.647056595736,0,0,0.1
core_neuralprophet_frozen_s2026,neuralprophet,frozen,selected,2026,10,2025-03-17 01:00:00,2025-03-17 22:00:00,22,153.66,True,True,200.96324157714844,-2.0985030966468177,198.86473848050161,0,0,0.1
core_neuralprophet_frozen_s2026,neuralprophet,frozen,selected,2026,10,2025-03-17 01:00:00,2025-03-17 23:00:00,23,240.13,True,True,276.2417907714844,-2.0985030966468177,274.14328767483755,0,0,0.1
core_neuralprophet_frozen_s2026,neuralprophet,frozen,selected,2026,10,2025-03-17 01:00:00,2025-03-18 00:00:00,24,360.81,True,True,405.698974609375,-2.0985030966468177,403.6004715127282,0,0,0.1
core_neuralprophet_frozen_s2026,neuralprophet,frozen,selected,2026,10,2025-03-17 01:00:00,2025-03-18 01:00:00,25,344.22,True,True,392.6112365722656,-2.0985030966468177,390.5127334756188,0,0,0.1
core_neuralprophet_frozen_s2026,neuralprophet,frozen,selected,2026,10,2025-03-17 01:00:00,2025-03-18 02:00:00,26,369.17,True,True,405.1124267578125,-2.0985030966468177,403.0139236611657,0,0,0.1
core_neuralprophet_frozen_s2026,neuralprophet,frozen,selected,2026,10,2025-03-17 01:00:00,2025-03-18 03:00:00,27,355.79,True,True,374.6095581054688,-2.0985030966468177,372.511055008822,0,0,0.1
core_neuralprophet_frozen_s2026,neuralprophet,frozen,selected,2026,10,2025-03-17 01:00:00,2025-03-18 04:00:00,28,87.33,True,True,123.2843017578125,-2.0985030966468177,121.18579866116568,0,0,0.1
core_neuralprophet_frozen_s2026,neuralprophet,frozen,selected,2026,10,2025-03-17 01:00:00,2025-03-18 05:00:00,29,35.3,True,True,86.47929382324219,-2.0985030966468177,84.38079072659536,0,0,0.1
core_neuralprophet_frozen_s2026,neuralprophet,frozen,selected,2026,10,2025-03-17 01:00:00,2025-03-18 06:00:00,30,13.98,True,True,56.26919174194336,-2.0985030966468177,54.17068864529654,0,0,0.1
core_neuralprophet_frozen_s2026,neuralprophet,frozen,selected,2026,10,2025-03-17 01:00:00,2025-03-18 07:00:00,31,8.81,True,True,48.4614143371582,-2.0985030966468177,46.36291124051139,0,0,0.1
core_neuralprophet_frozen_s2026,neuralprophet,frozen,selected,2026,10,2025-03-17 01:00:00,2025-03-18 08:00:00,32,8.33,True,True,34.97127151489258,-2.0985030966468177,32.87276841824576,0,0,0.1
core_neuralprophet_frozen_s2026,neuralprophet,frozen,selected,2026,10,2025-03-17 01:00:00,2025-03-18 09:00:00,33,8.4,True,True,27.085472106933597,-2.0985030966468177,24.986969010286778,0,0,0.1
core_neuralprophet_frozen_s2026,neuralprophet,frozen,selected,2026,10,2025-03-17 01:00:00,2025-03-18 10:00:00,34,39.59,True,True,113.20880126953124,-2.0985030966468177,111.11029817288441,0,0,0.1
core_neuralprophet_frozen_s2026,neuralprophet,frozen,selected,2026,10,2025-03-17 01:00:00,2025-03-18 11:00:00,35,111.19,True,True,213.0209197998047,-2.0985030966468177,210.92241670315786,0,0,0.1
core_neuralprophet_frozen_s2026,neuralprophet,frozen,selected,2026,10,2025-03-17 01:00:00,2025-03-18 12:00:00,36,231.14,True,True,315.0819091796875,-2.0985030966468177,312.9834060830407,0,0,0.1
core_neuralprophet_frozen_s2026,neuralprophet,frozen,selected,2026,10,2025-03-17 01:00:00,2025-03-18 13:00:00,37,374.95,True,True,457.7929382324219,-2.0985030966468177,455.69443513577505,0,0,0.1
core_neuralprophet_frozen_s2026,neuralprophet,frozen,selected,2026,10,2025-03-17 01:00:00,2025-03-18 14:00:00,38,457.73,True,True,525.6956787109375,-2.0985030966468177,523.5971756142907,0,0,0.1
core_neuralprophet_frozen_s2026,neuralprophet,frozen,selected,2026,10,2025-03-17 01:00:00,2025-03-18 15:00:00,39,433.59,True,True,473.3377990722656,-2.0985030966468177,471.2392959756188,0,0,0.1
core_neuralprophet_frozen_s2026,neuralprophet,frozen,selected,2026,10,2025-03-17 01:00:00,2025-03-18 16:00:00,40,278.25,True,True,328.61785888671875,-2.0985030966468177,326.5193557900719,0,0,0.1
core_neuralprophet_frozen_s2026,neuralprophet,frozen,selected,2026,10,2025-03-17 01:00:00,2025-03-18 17:00:00,41,214.72,True,True,266.4938049316406,-2.0985030966468177,264.3953018349938,0,0,0.1
core_neuralprophet_frozen_s2026,neuralprophet,frozen,selected,2026,10,2025-03-17 01:00:00,2025-03-18 18:00:00,42,187.9,True,True,219.84751892089844,-2.0985030966468177,217.74901582425161,0,0,0.1
core_neuralprophet_frozen_s2026,neuralprophet,frozen,selected,2026,10,2025-03-17 01:00:00,2025-03-18 19:00:00,43,151.21,True,True,175.9842529296875,-2.0985030966468177,173.88574983304068,0,0,0.1
core_neuralprophet_frozen_s2026,neuralprophet,frozen,selected,2026,10,2025-03-17 01:00:00,2025-03-18 20:00:00,44,113.15,True,True,151.5668487548828,-2.0985030966468177,149.468345658236,0,0,0.1
core_neuralprophet_frozen_s2026,neuralprophet,frozen,selected,2026,10,2025-03-17 01:00:00,2025-03-18 21:00:00,45,91.78,True,True,117.9535903930664,-2.0985030966468177,115.85508729641958,0,0,0.1
core_neuralprophet_frozen_s2026,neuralprophet,frozen,selected,2026,10,2025-03-17 01:00:00,2025-03-18 22:00:00,46,85.27,True,True,110.9290008544922,-2.0985030966468177,108.83049775784538,0,0,0.1
core_neuralprophet_frozen_s2026,neuralprophet,frozen,selected,2026,10,2025-03-17 01:00:00,2025-03-18 23:00:00,47,115.74,True,True,131.1183624267578,-2.0985030966468177,129.019859330111,0,0,0.1
core_neuralprophet_frozen_s2026,neuralprophet,frozen,selected,2026,10,2025-03-17 01:00:00,2025-03-19 00:00:00,48,158.89,True,True,175.5408935546875,-2.0985030966468177,173.44239045804068,0,0,0.1
core_neuralprophet_frozen_s2026,neuralprophet,frozen,selected,2026,10,2025-03-17 01:00:00,2025-03-19 01:00:00,49,184.39,True,True,208.5773162841797,-2.0985030966468177,206.47881318753286,0,0,0.1
core_neuralprophet_frozen_s2026,neuralprophet,frozen,selected,2026,10,2025-03-17 01:00:00,2025-03-19 02:00:00,50,208.95,True,True,244.8876800537109,-2.0985030966468177,242.7891769570641,0,0,0.1
core_neuralprophet_frozen_s2026,neuralprophet,frozen,selected,2026,10,2025-03-17 01:00:00,2025-03-19 03:00:00,51,218.09,True,True,251.53244018554688,-2.0985030966468177,249.43393708890005,0,0,0.1
core_neuralprophet_frozen_s2026,neuralprophet,frozen,selected,2026,10,2025-03-17 01:00:00,2025-03-19 04:00:00,52,115.44,True,True,135.43927001953125,-2.0985030966468177,133.34076692288443,0,0,0.1
core_neuralprophet_frozen_s2026,neuralprophet,frozen,selected,2026,10,2025-03-17 01:00:00,2025-03-19 05:00:00,53,47.51,True,True,70.01123809814453,-2.0985030966468177,67.91273500149771,0,0,0.1
core_neuralprophet_frozen_s2026,neuralprophet,frozen,selected,2026,10,2025-03-17 01:00:00,2025-03-19 06:00:00,54,20.3,True,True,35.58425521850586,-2.0985030966468177,33.48575212185904,0,0,0.1
core_neuralprophet_frozen_s2026,neuralprophet,frozen,selected,2026,10,2025-03-17 01:00:00,2025-03-19 07:00:00,55,12.77,True,True,30.14210319519043,-2.0985030966468177,28.043600098543614,0,0,0.1
core_neuralprophet_frozen_s2026,neuralprophet,frozen,selected,2026,10,2025-03-17 01:00:00,2025-03-19 08:00:00,56,17.03,True,True,43.83642578125,-2.0985030966468177,41.737922684603184,0,0,0.1
core_neuralprophet_frozen_s2026,neuralprophet,frozen,selected,2026,10,2025-03-17 01:00:00,2025-03-19 09:00:00,57,22.13,True,True,50.607051849365234,-2.0985030966468177,48.50854875271842,0,0,0.1
core_neuralprophet_frozen_s2026,neuralprophet,frozen,selected,2026,10,2025-03-17 01:00:00,2025-03-19 10:00:00,58,37.15,True,True,96.5459442138672,-2.0985030966468177,94.44744111722038,0,0,0.1
core_neuralprophet_frozen_s2026,neuralprophet,frozen,selected,2026,10,2025-03-17 01:00:00,2025-03-19 11:00:00,59,68.63,True,True,160.1829376220703,-2.0985030966468177,158.0844345254235,0,0,0.1
core_neuralprophet_frozen_s2026,neuralprophet,frozen,selected,2026,10,2025-03-17 01:00:00,2025-03-19 12:00:00,60,99.64,True,True,174.7599334716797,-2.0985030966468177,172.66143037503286,0,0,0.1
core_neuralprophet_frozen_s2026,neuralprophet,frozen,selected,2026,10,2025-03-17 01:00:00,2025-03-19 13:00:00,61,123.41,True,True,193.82090759277344,-2.0985030966468177,191.72240449612661,0,0,0.1
core_neuralprophet_frozen_s2026,neuralprophet,frozen,selected,2026,10,2025-03-17 01:00:00,2025-03-19 14:00:00,62,145.21,True,True,210.9669342041016,-2.0985030966468177,208.86843110745477,0,0,0.1
core_neuralprophet_frozen_s2026,neuralprophet,frozen,selected,2026,10,2025-03-17 01:00:00,2025-03-19 15:00:00,63,146.28,True,True,209.4372100830078,-2.0985030966468177,207.338706986361,0,0,0.1
core_neuralprophet_frozen_s2026,neuralprophet,frozen,selected,2026,10,2025-03-17 01:00:00,2025-03-19 16:00:00,64,115.46,True,True,157.7022705078125,-2.0985030966468177,155.60376741116568,0,0,0.1
core_neuralprophet_frozen_s2026,neuralprophet,frozen,selected,2026,10,2025-03-17 01:00:00,2025-03-19 17:00:00,65,80.15,True,True,92.86984252929688,-2.0985030966468177,90.77133943265005,0,0,0.1
core_neuralprophet_frozen_s2026,neuralprophet,frozen,selected,2026,10,2025-03-17 01:00:00,2025-03-19 18:00:00,66,57.06,True,True,73.3561782836914,-2.0985030966468177,71.25767518704458,0,0,0.1
core_neuralprophet_frozen_s2026,neuralprophet,frozen,selected,2026,10,2025-03-17 01:00:00,2025-03-19 19:00:00,67,44.98,True,True,49.02808380126953,-2.0985030966468177,46.929580704622715,0,0,0.1
core_neuralprophet_frozen_s2026,neuralprophet,frozen,selected,2026,10,2025-03-17 01:00:00,2025-03-19 20:00:00,68,42.52,True,True,49.82772445678711,-2.0985030966468177,47.72922136014029,0,0,0.1
core_neuralprophet_frozen_s2026,neuralprophet,frozen,selected,2026,10,2025-03-17 01:00:00,2025-03-19 21:00:00,69,43.49,True,True,52.44877624511719,-2.0985030966468177,50.35027314847037,0,0,0.1
core_neuralprophet_frozen_s2026,neuralprophet,frozen,selected,2026,10,2025-03-17 01:00:00,2025-03-19 22:00:00,70,46.51,True,True,53.58338928222656,-2.0985030966468177,51.48488618557975,0,0,0.1
core_neuralprophet_frozen_s2026,neuralprophet,frozen,selected,2026,10,2025-03-17 01:00:00,2025-03-19 23:00:00,71,69.63,True,True,98.86141204833984,-2.0985030966468177,96.76290895169302,0,0,0.1
core_neuralprophet_frozen_s2026,neuralprophet,frozen,selected,2026,10,2025-03-17 01:00:00,2025-03-20 00:00:00,72,99.32,True,True,136.91896057128906,-2.0985030966468177,134.82045747464224,0,0,0.1
core_neuralprophet_frozen_s2026,neuralprophet,frozen,selected,2026,10,2025-03-17 01:00:00,2025-03-20 01:00:00,73,110.67,True,True,165.23902893066406,-2.0985030966468177,163.14052583401724,0,0,0.1
core_neuralprophet_frozen_s2026,neuralprophet,frozen,selected,2026,10,2025-03-17 01:00:00,2025-03-20 02:00:00,74,96.42,True,True,136.41738891601562,-2.0985030966468177,134.3188858193688,0,0,0.1
core_neuralprophet_frozen_s2026,neuralprophet,frozen,selected,2026,10,2025-03-17 01:00:00,2025-03-20 03:00:00,75,55.87,True,True,81.05449676513672,-2.0985030966468177,78.9559936684899,0,0,0.1
core_neuralprophet_frozen_s2026,neuralprophet,frozen,selected,2026,10,2025-03-17 01:00:00,2025-03-20 04:00:00,76,16.8,True,True,14.618915557861328,-2.0985030966468177,12.52041246121451,0,0,0.1
core_neuralprophet_frozen_s2026,neuralprophet,frozen,selected,2026,10,2025-03-17 01:00:00,2025-03-20 05:00:00,77,12.08,True,True,48.19069290161133,-2.0985030966468177,46.09218980496451,0,0,0.1
core_neuralprophet_frozen_s2026,neuralprophet,frozen,selected,2026,10,2025-03-17 01:00:00,2025-03-20 06:00:00,78,11.12,True,True,39.1206169128418,-2.0985030966468177,37.02211381619498,0,0,0.1
core_neuralprophet_frozen_s2026,neuralprophet,frozen,selected,2026,10,2025-03-17 01:00:00,2025-03-20 07:00:00,79,10.16,True,True,48.08530044555664,-2.0985030966468177,45.986797348909825,0,0,0.1
core_neuralprophet_frozen_s2026,neuralprophet,frozen,selected,2026,10,2025-03-17 01:00:00,2025-03-20 08:00:00,80,10.39,True,True,70.53113555908203,-2.0985030966468177,68.43263246243521,0,0,0.1
core_neuralprophet_frozen_s2026,neuralprophet,frozen,selected,2026,10,2025-03-17 01:00:00,2025-03-20 09:00:00,81,11.27,True,True,55.89658737182617,-2.0985030966468177,53.798084275179356,0,0,0.1
core_neuralprophet_frozen_s2026,neuralprophet,frozen,selected,2026,10,2025-03-17 01:00:00,2025-03-20 10:00:00,82,23.62,True,True,96.15938568115234,-2.0985030966468177,94.06088258450552,0,0,0.1
core_neuralprophet_frozen_s2026,neuralprophet,frozen,selected,2026,10,2025-03-17 01:00:00,2025-03-20 11:00:00,83,55.05,True,True,160.05706787109375,-2.0985030966468177,157.95856477444693,0,0,0.1
core_neuralprophet_frozen_s2026,neuralprophet,frozen,selected,2026,10,2025-03-17 01:00:00,2025-03-20 12:00:00,84,92.13,True,True,201.44610595703125,-2.0985030966468177,199.34760286038443,0,0,0.1
core_neuralprophet_frozen_s2026,neuralprophet,frozen,selected,2026,10,2025-03-17 01:00:00,2025-03-20 13:00:00,85,135.18,True,True,231.33714294433597,-2.0985030966468177,229.23863984768914,0,0,0.1
core_neuralprophet_frozen_s2026,neuralprophet,frozen,selected,2026,10,2025-03-17 01:00:00,2025-03-20 14:00:00,86,178.08,True,True,275.8483581542969,-2.0985030966468177,273.74985505765005,0,0,0.1
core_neuralprophet_frozen_s2026,neuralprophet,frozen,selected,2026,10,2025-03-17 01:00:00,2025-03-20 15:00:00,87,188.44,True,True,280.7265319824219,-2.0985030966468177,278.62802888577505,0,0,0.1
core_neuralprophet_frozen_s2026,neuralprophet,frozen,selected,2026,10,2025-03-17 01:00:00,2025-03-20 16:00:00,88,161.08,True,True,245.44158935546875,-2.0985030966468177,243.34308625882193,0,0,0.1
core_neuralprophet_frozen_s2026,neuralprophet,frozen,selected,2026,10,2025-03-17 01:00:00,2025-03-20 17:00:00,89,134.87,True,True,232.99354553222656,-2.0985030966468177,230.89504243557974,0,0,0.1
core_neuralprophet_frozen_s2026,neuralprophet,frozen,selected,2026,10,2025-03-17 01:00:00,2025-03-20 18:00:00,90,119.77,True,True,181.9391632080078,-2.0985030966468177,179.840660111361,0,0,0.1
core_neuralprophet_frozen_s2026,neuralprophet,frozen,selected,2026,10,2025-03-17 01:00:00,2025-03-20 19:00:00,91,108.81,True,True,169.81504821777344,-2.0985030966468177,167.71654512112661,0,0,0.1
core_neuralprophet_frozen_s2026,neuralprophet,frozen,selected,2026,10,2025-03-17 01:00:00,2025-03-20 20:00:00,92,104.19,True,True,165.0153045654297,-2.0985030966468177,162.91680146878286,0,0,0.1
core_neuralprophet_frozen_s2026,neuralprophet,frozen,selected,2026,10,2025-03-17 01:00:00,2025-03-20 21:00:00,93,106.24,True,True,169.7874298095703,-2.0985030966468177,167.6889267129235,0,0,0.1
core_neuralprophet_frozen_s2026,neuralprophet,frozen,selected,2026,10,2025-03-17 01:00:00,2025-03-20 22:00:00,94,117.33,True,True,173.45858764648438,-2.0985030966468177,171.36008454983755,0,0,0.1
core_neuralprophet_frozen_s2026,neuralprophet,frozen,selected,2026,10,2025-03-17 01:00:00,2025-03-20 23:00:00,95,182.51,True,True,234.29251098632807,-2.0985030966468177,232.19400788968125,0,0,0.1
core_neuralprophet_frozen_s2026,neuralprophet,frozen,selected,2026,10,2025-03-17 01:00:00,2025-03-21 00:00:00,96,290.87,True,True,347.9219970703125,-2.0985030966468177,345.8234939736657,0,0,0.1
core_neuralprophet_frozen_s2026,neuralprophet,frozen,selected,2026,10,2025-03-17 01:00:00,2025-03-21 01:00:00,97,383.88,True,True,471.8431701660156,-2.0985030966468177,469.7446670693688,0,0,0.1
core_neuralprophet_frozen_s2026,neuralprophet,frozen,selected,2026,10,2025-03-17 01:00:00,2025-03-21 02:00:00,98,350.81,True,True,460.846923828125,-2.0985030966468177,458.7484207314782,0,0,0.1
core_neuralprophet_frozen_s2026,neuralprophet,frozen,selected,2026,10,2025-03-17 01:00:00,2025-03-21 03:00:00,99,194.99,True,True,301.6175231933594,-2.0985030966468177,299.51902009671255,0,0,0.1
core_neuralprophet_frozen_s2026,neuralprophet,frozen,selected,2026,10,2025-03-17 01:00:00,2025-03-21 04:00:00,100,16.08,True,True,50.92289352416992,-2.0985030966468177,48.824390427523106,0,0,0.1
core_neuralprophet_frozen_s2026,neuralprophet,frozen,selected,2026,10,2025-03-17 01:00:00,2025-03-21 05:00:00,101,10.66,True,True,41.64430618286133,-2.0985030966468177,39.54580308621451,0,0,0.1
core_neuralprophet_frozen_s2026,neuralprophet,frozen,selected,2026,10,2025-03-17 01:00:00,2025-03-21 06:00:00,102,10.46,True,True,38.168792724609375,-2.0985030966468177,36.07028962796256,0,0,0.1
core_neuralprophet_frozen_s2026,neuralprophet,frozen,selected,2026,10,2025-03-17 01:00:00,2025-03-21 07:00:00,103,10.8,True,True,41.47026443481445,-2.0985030966468177,39.37176133816764,0,0,0.1
core_neuralprophet_frozen_s2026,neuralprophet,frozen,selected,2026,10,2025-03-17 01:00:00,2025-03-21 08:00:00,104,11.66,True,True,32.99042892456055,-2.0985030966468177,30.89192582791373,0,0,0.1
core_neuralprophet_frozen_s2026,neuralprophet,frozen,selected,2026,10,2025-03-17 01:00:00,2025-03-21 09:00:00,105,12.27,True,True,18.86661529541016,-2.0985030966468177,16.76811219876334,0,0,0.1
core_neuralprophet_frozen_s2026,neuralprophet,frozen,selected,2026,10,2025-03-17 01:00:00,2025-03-21 10:00:00,106,14.8,True,True,34.06522750854492,-2.0985030966468177,31.966724411898106,0,0,0.1
core_neuralprophet_frozen_s2026,neuralprophet,frozen,selected,2026,10,2025-03-17 01:00:00,2025-03-21 11:00:00,107,20.49,True,True,40.22340393066406,-2.0985030966468177,38.12490083401725,0,0,0.1
core_neuralprophet_frozen_s2026,neuralprophet,frozen,selected,2026,10,2025-03-17 01:00:00,2025-03-21 12:00:00,108,26.74,True,True,51.16880798339844,-2.0985030966468177,49.07030488675162,0,0,0.1
core_neuralprophet_frozen_s2026,neuralprophet,frozen,selected,2026,10,2025-03-17 01:00:00,2025-03-21 13:00:00,109,55.02,True,True,114.72118377685548,-2.0985030966468177,112.62268068020866,0,0,0.1
core_neuralprophet_frozen_s2026,neuralprophet,frozen,selected,2026,10,2025-03-17 01:00:00,2025-03-21 14:00:00,110,100.48,True,True,177.94496154785156,-2.0985030966468177,175.84645845120474,0,0,0.1
core_neuralprophet_frozen_s2026,neuralprophet,frozen,selected,2026,10,2025-03-17 01:00:00,2025-03-21 15:00:00,111,123.63,True,True,196.14454650878903,-2.0985030966468177,194.0460434121422,0,0,0.1
core_neuralprophet_frozen_s2026,neuralprophet,frozen,selected,2026,10,2025-03-17 01:00:00,2025-03-21 16:00:00,112,110.11,True,True,161.5042724609375,-2.0985030966468177,159.40576936429068,0,0,0.1
core_neuralprophet_frozen_s2026,neuralprophet,frozen,selected,2026,10,2025-03-17 01:00:00,2025-03-21 17:00:00,113,76.11,True,True,95.5280303955078,-2.0985030966468177,93.42952729886098,0,0,0.1
core_neuralprophet_frozen_s2026,neuralprophet,frozen,selected,2026,10,2025-03-17 01:00:00,2025-03-21 18:00:00,114,50.2,True,True,55.80560302734375,-2.0985030966468177,53.707099930696934,0,0,0.1
core_neuralprophet_frozen_s2026,neuralprophet,frozen,selected,2026,10,2025-03-17 01:00:00,2025-03-21 19:00:00,115,35.2,True,True,41.56269454956055,-2.0985030966468177,39.46419145291373,0,0,0.1
core_neuralprophet_frozen_s2026,neuralprophet,frozen,selected,2026,10,2025-03-17 01:00:00,2025-03-21 20:00:00,116,32.61,True,True,32.46116256713867,-2.0985030966468177,30.362659470491856,0,0,0.1
core_neuralprophet_frozen_s2026,neuralprophet,frozen,selected,2026,10,2025-03-17 01:00:00,2025-03-21 21:00:00,117,33.94,True,True,28.482595443725582,-2.0985030966468177,26.384092347078763,0,0,0.1
core_neuralprophet_frozen_s2026,neuralprophet,frozen,selected,2026,10,2025-03-17 01:00:00,2025-03-21 22:00:00,118,37.62,True,True,63.90049362182617,-2.0985030966468177,61.801990525179356,0,0,0.1
core_neuralprophet_frozen_s2026,neuralprophet,frozen,selected,2026,10,2025-03-17 01:00:00,2025-03-21 23:00:00,119,50.38,True,True,79.20272827148438,-2.0985030966468177,77.10422517483755,0,0,0.1
core_neuralprophet_frozen_s2026,neuralprophet,frozen,selected,2026,10,2025-03-17 01:00:00,2025-03-22 00:00:00,120,57.67,True,True,71.5577163696289,-2.0985030966468177,69.45921327298208,0,0,0.1
core_neuralprophet_frozen_s2026,neuralprophet,frozen,selected,2026,10,2025-03-17 01:00:00,2025-03-22 01:00:00,121,54.64,True,True,42.33477783203125,-2.0985030966468177,40.236274735384434,0,0,0.1
core_neuralprophet_frozen_s2026,neuralprophet,frozen,selected,2026,10,2025-03-17 01:00:00,2025-03-22 02:00:00,122,49.73,True,True,54.42169189453125,-2.0985030966468177,52.323188797884434,0,0,0.1
core_neuralprophet_frozen_s2026,neuralprophet,frozen,selected,2026,10,2025-03-17 01:00:00,2025-03-22 03:00:00,123,40.46,True,True,22.5925407409668,-2.0985030966468177,20.49403764431998,0,0,0.1
core_neuralprophet_frozen_s2026,neuralprophet,frozen,selected,2026,10,2025-03-17 01:00:00,2025-03-22 04:00:00,124,29.47,True,True,25.42216682434082,-2.0985030966468177,23.323663727694004,0,0,0.1
core_neuralprophet_frozen_s2026,neuralprophet,frozen,selected,2026,10,2025-03-17 01:00:00,2025-03-22 05:00:00,125,27.4,True,True,44.94994735717773,-2.0985030966468177,42.85144426053091,0,0,0.1
core_neuralprophet_frozen_s2026,neuralprophet,frozen,selected,2026,10,2025-03-17 01:00:00,2025-03-22 06:00:00,126,26.35,True,True,43.12370300292969,-2.0985030966468177,41.02519990628287,0,0,0.1
core_neuralprophet_frozen_s2026,neuralprophet,frozen,selected,2026,10,2025-03-17 01:00:00,2025-03-22 07:00:00,127,25.59,True,True,48.05248260498047,-2.0985030966468177,45.95397950833365,0,0,0.1
core_neuralprophet_frozen_s2026,neuralprophet,frozen,selected,2026,10,2025-03-17 01:00:00,2025-03-22 08:00:00,128,24.99,True,True,57.49755859375,-2.0985030966468177,55.399055497103184,0,0,0.1
core_neuralprophet_frozen_s2026,neuralprophet,frozen,selected,2026,10,2025-03-17 01:00:00,2025-03-22 09:00:00,129,23.85,True,True,73.53765106201172,-2.0985030966468177,71.4391479653649,0,0,0.1
core_neuralprophet_frozen_s2026,neuralprophet,frozen,selected,2026,10,2025-03-17 01:00:00,2025-03-22 10:00:00,130,25.71,True,True,74.07042694091797,-2.0985030966468177,71.97192384427115,0,0,0.1
core_neuralprophet_frozen_s2026,neuralprophet,frozen,selected,2026,10,2025-03-17 01:00:00,2025-03-22 11:00:00,131,33.44,True,True,100.00440216064452,-2.0985030966468177,97.9058990639977,0,0,0.1
core_neuralprophet_frozen_s2026,neuralprophet,frozen,selected,2026,10,2025-03-17 01:00:00,2025-03-22 12:00:00,132,41.52,True,True,107.19164276123048,-2.0985030966468177,105.09313966458366,0,0,0.1
core_neuralprophet_frozen_s2026,neuralprophet,frozen,selected,2026,10,2025-03-17 01:00:00,2025-03-22 13:00:00,133,43.21,True,True,110.720947265625,-2.0985030966468177,108.62244416897818,0,0,0.1
core_neuralprophet_frozen_s2026,neuralprophet,frozen,selected,2026,10,2025-03-17 01:00:00,2025-03-22 14:00:00,134,37.36,True,True,63.67703628540039,-2.0985030966468177,61.578533188753575,0,0,0.1
core_neuralprophet_frozen_s2026,neuralprophet,frozen,selected,2026,10,2025-03-17 01:00:00,2025-03-22 15:00:00,135,27.27,True,True,35.464332580566406,-2.0985030966468177,33.36582948391959,0,0,0.1
core_neuralprophet_frozen_s2026,neuralprophet,frozen,selected,2026,10,2025-03-17 01:00:00,2025-03-22 16:00:00,136,19.07,True,True,16.77745246887207,-2.0985030966468177,14.678949372225253,0,0,0.1
core_neuralprophet_frozen_s2026,neuralprophet,frozen,selected,2026,10,2025-03-17 01:00:00,2025-03-22 17:00:00,137,18.65,True,True,0.75503009557724,-2.0985030966468177,-1.3434730010695777,0,0,0.1
core_neuralprophet_frozen_s2026,neuralprophet,frozen,selected,2026,10,2025-03-17 01:00:00,2025-03-22 18:00:00,138,19.15,True,True,11.541458129882812,-2.0985030966468177,9.442955033235995,0,0,0.1
core_neuralprophet_frozen_s2026,neuralprophet,frozen,selected,2026,10,2025-03-17 01:00:00,2025-03-22 19:00:00,139,20.44,True,True,16.99525260925293,-2.0985030966468177,14.896749512606112,0,0,0.1
core_neuralprophet_frozen_s2026,neuralprophet,frozen,selected,2026,10,2025-03-17 01:00:00,2025-03-22 20:00:00,140,23.09,True,True,24.37944221496582,-2.0985030966468177,22.280939118319004,0,0,0.1
core_neuralprophet_frozen_s2026,neuralprophet,frozen,selected,2026,10,2025-03-17 01:00:00,2025-03-22 21:00:00,141,25.95,True,True,33.22951889038086,-2.0985030966468177,31.131015793734043,0,0,0.1
core_neuralprophet_frozen_s2026,neuralprophet,frozen,selected,2026,10,2025-03-17 01:00:00,2025-03-22 22:00:00,142,30.06,True,True,50.76005935668945,-2.0985030966468177,48.66155626004264,0,0,0.1
core_neuralprophet_frozen_s2026,neuralprophet,frozen,selected,2026,10,2025-03-17 01:00:00,2025-03-22 23:00:00,143,43.62,True,True,107.8869857788086,-2.0985030966468177,105.78848268216177,0,0,0.1
core_neuralprophet_frozen_s2026,neuralprophet,frozen,selected,2026,10,2025-03-17 01:00:00,2025-03-23 00:00:00,144,66.71,True,True,129.77255249023438,-2.0985030966468177,127.67404939358755,0,0,0.1
core_neuralprophet_frozen_s2026,neuralprophet,frozen,selected,2026,10,2025-03-17 01:00:00,2025-03-23 01:00:00,145,88.97,True,True,168.9515380859375,-2.0985030966468177,166.85303498929068,0,0,0.1
core_neuralprophet_frozen_s2026,neuralprophet,frozen,selected,2026,10,2025-03-17 01:00:00,2025-03-23 02:00:00,146,106.82,True,True,194.3104705810547,-2.0985030966468177,192.21196748440786,0,0,0.1
core_neuralprophet_frozen_s2026,neuralprophet,frozen,selected,2026,10,2025-03-17 01:00:00,2025-03-23 03:00:00,147,113.84,True,True,170.1704559326172,-2.0985030966468177,168.07195283597036,0,0,0.1
core_neuralprophet_frozen_s2026,neuralprophet,frozen,selected,2026,10,2025-03-17 01:00:00,2025-03-23 04:00:00,148,75.39,True,True,90.75763702392578,-2.0985030966468177,88.65913392727896,0,0,0.1
core_neuralprophet_frozen_s2026,neuralprophet,frozen,selected,2026,10,2025-03-17 01:00:00,2025-03-23 05:00:00,149,72.53,True,True,76.46527862548828,-2.0985030966468177,74.36677552884146,0,0,0.1
core_neuralprophet_frozen_s2026,neuralprophet,frozen,selected,2026,10,2025-03-17 01:00:00,2025-03-23 06:00:00,150,71.86,True,True,72.84932708740234,-2.0985030966468177,70.75082399075552,0,0,0.1
core_neuralprophet_frozen_s2026,neuralprophet,frozen,selected,2026,10,2025-03-17 01:00:00,2025-03-23 07:00:00,151,72.02,True,True,74.8704605102539,-2.0985030966468177,72.77195741360708,0,0,0.1
core_neuralprophet_frozen_s2026,neuralprophet,frozen,selected,2026,10,2025-03-17 01:00:00,2025-03-23 08:00:00,152,72.96,True,True,97.21552276611328,-2.0985030966468177,95.11701966946646,0,0,0.1
core_neuralprophet_frozen_s2026,neuralprophet,frozen,selected,2026,10,2025-03-17 01:00:00,2025-03-23 09:00:00,153,69.95,True,True,76.16265106201172,-2.0985030966468177,74.0641479653649,0,0,0.1
core_neuralprophet_frozen_s2026,neuralprophet,frozen,selected,2026,10,2025-03-17 01:00:00,2025-03-23 10:00:00,154,82.91,True,True,116.9609375,-2.0985030966468177,114.86243440335318,0,0,0.1
core_neuralprophet_frozen_s2026,neuralprophet,frozen,selected,2026,10,2025-03-17 01:00:00,2025-03-23 11:00:00,155,133.93,True,True,207.0414123535156,-2.0985030966468177,204.94290925686877,0,0,0.1
core_neuralprophet_frozen_s2026,neuralprophet,frozen,selected,2026,10,2025-03-17 01:00:00,2025-03-23 12:00:00,156,197.12,True,True,246.15757751464844,-2.0985030966468177,244.05907441800161,0,0,0.1
core_neuralprophet_frozen_s2026,neuralprophet,frozen,selected,2026,10,2025-03-17 01:00:00,2025-03-23 13:00:00,157,246.71,True,True,296.7753601074219,-2.0985030966468177,294.67685701077505,0,0,0.1
core_neuralprophet_frozen_s2026,neuralprophet,frozen,selected,2026,10,2025-03-17 01:00:00,2025-03-23 14:00:00,158,281.62,True,True,308.2789001464844,-2.0985030966468177,306.18039704983755,0,0,0.1
core_neuralprophet_frozen_s2026,neuralprophet,frozen,selected,2026,10,2025-03-17 01:00:00,2025-03-23 15:00:00,159,281.44,True,True,267.9685363769531,-2.0985030966468177,265.8700332803063,0,0,0.1
core_neuralprophet_frozen_s2026,neuralprophet,frozen,selected,2026,10,2025-03-17 01:00:00,2025-03-23 16:00:00,160,233.89,True,True,216.03948974609372,-2.0985030966468177,213.9409866494469,0,0,0.1
core_neuralprophet_frozen_s2026,neuralprophet,frozen,selected,2026,10,2025-03-17 01:00:00,2025-03-23 17:00:00,161,185.95,True,True,133.4835205078125,-2.0985030966468177,131.38501741116568,0,0,0.1
core_neuralprophet_frozen_s2026,neuralprophet,frozen,selected,2026,10,2025-03-17 01:00:00,2025-03-23 18:00:00,162,160.92,True,True,56.21379470825195,-2.0985030966468177,54.11529161160514,0,0,0.1
core_neuralprophet_frozen_s2026,neuralprophet,frozen,selected,2026,10,2025-03-17 01:00:00,2025-03-23 19:00:00,163,149.14,True,True,-23.40310859680176,-2.0985030966468177,-25.50161169344858,0,0,0.1
core_neuralprophet_frozen_s2026,neuralprophet,frozen,selected,2026,10,2025-03-17 01:00:00,2025-03-23 20:00:00,164,128.14,True,True,-3.80985426902771,-2.0985030966468177,-5.908357365674528,0,0,0.1
core_neuralprophet_frozen_s2026,neuralprophet,frozen,selected,2026,10,2025-03-17 01:00:00,2025-03-23 21:00:00,165,104.76,True,True,-27.66944694519043,-2.0985030966468177,-29.767950041837246,0,0,0.1
core_neuralprophet_frozen_s2026,neuralprophet,frozen,selected,2026,10,2025-03-17 01:00:00,2025-03-23 22:00:00,166,63.46,True,True,-15.840829849243164,-2.0985030966468177,-17.93933294588998,0,0,0.1
core_neuralprophet_frozen_s2026,neuralprophet,frozen,selected,2026,10,2025-03-17 01:00:00,2025-03-23 23:00:00,167,28.11,True,True,-21.61505126953125,-2.0985030966468177,-23.713554366178066,0,0,0.1
core_neuralprophet_frozen_s2026,neuralprophet,frozen,selected,2026,10,2025-03-17 01:00:00,2025-03-24 00:00:00,168,14.75,True,True,-9.704326629638672,-2.0985030966468177,-11.80282972628549,0,0,0.1
core_neuralprophet_frozen_s2026,neuralprophet,frozen,selected,2026,11,2025-03-24 01:00:00,2025-03-24 01:00:00,1,10.98,True,True,-13.964141845703123,-4.438613269209087,-18.40275511491221,0,0,0.1
core_neuralprophet_frozen_s2026,neuralprophet,frozen,selected,2026,11,2025-03-24 01:00:00,2025-03-24 02:00:00,2,9.89,True,True,19.99689674377441,-4.438613269209087,15.558283474565323,0,0,0.1
core_neuralprophet_frozen_s2026,neuralprophet,frozen,selected,2026,11,2025-03-24 01:00:00,2025-03-24 03:00:00,3,9.18,True,True,27.03581047058105,-4.438613269209087,22.597197201371962,0,0,0.1
core_neuralprophet_frozen_s2026,neuralprophet,frozen,selected,2026,11,2025-03-24 01:00:00,2025-03-24 04:00:00,4,9.04,True,True,31.26107406616211,-4.438613269209087,26.822460796953024,0,0,0.1
core_neuralprophet_frozen_s2026,neuralprophet,frozen,selected,2026,11,2025-03-24 01:00:00,2025-03-24 05:00:00,5,9.29,True,True,64.31446075439453,-4.438613269209087,59.875847485185446,0,0,0.1
core_neuralprophet_frozen_s2026,neuralprophet,frozen,selected,2026,11,2025-03-24 01:00:00,2025-03-24 06:00:00,6,8.98,True,True,65.61981964111328,-4.438613269209087,61.181206371904196,0,0,0.1
core_neuralprophet_frozen_s2026,neuralprophet,frozen,selected,2026,11,2025-03-24 01:00:00,2025-03-24 07:00:00,7,10.02,True,True,64.453125,-4.438613269209087,60.014511730790915,0,0,0.1
core_neuralprophet_frozen_s2026,neuralprophet,frozen,selected,2026,11,2025-03-24 01:00:00,2025-03-24 08:00:00,8,14.35,True,True,97.4675064086914,-4.438613269209087,93.02889313948232,0,0,0.1
core_neuralprophet_frozen_s2026,neuralprophet,frozen,selected,2026,11,2025-03-24 01:00:00,2025-03-24 09:00:00,9,18.28,True,True,91.89420318603516,-4.438613269209087,87.45558991682607,0,0,0.1
core_neuralprophet_frozen_s2026,neuralprophet,frozen,selected,2026,11,2025-03-24 01:00:00,2025-03-24 10:00:00,10,22.33,True,True,63.36362838745117,-4.438613269209087,58.92501511824209,0,0,0.1
core_neuralprophet_frozen_s2026,neuralprophet,frozen,selected,2026,11,2025-03-24 01:00:00,2025-03-24 11:00:00,11,34.71,True,True,19.97592544555664,-4.438613269209087,15.537312176347553,0,0,0.1
core_neuralprophet_frozen_s2026,neuralprophet,frozen,selected,2026,11,2025-03-24 01:00:00,2025-03-24 12:00:00,12,44.08,True,True,20.41912269592285,-4.438613269209087,15.980509426713764,0,0,0.1
core_neuralprophet_frozen_s2026,neuralprophet,frozen,selected,2026,11,2025-03-24 01:00:00,2025-03-24 13:00:00,13,31.5,True,True,11.913773536682127,-4.438613269209087,7.47516026747304,0,0,0.1
core_neuralprophet_frozen_s2026,neuralprophet,frozen,selected,2026,11,2025-03-24 01:00:00,2025-03-24 14:00:00,14,29.34,True,True,18.662769317626957,-4.438613269209087,14.22415604841787,0,0,0.1
core_neuralprophet_frozen_s2026,neuralprophet,frozen,selected,2026,11,2025-03-24 01:00:00,2025-03-24 15:00:00,15,29.73,True,True,6.534079551696777,-4.438613269209087,2.09546628248769,0,0,0.1
core_neuralprophet_frozen_s2026,neuralprophet,frozen,selected,2026,11,2025-03-24 01:00:00,2025-03-24 16:00:00,16,27.99,True,True,30.45418930053711,-4.438613269209087,26.015576031328024,0,0,0.1
core_neuralprophet_frozen_s2026,neuralprophet,frozen,selected,2026,11,2025-03-24 01:00:00,2025-03-24 17:00:00,17,29.82,True,True,39.57545471191406,-4.438613269209087,35.13684144270498,0,0,0.1
core_neuralprophet_frozen_s2026,neuralprophet,frozen,selected,2026,11,2025-03-24 01:00:00,2025-03-24 18:00:00,18,34.22,True,True,75.61769104003906,-4.438613269209087,71.17907777082998,0,0,0.1
core_neuralprophet_frozen_s2026,neuralprophet,frozen,selected,2026,11,2025-03-24 01:00:00,2025-03-24 19:00:00,19,44.33,True,True,103.45519256591795,-4.438613269209087,99.01657929670887,0,0,0.1
core_neuralprophet_frozen_s2026,neuralprophet,frozen,selected,2026,11,2025-03-24 01:00:00,2025-03-24 20:00:00,20,64.38,True,True,117.21709442138672,-4.438613269209087,112.77848115217763,0,0,0.1
core_neuralprophet_frozen_s2026,neuralprophet,frozen,selected,2026,11,2025-03-24 01:00:00,2025-03-24 21:00:00,21,90.68,True,True,142.85438537597656,-4.438613269209087,138.41577210676746,0,0,0.1
core_neuralprophet_frozen_s2026,neuralprophet,frozen,selected,2026,11,2025-03-24 01:00:00,2025-03-24 22:00:00,22,110.22,True,True,160.299072265625,-4.438613269209087,155.8604589964159,0,0,0.1
core_neuralprophet_frozen_s2026,neuralprophet,frozen,selected,2026,11,2025-03-24 01:00:00,2025-03-24 23:00:00,23,124.73,True,True,150.1419219970703,-4.438613269209087,145.7033087278612,0,0,0.1
core_neuralprophet_frozen_s2026,neuralprophet,frozen,selected,2026,11,2025-03-24 01:00:00,2025-03-25 00:00:00,24,81.76,True,True,68.97900390625,-4.438613269209087,64.54039063704091,0,0,0.1
core_neuralprophet_frozen_s2026,neuralprophet,frozen,selected,2026,11,2025-03-24 01:00:00,2025-03-25 01:00:00,25,17.08,True,True,-27.4891300201416,-4.438613269209087,-31.927743289350687,0,0,0.1
core_neuralprophet_frozen_s2026,neuralprophet,frozen,selected,2026,11,2025-03-24 01:00:00,2025-03-25 02:00:00,26,18.51,True,True,-27.30233192443848,-4.438613269209087,-31.74094519364757,0,0,0.1
core_neuralprophet_frozen_s2026,neuralprophet,frozen,selected,2026,11,2025-03-24 01:00:00,2025-03-25 03:00:00,27,18.15,True,True,-26.356040954589844,-4.438613269209087,-30.79465422379893,0,0,0.1
core_neuralprophet_frozen_s2026,neuralprophet,frozen,selected,2026,11,2025-03-24 01:00:00,2025-03-25 04:00:00,28,15.79,True,True,7.187056541442871,-4.438613269209087,2.748443272233784,0,0,0.1
core_neuralprophet_frozen_s2026,neuralprophet,frozen,selected,2026,11,2025-03-24 01:00:00,2025-03-25 05:00:00,29,13.61,True,True,17.251691818237305,-4.438613269209087,12.813078549028218,0,0,0.1
core_neuralprophet_frozen_s2026,neuralprophet,frozen,selected,2026,11,2025-03-24 01:00:00,2025-03-25 06:00:00,30,13.12,True,True,33.576045989990234,-4.438613269209087,29.13743272078115,0,0,0.1
core_neuralprophet_frozen_s2026,neuralprophet,frozen,selected,2026,11,2025-03-24 01:00:00,2025-03-25 07:00:00,31,34.61,True,True,81.76732635498047,-4.438613269209087,77.32871308577138,0,0,0.1
core_neuralprophet_frozen_s2026,neuralprophet,frozen,selected,2026,11,2025-03-24 01:00:00,2025-03-25 08:00:00,32,76.86,True,True,168.33938598632812,-4.438613269209087,163.90077271711903,0,0,0.1
core_neuralprophet_frozen_s2026,neuralprophet,frozen,selected,2026,11,2025-03-24 01:00:00,2025-03-25 09:00:00,33,137.21,True,True,218.5249481201172,-4.438613269209087,214.0863348509081,0,0,0.1
core_neuralprophet_frozen_s2026,neuralprophet,frozen,selected,2026,11,2025-03-24 01:00:00,2025-03-25 10:00:00,34,200.18,True,True,301.7379455566406,-4.438613269209087,297.2993322874315,0,0,0.1
core_neuralprophet_frozen_s2026,neuralprophet,frozen,selected,2026,11,2025-03-24 01:00:00,2025-03-25 11:00:00,35,217.86,True,True,273.7254638671875,-4.438613269209087,269.2868505979784,0,0,0.1
core_neuralprophet_frozen_s2026,neuralprophet,frozen,selected,2026,11,2025-03-24 01:00:00,2025-03-25 12:00:00,36,158.61,True,True,162.91700744628906,-4.438613269209087,158.47839417707996,0,0,0.1
core_neuralprophet_frozen_s2026,neuralprophet,frozen,selected,2026,11,2025-03-24 01:00:00,2025-03-25 13:00:00,37,45.83,True,True,22.69314193725586,-4.438613269209087,18.254528668046774,0,0,0.1
core_neuralprophet_frozen_s2026,neuralprophet,frozen,selected,2026,11,2025-03-24 01:00:00,2025-03-25 14:00:00,38,39.0,True,True,6.735119342803955,-4.438613269209087,2.296506073594868,0,0,0.1
core_neuralprophet_frozen_s2026,neuralprophet,frozen,selected,2026,11,2025-03-24 01:00:00,2025-03-25 15:00:00,39,38.26,True,True,-10.577342987060549,-4.438613269209087,-15.015956256269636,0,0,0.1
core_neuralprophet_frozen_s2026,neuralprophet,frozen,selected,2026,11,2025-03-24 01:00:00,2025-03-25 16:00:00,40,32.27,True,True,-4.892167091369629,-4.438613269209087,-9.330780360578716,0,0,0.1
core_neuralprophet_frozen_s2026,neuralprophet,frozen,selected,2026,11,2025-03-24 01:00:00,2025-03-25 17:00:00,41,28.94,True,True,-7.835357666015625,-4.438613269209087,-12.273970935224712,0,0,0.1
core_neuralprophet_frozen_s2026,neuralprophet,frozen,selected,2026,11,2025-03-24 01:00:00,2025-03-25 18:00:00,42,27.97,True,True,-11.725252151489258,-4.438613269209087,-16.163865420698343,0,0,0.1
core_neuralprophet_frozen_s2026,neuralprophet,frozen,selected,2026,11,2025-03-24 01:00:00,2025-03-25 19:00:00,43,26.08,True,True,-16.541662216186523,-4.438613269209087,-20.98027548539561,0,0,0.1
core_neuralprophet_frozen_s2026,neuralprophet,frozen,selected,2026,11,2025-03-24 01:00:00,2025-03-25 20:00:00,44,27.82,True,True,-13.994112014770508,-4.438613269209087,-18.432725283979593,0,0,0.1
core_neuralprophet_frozen_s2026,neuralprophet,frozen,selected,2026,11,2025-03-24 01:00:00,2025-03-25 21:00:00,45,30.65,True,True,19.023815155029297,-4.438613269209087,14.58520188582021,0,0,0.1
core_neuralprophet_frozen_s2026,neuralprophet,frozen,selected,2026,11,2025-03-24 01:00:00,2025-03-25 22:00:00,46,32.09,True,True,30.427438735961918,-4.438613269209087,25.98882546675283,0,0,0.1
core_neuralprophet_frozen_s2026,neuralprophet,frozen,selected,2026,11,2025-03-24 01:00:00,2025-03-25 23:00:00,47,41.35,True,True,37.29160690307617,-4.438613269209087,32.85299363386709,0,0,0.1
core_neuralprophet_frozen_s2026,neuralprophet,frozen,selected,2026,11,2025-03-24 01:00:00,2025-03-26 00:00:00,48,50.02,True,True,46.19441223144531,-4.438613269209087,41.75579896223623,0,0,0.1
core_neuralprophet_frozen_s2026,neuralprophet,frozen,selected,2026,11,2025-03-24 01:00:00,2025-03-26 01:00:00,49,,False,False,,-4.438613269209087,,0,0,0.1
core_neuralprophet_frozen_s2026,neuralprophet,frozen,selected,2026,11,2025-03-24 01:00:00,2025-03-26 02:00:00,50,,False,False,,-4.438613269209087,,0,0,0.1
core_neuralprophet_frozen_s2026,neuralprophet,frozen,selected,2026,11,2025-03-24 01:00:00,2025-03-26 03:00:00,51,,False,False,,-4.438613269209087,,0,0,0.1
core_neuralprophet_frozen_s2026,neuralprophet,frozen,selected,2026,11,2025-03-24 01:00:00,2025-03-26 04:00:00,52,,False,False,,-4.438613269209087,,0,0,0.1
core_neuralprophet_frozen_s2026,neuralprophet,frozen,selected,2026,11,2025-03-24 01:00:00,2025-03-26 05:00:00,53,,False,False,,-4.438613269209087,,0,0,0.1
core_neuralprophet_frozen_s2026,neuralprophet,frozen,selected,2026,11,2025-03-24 01:00:00,2025-03-26 06:00:00,54,,False,False,,-4.438613269209087,,0,0,0.1
core_neuralprophet_frozen_s2026,neuralprophet,frozen,selected,2026,11,2025-03-24 01:00:00,2025-03-26 07:00:00,55,,False,False,,-4.438613269209087,,0,0,0.1
core_neuralprophet_frozen_s2026,neuralprophet,frozen,selected,2026,11,2025-03-24 01:00:00,2025-03-26 08:00:00,56,,False,False,,-4.438613269209087,,0,0,0.1
core_neuralprophet_frozen_s2026,neuralprophet,frozen,selected,2026,11,2025-03-24 01:00:00,2025-03-26 09:00:00,57,,False,False,,-4.438613269209087,,0,0,0.1
core_neuralprophet_frozen_s2026,neuralprophet,frozen,selected,2026,11,2025-03-24 01:00:00,2025-03-26 10:00:00,58,,False,False,,-4.438613269209087,,0,0,0.1
core_neuralprophet_frozen_s2026,neuralprophet,frozen,selected,2026,11,2025-03-24 01:00:00,2025-03-26 11:00:00,59,,False,False,,-4.438613269209087,,0,0,0.1
core_neuralprophet_frozen_s2026,neuralprophet,frozen,selected,2026,11,2025-03-24 01:00:00,2025-03-26 12:00:00,60,,False,False,,-4.438613269209087,,0,0,0.1
core_neuralprophet_frozen_s2026,neuralprophet,frozen,selected,2026,11,2025-03-24 01:00:00,2025-03-26 13:00:00,61,,False,False,,-4.438613269209087,,0,0,0.1
core_neuralprophet_frozen_s2026,neuralprophet,frozen,selected,2026,11,2025-03-24 01:00:00,2025-03-26 14:00:00,62,,False,False,,-4.438613269209087,,0,0,0.1
core_neuralprophet_frozen_s2026,neuralprophet,frozen,selected,2026,11,2025-03-24 01:00:00,2025-03-26 15:00:00,63,,False,False,,-4.438613269209087,,0,0,0.1
core_neuralprophet_frozen_s2026,neuralprophet,frozen,selected,2026,11,2025-03-24 01:00:00,2025-03-26 16:00:00,64,,False,False,,-4.438613269209087,,0,0,0.1
core_neuralprophet_frozen_s2026,neuralprophet,frozen,selected,2026,11,2025-03-24 01:00:00,2025-03-26 17:00:00,65,,False,False,,-4.438613269209087,,0,0,0.1
core_neuralprophet_frozen_s2026,neuralprophet,frozen,selected,2026,11,2025-03-24 01:00:00,2025-03-26 18:00:00,66,,False,False,,-4.438613269209087,,0,0,0.1
core_neuralprophet_frozen_s2026,neuralprophet,frozen,selected,2026,11,2025-03-24 01:00:00,2025-03-26 19:00:00,67,,False,False,,-4.438613269209087,,0,0,0.1
core_neuralprophet_frozen_s2026,neuralprophet,frozen,selected,2026,11,2025-03-24 01:00:00,2025-03-26 20:00:00,68,,False,False,,-4.438613269209087,,0,0,0.1
core_neuralprophet_frozen_s2026,neuralprophet,frozen,selected,2026,11,2025-03-24 01:00:00,2025-03-26 21:00:00,69,,False,False,,-4.438613269209087,,0,0,0.1
core_neuralprophet_frozen_s2026,neuralprophet,frozen,selected,2026,11,2025-03-24 01:00:00,2025-03-26 22:00:00,70,,False,False,,-4.438613269209087,,0,0,0.1
core_neuralprophet_frozen_s2026,neuralprophet,frozen,selected,2026,11,2025-03-24 01:00:00,2025-03-26 23:00:00,71,,False,False,,-4.438613269209087,,0,0,0.1
core_neuralprophet_frozen_s2026,neuralprophet,frozen,selected,2026,11,2025-03-24 01:00:00,2025-03-27 00:00:00,72,,False,False,,-4.438613269209087,,0,0,0.1
core_neuralprophet_frozen_s2026,neuralprophet,frozen,selected,2026,11,2025-03-24 01:00:00,2025-03-27 01:00:00,73,11.1,True,True,-33.020408630371094,-4.438613269209087,-37.45902189958018,0,0,0.1
core_neuralprophet_frozen_s2026,neuralprophet,frozen,selected,2026,11,2025-03-24 01:00:00,2025-03-27 02:00:00,74,8.91,True,True,-3.7790582180023193,-4.438613269209087,-8.217671487211407,0,0,0.1
core_neuralprophet_frozen_s2026,neuralprophet,frozen,selected,2026,11,2025-03-24 01:00:00,2025-03-27 03:00:00,75,6.39,True,True,-14.15566635131836,-4.438613269209087,-18.594279620527445,0,0,0.1
core_neuralprophet_frozen_s2026,neuralprophet,frozen,selected,2026,11,2025-03-24 01:00:00,2025-03-27 04:00:00,76,4.92,True,True,-3.511307954788208,-4.438613269209087,-7.949921223997295,0,0,0.1
core_neuralprophet_frozen_s2026,neuralprophet,frozen,selected,2026,11,2025-03-24 01:00:00,2025-03-27 05:00:00,77,4.57,True,True,12.801342010498049,-4.438613269209087,8.362728741288961,0,0,0.1
core_neuralprophet_frozen_s2026,neuralprophet,frozen,selected,2026,11,2025-03-24 01:00:00,2025-03-27 06:00:00,78,4.38,True,True,20.21395301818848,-4.438613269209087,15.775339748979393,0,0,0.1
core_neuralprophet_frozen_s2026,neuralprophet,frozen,selected,2026,11,2025-03-24 01:00:00,2025-03-27 07:00:00,79,5.26,True,True,25.7651309967041,-4.438613269209087,21.326517727495016,0,0,0.1
core_neuralprophet_frozen_s2026,neuralprophet,frozen,selected,2026,11,2025-03-24 01:00:00,2025-03-27 08:00:00,80,7.37,True,True,28.13616180419922,-4.438613269209087,23.697548534990133,0,0,0.1
core_neuralprophet_frozen_s2026,neuralprophet,frozen,selected,2026,11,2025-03-24 01:00:00,2025-03-27 09:00:00,81,9.76,True,True,30.154735565185547,-4.438613269209087,25.71612229597646,0,0,0.1
core_neuralprophet_frozen_s2026,neuralprophet,frozen,selected,2026,11,2025-03-24 01:00:00,2025-03-27 10:00:00,82,11.07,True,True,13.051403045654297,-4.438613269209087,8.61278977644521,0,0,0.1
core_neuralprophet_frozen_s2026,neuralprophet,frozen,selected,2026,11,2025-03-24 01:00:00,2025-03-27 11:00:00,83,12.15,True,True,-37.77708435058594,-4.438613269209087,-42.21569761979502,0,0,0.1
core_neuralprophet_frozen_s2026,neuralprophet,frozen,selected,2026,11,2025-03-24 01:00:00,2025-03-27 12:00:00,84,12.62,True,True,-49.66176223754883,-4.438613269209087,-54.10037550675791,0,0,0.1
core_neuralprophet_frozen_s2026,neuralprophet,frozen,selected,2026,11,2025-03-24 01:00:00,2025-03-27 13:00:00,85,11.36,True,True,-70.02709197998047,-4.438613269209087,-74.46570524918955,0,0,0.1
core_neuralprophet_frozen_s2026,neuralprophet,frozen,selected,2026,11,2025-03-24 01:00:00,2025-03-27 14:00:00,86,11.07,True,True,-74.29314422607422,-4.438613269209087,-78.7317574952833,0,0,0.1
core_neuralprophet_frozen_s2026,neuralprophet,frozen,selected,2026,11,2025-03-24 01:00:00,2025-03-27 15:00:00,87,9.25,True,True,-75.65728759765625,-4.438613269209087,-80.09590086686534,0,0,0.1
core_neuralprophet_frozen_s2026,neuralprophet,frozen,selected,2026,11,2025-03-24 01:00:00,2025-03-27 16:00:00,88,6.17,True,True,-75.44889831542969,-4.438613269209087,-79.88751158463877,0,0,0.1
core_neuralprophet_frozen_s2026,neuralprophet,frozen,selected,2026,11,2025-03-24 01:00:00,2025-03-27 17:00:00,89,5.94,True,True,-69.6534194946289,-4.438613269209087,-74.09203276383799,0,0,0.1
core_neuralprophet_frozen_s2026,neuralprophet,frozen,selected,2026,11,2025-03-24 01:00:00,2025-03-27 18:00:00,90,6.44,True,True,-49.11016082763672,-4.438613269209087,-53.548774096845804,0,0,0.1
core_neuralprophet_frozen_s2026,neuralprophet,frozen,selected,2026,11,2025-03-24 01:00:00,2025-03-27 19:00:00,91,7.23,True,True,-36.6349983215332,-4.438613269209087,-41.07361159074229,0,0,0.1
core_neuralprophet_frozen_s2026,neuralprophet,frozen,selected,2026,11,2025-03-24 01:00:00,2025-03-27 20:00:00,92,8.06,True,True,-28.46603012084961,-4.438613269209087,-32.904643390058695,0,0,0.1
core_neuralprophet_frozen_s2026,neuralprophet,frozen,selected,2026,11,2025-03-24 01:00:00,2025-03-27 21:00:00,93,9.01,True,True,-16.28990936279297,-4.438613269209087,-20.728522632002054,0,0,0.1
core_neuralprophet_frozen_s2026,neuralprophet,frozen,selected,2026,11,2025-03-24 01:00:00,2025-03-27 22:00:00,94,11.14,True,True,2.3048946857452397,-4.438613269209087,-2.1337185834638475,0,0,0.1
core_neuralprophet_frozen_s2026,neuralprophet,frozen,selected,2026,11,2025-03-24 01:00:00,2025-03-27 23:00:00,95,22.7,True,True,8.920509338378906,-4.438613269209087,4.481896069169819,0,0,0.1
core_neuralprophet_frozen_s2026,neuralprophet,frozen,selected,2026,11,2025-03-24 01:00:00,2025-03-28 00:00:00,96,37.07,True,True,37.80275344848633,-4.438613269209087,33.36414017927724,0,0,0.1
core_neuralprophet_frozen_s2026,neuralprophet,frozen,selected,2026,11,2025-03-24 01:00:00,2025-03-28 01:00:00,97,42.55,True,True,27.268016815185547,-4.438613269209087,22.82940354597646,0,0,0.1
core_neuralprophet_frozen_s2026,neuralprophet,frozen,selected,2026,11,2025-03-24 01:00:00,2025-03-28 02:00:00,98,35.04,True,True,38.53619766235352,-4.438613269209087,34.09758439314444,0,0,0.1
core_neuralprophet_frozen_s2026,neuralprophet,frozen,selected,2026,11,2025-03-24 01:00:00,2025-03-28 03:00:00,99,22.55,True,True,14.579388618469238,-4.438613269209087,10.140775349260151,0,0,0.1
core_neuralprophet_frozen_s2026,neuralprophet,frozen,selected,2026,11,2025-03-24 01:00:00,2025-03-28 04:00:00,100,12.73,True,True,-3.594696283340454,-4.438613269209087,-8.033309552549541,0,0,0.1
core_neuralprophet_frozen_s2026,neuralprophet,frozen,selected,2026,11,2025-03-24 01:00:00,2025-03-28 05:00:00,101,12.92,True,True,30.67066764831543,-4.438613269209087,26.232054379106344,0,0,0.1
core_neuralprophet_frozen_s2026,neuralprophet,frozen,selected,2026,11,2025-03-24 01:00:00,2025-03-28 06:00:00,102,13.7,True,True,63.56136703491211,-4.438613269209087,59.122753765703024,0,0,0.1
core_neuralprophet_frozen_s2026,neuralprophet,frozen,selected,2026,11,2025-03-24 01:00:00,2025-03-28 07:00:00,103,11.83,True,True,27.524951934814453,-4.438613269209087,23.086338665605368,0,0,0.1
core_neuralprophet_frozen_s2026,neuralprophet,frozen,selected,2026,11,2025-03-24 01:00:00,2025-03-28 08:00:00,104,8.21,True,True,28.881784439086918,-4.438613269209087,24.44317116987783,0,0,0.1
core_neuralprophet_frozen_s2026,neuralprophet,frozen,selected,2026,11,2025-03-24 01:00:00,2025-03-28 09:00:00,105,6.66,True,True,33.13474655151367,-4.438613269209087,28.696133282304586,0,0,0.1
core_neuralprophet_frozen_s2026,neuralprophet,frozen,selected,2026,11,2025-03-24 01:00:00,2025-03-28 10:00:00,106,7.03,True,True,8.479914665222168,-4.438613269209087,4.041301396013081,0,0,0.1
core_neuralprophet_frozen_s2026,neuralprophet,frozen,selected,2026,11,2025-03-24 01:00:00,2025-03-28 11:00:00,107,10.12,True,True,2.5894877910614014,-4.438613269209087,-1.8491254781476858,0,0,0.1
core_neuralprophet_frozen_s2026,neuralprophet,frozen,selected,2026,11,2025-03-24 01:00:00,2025-03-28 12:00:00,108,13.25,True,True,-46.46332931518555,-4.438613269209087,-50.90194258439463,0,0,0.1
core_neuralprophet_frozen_s2026,neuralprophet,frozen,selected,2026,11,2025-03-24 01:00:00,2025-03-28 13:00:00,109,14.78,True,True,-33.030479431152344,-4.438613269209087,-37.46909270036143,0,0,0.1
core_neuralprophet_frozen_s2026,neuralprophet,frozen,selected,2026,11,2025-03-24 01:00:00,2025-03-28 14:00:00,110,15.86,True,True,-37.18841552734375,-4.438613269209087,-41.627028796552835,0,0,0.1
core_neuralprophet_frozen_s2026,neuralprophet,frozen,selected,2026,11,2025-03-24 01:00:00,2025-03-28 15:00:00,111,14.46,True,True,-46.333126068115234,-4.438613269209087,-50.77173933732432,0,0,0.1
core_neuralprophet_frozen_s2026,neuralprophet,frozen,selected,2026,11,2025-03-24 01:00:00,2025-03-28 16:00:00,112,11.2,True,True,-39.042274475097656,-4.438613269209087,-43.48088774430674,0,0,0.1
core_neuralprophet_frozen_s2026,neuralprophet,frozen,selected,2026,11,2025-03-24 01:00:00,2025-03-28 17:00:00,113,10.33,True,True,-20.49830818176269,-4.438613269209087,-24.93692145097178,0,0,0.1
core_neuralprophet_frozen_s2026,neuralprophet,frozen,selected,2026,11,2025-03-24 01:00:00,2025-03-28 18:00:00,114,10.75,True,True,1.7045822143554688,-4.438613269209087,-2.7340310548536184,0,0,0.1
core_neuralprophet_frozen_s2026,neuralprophet,frozen,selected,2026,11,2025-03-24 01:00:00,2025-03-28 19:00:00,115,12.22,True,True,21.738719940185547,-4.438613269209087,17.30010667097646,0,0,0.1
core_neuralprophet_frozen_s2026,neuralprophet,frozen,selected,2026,11,2025-03-24 01:00:00,2025-03-28 20:00:00,116,15.21,True,True,40.315216064453125,-4.438613269209087,35.87660279524404,0,0,0.1
core_neuralprophet_frozen_s2026,neuralprophet,frozen,selected,2026,11,2025-03-24 01:00:00,2025-03-28 21:00:00,117,19.23,True,True,20.008207321166992,-4.438613269209087,15.569594051957905,0,0,0.1
core_neuralprophet_frozen_s2026,neuralprophet,frozen,selected,2026,11,2025-03-24 01:00:00,2025-03-28 22:00:00,118,25.19,True,True,50.490020751953125,-4.438613269209087,46.05140748274404,0,0,0.1
core_neuralprophet_frozen_s2026,neuralprophet,frozen,selected,2026,11,2025-03-24 01:00:00,2025-03-28 23:00:00,119,42.02,True,True,78.66792297363281,-4.438613269209087,74.22930970442373,0,0,0.1
core_neuralprophet_frozen_s2026,neuralprophet,frozen,selected,2026,11,2025-03-24 01:00:00,2025-03-29 00:00:00,120,59.87,True,True,89.2532730102539,-4.438613269209087,84.81465974104482,0,0,0.1
core_neuralprophet_frozen_s2026,neuralprophet,frozen,selected,2026,11,2025-03-24 01:00:00,2025-03-29 01:00:00,121,67.51,True,True,89.27589416503906,-4.438613269209087,84.83728089582998,0,0,0.1
core_neuralprophet_frozen_s2026,neuralprophet,frozen,selected,2026,11,2025-03-24 01:00:00,2025-03-29 02:00:00,122,65.69,True,True,75.8647232055664,-4.438613269209087,71.42610993635732,0,0,0.1
core_neuralprophet_frozen_s2026,neuralprophet,frozen,selected,2026,11,2025-03-24 01:00:00,2025-03-29 03:00:00,123,36.14,True,True,30.92483711242676,-4.438613269209087,26.486223843217672,0,0,0.1
core_neuralprophet_frozen_s2026,neuralprophet,frozen,selected,2026,11,2025-03-24 01:00:00,2025-03-29 04:00:00,124,12.07,True,True,25.802696228027344,-4.438613269209087,21.36408295881826,0,0,0.1
core_neuralprophet_frozen_s2026,neuralprophet,frozen,selected,2026,11,2025-03-24 01:00:00,2025-03-29 05:00:00,125,10.26,True,True,29.272140502929688,-4.438613269209087,24.833527233720602,0,0,0.1
core_neuralprophet_frozen_s2026,neuralprophet,frozen,selected,2026,11,2025-03-24 01:00:00,2025-03-29 06:00:00,126,9.24,True,True,48.80929183959961,-4.438613269209087,44.370678570390524,0,0,0.1
core_neuralprophet_frozen_s2026,neuralprophet,frozen,selected,2026,11,2025-03-24 01:00:00,2025-03-29 07:00:00,127,7.88,True,True,43.48974609375,-4.438613269209087,39.051132824540915,0,0,0.1
core_neuralprophet_frozen_s2026,neuralprophet,frozen,selected,2026,11,2025-03-24 01:00:00,2025-03-29 08:00:00,128,6.94,True,True,26.636001586914062,-4.438613269209087,22.197388317704977,0,0,0.1
core_neuralprophet_frozen_s2026,neuralprophet,frozen,selected,2026,11,2025-03-24 01:00:00,2025-03-29 09:00:00,129,6.22,True,True,9.194328308105469,-4.438613269209087,4.755715038896382,0,0,0.1
core_neuralprophet_frozen_s2026,neuralprophet,frozen,selected,2026,11,2025-03-24 01:00:00,2025-03-29 10:00:00,130,21.1,True,True,32.320682525634766,-4.438613269209087,27.88206925642568,0,0,0.1
core_neuralprophet_frozen_s2026,neuralprophet,frozen,selected,2026,11,2025-03-24 01:00:00,2025-03-29 11:00:00,131,64.27,True,True,111.86418914794922,-4.438613269209087,107.42557587874013,0,0,0.1
core_neuralprophet_frozen_s2026,neuralprophet,frozen,selected,2026,11,2025-03-24 01:00:00,2025-03-29 12:00:00,132,121.16,True,True,171.76052856445312,-4.438613269209087,167.32191529524403,0,0,0.1
core_neuralprophet_frozen_s2026,neuralprophet,frozen,selected,2026,11,2025-03-24 01:00:00,2025-03-29 13:00:00,133,182.14,True,True,222.4467620849609,-4.438613269209087,218.0081488157518,0,0,0.1
core_neuralprophet_frozen_s2026,neuralprophet,frozen,selected,2026,11,2025-03-24 01:00:00,2025-03-29 14:00:00,134,246.53,True,True,289.37628173828125,-4.438613269209087,284.93766846907215,0,0,0.1
core_neuralprophet_frozen_s2026,neuralprophet,frozen,selected,2026,11,2025-03-24 01:00:00,2025-03-29 15:00:00,135,298.38,True,True,330.2753601074219,-4.438613269209087,325.8367468382128,0,0,0.1
core_neuralprophet_frozen_s2026,neuralprophet,frozen,selected,2026,11,2025-03-24 01:00:00,2025-03-29 16:00:00,136,311.37,True,True,346.1101989746094,-4.438613269209087,341.6715857054003,0,0,0.1
core_neuralprophet_frozen_s2026,neuralprophet,frozen,selected,2026,11,2025-03-24 01:00:00,2025-03-29 17:00:00,137,272.47,True,True,329.646728515625,-4.438613269209087,325.2081152464159,0,0,0.1
core_neuralprophet_frozen_s2026,neuralprophet,frozen,selected,2026,11,2025-03-24 01:00:00,2025-03-29 18:00:00,138,208.71,True,True,271.3715209960937,-4.438613269209087,266.9329077268846,0,0,0.1
core_neuralprophet_frozen_s2026,neuralprophet,frozen,selected,2026,11,2025-03-24 01:00:00,2025-03-29 19:00:00,139,141.98,True,True,214.2103576660156,-4.438613269209087,209.7717443968065,0,0,0.1
core_neuralprophet_frozen_s2026,neuralprophet,frozen,selected,2026,11,2025-03-24 01:00:00,2025-03-29 20:00:00,140,103.89,True,True,150.37603759765625,-4.438613269209087,145.93742432844715,0,0,0.1
core_neuralprophet_frozen_s2026,neuralprophet,frozen,selected,2026,11,2025-03-24 01:00:00,2025-03-29 21:00:00,141,91.39,True,True,133.94313049316406,-4.438613269209087,129.50451722395496,0,0,0.1
core_neuralprophet_frozen_s2026,neuralprophet,frozen,selected,2026,11,2025-03-24 01:00:00,2025-03-29 22:00:00,142,97.15,True,True,116.7401885986328,-4.438613269209087,112.30157532942371,0,0,0.1
core_neuralprophet_frozen_s2026,neuralprophet,frozen,selected,2026,11,2025-03-24 01:00:00,2025-03-29 23:00:00,143,155.4,True,True,167.22264099121094,-4.438613269209087,162.78402772200184,0,0,0.1
core_neuralprophet_frozen_s2026,neuralprophet,frozen,selected,2026,11,2025-03-24 01:00:00,2025-03-30 00:00:00,144,257.0,True,True,285.3260803222656,-4.438613269209087,280.8874670530565,0,0,0.1
core_neuralprophet_frozen_s2026,neuralprophet,frozen,selected,2026,11,2025-03-24 01:00:00,2025-03-30 01:00:00,145,,False,False,,-4.438613269209087,,0,0,0.1
core_neuralprophet_frozen_s2026,neuralprophet,frozen,selected,2026,11,2025-03-24 01:00:00,2025-03-30 02:00:00,146,,False,False,,-4.438613269209087,,0,0,0.1
core_neuralprophet_frozen_s2026,neuralprophet,frozen,selected,2026,11,2025-03-24 01:00:00,2025-03-30 03:00:00,147,,False,False,,-4.438613269209087,,0,0,0.1
core_neuralprophet_frozen_s2026,neuralprophet,frozen,selected,2026,11,2025-03-24 01:00:00,2025-03-30 04:00:00,148,,False,False,,-4.438613269209087,,0,0,0.1
core_neuralprophet_frozen_s2026,neuralprophet,frozen,selected,2026,11,2025-03-24 01:00:00,2025-03-30 05:00:00,149,,False,False,,-4.438613269209087,,0,0,0.1
core_neuralprophet_frozen_s2026,neuralprophet,frozen,selected,2026,11,2025-03-24 01:00:00,2025-03-30 06:00:00,150,,False,False,,-4.438613269209087,,0,0,0.1
core_neuralprophet_frozen_s2026,neuralprophet,frozen,selected,2026,11,2025-03-24 01:00:00,2025-03-30 07:00:00,151,,False,False,,-4.438613269209087,,0,0,0.1
core_neuralprophet_frozen_s2026,neuralprophet,frozen,selected,2026,11,2025-03-24 01:00:00,2025-03-30 08:00:00,152,,False,False,,-4.438613269209087,,0,0,0.1
core_neuralprophet_frozen_s2026,neuralprophet,frozen,selected,2026,11,2025-03-24 01:00:00,2025-03-30 09:00:00,153,,False,False,,-4.438613269209087,,0,0,0.1
core_neuralprophet_frozen_s2026,neuralprophet,frozen,selected,2026,11,2025-03-24 01:00:00,2025-03-30 10:00:00,154,,False,False,,-4.438613269209087,,0,0,0.1
core_neuralprophet_frozen_s2026,neuralprophet,frozen,selected,2026,11,2025-03-24 01:00:00,2025-03-30 11:00:00,155,,False,False,,-4.438613269209087,,0,0,0.1
core_neuralprophet_frozen_s2026,neuralprophet,frozen,selected,2026,11,2025-03-24 01:00:00,2025-03-30 12:00:00,156,,False,False,,-4.438613269209087,,0,0,0.1
core_neuralprophet_frozen_s2026,neuralprophet,frozen,selected,2026,11,2025-03-24 01:00:00,2025-03-30 13:00:00,157,,False,False,,-4.438613269209087,,0,0,0.1
core_neuralprophet_frozen_s2026,neuralprophet,frozen,selected,2026,11,2025-03-24 01:00:00,2025-03-30 14:00:00,158,,False,False,,-4.438613269209087,,0,0,0.1
core_neuralprophet_frozen_s2026,neuralprophet,frozen,selected,2026,11,2025-03-24 01:00:00,2025-03-30 15:00:00,159,,False,False,,-4.438613269209087,,0,0,0.1
core_neuralprophet_frozen_s2026,neuralprophet,frozen,selected,2026,11,2025-03-24 01:00:00,2025-03-30 16:00:00,160,,False,False,,-4.438613269209087,,0,0,0.1
core_neuralprophet_frozen_s2026,neuralprophet,frozen,selected,2026,11,2025-03-24 01:00:00,2025-03-30 17:00:00,161,,False,False,,-4.438613269209087,,0,0,0.1
core_neuralprophet_frozen_s2026,neuralprophet,frozen,selected,2026,11,2025-03-24 01:00:00,2025-03-30 18:00:00,162,,False,False,,-4.438613269209087,,0,0,0.1
core_neuralprophet_frozen_s2026,neuralprophet,frozen,selected,2026,11,2025-03-24 01:00:00,2025-03-30 19:00:00,163,,False,False,,-4.438613269209087,,0,0,0.1
core_neuralprophet_frozen_s2026,neuralprophet,frozen,selected,2026,11,2025-03-24 01:00:00,2025-03-30 20:00:00,164,,False,False,,-4.438613269209087,,0,0,0.1
core_neuralprophet_frozen_s2026,neuralprophet,frozen,selected,2026,11,2025-03-24 01:00:00,2025-03-30 21:00:00,165,,False,False,,-4.438613269209087,,0,0,0.1
core_neuralprophet_frozen_s2026,neuralprophet,frozen,selected,2026,11,2025-03-24 01:00:00,2025-03-30 22:00:00,166,,False,False,,-4.438613269209087,,0,0,0.1
core_neuralprophet_frozen_s2026,neuralprophet,frozen,selected,2026,11,2025-03-24 01:00:00,2025-03-30 23:00:00,167,,False,False,,-4.438613269209087,,0,0,0.1
core_neuralprophet_frozen_s2026,neuralprophet,frozen,selected,2026,11,2025-03-24 01:00:00,2025-03-31 00:00:00,168,,False,False,,-4.438613269209087,,0,0,0.1
core_neuralprophet_frozen_s2026,neuralprophet,frozen,selected,2026,12,2025-03-31 01:00:00,2025-03-31 01:00:00,1,,False,False,,-4.390718531746962,,48,192,0.1
core_neuralprophet_frozen_s2026,neuralprophet,frozen,selected,2026,12,2025-03-31 01:00:00,2025-03-31 02:00:00,2,,False,False,,-4.390718531746962,,48,192,0.1
core_neuralprophet_frozen_s2026,neuralprophet,frozen,selected,2026,12,2025-03-31 01:00:00,2025-03-31 03:00:00,3,,False,False,,-4.390718531746962,,48,192,0.1
core_neuralprophet_frozen_s2026,neuralprophet,frozen,selected,2026,12,2025-03-31 01:00:00,2025-03-31 04:00:00,4,,False,False,,-4.390718531746962,,48,192,0.1
core_neuralprophet_frozen_s2026,neuralprophet,frozen,selected,2026,12,2025-03-31 01:00:00,2025-03-31 05:00:00,5,,False,False,,-4.390718531746962,,48,192,0.1
core_neuralprophet_frozen_s2026,neuralprophet,frozen,selected,2026,12,2025-03-31 01:00:00,2025-03-31 06:00:00,6,,False,False,,-4.390718531746962,,48,192,0.1
core_neuralprophet_frozen_s2026,neuralprophet,frozen,selected,2026,12,2025-03-31 01:00:00,2025-03-31 07:00:00,7,,False,False,,-4.390718531746962,,48,192,0.1
core_neuralprophet_frozen_s2026,neuralprophet,frozen,selected,2026,12,2025-03-31 01:00:00,2025-03-31 08:00:00,8,,False,False,,-4.390718531746962,,48,192,0.1
core_neuralprophet_frozen_s2026,neuralprophet,frozen,selected,2026,12,2025-03-31 01:00:00,2025-03-31 09:00:00,9,,False,False,,-4.390718531746962,,48,192,0.1
core_neuralprophet_frozen_s2026,neuralprophet,frozen,selected,2026,12,2025-03-31 01:00:00,2025-03-31 10:00:00,10,,False,False,,-4.390718531746962,,48,192,0.1
core_neuralprophet_frozen_s2026,neuralprophet,frozen,selected,2026,12,2025-03-31 01:00:00,2025-03-31 11:00:00,11,,False,False,,-4.390718531746962,,48,192,0.1
core_neuralprophet_frozen_s2026,neuralprophet,frozen,selected,2026,12,2025-03-31 01:00:00,2025-03-31 12:00:00,12,,False,False,,-4.390718531746962,,48,192,0.1
core_neuralprophet_frozen_s2026,neuralprophet,frozen,selected,2026,12,2025-03-31 01:00:00,2025-03-31 13:00:00,13,,False,False,,-4.390718531746962,,48,192,0.1
core_neuralprophet_frozen_s2026,neuralprophet,frozen,selected,2026,12,2025-03-31 01:00:00,2025-03-31 14:00:00,14,,False,False,,-4.390718531746962,,48,192,0.1
core_neuralprophet_frozen_s2026,neuralprophet,frozen,selected,2026,12,2025-03-31 01:00:00,2025-03-31 15:00:00,15,,False,False,,-4.390718531746962,,48,192,0.1
core_neuralprophet_frozen_s2026,neuralprophet,frozen,selected,2026,12,2025-03-31 01:00:00,2025-03-31 16:00:00,16,,False,False,,-4.390718531746962,,48,192,0.1
core_neuralprophet_frozen_s2026,neuralprophet,frozen,selected,2026,12,2025-03-31 01:00:00,2025-03-31 17:00:00,17,,False,False,,-4.390718531746962,,48,192,0.1
core_neuralprophet_frozen_s2026,neuralprophet,frozen,selected,2026,12,2025-03-31 01:00:00,2025-03-31 18:00:00,18,,False,False,,-4.390718531746962,,48,192,0.1
core_neuralprophet_frozen_s2026,neuralprophet,frozen,selected,2026,12,2025-03-31 01:00:00,2025-03-31 19:00:00,19,,False,False,,-4.390718531746962,,48,192,0.1
core_neuralprophet_frozen_s2026,neuralprophet,frozen,selected,2026,12,2025-03-31 01:00:00,2025-03-31 20:00:00,20,,False,False,,-4.390718531746962,,48,192,0.1
core_neuralprophet_frozen_s2026,neuralprophet,frozen,selected,2026,12,2025-03-31 01:00:00,2025-03-31 21:00:00,21,,False,False,,-4.390718531746962,,48,192,0.1
core_neuralprophet_frozen_s2026,neuralprophet,frozen,selected,2026,12,2025-03-31 01:00:00,2025-03-31 22:00:00,22,,False,False,,-4.390718531746962,,48,192,0.1
core_neuralprophet_frozen_s2026,neuralprophet,frozen,selected,2026,12,2025-03-31 01:00:00,2025-03-31 23:00:00,23,,False,False,,-4.390718531746962,,48,192,0.1
core_neuralprophet_frozen_s2026,neuralprophet,frozen,selected,2026,12,2025-03-31 01:00:00,2025-04-01 00:00:00,24,,False,False,,-4.390718531746962,,48,192,0.1
core_neuralprophet_frozen_s2026,neuralprophet,frozen,selected,2026,12,2025-03-31 01:00:00,2025-04-01 01:00:00,25,,False,False,,-4.390718531746962,,48,192,0.1
core_neuralprophet_frozen_s2026,neuralprophet,frozen,selected,2026,12,2025-03-31 01:00:00,2025-04-01 02:00:00,26,,False,False,,-4.390718531746962,,48,192,0.1
core_neuralprophet_frozen_s2026,neuralprophet,frozen,selected,2026,12,2025-03-31 01:00:00,2025-04-01 03:00:00,27,,False,False,,-4.390718531746962,,48,192,0.1
core_neuralprophet_frozen_s2026,neuralprophet,frozen,selected,2026,12,2025-03-31 01:00:00,2025-04-01 04:00:00,28,,False,False,,-4.390718531746962,,48,192,0.1
core_neuralprophet_frozen_s2026,neuralprophet,frozen,selected,2026,12,2025-03-31 01:00:00,2025-04-01 05:00:00,29,,False,False,,-4.390718531746962,,48,192,0.1
core_neuralprophet_frozen_s2026,neuralprophet,frozen,selected,2026,12,2025-03-31 01:00:00,2025-04-01 06:00:00,30,,False,False,,-4.390718531746962,,48,192,0.1
core_neuralprophet_frozen_s2026,neuralprophet,frozen,selected,2026,12,2025-03-31 01:00:00,2025-04-01 07:00:00,31,,False,False,,-4.390718531746962,,48,192,0.1
core_neuralprophet_frozen_s2026,neuralprophet,frozen,selected,2026,12,2025-03-31 01:00:00,2025-04-01 08:00:00,32,,False,False,,-4.390718531746962,,48,192,0.1
core_neuralprophet_frozen_s2026,neuralprophet,frozen,selected,2026,12,2025-03-31 01:00:00,2025-04-01 09:00:00,33,,False,False,,-4.390718531746962,,48,192,0.1
core_neuralprophet_frozen_s2026,neuralprophet,frozen,selected,2026,12,2025-03-31 01:00:00,2025-04-01 10:00:00,34,,False,False,,-4.390718531746962,,48,192,0.1
core_neuralprophet_frozen_s2026,neuralprophet,frozen,selected,2026,12,2025-03-31 01:00:00,2025-04-01 11:00:00,35,,False,False,,-4.390718531746962,,48,192,0.1
core_neuralprophet_frozen_s2026,neuralprophet,frozen,selected,2026,12,2025-03-31 01:00:00,2025-04-01 12:00:00,36,,False,False,,-4.390718531746962,,48,192,0.1
core_neuralprophet_frozen_s2026,neuralprophet,frozen,selected,2026,12,2025-03-31 01:00:00,2025-04-01 13:00:00,37,,False,False,,-4.390718531746962,,48,192,0.1
core_neuralprophet_frozen_s2026,neuralprophet,frozen,selected,2026,12,2025-03-31 01:00:00,2025-04-01 14:00:00,38,,False,False,,-4.390718531746962,,48,192,0.1
core_neuralprophet_frozen_s2026,neuralprophet,frozen,selected,2026,12,2025-03-31 01:00:00,2025-04-01 15:00:00,39,,False,False,,-4.390718531746962,,48,192,0.1
core_neuralprophet_frozen_s2026,neuralprophet,frozen,selected,2026,12,2025-03-31 01:00:00,2025-04-01 16:00:00,40,,False,False,,-4.390718531746962,,48,192,0.1
core_neuralprophet_frozen_s2026,neuralprophet,frozen,selected,2026,12,2025-03-31 01:00:00,2025-04-01 17:00:00,41,,False,False,,-4.390718531746962,,48,192,0.1
core_neuralprophet_frozen_s2026,neuralprophet,frozen,selected,2026,12,2025-03-31 01:00:00,2025-04-01 18:00:00,42,,False,False,,-4.390718531746962,,48,192,0.1
core_neuralprophet_frozen_s2026,neuralprophet,frozen,selected,2026,12,2025-03-31 01:00:00,2025-04-01 19:00:00,43,,False,False,,-4.390718531746962,,48,192,0.1
core_neuralprophet_frozen_s2026,neuralprophet,frozen,selected,2026,12,2025-03-31 01:00:00,2025-04-01 20:00:00,44,,False,False,,-4.390718531746962,,48,192,0.1
core_neuralprophet_frozen_s2026,neuralprophet,frozen,selected,2026,12,2025-03-31 01:00:00,2025-04-01 21:00:00,45,,False,False,,-4.390718531746962,,48,192,0.1
core_neuralprophet_frozen_s2026,neuralprophet,frozen,selected,2026,12,2025-03-31 01:00:00,2025-04-01 22:00:00,46,,False,False,,-4.390718531746962,,48,192,0.1
core_neuralprophet_frozen_s2026,neuralprophet,frozen,selected,2026,12,2025-03-31 01:00:00,2025-04-01 23:00:00,47,,False,False,,-4.390718531746962,,48,192,0.1
core_neuralprophet_frozen_s2026,neuralprophet,frozen,selected,2026,12,2025-03-31 01:00:00,2025-04-02 00:00:00,48,,False,False,,-4.390718531746962,,48,192,0.1
core_neuralprophet_frozen_s2026,neuralprophet,frozen,selected,2026,12,2025-03-31 01:00:00,2025-04-02 01:00:00,49,,False,False,,-4.390718531746962,,48,192,0.1
core_neuralprophet_frozen_s2026,neuralprophet,frozen,selected,2026,12,2025-03-31 01:00:00,2025-04-02 02:00:00,50,,False,False,,-4.390718531746962,,48,192,0.1
core_neuralprophet_frozen_s2026,neuralprophet,frozen,selected,2026,12,2025-03-31 01:00:00,2025-04-02 03:00:00,51,,False,False,,-4.390718531746962,,48,192,0.1
core_neuralprophet_frozen_s2026,neuralprophet,frozen,selected,2026,12,2025-03-31 01:00:00,2025-04-02 04:00:00,52,,False,False,,-4.390718531746962,,48,192,0.1
core_neuralprophet_frozen_s2026,neuralprophet,frozen,selected,2026,12,2025-03-31 01:00:00,2025-04-02 05:00:00,53,,False,False,,-4.390718531746962,,48,192,0.1
core_neuralprophet_frozen_s2026,neuralprophet,frozen,selected,2026,12,2025-03-31 01:00:00,2025-04-02 06:00:00,54,,False,False,,-4.390718531746962,,48,192,0.1
core_neuralprophet_frozen_s2026,neuralprophet,frozen,selected,2026,12,2025-03-31 01:00:00,2025-04-02 07:00:00,55,,False,False,,-4.390718531746962,,48,192,0.1
core_neuralprophet_frozen_s2026,neuralprophet,frozen,selected,2026,12,2025-03-31 01:00:00,2025-04-02 08:00:00,56,,False,False,,-4.390718531746962,,48,192,0.1
core_neuralprophet_frozen_s2026,neuralprophet,frozen,selected,2026,12,2025-03-31 01:00:00,2025-04-02 09:00:00,57,,False,False,,-4.390718531746962,,48,192,0.1
core_neuralprophet_frozen_s2026,neuralprophet,frozen,selected,2026,12,2025-03-31 01:00:00,2025-04-02 10:00:00,58,,False,False,,-4.390718531746962,,48,192,0.1
core_neuralprophet_frozen_s2026,neuralprophet,frozen,selected,2026,12,2025-03-31 01:00:00,2025-04-02 11:00:00,59,,False,False,,-4.390718531746962,,48,192,0.1
core_neuralprophet_frozen_s2026,neuralprophet,frozen,selected,2026,12,2025-03-31 01:00:00,2025-04-02 12:00:00,60,,False,False,,-4.390718531746962,,48,192,0.1
core_neuralprophet_frozen_s2026,neuralprophet,frozen,selected,2026,12,2025-03-31 01:00:00,2025-04-02 13:00:00,61,,False,False,,-4.390718531746962,,48,192,0.1
core_neuralprophet_frozen_s2026,neuralprophet,frozen,selected,2026,12,2025-03-31 01:00:00,2025-04-02 14:00:00,62,,False,False,,-4.390718531746962,,48,192,0.1
core_neuralprophet_frozen_s2026,neuralprophet,frozen,selected,2026,12,2025-03-31 01:00:00,2025-04-02 15:00:00,63,,False,False,,-4.390718531746962,,48,192,0.1
core_neuralprophet_frozen_s2026,neuralprophet,frozen,selected,2026,12,2025-03-31 01:00:00,2025-04-02 16:00:00,64,,False,False,,-4.390718531746962,,48,192,0.1
core_neuralprophet_frozen_s2026,neuralprophet,frozen,selected,2026,12,2025-03-31 01:00:00,2025-04-02 17:00:00,65,,False,False,,-4.390718531746962,,48,192,0.1
core_neuralprophet_frozen_s2026,neuralprophet,frozen,selected,2026,12,2025-03-31 01:00:00,2025-04-02 18:00:00,66,,False,False,,-4.390718531746962,,48,192,0.1
core_neuralprophet_frozen_s2026,neuralprophet,frozen,selected,2026,12,2025-03-31 01:00:00,2025-04-02 19:00:00,67,,False,False,,-4.390718531746962,,48,192,0.1
core_neuralprophet_frozen_s2026,neuralprophet,frozen,selected,2026,12,2025-03-31 01:00:00,2025-04-02 20:00:00,68,,False,False,,-4.390718531746962,,48,192,0.1
core_neuralprophet_frozen_s2026,neuralprophet,frozen,selected,2026,12,2025-03-31 01:00:00,2025-04-02 21:00:00,69,,False,False,,-4.390718531746962,,48,192,0.1
core_neuralprophet_frozen_s2026,neuralprophet,frozen,selected,2026,12,2025-03-31 01:00:00,2025-04-02 22:00:00,70,,False,False,,-4.390718531746962,,48,192,0.1
core_neuralprophet_frozen_s2026,neuralprophet,frozen,selected,2026,12,2025-03-31 01:00:00,2025-04-02 23:00:00,71,,False,False,,-4.390718531746962,,48,192,0.1
core_neuralprophet_frozen_s2026,neuralprophet,frozen,selected,2026,12,2025-03-31 01:00:00,2025-04-03 00:00:00,72,,False,False,,-4.390718531746962,,48,192,0.1
core_neuralprophet_frozen_s2026,neuralprophet,frozen,selected,2026,12,2025-03-31 01:00:00,2025-04-03 01:00:00,73,,False,False,,-4.390718531746962,,48,192,0.1
core_neuralprophet_frozen_s2026,neuralprophet,frozen,selected,2026,12,2025-03-31 01:00:00,2025-04-03 02:00:00,74,,False,False,,-4.390718531746962,,48,192,0.1
core_neuralprophet_frozen_s2026,neuralprophet,frozen,selected,2026,12,2025-03-31 01:00:00,2025-04-03 03:00:00,75,,False,False,,-4.390718531746962,,48,192,0.1
core_neuralprophet_frozen_s2026,neuralprophet,frozen,selected,2026,12,2025-03-31 01:00:00,2025-04-03 04:00:00,76,,False,False,,-4.390718531746962,,48,192,0.1
core_neuralprophet_frozen_s2026,neuralprophet,frozen,selected,2026,12,2025-03-31 01:00:00,2025-04-03 05:00:00,77,,False,False,,-4.390718531746962,,48,192,0.1
core_neuralprophet_frozen_s2026,neuralprophet,frozen,selected,2026,12,2025-03-31 01:00:00,2025-04-03 06:00:00,78,,False,False,,-4.390718531746962,,48,192,0.1
core_neuralprophet_frozen_s2026,neuralprophet,frozen,selected,2026,12,2025-03-31 01:00:00,2025-04-03 07:00:00,79,,False,False,,-4.390718531746962,,48,192,0.1
core_neuralprophet_frozen_s2026,neuralprophet,frozen,selected,2026,12,2025-03-31 01:00:00,2025-04-03 08:00:00,80,,False,False,,-4.390718531746962,,48,192,0.1
core_neuralprophet_frozen_s2026,neuralprophet,frozen,selected,2026,12,2025-03-31 01:00:00,2025-04-03 09:00:00,81,,False,False,,-4.390718531746962,,48,192,0.1
core_neuralprophet_frozen_s2026,neuralprophet,frozen,selected,2026,12,2025-03-31 01:00:00,2025-04-03 10:00:00,82,,False,False,,-4.390718531746962,,48,192,0.1
core_neuralprophet_frozen_s2026,neuralprophet,frozen,selected,2026,12,2025-03-31 01:00:00,2025-04-03 11:00:00,83,,False,False,,-4.390718531746962,,48,192,0.1
core_neuralprophet_frozen_s2026,neuralprophet,frozen,selected,2026,12,2025-03-31 01:00:00,2025-04-03 12:00:00,84,,False,False,,-4.390718531746962,,48,192,0.1
core_neuralprophet_frozen_s2026,neuralprophet,frozen,selected,2026,12,2025-03-31 01:00:00,2025-04-03 13:00:00,85,,False,False,,-4.390718531746962,,48,192,0.1
core_neuralprophet_frozen_s2026,neuralprophet,frozen,selected,2026,12,2025-03-31 01:00:00,2025-04-03 14:00:00,86,,False,False,,-4.390718531746962,,48,192,0.1
core_neuralprophet_frozen_s2026,neuralprophet,frozen,selected,2026,12,2025-03-31 01:00:00,2025-04-03 15:00:00,87,,False,False,,-4.390718531746962,,48,192,0.1
core_neuralprophet_frozen_s2026,neuralprophet,frozen,selected,2026,12,2025-03-31 01:00:00,2025-04-03 16:00:00,88,,False,False,,-4.390718531746962,,48,192,0.1
core_neuralprophet_frozen_s2026,neuralprophet,frozen,selected,2026,12,2025-03-31 01:00:00,2025-04-03 17:00:00,89,,False,False,,-4.390718531746962,,48,192,0.1
core_neuralprophet_frozen_s2026,neuralprophet,frozen,selected,2026,12,2025-03-31 01:00:00,2025-04-03 18:00:00,90,,False,False,,-4.390718531746962,,48,192,0.1
core_neuralprophet_frozen_s2026,neuralprophet,frozen,selected,2026,12,2025-03-31 01:00:00,2025-04-03 19:00:00,91,,False,False,,-4.390718531746962,,48,192,0.1
core_neuralprophet_frozen_s2026,neuralprophet,frozen,selected,2026,12,2025-03-31 01:00:00,2025-04-03 20:00:00,92,,False,False,,-4.390718531746962,,48,192,0.1
core_neuralprophet_frozen_s2026,neuralprophet,frozen,selected,2026,12,2025-03-31 01:00:00,2025-04-03 21:00:00,93,,False,False,,-4.390718531746962,,48,192,0.1
core_neuralprophet_frozen_s2026,neuralprophet,frozen,selected,2026,12,2025-03-31 01:00:00,2025-04-03 22:00:00,94,,False,False,,-4.390718531746962,,48,192,0.1
core_neuralprophet_frozen_s2026,neuralprophet,frozen,selected,2026,12,2025-03-31 01:00:00,2025-04-03 23:00:00,95,,False,False,,-4.390718531746962,,48,192,0.1
core_neuralprophet_frozen_s2026,neuralprophet,frozen,selected,2026,12,2025-03-31 01:00:00,2025-04-04 00:00:00,96,,False,False,,-4.390718531746962,,48,192,0.1
core_neuralprophet_frozen_s2026,neuralprophet,frozen,selected,2026,12,2025-03-31 01:00:00,2025-04-04 01:00:00,97,67.51,True,True,65.606689453125,-4.390718531746962,61.21597092137804,48,192,0.1
core_neuralprophet_frozen_s2026,neuralprophet,frozen,selected,2026,12,2025-03-31 01:00:00,2025-04-04 02:00:00,98,65.69,True,True,81.41354370117188,-4.390718531746962,77.02282516942492,48,192,0.1
core_neuralprophet_frozen_s2026,neuralprophet,frozen,selected,2026,12,2025-03-31 01:00:00,2025-04-04 03:00:00,99,36.14,True,True,54.433868408203125,-4.390718531746962,50.04314987645616,48,192,0.1
core_neuralprophet_frozen_s2026,neuralprophet,frozen,selected,2026,12,2025-03-31 01:00:00,2025-04-04 04:00:00,100,12.07,True,True,4.645068645477295,-4.390718531746962,0.2543501137303332,48,192,0.1
core_neuralprophet_frozen_s2026,neuralprophet,frozen,selected,2026,12,2025-03-31 01:00:00,2025-04-04 05:00:00,101,10.26,True,True,31.19873809814453,-4.390718531746962,26.80801956639757,48,192,0.1
core_neuralprophet_frozen_s2026,neuralprophet,frozen,selected,2026,12,2025-03-31 01:00:00,2025-04-04 06:00:00,102,9.24,True,True,23.2452392578125,-4.390718531746962,18.854520726065537,48,192,0.1
core_neuralprophet_frozen_s2026,neuralprophet,frozen,selected,2026,12,2025-03-31 01:00:00,2025-04-04 07:00:00,103,7.88,True,True,4.322393417358398,-4.390718531746962,-0.06832511438856326,48,192,0.1
core_neuralprophet_frozen_s2026,neuralprophet,frozen,selected,2026,12,2025-03-31 01:00:00,2025-04-04 08:00:00,104,6.94,True,True,30.76627540588379,-4.390718531746962,26.375556874136826,48,192,0.1
core_neuralprophet_frozen_s2026,neuralprophet,frozen,selected,2026,12,2025-03-31 01:00:00,2025-04-04 09:00:00,105,6.22,True,True,6.587662696838379,-4.390718531746962,2.196944165091417,48,192,0.1
core_neuralprophet_frozen_s2026,neuralprophet,frozen,selected,2026,12,2025-03-31 01:00:00,2025-04-04 10:00:00,106,21.1,True,True,38.94897079467773,-4.390718531746962,34.558252262930765,48,192,0.1
core_neuralprophet_frozen_s2026,neuralprophet,frozen,selected,2026,12,2025-03-31 01:00:00,2025-04-04 11:00:00,107,64.27,True,True,140.52511596679688,-4.390718531746962,136.13439743504992,48,192,0.1
core_neuralprophet_frozen_s2026,neuralprophet,frozen,selected,2026,12,2025-03-31 01:00:00,2025-04-04 12:00:00,108,121.16,True,True,190.2305145263672,-4.390718531746962,185.83979599462023,48,192,0.1
core_neuralprophet_frozen_s2026,neuralprophet,frozen,selected,2026,12,2025-03-31 01:00:00,2025-04-04 13:00:00,109,182.14,True,True,256.771484375,-4.390718531746962,252.38076584325304,48,192,0.1
core_neuralprophet_frozen_s2026,neuralprophet,frozen,selected,2026,12,2025-03-31 01:00:00,2025-04-04 14:00:00,110,246.53,True,True,316.73321533203125,-4.390718531746962,312.34249680028427,48,192,0.1
core_neuralprophet_frozen_s2026,neuralprophet,frozen,selected,2026,12,2025-03-31 01:00:00,2025-04-04 15:00:00,111,298.38,True,True,373.71575927734375,-4.390718531746962,369.32504074559677,48,192,0.1
core_neuralprophet_frozen_s2026,neuralprophet,frozen,selected,2026,12,2025-03-31 01:00:00,2025-04-04 16:00:00,112,311.37,True,True,387.3601989746094,-4.390718531746962,382.9694804428624,48,192,0.1
core_neuralprophet_frozen_s2026,neuralprophet,frozen,selected,2026,12,2025-03-31 01:00:00,2025-04-04 17:00:00,113,272.47,True,True,345.9979248046875,-4.390718531746962,341.6072062729405,48,192,0.1
core_neuralprophet_frozen_s2026,neuralprophet,frozen,selected,2026,12,2025-03-31 01:00:00,2025-04-04 18:00:00,114,208.71,True,True,307.3907470703125,-4.390718531746962,303.0000285385655,48,192,0.1
core_neuralprophet_frozen_s2026,neuralprophet,frozen,selected,2026,12,2025-03-31 01:00:00,2025-04-04 19:00:00,115,141.98,True,True,240.24766540527344,-4.390718531746962,235.85694687352648,48,192,0.1
core_neuralprophet_frozen_s2026,neuralprophet,frozen,selected,2026,12,2025-03-31 01:00:00,2025-04-04 20:00:00,116,103.89,True,True,187.8462677001953,-4.390718531746962,183.45554916844836,48,192,0.1
core_neuralprophet_frozen_s2026,neuralprophet,frozen,selected,2026,12,2025-03-31 01:00:00,2025-04-04 21:00:00,117,91.39,True,True,153.9655303955078,-4.390718531746962,149.57481186376086,48,192,0.1
core_neuralprophet_frozen_s2026,neuralprophet,frozen,selected,2026,12,2025-03-31 01:00:00,2025-04-04 22:00:00,118,97.15,True,True,149.68209838867188,-4.390718531746962,145.29137985692492,48,192,0.1
core_neuralprophet_frozen_s2026,neuralprophet,frozen,selected,2026,12,2025-03-31 01:00:00,2025-04-04 23:00:00,119,155.4,True,True,193.4750518798828,-4.390718531746962,189.08433334813586,48,192,0.1
core_neuralprophet_frozen_s2026,neuralprophet,frozen,selected,2026,12,2025-03-31 01:00:00,2025-04-05 00:00:00,120,257.0,True,True,301.8881225585937,-4.390718531746962,297.4974040268467,48,192,0.1
core_neuralprophet_frozen_s2026,neuralprophet,frozen,selected,2026,12,2025-03-31 01:00:00,2025-04-05 01:00:00,121,,False,False,,-4.390718531746962,,48,192,0.1
core_neuralprophet_frozen_s2026,neuralprophet,frozen,selected,2026,12,2025-03-31 01:00:00,2025-04-05 02:00:00,122,,False,False,,-4.390718531746962,,48,192,0.1
core_neuralprophet_frozen_s2026,neuralprophet,frozen,selected,2026,12,2025-03-31 01:00:00,2025-04-05 03:00:00,123,,False,False,,-4.390718531746962,,48,192,0.1
core_neuralprophet_frozen_s2026,neuralprophet,frozen,selected,2026,12,2025-03-31 01:00:00,2025-04-05 04:00:00,124,,False,False,,-4.390718531746962,,48,192,0.1
core_neuralprophet_frozen_s2026,neuralprophet,frozen,selected,2026,12,2025-03-31 01:00:00,2025-04-05 05:00:00,125,,False,False,,-4.390718531746962,,48,192,0.1
core_neuralprophet_frozen_s2026,neuralprophet,frozen,selected,2026,12,2025-03-31 01:00:00,2025-04-05 06:00:00,126,,False,False,,-4.390718531746962,,48,192,0.1
core_neuralprophet_frozen_s2026,neuralprophet,frozen,selected,2026,12,2025-03-31 01:00:00,2025-04-05 07:00:00,127,,False,False,,-4.390718531746962,,48,192,0.1
core_neuralprophet_frozen_s2026,neuralprophet,frozen,selected,2026,12,2025-03-31 01:00:00,2025-04-05 08:00:00,128,,False,False,,-4.390718531746962,,48,192,0.1
core_neuralprophet_frozen_s2026,neuralprophet,frozen,selected,2026,12,2025-03-31 01:00:00,2025-04-05 09:00:00,129,,False,False,,-4.390718531746962,,48,192,0.1
core_neuralprophet_frozen_s2026,neuralprophet,frozen,selected,2026,12,2025-03-31 01:00:00,2025-04-05 10:00:00,130,,False,False,,-4.390718531746962,,48,192,0.1
core_neuralprophet_frozen_s2026,neuralprophet,frozen,selected,2026,12,2025-03-31 01:00:00,2025-04-05 11:00:00,131,,False,False,,-4.390718531746962,,48,192,0.1
core_neuralprophet_frozen_s2026,neuralprophet,frozen,selected,2026,12,2025-03-31 01:00:00,2025-04-05 12:00:00,132,,False,False,,-4.390718531746962,,48,192,0.1
core_neuralprophet_frozen_s2026,neuralprophet,frozen,selected,2026,12,2025-03-31 01:00:00,2025-04-05 13:00:00,133,,False,False,,-4.390718531746962,,48,192,0.1
core_neuralprophet_frozen_s2026,neuralprophet,frozen,selected,2026,12,2025-03-31 01:00:00,2025-04-05 14:00:00,134,,False,False,,-4.390718531746962,,48,192,0.1
core_neuralprophet_frozen_s2026,neuralprophet,frozen,selected,2026,12,2025-03-31 01:00:00,2025-04-05 15:00:00,135,,False,False,,-4.390718531746962,,48,192,0.1
core_neuralprophet_frozen_s2026,neuralprophet,frozen,selected,2026,12,2025-03-31 01:00:00,2025-04-05 16:00:00,136,,False,False,,-4.390718531746962,,48,192,0.1
core_neuralprophet_frozen_s2026,neuralprophet,frozen,selected,2026,12,2025-03-31 01:00:00,2025-04-05 17:00:00,137,,False,False,,-4.390718531746962,,48,192,0.1
core_neuralprophet_frozen_s2026,neuralprophet,frozen,selected,2026,12,2025-03-31 01:00:00,2025-04-05 18:00:00,138,,False,False,,-4.390718531746962,,48,192,0.1
core_neuralprophet_frozen_s2026,neuralprophet,frozen,selected,2026,12,2025-03-31 01:00:00,2025-04-05 19:00:00,139,,False,False,,-4.390718531746962,,48,192,0.1
core_neuralprophet_frozen_s2026,neuralprophet,frozen,selected,2026,12,2025-03-31 01:00:00,2025-04-05 20:00:00,140,,False,False,,-4.390718531746962,,48,192,0.1
core_neuralprophet_frozen_s2026,neuralprophet,frozen,selected,2026,12,2025-03-31 01:00:00,2025-04-05 21:00:00,141,,False,False,,-4.390718531746962,,48,192,0.1
core_neuralprophet_frozen_s2026,neuralprophet,frozen,selected,2026,12,2025-03-31 01:00:00,2025-04-05 22:00:00,142,,False,False,,-4.390718531746962,,48,192,0.1
core_neuralprophet_frozen_s2026,neuralprophet,frozen,selected,2026,12,2025-03-31 01:00:00,2025-04-05 23:00:00,143,,False,False,,-4.390718531746962,,48,192,0.1
core_neuralprophet_frozen_s2026,neuralprophet,frozen,selected,2026,12,2025-03-31 01:00:00,2025-04-06 00:00:00,144,,False,False,,-4.390718531746962,,48,192,0.1
core_neuralprophet_frozen_s2026,neuralprophet,frozen,selected,2026,12,2025-03-31 01:00:00,2025-04-06 01:00:00,145,31.57,True,True,-35.35408020019531,-4.390718531746962,-39.744798731942275,48,192,0.1
core_neuralprophet_frozen_s2026,neuralprophet,frozen,selected,2026,12,2025-03-31 01:00:00,2025-04-06 02:00:00,146,33.66,True,True,-15.186769485473633,-4.390718531746962,-19.577488017220595,48,192,0.1
core_neuralprophet_frozen_s2026,neuralprophet,frozen,selected,2026,12,2025-03-31 01:00:00,2025-04-06 03:00:00,147,37.4,True,True,5.93137264251709,-4.390718531746962,1.5406541107701281,48,192,0.1
core_neuralprophet_frozen_s2026,neuralprophet,frozen,selected,2026,12,2025-03-31 01:00:00,2025-04-06 04:00:00,148,41.7,True,True,10.265618324279783,-4.390718531746962,5.874899792532822,48,192,0.1
core_neuralprophet_frozen_s2026,neuralprophet,frozen,selected,2026,12,2025-03-31 01:00:00,2025-04-06 05:00:00,149,47.06,True,True,17.854522705078125,-4.390718531746962,13.463804173331162,48,192,0.1
core_neuralprophet_frozen_s2026,neuralprophet,frozen,selected,2026,12,2025-03-31 01:00:00,2025-04-06 06:00:00,150,53.58,True,True,24.697885513305664,-4.390718531746962,20.3071669815587,48,192,0.1
core_neuralprophet_frozen_s2026,neuralprophet,frozen,selected,2026,12,2025-03-31 01:00:00,2025-04-06 07:00:00,151,57.5,True,True,12.500463485717772,-4.390718531746962,8.10974495397081,48,192,0.1
core_neuralprophet_frozen_s2026,neuralprophet,frozen,selected,2026,12,2025-03-31 01:00:00,2025-04-06 08:00:00,152,60.15,True,True,-3.90777325630188,-4.390718531746962,-8.298491788048842,48,192,0.1
core_neuralprophet_frozen_s2026,neuralprophet,frozen,selected,2026,12,2025-03-31 01:00:00,2025-04-06 09:00:00,153,62.03,True,True,-19.344745635986328,-4.390718531746962,-23.73546416773329,48,192,0.1
core_neuralprophet_frozen_s2026,neuralprophet,frozen,selected,2026,12,2025-03-31 01:00:00,2025-04-06 10:00:00,154,64.11,True,True,-45.59832000732422,-4.390718531746962,-49.98903853907118,48,192,0.1
core_neuralprophet_frozen_s2026,neuralprophet,frozen,selected,2026,12,2025-03-31 01:00:00,2025-04-06 11:00:00,155,67.99,True,True,-44.48389053344727,-4.390718531746962,-48.874609065194235,48,192,0.1
core_neuralprophet_frozen_s2026,neuralprophet,frozen,selected,2026,12,2025-03-31 01:00:00,2025-04-06 12:00:00,156,73.24,True,True,-35.150604248046875,-4.390718531746962,-39.54132277979384,48,192,0.1
core_neuralprophet_frozen_s2026,neuralprophet,frozen,selected,2026,12,2025-03-31 01:00:00,2025-04-06 13:00:00,157,78.02,True,True,-30.84050941467285,-4.390718531746962,-35.231227946419814,48,192,0.1
core_neuralprophet_frozen_s2026,neuralprophet,frozen,selected,2026,12,2025-03-31 01:00:00,2025-04-06 14:00:00,158,83.82,True,True,-13.033496856689451,-4.390718531746962,-17.424215388436412,48,192,0.1
core_neuralprophet_frozen_s2026,neuralprophet,frozen,selected,2026,12,2025-03-31 01:00:00,2025-04-06 15:00:00,159,88.63,True,True,-0.3738479018211365,-4.390718531746962,-4.764566433568098,48,192,0.1
core_neuralprophet_frozen_s2026,neuralprophet,frozen,selected,2026,12,2025-03-31 01:00:00,2025-04-06 16:00:00,160,90.09,True,True,-1.138294696807861,-4.390718531746962,-5.529013228554823,48,192,0.1
core_neuralprophet_frozen_s2026,neuralprophet,frozen,selected,2026,12,2025-03-31 01:00:00,2025-04-06 17:00:00,161,92.26,True,True,16.2210636138916,-4.390718531746962,11.830345082144639,48,192,0.1
core_neuralprophet_frozen_s2026,neuralprophet,frozen,selected,2026,12,2025-03-31 01:00:00,2025-04-06 18:00:00,162,94.44,True,True,37.9882698059082,-4.390718531746962,33.59755127416124,48,192,0.1
core_neuralprophet_frozen_s2026,neuralprophet,frozen,selected,2026,12,2025-03-31 01:00:00,2025-04-06 19:00:00,163,95.51,True,True,47.01578521728516,-4.390718531746962,42.6250666855382,48,192,0.1
core_neuralprophet_frozen_s2026,neuralprophet,frozen,selected,2026,12,2025-03-31 01:00:00,2025-04-06 20:00:00,164,97.43,True,True,60.01311492919922,-4.390718531746962,55.622396397452256,48,192,0.1
core_neuralprophet_frozen_s2026,neuralprophet,frozen,selected,2026,12,2025-03-31 01:00:00,2025-04-06 21:00:00,165,99.46,True,True,72.52613830566406,-4.390718531746962,68.1354197739171,48,192,0.1
core_neuralprophet_frozen_s2026,neuralprophet,frozen,selected,2026,12,2025-03-31 01:00:00,2025-04-06 22:00:00,166,100.53,True,True,51.027462005615234,-4.390718531746962,46.63674347386827,48,192,0.1
core_neuralprophet_frozen_s2026,neuralprophet,frozen,selected,2026,12,2025-03-31 01:00:00,2025-04-06 23:00:00,167,101.69,True,True,50.99575805664063,-4.390718531746962,46.60503952489367,48,192,0.1
core_neuralprophet_frozen_s2026,neuralprophet,frozen,selected,2026,12,2025-03-31 01:00:00,2025-04-07 00:00:00,168,103.32,True,True,57.83152389526367,-4.390718531746962,53.44080536351671,48,192,0.1
core_neuralprophet_frozen_s2026,neuralprophet,frozen,selected,2026,13,2025-04-07 01:00:00,2025-04-07 01:00:00,1,104.5,True,True,102.18372344970705,-3.02951083023386,99.15421261947318,120,480,0.1
core_neuralprophet_frozen_s2026,neuralprophet,frozen,selected,2026,13,2025-04-07 01:00:00,2025-04-07 02:00:00,2,104.36,True,True,100.98904418945312,-3.02951083023386,97.95953335921926,120,480,0.1
core_neuralprophet_frozen_s2026,neuralprophet,frozen,selected,2026,13,2025-04-07 01:00:00,2025-04-07 03:00:00,3,105.74,True,True,96.92453002929688,-3.02951083023386,93.89501919906301,120,480,0.1
core_neuralprophet_frozen_s2026,neuralprophet,frozen,selected,2026,13,2025-04-07 01:00:00,2025-04-07 04:00:00,4,111.78,True,True,85.66268920898438,-3.02951083023386,82.63317837875051,120,480,0.1
core_neuralprophet_frozen_s2026,neuralprophet,frozen,selected,2026,13,2025-04-07 01:00:00,2025-04-07 05:00:00,5,110.17,True,True,91.20880889892578,-3.02951083023386,88.17929806869192,120,480,0.1
core_neuralprophet_frozen_s2026,neuralprophet,frozen,selected,2026,13,2025-04-07 01:00:00,2025-04-07 06:00:00,6,99.21,True,True,73.62153625488281,-3.02951083023386,70.59202542464895,120,480,0.1
core_neuralprophet_frozen_s2026,neuralprophet,frozen,selected,2026,13,2025-04-07 01:00:00,2025-04-07 07:00:00,7,77.12,True,True,54.23179626464844,-3.02951083023386,51.20228543441458,120,480,0.1
core_neuralprophet_frozen_s2026,neuralprophet,frozen,selected,2026,13,2025-04-07 01:00:00,2025-04-07 08:00:00,8,52.05,True,True,42.60318756103516,-3.02951083023386,39.5736767308013,120,480,0.1
core_neuralprophet_frozen_s2026,neuralprophet,frozen,selected,2026,13,2025-04-07 01:00:00,2025-04-07 09:00:00,9,30.51,True,True,9.21414279937744,-3.02951083023386,6.184631969143579,120,480,0.1
core_neuralprophet_frozen_s2026,neuralprophet,frozen,selected,2026,13,2025-04-07 01:00:00,2025-04-07 10:00:00,10,19.27,True,True,-20.25318145751953,-3.02951083023386,-23.28269228775339,120,480,0.1
core_neuralprophet_frozen_s2026,neuralprophet,frozen,selected,2026,13,2025-04-07 01:00:00,2025-04-07 11:00:00,11,13.84,True,True,-21.686384201049805,-3.02951083023386,-24.715895031283665,120,480,0.1
core_neuralprophet_frozen_s2026,neuralprophet,frozen,selected,2026,13,2025-04-07 01:00:00,2025-04-07 12:00:00,12,11.05,True,True,-22.853240966796875,-3.02951083023386,-25.882751797030735,120,480,0.1
core_neuralprophet_frozen_s2026,neuralprophet,frozen,selected,2026,13,2025-04-07 01:00:00,2025-04-07 13:00:00,13,9.87,True,True,-21.247812271118164,-3.02951083023386,-24.277323101352025,120,480,0.1
core_neuralprophet_frozen_s2026,neuralprophet,frozen,selected,2026,13,2025-04-07 01:00:00,2025-04-07 14:00:00,14,9.97,True,True,-11.742053031921388,-3.02951083023386,-14.771563862155249,120,480,0.1
core_neuralprophet_frozen_s2026,neuralprophet,frozen,selected,2026,13,2025-04-07 01:00:00,2025-04-07 15:00:00,15,10.6,True,True,-7.548618316650391,-3.02951083023386,-10.578129146884251,120,480,0.1
core_neuralprophet_frozen_s2026,neuralprophet,frozen,selected,2026,13,2025-04-07 01:00:00,2025-04-07 16:00:00,16,11.1,True,True,30.07811737060547,-3.02951083023386,27.04860654037161,120,480,0.1
core_neuralprophet_frozen_s2026,neuralprophet,frozen,selected,2026,13,2025-04-07 01:00:00,2025-04-07 17:00:00,17,11.37,True,True,3.678900957107544,-3.02951083023386,0.6493901268736839,120,480,0.1
core_neuralprophet_frozen_s2026,neuralprophet,frozen,selected,2026,13,2025-04-07 01:00:00,2025-04-07 18:00:00,18,11.68,True,True,-18.43143844604492,-3.02951083023386,-21.46094927627878,120,480,0.1
core_neuralprophet_frozen_s2026,neuralprophet,frozen,selected,2026,13,2025-04-07 01:00:00,2025-04-07 19:00:00,19,12.34,True,True,-13.883004188537598,-3.02951083023386,-16.912515018771458,120,480,0.1
core_neuralprophet_frozen_s2026,neuralprophet,frozen,selected,2026,13,2025-04-07 01:00:00,2025-04-07 20:00:00,20,13.63,True,True,-10.547186851501465,-3.02951083023386,-13.576697681735325,120,480,0.1
core_neuralprophet_frozen_s2026,neuralprophet,frozen,selected,2026,13,2025-04-07 01:00:00,2025-04-07 21:00:00,21,15.21,True,True,-0.5608521103858948,-3.02951083023386,-3.590362940619755,120,480,0.1
core_neuralprophet_frozen_s2026,neuralprophet,frozen,selected,2026,13,2025-04-07 01:00:00,2025-04-07 22:00:00,22,16.57,True,True,-4.749581813812256,-3.02951083023386,-7.779092644046116,120,480,0.1
core_neuralprophet_frozen_s2026,neuralprophet,frozen,selected,2026,13,2025-04-07 01:00:00,2025-04-07 23:00:00,23,17.96,True,True,-9.682942390441896,-3.02951083023386,-12.712453220675757,120,480,0.1
core_neuralprophet_frozen_s2026,neuralprophet,frozen,selected,2026,13,2025-04-07 01:00:00,2025-04-08 00:00:00,24,19.21,True,True,10.905850410461426,-3.02951083023386,7.876339580227565,120,480,0.1
core_neuralprophet_frozen_s2026,neuralprophet,frozen,selected,2026,13,2025-04-07 01:00:00,2025-04-08 01:00:00,25,19.91,True,True,19.61983299255371,-3.02951083023386,16.59032216231985,120,480,0.1
core_neuralprophet_frozen_s2026,neuralprophet,frozen,selected,2026,13,2025-04-07 01:00:00,2025-04-08 02:00:00,26,19.99,True,True,27.30465507507324,-3.02951083023386,24.275144244839378,120,480,0.1
core_neuralprophet_frozen_s2026,neuralprophet,frozen,selected,2026,13,2025-04-07 01:00:00,2025-04-08 03:00:00,27,21.43,True,True,28.74898338317871,-3.02951083023386,25.71947255294485,120,480,0.1
core_neuralprophet_frozen_s2026,neuralprophet,frozen,selected,2026,13,2025-04-07 01:00:00,2025-04-08 04:00:00,28,27.87,True,True,22.35904312133789,-3.02951083023386,19.32953229110403,120,480,0.1
core_neuralprophet_frozen_s2026,neuralprophet,frozen,selected,2026,13,2025-04-07 01:00:00,2025-04-08 05:00:00,29,32.85,True,True,2.522653341293335,-3.02951083023386,-0.5068574889405251,120,480,0.1
core_neuralprophet_frozen_s2026,neuralprophet,frozen,selected,2026,13,2025-04-07 01:00:00,2025-04-08 06:00:00,30,35.82,True,True,22.449892044067383,-3.02951083023386,19.420381213833522,120,480,0.1
core_neuralprophet_frozen_s2026,neuralprophet,frozen,selected,2026,13,2025-04-07 01:00:00,2025-04-08 07:00:00,31,35.9,True,True,15.03121280670166,-3.02951083023386,12.0017019764678,120,480,0.1
core_neuralprophet_frozen_s2026,neuralprophet,frozen,selected,2026,13,2025-04-07 01:00:00,2025-04-08 08:00:00,32,33.28,True,True,-17.283157348632812,-3.02951083023386,-20.312668178866673,120,480,0.1
core_neuralprophet_frozen_s2026,neuralprophet,frozen,selected,2026,13,2025-04-07 01:00:00,2025-04-08 09:00:00,33,30.4,True,True,-16.802064895629883,-3.02951083023386,-19.831575725863743,120,480,0.1
core_neuralprophet_frozen_s2026,neuralprophet,frozen,selected,2026,13,2025-04-07 01:00:00,2025-04-08 10:00:00,34,27.85,True,True,-18.0417423248291,-3.02951083023386,-21.071253155062962,120,480,0.1
core_neuralprophet_frozen_s2026,neuralprophet,frozen,selected,2026,13,2025-04-07 01:00:00,2025-04-08 11:00:00,35,25.08,True,True,-26.407642364501957,-3.02951083023386,-29.437153194735817,120,480,0.1
core_neuralprophet_frozen_s2026,neuralprophet,frozen,selected,2026,13,2025-04-07 01:00:00,2025-04-08 12:00:00,36,21.36,True,True,-41.0399169921875,-3.02951083023386,-44.06942782242136,120,480,0.1
core_neuralprophet_frozen_s2026,neuralprophet,frozen,selected,2026,13,2025-04-07 01:00:00,2025-04-08 13:00:00,37,17.63,True,True,-39.32996368408203,-3.02951083023386,-42.35947451431589,120,480,0.1
core_neuralprophet_frozen_s2026,neuralprophet,frozen,selected,2026,13,2025-04-07 01:00:00,2025-04-08 14:00:00,38,16.68,True,True,-30.226903915405277,-3.02951083023386,-33.256414745639134,120,480,0.1
core_neuralprophet_frozen_s2026,neuralprophet,frozen,selected,2026,13,2025-04-07 01:00:00,2025-04-08 15:00:00,39,17.27,True,True,-23.062206268310547,-3.02951083023386,-26.091717098544407,120,480,0.1
core_neuralprophet_frozen_s2026,neuralprophet,frozen,selected,2026,13,2025-04-07 01:00:00,2025-04-08 16:00:00,40,18.13,True,True,-6.091058254241943,-3.02951083023386,-9.120569084475804,120,480,0.1
core_neuralprophet_frozen_s2026,neuralprophet,frozen,selected,2026,13,2025-04-07 01:00:00,2025-04-08 17:00:00,41,19.61,True,True,-25.343080520629883,-3.02951083023386,-28.372591350863743,120,480,0.1
core_neuralprophet_frozen_s2026,neuralprophet,frozen,selected,2026,13,2025-04-07 01:00:00,2025-04-08 18:00:00,42,21.53,True,True,-4.61318826675415,-3.02951083023386,-7.642699096988011,120,480,0.1
core_neuralprophet_frozen_s2026,neuralprophet,frozen,selected,2026,13,2025-04-07 01:00:00,2025-04-08 19:00:00,43,23.75,True,True,-29.295351028442383,-3.02951083023386,-32.32486185867624,120,480,0.1
core_neuralprophet_frozen_s2026,neuralprophet,frozen,selected,2026,13,2025-04-07 01:00:00,2025-04-08 20:00:00,44,26.2,True,True,2.1258370876312256,-3.02951083023386,-0.9036737426026344,120,480,0.1
core_neuralprophet_frozen_s2026,neuralprophet,frozen,selected,2026,13,2025-04-07 01:00:00,2025-04-08 21:00:00,45,28.7,True,True,4.146927356719971,-3.02951083023386,1.1174165264861107,120,480,0.1
core_neuralprophet_frozen_s2026,neuralprophet,frozen,selected,2026,13,2025-04-07 01:00:00,2025-04-08 22:00:00,46,31.1,True,True,3.690583467483521,-3.02951083023386,0.6610726372496609,120,480,0.1
core_neuralprophet_frozen_s2026,neuralprophet,frozen,selected,2026,13,2025-04-07 01:00:00,2025-04-08 23:00:00,47,34.38,True,True,16.895971298217773,-3.02951083023386,13.866460467983913,120,480,0.1
core_neuralprophet_frozen_s2026,neuralprophet,frozen,selected,2026,13,2025-04-07 01:00:00,2025-04-09 00:00:00,48,38.09,True,True,22.4074764251709,-3.02951083023386,19.377965594937038,120,480,0.1
core_neuralprophet_frozen_s2026,neuralprophet,frozen,selected,2026,13,2025-04-07 01:00:00,2025-04-09 01:00:00,49,42.03,True,True,22.995405197143555,-3.02951083023386,19.965894366909694,120,480,0.1
core_neuralprophet_frozen_s2026,neuralprophet,frozen,selected,2026,13,2025-04-07 01:00:00,2025-04-09 02:00:00,50,45.62,True,True,39.449256896972656,-3.02951083023386,36.419746066738796,120,480,0.1
core_neuralprophet_frozen_s2026,neuralprophet,frozen,selected,2026,13,2025-04-07 01:00:00,2025-04-09 03:00:00,51,49.72,True,True,29.2315616607666,-3.02951083023386,26.20205083053274,120,480,0.1
core_neuralprophet_frozen_s2026,neuralprophet,frozen,selected,2026,13,2025-04-07 01:00:00,2025-04-09 04:00:00,52,55.9,True,True,24.74028205871582,-3.02951083023386,21.71077122848196,120,480,0.1
core_neuralprophet_frozen_s2026,neuralprophet,frozen,selected,2026,13,2025-04-07 01:00:00,2025-04-09 05:00:00,53,58.4,True,True,39.72935104370117,-3.02951083023386,36.69984021346731,120,480,0.1
core_neuralprophet_frozen_s2026,neuralprophet,frozen,selected,2026,13,2025-04-07 01:00:00,2025-04-09 06:00:00,54,59.76,True,True,3.220720052719116,-3.02951083023386,0.19120922248525618,120,480,0.1
core_neuralprophet_frozen_s2026,neuralprophet,frozen,selected,2026,13,2025-04-07 01:00:00,2025-04-09 07:00:00,55,48.65,True,True,7.049847602844238,-3.02951083023386,4.020336772610378,120,480,0.1
core_neuralprophet_frozen_s2026,neuralprophet,frozen,selected,2026,13,2025-04-07 01:00:00,2025-04-09 08:00:00,56,36.9,True,True,-6.468616962432861,-3.02951083023386,-9.498127792666722,120,480,0.1
core_neuralprophet_frozen_s2026,neuralprophet,frozen,selected,2026,13,2025-04-07 01:00:00,2025-04-09 09:00:00,57,32.83,True,True,-43.84601211547852,-3.02951083023386,-46.87552294571238,120,480,0.1
core_neuralprophet_frozen_s2026,neuralprophet,frozen,selected,2026,13,2025-04-07 01:00:00,2025-04-09 10:00:00,58,33.91,True,True,-42.54920196533203,-3.02951083023386,-45.57871279556589,120,480,0.1
core_neuralprophet_frozen_s2026,neuralprophet,frozen,selected,2026,13,2025-04-07 01:00:00,2025-04-09 11:00:00,59,37.59,True,True,-74.32125854492188,-3.02951083023386,-77.35076937515574,120,480,0.1
core_neuralprophet_frozen_s2026,neuralprophet,frozen,selected,2026,13,2025-04-07 01:00:00,2025-04-09 12:00:00,60,43.55,True,True,-56.00615692138672,-3.02951083023386,-59.03566775162058,120,480,0.1
core_neuralprophet_frozen_s2026,neuralprophet,frozen,selected,2026,13,2025-04-07 01:00:00,2025-04-09 13:00:00,61,51.59,True,True,-64.60124969482422,-3.02951083023386,-67.63076052505808,120,480,0.1
core_neuralprophet_frozen_s2026,neuralprophet,frozen,selected,2026,13,2025-04-07 01:00:00,2025-04-09 14:00:00,62,62.17,True,True,-62.7866096496582,-3.02951083023386,-65.81612047989206,120,480,0.1
core_neuralprophet_frozen_s2026,neuralprophet,frozen,selected,2026,13,2025-04-07 01:00:00,2025-04-09 15:00:00,63,73.06,True,True,-47.17039489746094,-3.02951083023386,-50.1999057276948,120,480,0.1
core_neuralprophet_frozen_s2026,neuralprophet,frozen,selected,2026,13,2025-04-07 01:00:00,2025-04-09 16:00:00,64,80.88,True,True,-53.71281814575195,-3.02951083023386,-56.742328975985814,120,480,0.1
core_neuralprophet_frozen_s2026,neuralprophet,frozen,selected,2026,13,2025-04-07 01:00:00,2025-04-09 17:00:00,65,85.79,True,True,-48.40478897094727,-3.02951083023386,-51.43429980118113,120,480,0.1
core_neuralprophet_frozen_s2026,neuralprophet,frozen,selected,2026,13,2025-04-07 01:00:00,2025-04-09 18:00:00,66,88.68,True,True,-61.85018539428711,-3.02951083023386,-64.87969622452097,120,480,0.1
core_neuralprophet_frozen_s2026,neuralprophet,frozen,selected,2026,13,2025-04-07 01:00:00,2025-04-09 19:00:00,67,90.53,True,True,-34.15287780761719,-3.02951083023386,-37.18238863785105,120,480,0.1
core_neuralprophet_frozen_s2026,neuralprophet,frozen,selected,2026,13,2025-04-07 01:00:00,2025-04-09 20:00:00,68,93.26,True,True,-46.81046295166016,-3.02951083023386,-49.839973781894024,120,480,0.1
core_neuralprophet_frozen_s2026,neuralprophet,frozen,selected,2026,13,2025-04-07 01:00:00,2025-04-09 21:00:00,69,96.1,True,True,-38.79844665527344,-3.02951083023386,-41.8279574855073,120,480,0.1
core_neuralprophet_frozen_s2026,neuralprophet,frozen,selected,2026,13,2025-04-07 01:00:00,2025-04-09 22:00:00,70,97.51,True,True,-34.06123352050781,-3.02951083023386,-37.09074435074167,120,480,0.1
core_neuralprophet_frozen_s2026,neuralprophet,frozen,selected,2026,13,2025-04-07 01:00:00,2025-04-09 23:00:00,71,98.92,True,True,-17.794384002685547,-3.02951083023386,-20.823894832919407,120,480,0.1
core_neuralprophet_frozen_s2026,neuralprophet,frozen,selected,2026,13,2025-04-07 01:00:00,2025-04-10 00:00:00,72,100.05,True,True,-26.741443634033203,-3.02951083023386,-29.770954464267064,120,480,0.1
core_neuralprophet_frozen_s2026,neuralprophet,frozen,selected,2026,13,2025-04-07 01:00:00,2025-04-10 01:00:00,73,100.84,True,True,-14.200105667114258,-3.02951083023386,-17.22961649734812,120,480,0.1
core_neuralprophet_frozen_s2026,neuralprophet,frozen,selected,2026,13,2025-04-07 01:00:00,2025-04-10 02:00:00,74,101.94,True,True,-0.6332594752311707,-3.02951083023386,-3.6627703054650307,120,480,0.1
core_neuralprophet_frozen_s2026,neuralprophet,frozen,selected,2026,13,2025-04-07 01:00:00,2025-04-10 03:00:00,75,106.03,True,True,13.920580863952637,-3.02951083023386,10.891070033718776,120,480,0.1
core_neuralprophet_frozen_s2026,neuralprophet,frozen,selected,2026,13,2025-04-07 01:00:00,2025-04-10 04:00:00,76,54.97,True,True,-15.94198989868164,-3.02951083023386,-18.9715007289155,120,480,0.1
core_neuralprophet_frozen_s2026,neuralprophet,frozen,selected,2026,13,2025-04-07 01:00:00,2025-04-10 05:00:00,77,31.76,True,True,-16.6857967376709,-3.02951083023386,-19.71530756790476,120,480,0.1
core_neuralprophet_frozen_s2026,neuralprophet,frozen,selected,2026,13,2025-04-07 01:00:00,2025-04-10 06:00:00,78,25.44,True,True,-29.24300575256348,-3.02951083023386,-32.27251658279734,120,480,0.1
core_neuralprophet_frozen_s2026,neuralprophet,frozen,selected,2026,13,2025-04-07 01:00:00,2025-04-10 07:00:00,79,24.47,True,True,-31.935535430908203,-3.02951083023386,-34.965046261142064,120,480,0.1
core_neuralprophet_frozen_s2026,neuralprophet,frozen,selected,2026,13,2025-04-07 01:00:00,2025-04-10 08:00:00,80,24.73,True,True,-22.84160041809082,-3.02951083023386,-25.87111124832468,120,480,0.1
core_neuralprophet_frozen_s2026,neuralprophet,frozen,selected,2026,13,2025-04-07 01:00:00,2025-04-10 09:00:00,81,23.97,True,True,-34.84454727172852,-3.02951083023386,-37.87405810196238,120,480,0.1
core_neuralprophet_frozen_s2026,neuralprophet,frozen,selected,2026,13,2025-04-07 01:00:00,2025-04-10 10:00:00,82,23.87,True,True,-66.76603698730469,-3.02951083023386,-69.79554781753855,120,480,0.1
core_neuralprophet_frozen_s2026,neuralprophet,frozen,selected,2026,13,2025-04-07 01:00:00,2025-04-10 11:00:00,83,25.71,True,True,-72.49752807617188,-3.02951083023386,-75.52703890640574,120,480,0.1
core_neuralprophet_frozen_s2026,neuralprophet,frozen,selected,2026,13,2025-04-07 01:00:00,2025-04-10 12:00:00,84,29.93,True,True,-55.5364990234375,-3.02951083023386,-58.56600985367136,120,480,0.1
core_neuralprophet_frozen_s2026,neuralprophet,frozen,selected,2026,13,2025-04-07 01:00:00,2025-04-10 13:00:00,85,36.65,True,True,-65.33592987060547,-3.02951083023386,-68.36544070083933,120,480,0.1
core_neuralprophet_frozen_s2026,neuralprophet,frozen,selected,2026,13,2025-04-07 01:00:00,2025-04-10 14:00:00,86,45.35,True,True,-60.40938568115234,-3.02951083023386,-63.4388965113862,120,480,0.1
core_neuralprophet_frozen_s2026,neuralprophet,frozen,selected,2026,13,2025-04-07 01:00:00,2025-04-10 15:00:00,87,54.1,True,True,-41.20962524414063,-3.02951083023386,-44.23913607437449,120,480,0.1
core_neuralprophet_frozen_s2026,neuralprophet,frozen,selected,2026,13,2025-04-07 01:00:00,2025-04-10 16:00:00,88,60.54,True,True,-34.77164459228516,-3.02951083023386,-37.801155422519024,120,480,0.1
core_neuralprophet_frozen_s2026,neuralprophet,frozen,selected,2026,13,2025-04-07 01:00:00,2025-04-10 17:00:00,89,66.42,True,True,-20.563697814941406,-3.02951083023386,-23.593208645175267,120,480,0.1
core_neuralprophet_frozen_s2026,neuralprophet,frozen,selected,2026,13,2025-04-07 01:00:00,2025-04-10 18:00:00,90,73.19,True,True,-36.658653259277344,-3.02951083023386,-39.688164089511204,120,480,0.1
core_neuralprophet_frozen_s2026,neuralprophet,frozen,selected,2026,13,2025-04-07 01:00:00,2025-04-10 19:00:00,91,80.85,True,True,-31.740482330322266,-3.02951083023386,-34.769993160556126,120,480,0.1
core_neuralprophet_frozen_s2026,neuralprophet,frozen,selected,2026,13,2025-04-07 01:00:00,2025-04-10 20:00:00,92,88.81,True,True,-18.12239646911621,-3.02951083023386,-21.15190729935007,120,480,0.1
core_neuralprophet_frozen_s2026,neuralprophet,frozen,selected,2026,13,2025-04-07 01:00:00,2025-04-10 21:00:00,93,96.0,True,True,-14.839377403259276,-3.02951083023386,-17.868888233493134,120,480,0.1
core_neuralprophet_frozen_s2026,neuralprophet,frozen,selected,2026,13,2025-04-07 01:00:00,2025-04-10 22:00:00,94,101.25,True,True,-16.347434997558594,-3.02951083023386,-19.376945827792454,120,480,0.1
core_neuralprophet_frozen_s2026,neuralprophet,frozen,selected,2026,13,2025-04-07 01:00:00,2025-04-10 23:00:00,95,105.45,True,True,3.0695066452026367,-3.02951083023386,0.03999581496877669,120,480,0.1
core_neuralprophet_frozen_s2026,neuralprophet,frozen,selected,2026,13,2025-04-07 01:00:00,2025-04-11 00:00:00,96,107.09,True,True,-3.054654359817505,-3.02951083023386,-6.084165190051365,120,480,0.1
core_neuralprophet_frozen_s2026,neuralprophet,frozen,selected,2026,13,2025-04-07 01:00:00,2025-04-11 01:00:00,97,105.74,True,True,21.16978073120117,-3.02951083023386,18.140269900967308,120,480,0.1
core_neuralprophet_frozen_s2026,neuralprophet,frozen,selected,2026,13,2025-04-07 01:00:00,2025-04-11 02:00:00,98,101.44,True,True,25.692228317260746,-3.02951083023386,22.662717487026885,120,480,0.1
core_neuralprophet_frozen_s2026,neuralprophet,frozen,selected,2026,13,2025-04-07 01:00:00,2025-04-11 03:00:00,99,96.51,True,True,37.902076721191406,-3.02951083023386,34.872565890957546,120,480,0.1
core_neuralprophet_frozen_s2026,neuralprophet,frozen,selected,2026,13,2025-04-07 01:00:00,2025-04-11 04:00:00,100,79.14,True,True,39.11892318725586,-3.02951083023386,36.089412357022,120,480,0.1
core_neuralprophet_frozen_s2026,neuralprophet,frozen,selected,2026,13,2025-04-07 01:00:00,2025-04-11 05:00:00,101,67.93,True,True,62.286888122558594,-3.02951083023386,59.25737729232473,120,480,0.1
core_neuralprophet_frozen_s2026,neuralprophet,frozen,selected,2026,13,2025-04-07 01:00:00,2025-04-11 06:00:00,102,64.95,True,True,55.54136276245117,-3.02951083023386,52.51185193221731,120,480,0.1
core_neuralprophet_frozen_s2026,neuralprophet,frozen,selected,2026,13,2025-04-07 01:00:00,2025-04-11 07:00:00,103,72.03,True,True,25.361894607543945,-3.02951083023386,22.332383777310085,120,480,0.1
core_neuralprophet_frozen_s2026,neuralprophet,frozen,selected,2026,13,2025-04-07 01:00:00,2025-04-11 08:00:00,104,77.42,True,True,22.96865463256836,-3.02951083023386,19.9391438023345,120,480,0.1
core_neuralprophet_frozen_s2026,neuralprophet,frozen,selected,2026,13,2025-04-07 01:00:00,2025-04-11 09:00:00,105,81.14,True,True,-4.9283294677734375,-3.02951083023386,-7.957840298007298,120,480,0.1
core_neuralprophet_frozen_s2026,neuralprophet,frozen,selected,2026,13,2025-04-07 01:00:00,2025-04-11 10:00:00,106,69.28,True,True,-23.66276741027832,-3.02951083023386,-26.69227824051218,120,480,0.1
core_neuralprophet_frozen_s2026,neuralprophet,frozen,selected,2026,13,2025-04-07 01:00:00,2025-04-11 11:00:00,107,45.18,True,True,-31.944042205810547,-3.02951083023386,-34.97355303604441,120,480,0.1
core_neuralprophet_frozen_s2026,neuralprophet,frozen,selected,2026,13,2025-04-07 01:00:00,2025-04-11 12:00:00,108,28.07,True,True,-52.42153930664063,-3.02951083023386,-55.45105013687449,120,480,0.1
core_neuralprophet_frozen_s2026,neuralprophet,frozen,selected,2026,13,2025-04-07 01:00:00,2025-04-11 13:00:00,109,23.7,True,True,-48.59418487548828,-3.02951083023386,-51.62369570572214,120,480,0.1
core_neuralprophet_frozen_s2026,neuralprophet,frozen,selected,2026,13,2025-04-07 01:00:00,2025-04-11 14:00:00,110,25.46,True,True,-54.03035354614258,-3.02951083023386,-57.05986437637644,120,480,0.1
core_neuralprophet_frozen_s2026,neuralprophet,frozen,selected,2026,13,2025-04-07 01:00:00,2025-04-11 15:00:00,111,27.59,True,True,-55.20687103271485,-3.02951083023386,-58.23638186294871,120,480,0.1
core_neuralprophet_frozen_s2026,neuralprophet,frozen,selected,2026,13,2025-04-07 01:00:00,2025-04-11 16:00:00,112,22.0,True,True,-32.28527069091797,-3.02951083023386,-35.31478152115183,120,480,0.1
core_neuralprophet_frozen_s2026,neuralprophet,frozen,selected,2026,13,2025-04-07 01:00:00,2025-04-11 17:00:00,113,15.75,True,True,-50.35268783569336,-3.02951083023386,-53.38219866592722,120,480,0.1
core_neuralprophet_frozen_s2026,neuralprophet,frozen,selected,2026,13,2025-04-07 01:00:00,2025-04-11 18:00:00,114,11.23,True,True,-48.9823112487793,-3.02951083023386,-52.01182207901316,120,480,0.1
core_neuralprophet_frozen_s2026,neuralprophet,frozen,selected,2026,13,2025-04-07 01:00:00,2025-04-11 19:00:00,115,7.89,True,True,-48.86581802368164,-3.02951083023386,-51.8953288539155,120,480,0.1
core_neuralprophet_frozen_s2026,neuralprophet,frozen,selected,2026,13,2025-04-07 01:00:00,2025-04-11 20:00:00,116,5.14,True,True,-45.64628982543945,-3.02951083023386,-48.675800655673314,120,480,0.1
core_neuralprophet_frozen_s2026,neuralprophet,frozen,selected,2026,13,2025-04-07 01:00:00,2025-04-11 21:00:00,117,2.72,True,True,-46.70272064208984,-3.02951083023386,-49.7322314723237,120,480,0.1
core_neuralprophet_frozen_s2026,neuralprophet,frozen,selected,2026,13,2025-04-07 01:00:00,2025-04-11 22:00:00,118,1.19,True,True,-17.289514541625977,-3.02951083023386,-20.319025371859837,120,480,0.1
core_neuralprophet_frozen_s2026,neuralprophet,frozen,selected,2026,13,2025-04-07 01:00:00,2025-04-11 23:00:00,119,0.56,True,True,-59.20615768432617,-3.02951083023386,-62.23566851456003,120,480,0.1
core_neuralprophet_frozen_s2026,neuralprophet,frozen,selected,2026,13,2025-04-07 01:00:00,2025-04-12 00:00:00,120,0.5,True,True,-36.90283203125,-3.02951083023386,-39.93234286148386,120,480,0.1
core_neuralprophet_frozen_s2026,neuralprophet,frozen,selected,2026,13,2025-04-07 01:00:00,2025-04-12 01:00:00,121,0.5,True,True,-48.0770149230957,-3.02951083023386,-51.106525753329564,120,480,0.1
core_neuralprophet_frozen_s2026,neuralprophet,frozen,selected,2026,13,2025-04-07 01:00:00,2025-04-12 02:00:00,122,0.5,True,True,-28.27665328979492,-3.02951083023386,-31.30616412002878,120,480,0.1
core_neuralprophet_frozen_s2026,neuralprophet,frozen,selected,2026,13,2025-04-07 01:00:00,2025-04-12 03:00:00,123,0.5,True,True,-30.044151306152344,-3.02951083023386,-33.073662136386204,120,480,0.1
core_neuralprophet_frozen_s2026,neuralprophet,frozen,selected,2026,13,2025-04-07 01:00:00,2025-04-12 04:00:00,124,0.5,True,True,-2.844367504119873,-3.02951083023386,-5.8738783343537335,120,480,0.1
core_neuralprophet_frozen_s2026,neuralprophet,frozen,selected,2026,13,2025-04-07 01:00:00,2025-04-12 05:00:00,125,0.5,True,True,-5.672053337097168,-3.02951083023386,-8.701564167331028,120,480,0.1
core_neuralprophet_frozen_s2026,neuralprophet,frozen,selected,2026,13,2025-04-07 01:00:00,2025-04-12 06:00:00,126,0.51,True,True,-13.257365226745604,-3.02951083023386,-16.286876056979462,120,480,0.1
core_neuralprophet_frozen_s2026,neuralprophet,frozen,selected,2026,13,2025-04-07 01:00:00,2025-04-12 07:00:00,127,0.62,True,True,-6.323967456817627,-3.02951083023386,-9.353478287051487,120,480,0.1
core_neuralprophet_frozen_s2026,neuralprophet,frozen,selected,2026,13,2025-04-07 01:00:00,2025-04-12 08:00:00,128,0.94,True,True,-25.32937431335449,-3.02951083023386,-28.35888514358835,120,480,0.1
core_neuralprophet_frozen_s2026,neuralprophet,frozen,selected,2026,13,2025-04-07 01:00:00,2025-04-12 09:00:00,129,1.26,True,True,-32.73804473876953,-3.02951083023386,-35.76755556900339,120,480,0.1
core_neuralprophet_frozen_s2026,neuralprophet,frozen,selected,2026,13,2025-04-07 01:00:00,2025-04-12 10:00:00,130,1.39,True,True,-57.05635452270508,-3.02951083023386,-60.08586535293894,120,480,0.1
core_neuralprophet_frozen_s2026,neuralprophet,frozen,selected,2026,13,2025-04-07 01:00:00,2025-04-12 11:00:00,131,1.42,True,True,-80.54953002929688,-3.02951083023386,-83.57904085953074,120,480,0.1
core_neuralprophet_frozen_s2026,neuralprophet,frozen,selected,2026,13,2025-04-07 01:00:00,2025-04-12 12:00:00,132,1.45,True,True,-75.3134536743164,-3.02951083023386,-78.34296450455027,120,480,0.1
core_neuralprophet_frozen_s2026,neuralprophet,frozen,selected,2026,13,2025-04-07 01:00:00,2025-04-12 13:00:00,133,1.66,True,True,-61.41177749633789,-3.02951083023386,-64.44128832657175,120,480,0.1
core_neuralprophet_frozen_s2026,neuralprophet,frozen,selected,2026,13,2025-04-07 01:00:00,2025-04-12 14:00:00,134,2.14,True,True,-58.469329833984375,-3.02951083023386,-61.498840664218235,120,480,0.1
core_neuralprophet_frozen_s2026,neuralprophet,frozen,selected,2026,13,2025-04-07 01:00:00,2025-04-12 15:00:00,135,2.71,True,True,-56.68168640136719,-3.02951083023386,-59.71119723160105,120,480,0.1
core_neuralprophet_frozen_s2026,neuralprophet,frozen,selected,2026,13,2025-04-07 01:00:00,2025-04-12 16:00:00,136,3.2,True,True,-54.11902618408203,-3.02951083023386,-57.14853701431589,120,480,0.1
core_neuralprophet_frozen_s2026,neuralprophet,frozen,selected,2026,13,2025-04-07 01:00:00,2025-04-12 17:00:00,137,3.65,True,True,-46.31599426269531,-3.02951083023386,-49.34550509292917,120,480,0.1
core_neuralprophet_frozen_s2026,neuralprophet,frozen,selected,2026,13,2025-04-07 01:00:00,2025-04-12 18:00:00,138,4.09,True,True,-71.27560424804688,-3.02951083023386,-74.30511507828074,120,480,0.1
core_neuralprophet_frozen_s2026,neuralprophet,frozen,selected,2026,13,2025-04-07 01:00:00,2025-04-12 19:00:00,139,4.51,True,True,-51.727516174316406,-3.02951083023386,-54.75702700455027,120,480,0.1
core_neuralprophet_frozen_s2026,neuralprophet,frozen,selected,2026,13,2025-04-07 01:00:00,2025-04-12 20:00:00,140,4.88,True,True,-34.784400939941406,-3.02951083023386,-37.81391177017527,120,480,0.1
core_neuralprophet_frozen_s2026,neuralprophet,frozen,selected,2026,13,2025-04-07 01:00:00,2025-04-12 21:00:00,141,5.02,True,True,-40.711463928222656,-3.02951083023386,-43.74097475845652,120,480,0.1
core_neuralprophet_frozen_s2026,neuralprophet,frozen,selected,2026,13,2025-04-07 01:00:00,2025-04-12 22:00:00,142,4.81,True,True,-41.89984893798828,-3.02951083023386,-44.92935976822214,120,480,0.1
core_neuralprophet_frozen_s2026,neuralprophet,frozen,selected,2026,13,2025-04-07 01:00:00,2025-04-12 23:00:00,143,4.41,True,True,-37.45620727539063,-3.02951083023386,-40.48571810562449,120,480,0.1
core_neuralprophet_frozen_s2026,neuralprophet,frozen,selected,2026,13,2025-04-07 01:00:00,2025-04-13 00:00:00,144,3.97,True,True,-18.297273635864254,-3.02951083023386,-21.326784466098115,120,480,0.1
core_neuralprophet_frozen_s2026,neuralprophet,frozen,selected,2026,13,2025-04-07 01:00:00,2025-04-13 01:00:00,145,3.16,True,True,-8.304271697998047,-3.02951083023386,-11.333782528231907,120,480,0.1
core_neuralprophet_frozen_s2026,neuralprophet,frozen,selected,2026,13,2025-04-07 01:00:00,2025-04-13 02:00:00,146,3.15,True,True,-4.3156328201293945,-3.02951083023386,-7.345143650363255,120,480,0.1
core_neuralprophet_frozen_s2026,neuralprophet,frozen,selected,2026,13,2025-04-07 01:00:00,2025-04-13 03:00:00,147,3.17,True,True,-1.7968549728393557,-3.02951083023386,-4.826365803073216,120,480,0.1
core_neuralprophet_frozen_s2026,neuralprophet,frozen,selected,2026,13,2025-04-07 01:00:00,2025-04-13 04:00:00,148,1.99,True,True,13.244806289672852,-3.02951083023386,10.215295459438991,120,480,0.1
core_neuralprophet_frozen_s2026,neuralprophet,frozen,selected,2026,13,2025-04-07 01:00:00,2025-04-13 05:00:00,149,1.69,True,True,2.8930704593658447,-3.02951083023386,-0.1364403708680153,120,480,0.1
core_neuralprophet_frozen_s2026,neuralprophet,frozen,selected,2026,13,2025-04-07 01:00:00,2025-04-13 06:00:00,150,1.41,True,True,4.267736911773682,-3.02951083023386,1.2382260815398216,120,480,0.1
core_neuralprophet_frozen_s2026,neuralprophet,frozen,selected,2026,13,2025-04-07 01:00:00,2025-04-13 07:00:00,151,1.18,True,True,12.78249740600586,-3.02951083023386,9.752986575771999,120,480,0.1
core_neuralprophet_frozen_s2026,neuralprophet,frozen,selected,2026,13,2025-04-07 01:00:00,2025-04-13 08:00:00,152,0.99,True,True,6.800426483154297,-3.02951083023386,3.770915652920437,120,480,0.1
core_neuralprophet_frozen_s2026,neuralprophet,frozen,selected,2026,13,2025-04-07 01:00:00,2025-04-13 09:00:00,153,0.78,True,True,-13.524331092834473,-3.02951083023386,-16.553841923068333,120,480,0.1
core_neuralprophet_frozen_s2026,neuralprophet,frozen,selected,2026,13,2025-04-07 01:00:00,2025-04-13 10:00:00,154,0.69,True,True,-37.99414443969727,-3.02951083023386,-41.02365526993113,120,480,0.1
core_neuralprophet_frozen_s2026,neuralprophet,frozen,selected,2026,13,2025-04-07 01:00:00,2025-04-13 11:00:00,155,0.77,True,True,-46.81595230102539,-3.02951083023386,-49.84546313125925,120,480,0.1
core_neuralprophet_frozen_s2026,neuralprophet,frozen,selected,2026,13,2025-04-07 01:00:00,2025-04-13 12:00:00,156,0.93,True,True,-44.33065414428711,-3.02951083023386,-47.36016497452097,120,480,0.1
core_neuralprophet_frozen_s2026,neuralprophet,frozen,selected,2026,13,2025-04-07 01:00:00,2025-04-13 13:00:00,157,1.27,True,True,-44.49726486206055,-3.02951083023386,-47.52677569229441,120,480,0.1
core_neuralprophet_frozen_s2026,neuralprophet,frozen,selected,2026,13,2025-04-07 01:00:00,2025-04-13 14:00:00,158,1.78,True,True,-40.620704650878906,-3.02951083023386,-43.65021548111277,120,480,0.1
core_neuralprophet_frozen_s2026,neuralprophet,frozen,selected,2026,13,2025-04-07 01:00:00,2025-04-13 15:00:00,159,2.1,True,True,-48.44384002685547,-3.02951083023386,-51.47335085708933,120,480,0.1
core_neuralprophet_frozen_s2026,neuralprophet,frozen,selected,2026,13,2025-04-07 01:00:00,2025-04-13 16:00:00,160,2.0,True,True,-45.00898742675781,-3.02951083023386,-48.03849825699167,120,480,0.1
core_neuralprophet_frozen_s2026,neuralprophet,frozen,selected,2026,13,2025-04-07 01:00:00,2025-04-13 17:00:00,161,1.85,True,True,-53.84136581420898,-3.02951083023386,-56.87087664444284,120,480,0.1
core_neuralprophet_frozen_s2026,neuralprophet,frozen,selected,2026,13,2025-04-07 01:00:00,2025-04-13 18:00:00,162,1.79,True,True,-39.5632438659668,-3.02951083023386,-42.59275469620066,120,480,0.1
core_neuralprophet_frozen_s2026,neuralprophet,frozen,selected,2026,13,2025-04-07 01:00:00,2025-04-13 19:00:00,163,1.87,True,True,-18.248767852783203,-3.02951083023386,-21.278278683017064,120,480,0.1
core_neuralprophet_frozen_s2026,neuralprophet,frozen,selected,2026,13,2025-04-07 01:00:00,2025-04-13 20:00:00,164,2.4,True,True,-35.420379638671875,-3.02951083023386,-38.449890468905735,120,480,0.1
core_neuralprophet_frozen_s2026,neuralprophet,frozen,selected,2026,13,2025-04-07 01:00:00,2025-04-13 21:00:00,165,3.38,True,True,-33.73688507080078,-3.02951083023386,-36.76639590103464,120,480,0.1
core_neuralprophet_frozen_s2026,neuralprophet,frozen,selected,2026,13,2025-04-07 01:00:00,2025-04-13 22:00:00,166,4.4,True,True,-45.61095428466797,-3.02951083023386,-48.64046511490183,120,480,0.1
core_neuralprophet_frozen_s2026,neuralprophet,frozen,selected,2026,13,2025-04-07 01:00:00,2025-04-13 23:00:00,167,5.29,True,True,-50.482887268066406,-3.02951083023386,-53.51239809830027,120,480,0.1
core_neuralprophet_frozen_s2026,neuralprophet,frozen,selected,2026,13,2025-04-07 01:00:00,2025-04-14 00:00:00,168,5.96,True,True,-25.046846389770508,-3.02951083023386,-28.07635722000437,120,480,0.1
core_neuralprophet_frozen_s2026,neuralprophet,frozen,selected,2026,14,2025-04-14 01:00:00,2025-04-14 01:00:00,1,6.01,True,True,7.139180660247803,2.3892579698648744,9.528438630112678,0,0,0.1
core_neuralprophet_frozen_s2026,neuralprophet,frozen,selected,2026,14,2025-04-14 01:00:00,2025-04-14 02:00:00,2,6.2,True,True,17.168344497680664,2.3892579698648744,19.55760246754554,0,0,0.1
core_neuralprophet_frozen_s2026,neuralprophet,frozen,selected,2026,14,2025-04-14 01:00:00,2025-04-14 03:00:00,3,6.58,True,True,4.8342814445495605,2.3892579698648744,7.223539414414435,0,0,0.1
core_neuralprophet_frozen_s2026,neuralprophet,frozen,selected,2026,14,2025-04-14 01:00:00,2025-04-14 04:00:00,4,6.34,True,True,13.324396133422852,2.3892579698648744,15.713654103287727,0,0,0.1
core_neuralprophet_frozen_s2026,neuralprophet,frozen,selected,2026,14,2025-04-14 01:00:00,2025-04-14 05:00:00,5,5.97,True,True,12.553839683532717,2.3892579698648744,14.94309765339759,0,0,0.1
core_neuralprophet_frozen_s2026,neuralprophet,frozen,selected,2026,14,2025-04-14 01:00:00,2025-04-14 06:00:00,6,5.94,True,True,3.7328555583953857,2.3892579698648744,6.12211352826026,0,0,0.1
core_neuralprophet_frozen_s2026,neuralprophet,frozen,selected,2026,14,2025-04-14 01:00:00,2025-04-14 07:00:00,7,6.01,True,True,4.841794490814209,2.3892579698648744,7.231052460679083,0,0,0.1
core_neuralprophet_frozen_s2026,neuralprophet,frozen,selected,2026,14,2025-04-14 01:00:00,2025-04-14 08:00:00,8,6.21,True,True,7.399169921875,2.3892579698648744,9.788427891739875,0,0,0.1
core_neuralprophet_frozen_s2026,neuralprophet,frozen,selected,2026,14,2025-04-14 01:00:00,2025-04-14 09:00:00,9,6.34,True,True,4.932860851287842,2.3892579698648744,7.322118821152716,0,0,0.1
core_neuralprophet_frozen_s2026,neuralprophet,frozen,selected,2026,14,2025-04-14 01:00:00,2025-04-14 10:00:00,10,7.45,True,True,6.090305805206299,2.3892579698648744,8.479563775071174,0,0,0.1
core_neuralprophet_frozen_s2026,neuralprophet,frozen,selected,2026,14,2025-04-14 01:00:00,2025-04-14 11:00:00,11,9.77,True,True,18.85728645324707,2.3892579698648744,21.246544423111946,0,0,0.1
core_neuralprophet_frozen_s2026,neuralprophet,frozen,selected,2026,14,2025-04-14 01:00:00,2025-04-14 12:00:00,12,12.69,True,True,15.118770599365234,2.3892579698648744,17.50802856923011,0,0,0.1
core_neuralprophet_frozen_s2026,neuralprophet,frozen,selected,2026,14,2025-04-14 01:00:00,2025-04-14 13:00:00,13,15.52,True,True,18.951160430908203,2.3892579698648744,21.34041840077308,0,0,0.1
core_neuralprophet_frozen_s2026,neuralprophet,frozen,selected,2026,14,2025-04-14 01:00:00,2025-04-14 14:00:00,14,18.43,True,True,28.62369537353516,2.3892579698648744,31.012953343400035,0,0,0.1
core_neuralprophet_frozen_s2026,neuralprophet,frozen,selected,2026,14,2025-04-14 01:00:00,2025-04-14 15:00:00,15,20.95,True,True,32.19345474243164,2.3892579698648744,34.58271271229651,0,0,0.1
core_neuralprophet_frozen_s2026,neuralprophet,frozen,selected,2026,14,2025-04-14 01:00:00,2025-04-14 16:00:00,16,22.23,True,True,36.138126373291016,2.3892579698648744,38.52738434315589,0,0,0.1
core_neuralprophet_frozen_s2026,neuralprophet,frozen,selected,2026,14,2025-04-14 01:00:00,2025-04-14 17:00:00,17,23.19,True,True,37.301517486572266,2.3892579698648744,39.69077545643714,0,0,0.1
core_neuralprophet_frozen_s2026,neuralprophet,frozen,selected,2026,14,2025-04-14 01:00:00,2025-04-14 18:00:00,18,23.61,True,True,31.43672561645508,2.3892579698648744,33.82598358631996,0,0,0.1
core_neuralprophet_frozen_s2026,neuralprophet,frozen,selected,2026,14,2025-04-14 01:00:00,2025-04-14 19:00:00,19,22.39,True,True,26.99469375610352,2.3892579698648744,29.383951725968394,0,0,0.1
core_neuralprophet_frozen_s2026,neuralprophet,frozen,selected,2026,14,2025-04-14 01:00:00,2025-04-14 20:00:00,20,19.98,True,True,29.411279678344727,2.3892579698648744,31.800537648209602,0,0,0.1
core_neuralprophet_frozen_s2026,neuralprophet,frozen,selected,2026,14,2025-04-14 01:00:00,2025-04-14 21:00:00,21,17.37,True,True,20.103443145751957,2.3892579698648744,22.492701115616832,0,0,0.1
core_neuralprophet_frozen_s2026,neuralprophet,frozen,selected,2026,14,2025-04-14 01:00:00,2025-04-14 22:00:00,22,14.23,True,True,13.468550682067873,2.3892579698648744,15.857808651932746,0,0,0.1
core_neuralprophet_frozen_s2026,neuralprophet,frozen,selected,2026,14,2025-04-14 01:00:00,2025-04-14 23:00:00,23,13.02,True,True,3.8472046852111816,2.3892579698648744,6.236462655076056,0,0,0.1
core_neuralprophet_frozen_s2026,neuralprophet,frozen,selected,2026,14,2025-04-14 01:00:00,2025-04-15 00:00:00,24,13.45,True,True,15.191962242126465,2.3892579698648744,17.58122021199134,0,0,0.1
core_neuralprophet_frozen_s2026,neuralprophet,frozen,selected,2026,14,2025-04-14 01:00:00,2025-04-15 01:00:00,25,14.89,True,True,18.41722679138184,2.3892579698648744,20.806484761246715,0,0,0.1
core_neuralprophet_frozen_s2026,neuralprophet,frozen,selected,2026,14,2025-04-14 01:00:00,2025-04-15 02:00:00,26,16.38,True,True,16.276071548461914,2.3892579698648744,18.66532951832679,0,0,0.1
core_neuralprophet_frozen_s2026,neuralprophet,frozen,selected,2026,14,2025-04-14 01:00:00,2025-04-15 03:00:00,27,18.55,True,True,14.841411590576172,2.3892579698648744,17.230669560441047,0,0,0.1
core_neuralprophet_frozen_s2026,neuralprophet,frozen,selected,2026,14,2025-04-14 01:00:00,2025-04-15 04:00:00,28,12.42,True,True,3.9664146900177,2.3892579698648744,6.355672659882575,0,0,0.1
core_neuralprophet_frozen_s2026,neuralprophet,frozen,selected,2026,14,2025-04-14 01:00:00,2025-04-15 05:00:00,29,12.49,True,True,11.867249488830566,2.3892579698648744,14.256507458695442,0,0,0.1
core_neuralprophet_frozen_s2026,neuralprophet,frozen,selected,2026,14,2025-04-14 01:00:00,2025-04-15 06:00:00,30,14.06,True,True,4.68436861038208,2.3892579698648744,7.0736265802469545,0,0,0.1
core_neuralprophet_frozen_s2026,neuralprophet,frozen,selected,2026,14,2025-04-14 01:00:00,2025-04-15 07:00:00,31,16.21,True,True,5.602567195892334,2.3892579698648744,7.991825165757208,0,0,0.1
core_neuralprophet_frozen_s2026,neuralprophet,frozen,selected,2026,14,2025-04-14 01:00:00,2025-04-15 08:00:00,32,18.69,True,True,16.09457778930664,2.3892579698648744,18.483835759171516,0,0,0.1
core_neuralprophet_frozen_s2026,neuralprophet,frozen,selected,2026,14,2025-04-14 01:00:00,2025-04-15 09:00:00,33,20.55,True,True,3.400087118148804,2.3892579698648744,5.789345088013679,0,0,0.1
core_neuralprophet_frozen_s2026,neuralprophet,frozen,selected,2026,14,2025-04-14 01:00:00,2025-04-15 10:00:00,34,21.91,True,True,3.361943244934082,2.3892579698648744,5.751201214798956,0,0,0.1
core_neuralprophet_frozen_s2026,neuralprophet,frozen,selected,2026,14,2025-04-14 01:00:00,2025-04-15 11:00:00,35,23.95,True,True,8.456961631774902,2.3892579698648744,10.846219601639778,0,0,0.1
core_neuralprophet_frozen_s2026,neuralprophet,frozen,selected,2026,14,2025-04-14 01:00:00,2025-04-15 12:00:00,36,26.27,True,True,11.40052318572998,2.3892579698648744,13.789781155594856,0,0,0.1
core_neuralprophet_frozen_s2026,neuralprophet,frozen,selected,2026,14,2025-04-14 01:00:00,2025-04-15 13:00:00,37,28.15,True,True,7.327588081359863,2.3892579698648744,9.716846051224739,0,0,0.1
core_neuralprophet_frozen_s2026,neuralprophet,frozen,selected,2026,14,2025-04-14 01:00:00,2025-04-15 14:00:00,38,30.82,True,True,15.749795913696287,2.3892579698648744,18.13905388356116,0,0,0.1
core_neuralprophet_frozen_s2026,neuralprophet,frozen,selected,2026,14,2025-04-14 01:00:00,2025-04-15 15:00:00,39,33.89,True,True,10.527548789978027,2.3892579698648744,12.916806759842903,0,0,0.1
core_neuralprophet_frozen_s2026,neuralprophet,frozen,selected,2026,14,2025-04-14 01:00:00,2025-04-15 16:00:00,40,37.33,True,True,18.70380210876465,2.3892579698648744,21.093060078629524,0,0,0.1
core_neuralprophet_frozen_s2026,neuralprophet,frozen,selected,2026,14,2025-04-14 01:00:00,2025-04-15 17:00:00,41,41.02,True,True,24.53825187683105,2.3892579698648744,26.927509846695926,0,0,0.1
core_neuralprophet_frozen_s2026,neuralprophet,frozen,selected,2026,14,2025-04-14 01:00:00,2025-04-15 18:00:00,42,43.27,True,True,30.794099807739254,2.3892579698648744,33.18335777760413,0,0,0.1
core_neuralprophet_frozen_s2026,neuralprophet,frozen,selected,2026,14,2025-04-14 01:00:00,2025-04-15 19:00:00,43,42.22,True,True,32.570682525634766,2.3892579698648744,34.95994049549964,0,0,0.1
core_neuralprophet_frozen_s2026,neuralprophet,frozen,selected,2026,14,2025-04-14 01:00:00,2025-04-15 20:00:00,44,38.11,True,True,35.881771087646484,2.3892579698648744,38.271029057511356,0,0,0.1
core_neuralprophet_frozen_s2026,neuralprophet,frozen,selected,2026,14,2025-04-14 01:00:00,2025-04-15 21:00:00,45,33.1,True,True,35.658912658691406,2.3892579698648744,38.04817062855628,0,0,0.1
core_neuralprophet_frozen_s2026,neuralprophet,frozen,selected,2026,14,2025-04-14 01:00:00,2025-04-15 22:00:00,46,28.75,True,True,33.296241760253906,2.3892579698648744,35.68549973011878,0,0,0.1
core_neuralprophet_frozen_s2026,neuralprophet,frozen,selected,2026,14,2025-04-14 01:00:00,2025-04-15 23:00:00,47,26.05,True,True,34.425533294677734,2.3892579698648744,36.814791264542606,0,0,0.1
core_neuralprophet_frozen_s2026,neuralprophet,frozen,selected,2026,14,2025-04-14 01:00:00,2025-04-16 00:00:00,48,25.44,True,True,39.96828842163086,2.3892579698648744,42.35754639149573,0,0,0.1
core_neuralprophet_frozen_s2026,neuralprophet,frozen,selected,2026,14,2025-04-14 01:00:00,2025-04-16 01:00:00,49,27.54,True,True,38.24429702758789,2.3892579698648744,40.63355499745276,0,0,0.1
core_neuralprophet_frozen_s2026,neuralprophet,frozen,selected,2026,14,2025-04-14 01:00:00,2025-04-16 02:00:00,50,31.87,True,True,48.71174621582031,2.3892579698648744,51.101004185685184,0,0,0.1
core_neuralprophet_frozen_s2026,neuralprophet,frozen,selected,2026,14,2025-04-14 01:00:00,2025-04-16 03:00:00,51,38.87,True,True,60.68633270263672,2.3892579698648744,63.07559067250159,0,0,0.1
core_neuralprophet_frozen_s2026,neuralprophet,frozen,selected,2026,14,2025-04-14 01:00:00,2025-04-16 04:00:00,52,55.84,True,True,51.14940643310547,2.3892579698648744,53.53866440297034,0,0,0.1
core_neuralprophet_frozen_s2026,neuralprophet,frozen,selected,2026,14,2025-04-14 01:00:00,2025-04-16 05:00:00,53,60.54,True,True,51.30528259277344,2.3892579698648744,53.69454056263831,0,0,0.1
core_neuralprophet_frozen_s2026,neuralprophet,frozen,selected,2026,14,2025-04-14 01:00:00,2025-04-16 06:00:00,54,61.76,True,True,47.40622329711914,2.3892579698648744,49.79548126698401,0,0,0.1
core_neuralprophet_frozen_s2026,neuralprophet,frozen,selected,2026,14,2025-04-14 01:00:00,2025-04-16 07:00:00,55,55.33,True,True,23.276199340820312,2.3892579698648744,25.665457310685188,0,0,0.1
core_neuralprophet_frozen_s2026,neuralprophet,frozen,selected,2026,14,2025-04-14 01:00:00,2025-04-16 08:00:00,56,51.15,True,True,38.68608856201172,2.3892579698648744,41.07534653187659,0,0,0.1
core_neuralprophet_frozen_s2026,neuralprophet,frozen,selected,2026,14,2025-04-14 01:00:00,2025-04-16 09:00:00,57,50.26,True,True,14.461984634399414,2.3892579698648744,16.85124260426429,0,0,0.1
core_neuralprophet_frozen_s2026,neuralprophet,frozen,selected,2026,14,2025-04-14 01:00:00,2025-04-16 10:00:00,58,51.43,True,True,13.984277725219728,2.3892579698648744,16.373535695084602,0,0,0.1
core_neuralprophet_frozen_s2026,neuralprophet,frozen,selected,2026,14,2025-04-14 01:00:00,2025-04-16 11:00:00,59,53.39,True,True,9.895036697387695,2.3892579698648744,12.28429466725257,0,0,0.1
core_neuralprophet_frozen_s2026,neuralprophet,frozen,selected,2026,14,2025-04-14 01:00:00,2025-04-16 12:00:00,60,57.49,True,True,23.93769073486328,2.3892579698648744,26.326948704728157,0,0,0.1
core_neuralprophet_frozen_s2026,neuralprophet,frozen,selected,2026,14,2025-04-14 01:00:00,2025-04-16 13:00:00,61,61.56,True,True,17.230390548706055,2.3892579698648744,19.61964851857093,0,0,0.1
core_neuralprophet_frozen_s2026,neuralprophet,frozen,selected,2026,14,2025-04-14 01:00:00,2025-04-16 14:00:00,62,66.7,True,True,23.007789611816406,2.3892579698648744,25.39704758168128,0,0,0.1
core_neuralprophet_frozen_s2026,neuralprophet,frozen,selected,2026,14,2025-04-14 01:00:00,2025-04-16 15:00:00,63,73.05,True,True,39.34015274047852,2.3892579698648744,41.729410710343394,0,0,0.1
core_neuralprophet_frozen_s2026,neuralprophet,frozen,selected,2026,14,2025-04-14 01:00:00,2025-04-16 16:00:00,64,78.35,True,True,40.17271041870117,2.3892579698648744,42.561968388566044,0,0,0.1
core_neuralprophet_frozen_s2026,neuralprophet,frozen,selected,2026,14,2025-04-14 01:00:00,2025-04-16 17:00:00,65,85.89,True,True,52.5268783569336,2.3892579698648744,54.91613632679847,0,0,0.1
core_neuralprophet_frozen_s2026,neuralprophet,frozen,selected,2026,14,2025-04-14 01:00:00,2025-04-16 18:00:00,66,98.3,True,True,59.07099533081055,2.3892579698648744,61.46025330067542,0,0,0.1
core_neuralprophet_frozen_s2026,neuralprophet,frozen,selected,2026,14,2025-04-14 01:00:00,2025-04-16 19:00:00,67,119.32,True,True,64.6786880493164,2.3892579698648744,67.06794601918128,0,0,0.1
core_neuralprophet_frozen_s2026,neuralprophet,frozen,selected,2026,14,2025-04-14 01:00:00,2025-04-16 20:00:00,68,138.07,True,True,75.26746368408203,2.3892579698648744,77.6567216539469,0,0,0.1
core_neuralprophet_frozen_s2026,neuralprophet,frozen,selected,2026,14,2025-04-14 01:00:00,2025-04-16 21:00:00,69,156.15,True,True,73.57839965820312,2.3892579698648744,75.967657628068,0,0,0.1
core_neuralprophet_frozen_s2026,neuralprophet,frozen,selected,2026,14,2025-04-14 01:00:00,2025-04-16 22:00:00,70,173.93,True,True,81.63978576660156,2.3892579698648744,84.02904373646643,0,0,0.1
core_neuralprophet_frozen_s2026,neuralprophet,frozen,selected,2026,14,2025-04-14 01:00:00,2025-04-16 23:00:00,71,191.27,True,True,81.6004638671875,2.3892579698648744,83.98972183705237,0,0,0.1
core_neuralprophet_frozen_s2026,neuralprophet,frozen,selected,2026,14,2025-04-14 01:00:00,2025-04-17 00:00:00,72,203.69,True,True,84.23677062988281,2.3892579698648744,86.62602859974768,0,0,0.1
core_neuralprophet_frozen_s2026,neuralprophet,frozen,selected,2026,14,2025-04-14 01:00:00,2025-04-17 01:00:00,73,209.72,True,True,81.56471252441406,2.3892579698648744,83.95397049427893,0,0,0.1
core_neuralprophet_frozen_s2026,neuralprophet,frozen,selected,2026,14,2025-04-14 01:00:00,2025-04-17 02:00:00,74,210.86,True,True,81.17922973632812,2.3892579698648744,83.568487706193,0,0,0.1
core_neuralprophet_frozen_s2026,neuralprophet,frozen,selected,2026,14,2025-04-14 01:00:00,2025-04-17 03:00:00,75,211.07,True,True,84.22345733642578,2.3892579698648744,86.61271530629065,0,0,0.1
core_neuralprophet_frozen_s2026,neuralprophet,frozen,selected,2026,14,2025-04-14 01:00:00,2025-04-17 04:00:00,76,210.02,True,True,74.67862701416016,2.3892579698648744,77.06788498402503,0,0,0.1
core_neuralprophet_frozen_s2026,neuralprophet,frozen,selected,2026,14,2025-04-14 01:00:00,2025-04-17 05:00:00,77,196.37,True,True,66.1715316772461,2.3892579698648744,68.56078964711097,0,0,0.1
core_neuralprophet_frozen_s2026,neuralprophet,frozen,selected,2026,14,2025-04-14 01:00:00,2025-04-17 06:00:00,78,167.1,True,True,45.530033111572266,2.3892579698648744,47.91929108143714,0,0,0.1
core_neuralprophet_frozen_s2026,neuralprophet,frozen,selected,2026,14,2025-04-14 01:00:00,2025-04-17 07:00:00,79,84.79,True,True,31.330137252807617,2.3892579698648744,33.71939522267249,0,0,0.1
core_neuralprophet_frozen_s2026,neuralprophet,frozen,selected,2026,14,2025-04-14 01:00:00,2025-04-17 08:00:00,80,60.81,True,True,36.9716796875,2.3892579698648744,39.36093765736487,0,0,0.1
core_neuralprophet_frozen_s2026,neuralprophet,frozen,selected,2026,14,2025-04-14 01:00:00,2025-04-17 09:00:00,81,50.78,True,True,36.021385192871094,2.3892579698648744,38.410643162735965,0,0,0.1
core_neuralprophet_frozen_s2026,neuralprophet,frozen,selected,2026,14,2025-04-14 01:00:00,2025-04-17 10:00:00,82,42.59,True,True,22.26109313964844,2.3892579698648744,24.650351109513316,0,0,0.1
core_neuralprophet_frozen_s2026,neuralprophet,frozen,selected,2026,14,2025-04-14 01:00:00,2025-04-17 11:00:00,83,34.11,True,True,19.836849212646484,2.3892579698648744,22.22610718251136,0,0,0.1
core_neuralprophet_frozen_s2026,neuralprophet,frozen,selected,2026,14,2025-04-14 01:00:00,2025-04-17 12:00:00,84,26.54,True,True,16.52922821044922,2.3892579698648744,18.918486180314094,0,0,0.1
core_neuralprophet_frozen_s2026,neuralprophet,frozen,selected,2026,14,2025-04-14 01:00:00,2025-04-17 13:00:00,85,21.57,True,True,20.837383270263672,2.3892579698648744,23.226641240128547,0,0,0.1
core_neuralprophet_frozen_s2026,neuralprophet,frozen,selected,2026,14,2025-04-14 01:00:00,2025-04-17 14:00:00,86,18.96,True,True,30.37257575988769,2.3892579698648744,32.76183372975257,0,0,0.1
core_neuralprophet_frozen_s2026,neuralprophet,frozen,selected,2026,14,2025-04-14 01:00:00,2025-04-17 15:00:00,87,15.6,True,True,44.4908561706543,2.3892579698648744,46.88011414051917,0,0,0.1
core_neuralprophet_frozen_s2026,neuralprophet,frozen,selected,2026,14,2025-04-14 01:00:00,2025-04-17 16:00:00,88,10.29,True,True,38.11467361450195,2.3892579698648744,40.503931584366825,0,0,0.1
core_neuralprophet_frozen_s2026,neuralprophet,frozen,selected,2026,14,2025-04-14 01:00:00,2025-04-17 17:00:00,89,7.24,True,True,30.28043556213379,2.3892579698648744,32.66969353199866,0,0,0.1
core_neuralprophet_frozen_s2026,neuralprophet,frozen,selected,2026,14,2025-04-14 01:00:00,2025-04-17 18:00:00,90,5.21,True,True,34.8530387878418,2.3892579698648744,37.24229675770667,0,0,0.1
core_neuralprophet_frozen_s2026,neuralprophet,frozen,selected,2026,14,2025-04-14 01:00:00,2025-04-17 19:00:00,91,4.93,True,True,26.214189529418945,2.3892579698648744,28.60344749928382,0,0,0.1
core_neuralprophet_frozen_s2026,neuralprophet,frozen,selected,2026,14,2025-04-14 01:00:00,2025-04-17 20:00:00,92,9.05,True,True,23.50536155700684,2.3892579698648744,25.894619526871715,0,0,0.1
core_neuralprophet_frozen_s2026,neuralprophet,frozen,selected,2026,14,2025-04-14 01:00:00,2025-04-17 21:00:00,93,15.76,True,True,29.20683479309082,2.3892579698648744,31.596092762955696,0,0,0.1
core_neuralprophet_frozen_s2026,neuralprophet,frozen,selected,2026,14,2025-04-14 01:00:00,2025-04-17 22:00:00,94,22.01,True,True,39.43418884277344,2.3892579698648744,41.82344681263831,0,0,0.1
core_neuralprophet_frozen_s2026,neuralprophet,frozen,selected,2026,14,2025-04-14 01:00:00,2025-04-17 23:00:00,95,28.58,True,True,45.17435073852539,2.3892579698648744,47.56360870839026,0,0,0.1
core_neuralprophet_frozen_s2026,neuralprophet,frozen,selected,2026,14,2025-04-14 01:00:00,2025-04-18 00:00:00,96,33.67,True,True,50.31886672973633,2.3892579698648744,52.7081246996012,0,0,0.1
core_neuralprophet_frozen_s2026,neuralprophet,frozen,selected,2026,14,2025-04-14 01:00:00,2025-04-18 01:00:00,97,34.01,True,True,49.58116912841797,2.3892579698648744,51.97042709828284,0,0,0.1
core_neuralprophet_frozen_s2026,neuralprophet,frozen,selected,2026,14,2025-04-14 01:00:00,2025-04-18 02:00:00,98,27.92,True,True,50.290260314941406,2.3892579698648744,52.67951828480628,0,0,0.1
core_neuralprophet_frozen_s2026,neuralprophet,frozen,selected,2026,14,2025-04-14 01:00:00,2025-04-18 03:00:00,99,21.04,True,True,58.673641204833984,2.3892579698648744,61.062899174698856,0,0,0.1
core_neuralprophet_frozen_s2026,neuralprophet,frozen,selected,2026,14,2025-04-14 01:00:00,2025-04-18 04:00:00,100,15.5,True,True,62.54151153564453,2.3892579698648744,64.9307695055094,0,0,0.1
core_neuralprophet_frozen_s2026,neuralprophet,frozen,selected,2026,14,2025-04-14 01:00:00,2025-04-18 05:00:00,101,11.64,True,True,59.72713851928711,2.3892579698648744,62.11639648915198,0,0,0.1
core_neuralprophet_frozen_s2026,neuralprophet,frozen,selected,2026,14,2025-04-14 01:00:00,2025-04-18 06:00:00,102,9.4,True,True,58.05568313598633,2.3892579698648744,60.4449411058512,0,0,0.1
core_neuralprophet_frozen_s2026,neuralprophet,frozen,selected,2026,14,2025-04-14 01:00:00,2025-04-18 07:00:00,103,8.11,True,True,49.36333084106445,2.3892579698648744,51.752588810929325,0,0,0.1
core_neuralprophet_frozen_s2026,neuralprophet,frozen,selected,2026,14,2025-04-14 01:00:00,2025-04-18 08:00:00,104,7.49,True,True,62.93653106689453,2.3892579698648744,65.3257890367594,0,0,0.1
core_neuralprophet_frozen_s2026,neuralprophet,frozen,selected,2026,14,2025-04-14 01:00:00,2025-04-18 09:00:00,105,7.12,True,True,53.56700134277344,2.3892579698648744,55.95625931263831,0,0,0.1
core_neuralprophet_frozen_s2026,neuralprophet,frozen,selected,2026,14,2025-04-14 01:00:00,2025-04-18 10:00:00,106,7.15,True,True,62.80988311767578,2.3892579698648744,65.19914108754065,0,0,0.1
core_neuralprophet_frozen_s2026,neuralprophet,frozen,selected,2026,14,2025-04-14 01:00:00,2025-04-18 11:00:00,107,8.29,True,True,57.31765365600586,2.3892579698648744,59.70691162587073,0,0,0.1
core_neuralprophet_frozen_s2026,neuralprophet,frozen,selected,2026,14,2025-04-14 01:00:00,2025-04-18 12:00:00,108,10.45,True,True,53.843257904052734,2.3892579698648744,56.232515873917606,0,0,0.1
core_neuralprophet_frozen_s2026,neuralprophet,frozen,selected,2026,14,2025-04-14 01:00:00,2025-04-18 13:00:00,109,14.22,True,True,70.05879974365234,2.3892579698648744,72.44805771351722,0,0,0.1
core_neuralprophet_frozen_s2026,neuralprophet,frozen,selected,2026,14,2025-04-14 01:00:00,2025-04-18 14:00:00,110,19.19,True,True,67.96253204345703,2.3892579698648744,70.3517900133219,0,0,0.1
core_neuralprophet_frozen_s2026,neuralprophet,frozen,selected,2026,14,2025-04-14 01:00:00,2025-04-18 15:00:00,111,23.64,True,True,71.86212921142578,2.3892579698648744,74.25138718129065,0,0,0.1
core_neuralprophet_frozen_s2026,neuralprophet,frozen,selected,2026,14,2025-04-14 01:00:00,2025-04-18 16:00:00,112,26.41,True,True,89.93301391601562,2.3892579698648744,92.3222718858805,0,0,0.1
core_neuralprophet_frozen_s2026,neuralprophet,frozen,selected,2026,14,2025-04-14 01:00:00,2025-04-18 17:00:00,113,28.14,True,True,77.68048095703125,2.3892579698648744,80.06973892689612,0,0,0.1
core_neuralprophet_frozen_s2026,neuralprophet,frozen,selected,2026,14,2025-04-14 01:00:00,2025-04-18 18:00:00,114,29.76,True,True,71.27469635009766,2.3892579698648744,73.66395431996253,0,0,0.1
core_neuralprophet_frozen_s2026,neuralprophet,frozen,selected,2026,14,2025-04-14 01:00:00,2025-04-18 19:00:00,115,31.25,True,True,78.23274230957031,2.3892579698648744,80.62200027943518,0,0,0.1
core_neuralprophet_frozen_s2026,neuralprophet,frozen,selected,2026,14,2025-04-14 01:00:00,2025-04-18 20:00:00,116,32.77,True,True,76.27220916748047,2.3892579698648744,78.66146713734534,0,0,0.1
core_neuralprophet_frozen_s2026,neuralprophet,frozen,selected,2026,14,2025-04-14 01:00:00,2025-04-18 21:00:00,117,34.42,True,True,68.04736328125,2.3892579698648744,70.43662125111487,0,0,0.1
core_neuralprophet_frozen_s2026,neuralprophet,frozen,selected,2026,14,2025-04-14 01:00:00,2025-04-18 22:00:00,118,36.19,True,True,77.10472869873047,2.3892579698648744,79.49398666859534,0,0,0.1
core_neuralprophet_frozen_s2026,neuralprophet,frozen,selected,2026,14,2025-04-14 01:00:00,2025-04-18 23:00:00,119,38.7,True,True,53.85023498535156,2.3892579698648744,56.239492955216434,0,0,0.1
core_neuralprophet_frozen_s2026,neuralprophet,frozen,selected,2026,14,2025-04-14 01:00:00,2025-04-19 00:00:00,120,41.24,True,True,47.653541564941406,2.3892579698648744,50.04279953480628,0,0,0.1
core_neuralprophet_frozen_s2026,neuralprophet,frozen,selected,2026,14,2025-04-14 01:00:00,2025-04-19 01:00:00,121,,False,False,,2.3892579698648744,,0,0,0.1
core_neuralprophet_frozen_s2026,neuralprophet,frozen,selected,2026,14,2025-04-14 01:00:00,2025-04-19 02:00:00,122,,False,False,,2.3892579698648744,,0,0,0.1
core_neuralprophet_frozen_s2026,neuralprophet,frozen,selected,2026,14,2025-04-14 01:00:00,2025-04-19 03:00:00,123,,False,False,,2.3892579698648744,,0,0,0.1
core_neuralprophet_frozen_s2026,neuralprophet,frozen,selected,2026,14,2025-04-14 01:00:00,2025-04-19 04:00:00,124,,False,False,,2.3892579698648744,,0,0,0.1
core_neuralprophet_frozen_s2026,neuralprophet,frozen,selected,2026,14,2025-04-14 01:00:00,2025-04-19 05:00:00,125,,False,False,,2.3892579698648744,,0,0,0.1
core_neuralprophet_frozen_s2026,neuralprophet,frozen,selected,2026,14,2025-04-14 01:00:00,2025-04-19 06:00:00,126,,False,False,,2.3892579698648744,,0,0,0.1
core_neuralprophet_frozen_s2026,neuralprophet,frozen,selected,2026,14,2025-04-14 01:00:00,2025-04-19 07:00:00,127,,False,False,,2.3892579698648744,,0,0,0.1
core_neuralprophet_frozen_s2026,neuralprophet,frozen,selected,2026,14,2025-04-14 01:00:00,2025-04-19 08:00:00,128,,False,False,,2.3892579698648744,,0,0,0.1
core_neuralprophet_frozen_s2026,neuralprophet,frozen,selected,2026,14,2025-04-14 01:00:00,2025-04-19 09:00:00,129,,False,False,,2.3892579698648744,,0,0,0.1
core_neuralprophet_frozen_s2026,neuralprophet,frozen,selected,2026,14,2025-04-14 01:00:00,2025-04-19 10:00:00,130,,False,False,,2.3892579698648744,,0,0,0.1
core_neuralprophet_frozen_s2026,neuralprophet,frozen,selected,2026,14,2025-04-14 01:00:00,2025-04-19 11:00:00,131,,False,False,,2.3892579698648744,,0,0,0.1
core_neuralprophet_frozen_s2026,neuralprophet,frozen,selected,2026,14,2025-04-14 01:00:00,2025-04-19 12:00:00,132,,False,False,,2.3892579698648744,,0,0,0.1
core_neuralprophet_frozen_s2026,neuralprophet,frozen,selected,2026,14,2025-04-14 01:00:00,2025-04-19 13:00:00,133,,False,False,,2.3892579698648744,,0,0,0.1
core_neuralprophet_frozen_s2026,neuralprophet,frozen,selected,2026,14,2025-04-14 01:00:00,2025-04-19 14:00:00,134,,False,False,,2.3892579698648744,,0,0,0.1
core_neuralprophet_frozen_s2026,neuralprophet,frozen,selected,2026,14,2025-04-14 01:00:00,2025-04-19 15:00:00,135,,False,False,,2.3892579698648744,,0,0,0.1
core_neuralprophet_frozen_s2026,neuralprophet,frozen,selected,2026,14,2025-04-14 01:00:00,2025-04-19 16:00:00,136,,False,False,,2.3892579698648744,,0,0,0.1
core_neuralprophet_frozen_s2026,neuralprophet,frozen,selected,2026,14,2025-04-14 01:00:00,2025-04-19 17:00:00,137,,False,False,,2.3892579698648744,,0,0,0.1
core_neuralprophet_frozen_s2026,neuralprophet,frozen,selected,2026,14,2025-04-14 01:00:00,2025-04-19 18:00:00,138,,False,False,,2.3892579698648744,,0,0,0.1
core_neuralprophet_frozen_s2026,neuralprophet,frozen,selected,2026,14,2025-04-14 01:00:00,2025-04-19 19:00:00,139,,False,False,,2.3892579698648744,,0,0,0.1
core_neuralprophet_frozen_s2026,neuralprophet,frozen,selected,2026,14,2025-04-14 01:00:00,2025-04-19 20:00:00,140,,False,False,,2.3892579698648744,,0,0,0.1
core_neuralprophet_frozen_s2026,neuralprophet,frozen,selected,2026,14,2025-04-14 01:00:00,2025-04-19 21:00:00,141,,False,False,,2.3892579698648744,,0,0,0.1
core_neuralprophet_frozen_s2026,neuralprophet,frozen,selected,2026,14,2025-04-14 01:00:00,2025-04-19 22:00:00,142,,False,False,,2.3892579698648744,,0,0,0.1
core_neuralprophet_frozen_s2026,neuralprophet,frozen,selected,2026,14,2025-04-14 01:00:00,2025-04-19 23:00:00,143,,False,False,,2.3892579698648744,,0,0,0.1
core_neuralprophet_frozen_s2026,neuralprophet,frozen,selected,2026,14,2025-04-14 01:00:00,2025-04-20 00:00:00,144,,False,False,,2.3892579698648744,,0,0,0.1
core_neuralprophet_frozen_s2026,neuralprophet,frozen,selected,2026,14,2025-04-14 01:00:00,2025-04-20 01:00:00,145,79.86,True,True,43.76926040649414,2.3892579698648744,46.15851837635901,0,0,0.1
core_neuralprophet_frozen_s2026,neuralprophet,frozen,selected,2026,14,2025-04-14 01:00:00,2025-04-20 02:00:00,146,82.41,True,True,45.717533111572266,2.3892579698648744,48.10679108143714,0,0,0.1
core_neuralprophet_frozen_s2026,neuralprophet,frozen,selected,2026,14,2025-04-14 01:00:00,2025-04-20 03:00:00,147,89.55,True,True,44.46687316894531,2.3892579698648744,46.856131138810184,0,0,0.1
core_neuralprophet_frozen_s2026,neuralprophet,frozen,selected,2026,14,2025-04-14 01:00:00,2025-04-20 04:00:00,148,93.49,True,True,40.08900451660156,2.3892579698648744,42.478262486466434,0,0,0.1
core_neuralprophet_frozen_s2026,neuralprophet,frozen,selected,2026,14,2025-04-14 01:00:00,2025-04-20 05:00:00,149,90.2,True,True,41.54312515258789,2.3892579698648744,43.93238312245276,0,0,0.1
core_neuralprophet_frozen_s2026,neuralprophet,frozen,selected,2026,14,2025-04-14 01:00:00,2025-04-20 06:00:00,150,91.14,True,True,35.580745697021484,2.3892579698648744,37.970003666886356,0,0,0.1
core_neuralprophet_frozen_s2026,neuralprophet,frozen,selected,2026,14,2025-04-14 01:00:00,2025-04-20 07:00:00,151,91.17,True,True,34.31291580200195,2.3892579698648744,36.702173771866825,0,0,0.1
core_neuralprophet_frozen_s2026,neuralprophet,frozen,selected,2026,14,2025-04-14 01:00:00,2025-04-20 08:00:00,152,89.62,True,True,37.20978927612305,2.3892579698648744,39.59904724598792,0,0,0.1
core_neuralprophet_frozen_s2026,neuralprophet,frozen,selected,2026,14,2025-04-14 01:00:00,2025-04-20 09:00:00,153,84.11,True,True,29.990930557250977,2.3892579698648744,32.38018852711585,0,0,0.1
core_neuralprophet_frozen_s2026,neuralprophet,frozen,selected,2026,14,2025-04-14 01:00:00,2025-04-20 10:00:00,154,79.05,True,True,31.73671531677246,2.3892579698648744,34.12597328663733,0,0,0.1
core_neuralprophet_frozen_s2026,neuralprophet,frozen,selected,2026,14,2025-04-14 01:00:00,2025-04-20 11:00:00,155,77.68,True,True,35.49149703979492,2.3892579698648744,37.880755009659794,0,0,0.1
core_neuralprophet_frozen_s2026,neuralprophet,frozen,selected,2026,14,2025-04-14 01:00:00,2025-04-20 12:00:00,156,78.67,True,True,44.91551971435547,2.3892579698648744,47.30477768422034,0,0,0.1
core_neuralprophet_frozen_s2026,neuralprophet,frozen,selected,2026,14,2025-04-14 01:00:00,2025-04-20 13:00:00,157,79.42,True,True,49.64495086669922,2.3892579698648744,52.03420883656409,0,0,0.1
core_neuralprophet_frozen_s2026,neuralprophet,frozen,selected,2026,14,2025-04-14 01:00:00,2025-04-20 14:00:00,158,80.5,True,True,44.76591491699219,2.3892579698648744,47.15517288685706,0,0,0.1
core_neuralprophet_frozen_s2026,neuralprophet,frozen,selected,2026,14,2025-04-14 01:00:00,2025-04-20 15:00:00,159,81.76,True,True,39.90339279174805,2.3892579698648744,42.29265076161292,0,0,0.1
core_neuralprophet_frozen_s2026,neuralprophet,frozen,selected,2026,14,2025-04-14 01:00:00,2025-04-20 16:00:00,160,82.98,True,True,32.93667984008789,2.3892579698648744,35.32593780995276,0,0,0.1
core_neuralprophet_frozen_s2026,neuralprophet,frozen,selected,2026,14,2025-04-14 01:00:00,2025-04-20 17:00:00,161,84.97,True,True,40.770877838134766,2.3892579698648744,43.16013580799964,0,0,0.1
core_neuralprophet_frozen_s2026,neuralprophet,frozen,selected,2026,14,2025-04-14 01:00:00,2025-04-20 18:00:00,162,88.26,True,True,37.74008941650391,2.3892579698648744,40.129347386368785,0,0,0.1
core_neuralprophet_frozen_s2026,neuralprophet,frozen,selected,2026,14,2025-04-14 01:00:00,2025-04-20 19:00:00,163,92.57,True,True,39.83069610595703,2.3892579698648744,42.2199540758219,0,0,0.1
core_neuralprophet_frozen_s2026,neuralprophet,frozen,selected,2026,14,2025-04-14 01:00:00,2025-04-20 20:00:00,164,95.9,True,True,42.71753692626953,2.3892579698648744,45.1067948961344,0,0,0.1
core_neuralprophet_frozen_s2026,neuralprophet,frozen,selected,2026,14,2025-04-14 01:00:00,2025-04-20 21:00:00,165,99.09,True,True,26.29505920410156,2.3892579698648744,28.684317173966434,0,0,0.1
core_neuralprophet_frozen_s2026,neuralprophet,frozen,selected,2026,14,2025-04-14 01:00:00,2025-04-20 22:00:00,166,100.87,True,True,25.25117874145508,2.3892579698648744,27.640436711319957,0,0,0.1
core_neuralprophet_frozen_s2026,neuralprophet,frozen,selected,2026,14,2025-04-14 01:00:00,2025-04-20 23:00:00,167,101.08,True,True,29.21438789367676,2.3892579698648744,31.603645863541637,0,0,0.1
core_neuralprophet_frozen_s2026,neuralprophet,frozen,selected,2026,14,2025-04-14 01:00:00,2025-04-21 00:00:00,168,99.8,True,True,39.92593383789063,2.3892579698648744,42.315191807755504,0,0,0.1
core_neuralprophet_frozen_s2026,neuralprophet,frozen,selected,2026,15,2025-04-21 01:00:00,2025-04-21 01:00:00,1,95.95,True,True,107.90853118896484,3.4689830508375854,111.37751423980242,24,96,0.1
core_neuralprophet_frozen_s2026,neuralprophet,frozen,selected,2026,15,2025-04-21 01:00:00,2025-04-21 02:00:00,2,90.31,True,True,121.0404815673828,3.4689830508375854,124.50946461822038,24,96,0.1
core_neuralprophet_frozen_s2026,neuralprophet,frozen,selected,2026,15,2025-04-21 01:00:00,2025-04-21 03:00:00,3,84.04,True,True,109.20695495605467,3.4689830508375854,112.67593800689225,24,96,0.1
core_neuralprophet_frozen_s2026,neuralprophet,frozen,selected,2026,15,2025-04-21 01:00:00,2025-04-21 04:00:00,4,81.25,True,True,112.38701629638672,3.4689830508375854,115.8559993472243,24,96,0.1
core_neuralprophet_frozen_s2026,neuralprophet,frozen,selected,2026,15,2025-04-21 01:00:00,2025-04-21 05:00:00,5,79.33,True,True,112.63581848144533,3.4689830508375854,116.1048015322829,24,96,0.1
core_neuralprophet_frozen_s2026,neuralprophet,frozen,selected,2026,15,2025-04-21 01:00:00,2025-04-21 06:00:00,6,78.16,True,True,106.21212005615234,3.4689830508375854,109.68110310698992,24,96,0.1
core_neuralprophet_frozen_s2026,neuralprophet,frozen,selected,2026,15,2025-04-21 01:00:00,2025-04-21 07:00:00,7,78.28,True,True,99.9841766357422,3.4689830508375854,103.45315968657978,24,96,0.1
core_neuralprophet_frozen_s2026,neuralprophet,frozen,selected,2026,15,2025-04-21 01:00:00,2025-04-21 08:00:00,8,79.63,True,True,106.46566772460938,3.4689830508375854,109.93465077544695,24,96,0.1
core_neuralprophet_frozen_s2026,neuralprophet,frozen,selected,2026,15,2025-04-21 01:00:00,2025-04-21 09:00:00,9,81.23,True,True,97.10538482666016,3.4689830508375854,100.57436787749774,24,96,0.1
core_neuralprophet_frozen_s2026,neuralprophet,frozen,selected,2026,15,2025-04-21 01:00:00,2025-04-21 10:00:00,10,84.19,True,True,93.07781982421876,3.4689830508375854,96.54680287505634,24,96,0.1
core_neuralprophet_frozen_s2026,neuralprophet,frozen,selected,2026,15,2025-04-21 01:00:00,2025-04-21 11:00:00,11,89.85,True,True,115.94327545166016,3.4689830508375854,119.41225850249774,24,96,0.1
core_neuralprophet_frozen_s2026,neuralprophet,frozen,selected,2026,15,2025-04-21 01:00:00,2025-04-21 12:00:00,12,97.2,True,True,113.92263793945312,3.4689830508375854,117.3916209902907,24,96,0.1
core_neuralprophet_frozen_s2026,neuralprophet,frozen,selected,2026,15,2025-04-21 01:00:00,2025-04-21 13:00:00,13,104.1,True,True,113.1465072631836,3.4689830508375854,116.61549031402117,24,96,0.1
core_neuralprophet_frozen_s2026,neuralprophet,frozen,selected,2026,15,2025-04-21 01:00:00,2025-04-21 14:00:00,14,109.19,True,True,115.42461395263672,3.4689830508375854,118.8935970034743,24,96,0.1
core_neuralprophet_frozen_s2026,neuralprophet,frozen,selected,2026,15,2025-04-21 01:00:00,2025-04-21 15:00:00,15,109.37,True,True,112.42726135253906,3.4689830508375854,115.89624440337664,24,96,0.1
core_neuralprophet_frozen_s2026,neuralprophet,frozen,selected,2026,15,2025-04-21 01:00:00,2025-04-21 16:00:00,16,95.1,True,True,94.38684844970705,3.4689830508375854,97.85583150054462,24,96,0.1
core_neuralprophet_frozen_s2026,neuralprophet,frozen,selected,2026,15,2025-04-21 01:00:00,2025-04-21 17:00:00,17,73.7,True,True,78.68022918701172,3.4689830508375854,82.1492122378493,24,96,0.1
core_neuralprophet_frozen_s2026,neuralprophet,frozen,selected,2026,15,2025-04-21 01:00:00,2025-04-21 18:00:00,18,53.92,True,True,64.44940948486328,3.4689830508375854,67.91839253570086,24,96,0.1
core_neuralprophet_frozen_s2026,neuralprophet,frozen,selected,2026,15,2025-04-21 01:00:00,2025-04-21 19:00:00,19,39.7,True,True,54.47213745117188,3.4689830508375854,57.94112050200947,24,96,0.1
core_neuralprophet_frozen_s2026,neuralprophet,frozen,selected,2026,15,2025-04-21 01:00:00,2025-04-21 20:00:00,20,36.29,True,True,39.6901741027832,3.4689830508375854,43.15915715362079,24,96,0.1
core_neuralprophet_frozen_s2026,neuralprophet,frozen,selected,2026,15,2025-04-21 01:00:00,2025-04-21 21:00:00,21,35.79,True,True,61.4271240234375,3.4689830508375854,64.89610707427508,24,96,0.1
core_neuralprophet_frozen_s2026,neuralprophet,frozen,selected,2026,15,2025-04-21 01:00:00,2025-04-21 22:00:00,22,35.5,True,True,47.26206970214844,3.4689830508375854,50.731052752986024,24,96,0.1
core_neuralprophet_frozen_s2026,neuralprophet,frozen,selected,2026,15,2025-04-21 01:00:00,2025-04-21 23:00:00,23,36.01,True,True,50.62409973144531,3.4689830508375854,54.0930827822829,24,96,0.1
core_neuralprophet_frozen_s2026,neuralprophet,frozen,selected,2026,15,2025-04-21 01:00:00,2025-04-22 00:00:00,24,37.05,True,True,61.88835906982422,3.4689830508375854,65.3573421206618,24,96,0.1
core_neuralprophet_frozen_s2026,neuralprophet,frozen,selected,2026,15,2025-04-21 01:00:00,2025-04-22 01:00:00,25,37.3,True,True,53.33735275268555,3.4689830508375854,56.80633580352313,24,96,0.1
core_neuralprophet_frozen_s2026,neuralprophet,frozen,selected,2026,15,2025-04-21 01:00:00,2025-04-22 02:00:00,26,37.43,True,True,61.73522567749024,3.4689830508375854,65.20420872832783,24,96,0.1
core_neuralprophet_frozen_s2026,neuralprophet,frozen,selected,2026,15,2025-04-21 01:00:00,2025-04-22 03:00:00,27,36.87,True,True,59.91230773925781,3.4689830508375854,63.3812907900954,24,96,0.1
core_neuralprophet_frozen_s2026,neuralprophet,frozen,selected,2026,15,2025-04-21 01:00:00,2025-04-22 04:00:00,28,28.19,True,True,55.435157775878906,3.4689830508375854,58.90414082671649,24,96,0.1
core_neuralprophet_frozen_s2026,neuralprophet,frozen,selected,2026,15,2025-04-21 01:00:00,2025-04-22 05:00:00,29,24.66,True,True,57.37206268310547,3.4689830508375854,60.841045733943055,24,96,0.1
core_neuralprophet_frozen_s2026,neuralprophet,frozen,selected,2026,15,2025-04-21 01:00:00,2025-04-22 06:00:00,30,24.64,True,True,39.65262985229492,3.4689830508375854,43.12161290313251,24,96,0.1
core_neuralprophet_frozen_s2026,neuralprophet,frozen,selected,2026,15,2025-04-21 01:00:00,2025-04-22 07:00:00,31,25.98,True,True,29.860605239868164,3.4689830508375854,33.32958829070575,24,96,0.1
core_neuralprophet_frozen_s2026,neuralprophet,frozen,selected,2026,15,2025-04-21 01:00:00,2025-04-22 08:00:00,32,28.01,True,True,34.320430755615234,3.4689830508375854,37.78941380645282,24,96,0.1
core_neuralprophet_frozen_s2026,neuralprophet,frozen,selected,2026,15,2025-04-21 01:00:00,2025-04-22 09:00:00,33,28.49,True,True,27.499935150146484,3.4689830508375854,30.96891820098407,24,96,0.1
core_neuralprophet_frozen_s2026,neuralprophet,frozen,selected,2026,15,2025-04-21 01:00:00,2025-04-22 10:00:00,34,28.07,True,True,28.05203056335449,3.4689830508375854,31.521013614192075,24,96,0.1
core_neuralprophet_frozen_s2026,neuralprophet,frozen,selected,2026,15,2025-04-21 01:00:00,2025-04-22 11:00:00,35,28.25,True,True,16.640975952148438,3.4689830508375854,20.109959002986024,24,96,0.1
core_neuralprophet_frozen_s2026,neuralprophet,frozen,selected,2026,15,2025-04-21 01:00:00,2025-04-22 12:00:00,36,29.42,True,True,16.262882232666016,3.4689830508375854,19.731865283503602,24,96,0.1
core_neuralprophet_frozen_s2026,neuralprophet,frozen,selected,2026,15,2025-04-21 01:00:00,2025-04-22 13:00:00,37,30.56,True,True,23.691076278686523,3.4689830508375854,27.16005932952411,24,96,0.1
core_neuralprophet_frozen_s2026,neuralprophet,frozen,selected,2026,15,2025-04-21 01:00:00,2025-04-22 14:00:00,38,32.4,True,True,16.73819351196289,3.4689830508375854,20.207176562800477,24,96,0.1
core_neuralprophet_frozen_s2026,neuralprophet,frozen,selected,2026,15,2025-04-21 01:00:00,2025-04-22 15:00:00,39,34.47,True,True,12.89957046508789,3.4689830508375854,16.368553515925477,24,96,0.1
core_neuralprophet_frozen_s2026,neuralprophet,frozen,selected,2026,15,2025-04-21 01:00:00,2025-04-22 16:00:00,40,36.16,True,True,24.23070526123047,3.4689830508375854,27.699688312068055,24,96,0.1
core_neuralprophet_frozen_s2026,neuralprophet,frozen,selected,2026,15,2025-04-21 01:00:00,2025-04-22 17:00:00,41,38.39,True,True,12.706292152404783,3.4689830508375854,16.175275203242368,24,96,0.1
core_neuralprophet_frozen_s2026,neuralprophet,frozen,selected,2026,15,2025-04-21 01:00:00,2025-04-22 18:00:00,42,40.94,True,True,15.721022605895996,3.4689830508375854,19.190005656733582,24,96,0.1
core_neuralprophet_frozen_s2026,neuralprophet,frozen,selected,2026,15,2025-04-21 01:00:00,2025-04-22 19:00:00,43,43.84,True,True,13.793930053710938,3.4689830508375854,17.262913104548524,24,96,0.1
core_neuralprophet_frozen_s2026,neuralprophet,frozen,selected,2026,15,2025-04-21 01:00:00,2025-04-22 20:00:00,44,48.09,True,True,23.546632766723636,3.4689830508375854,27.015615817561223,24,96,0.1
core_neuralprophet_frozen_s2026,neuralprophet,frozen,selected,2026,15,2025-04-21 01:00:00,2025-04-22 21:00:00,45,53.64,True,True,29.2603759765625,3.4689830508375854,32.729359027400086,24,96,0.1
core_neuralprophet_frozen_s2026,neuralprophet,frozen,selected,2026,15,2025-04-21 01:00:00,2025-04-22 22:00:00,46,59.41,True,True,34.03546524047852,3.4689830508375854,37.50444829131611,24,96,0.1
core_neuralprophet_frozen_s2026,neuralprophet,frozen,selected,2026,15,2025-04-21 01:00:00,2025-04-22 23:00:00,47,64.04,True,True,39.43067932128906,3.4689830508375854,42.89966237212665,24,96,0.1
core_neuralprophet_frozen_s2026,neuralprophet,frozen,selected,2026,15,2025-04-21 01:00:00,2025-04-23 00:00:00,48,66.68,True,True,51.80387878417969,3.4689830508375854,55.272861835017274,24,96,0.1
core_neuralprophet_frozen_s2026,neuralprophet,frozen,selected,2026,15,2025-04-21 01:00:00,2025-04-23 01:00:00,49,67.4,True,True,47.594425201416016,3.4689830508375854,51.0634082522536,24,96,0.1
core_neuralprophet_frozen_s2026,neuralprophet,frozen,selected,2026,15,2025-04-21 01:00:00,2025-04-23 02:00:00,50,65.28,True,True,50.58955001831055,3.4689830508375854,54.05853306914813,24,96,0.1
core_neuralprophet_frozen_s2026,neuralprophet,frozen,selected,2026,15,2025-04-21 01:00:00,2025-04-23 03:00:00,51,62.01,True,True,48.75459671020508,3.4689830508375854,52.223579761042664,24,96,0.1
core_neuralprophet_frozen_s2026,neuralprophet,frozen,selected,2026,15,2025-04-21 01:00:00,2025-04-23 04:00:00,52,60.0,True,True,53.19960021972656,3.4689830508375854,56.66858327056415,24,96,0.1
core_neuralprophet_frozen_s2026,neuralprophet,frozen,selected,2026,15,2025-04-21 01:00:00,2025-04-23 05:00:00,53,63.63,True,True,55.81389999389648,3.4689830508375854,59.282883044734064,24,96,0.1
core_neuralprophet_frozen_s2026,neuralprophet,frozen,selected,2026,15,2025-04-21 01:00:00,2025-04-23 06:00:00,54,66.22,True,True,42.354923248291016,3.4689830508375854,45.8239062991286,24,96,0.1
core_neuralprophet_frozen_s2026,neuralprophet,frozen,selected,2026,15,2025-04-21 01:00:00,2025-04-23 07:00:00,55,70.81,True,True,32.126827239990234,3.4689830508375854,35.59581029082782,24,96,0.1
core_neuralprophet_frozen_s2026,neuralprophet,frozen,selected,2026,15,2025-04-21 01:00:00,2025-04-23 08:00:00,56,65.39,True,True,23.94933319091797,3.4689830508375854,27.418316241755555,24,96,0.1
core_neuralprophet_frozen_s2026,neuralprophet,frozen,selected,2026,15,2025-04-21 01:00:00,2025-04-23 09:00:00,57,54.6,True,True,23.60735893249512,3.4689830508375854,27.076341983332707,24,96,0.1
core_neuralprophet_frozen_s2026,neuralprophet,frozen,selected,2026,15,2025-04-21 01:00:00,2025-04-23 10:00:00,58,41.77,True,True,20.39460182189941,3.4689830508375854,23.863584872736997,24,96,0.1
core_neuralprophet_frozen_s2026,neuralprophet,frozen,selected,2026,15,2025-04-21 01:00:00,2025-04-23 11:00:00,59,28.24,True,True,10.457039833068848,3.4689830508375854,13.926022883906434,24,96,0.1
core_neuralprophet_frozen_s2026,neuralprophet,frozen,selected,2026,15,2025-04-21 01:00:00,2025-04-23 12:00:00,60,16.39,True,True,11.580138206481934,3.4689830508375854,15.04912125731952,24,96,0.1
core_neuralprophet_frozen_s2026,neuralprophet,frozen,selected,2026,15,2025-04-21 01:00:00,2025-04-23 13:00:00,61,8.51,True,True,16.136436462402344,3.4689830508375854,19.60541951323993,24,96,0.1
core_neuralprophet_frozen_s2026,neuralprophet,frozen,selected,2026,15,2025-04-21 01:00:00,2025-04-23 14:00:00,62,5.41,True,True,7.098807334899902,3.4689830508375854,10.567790385737489,24,96,0.1
core_neuralprophet_frozen_s2026,neuralprophet,frozen,selected,2026,15,2025-04-21 01:00:00,2025-04-23 15:00:00,63,4.73,True,True,17.56592559814453,3.4689830508375854,21.034908648982118,24,96,0.1
core_neuralprophet_frozen_s2026,neuralprophet,frozen,selected,2026,15,2025-04-21 01:00:00,2025-04-23 16:00:00,64,5.22,True,True,4.062238693237305,3.4689830508375854,7.53122174407489,24,96,0.1
core_neuralprophet_frozen_s2026,neuralprophet,frozen,selected,2026,15,2025-04-21 01:00:00,2025-04-23 17:00:00,65,7.02,True,True,10.942837715148926,3.4689830508375854,14.411820765986512,24,96,0.1
core_neuralprophet_frozen_s2026,neuralprophet,frozen,selected,2026,15,2025-04-21 01:00:00,2025-04-23 18:00:00,66,9.78,True,True,11.830344200134276,3.4689830508375854,15.29932725097186,24,96,0.1
core_neuralprophet_frozen_s2026,neuralprophet,frozen,selected,2026,15,2025-04-21 01:00:00,2025-04-23 19:00:00,67,12.38,True,True,26.595420837402344,3.4689830508375854,30.06440388823993,24,96,0.1
core_neuralprophet_frozen_s2026,neuralprophet,frozen,selected,2026,15,2025-04-21 01:00:00,2025-04-23 20:00:00,68,14.46,True,True,19.259117126464844,3.4689830508375854,22.72810017730243,24,96,0.1
core_neuralprophet_frozen_s2026,neuralprophet,frozen,selected,2026,15,2025-04-21 01:00:00,2025-04-23 21:00:00,69,16.14,True,True,26.877227783203125,3.4689830508375854,30.34621083404071,24,96,0.1
core_neuralprophet_frozen_s2026,neuralprophet,frozen,selected,2026,15,2025-04-21 01:00:00,2025-04-23 22:00:00,70,17.44,True,True,31.298246383666992,3.4689830508375854,34.76722943450458,24,96,0.1
core_neuralprophet_frozen_s2026,neuralprophet,frozen,selected,2026,15,2025-04-21 01:00:00,2025-04-23 23:00:00,71,18.87,True,True,47.23197555541992,3.4689830508375854,50.70095860625751,24,96,0.1
core_neuralprophet_frozen_s2026,neuralprophet,frozen,selected,2026,15,2025-04-21 01:00:00,2025-04-24 00:00:00,72,19.77,True,True,37.28855514526367,3.4689830508375854,40.75753819610126,24,96,0.1
core_neuralprophet_frozen_s2026,neuralprophet,frozen,selected,2026,15,2025-04-21 01:00:00,2025-04-24 01:00:00,73,20.96,True,True,45.57106399536133,3.4689830508375854,49.040047046198914,24,96,0.1
core_neuralprophet_frozen_s2026,neuralprophet,frozen,selected,2026,15,2025-04-21 01:00:00,2025-04-24 02:00:00,74,22.45,True,True,48.72412872314453,3.4689830508375854,52.19311177398212,24,96,0.1
core_neuralprophet_frozen_s2026,neuralprophet,frozen,selected,2026,15,2025-04-21 01:00:00,2025-04-24 03:00:00,75,23.73,True,True,50.96321487426758,3.4689830508375854,54.432197925105164,24,96,0.1
core_neuralprophet_frozen_s2026,neuralprophet,frozen,selected,2026,15,2025-04-21 01:00:00,2025-04-24 04:00:00,76,23.97,True,True,52.356201171875,3.4689830508375854,55.825184222712586,24,96,0.1
core_neuralprophet_frozen_s2026,neuralprophet,frozen,selected,2026,15,2025-04-21 01:00:00,2025-04-24 05:00:00,77,23.27,True,True,47.09590148925781,3.4689830508375854,50.5648845400954,24,96,0.1
core_neuralprophet_frozen_s2026,neuralprophet,frozen,selected,2026,15,2025-04-21 01:00:00,2025-04-24 06:00:00,78,23.54,True,True,42.51930618286133,3.4689830508375854,45.988289233698914,24,96,0.1
core_neuralprophet_frozen_s2026,neuralprophet,frozen,selected,2026,15,2025-04-21 01:00:00,2025-04-24 07:00:00,79,23.88,True,True,26.60074615478516,3.4689830508375854,30.069729205622746,24,96,0.1
core_neuralprophet_frozen_s2026,neuralprophet,frozen,selected,2026,15,2025-04-21 01:00:00,2025-04-24 08:00:00,80,22.37,True,True,34.884910583496094,3.4689830508375854,38.35389363433368,24,96,0.1
core_neuralprophet_frozen_s2026,neuralprophet,frozen,selected,2026,15,2025-04-21 01:00:00,2025-04-24 09:00:00,81,20.55,True,True,23.56979179382324,3.4689830508375854,27.038774844660825,24,96,0.1
core_neuralprophet_frozen_s2026,neuralprophet,frozen,selected,2026,15,2025-04-21 01:00:00,2025-04-24 10:00:00,82,21.51,True,True,24.57936668395996,3.4689830508375854,28.048349734797547,24,96,0.1
core_neuralprophet_frozen_s2026,neuralprophet,frozen,selected,2026,15,2025-04-21 01:00:00,2025-04-24 11:00:00,83,24.91,True,True,24.40685272216797,3.4689830508375854,27.875835773005555,24,96,0.1
core_neuralprophet_frozen_s2026,neuralprophet,frozen,selected,2026,15,2025-04-21 01:00:00,2025-04-24 12:00:00,84,28.72,True,True,32.92346954345703,3.4689830508375854,36.39245259429462,24,96,0.1
core_neuralprophet_frozen_s2026,neuralprophet,frozen,selected,2026,15,2025-04-21 01:00:00,2025-04-24 13:00:00,85,32.48,True,True,35.48369598388672,3.4689830508375854,38.952679034724305,24,96,0.1
core_neuralprophet_frozen_s2026,neuralprophet,frozen,selected,2026,15,2025-04-21 01:00:00,2025-04-24 14:00:00,86,36.22,True,True,37.28508758544922,3.4689830508375854,40.754070636286805,24,96,0.1
core_neuralprophet_frozen_s2026,neuralprophet,frozen,selected,2026,15,2025-04-21 01:00:00,2025-04-24 15:00:00,87,39.18,True,True,34.21520233154297,3.4689830508375854,37.684185382380555,24,96,0.1
core_neuralprophet_frozen_s2026,neuralprophet,frozen,selected,2026,15,2025-04-21 01:00:00,2025-04-24 16:00:00,88,40.25,True,True,41.973731994628906,3.4689830508375854,45.44271504546649,24,96,0.1
core_neuralprophet_frozen_s2026,neuralprophet,frozen,selected,2026,15,2025-04-21 01:00:00,2025-04-24 17:00:00,89,40.51,True,True,37.0520133972168,3.4689830508375854,40.52099644805438,24,96,0.1
core_neuralprophet_frozen_s2026,neuralprophet,frozen,selected,2026,15,2025-04-21 01:00:00,2025-04-24 18:00:00,90,39.93,True,True,47.07011413574219,3.4689830508375854,50.539097186579774,24,96,0.1
core_neuralprophet_frozen_s2026,neuralprophet,frozen,selected,2026,15,2025-04-21 01:00:00,2025-04-24 19:00:00,91,36.7,True,True,53.12380599975586,3.4689830508375854,56.592789050593446,24,96,0.1
core_neuralprophet_frozen_s2026,neuralprophet,frozen,selected,2026,15,2025-04-21 01:00:00,2025-04-24 20:00:00,92,35.51,True,True,60.1196517944336,3.4689830508375854,63.58863484527119,24,96,0.1
core_neuralprophet_frozen_s2026,neuralprophet,frozen,selected,2026,15,2025-04-21 01:00:00,2025-04-24 21:00:00,93,34.73,True,True,72.23917388916016,3.4689830508375854,75.70815693999774,24,96,0.1
core_neuralprophet_frozen_s2026,neuralprophet,frozen,selected,2026,15,2025-04-21 01:00:00,2025-04-24 22:00:00,94,32.25,True,True,84.55707550048828,3.4689830508375854,88.02605855132586,24,96,0.1
core_neuralprophet_frozen_s2026,neuralprophet,frozen,selected,2026,15,2025-04-21 01:00:00,2025-04-24 23:00:00,95,29.59,True,True,75.26032257080078,3.4689830508375854,78.72930562163836,24,96,0.1
core_neuralprophet_frozen_s2026,neuralprophet,frozen,selected,2026,15,2025-04-21 01:00:00,2025-04-25 00:00:00,96,25.55,True,True,52.56184387207031,3.4689830508375854,56.0308269229079,24,96,0.1
core_neuralprophet_frozen_s2026,neuralprophet,frozen,selected,2026,15,2025-04-21 01:00:00,2025-04-25 01:00:00,97,20.18,True,True,58.3451042175293,3.4689830508375854,61.81408726836688,24,96,0.1
core_neuralprophet_frozen_s2026,neuralprophet,frozen,selected,2026,15,2025-04-21 01:00:00,2025-04-25 02:00:00,98,19.03,True,True,48.25244903564453,3.4689830508375854,51.72143208648212,24,96,0.1
core_neuralprophet_frozen_s2026,neuralprophet,frozen,selected,2026,15,2025-04-21 01:00:00,2025-04-25 03:00:00,99,19.71,True,True,51.83428192138672,3.4689830508375854,55.303264972224305,24,96,0.1
core_neuralprophet_frozen_s2026,neuralprophet,frozen,selected,2026,15,2025-04-21 01:00:00,2025-04-25 04:00:00,100,24.73,True,True,46.80430221557617,3.4689830508375854,50.27328526641376,24,96,0.1
core_neuralprophet_frozen_s2026,neuralprophet,frozen,selected,2026,15,2025-04-21 01:00:00,2025-04-25 05:00:00,101,34.24,True,True,55.87561798095703,3.4689830508375854,59.34460103179462,24,96,0.1
core_neuralprophet_frozen_s2026,neuralprophet,frozen,selected,2026,15,2025-04-21 01:00:00,2025-04-25 06:00:00,102,45.0,True,True,42.19062423706055,3.4689830508375854,45.65960728789813,24,96,0.1
core_neuralprophet_frozen_s2026,neuralprophet,frozen,selected,2026,15,2025-04-21 01:00:00,2025-04-25 07:00:00,103,58.64,True,True,26.387487411499023,3.4689830508375854,29.85647046233661,24,96,0.1
core_neuralprophet_frozen_s2026,neuralprophet,frozen,selected,2026,15,2025-04-21 01:00:00,2025-04-25 08:00:00,104,69.88,True,True,40.274513244628906,3.4689830508375854,43.74349629546649,24,96,0.1
core_neuralprophet_frozen_s2026,neuralprophet,frozen,selected,2026,15,2025-04-21 01:00:00,2025-04-25 09:00:00,105,79.71,True,True,39.81331634521485,3.4689830508375854,43.28229939605244,24,96,0.1
core_neuralprophet_frozen_s2026,neuralprophet,frozen,selected,2026,15,2025-04-21 01:00:00,2025-04-25 10:00:00,106,86.6,True,True,37.13275909423828,3.4689830508375854,40.60174214507587,24,96,0.1
core_neuralprophet_frozen_s2026,neuralprophet,frozen,selected,2026,15,2025-04-21 01:00:00,2025-04-25 11:00:00,107,92.47,True,True,55.213714599609375,3.4689830508375854,58.68269765044696,24,96,0.1
core_neuralprophet_frozen_s2026,neuralprophet,frozen,selected,2026,15,2025-04-21 01:00:00,2025-04-25 12:00:00,108,98.24,True,True,60.56599807739258,3.4689830508375854,64.03498112823016,24,96,0.1
core_neuralprophet_frozen_s2026,neuralprophet,frozen,selected,2026,15,2025-04-21 01:00:00,2025-04-25 13:00:00,109,102.83,True,True,55.03157806396485,3.4689830508375854,58.50056111480244,24,96,0.1
core_neuralprophet_frozen_s2026,neuralprophet,frozen,selected,2026,15,2025-04-21 01:00:00,2025-04-25 14:00:00,110,108.25,True,True,63.49077606201172,3.4689830508375854,66.9597591128493,24,96,0.1
core_neuralprophet_frozen_s2026,neuralprophet,frozen,selected,2026,15,2025-04-21 01:00:00,2025-04-25 15:00:00,111,112.22,True,True,66.0283432006836,3.4689830508375854,69.49732625152117,24,96,0.1
core_neuralprophet_frozen_s2026,neuralprophet,frozen,selected,2026,15,2025-04-21 01:00:00,2025-04-25 16:00:00,112,112.43,True,True,59.59497833251953,3.4689830508375854,63.06396138335712,24,96,0.1
core_neuralprophet_frozen_s2026,neuralprophet,frozen,selected,2026,15,2025-04-21 01:00:00,2025-04-25 17:00:00,113,112.5,True,True,68.04939270019531,3.4689830508375854,71.51837575103289,24,96,0.1
core_neuralprophet_frozen_s2026,neuralprophet,frozen,selected,2026,15,2025-04-21 01:00:00,2025-04-25 18:00:00,114,111.81,True,True,61.69099426269531,3.4689830508375854,65.15997731353289,24,96,0.1
core_neuralprophet_frozen_s2026,neuralprophet,frozen,selected,2026,15,2025-04-21 01:00:00,2025-04-25 19:00:00,115,109.75,True,True,61.67307662963867,3.4689830508375854,65.14205968047625,24,96,0.1
core_neuralprophet_frozen_s2026,neuralprophet,frozen,selected,2026,15,2025-04-21 01:00:00,2025-04-25 20:00:00,116,109.51,True,True,57.99330520629883,3.4689830508375854,61.462288257136414,24,96,0.1
core_neuralprophet_frozen_s2026,neuralprophet,frozen,selected,2026,15,2025-04-21 01:00:00,2025-04-25 21:00:00,117,110.95,True,True,68.61882019042969,3.4689830508375854,72.08780324126727,24,96,0.1
core_neuralprophet_frozen_s2026,neuralprophet,frozen,selected,2026,15,2025-04-21 01:00:00,2025-04-25 22:00:00,118,112.76,True,True,82.83741760253906,3.4689830508375854,86.30640065337664,24,96,0.1
core_neuralprophet_frozen_s2026,neuralprophet,frozen,selected,2026,15,2025-04-21 01:00:00,2025-04-25 23:00:00,119,115.79,True,True,85.90465545654297,3.4689830508375854,89.37363850738055,24,96,0.1
core_neuralprophet_frozen_s2026,neuralprophet,frozen,selected,2026,15,2025-04-21 01:00:00,2025-04-26 00:00:00,120,119.86,True,True,88.90436553955078,3.4689830508375854,92.37334859038836,24,96,0.1
core_neuralprophet_frozen_s2026,neuralprophet,frozen,selected,2026,15,2025-04-21 01:00:00,2025-04-26 01:00:00,121,124.41,True,True,91.4948501586914,3.4689830508375854,94.96383320952899,24,96,0.1
core_neuralprophet_frozen_s2026,neuralprophet,frozen,selected,2026,15,2025-04-21 01:00:00,2025-04-26 02:00:00,122,127.17,True,True,98.11066436767578,3.4689830508375854,101.57964741851336,24,96,0.1
core_neuralprophet_frozen_s2026,neuralprophet,frozen,selected,2026,15,2025-04-21 01:00:00,2025-04-26 03:00:00,123,133.66,True,True,102.72921752929688,3.4689830508375854,106.19820058013445,24,96,0.1
core_neuralprophet_frozen_s2026,neuralprophet,frozen,selected,2026,15,2025-04-21 01:00:00,2025-04-26 04:00:00,124,166.8,True,True,93.23109436035156,3.4689830508375854,96.70007741118914,24,96,0.1
core_neuralprophet_frozen_s2026,neuralprophet,frozen,selected,2026,15,2025-04-21 01:00:00,2025-04-26 05:00:00,125,178.22,True,True,87.7674789428711,3.4689830508375854,91.23646199370867,24,96,0.1
core_neuralprophet_frozen_s2026,neuralprophet,frozen,selected,2026,15,2025-04-21 01:00:00,2025-04-26 06:00:00,126,178.08,True,True,81.19686126708984,3.4689830508375854,84.66584431792742,24,96,0.1
core_neuralprophet_frozen_s2026,neuralprophet,frozen,selected,2026,15,2025-04-21 01:00:00,2025-04-26 07:00:00,127,175.59,True,True,69.20010375976562,3.4689830508375854,72.6690868106032,24,96,0.1
core_neuralprophet_frozen_s2026,neuralprophet,frozen,selected,2026,15,2025-04-21 01:00:00,2025-04-26 08:00:00,128,168.91,True,True,65.6706771850586,3.4689830508375854,69.13966023589617,24,96,0.1
core_neuralprophet_frozen_s2026,neuralprophet,frozen,selected,2026,15,2025-04-21 01:00:00,2025-04-26 09:00:00,129,161.74,True,True,70.20138549804688,3.4689830508375854,73.67036854888445,24,96,0.1
core_neuralprophet_frozen_s2026,neuralprophet,frozen,selected,2026,15,2025-04-21 01:00:00,2025-04-26 10:00:00,130,157.03,True,True,58.94595336914063,3.4689830508375854,62.41493641997822,24,96,0.1
core_neuralprophet_frozen_s2026,neuralprophet,frozen,selected,2026,15,2025-04-21 01:00:00,2025-04-26 11:00:00,131,154.07,True,True,64.63980102539062,3.4689830508375854,68.1087840762282,24,96,0.1
core_neuralprophet_frozen_s2026,neuralprophet,frozen,selected,2026,15,2025-04-21 01:00:00,2025-04-26 12:00:00,132,152.02,True,True,65.63480377197266,3.4689830508375854,69.10378682281024,24,96,0.1
core_neuralprophet_frozen_s2026,neuralprophet,frozen,selected,2026,15,2025-04-21 01:00:00,2025-04-26 13:00:00,133,149.22,True,True,66.17505645751953,3.4689830508375854,69.64403950835711,24,96,0.1
core_neuralprophet_frozen_s2026,neuralprophet,frozen,selected,2026,15,2025-04-21 01:00:00,2025-04-26 14:00:00,134,149.3,True,True,65.44544982910156,3.4689830508375854,68.91443287993914,24,96,0.1
core_neuralprophet_frozen_s2026,neuralprophet,frozen,selected,2026,15,2025-04-21 01:00:00,2025-04-26 15:00:00,135,149.61,True,True,56.61438751220703,3.4689830508375854,60.08337056304462,24,96,0.1
core_neuralprophet_frozen_s2026,neuralprophet,frozen,selected,2026,15,2025-04-21 01:00:00,2025-04-26 16:00:00,136,146.47,True,True,71.19506072998047,3.4689830508375854,74.66404378081805,24,96,0.1
core_neuralprophet_frozen_s2026,neuralprophet,frozen,selected,2026,15,2025-04-21 01:00:00,2025-04-26 17:00:00,137,143.18,True,True,63.009765625,3.4689830508375854,66.47874867583758,24,96,0.1
core_neuralprophet_frozen_s2026,neuralprophet,frozen,selected,2026,15,2025-04-21 01:00:00,2025-04-26 18:00:00,138,134.26,True,True,63.4151496887207,3.4689830508375854,66.88413273955828,24,96,0.1
core_neuralprophet_frozen_s2026,neuralprophet,frozen,selected,2026,15,2025-04-21 01:00:00,2025-04-26 19:00:00,139,79.93,True,True,48.09409332275391,3.4689830508375854,51.5630763735915,24,96,0.1
core_neuralprophet_frozen_s2026,neuralprophet,frozen,selected,2026,15,2025-04-21 01:00:00,2025-04-26 20:00:00,140,46.27,True,True,42.088409423828125,3.4689830508375854,45.55739247466571,24,96,0.1
core_neuralprophet_frozen_s2026,neuralprophet,frozen,selected,2026,15,2025-04-21 01:00:00,2025-04-26 21:00:00,141,20.42,True,True,38.181861877441406,3.4689830508375854,41.65084492827899,24,96,0.1
core_neuralprophet_frozen_s2026,neuralprophet,frozen,selected,2026,15,2025-04-21 01:00:00,2025-04-26 22:00:00,142,5.25,True,True,14.961570739746094,3.4689830508375854,18.43055379058368,24,96,0.1
core_neuralprophet_frozen_s2026,neuralprophet,frozen,selected,2026,15,2025-04-21 01:00:00,2025-04-26 23:00:00,143,2.39,True,True,22.97585678100586,3.4689830508375854,26.444839831843446,24,96,0.1
core_neuralprophet_frozen_s2026,neuralprophet,frozen,selected,2026,15,2025-04-21 01:00:00,2025-04-27 00:00:00,144,2.2,True,True,30.89358711242676,3.4689830508375854,34.362570163264344,24,96,0.1
core_neuralprophet_frozen_s2026,neuralprophet,frozen,selected,2026,15,2025-04-21 01:00:00,2025-04-27 01:00:00,145,2.1,True,True,32.731719970703125,3.4689830508375854,36.20070302154071,24,96,0.1
core_neuralprophet_frozen_s2026,neuralprophet,frozen,selected,2026,15,2025-04-21 01:00:00,2025-04-27 02:00:00,146,2.25,True,True,37.434112548828125,3.4689830508375854,40.90309559966571,24,96,0.1
core_neuralprophet_frozen_s2026,neuralprophet,frozen,selected,2026,15,2025-04-21 01:00:00,2025-04-27 03:00:00,147,2.86,True,True,35.70818328857422,3.4689830508375854,39.177166339411805,24,96,0.1
core_neuralprophet_frozen_s2026,neuralprophet,frozen,selected,2026,15,2025-04-21 01:00:00,2025-04-27 04:00:00,148,3.35,True,True,38.67825698852539,3.4689830508375854,42.14724003936298,24,96,0.1
core_neuralprophet_frozen_s2026,neuralprophet,frozen,selected,2026,15,2025-04-21 01:00:00,2025-04-27 05:00:00,149,4.37,True,True,38.8762321472168,3.4689830508375854,42.34521519805438,24,96,0.1
core_neuralprophet_frozen_s2026,neuralprophet,frozen,selected,2026,15,2025-04-21 01:00:00,2025-04-27 06:00:00,150,5.97,True,True,34.64291763305664,3.4689830508375854,38.11190068389423,24,96,0.1
core_neuralprophet_frozen_s2026,neuralprophet,frozen,selected,2026,15,2025-04-21 01:00:00,2025-04-27 07:00:00,151,7.69,True,True,19.81088256835937,3.4689830508375854,23.279865619196958,24,96,0.1
core_neuralprophet_frozen_s2026,neuralprophet,frozen,selected,2026,15,2025-04-21 01:00:00,2025-04-27 08:00:00,152,9.47,True,True,39.9892578125,3.4689830508375854,43.458240863337586,24,96,0.1
core_neuralprophet_frozen_s2026,neuralprophet,frozen,selected,2026,15,2025-04-21 01:00:00,2025-04-27 09:00:00,153,11.38,True,True,26.68842887878418,3.4689830508375854,30.157411929621766,24,96,0.1
core_neuralprophet_frozen_s2026,neuralprophet,frozen,selected,2026,15,2025-04-21 01:00:00,2025-04-27 10:00:00,154,13.39,True,True,15.880657196044922,3.4689830508375854,19.349640246882508,24,96,0.1
core_neuralprophet_frozen_s2026,neuralprophet,frozen,selected,2026,15,2025-04-21 01:00:00,2025-04-27 11:00:00,155,15.17,True,True,5.3534345626831055,3.4689830508375854,8.822417613520692,24,96,0.1
core_neuralprophet_frozen_s2026,neuralprophet,frozen,selected,2026,15,2025-04-21 01:00:00,2025-04-27 12:00:00,156,16.92,True,True,19.37998962402344,3.4689830508375854,22.848972674861027,24,96,0.1
core_neuralprophet_frozen_s2026,neuralprophet,frozen,selected,2026,15,2025-04-21 01:00:00,2025-04-27 13:00:00,157,18.5,True,True,10.910225868225098,3.4689830508375854,14.379208919062684,24,96,0.1
core_neuralprophet_frozen_s2026,neuralprophet,frozen,selected,2026,15,2025-04-21 01:00:00,2025-04-27 14:00:00,158,20.36,True,True,15.94233226776123,3.4689830508375854,19.411315318598817,24,96,0.1
core_neuralprophet_frozen_s2026,neuralprophet,frozen,selected,2026,15,2025-04-21 01:00:00,2025-04-27 15:00:00,159,22.2,True,True,13.398744583129885,3.4689830508375854,16.86772763396747,24,96,0.1
core_neuralprophet_frozen_s2026,neuralprophet,frozen,selected,2026,15,2025-04-21 01:00:00,2025-04-27 16:00:00,160,23.19,True,True,13.502277374267578,3.4689830508375854,16.971260425105164,24,96,0.1
core_neuralprophet_frozen_s2026,neuralprophet,frozen,selected,2026,15,2025-04-21 01:00:00,2025-04-27 17:00:00,161,24.22,True,True,14.214627265930176,3.4689830508375854,17.683610316767762,24,96,0.1
core_neuralprophet_frozen_s2026,neuralprophet,frozen,selected,2026,15,2025-04-21 01:00:00,2025-04-27 18:00:00,162,25.79,True,True,25.372051239013672,3.4689830508375854,28.841034289851258,24,96,0.1
core_neuralprophet_frozen_s2026,neuralprophet,frozen,selected,2026,15,2025-04-21 01:00:00,2025-04-27 19:00:00,163,27.7,True,True,33.22255325317383,3.4689830508375854,36.691536304011414,24,96,0.1
core_neuralprophet_frozen_s2026,neuralprophet,frozen,selected,2026,15,2025-04-21 01:00:00,2025-04-27 20:00:00,164,29.08,True,True,37.84164047241211,3.4689830508375854,41.310623523249696,24,96,0.1
core_neuralprophet_frozen_s2026,neuralprophet,frozen,selected,2026,15,2025-04-21 01:00:00,2025-04-27 21:00:00,165,28.78,True,True,39.18621444702149,3.4689830508375854,42.65519749785908,24,96,0.1
core_neuralprophet_frozen_s2026,neuralprophet,frozen,selected,2026,15,2025-04-21 01:00:00,2025-04-27 22:00:00,166,26.49,True,True,48.51768112182617,3.4689830508375854,51.98666417266376,24,96,0.1
core_neuralprophet_frozen_s2026,neuralprophet,frozen,selected,2026,15,2025-04-21 01:00:00,2025-04-27 23:00:00,167,23.45,True,True,32.0041389465332,3.4689830508375854,35.47312199737079,24,96,0.1
core_neuralprophet_frozen_s2026,neuralprophet,frozen,selected,2026,15,2025-04-21 01:00:00,2025-04-28 00:00:00,168,21.53,True,True,44.24791717529297,3.4689830508375854,47.716900226130555,24,96,0.1
core_neuralprophet_frozen_s2026,neuralprophet,frozen,selected,2026,16,2025-04-28 01:00:00,2025-04-28 01:00:00,1,22.19,True,True,37.2935905456543,3.811031336745074,41.10462188239937,0,0,0.1
core_neuralprophet_frozen_s2026,neuralprophet,frozen,selected,2026,16,2025-04-28 01:00:00,2025-04-28 02:00:00,2,26.54,True,True,46.2762336730957,3.811031336745074,50.08726500984078,0,0,0.1
core_neuralprophet_frozen_s2026,neuralprophet,frozen,selected,2026,16,2025-04-28 01:00:00,2025-04-28 03:00:00,3,35.48,True,True,55.25334167480469,3.811031336745074,59.06437301154976,0,0,0.1
core_neuralprophet_frozen_s2026,neuralprophet,frozen,selected,2026,16,2025-04-28 01:00:00,2025-04-28 04:00:00,4,30.33,True,True,46.08988952636719,3.811031336745074,49.90092086311226,0,0,0.1
core_neuralprophet_frozen_s2026,neuralprophet,frozen,selected,2026,16,2025-04-28 01:00:00,2025-04-28 05:00:00,5,36.13,True,True,50.24782180786133,3.811031336745074,54.0588531446064,0,0,0.1
core_neuralprophet_frozen_s2026,neuralprophet,frozen,selected,2026,16,2025-04-28 01:00:00,2025-04-28 06:00:00,6,47.26,True,True,53.22841262817383,3.811031336745074,57.0394439649189,0,0,0.1
core_neuralprophet_frozen_s2026,neuralprophet,frozen,selected,2026,16,2025-04-28 01:00:00,2025-04-28 07:00:00,7,58.62,True,True,52.64783477783203,3.811031336745074,56.458866114577106,0,0,0.1
core_neuralprophet_frozen_s2026,neuralprophet,frozen,selected,2026,16,2025-04-28 01:00:00,2025-04-28 08:00:00,8,67.43,True,True,61.79758071899414,3.811031336745074,65.60861205573921,0,0,0.1
core_neuralprophet_frozen_s2026,neuralprophet,frozen,selected,2026,16,2025-04-28 01:00:00,2025-04-28 09:00:00,9,72.08,True,True,57.28396987915039,3.811031336745074,61.095001215895465,0,0,0.1
core_neuralprophet_frozen_s2026,neuralprophet,frozen,selected,2026,16,2025-04-28 01:00:00,2025-04-28 10:00:00,10,74.14,True,True,45.19573593139648,3.811031336745074,49.00676726814155,0,0,0.1
core_neuralprophet_frozen_s2026,neuralprophet,frozen,selected,2026,16,2025-04-28 01:00:00,2025-04-28 11:00:00,11,75.93,True,True,55.05610275268555,3.811031336745074,58.86713408943062,0,0,0.1
core_neuralprophet_frozen_s2026,neuralprophet,frozen,selected,2026,16,2025-04-28 01:00:00,2025-04-28 12:00:00,12,76.86,True,True,49.360687255859375,3.811031336745074,53.17171859260445,0,0,0.1
core_neuralprophet_frozen_s2026,neuralprophet,frozen,selected,2026,16,2025-04-28 01:00:00,2025-04-28 13:00:00,13,76.48,True,True,47.76945877075195,3.811031336745074,51.58049010749703,0,0,0.1
core_neuralprophet_frozen_s2026,neuralprophet,frozen,selected,2026,16,2025-04-28 01:00:00,2025-04-28 14:00:00,14,76.49,True,True,56.27389907836914,3.811031336745074,60.084930415114215,0,0,0.1
core_neuralprophet_frozen_s2026,neuralprophet,frozen,selected,2026,16,2025-04-28 01:00:00,2025-04-28 15:00:00,15,74.55,True,True,48.14784240722656,3.811031336745074,51.95887374397164,0,0,0.1
core_neuralprophet_frozen_s2026,neuralprophet,frozen,selected,2026,16,2025-04-28 01:00:00,2025-04-28 16:00:00,16,67.96,True,True,54.53339767456055,3.811031336745074,58.34442901130562,0,0,0.1
core_neuralprophet_frozen_s2026,neuralprophet,frozen,selected,2026,16,2025-04-28 01:00:00,2025-04-28 17:00:00,17,60.95,True,True,48.627079010009766,3.811031336745074,52.43811034675484,0,0,0.1
core_neuralprophet_frozen_s2026,neuralprophet,frozen,selected,2026,16,2025-04-28 01:00:00,2025-04-28 18:00:00,18,56.13,True,True,47.268924713134766,3.811031336745074,51.07995604987984,0,0,0.1
core_neuralprophet_frozen_s2026,neuralprophet,frozen,selected,2026,16,2025-04-28 01:00:00,2025-04-28 19:00:00,19,54.39,True,True,36.214168548583984,3.811031336745074,40.02519988532906,0,0,0.1
core_neuralprophet_frozen_s2026,neuralprophet,frozen,selected,2026,16,2025-04-28 01:00:00,2025-04-28 20:00:00,20,55.22,True,True,31.8712100982666,3.811031336745074,35.682241435011676,0,0,0.1
core_neuralprophet_frozen_s2026,neuralprophet,frozen,selected,2026,16,2025-04-28 01:00:00,2025-04-28 21:00:00,21,57.62,True,True,33.01784133911133,3.811031336745074,36.8288726758564,0,0,0.1
core_neuralprophet_frozen_s2026,neuralprophet,frozen,selected,2026,16,2025-04-28 01:00:00,2025-04-28 22:00:00,22,60.3,True,True,42.45668029785156,3.811031336745074,46.26771163459664,0,0,0.1
core_neuralprophet_frozen_s2026,neuralprophet,frozen,selected,2026,16,2025-04-28 01:00:00,2025-04-28 23:00:00,23,62.71,True,True,41.27731704711914,3.811031336745074,45.088348383864215,0,0,0.1
core_neuralprophet_frozen_s2026,neuralprophet,frozen,selected,2026,16,2025-04-28 01:00:00,2025-04-29 00:00:00,24,64.32,True,True,38.357078552246094,3.811031336745074,42.16810988899117,0,0,0.1
core_neuralprophet_frozen_s2026,neuralprophet,frozen,selected,2026,16,2025-04-28 01:00:00,2025-04-29 01:00:00,25,64.31,True,True,33.66112518310547,3.811031336745074,37.47215651985054,0,0,0.1
core_neuralprophet_frozen_s2026,neuralprophet,frozen,selected,2026,16,2025-04-28 01:00:00,2025-04-29 02:00:00,26,65.02,True,True,33.34342575073242,3.811031336745074,37.154457087477496,0,0,0.1
core_neuralprophet_frozen_s2026,neuralprophet,frozen,selected,2026,16,2025-04-28 01:00:00,2025-04-29 03:00:00,27,67.37,True,True,28.269067764282227,3.811031336745074,32.0800991010273,0,0,0.1
core_neuralprophet_frozen_s2026,neuralprophet,frozen,selected,2026,16,2025-04-28 01:00:00,2025-04-29 04:00:00,28,55.43,True,True,13.45070743560791,3.811031336745074,17.261738772352984,0,0,0.1
core_neuralprophet_frozen_s2026,neuralprophet,frozen,selected,2026,16,2025-04-28 01:00:00,2025-04-29 05:00:00,29,35.4,True,True,18.990583419799805,3.811031336745074,22.80161475654488,0,0,0.1
core_neuralprophet_frozen_s2026,neuralprophet,frozen,selected,2026,16,2025-04-28 01:00:00,2025-04-29 06:00:00,30,23.89,True,True,15.576497077941896,3.811031336745074,19.38752841468697,0,0,0.1
core_neuralprophet_frozen_s2026,neuralprophet,frozen,selected,2026,16,2025-04-28 01:00:00,2025-04-29 07:00:00,31,17.38,True,True,8.235363960266113,3.811031336745074,12.046395297011188,0,0,0.1
core_neuralprophet_frozen_s2026,neuralprophet,frozen,selected,2026,16,2025-04-28 01:00:00,2025-04-29 08:00:00,32,16.68,True,True,14.197949409484863,3.811031336745074,18.008980746229938,0,0,0.1
core_neuralprophet_frozen_s2026,neuralprophet,frozen,selected,2026,16,2025-04-28 01:00:00,2025-04-29 09:00:00,33,16.48,True,True,13.353252410888672,3.811031336745074,17.164283747633746,0,0,0.1
core_neuralprophet_frozen_s2026,neuralprophet,frozen,selected,2026,16,2025-04-28 01:00:00,2025-04-29 10:00:00,34,16.57,True,True,13.826913833618164,3.811031336745074,17.63794517036324,0,0,0.1
core_neuralprophet_frozen_s2026,neuralprophet,frozen,selected,2026,16,2025-04-28 01:00:00,2025-04-29 11:00:00,35,17.29,True,True,6.1745195388793945,3.811031336745074,9.985550875624469,0,0,0.1
core_neuralprophet_frozen_s2026,neuralprophet,frozen,selected,2026,16,2025-04-28 01:00:00,2025-04-29 12:00:00,36,18.41,True,True,11.709720611572266,3.811031336745074,15.52075194831734,0,0,0.1
core_neuralprophet_frozen_s2026,neuralprophet,frozen,selected,2026,16,2025-04-28 01:00:00,2025-04-29 13:00:00,37,19.63,True,True,15.34854221343994,3.811031336745074,19.159573550185012,0,0,0.1
core_neuralprophet_frozen_s2026,neuralprophet,frozen,selected,2026,16,2025-04-28 01:00:00,2025-04-29 14:00:00,38,21.47,True,True,20.8475399017334,3.811031336745074,24.658571238478473,0,0,0.1
core_neuralprophet_frozen_s2026,neuralprophet,frozen,selected,2026,16,2025-04-28 01:00:00,2025-04-29 15:00:00,39,23.16,True,True,11.70233154296875,3.811031336745074,15.513362879713824,0,0,0.1
core_neuralprophet_frozen_s2026,neuralprophet,frozen,selected,2026,16,2025-04-28 01:00:00,2025-04-29 16:00:00,40,24.08,True,True,15.53348159790039,3.811031336745074,19.344512934645465,0,0,0.1
core_neuralprophet_frozen_s2026,neuralprophet,frozen,selected,2026,16,2025-04-28 01:00:00,2025-04-29 17:00:00,41,25.21,True,True,19.22625732421875,3.811031336745074,23.037288660963824,0,0,0.1
core_neuralprophet_frozen_s2026,neuralprophet,frozen,selected,2026,16,2025-04-28 01:00:00,2025-04-29 18:00:00,42,26.58,True,True,21.74924659729004,3.811031336745074,25.560277934035113,0,0,0.1
core_neuralprophet_frozen_s2026,neuralprophet,frozen,selected,2026,16,2025-04-28 01:00:00,2025-04-29 19:00:00,43,28.12,True,True,24.591835021972656,3.811031336745074,28.40286635871773,0,0,0.1
core_neuralprophet_frozen_s2026,neuralprophet,frozen,selected,2026,16,2025-04-28 01:00:00,2025-04-29 20:00:00,44,30.63,True,True,24.88187599182129,3.811031336745074,28.692907328566363,0,0,0.1
core_neuralprophet_frozen_s2026,neuralprophet,frozen,selected,2026,16,2025-04-28 01:00:00,2025-04-29 21:00:00,45,34.63,True,True,35.30765151977539,3.811031336745074,39.118682856520465,0,0,0.1
core_neuralprophet_frozen_s2026,neuralprophet,frozen,selected,2026,16,2025-04-28 01:00:00,2025-04-29 22:00:00,46,44.43,True,True,42.092994689941406,3.811031336745074,45.90402602668648,0,0,0.1
core_neuralprophet_frozen_s2026,neuralprophet,frozen,selected,2026,16,2025-04-28 01:00:00,2025-04-29 23:00:00,47,50.92,True,True,51.48873901367188,3.811031336745074,55.299770350416956,0,0,0.1
core_neuralprophet_frozen_s2026,neuralprophet,frozen,selected,2026,16,2025-04-28 01:00:00,2025-04-30 00:00:00,48,54.0,True,True,49.08335876464844,3.811031336745074,52.89439010139351,0,0,0.1
core_neuralprophet_frozen_s2026,neuralprophet,frozen,selected,2026,16,2025-04-28 01:00:00,2025-04-30 01:00:00,49,58.78,True,True,53.71148681640625,3.811031336745074,57.522518153151324,0,0,0.1
core_neuralprophet_frozen_s2026,neuralprophet,frozen,selected,2026,16,2025-04-28 01:00:00,2025-04-30 02:00:00,50,59.43,True,True,50.20088577270508,3.811031336745074,54.01191710945015,0,0,0.1
core_neuralprophet_frozen_s2026,neuralprophet,frozen,selected,2026,16,2025-04-28 01:00:00,2025-04-30 03:00:00,51,59.05,True,True,55.089168548583984,3.811031336745074,58.90019988532906,0,0,0.1
core_neuralprophet_frozen_s2026,neuralprophet,frozen,selected,2026,16,2025-04-28 01:00:00,2025-04-30 04:00:00,52,44.67,True,True,47.29959487915039,3.811031336745074,51.110626215895465,0,0,0.1
core_neuralprophet_frozen_s2026,neuralprophet,frozen,selected,2026,16,2025-04-28 01:00:00,2025-04-30 05:00:00,53,41.78,True,True,45.14685821533203,3.811031336745074,48.957889552077106,0,0,0.1
core_neuralprophet_frozen_s2026,neuralprophet,frozen,selected,2026,16,2025-04-28 01:00:00,2025-04-30 06:00:00,54,41.48,True,True,43.283958435058594,3.811031336745074,47.09498977180367,0,0,0.1
core_neuralprophet_frozen_s2026,neuralprophet,frozen,selected,2026,16,2025-04-28 01:00:00,2025-04-30 07:00:00,55,38.05,True,True,56.66218948364258,3.811031336745074,60.47322082038765,0,0,0.1
core_neuralprophet_frozen_s2026,neuralprophet,frozen,selected,2026,16,2025-04-28 01:00:00,2025-04-30 08:00:00,56,31.35,True,True,68.86238098144531,3.811031336745074,72.67341231819039,0,0,0.1
core_neuralprophet_frozen_s2026,neuralprophet,frozen,selected,2026,16,2025-04-28 01:00:00,2025-04-30 09:00:00,57,22.48,True,True,60.49226760864258,3.811031336745074,64.30329894538765,0,0,0.1
core_neuralprophet_frozen_s2026,neuralprophet,frozen,selected,2026,16,2025-04-28 01:00:00,2025-04-30 10:00:00,58,16.3,True,True,79.72753143310547,3.811031336745074,83.53856276985054,0,0,0.1
core_neuralprophet_frozen_s2026,neuralprophet,frozen,selected,2026,16,2025-04-28 01:00:00,2025-04-30 11:00:00,59,15.64,True,True,82.57685089111328,3.811031336745074,86.38788222785836,0,0,0.1
core_neuralprophet_frozen_s2026,neuralprophet,frozen,selected,2026,16,2025-04-28 01:00:00,2025-04-30 12:00:00,60,17.16,True,True,92.3026351928711,3.811031336745074,96.11366652961617,0,0,0.1
core_neuralprophet_frozen_s2026,neuralprophet,frozen,selected,2026,16,2025-04-28 01:00:00,2025-04-30 13:00:00,61,19.88,True,True,98.95040893554688,3.811031336745074,102.76144027229195,0,0,0.1
core_neuralprophet_frozen_s2026,neuralprophet,frozen,selected,2026,16,2025-04-28 01:00:00,2025-04-30 14:00:00,62,22.64,True,True,107.53196716308594,3.811031336745074,111.34299849983101,0,0,0.1
core_neuralprophet_frozen_s2026,neuralprophet,frozen,selected,2026,16,2025-04-28 01:00:00,2025-04-30 15:00:00,63,24.2,True,True,111.26676177978516,3.811031336745074,115.07779311653023,0,0,0.1
core_neuralprophet_frozen_s2026,neuralprophet,frozen,selected,2026,16,2025-04-28 01:00:00,2025-04-30 16:00:00,64,23.42,True,True,109.3985366821289,3.811031336745074,113.20956801887398,0,0,0.1
core_neuralprophet_frozen_s2026,neuralprophet,frozen,selected,2026,16,2025-04-28 01:00:00,2025-04-30 17:00:00,65,22.61,True,True,103.36519622802734,3.811031336745074,107.17622756477242,0,0,0.1
core_neuralprophet_frozen_s2026,neuralprophet,frozen,selected,2026,16,2025-04-28 01:00:00,2025-04-30 18:00:00,66,22.06,True,True,99.3893585205078,3.811031336745074,103.20038985725287,0,0,0.1
core_neuralprophet_frozen_s2026,neuralprophet,frozen,selected,2026,16,2025-04-28 01:00:00,2025-04-30 19:00:00,67,21.33,True,True,87.8013687133789,3.811031336745074,91.61240005012398,0,0,0.1
core_neuralprophet_frozen_s2026,neuralprophet,frozen,selected,2026,16,2025-04-28 01:00:00,2025-04-30 20:00:00,68,20.74,True,True,90.2411880493164,3.811031336745074,94.05221938606148,0,0,0.1
core_neuralprophet_frozen_s2026,neuralprophet,frozen,selected,2026,16,2025-04-28 01:00:00,2025-04-30 21:00:00,69,20.1,True,True,68.4118423461914,3.811031336745074,72.22287368293648,0,0,0.1
core_neuralprophet_frozen_s2026,neuralprophet,frozen,selected,2026,16,2025-04-28 01:00:00,2025-04-30 22:00:00,70,18.95,True,True,68.78890228271484,3.811031336745074,72.59993361945992,0,0,0.1
core_neuralprophet_frozen_s2026,neuralprophet,frozen,selected,2026,16,2025-04-28 01:00:00,2025-04-30 23:00:00,71,18.27,True,True,63.46134185791016,3.811031336745074,67.27237319465523,0,0,0.1
core_neuralprophet_frozen_s2026,neuralprophet,frozen,selected,2026,16,2025-04-28 01:00:00,2025-05-01 00:00:00,72,18.18,True,True,67.01203155517578,3.811031336745074,70.82306289192086,0,0,0.1
core_neuralprophet_frozen_s2026,neuralprophet,frozen,selected,2026,16,2025-04-28 01:00:00,2025-05-01 01:00:00,73,15.54,True,True,65.41341400146484,3.811031336745074,69.22444533820992,0,0,0.1
core_neuralprophet_frozen_s2026,neuralprophet,frozen,selected,2026,16,2025-04-28 01:00:00,2025-05-01 02:00:00,74,16.06,True,True,59.95247268676758,3.811031336745074,63.76350402351265,0,0,0.1
core_neuralprophet_frozen_s2026,neuralprophet,frozen,selected,2026,16,2025-04-28 01:00:00,2025-05-01 03:00:00,75,17.33,True,True,48.77839279174805,3.811031336745074,52.58942412849312,0,0,0.1
core_neuralprophet_frozen_s2026,neuralprophet,frozen,selected,2026,16,2025-04-28 01:00:00,2025-05-01 04:00:00,76,14.04,True,True,42.4094352722168,3.811031336745074,46.22046660896187,0,0,0.1
core_neuralprophet_frozen_s2026,neuralprophet,frozen,selected,2026,16,2025-04-28 01:00:00,2025-05-01 05:00:00,77,14.73,True,True,49.18041229248047,3.811031336745074,52.99144362922554,0,0,0.1
core_neuralprophet_frozen_s2026,neuralprophet,frozen,selected,2026,16,2025-04-28 01:00:00,2025-05-01 06:00:00,78,16.17,True,True,41.90351104736328,3.811031336745074,45.714542384108356,0,0,0.1
core_neuralprophet_frozen_s2026,neuralprophet,frozen,selected,2026,16,2025-04-28 01:00:00,2025-05-01 07:00:00,79,17.55,True,True,43.12333297729492,3.811031336745074,46.934364314039996,0,0,0.1
core_neuralprophet_frozen_s2026,neuralprophet,frozen,selected,2026,16,2025-04-28 01:00:00,2025-05-01 08:00:00,80,18.82,True,True,59.21989822387695,3.811031336745074,63.03092956062203,0,0,0.1
core_neuralprophet_frozen_s2026,neuralprophet,frozen,selected,2026,16,2025-04-28 01:00:00,2025-05-01 09:00:00,81,19.62,True,True,50.66641616821289,3.811031336745074,54.477447504957965,0,0,0.1
core_neuralprophet_frozen_s2026,neuralprophet,frozen,selected,2026,16,2025-04-28 01:00:00,2025-05-01 10:00:00,82,20.58,True,True,44.07478332519531,3.811031336745074,47.88581466194039,0,0,0.1
core_neuralprophet_frozen_s2026,neuralprophet,frozen,selected,2026,16,2025-04-28 01:00:00,2025-05-01 11:00:00,83,21.79,True,True,47.397762298583984,3.811031336745074,51.20879363532906,0,0,0.1
core_neuralprophet_frozen_s2026,neuralprophet,frozen,selected,2026,16,2025-04-28 01:00:00,2025-05-01 12:00:00,84,22.77,True,True,39.61805725097656,3.811031336745074,43.42908858772164,0,0,0.1
core_neuralprophet_frozen_s2026,neuralprophet,frozen,selected,2026,16,2025-04-28 01:00:00,2025-05-01 13:00:00,85,23.46,True,True,34.862205505371094,3.811031336745074,38.67323684211617,0,0,0.1
core_neuralprophet_frozen_s2026,neuralprophet,frozen,selected,2026,16,2025-04-28 01:00:00,2025-05-01 14:00:00,86,24.92,True,True,34.75846481323242,3.811031336745074,38.569496149977496,0,0,0.1
core_neuralprophet_frozen_s2026,neuralprophet,frozen,selected,2026,16,2025-04-28 01:00:00,2025-05-01 15:00:00,87,27.03,True,True,41.522403717041016,3.811031336745074,45.33343505378609,0,0,0.1
core_neuralprophet_frozen_s2026,neuralprophet,frozen,selected,2026,16,2025-04-28 01:00:00,2025-05-01 16:00:00,88,28.78,True,True,44.078086853027344,3.811031336745074,47.88911818977242,0,0,0.1
core_neuralprophet_frozen_s2026,neuralprophet,frozen,selected,2026,16,2025-04-28 01:00:00,2025-05-01 17:00:00,89,31.18,True,True,36.32942581176758,3.811031336745074,40.14045714851265,0,0,0.1
core_neuralprophet_frozen_s2026,neuralprophet,frozen,selected,2026,16,2025-04-28 01:00:00,2025-05-01 18:00:00,90,34.31,True,True,36.92878723144531,3.811031336745074,40.73981856819039,0,0,0.1
core_neuralprophet_frozen_s2026,neuralprophet,frozen,selected,2026,16,2025-04-28 01:00:00,2025-05-01 19:00:00,91,37.34,True,True,23.237808227539062,3.811031336745074,27.048839564284137,0,0,0.1
core_neuralprophet_frozen_s2026,neuralprophet,frozen,selected,2026,16,2025-04-28 01:00:00,2025-05-01 20:00:00,92,40.61,True,True,13.84825611114502,3.811031336745074,17.659287447890094,0,0,0.1
core_neuralprophet_frozen_s2026,neuralprophet,frozen,selected,2026,16,2025-04-28 01:00:00,2025-05-01 21:00:00,93,43.76,True,True,25.504356384277344,3.811031336745074,29.315387721022418,0,0,0.1
core_neuralprophet_frozen_s2026,neuralprophet,frozen,selected,2026,16,2025-04-28 01:00:00,2025-05-01 22:00:00,94,45.48,True,True,29.493120193481445,3.811031336745074,33.30415153022652,0,0,0.1
core_neuralprophet_frozen_s2026,neuralprophet,frozen,selected,2026,16,2025-04-28 01:00:00,2025-05-01 23:00:00,95,46.39,True,True,37.437950134277344,3.811031336745074,41.24898147102242,0,0,0.1
core_neuralprophet_frozen_s2026,neuralprophet,frozen,selected,2026,16,2025-04-28 01:00:00,2025-05-02 00:00:00,96,46.55,True,True,46.94948959350586,3.811031336745074,50.760520930250934,0,0,0.1
core_neuralprophet_frozen_s2026,neuralprophet,frozen,selected,2026,16,2025-04-28 01:00:00,2025-05-02 01:00:00,97,46.72,True,True,48.92500305175781,3.811031336745074,52.73603438850289,0,0,0.1
core_neuralprophet_frozen_s2026,neuralprophet,frozen,selected,2026,16,2025-04-28 01:00:00,2025-05-02 02:00:00,98,0.0,True,True,53.95901107788086,3.811031336745074,57.770042414625934,0,0,0.1
core_neuralprophet_frozen_s2026,neuralprophet,frozen,selected,2026,16,2025-04-28 01:00:00,2025-05-02 03:00:00,99,48.42,True,True,48.35835647583008,3.811031336745074,52.16938781257515,0,0,0.1
core_neuralprophet_frozen_s2026,neuralprophet,frozen,selected,2026,16,2025-04-28 01:00:00,2025-05-02 04:00:00,100,51.74,True,True,39.71688461303711,3.811031336745074,43.527915949782184,0,0,0.1
core_neuralprophet_frozen_s2026,neuralprophet,frozen,selected,2026,16,2025-04-28 01:00:00,2025-05-02 05:00:00,101,49.36,True,True,45.5150260925293,3.811031336745074,49.32605742927437,0,0,0.1
core_neuralprophet_frozen_s2026,neuralprophet,frozen,selected,2026,16,2025-04-28 01:00:00,2025-05-02 06:00:00,102,48.76,True,True,50.61865234375,3.811031336745074,54.429683680495074,0,0,0.1
core_neuralprophet_frozen_s2026,neuralprophet,frozen,selected,2026,16,2025-04-28 01:00:00,2025-05-02 07:00:00,103,47.14,True,True,47.968353271484375,3.811031336745074,51.77938460822945,0,0,0.1
core_neuralprophet_frozen_s2026,neuralprophet,frozen,selected,2026,16,2025-04-28 01:00:00,2025-05-02 08:00:00,104,44.02,True,True,57.25647735595703,3.811031336745074,61.067508692702106,0,0,0.1
core_neuralprophet_frozen_s2026,neuralprophet,frozen,selected,2026,16,2025-04-28 01:00:00,2025-05-02 09:00:00,105,39.1,True,True,60.40384292602539,3.811031336745074,64.21487426277046,0,0,0.1
core_neuralprophet_frozen_s2026,neuralprophet,frozen,selected,2026,16,2025-04-28 01:00:00,2025-05-02 10:00:00,106,32.99,True,True,53.30899429321289,3.811031336745074,57.120025629957965,0,0,0.1
core_neuralprophet_frozen_s2026,neuralprophet,frozen,selected,2026,16,2025-04-28 01:00:00,2025-05-02 11:00:00,107,28.2,True,True,49.94506454467773,3.811031336745074,53.7560958814228,0,0,0.1
core_neuralprophet_frozen_s2026,neuralprophet,frozen,selected,2026,16,2025-04-28 01:00:00,2025-05-02 12:00:00,108,24.65,True,True,62.52727127075195,3.811031336745074,66.33830260749703,0,0,0.1
core_neuralprophet_frozen_s2026,neuralprophet,frozen,selected,2026,16,2025-04-28 01:00:00,2025-05-02 13:00:00,109,24.45,True,True,61.19239807128906,3.811031336745074,65.00342940803414,0,0,0.1
core_neuralprophet_frozen_s2026,neuralprophet,frozen,selected,2026,16,2025-04-28 01:00:00,2025-05-02 14:00:00,110,27.36,True,True,81.85822296142578,3.811031336745074,85.66925429817086,0,0,0.1
core_neuralprophet_frozen_s2026,neuralprophet,frozen,selected,2026,16,2025-04-28 01:00:00,2025-05-02 15:00:00,111,30.12,True,True,85.5453872680664,3.811031336745074,89.35641860481148,0,0,0.1
core_neuralprophet_frozen_s2026,neuralprophet,frozen,selected,2026,16,2025-04-28 01:00:00,2025-05-02 16:00:00,112,30.93,True,True,91.08855438232422,3.811031336745074,94.8995857190693,0,0,0.1
core_neuralprophet_frozen_s2026,neuralprophet,frozen,selected,2026,16,2025-04-28 01:00:00,2025-05-02 17:00:00,113,30.3,True,True,86.75146484375,3.811031336745074,90.56249618049507,0,0,0.1
core_neuralprophet_frozen_s2026,neuralprophet,frozen,selected,2026,16,2025-04-28 01:00:00,2025-05-02 18:00:00,114,27.63,True,True,80.42295837402344,3.811031336745074,84.23398971076851,0,0,0.1
core_neuralprophet_frozen_s2026,neuralprophet,frozen,selected,2026,16,2025-04-28 01:00:00,2025-05-02 19:00:00,115,17.99,True,True,63.40169143676758,3.811031336745074,67.21272277351265,0,0,0.1
core_neuralprophet_frozen_s2026,neuralprophet,frozen,selected,2026,16,2025-04-28 01:00:00,2025-05-02 20:00:00,116,11.01,True,True,56.30419921875,3.811031336745074,60.115230555495074,0,0,0.1
core_neuralprophet_frozen_s2026,neuralprophet,frozen,selected,2026,16,2025-04-28 01:00:00,2025-05-02 21:00:00,117,6.61,True,True,43.150123596191406,3.811031336745074,46.96115493293648,0,0,0.1
core_neuralprophet_frozen_s2026,neuralprophet,frozen,selected,2026,16,2025-04-28 01:00:00,2025-05-02 22:00:00,118,3.89,True,True,58.26658630371094,3.811031336745074,62.07761764045601,0,0,0.1
core_neuralprophet_frozen_s2026,neuralprophet,frozen,selected,2026,16,2025-04-28 01:00:00,2025-05-02 23:00:00,119,2.54,True,True,43.99651336669922,3.811031336745074,47.80754470344429,0,0,0.1
core_neuralprophet_frozen_s2026,neuralprophet,frozen,selected,2026,16,2025-04-28 01:00:00,2025-05-03 00:00:00,120,2.17,True,True,42.80885314941406,3.811031336745074,46.61988448615914,0,0,0.1
core_neuralprophet_frozen_s2026,neuralprophet,frozen,selected,2026,16,2025-04-28 01:00:00,2025-05-03 01:00:00,121,2.0,True,True,43.17955780029297,3.811031336745074,46.99058913703804,0,0,0.1
core_neuralprophet_frozen_s2026,neuralprophet,frozen,selected,2026,16,2025-04-28 01:00:00,2025-05-03 02:00:00,122,2.24,True,True,48.89767456054688,3.811031336745074,52.708705897291956,0,0,0.1
core_neuralprophet_frozen_s2026,neuralprophet,frozen,selected,2026,16,2025-04-28 01:00:00,2025-05-03 03:00:00,123,2.62,True,True,47.08394241333008,3.811031336745074,50.89497375007515,0,0,0.1
core_neuralprophet_frozen_s2026,neuralprophet,frozen,selected,2026,16,2025-04-28 01:00:00,2025-05-03 04:00:00,124,2.58,True,True,60.951148986816406,3.811031336745074,64.76218032356148,0,0,0.1
core_neuralprophet_frozen_s2026,neuralprophet,frozen,selected,2026,16,2025-04-28 01:00:00,2025-05-03 05:00:00,125,2.88,True,True,64.4117660522461,3.811031336745074,68.22279738899117,0,0,0.1
core_neuralprophet_frozen_s2026,neuralprophet,frozen,selected,2026,16,2025-04-28 01:00:00,2025-05-03 06:00:00,126,3.4,True,True,70.33149719238281,3.811031336745074,74.14252852912789,0,0,0.1
core_neuralprophet_frozen_s2026,neuralprophet,frozen,selected,2026,16,2025-04-28 01:00:00,2025-05-03 07:00:00,127,4.03,True,True,72.53468322753906,3.811031336745074,76.34571456428414,0,0,0.1
core_neuralprophet_frozen_s2026,neuralprophet,frozen,selected,2026,16,2025-04-28 01:00:00,2025-05-03 08:00:00,128,4.63,True,True,73.94691467285156,3.811031336745074,77.75794600959664,0,0,0.1
core_neuralprophet_frozen_s2026,neuralprophet,frozen,selected,2026,16,2025-04-28 01:00:00,2025-05-03 09:00:00,129,5.09,True,True,79.69112396240234,3.811031336745074,83.50215529914742,0,0,0.1
core_neuralprophet_frozen_s2026,neuralprophet,frozen,selected,2026,16,2025-04-28 01:00:00,2025-05-03 10:00:00,130,5.84,True,True,58.50663757324219,3.811031336745074,62.31766890998726,0,0,0.1
core_neuralprophet_frozen_s2026,neuralprophet,frozen,selected,2026,16,2025-04-28 01:00:00,2025-05-03 11:00:00,131,6.81,True,True,62.727813720703125,3.811031336745074,66.5388450574482,0,0,0.1
core_neuralprophet_frozen_s2026,neuralprophet,frozen,selected,2026,16,2025-04-28 01:00:00,2025-05-03 12:00:00,132,7.64,True,True,49.10899353027344,3.811031336745074,52.92002486701851,0,0,0.1
core_neuralprophet_frozen_s2026,neuralprophet,frozen,selected,2026,16,2025-04-28 01:00:00,2025-05-03 13:00:00,133,8.22,True,True,52.920166015625,3.811031336745074,56.731197352370074,0,0,0.1
core_neuralprophet_frozen_s2026,neuralprophet,frozen,selected,2026,16,2025-04-28 01:00:00,2025-05-03 14:00:00,134,8.82,True,True,48.319820404052734,3.811031336745074,52.13085174079781,0,0,0.1
core_neuralprophet_frozen_s2026,neuralprophet,frozen,selected,2026,16,2025-04-28 01:00:00,2025-05-03 15:00:00,135,9.35,True,True,39.07710647583008,3.811031336745074,42.88813781257515,0,0,0.1
core_neuralprophet_frozen_s2026,neuralprophet,frozen,selected,2026,16,2025-04-28 01:00:00,2025-05-03 16:00:00,136,10.24,True,True,42.17547225952149,3.811031336745074,45.986503596266566,0,0,0.1
core_neuralprophet_frozen_s2026,neuralprophet,frozen,selected,2026,16,2025-04-28 01:00:00,2025-05-03 17:00:00,137,11.59,True,True,44.72331237792969,3.811031336745074,48.53434371467476,0,0,0.1
core_neuralprophet_frozen_s2026,neuralprophet,frozen,selected,2026,16,2025-04-28 01:00:00,2025-05-03 18:00:00,138,13.29,True,True,49.17413711547852,3.811031336745074,52.9851684522236,0,0,0.1
core_neuralprophet_frozen_s2026,neuralprophet,frozen,selected,2026,16,2025-04-28 01:00:00,2025-05-03 19:00:00,139,15.0,True,True,31.107589721679688,3.811031336745074,34.91862105842476,0,0,0.1
core_neuralprophet_frozen_s2026,neuralprophet,frozen,selected,2026,16,2025-04-28 01:00:00,2025-05-03 20:00:00,140,16.66,True,True,28.858606338500977,3.811031336745074,32.66963767524605,0,0,0.1
core_neuralprophet_frozen_s2026,neuralprophet,frozen,selected,2026,16,2025-04-28 01:00:00,2025-05-03 21:00:00,141,18.3,True,True,17.71159553527832,3.811031336745074,21.522626872023395,0,0,0.1
core_neuralprophet_frozen_s2026,neuralprophet,frozen,selected,2026,16,2025-04-28 01:00:00,2025-05-03 22:00:00,142,19.67,True,True,16.62763214111328,3.811031336745074,20.438663477858356,0,0,0.1
core_neuralprophet_frozen_s2026,neuralprophet,frozen,selected,2026,16,2025-04-28 01:00:00,2025-05-03 23:00:00,143,21.67,True,True,14.4371337890625,3.811031336745074,18.248165125807574,0,0,0.1
core_neuralprophet_frozen_s2026,neuralprophet,frozen,selected,2026,16,2025-04-28 01:00:00,2025-05-04 00:00:00,144,24.7,True,True,19.307540893554688,3.811031336745074,23.118572230299762,0,0,0.1
core_neuralprophet_frozen_s2026,neuralprophet,frozen,selected,2026,16,2025-04-28 01:00:00,2025-05-04 01:00:00,145,29.81,True,True,23.5524959564209,3.811031336745074,27.363527293165973,0,0,0.1
core_neuralprophet_frozen_s2026,neuralprophet,frozen,selected,2026,16,2025-04-28 01:00:00,2025-05-04 02:00:00,146,33.82,True,True,22.99672508239746,3.811031336745074,26.807756419142535,0,0,0.1
core_neuralprophet_frozen_s2026,neuralprophet,frozen,selected,2026,16,2025-04-28 01:00:00,2025-05-04 03:00:00,147,39.67,True,True,15.762882232666016,3.811031336745074,19.57391356941109,0,0,0.1
core_neuralprophet_frozen_s2026,neuralprophet,frozen,selected,2026,16,2025-04-28 01:00:00,2025-05-04 04:00:00,148,37.33,True,True,22.973194122314453,3.811031336745074,26.784225459059527,0,0,0.1
core_neuralprophet_frozen_s2026,neuralprophet,frozen,selected,2026,16,2025-04-28 01:00:00,2025-05-04 05:00:00,149,33.02,True,True,30.182971954345703,3.811031336745074,33.99400329109078,0,0,0.1
core_neuralprophet_frozen_s2026,neuralprophet,frozen,selected,2026,16,2025-04-28 01:00:00,2025-05-04 06:00:00,150,29.74,True,True,19.39617156982422,3.811031336745074,23.207202906569293,0,0,0.1
core_neuralprophet_frozen_s2026,neuralprophet,frozen,selected,2026,16,2025-04-28 01:00:00,2025-05-04 07:00:00,151,27.35,True,True,19.986328125,3.811031336745074,23.797359461745074,0,0,0.1
core_neuralprophet_frozen_s2026,neuralprophet,frozen,selected,2026,16,2025-04-28 01:00:00,2025-05-04 08:00:00,152,26.13,True,True,41.26344680786133,3.811031336745074,45.0744781446064,0,0,0.1
core_neuralprophet_frozen_s2026,neuralprophet,frozen,selected,2026,16,2025-04-28 01:00:00,2025-05-04 09:00:00,153,25.65,True,True,29.459474563598636,3.811031336745074,33.27050590034371,0,0,0.1
core_neuralprophet_frozen_s2026,neuralprophet,frozen,selected,2026,16,2025-04-28 01:00:00,2025-05-04 10:00:00,154,26.59,True,True,24.27768325805664,3.811031336745074,28.088714594801715,0,0,0.1
core_neuralprophet_frozen_s2026,neuralprophet,frozen,selected,2026,16,2025-04-28 01:00:00,2025-05-04 11:00:00,155,28.79,True,True,32.0086784362793,3.811031336745074,35.81970977302437,0,0,0.1
core_neuralprophet_frozen_s2026,neuralprophet,frozen,selected,2026,16,2025-04-28 01:00:00,2025-05-04 12:00:00,156,31.73,True,True,36.60584259033203,3.811031336745074,40.416873927077106,0,0,0.1
core_neuralprophet_frozen_s2026,neuralprophet,frozen,selected,2026,16,2025-04-28 01:00:00,2025-05-04 13:00:00,157,35.63,True,True,34.19584274291992,3.811031336745074,38.006874079664996,0,0,0.1
core_neuralprophet_frozen_s2026,neuralprophet,frozen,selected,2026,16,2025-04-28 01:00:00,2025-05-04 14:00:00,158,39.99,True,True,28.315900802612305,3.811031336745074,32.12693213935738,0,0,0.1
core_neuralprophet_frozen_s2026,neuralprophet,frozen,selected,2026,16,2025-04-28 01:00:00,2025-05-04 15:00:00,159,44.42,True,True,39.27781677246094,3.811031336745074,43.08884810920601,0,0,0.1
core_neuralprophet_frozen_s2026,neuralprophet,frozen,selected,2026,16,2025-04-28 01:00:00,2025-05-04 16:00:00,160,47.44,True,True,41.74486923217773,3.811031336745074,45.5559005689228,0,0,0.1
core_neuralprophet_frozen_s2026,neuralprophet,frozen,selected,2026,16,2025-04-28 01:00:00,2025-05-04 17:00:00,161,50.61,True,True,33.972347259521484,3.811031336745074,37.78337859626656,0,0,0.1
core_neuralprophet_frozen_s2026,neuralprophet,frozen,selected,2026,16,2025-04-28 01:00:00,2025-05-04 18:00:00,162,54.85,True,True,36.78459167480469,3.811031336745074,40.59562301154976,0,0,0.1
core_neuralprophet_frozen_s2026,neuralprophet,frozen,selected,2026,16,2025-04-28 01:00:00,2025-05-04 19:00:00,163,60.67,True,True,51.304046630859375,3.811031336745074,55.11507796760445,0,0,0.1
core_neuralprophet_frozen_s2026,neuralprophet,frozen,selected,2026,16,2025-04-28 01:00:00,2025-05-04 20:00:00,164,66.99,True,True,47.59062957763672,3.811031336745074,51.40166091438179,0,0,0.1
core_neuralprophet_frozen_s2026,neuralprophet,frozen,selected,2026,16,2025-04-28 01:00:00,2025-05-04 21:00:00,165,71.97,True,True,48.73410034179688,3.811031336745074,52.545131678541956,0,0,0.1
core_neuralprophet_frozen_s2026,neuralprophet,frozen,selected,2026,16,2025-04-28 01:00:00,2025-05-04 22:00:00,166,75.63,True,True,57.83111190795898,3.811031336745074,61.64214324470405,0,0,0.1
core_neuralprophet_frozen_s2026,neuralprophet,frozen,selected,2026,16,2025-04-28 01:00:00,2025-05-04 23:00:00,167,79.47,True,True,53.99013519287109,3.811031336745074,57.80116652961616,0,0,0.1
core_neuralprophet_frozen_s2026,neuralprophet,frozen,selected,2026,16,2025-04-28 01:00:00,2025-05-05 00:00:00,168,82.81,True,True,63.288909912109375,3.811031336745074,67.09994124885445,0,0,0.1
core_neuralprophet_frozen_s2026,neuralprophet,frozen,selected,2026,17,2025-05-05 01:00:00,2025-05-05 01:00:00,1,86.7,True,True,81.02542114257812,2.0153984480912968,83.04081959066943,0,0,0.1
core_neuralprophet_frozen_s2026,neuralprophet,frozen,selected,2026,17,2025-05-05 01:00:00,2025-05-05 02:00:00,2,87.26,True,True,83.21625518798828,2.0153984480912968,85.23165363607959,0,0,0.1
core_neuralprophet_frozen_s2026,neuralprophet,frozen,selected,2026,17,2025-05-05 01:00:00,2025-05-05 03:00:00,3,87.02,True,True,64.92356872558594,2.0153984480912968,66.93896717367724,0,0,0.1
core_neuralprophet_frozen_s2026,neuralprophet,frozen,selected,2026,17,2025-05-05 01:00:00,2025-05-05 04:00:00,4,90.26,True,True,44.07981872558594,2.0153984480912968,46.095217173677234,0,0,0.1
core_neuralprophet_frozen_s2026,neuralprophet,frozen,selected,2026,17,2025-05-05 01:00:00,2025-05-05 05:00:00,5,85.26,True,True,36.839332580566406,2.0153984480912968,38.8547310286577,0,0,0.1
core_neuralprophet_frozen_s2026,neuralprophet,frozen,selected,2026,17,2025-05-05 01:00:00,2025-05-05 06:00:00,6,72.32,True,True,43.701602935791016,2.0153984480912968,45.71700138388231,0,0,0.1
core_neuralprophet_frozen_s2026,neuralprophet,frozen,selected,2026,17,2025-05-05 01:00:00,2025-05-05 07:00:00,7,63.44,True,True,39.02352523803711,2.0153984480912968,41.038923686128406,0,0,0.1
core_neuralprophet_frozen_s2026,neuralprophet,frozen,selected,2026,17,2025-05-05 01:00:00,2025-05-05 08:00:00,8,62.04,True,True,48.59748077392578,2.0153984480912968,50.61287922201708,0,0,0.1
core_neuralprophet_frozen_s2026,neuralprophet,frozen,selected,2026,17,2025-05-05 01:00:00,2025-05-05 09:00:00,9,65.73,True,True,43.28985977172852,2.0153984480912968,45.30525821981982,0,0,0.1
core_neuralprophet_frozen_s2026,neuralprophet,frozen,selected,2026,17,2025-05-05 01:00:00,2025-05-05 10:00:00,10,69.24,True,True,41.54812240600586,2.0153984480912968,43.563520854097156,0,0,0.1
core_neuralprophet_frozen_s2026,neuralprophet,frozen,selected,2026,17,2025-05-05 01:00:00,2025-05-05 11:00:00,11,69.96,True,True,32.61567687988281,2.0153984480912968,34.63107532797411,0,0,0.1
core_neuralprophet_frozen_s2026,neuralprophet,frozen,selected,2026,17,2025-05-05 01:00:00,2025-05-05 12:00:00,12,65.56,True,True,18.544208526611328,2.0153984480912968,20.559606974702625,0,0,0.1
core_neuralprophet_frozen_s2026,neuralprophet,frozen,selected,2026,17,2025-05-05 01:00:00,2025-05-05 13:00:00,13,56.87,True,True,30.433177947998047,2.0153984480912968,32.448576396089344,0,0,0.1
core_neuralprophet_frozen_s2026,neuralprophet,frozen,selected,2026,17,2025-05-05 01:00:00,2025-05-05 14:00:00,14,49.75,True,True,43.1800537109375,2.0153984480912968,45.1954521590288,0,0,0.1
core_neuralprophet_frozen_s2026,neuralprophet,frozen,selected,2026,17,2025-05-05 01:00:00,2025-05-05 15:00:00,15,45.13,True,True,25.678852081298828,2.0153984480912968,27.694250529390125,0,0,0.1
core_neuralprophet_frozen_s2026,neuralprophet,frozen,selected,2026,17,2025-05-05 01:00:00,2025-05-05 16:00:00,16,46.25,True,True,42.76030349731445,2.0153984480912968,44.77570194540575,0,0,0.1
core_neuralprophet_frozen_s2026,neuralprophet,frozen,selected,2026,17,2025-05-05 01:00:00,2025-05-05 17:00:00,17,53.46,True,True,62.47001266479492,2.0153984480912968,64.48541111288623,0,0,0.1
core_neuralprophet_frozen_s2026,neuralprophet,frozen,selected,2026,17,2025-05-05 01:00:00,2025-05-05 18:00:00,18,61.41,True,True,71.64936828613281,2.0153984480912968,73.66476673422412,0,0,0.1
core_neuralprophet_frozen_s2026,neuralprophet,frozen,selected,2026,17,2025-05-05 01:00:00,2025-05-05 19:00:00,19,62.97,True,True,78.82279205322266,2.0153984480912968,80.83819050131396,0,0,0.1
core_neuralprophet_frozen_s2026,neuralprophet,frozen,selected,2026,17,2025-05-05 01:00:00,2025-05-05 20:00:00,20,58.23,True,True,58.98166275024414,2.0153984480912968,60.99706119833544,0,0,0.1
core_neuralprophet_frozen_s2026,neuralprophet,frozen,selected,2026,17,2025-05-05 01:00:00,2025-05-05 21:00:00,21,50.07,True,True,57.87722396850586,2.0153984480912968,59.892622416597156,0,0,0.1
core_neuralprophet_frozen_s2026,neuralprophet,frozen,selected,2026,17,2025-05-05 01:00:00,2025-05-05 22:00:00,22,40.34,True,True,48.99769973754883,2.0153984480912968,51.013098185640125,0,0,0.1
core_neuralprophet_frozen_s2026,neuralprophet,frozen,selected,2026,17,2025-05-05 01:00:00,2025-05-05 23:00:00,23,31.01,True,True,39.74685287475586,2.0153984480912968,41.762251322847156,0,0,0.1
core_neuralprophet_frozen_s2026,neuralprophet,frozen,selected,2026,17,2025-05-05 01:00:00,2025-05-06 00:00:00,24,24.56,True,True,39.90504455566406,2.0153984480912968,41.92044300375536,0,0,0.1
core_neuralprophet_frozen_s2026,neuralprophet,frozen,selected,2026,17,2025-05-05 01:00:00,2025-05-06 01:00:00,25,19.25,True,True,34.033443450927734,2.0153984480912968,36.04884189901903,0,0,0.1
core_neuralprophet_frozen_s2026,neuralprophet,frozen,selected,2026,17,2025-05-05 01:00:00,2025-05-06 02:00:00,26,16.0,True,True,30.919099807739254,2.0153984480912968,32.93449825583055,0,0,0.1
core_neuralprophet_frozen_s2026,neuralprophet,frozen,selected,2026,17,2025-05-05 01:00:00,2025-05-06 03:00:00,27,15.46,True,True,17.888765335083008,2.0153984480912968,19.904163783174305,0,0,0.1
core_neuralprophet_frozen_s2026,neuralprophet,frozen,selected,2026,17,2025-05-05 01:00:00,2025-05-06 04:00:00,28,15.81,True,True,21.177490234375,2.0153984480912968,23.192888682466297,0,0,0.1
core_neuralprophet_frozen_s2026,neuralprophet,frozen,selected,2026,17,2025-05-05 01:00:00,2025-05-06 05:00:00,29,18.46,True,True,40.84122085571289,2.0153984480912968,42.85661930380419,0,0,0.1
core_neuralprophet_frozen_s2026,neuralprophet,frozen,selected,2026,17,2025-05-05 01:00:00,2025-05-06 06:00:00,30,22.91,True,True,22.25252723693848,2.0153984480912968,24.267925685029777,0,0,0.1
core_neuralprophet_frozen_s2026,neuralprophet,frozen,selected,2026,17,2025-05-05 01:00:00,2025-05-06 07:00:00,31,26.75,True,True,16.703269958496094,2.0153984480912968,18.71866840658739,0,0,0.1
core_neuralprophet_frozen_s2026,neuralprophet,frozen,selected,2026,17,2025-05-05 01:00:00,2025-05-06 08:00:00,32,29.39,True,True,35.3314094543457,2.0153984480912968,37.346807902437,0,0,0.1
core_neuralprophet_frozen_s2026,neuralprophet,frozen,selected,2026,17,2025-05-05 01:00:00,2025-05-06 09:00:00,33,30.24,True,True,21.051633834838867,2.0153984480912968,23.067032282930164,0,0,0.1
core_neuralprophet_frozen_s2026,neuralprophet,frozen,selected,2026,17,2025-05-05 01:00:00,2025-05-06 10:00:00,34,32.33,True,True,19.45768165588379,2.0153984480912968,21.473080103975086,0,0,0.1
core_neuralprophet_frozen_s2026,neuralprophet,frozen,selected,2026,17,2025-05-05 01:00:00,2025-05-06 11:00:00,35,35.97,True,True,39.22134399414063,2.0153984480912968,41.23674244223193,0,0,0.1
core_neuralprophet_frozen_s2026,neuralprophet,frozen,selected,2026,17,2025-05-05 01:00:00,2025-05-06 12:00:00,36,39.82,True,True,41.74342346191406,2.0153984480912968,43.75882191000536,0,0,0.1
core_neuralprophet_frozen_s2026,neuralprophet,frozen,selected,2026,17,2025-05-05 01:00:00,2025-05-06 13:00:00,37,43.29,True,True,42.35822677612305,2.0153984480912968,44.373625224214344,0,0,0.1
core_neuralprophet_frozen_s2026,neuralprophet,frozen,selected,2026,17,2025-05-05 01:00:00,2025-05-06 14:00:00,38,46.76,True,True,51.37521362304688,2.0153984480912968,53.39061207113818,0,0,0.1
core_neuralprophet_frozen_s2026,neuralprophet,frozen,selected,2026,17,2025-05-05 01:00:00,2025-05-06 15:00:00,39,49.47,True,True,34.57439041137695,2.0153984480912968,36.58978885946825,0,0,0.1
core_neuralprophet_frozen_s2026,neuralprophet,frozen,selected,2026,17,2025-05-05 01:00:00,2025-05-06 16:00:00,40,51.03,True,True,32.2969856262207,2.0153984480912968,34.312384074312,0,0,0.1
core_neuralprophet_frozen_s2026,neuralprophet,frozen,selected,2026,17,2025-05-05 01:00:00,2025-05-06 17:00:00,41,53.03,True,True,33.0487174987793,2.0153984480912968,35.064115946870594,0,0,0.1
core_neuralprophet_frozen_s2026,neuralprophet,frozen,selected,2026,17,2025-05-05 01:00:00,2025-05-06 18:00:00,42,54.62,True,True,26.04390335083008,2.0153984480912968,28.05930179892138,0,0,0.1
core_neuralprophet_frozen_s2026,neuralprophet,frozen,selected,2026,17,2025-05-05 01:00:00,2025-05-06 19:00:00,43,55.62,True,True,35.78409957885742,2.0153984480912968,37.79949802694872,0,0,0.1
core_neuralprophet_frozen_s2026,neuralprophet,frozen,selected,2026,17,2025-05-05 01:00:00,2025-05-06 20:00:00,44,56.59,True,True,29.059913635253903,2.0153984480912968,31.0753120833452,0,0,0.1
core_neuralprophet_frozen_s2026,neuralprophet,frozen,selected,2026,17,2025-05-05 01:00:00,2025-05-06 21:00:00,45,57.52,True,True,26.630489349365234,2.0153984480912968,28.64588779745653,0,0,0.1
core_neuralprophet_frozen_s2026,neuralprophet,frozen,selected,2026,17,2025-05-05 01:00:00,2025-05-06 22:00:00,46,58.06,True,True,33.4946403503418,2.0153984480912968,35.510038798433094,0,0,0.1
core_neuralprophet_frozen_s2026,neuralprophet,frozen,selected,2026,17,2025-05-05 01:00:00,2025-05-06 23:00:00,47,59.13,True,True,31.279939651489254,2.0153984480912968,33.29533809958055,0,0,0.1
core_neuralprophet_frozen_s2026,neuralprophet,frozen,selected,2026,17,2025-05-05 01:00:00,2025-05-07 00:00:00,48,62.21,True,True,36.65257263183594,2.0153984480912968,38.667971079927234,0,0,0.1
core_neuralprophet_frozen_s2026,neuralprophet,frozen,selected,2026,17,2025-05-05 01:00:00,2025-05-07 01:00:00,49,70.07,True,True,31.20005989074707,2.0153984480912968,33.21545833883837,0,0,0.1
core_neuralprophet_frozen_s2026,neuralprophet,frozen,selected,2026,17,2025-05-05 01:00:00,2025-05-07 02:00:00,50,78.1,True,True,35.75759506225586,2.0153984480912968,37.772993510347156,0,0,0.1
core_neuralprophet_frozen_s2026,neuralprophet,frozen,selected,2026,17,2025-05-05 01:00:00,2025-05-07 03:00:00,51,90.32,True,True,37.15055084228516,2.0153984480912968,39.16594929037646,0,0,0.1
core_neuralprophet_frozen_s2026,neuralprophet,frozen,selected,2026,17,2025-05-05 01:00:00,2025-05-07 04:00:00,52,94.67,True,True,32.66608428955078,2.0153984480912968,34.68148273764208,0,0,0.1
core_neuralprophet_frozen_s2026,neuralprophet,frozen,selected,2026,17,2025-05-05 01:00:00,2025-05-07 05:00:00,53,93.01,True,True,31.299877166748047,2.0153984480912968,33.315275614839344,0,0,0.1
core_neuralprophet_frozen_s2026,neuralprophet,frozen,selected,2026,17,2025-05-05 01:00:00,2025-05-07 06:00:00,54,97.38,True,True,32.285552978515625,2.0153984480912968,34.30095142660692,0,0,0.1
core_neuralprophet_frozen_s2026,neuralprophet,frozen,selected,2026,17,2025-05-05 01:00:00,2025-05-07 07:00:00,55,106.46,True,True,35.19782257080078,2.0153984480912968,37.21322101889208,0,0,0.1
core_neuralprophet_frozen_s2026,neuralprophet,frozen,selected,2026,17,2025-05-05 01:00:00,2025-05-07 08:00:00,56,117.34,True,True,37.13217926025391,2.0153984480912968,39.14757770834521,0,0,0.1
core_neuralprophet_frozen_s2026,neuralprophet,frozen,selected,2026,17,2025-05-05 01:00:00,2025-05-07 09:00:00,57,122.16,True,True,29.541460037231445,2.0153984480912968,31.556858485322742,0,0,0.1
core_neuralprophet_frozen_s2026,neuralprophet,frozen,selected,2026,17,2025-05-05 01:00:00,2025-05-07 10:00:00,58,123.5,True,True,35.486045837402344,2.0153984480912968,37.50144428549364,0,0,0.1
core_neuralprophet_frozen_s2026,neuralprophet,frozen,selected,2026,17,2025-05-05 01:00:00,2025-05-07 11:00:00,59,124.59,True,True,36.555809020996094,2.0153984480912968,38.57120746908739,0,0,0.1
core_neuralprophet_frozen_s2026,neuralprophet,frozen,selected,2026,17,2025-05-05 01:00:00,2025-05-07 12:00:00,60,125.09,True,True,39.47819519042969,2.0153984480912968,41.493593638520984,0,0,0.1
core_neuralprophet_frozen_s2026,neuralprophet,frozen,selected,2026,17,2025-05-05 01:00:00,2025-05-07 13:00:00,61,122.36,True,True,26.90391540527344,2.0153984480912968,28.919313853364738,0,0,0.1
core_neuralprophet_frozen_s2026,neuralprophet,frozen,selected,2026,17,2025-05-05 01:00:00,2025-05-07 14:00:00,62,117.8,True,True,31.756366729736328,2.0153984480912968,33.771765177827625,0,0,0.1
core_neuralprophet_frozen_s2026,neuralprophet,frozen,selected,2026,17,2025-05-05 01:00:00,2025-05-07 15:00:00,63,109.39,True,True,30.18082427978516,2.0153984480912968,32.19622272787646,0,0,0.1
core_neuralprophet_frozen_s2026,neuralprophet,frozen,selected,2026,17,2025-05-05 01:00:00,2025-05-07 16:00:00,64,97.03,True,True,6.812562942504883,2.0153984480912968,8.82796139059618,0,0,0.1
core_neuralprophet_frozen_s2026,neuralprophet,frozen,selected,2026,17,2025-05-05 01:00:00,2025-05-07 17:00:00,65,87.12,True,True,18.56765556335449,2.0153984480912968,20.583054011445785,0,0,0.1
core_neuralprophet_frozen_s2026,neuralprophet,frozen,selected,2026,17,2025-05-05 01:00:00,2025-05-07 18:00:00,66,81.19,True,True,11.6030912399292,2.0153984480912968,13.618489688020496,0,0,0.1
core_neuralprophet_frozen_s2026,neuralprophet,frozen,selected,2026,17,2025-05-05 01:00:00,2025-05-07 19:00:00,67,79.57,True,True,18.04206275939941,2.0153984480912968,20.057461207490707,0,0,0.1
core_neuralprophet_frozen_s2026,neuralprophet,frozen,selected,2026,17,2025-05-05 01:00:00,2025-05-07 20:00:00,68,81.32,True,True,16.1983585357666,2.0153984480912968,18.2137569838579,0,0,0.1
core_neuralprophet_frozen_s2026,neuralprophet,frozen,selected,2026,17,2025-05-05 01:00:00,2025-05-07 21:00:00,69,85.07,True,True,12.320683479309082,2.0153984480912968,14.336081927400379,0,0,0.1
core_neuralprophet_frozen_s2026,neuralprophet,frozen,selected,2026,17,2025-05-05 01:00:00,2025-05-07 22:00:00,70,90.21,True,True,9.342878341674805,2.0153984480912968,11.358276789766101,0,0,0.1
core_neuralprophet_frozen_s2026,neuralprophet,frozen,selected,2026,17,2025-05-05 01:00:00,2025-05-07 23:00:00,71,96.66,True,True,18.160127639770508,2.0153984480912968,20.175526087861805,0,0,0.1
core_neuralprophet_frozen_s2026,neuralprophet,frozen,selected,2026,17,2025-05-05 01:00:00,2025-05-08 00:00:00,72,105.36,True,True,17.902986526489258,2.0153984480912968,19.918384974580555,0,0,0.1
core_neuralprophet_frozen_s2026,neuralprophet,frozen,selected,2026,17,2025-05-05 01:00:00,2025-05-08 01:00:00,73,119.21,True,True,15.871658325195312,2.0153984480912968,17.88705677328661,0,0,0.1
core_neuralprophet_frozen_s2026,neuralprophet,frozen,selected,2026,17,2025-05-05 01:00:00,2025-05-08 02:00:00,74,129.66,True,True,34.89118576049805,2.0153984480912968,36.906584208589344,0,0,0.1
core_neuralprophet_frozen_s2026,neuralprophet,frozen,selected,2026,17,2025-05-05 01:00:00,2025-05-08 03:00:00,75,142.78,True,True,36.65326690673828,2.0153984480912968,38.66866535482958,0,0,0.1
core_neuralprophet_frozen_s2026,neuralprophet,frozen,selected,2026,17,2025-05-05 01:00:00,2025-05-08 04:00:00,76,161.52,True,True,39.05122375488281,2.0153984480912968,41.06662220297411,0,0,0.1
core_neuralprophet_frozen_s2026,neuralprophet,frozen,selected,2026,17,2025-05-05 01:00:00,2025-05-08 05:00:00,77,168.76,True,True,29.476566314697266,2.0153984480912968,31.491964762788562,0,0,0.1
core_neuralprophet_frozen_s2026,neuralprophet,frozen,selected,2026,17,2025-05-05 01:00:00,2025-05-08 06:00:00,78,165.94,True,True,33.42900085449219,2.0153984480912968,35.444399302583484,0,0,0.1
core_neuralprophet_frozen_s2026,neuralprophet,frozen,selected,2026,17,2025-05-05 01:00:00,2025-05-08 07:00:00,79,157.53,True,True,23.49668312072754,2.0153984480912968,25.512081568818836,0,0,0.1
core_neuralprophet_frozen_s2026,neuralprophet,frozen,selected,2026,17,2025-05-05 01:00:00,2025-05-08 08:00:00,80,145.81,True,True,48.44548034667969,2.0153984480912968,50.460878794770984,0,0,0.1
core_neuralprophet_frozen_s2026,neuralprophet,frozen,selected,2026,17,2025-05-05 01:00:00,2025-05-08 09:00:00,81,133.18,True,True,43.22595977783203,2.0153984480912968,45.24135822592333,0,0,0.1
core_neuralprophet_frozen_s2026,neuralprophet,frozen,selected,2026,17,2025-05-05 01:00:00,2025-05-08 10:00:00,82,128.88,True,True,56.60307693481445,2.0153984480912968,58.61847538290575,0,0,0.1
core_neuralprophet_frozen_s2026,neuralprophet,frozen,selected,2026,17,2025-05-05 01:00:00,2025-05-08 11:00:00,83,132.37,True,True,57.14369583129883,2.0153984480912968,59.159094279390125,0,0,0.1
core_neuralprophet_frozen_s2026,neuralprophet,frozen,selected,2026,17,2025-05-05 01:00:00,2025-05-08 12:00:00,84,137.92,True,True,57.82685852050781,2.0153984480912968,59.84225696859911,0,0,0.1
core_neuralprophet_frozen_s2026,neuralprophet,frozen,selected,2026,17,2025-05-05 01:00:00,2025-05-08 13:00:00,85,139.78,True,True,58.89525985717773,2.0153984480912968,60.910658305269024,0,0,0.1
core_neuralprophet_frozen_s2026,neuralprophet,frozen,selected,2026,17,2025-05-05 01:00:00,2025-05-08 14:00:00,86,141.48,True,True,46.44767379760742,2.0153984480912968,48.46307224569872,0,0,0.1
core_neuralprophet_frozen_s2026,neuralprophet,frozen,selected,2026,17,2025-05-05 01:00:00,2025-05-08 15:00:00,87,143.23,True,True,44.09575653076172,2.0153984480912968,46.111154978853016,0,0,0.1
core_neuralprophet_frozen_s2026,neuralprophet,frozen,selected,2026,17,2025-05-05 01:00:00,2025-05-08 16:00:00,88,143.8,True,True,47.391075134277344,2.0153984480912968,49.40647358236864,0,0,0.1
core_neuralprophet_frozen_s2026,neuralprophet,frozen,selected,2026,17,2025-05-05 01:00:00,2025-05-08 17:00:00,89,140.46,True,True,42.99160385131836,2.0153984480912968,45.007002299409656,0,0,0.1
core_neuralprophet_frozen_s2026,neuralprophet,frozen,selected,2026,17,2025-05-05 01:00:00,2025-05-08 18:00:00,90,131.19,True,True,65.4575424194336,2.0153984480912968,67.4729408675249,0,0,0.1
core_neuralprophet_frozen_s2026,neuralprophet,frozen,selected,2026,17,2025-05-05 01:00:00,2025-05-08 19:00:00,91,116.65,True,True,44.97632598876953,2.0153984480912968,46.99172443686083,0,0,0.1
core_neuralprophet_frozen_s2026,neuralprophet,frozen,selected,2026,17,2025-05-05 01:00:00,2025-05-08 20:00:00,92,104.79,True,True,51.23060607910156,2.0153984480912968,53.24600452719286,0,0,0.1
core_neuralprophet_frozen_s2026,neuralprophet,frozen,selected,2026,17,2025-05-05 01:00:00,2025-05-08 21:00:00,93,96.12,True,True,47.82147216796875,2.0153984480912968,49.83687061606005,0,0,0.1
core_neuralprophet_frozen_s2026,neuralprophet,frozen,selected,2026,17,2025-05-05 01:00:00,2025-05-08 22:00:00,94,88.13,True,True,61.57672882080078,2.0153984480912968,63.59212726889208,0,0,0.1
core_neuralprophet_frozen_s2026,neuralprophet,frozen,selected,2026,17,2025-05-05 01:00:00,2025-05-08 23:00:00,95,82.17,True,True,50.865142822265625,2.0153984480912968,52.88054127035692,0,0,0.1
core_neuralprophet_frozen_s2026,neuralprophet,frozen,selected,2026,17,2025-05-05 01:00:00,2025-05-09 00:00:00,96,78.3,True,True,46.0867919921875,2.0153984480912968,48.1021904402788,0,0,0.1
core_neuralprophet_frozen_s2026,neuralprophet,frozen,selected,2026,17,2025-05-05 01:00:00,2025-05-09 01:00:00,97,76.15,True,True,52.7597885131836,2.0153984480912968,54.7751869612749,0,0,0.1
core_neuralprophet_frozen_s2026,neuralprophet,frozen,selected,2026,17,2025-05-05 01:00:00,2025-05-09 02:00:00,98,71.09,True,True,52.20533752441406,2.0153984480912968,54.22073597250536,0,0,0.1
core_neuralprophet_frozen_s2026,neuralprophet,frozen,selected,2026,17,2025-05-05 01:00:00,2025-05-09 03:00:00,99,62.98,True,True,66.5923843383789,2.0153984480912968,68.60778278647021,0,0,0.1
core_neuralprophet_frozen_s2026,neuralprophet,frozen,selected,2026,17,2025-05-05 01:00:00,2025-05-09 04:00:00,100,49.29,True,True,67.56769561767578,2.0153984480912968,69.58309406576709,0,0,0.1
core_neuralprophet_frozen_s2026,neuralprophet,frozen,selected,2026,17,2025-05-05 01:00:00,2025-05-09 05:00:00,101,34.49,True,True,73.67631530761719,2.0153984480912968,75.69171375570849,0,0,0.1
core_neuralprophet_frozen_s2026,neuralprophet,frozen,selected,2026,17,2025-05-05 01:00:00,2025-05-09 06:00:00,102,22.89,True,True,77.81534576416016,2.0153984480912968,79.83074421225146,0,0,0.1
core_neuralprophet_frozen_s2026,neuralprophet,frozen,selected,2026,17,2025-05-05 01:00:00,2025-05-09 07:00:00,103,15.63,True,True,68.23696899414062,2.0153984480912968,70.25236744223193,0,0,0.1
core_neuralprophet_frozen_s2026,neuralprophet,frozen,selected,2026,17,2025-05-05 01:00:00,2025-05-09 08:00:00,104,11.52,True,True,71.95442962646484,2.0153984480912968,73.96982807455615,0,0,0.1
core_neuralprophet_frozen_s2026,neuralprophet,frozen,selected,2026,17,2025-05-05 01:00:00,2025-05-09 09:00:00,105,9.42,True,True,58.77207565307617,2.0153984480912968,60.78747410116747,0,0,0.1
core_neuralprophet_frozen_s2026,neuralprophet,frozen,selected,2026,17,2025-05-05 01:00:00,2025-05-09 10:00:00,106,8.51,True,True,63.1071891784668,2.0153984480912968,65.1225876265581,0,0,0.1
core_neuralprophet_frozen_s2026,neuralprophet,frozen,selected,2026,17,2025-05-05 01:00:00,2025-05-09 11:00:00,107,8.45,True,True,54.350685119628906,2.0153984480912968,56.3660835677202,0,0,0.1
core_neuralprophet_frozen_s2026,neuralprophet,frozen,selected,2026,17,2025-05-05 01:00:00,2025-05-09 12:00:00,108,8.71,True,True,44.30364608764648,2.0153984480912968,46.319044535737774,0,0,0.1
core_neuralprophet_frozen_s2026,neuralprophet,frozen,selected,2026,17,2025-05-05 01:00:00,2025-05-09 13:00:00,109,9.01,True,True,46.29819488525391,2.0153984480912968,48.31359333334521,0,0,0.1
core_neuralprophet_frozen_s2026,neuralprophet,frozen,selected,2026,17,2025-05-05 01:00:00,2025-05-09 14:00:00,110,9.49,True,True,42.10690689086914,2.0153984480912968,44.12230533896044,0,0,0.1
core_neuralprophet_frozen_s2026,neuralprophet,frozen,selected,2026,17,2025-05-05 01:00:00,2025-05-09 15:00:00,111,9.53,True,True,27.32779312133789,2.0153984480912968,29.343191569429187,0,0,0.1
core_neuralprophet_frozen_s2026,neuralprophet,frozen,selected,2026,17,2025-05-05 01:00:00,2025-05-09 16:00:00,112,9.31,True,True,48.19102478027344,2.0153984480912968,50.206423228364734,0,0,0.1
core_neuralprophet_frozen_s2026,neuralprophet,frozen,selected,2026,17,2025-05-05 01:00:00,2025-05-09 17:00:00,113,9.03,True,True,32.21161651611328,2.0153984480912968,34.22701496420458,0,0,0.1
core_neuralprophet_frozen_s2026,neuralprophet,frozen,selected,2026,17,2025-05-05 01:00:00,2025-05-09 18:00:00,114,8.5,True,True,25.293615341186523,2.0153984480912968,27.30901378927782,0,0,0.1
core_neuralprophet_frozen_s2026,neuralprophet,frozen,selected,2026,17,2025-05-05 01:00:00,2025-05-09 19:00:00,115,8.1,True,True,26.62795066833496,2.0153984480912968,28.643349116426258,0,0,0.1
core_neuralprophet_frozen_s2026,neuralprophet,frozen,selected,2026,17,2025-05-05 01:00:00,2025-05-09 20:00:00,116,8.48,True,True,34.51742172241211,2.0153984480912968,36.532820170503406,0,0,0.1
core_neuralprophet_frozen_s2026,neuralprophet,frozen,selected,2026,17,2025-05-05 01:00:00,2025-05-09 21:00:00,117,9.4,True,True,26.911346435546875,2.0153984480912968,28.92674488363817,0,0,0.1
core_neuralprophet_frozen_s2026,neuralprophet,frozen,selected,2026,17,2025-05-05 01:00:00,2025-05-09 22:00:00,118,10.12,True,True,36.05362319946289,2.0153984480912968,38.06902164755419,0,0,0.1
core_neuralprophet_frozen_s2026,neuralprophet,frozen,selected,2026,17,2025-05-05 01:00:00,2025-05-09 23:00:00,119,9.88,True,True,29.501541137695312,2.0153984480912968,31.51693958578661,0,0,0.1
core_neuralprophet_frozen_s2026,neuralprophet,frozen,selected,2026,17,2025-05-05 01:00:00,2025-05-10 00:00:00,120,9.0,True,True,20.90062713623047,2.0153984480912968,22.916025584321766,0,0,0.1
core_neuralprophet_frozen_s2026,neuralprophet,frozen,selected,2026,17,2025-05-05 01:00:00,2025-05-10 01:00:00,121,7.34,True,True,29.818952560424805,2.0153984480912968,31.8343510085161,0,0,0.1
core_neuralprophet_frozen_s2026,neuralprophet,frozen,selected,2026,17,2025-05-05 01:00:00,2025-05-10 02:00:00,122,6.9,True,True,24.831348419189453,2.0153984480912968,26.84674686728075,0,0,0.1
core_neuralprophet_frozen_s2026,neuralprophet,frozen,selected,2026,17,2025-05-05 01:00:00,2025-05-10 03:00:00,123,6.93,True,True,13.740222930908203,2.0153984480912968,15.7556213789995,0,0,0.1
core_neuralprophet_frozen_s2026,neuralprophet,frozen,selected,2026,17,2025-05-05 01:00:00,2025-05-10 04:00:00,124,5.2,True,True,33.44667053222656,2.0153984480912968,35.46206898031786,0,0,0.1
core_neuralprophet_frozen_s2026,neuralprophet,frozen,selected,2026,17,2025-05-05 01:00:00,2025-05-10 05:00:00,125,5.53,True,True,33.9676399230957,2.0153984480912968,35.983038371187,0,0,0.1
core_neuralprophet_frozen_s2026,neuralprophet,frozen,selected,2026,17,2025-05-05 01:00:00,2025-05-10 06:00:00,126,6.76,True,True,42.31975173950195,2.0153984480912968,44.33515018759325,0,0,0.1
core_neuralprophet_frozen_s2026,neuralprophet,frozen,selected,2026,17,2025-05-05 01:00:00,2025-05-10 07:00:00,127,8.94,True,True,41.87787628173828,2.0153984480912968,43.89327472982958,0,0,0.1
core_neuralprophet_frozen_s2026,neuralprophet,frozen,selected,2026,17,2025-05-05 01:00:00,2025-05-10 08:00:00,128,11.49,True,True,48.48139572143555,2.0153984480912968,50.496794169526844,0,0,0.1
core_neuralprophet_frozen_s2026,neuralprophet,frozen,selected,2026,17,2025-05-05 01:00:00,2025-05-10 09:00:00,129,13.47,True,True,45.55447006225586,2.0153984480912968,47.569868510347156,0,0,0.1
core_neuralprophet_frozen_s2026,neuralprophet,frozen,selected,2026,17,2025-05-05 01:00:00,2025-05-10 10:00:00,130,15.13,True,True,46.31404495239258,2.0153984480912968,48.329443400483875,0,0,0.1
core_neuralprophet_frozen_s2026,neuralprophet,frozen,selected,2026,17,2025-05-05 01:00:00,2025-05-10 11:00:00,131,16.48,True,True,48.03555679321289,2.0153984480912968,50.05095524130419,0,0,0.1
core_neuralprophet_frozen_s2026,neuralprophet,frozen,selected,2026,17,2025-05-05 01:00:00,2025-05-10 12:00:00,132,17.58,True,True,46.33163070678711,2.0153984480912968,48.347029154878406,0,0,0.1
core_neuralprophet_frozen_s2026,neuralprophet,frozen,selected,2026,17,2025-05-05 01:00:00,2025-05-10 13:00:00,133,18.03,True,True,43.30216217041016,2.0153984480912968,45.31756061850146,0,0,0.1
core_neuralprophet_frozen_s2026,neuralprophet,frozen,selected,2026,17,2025-05-05 01:00:00,2025-05-10 14:00:00,134,18.64,True,True,38.973365783691406,2.0153984480912968,40.9887642317827,0,0,0.1
core_neuralprophet_frozen_s2026,neuralprophet,frozen,selected,2026,17,2025-05-05 01:00:00,2025-05-10 15:00:00,135,19.63,True,True,37.8943977355957,2.0153984480912968,39.909796183687,0,0,0.1
core_neuralprophet_frozen_s2026,neuralprophet,frozen,selected,2026,17,2025-05-05 01:00:00,2025-05-10 16:00:00,136,21.5,True,True,33.44340896606445,2.0153984480912968,35.45880741415575,0,0,0.1
core_neuralprophet_frozen_s2026,neuralprophet,frozen,selected,2026,17,2025-05-05 01:00:00,2025-05-10 17:00:00,137,25.3,True,True,37.67213821411133,2.0153984480912968,39.687536662202625,0,0,0.1
core_neuralprophet_frozen_s2026,neuralprophet,frozen,selected,2026,17,2025-05-05 01:00:00,2025-05-10 18:00:00,138,30.59,True,True,40.60930252075195,2.0153984480912968,42.62470096884325,0,0,0.1
core_neuralprophet_frozen_s2026,neuralprophet,frozen,selected,2026,17,2025-05-05 01:00:00,2025-05-10 19:00:00,139,35.43,True,True,52.86030960083008,2.0153984480912968,54.875708048921375,0,0,0.1
core_neuralprophet_frozen_s2026,neuralprophet,frozen,selected,2026,17,2025-05-05 01:00:00,2025-05-10 20:00:00,140,38.37,True,True,44.33471298217773,2.0153984480912968,46.350111430269024,0,0,0.1
core_neuralprophet_frozen_s2026,neuralprophet,frozen,selected,2026,17,2025-05-05 01:00:00,2025-05-10 21:00:00,141,39.43,True,True,40.511207580566406,2.0153984480912968,42.5266060286577,0,0,0.1
core_neuralprophet_frozen_s2026,neuralprophet,frozen,selected,2026,17,2025-05-05 01:00:00,2025-05-10 22:00:00,142,38.65,True,True,44.53484344482422,2.0153984480912968,46.550241892915516,0,0,0.1
core_neuralprophet_frozen_s2026,neuralprophet,frozen,selected,2026,17,2025-05-05 01:00:00,2025-05-10 23:00:00,143,36.22,True,True,46.02487182617188,2.0153984480912968,48.04027027426318,0,0,0.1
core_neuralprophet_frozen_s2026,neuralprophet,frozen,selected,2026,17,2025-05-05 01:00:00,2025-05-11 00:00:00,144,34.1,True,True,38.20404815673828,2.0153984480912968,40.21944660482958,0,0,0.1
core_neuralprophet_frozen_s2026,neuralprophet,frozen,selected,2026,17,2025-05-05 01:00:00,2025-05-11 01:00:00,145,33.46,True,True,45.55669784545898,2.0153984480912968,47.572096293550274,0,0,0.1
core_neuralprophet_frozen_s2026,neuralprophet,frozen,selected,2026,17,2025-05-05 01:00:00,2025-05-11 02:00:00,146,34.72,True,True,28.84925651550293,2.0153984480912968,30.864654963594226,0,0,0.1
core_neuralprophet_frozen_s2026,neuralprophet,frozen,selected,2026,17,2025-05-05 01:00:00,2025-05-11 03:00:00,147,39.24,True,True,33.423221588134766,2.0153984480912968,35.43862003622606,0,0,0.1
core_neuralprophet_frozen_s2026,neuralprophet,frozen,selected,2026,17,2025-05-05 01:00:00,2025-05-11 04:00:00,148,44.99,True,True,37.20051956176758,2.0153984480912968,39.215918009858875,0,0,0.1
core_neuralprophet_frozen_s2026,neuralprophet,frozen,selected,2026,17,2025-05-05 01:00:00,2025-05-11 05:00:00,149,51.22,True,True,46.03036117553711,2.0153984480912968,48.045759623628406,0,0,0.1
core_neuralprophet_frozen_s2026,neuralprophet,frozen,selected,2026,17,2025-05-05 01:00:00,2025-05-11 06:00:00,150,55.36,True,True,38.04557037353516,2.0153984480912968,40.06096882162646,0,0,0.1
core_neuralprophet_frozen_s2026,neuralprophet,frozen,selected,2026,17,2025-05-05 01:00:00,2025-05-11 07:00:00,151,47.69,True,True,25.93306350708008,2.0153984480912968,27.94846195517138,0,0,0.1
core_neuralprophet_frozen_s2026,neuralprophet,frozen,selected,2026,17,2025-05-05 01:00:00,2025-05-11 08:00:00,152,43.78,True,True,35.371368408203125,2.0153984480912968,37.38676685629442,0,0,0.1
core_neuralprophet_frozen_s2026,neuralprophet,frozen,selected,2026,17,2025-05-05 01:00:00,2025-05-11 09:00:00,153,43.41,True,True,25.2094841003418,2.0153984480912968,27.224882548433097,0,0,0.1
core_neuralprophet_frozen_s2026,neuralprophet,frozen,selected,2026,17,2025-05-05 01:00:00,2025-05-11 10:00:00,154,45.11,True,True,32.1224479675293,2.0153984480912968,34.137846415620594,0,0,0.1
core_neuralprophet_frozen_s2026,neuralprophet,frozen,selected,2026,17,2025-05-05 01:00:00,2025-05-11 11:00:00,155,47.9,True,True,27.442720413208008,2.0153984480912968,29.458118861299305,0,0,0.1
core_neuralprophet_frozen_s2026,neuralprophet,frozen,selected,2026,17,2025-05-05 01:00:00,2025-05-11 12:00:00,156,49.68,True,True,40.88010787963867,2.0153984480912968,42.89550632772997,0,0,0.1
core_neuralprophet_frozen_s2026,neuralprophet,frozen,selected,2026,17,2025-05-05 01:00:00,2025-05-11 13:00:00,157,50.59,True,True,42.58535385131836,2.0153984480912968,44.600752299409656,0,0,0.1
core_neuralprophet_frozen_s2026,neuralprophet,frozen,selected,2026,17,2025-05-05 01:00:00,2025-05-11 14:00:00,158,52.63,True,True,40.48190689086914,2.0153984480912968,42.49730533896044,0,0,0.1
core_neuralprophet_frozen_s2026,neuralprophet,frozen,selected,2026,17,2025-05-05 01:00:00,2025-05-11 15:00:00,159,55.38,True,True,36.67891311645508,2.0153984480912968,38.694311564546375,0,0,0.1
core_neuralprophet_frozen_s2026,neuralprophet,frozen,selected,2026,17,2025-05-05 01:00:00,2025-05-11 16:00:00,160,56.79,True,True,46.25872802734375,2.0153984480912968,48.27412647543505,0,0,0.1
core_neuralprophet_frozen_s2026,neuralprophet,frozen,selected,2026,17,2025-05-05 01:00:00,2025-05-11 17:00:00,161,58.16,True,True,40.738677978515625,2.0153984480912968,42.75407642660692,0,0,0.1
core_neuralprophet_frozen_s2026,neuralprophet,frozen,selected,2026,17,2025-05-05 01:00:00,2025-05-11 18:00:00,162,58.77,True,True,37.00577545166016,2.0153984480912968,39.02117389975146,0,0,0.1
core_neuralprophet_frozen_s2026,neuralprophet,frozen,selected,2026,17,2025-05-05 01:00:00,2025-05-11 19:00:00,163,58.28,True,True,50.40592956542969,2.0153984480912968,52.421328013520984,0,0,0.1
core_neuralprophet_frozen_s2026,neuralprophet,frozen,selected,2026,17,2025-05-05 01:00:00,2025-05-11 20:00:00,164,58.78,True,True,33.51548385620117,2.0153984480912968,35.53088230429247,0,0,0.1
core_neuralprophet_frozen_s2026,neuralprophet,frozen,selected,2026,17,2025-05-05 01:00:00,2025-05-11 21:00:00,165,60.1,True,True,23.998952865600582,2.0153984480912968,26.01435131369188,0,0,0.1
core_neuralprophet_frozen_s2026,neuralprophet,frozen,selected,2026,17,2025-05-05 01:00:00,2025-05-11 22:00:00,166,61.29,True,True,37.67535781860352,2.0153984480912968,39.69075626669482,0,0,0.1
core_neuralprophet_frozen_s2026,neuralprophet,frozen,selected,2026,17,2025-05-05 01:00:00,2025-05-11 23:00:00,167,63.57,True,True,22.48855209350586,2.0153984480912968,24.503950541597156,0,0,0.1
core_neuralprophet_frozen_s2026,neuralprophet,frozen,selected,2026,17,2025-05-05 01:00:00,2025-05-12 00:00:00,168,67.27,True,True,37.01626205444336,2.0153984480912968,39.031660502534656,0,0,0.1
core_neuralprophet_frozen_s2026,neuralprophet,frozen,selected,2026,18,2025-05-12 01:00:00,2025-05-12 01:00:00,1,77.71,True,True,72.83636474609375,3.9286655875932257,76.76503033368698,0,0,0.1
core_neuralprophet_frozen_s2026,neuralprophet,frozen,selected,2026,18,2025-05-12 01:00:00,2025-05-12 02:00:00,2,88.22,True,True,88.30099487304688,3.9286655875932257,92.2296604606401,0,0,0.1
core_neuralprophet_frozen_s2026,neuralprophet,frozen,selected,2026,18,2025-05-12 01:00:00,2025-05-12 03:00:00,3,101.18,True,True,87.83707427978516,3.9286655875932257,91.76573986737839,0,0,0.1
core_neuralprophet_frozen_s2026,neuralprophet,frozen,selected,2026,18,2025-05-12 01:00:00,2025-05-12 04:00:00,4,127.41,True,True,86.42042541503906,3.9286655875932257,90.34909100263229,0,0,0.1
core_neuralprophet_frozen_s2026,neuralprophet,frozen,selected,2026,18,2025-05-12 01:00:00,2025-05-12 05:00:00,5,135.56,True,True,76.42984008789062,3.9286655875932257,80.35850567548385,0,0,0.1
core_neuralprophet_frozen_s2026,neuralprophet,frozen,selected,2026,18,2025-05-12 01:00:00,2025-05-12 06:00:00,6,138.99,True,True,59.995697021484375,3.9286655875932257,63.9243626090776,0,0,0.1
core_neuralprophet_frozen_s2026,neuralprophet,frozen,selected,2026,18,2025-05-12 01:00:00,2025-05-12 07:00:00,7,135.38,True,True,61.75052261352539,3.9286655875932257,65.67918820111862,0,0,0.1
core_neuralprophet_frozen_s2026,neuralprophet,frozen,selected,2026,18,2025-05-12 01:00:00,2025-05-12 08:00:00,8,127.51,True,True,69.48688507080078,3.9286655875932257,73.41555065839401,0,0,0.1
core_neuralprophet_frozen_s2026,neuralprophet,frozen,selected,2026,18,2025-05-12 01:00:00,2025-05-12 09:00:00,9,118.33,True,True,64.33168029785156,3.9286655875932257,68.26034588544479,0,0,0.1
core_neuralprophet_frozen_s2026,neuralprophet,frozen,selected,2026,18,2025-05-12 01:00:00,2025-05-12 10:00:00,10,107.63,True,True,57.53726959228516,3.9286655875932257,61.465935179878386,0,0,0.1
core_neuralprophet_frozen_s2026,neuralprophet,frozen,selected,2026,18,2025-05-12 01:00:00,2025-05-12 11:00:00,11,98.76,True,True,78.50659942626953,3.9286655875932257,82.43526501386276,0,0,0.1
core_neuralprophet_frozen_s2026,neuralprophet,frozen,selected,2026,18,2025-05-12 01:00:00,2025-05-12 12:00:00,12,90.7,True,True,67.72136688232422,3.9286655875932257,71.65003246991745,0,0,0.1
core_neuralprophet_frozen_s2026,neuralprophet,frozen,selected,2026,18,2025-05-12 01:00:00,2025-05-12 13:00:00,13,82.25,True,True,65.46117401123047,3.9286655875932257,69.3898395988237,0,0,0.1
core_neuralprophet_frozen_s2026,neuralprophet,frozen,selected,2026,18,2025-05-12 01:00:00,2025-05-12 14:00:00,14,75.62,True,True,66.59579467773438,3.9286655875932257,70.5244602653276,0,0,0.1
core_neuralprophet_frozen_s2026,neuralprophet,frozen,selected,2026,18,2025-05-12 01:00:00,2025-05-12 15:00:00,15,70.54,True,True,65.0309829711914,3.9286655875932257,68.95964855878464,0,0,0.1
core_neuralprophet_frozen_s2026,neuralprophet,frozen,selected,2026,18,2025-05-12 01:00:00,2025-05-12 16:00:00,16,64.84,True,True,65.34893035888672,3.9286655875932257,69.27759594647995,0,0,0.1
core_neuralprophet_frozen_s2026,neuralprophet,frozen,selected,2026,18,2025-05-12 01:00:00,2025-05-12 17:00:00,17,60.52,True,True,55.73691177368164,3.9286655875932257,59.66557736127486,0,0,0.1
core_neuralprophet_frozen_s2026,neuralprophet,frozen,selected,2026,18,2025-05-12 01:00:00,2025-05-12 18:00:00,18,59.36,True,True,51.67024993896485,3.9286655875932257,55.59891552655807,0,0,0.1
core_neuralprophet_frozen_s2026,neuralprophet,frozen,selected,2026,18,2025-05-12 01:00:00,2025-05-12 19:00:00,19,62.45,True,True,50.56657409667969,3.9286655875932257,54.49523968427291,0,0,0.1
core_neuralprophet_frozen_s2026,neuralprophet,frozen,selected,2026,18,2025-05-12 01:00:00,2025-05-12 20:00:00,20,68.51,True,True,50.502838134765625,3.9286655875932257,54.43150372235885,0,0,0.1
core_neuralprophet_frozen_s2026,neuralprophet,frozen,selected,2026,18,2025-05-12 01:00:00,2025-05-12 21:00:00,21,74.6,True,True,55.51716995239258,3.9286655875932257,59.4458355399858,0,0,0.1
core_neuralprophet_frozen_s2026,neuralprophet,frozen,selected,2026,18,2025-05-12 01:00:00,2025-05-12 22:00:00,22,78.75,True,True,60.68938446044922,3.9286655875932257,64.61805004804245,0,0,0.1
core_neuralprophet_frozen_s2026,neuralprophet,frozen,selected,2026,18,2025-05-12 01:00:00,2025-05-12 23:00:00,23,82.5,True,True,56.21263885498047,3.9286655875932257,60.14130444257369,0,0,0.1
core_neuralprophet_frozen_s2026,neuralprophet,frozen,selected,2026,18,2025-05-12 01:00:00,2025-05-13 00:00:00,24,86.35,True,True,63.39900588989258,3.9286655875932257,67.32767147748581,0,0,0.1
core_neuralprophet_frozen_s2026,neuralprophet,frozen,selected,2026,18,2025-05-12 01:00:00,2025-05-13 01:00:00,25,91.14,True,True,62.17898178100586,3.9286655875932257,66.10764736859909,0,0,0.1
core_neuralprophet_frozen_s2026,neuralprophet,frozen,selected,2026,18,2025-05-12 01:00:00,2025-05-13 02:00:00,26,97.53,True,True,70.52269744873047,3.9286655875932257,74.4513630363237,0,0,0.1
core_neuralprophet_frozen_s2026,neuralprophet,frozen,selected,2026,18,2025-05-12 01:00:00,2025-05-13 03:00:00,27,109.15,True,True,76.76326751708984,3.9286655875932257,80.69193310468307,0,0,0.1
core_neuralprophet_frozen_s2026,neuralprophet,frozen,selected,2026,18,2025-05-12 01:00:00,2025-05-13 04:00:00,28,143.35,True,True,66.86692810058594,3.9286655875932257,70.79559368817917,0,0,0.1
core_neuralprophet_frozen_s2026,neuralprophet,frozen,selected,2026,18,2025-05-12 01:00:00,2025-05-13 05:00:00,29,163.07,True,True,75.7114028930664,3.9286655875932257,79.64006848065964,0,0,0.1
core_neuralprophet_frozen_s2026,neuralprophet,frozen,selected,2026,18,2025-05-12 01:00:00,2025-05-13 06:00:00,30,169.11,True,True,68.97865295410156,3.9286655875932257,72.90731854169479,0,0,0.1
core_neuralprophet_frozen_s2026,neuralprophet,frozen,selected,2026,18,2025-05-12 01:00:00,2025-05-13 07:00:00,31,166.15,True,True,55.34932327270508,3.9286655875932257,59.2779888602983,0,0,0.1
core_neuralprophet_frozen_s2026,neuralprophet,frozen,selected,2026,18,2025-05-12 01:00:00,2025-05-13 08:00:00,32,155.28,True,True,65.70023345947266,3.9286655875932257,69.62889904706589,0,0,0.1
core_neuralprophet_frozen_s2026,neuralprophet,frozen,selected,2026,18,2025-05-12 01:00:00,2025-05-13 09:00:00,33,142.93,True,True,57.68935012817383,3.9286655875932257,61.61801571576705,0,0,0.1
core_neuralprophet_frozen_s2026,neuralprophet,frozen,selected,2026,18,2025-05-12 01:00:00,2025-05-13 10:00:00,34,133.61,True,True,60.804107666015625,3.9286655875932257,64.73277325360885,0,0,0.1
core_neuralprophet_frozen_s2026,neuralprophet,frozen,selected,2026,18,2025-05-12 01:00:00,2025-05-13 11:00:00,35,132.52,True,True,58.78801345825195,3.9286655875932257,62.716679045845176,0,0,0.1
core_neuralprophet_frozen_s2026,neuralprophet,frozen,selected,2026,18,2025-05-12 01:00:00,2025-05-13 12:00:00,36,135.47,True,True,68.01314544677734,3.9286655875932257,71.94181103437057,0,0,0.1
core_neuralprophet_frozen_s2026,neuralprophet,frozen,selected,2026,18,2025-05-12 01:00:00,2025-05-13 13:00:00,37,138.29,True,True,68.20023345947266,3.9286655875932257,72.12889904706589,0,0,0.1
core_neuralprophet_frozen_s2026,neuralprophet,frozen,selected,2026,18,2025-05-12 01:00:00,2025-05-13 14:00:00,38,141.36,True,True,71.76850128173828,3.9286655875932257,75.69716686933151,0,0,0.1
core_neuralprophet_frozen_s2026,neuralprophet,frozen,selected,2026,18,2025-05-12 01:00:00,2025-05-13 15:00:00,39,142.6,True,True,57.29057312011719,3.9286655875932257,61.21923870771041,0,0,0.1
core_neuralprophet_frozen_s2026,neuralprophet,frozen,selected,2026,18,2025-05-12 01:00:00,2025-05-13 16:00:00,40,139.18,True,True,64.51348114013672,3.9286655875932257,68.44214672772995,0,0,0.1
core_neuralprophet_frozen_s2026,neuralprophet,frozen,selected,2026,18,2025-05-12 01:00:00,2025-05-13 17:00:00,41,138.04,True,True,57.03834533691406,3.9286655875932257,60.967010924507285,0,0,0.1
core_neuralprophet_frozen_s2026,neuralprophet,frozen,selected,2026,18,2025-05-12 01:00:00,2025-05-13 18:00:00,42,138.91,True,True,57.44872283935547,3.9286655875932257,61.37738842694869,0,0,0.1
core_neuralprophet_frozen_s2026,neuralprophet,frozen,selected,2026,18,2025-05-12 01:00:00,2025-05-13 19:00:00,43,140.74,True,True,55.804325103759766,3.9286655875932257,59.73299069135299,0,0,0.1
core_neuralprophet_frozen_s2026,neuralprophet,frozen,selected,2026,18,2025-05-12 01:00:00,2025-05-13 20:00:00,44,144.43,True,True,63.67592239379883,3.9286655875932257,67.60458798139206,0,0,0.1
core_neuralprophet_frozen_s2026,neuralprophet,frozen,selected,2026,18,2025-05-12 01:00:00,2025-05-13 21:00:00,45,149.35,True,True,76.9434814453125,3.9286655875932257,80.87214703290573,0,0,0.1
core_neuralprophet_frozen_s2026,neuralprophet,frozen,selected,2026,18,2025-05-12 01:00:00,2025-05-13 22:00:00,46,150.69,True,True,83.7353286743164,3.9286655875932257,87.66399426190964,0,0,0.1
core_neuralprophet_frozen_s2026,neuralprophet,frozen,selected,2026,18,2025-05-12 01:00:00,2025-05-13 23:00:00,47,117.67,True,True,63.176666259765625,3.9286655875932257,67.10533184735885,0,0,0.1
core_neuralprophet_frozen_s2026,neuralprophet,frozen,selected,2026,18,2025-05-12 01:00:00,2025-05-14 00:00:00,48,62.75,True,True,52.34565353393555,3.9286655875932257,56.27431912152877,0,0,0.1
core_neuralprophet_frozen_s2026,neuralprophet,frozen,selected,2026,18,2025-05-12 01:00:00,2025-05-14 01:00:00,49,15.94,True,True,31.84545135498047,3.9286655875932257,35.77411694257369,0,0,0.1
core_neuralprophet_frozen_s2026,neuralprophet,frozen,selected,2026,18,2025-05-12 01:00:00,2025-05-14 02:00:00,50,5.62,True,True,27.929590225219727,3.9286655875932257,31.858255812812953,0,0,0.1
core_neuralprophet_frozen_s2026,neuralprophet,frozen,selected,2026,18,2025-05-12 01:00:00,2025-05-14 03:00:00,51,4.86,True,True,32.15613555908203,3.9286655875932257,36.084801146675254,0,0,0.1
core_neuralprophet_frozen_s2026,neuralprophet,frozen,selected,2026,18,2025-05-12 01:00:00,2025-05-14 04:00:00,52,6.25,True,True,41.2089958190918,3.9286655875932257,45.13766140668502,0,0,0.1
core_neuralprophet_frozen_s2026,neuralprophet,frozen,selected,2026,18,2025-05-12 01:00:00,2025-05-14 05:00:00,53,9.43,True,True,47.47243881225586,3.9286655875932257,51.40110439984908,0,0,0.1
core_neuralprophet_frozen_s2026,neuralprophet,frozen,selected,2026,18,2025-05-12 01:00:00,2025-05-14 06:00:00,54,13.26,True,True,48.581504821777344,3.9286655875932257,52.510170409370566,0,0,0.1
core_neuralprophet_frozen_s2026,neuralprophet,frozen,selected,2026,18,2025-05-12 01:00:00,2025-05-14 07:00:00,55,15.36,True,True,42.781524658203125,3.9286655875932257,46.71019024579635,0,0,0.1
core_neuralprophet_frozen_s2026,neuralprophet,frozen,selected,2026,18,2025-05-12 01:00:00,2025-05-14 08:00:00,56,16.84,True,True,51.33756637573242,3.9286655875932257,55.266231963325644,0,0,0.1
core_neuralprophet_frozen_s2026,neuralprophet,frozen,selected,2026,18,2025-05-12 01:00:00,2025-05-14 09:00:00,57,17.53,True,True,41.675514221191406,3.9286655875932257,45.60417980878463,0,0,0.1
core_neuralprophet_frozen_s2026,neuralprophet,frozen,selected,2026,18,2025-05-12 01:00:00,2025-05-14 10:00:00,58,17.77,True,True,48.84987258911133,3.9286655875932257,52.77853817670455,0,0,0.1
core_neuralprophet_frozen_s2026,neuralprophet,frozen,selected,2026,18,2025-05-12 01:00:00,2025-05-14 11:00:00,59,17.57,True,True,45.75584030151367,3.9286655875932257,49.684505889106894,0,0,0.1
core_neuralprophet_frozen_s2026,neuralprophet,frozen,selected,2026,18,2025-05-12 01:00:00,2025-05-14 12:00:00,60,17.39,True,True,52.69984817504883,3.9286655875932257,56.62851376264205,0,0,0.1
core_neuralprophet_frozen_s2026,neuralprophet,frozen,selected,2026,18,2025-05-12 01:00:00,2025-05-14 13:00:00,61,18.98,True,True,53.085330963134766,3.9286655875932257,57.01399655072799,0,0,0.1
core_neuralprophet_frozen_s2026,neuralprophet,frozen,selected,2026,18,2025-05-12 01:00:00,2025-05-14 14:00:00,62,22.12,True,True,51.394039154052734,3.9286655875932257,55.32270474164596,0,0,0.1
core_neuralprophet_frozen_s2026,neuralprophet,frozen,selected,2026,18,2025-05-12 01:00:00,2025-05-14 15:00:00,63,24.71,True,True,57.727577209472656,3.9286655875932257,61.65624279706588,0,0,0.1
core_neuralprophet_frozen_s2026,neuralprophet,frozen,selected,2026,18,2025-05-12 01:00:00,2025-05-14 16:00:00,64,25.69,True,True,44.9124641418457,3.9286655875932257,48.841129729438926,0,0,0.1
core_neuralprophet_frozen_s2026,neuralprophet,frozen,selected,2026,18,2025-05-12 01:00:00,2025-05-14 17:00:00,65,26.29,True,True,45.51153945922852,3.9286655875932257,49.440205046821745,0,0,0.1
core_neuralprophet_frozen_s2026,neuralprophet,frozen,selected,2026,18,2025-05-12 01:00:00,2025-05-14 18:00:00,66,26.96,True,True,54.64019012451172,3.9286655875932257,58.56885571210494,0,0,0.1
core_neuralprophet_frozen_s2026,neuralprophet,frozen,selected,2026,18,2025-05-12 01:00:00,2025-05-14 19:00:00,67,27.85,True,True,50.41084289550781,3.9286655875932257,54.339508483101035,0,0,0.1
core_neuralprophet_frozen_s2026,neuralprophet,frozen,selected,2026,18,2025-05-12 01:00:00,2025-05-14 20:00:00,68,29.18,True,True,52.49394607543945,3.9286655875932257,56.422611663032676,0,0,0.1
core_neuralprophet_frozen_s2026,neuralprophet,frozen,selected,2026,18,2025-05-12 01:00:00,2025-05-14 21:00:00,69,30.38,True,True,46.20873641967773,3.9286655875932257,50.13740200727095,0,0,0.1
core_neuralprophet_frozen_s2026,neuralprophet,frozen,selected,2026,18,2025-05-12 01:00:00,2025-05-14 22:00:00,70,31.16,True,True,43.92034912109375,3.9286655875932257,47.84901470868697,0,0,0.1
core_neuralprophet_frozen_s2026,neuralprophet,frozen,selected,2026,18,2025-05-12 01:00:00,2025-05-14 23:00:00,71,31.99,True,True,51.93837356567383,3.9286655875932257,55.86703915326705,0,0,0.1
core_neuralprophet_frozen_s2026,neuralprophet,frozen,selected,2026,18,2025-05-12 01:00:00,2025-05-15 00:00:00,72,34.43,True,True,46.65800094604492,3.9286655875932257,50.586666533638144,0,0,0.1
core_neuralprophet_frozen_s2026,neuralprophet,frozen,selected,2026,18,2025-05-12 01:00:00,2025-05-15 01:00:00,73,39.39,True,True,54.04698181152344,3.9286655875932257,57.97564739911666,0,0,0.1
core_neuralprophet_frozen_s2026,neuralprophet,frozen,selected,2026,18,2025-05-12 01:00:00,2025-05-15 02:00:00,74,46.82,True,True,63.30245208740234,3.9286655875932257,67.23111767499556,0,0,0.1
core_neuralprophet_frozen_s2026,neuralprophet,frozen,selected,2026,18,2025-05-12 01:00:00,2025-05-15 03:00:00,75,58.84,True,True,63.35372161865234,3.9286655875932257,67.28238720624556,0,0,0.1
core_neuralprophet_frozen_s2026,neuralprophet,frozen,selected,2026,18,2025-05-12 01:00:00,2025-05-15 04:00:00,76,53.22,True,True,56.11397552490234,3.9286655875932257,60.04264111249556,0,0,0.1
core_neuralprophet_frozen_s2026,neuralprophet,frozen,selected,2026,18,2025-05-12 01:00:00,2025-05-15 05:00:00,77,45.04,True,True,59.58674240112305,3.9286655875932257,63.51540798871627,0,0,0.1
core_neuralprophet_frozen_s2026,neuralprophet,frozen,selected,2026,18,2025-05-12 01:00:00,2025-05-15 06:00:00,78,39.93,True,True,50.89494705200195,3.9286655875932257,54.823612639595176,0,0,0.1
core_neuralprophet_frozen_s2026,neuralprophet,frozen,selected,2026,18,2025-05-12 01:00:00,2025-05-15 07:00:00,79,37.1,True,True,47.97953796386719,3.9286655875932257,51.90820355146041,0,0,0.1
core_neuralprophet_frozen_s2026,neuralprophet,frozen,selected,2026,18,2025-05-12 01:00:00,2025-05-15 08:00:00,80,34.96,True,True,62.4406623840332,3.9286655875932257,66.36932797162643,0,0,0.1
core_neuralprophet_frozen_s2026,neuralprophet,frozen,selected,2026,18,2025-05-12 01:00:00,2025-05-15 09:00:00,81,33.31,True,True,60.9498291015625,3.9286655875932257,64.87849468915573,0,0,0.1
core_neuralprophet_frozen_s2026,neuralprophet,frozen,selected,2026,18,2025-05-12 01:00:00,2025-05-15 10:00:00,82,33.19,True,True,51.82179641723633,3.9286655875932257,55.75046200482955,0,0,0.1
core_neuralprophet_frozen_s2026,neuralprophet,frozen,selected,2026,18,2025-05-12 01:00:00,2025-05-15 11:00:00,83,34.38,True,True,60.9505729675293,3.9286655875932257,64.87923855512253,0,0,0.1
core_neuralprophet_frozen_s2026,neuralprophet,frozen,selected,2026,18,2025-05-12 01:00:00,2025-05-15 12:00:00,84,35.56,True,True,53.19200134277344,3.9286655875932257,57.12066693036666,0,0,0.1
core_neuralprophet_frozen_s2026,neuralprophet,frozen,selected,2026,18,2025-05-12 01:00:00,2025-05-15 13:00:00,85,36.41,True,True,55.65385437011719,3.9286655875932257,59.58251995771041,0,0,0.1
core_neuralprophet_frozen_s2026,neuralprophet,frozen,selected,2026,18,2025-05-12 01:00:00,2025-05-15 14:00:00,86,38.29,True,True,59.35154342651367,3.9286655875932257,63.280209014106894,0,0,0.1
core_neuralprophet_frozen_s2026,neuralprophet,frozen,selected,2026,18,2025-05-12 01:00:00,2025-05-15 15:00:00,87,40.83,True,True,54.25825881958008,3.9286655875932257,58.1869244071733,0,0,0.1
core_neuralprophet_frozen_s2026,neuralprophet,frozen,selected,2026,18,2025-05-12 01:00:00,2025-05-15 16:00:00,88,44.56,True,True,49.64309310913086,3.9286655875932257,53.57175869672408,0,0,0.1
core_neuralprophet_frozen_s2026,neuralprophet,frozen,selected,2026,18,2025-05-12 01:00:00,2025-05-15 17:00:00,89,51.39,True,True,47.25835418701172,3.9286655875932257,51.18701977460494,0,0,0.1
core_neuralprophet_frozen_s2026,neuralprophet,frozen,selected,2026,18,2025-05-12 01:00:00,2025-05-15 18:00:00,90,60.87,True,True,43.393314361572266,3.9286655875932257,47.32197994916549,0,0,0.1
core_neuralprophet_frozen_s2026,neuralprophet,frozen,selected,2026,18,2025-05-12 01:00:00,2025-05-15 19:00:00,91,72.05,True,True,40.96770858764648,3.9286655875932257,44.8963741752397,0,0,0.1
core_neuralprophet_frozen_s2026,neuralprophet,frozen,selected,2026,18,2025-05-12 01:00:00,2025-05-15 20:00:00,92,84.88,True,True,43.9202880859375,3.9286655875932257,47.84895367353072,0,0,0.1
core_neuralprophet_frozen_s2026,neuralprophet,frozen,selected,2026,18,2025-05-12 01:00:00,2025-05-15 21:00:00,93,97.79,True,True,42.46318435668945,3.9286655875932257,46.391849944282676,0,0,0.1
core_neuralprophet_frozen_s2026,neuralprophet,frozen,selected,2026,18,2025-05-12 01:00:00,2025-05-15 22:00:00,94,108.37,True,True,48.351112365722656,3.9286655875932257,52.27977795331588,0,0,0.1
core_neuralprophet_frozen_s2026,neuralprophet,frozen,selected,2026,18,2025-05-12 01:00:00,2025-05-15 23:00:00,95,116.25,True,True,39.71461486816406,3.9286655875932257,43.643280455757285,0,0,0.1
core_neuralprophet_frozen_s2026,neuralprophet,frozen,selected,2026,18,2025-05-12 01:00:00,2025-05-16 00:00:00,96,123.15,True,True,40.70156478881836,3.9286655875932257,44.63023037641158,0,0,0.1
core_neuralprophet_frozen_s2026,neuralprophet,frozen,selected,2026,18,2025-05-12 01:00:00,2025-05-16 01:00:00,97,132.18,True,True,45.69672393798828,3.9286655875932257,49.625389525581504,0,0,0.1
core_neuralprophet_frozen_s2026,neuralprophet,frozen,selected,2026,18,2025-05-12 01:00:00,2025-05-16 02:00:00,98,142.04,True,True,53.88346481323242,3.9286655875932257,57.812130400825644,0,0,0.1
core_neuralprophet_frozen_s2026,neuralprophet,frozen,selected,2026,18,2025-05-12 01:00:00,2025-05-16 03:00:00,99,159.17,True,True,59.76051712036133,3.9286655875932257,63.68918270795455,0,0,0.1
core_neuralprophet_frozen_s2026,neuralprophet,frozen,selected,2026,18,2025-05-12 01:00:00,2025-05-16 04:00:00,100,174.04,True,True,60.18383407592773,3.9286655875932257,64.11249966352095,0,0,0.1
core_neuralprophet_frozen_s2026,neuralprophet,frozen,selected,2026,18,2025-05-12 01:00:00,2025-05-16 05:00:00,101,174.39,True,True,66.40699005126953,3.9286655875932257,70.33565563886276,0,0,0.1
core_neuralprophet_frozen_s2026,neuralprophet,frozen,selected,2026,18,2025-05-12 01:00:00,2025-05-16 06:00:00,102,172.46,True,True,55.52555084228516,3.9286655875932257,59.454216429878386,0,0,0.1
core_neuralprophet_frozen_s2026,neuralprophet,frozen,selected,2026,18,2025-05-12 01:00:00,2025-05-16 07:00:00,103,168.26,True,True,49.88958358764648,3.9286655875932257,53.8182491752397,0,0,0.1
core_neuralprophet_frozen_s2026,neuralprophet,frozen,selected,2026,18,2025-05-12 01:00:00,2025-05-16 08:00:00,104,160.05,True,True,66.96691131591797,3.9286655875932257,70.8955769035112,0,0,0.1
core_neuralprophet_frozen_s2026,neuralprophet,frozen,selected,2026,18,2025-05-12 01:00:00,2025-05-16 09:00:00,105,155.52,True,True,54.5462760925293,3.9286655875932257,58.47494168012252,0,0,0.1
core_neuralprophet_frozen_s2026,neuralprophet,frozen,selected,2026,18,2025-05-12 01:00:00,2025-05-16 10:00:00,106,149.99,True,True,60.2840461730957,3.9286655875932257,64.21271176068893,0,0,0.1
core_neuralprophet_frozen_s2026,neuralprophet,frozen,selected,2026,18,2025-05-12 01:00:00,2025-05-16 11:00:00,107,142.95,True,True,62.42786407470703,3.9286655875932257,66.35652966230026,0,0,0.1
core_neuralprophet_frozen_s2026,neuralprophet,frozen,selected,2026,18,2025-05-12 01:00:00,2025-05-16 12:00:00,108,135.27,True,True,64.59678649902344,3.9286655875932257,68.52545208661667,0,0,0.1
core_neuralprophet_frozen_s2026,neuralprophet,frozen,selected,2026,18,2025-05-12 01:00:00,2025-05-16 13:00:00,109,128.41,True,True,65.46394348144531,3.9286655875932257,69.39260906903854,0,0,0.1
core_neuralprophet_frozen_s2026,neuralprophet,frozen,selected,2026,18,2025-05-12 01:00:00,2025-05-16 14:00:00,110,127.57,True,True,74.59602355957031,3.9286655875932257,78.52468914716354,0,0,0.1
core_neuralprophet_frozen_s2026,neuralprophet,frozen,selected,2026,18,2025-05-12 01:00:00,2025-05-16 15:00:00,111,129.89,True,True,70.67149353027344,3.9286655875932257,74.60015911786667,0,0,0.1
core_neuralprophet_frozen_s2026,neuralprophet,frozen,selected,2026,18,2025-05-12 01:00:00,2025-05-16 16:00:00,112,130.59,True,True,76.91017150878906,3.9286655875932257,80.83883709638229,0,0,0.1
core_neuralprophet_frozen_s2026,neuralprophet,frozen,selected,2026,18,2025-05-12 01:00:00,2025-05-16 17:00:00,113,127.01,True,True,70.95311737060547,3.9286655875932257,74.8817829581987,0,0,0.1
core_neuralprophet_frozen_s2026,neuralprophet,frozen,selected,2026,18,2025-05-12 01:00:00,2025-05-16 18:00:00,114,112.05,True,True,60.68885040283203,3.9286655875932257,64.61751599042526,0,0,0.1
core_neuralprophet_frozen_s2026,neuralprophet,frozen,selected,2026,18,2025-05-12 01:00:00,2025-05-16 19:00:00,115,80.06,True,True,46.71360778808594,3.9286655875932257,50.64227337567916,0,0,0.1
core_neuralprophet_frozen_s2026,neuralprophet,frozen,selected,2026,18,2025-05-12 01:00:00,2025-05-16 20:00:00,116,89.46,True,True,44.49238586425781,3.9286655875932257,48.421051451851035,0,0,0.1
core_neuralprophet_frozen_s2026,neuralprophet,frozen,selected,2026,18,2025-05-12 01:00:00,2025-05-16 21:00:00,117,74.72,True,True,35.225399017333984,3.9286655875932257,39.15406460492721,0,0,0.1
core_neuralprophet_frozen_s2026,neuralprophet,frozen,selected,2026,18,2025-05-12 01:00:00,2025-05-16 22:00:00,118,33.73,True,True,46.24428176879883,3.9286655875932257,50.17294735639205,0,0,0.1
core_neuralprophet_frozen_s2026,neuralprophet,frozen,selected,2026,18,2025-05-12 01:00:00,2025-05-16 23:00:00,119,9.38,True,True,44.39017105102539,3.9286655875932257,48.31883663861861,0,0,0.1
core_neuralprophet_frozen_s2026,neuralprophet,frozen,selected,2026,18,2025-05-12 01:00:00,2025-05-17 00:00:00,120,2.03,True,True,39.06661987304688,3.9286655875932257,42.995285460640105,0,0,0.1
core_neuralprophet_frozen_s2026,neuralprophet,frozen,selected,2026,18,2025-05-12 01:00:00,2025-05-17 01:00:00,121,0.71,True,True,47.848140716552734,3.9286655875932257,51.77680630414596,0,0,0.1
core_neuralprophet_frozen_s2026,neuralprophet,frozen,selected,2026,18,2025-05-12 01:00:00,2025-05-17 02:00:00,122,0.79,True,True,48.00496673583984,3.9286655875932257,51.93363232343306,0,0,0.1
core_neuralprophet_frozen_s2026,neuralprophet,frozen,selected,2026,18,2025-05-12 01:00:00,2025-05-17 03:00:00,123,1.11,True,True,47.4328498840332,3.9286655875932257,51.361515471626426,0,0,0.1
core_neuralprophet_frozen_s2026,neuralprophet,frozen,selected,2026,18,2025-05-12 01:00:00,2025-05-17 04:00:00,124,1.41,True,True,62.67018508911133,3.9286655875932257,66.59885067670456,0,0,0.1
core_neuralprophet_frozen_s2026,neuralprophet,frozen,selected,2026,18,2025-05-12 01:00:00,2025-05-17 05:00:00,125,1.59,True,True,63.60504150390625,3.9286655875932257,67.53370709149948,0,0,0.1
core_neuralprophet_frozen_s2026,neuralprophet,frozen,selected,2026,18,2025-05-12 01:00:00,2025-05-17 06:00:00,126,1.8,True,True,57.48418426513672,3.9286655875932257,61.41284985272994,0,0,0.1
core_neuralprophet_frozen_s2026,neuralprophet,frozen,selected,2026,18,2025-05-12 01:00:00,2025-05-17 07:00:00,127,1.98,True,True,60.71865463256836,3.9286655875932257,64.64732022016159,0,0,0.1
core_neuralprophet_frozen_s2026,neuralprophet,frozen,selected,2026,18,2025-05-12 01:00:00,2025-05-17 08:00:00,128,2.06,True,True,59.45247650146485,3.9286655875932257,63.38114208905807,0,0,0.1
core_neuralprophet_frozen_s2026,neuralprophet,frozen,selected,2026,18,2025-05-12 01:00:00,2025-05-17 09:00:00,129,2.07,True,True,59.47163009643555,3.9286655875932257,63.40029568402877,0,0,0.1
core_neuralprophet_frozen_s2026,neuralprophet,frozen,selected,2026,18,2025-05-12 01:00:00,2025-05-17 10:00:00,130,2.49,True,True,51.49393844604492,3.9286655875932257,55.422604033638144,0,0,0.1
core_neuralprophet_frozen_s2026,neuralprophet,frozen,selected,2026,18,2025-05-12 01:00:00,2025-05-17 11:00:00,131,3.33,True,True,59.29858016967773,3.9286655875932257,63.22724575727095,0,0,0.1
core_neuralprophet_frozen_s2026,neuralprophet,frozen,selected,2026,18,2025-05-12 01:00:00,2025-05-17 12:00:00,132,4.39,True,True,56.76411437988281,3.9286655875932257,60.692779967476035,0,0,0.1
core_neuralprophet_frozen_s2026,neuralprophet,frozen,selected,2026,18,2025-05-12 01:00:00,2025-05-17 13:00:00,133,5.46,True,True,62.27198791503906,3.9286655875932257,66.20065350263229,0,0,0.1
core_neuralprophet_frozen_s2026,neuralprophet,frozen,selected,2026,18,2025-05-12 01:00:00,2025-05-17 14:00:00,134,6.52,True,True,61.778839111328125,3.9286655875932257,65.70750469892135,0,0,0.1
core_neuralprophet_frozen_s2026,neuralprophet,frozen,selected,2026,18,2025-05-12 01:00:00,2025-05-17 15:00:00,135,7.63,True,True,57.51696014404297,3.9286655875932257,61.44562573163619,0,0,0.1
core_neuralprophet_frozen_s2026,neuralprophet,frozen,selected,2026,18,2025-05-12 01:00:00,2025-05-17 16:00:00,136,8.39,True,True,55.576698303222656,3.9286655875932257,59.50536389081588,0,0,0.1
core_neuralprophet_frozen_s2026,neuralprophet,frozen,selected,2026,18,2025-05-12 01:00:00,2025-05-17 17:00:00,137,9.24,True,True,48.33241271972656,3.9286655875932257,52.261078307319785,0,0,0.1
core_neuralprophet_frozen_s2026,neuralprophet,frozen,selected,2026,18,2025-05-12 01:00:00,2025-05-17 18:00:00,138,10.63,True,True,47.096656799316406,3.9286655875932257,51.02532238690963,0,0,0.1
core_neuralprophet_frozen_s2026,neuralprophet,frozen,selected,2026,18,2025-05-12 01:00:00,2025-05-17 19:00:00,139,12.19,True,True,51.65980529785156,3.9286655875932257,55.588470885444785,0,0,0.1
core_neuralprophet_frozen_s2026,neuralprophet,frozen,selected,2026,18,2025-05-12 01:00:00,2025-05-17 20:00:00,140,13.51,True,True,42.29630279541016,3.9286655875932257,46.224968383003386,0,0,0.1
core_neuralprophet_frozen_s2026,neuralprophet,frozen,selected,2026,18,2025-05-12 01:00:00,2025-05-17 21:00:00,141,15.07,True,True,46.12199401855469,3.9286655875932257,50.05065960614791,0,0,0.1
core_neuralprophet_frozen_s2026,neuralprophet,frozen,selected,2026,18,2025-05-12 01:00:00,2025-05-17 22:00:00,142,16.71,True,True,41.4516487121582,3.9286655875932257,45.380314299751426,0,0,0.1
core_neuralprophet_frozen_s2026,neuralprophet,frozen,selected,2026,18,2025-05-12 01:00:00,2025-05-17 23:00:00,143,18.53,True,True,44.44425201416016,3.9286655875932257,48.372917601753386,0,0,0.1
core_neuralprophet_frozen_s2026,neuralprophet,frozen,selected,2026,18,2025-05-12 01:00:00,2025-05-18 00:00:00,144,20.61,True,True,48.79203796386719,3.9286655875932257,52.72070355146041,0,0,0.1
core_neuralprophet_frozen_s2026,neuralprophet,frozen,selected,2026,18,2025-05-12 01:00:00,2025-05-18 01:00:00,145,24.64,True,True,45.10194396972656,3.9286655875932257,49.030609557319785,0,0,0.1
core_neuralprophet_frozen_s2026,neuralprophet,frozen,selected,2026,18,2025-05-12 01:00:00,2025-05-18 02:00:00,146,29.03,True,True,53.747196197509766,3.9286655875932257,57.67586178510299,0,0,0.1
core_neuralprophet_frozen_s2026,neuralprophet,frozen,selected,2026,18,2025-05-12 01:00:00,2025-05-18 03:00:00,147,35.98,True,True,47.36052703857422,3.9286655875932257,51.28919262616744,0,0,0.1
core_neuralprophet_frozen_s2026,neuralprophet,frozen,selected,2026,18,2025-05-12 01:00:00,2025-05-18 04:00:00,148,43.15,True,True,58.395538330078125,3.9286655875932257,62.32420391767135,0,0,0.1
core_neuralprophet_frozen_s2026,neuralprophet,frozen,selected,2026,18,2025-05-12 01:00:00,2025-05-18 05:00:00,149,48.28,True,True,60.13985061645508,3.9286655875932257,64.06851620404831,0,0,0.1
core_neuralprophet_frozen_s2026,neuralprophet,frozen,selected,2026,18,2025-05-12 01:00:00,2025-05-18 06:00:00,150,50.0,True,True,56.220645904541016,3.9286655875932257,60.14931149213424,0,0,0.1
core_neuralprophet_frozen_s2026,neuralprophet,frozen,selected,2026,18,2025-05-12 01:00:00,2025-05-18 07:00:00,151,49.48,True,True,42.90751266479492,3.9286655875932257,46.836178252388144,0,0,0.1
core_neuralprophet_frozen_s2026,neuralprophet,frozen,selected,2026,18,2025-05-12 01:00:00,2025-05-18 08:00:00,152,48.42,True,True,52.4238395690918,3.9286655875932257,56.35250515668502,0,0,0.1
core_neuralprophet_frozen_s2026,neuralprophet,frozen,selected,2026,18,2025-05-12 01:00:00,2025-05-18 09:00:00,153,49.69,True,True,44.185997009277344,3.9286655875932257,48.114662596870566,0,0,0.1
core_neuralprophet_frozen_s2026,neuralprophet,frozen,selected,2026,18,2025-05-12 01:00:00,2025-05-18 10:00:00,154,51.97,True,True,45.26145553588867,3.9286655875932257,49.190121123481894,0,0,0.1
core_neuralprophet_frozen_s2026,neuralprophet,frozen,selected,2026,18,2025-05-12 01:00:00,2025-05-18 11:00:00,155,55.69,True,True,49.67103958129883,3.9286655875932257,53.59970516889205,0,0,0.1
core_neuralprophet_frozen_s2026,neuralprophet,frozen,selected,2026,18,2025-05-12 01:00:00,2025-05-18 12:00:00,156,60.11,True,True,55.96247100830078,3.9286655875932257,59.891136595894004,0,0,0.1
core_neuralprophet_frozen_s2026,neuralprophet,frozen,selected,2026,18,2025-05-12 01:00:00,2025-05-18 13:00:00,157,63.29,True,True,50.28679275512695,3.9286655875932257,54.215458342720176,0,0,0.1
core_neuralprophet_frozen_s2026,neuralprophet,frozen,selected,2026,18,2025-05-12 01:00:00,2025-05-18 14:00:00,158,66.17,True,True,60.950904846191406,3.9286655875932257,64.87957043378464,0,0,0.1
core_neuralprophet_frozen_s2026,neuralprophet,frozen,selected,2026,18,2025-05-12 01:00:00,2025-05-18 15:00:00,159,69.01,True,True,58.379493713378906,3.9286655875932257,62.30815930097213,0,0,0.1
core_neuralprophet_frozen_s2026,neuralprophet,frozen,selected,2026,18,2025-05-12 01:00:00,2025-05-18 16:00:00,160,70.53,True,True,60.3745346069336,3.9286655875932257,64.30320019452682,0,0,0.1
core_neuralprophet_frozen_s2026,neuralprophet,frozen,selected,2026,18,2025-05-12 01:00:00,2025-05-18 17:00:00,161,72.16,True,True,58.05865478515625,3.9286655875932257,61.98732037274947,0,0,0.1
core_neuralprophet_frozen_s2026,neuralprophet,frozen,selected,2026,18,2025-05-12 01:00:00,2025-05-18 18:00:00,162,73.77,True,True,56.71288299560547,3.9286655875932257,60.64154858319869,0,0,0.1
core_neuralprophet_frozen_s2026,neuralprophet,frozen,selected,2026,18,2025-05-12 01:00:00,2025-05-18 19:00:00,163,75.17,True,True,51.0135498046875,3.9286655875932257,54.94221539228072,0,0,0.1
core_neuralprophet_frozen_s2026,neuralprophet,frozen,selected,2026,18,2025-05-12 01:00:00,2025-05-18 20:00:00,164,76.93,True,True,56.5123405456543,3.9286655875932257,60.44100613324752,0,0,0.1
core_neuralprophet_frozen_s2026,neuralprophet,frozen,selected,2026,18,2025-05-12 01:00:00,2025-05-18 21:00:00,165,78.91,True,True,52.1466178894043,3.9286655875932257,56.07528347699752,0,0,0.1
core_neuralprophet_frozen_s2026,neuralprophet,frozen,selected,2026,18,2025-05-12 01:00:00,2025-05-18 22:00:00,166,79.54,True,True,59.69207000732422,3.9286655875932257,63.62073559491744,0,0,0.1
core_neuralprophet_frozen_s2026,neuralprophet,frozen,selected,2026,18,2025-05-12 01:00:00,2025-05-18 23:00:00,167,80.6,True,True,52.91228103637695,3.9286655875932257,56.840946623970176,0,0,0.1
core_neuralprophet_frozen_s2026,neuralprophet,frozen,selected,2026,18,2025-05-12 01:00:00,2025-05-19 00:00:00,168,83.05,True,True,59.63543319702149,3.9286655875932257,63.564098784614714,0,0,0.1
core_neuralprophet_frozen_s2026,neuralprophet,frozen,selected,2026,19,2025-05-19 01:00:00,2025-05-19 01:00:00,1,106.21,True,True,74.29813385009766,4.953785906956505,79.25191975705417,0,0,0.1
core_neuralprophet_frozen_s2026,neuralprophet,frozen,selected,2026,19,2025-05-19 01:00:00,2025-05-19 02:00:00,2,120.42,True,True,85.390625,4.953785906956505,90.34441090695651,0,0,0.1
core_neuralprophet_frozen_s2026,neuralprophet,frozen,selected,2026,19,2025-05-19 01:00:00,2025-05-19 03:00:00,3,134.36,True,True,81.0992660522461,4.953785906956505,86.0530519592026,0,0,0.1
core_neuralprophet_frozen_s2026,neuralprophet,frozen,selected,2026,19,2025-05-19 01:00:00,2025-05-19 04:00:00,4,150.03,True,True,82.33927917480469,4.953785906956505,87.2930650817612,0,0,0.1
core_neuralprophet_frozen_s2026,neuralprophet,frozen,selected,2026,19,2025-05-19 01:00:00,2025-05-19 05:00:00,5,158.37,True,True,67.72695922851562,4.953785906956505,72.68074513547214,0,0,0.1
core_neuralprophet_frozen_s2026,neuralprophet,frozen,selected,2026,19,2025-05-19 01:00:00,2025-05-19 06:00:00,6,165.03,True,True,61.82490921020508,4.953785906956505,66.77869511716159,0,0,0.1
core_neuralprophet_frozen_s2026,neuralprophet,frozen,selected,2026,19,2025-05-19 01:00:00,2025-05-19 07:00:00,7,169.88,True,True,61.57714080810547,4.953785906956505,66.53092671506198,0,0,0.1
core_neuralprophet_frozen_s2026,neuralprophet,frozen,selected,2026,19,2025-05-19 01:00:00,2025-05-19 08:00:00,8,169.11,True,True,58.00110626220703,4.953785906956505,62.954892169163536,0,0,0.1
core_neuralprophet_frozen_s2026,neuralprophet,frozen,selected,2026,19,2025-05-19 01:00:00,2025-05-19 09:00:00,9,165.39,True,True,52.53620910644531,4.953785906956505,57.48999501340182,0,0,0.1
core_neuralprophet_frozen_s2026,neuralprophet,frozen,selected,2026,19,2025-05-19 01:00:00,2025-05-19 10:00:00,10,161.09,True,True,35.90001678466797,4.953785906956505,40.85380269162447,0,0,0.1
core_neuralprophet_frozen_s2026,neuralprophet,frozen,selected,2026,19,2025-05-19 01:00:00,2025-05-19 11:00:00,11,160.83,True,True,38.86384582519531,4.953785906956505,43.81763173215182,0,0,0.1
core_neuralprophet_frozen_s2026,neuralprophet,frozen,selected,2026,19,2025-05-19 01:00:00,2025-05-19 12:00:00,12,163.43,True,True,31.326875686645508,4.953785906956505,36.28066159360201,0,0,0.1
core_neuralprophet_frozen_s2026,neuralprophet,frozen,selected,2026,19,2025-05-19 01:00:00,2025-05-19 13:00:00,13,166.63,True,True,33.65980529785156,4.953785906956505,38.61359120480807,0,0,0.1
core_neuralprophet_frozen_s2026,neuralprophet,frozen,selected,2026,19,2025-05-19 01:00:00,2025-05-19 14:00:00,14,174.66,True,True,33.075714111328125,4.953785906956505,38.02950001828463,0,0,0.1
core_neuralprophet_frozen_s2026,neuralprophet,frozen,selected,2026,19,2025-05-19 01:00:00,2025-05-19 15:00:00,15,184.39,True,True,49.56734085083008,4.953785906956505,54.52112675778658,0,0,0.1
core_neuralprophet_frozen_s2026,neuralprophet,frozen,selected,2026,19,2025-05-19 01:00:00,2025-05-19 16:00:00,16,188.7,True,True,49.58971405029297,4.953785906956505,54.54349995724947,0,0,0.1
core_neuralprophet_frozen_s2026,neuralprophet,frozen,selected,2026,19,2025-05-19 01:00:00,2025-05-19 17:00:00,17,191.52,True,True,45.750431060791016,4.953785906956505,50.70421696774752,0,0,0.1
core_neuralprophet_frozen_s2026,neuralprophet,frozen,selected,2026,19,2025-05-19 01:00:00,2025-05-19 18:00:00,18,192.55,True,True,43.13555145263672,4.953785906956505,48.08933735959322,0,0,0.1
core_neuralprophet_frozen_s2026,neuralprophet,frozen,selected,2026,19,2025-05-19 01:00:00,2025-05-19 19:00:00,19,192.69,True,True,50.02318954467773,4.953785906956505,54.97697545163423,0,0,0.1
core_neuralprophet_frozen_s2026,neuralprophet,frozen,selected,2026,19,2025-05-19 01:00:00,2025-05-19 20:00:00,20,195.21,True,True,56.231483459472656,4.953785906956505,61.18526936642916,0,0,0.1
core_neuralprophet_frozen_s2026,neuralprophet,frozen,selected,2026,19,2025-05-19 01:00:00,2025-05-19 21:00:00,21,199.0,True,True,69.42484283447266,4.953785906956505,74.37862874142917,0,0,0.1
core_neuralprophet_frozen_s2026,neuralprophet,frozen,selected,2026,19,2025-05-19 01:00:00,2025-05-19 22:00:00,22,200.71,True,True,77.58899688720703,4.953785906956505,82.54278279416354,0,0,0.1
core_neuralprophet_frozen_s2026,neuralprophet,frozen,selected,2026,19,2025-05-19 01:00:00,2025-05-19 23:00:00,23,202.4,True,True,68.6268310546875,4.953785906956505,73.58061696164401,0,0,0.1
core_neuralprophet_frozen_s2026,neuralprophet,frozen,selected,2026,19,2025-05-19 01:00:00,2025-05-20 00:00:00,24,207.16,True,True,79.20953369140625,4.953785906956505,84.16331959836276,0,0,0.1
core_neuralprophet_frozen_s2026,neuralprophet,frozen,selected,2026,19,2025-05-19 01:00:00,2025-05-20 01:00:00,25,217.86,True,True,80.84010314941406,4.953785906956505,85.79388905637057,0,0,0.1
core_neuralprophet_frozen_s2026,neuralprophet,frozen,selected,2026,19,2025-05-19 01:00:00,2025-05-20 02:00:00,26,224.36,True,True,79.93486785888672,4.953785906956505,84.88865376584323,0,0,0.1
core_neuralprophet_frozen_s2026,neuralprophet,frozen,selected,2026,19,2025-05-19 01:00:00,2025-05-20 03:00:00,27,234.96,True,True,85.39127349853516,4.953785906956505,90.34505940549167,0,0,0.1
core_neuralprophet_frozen_s2026,neuralprophet,frozen,selected,2026,19,2025-05-19 01:00:00,2025-05-20 04:00:00,28,244.15,True,True,93.30413055419922,4.953785906956505,98.25791646115573,0,0,0.1
core_neuralprophet_frozen_s2026,neuralprophet,frozen,selected,2026,19,2025-05-19 01:00:00,2025-05-20 05:00:00,29,248.93,True,True,94.97808074951172,4.953785906956505,99.93186665646823,0,0,0.1
core_neuralprophet_frozen_s2026,neuralprophet,frozen,selected,2026,19,2025-05-19 01:00:00,2025-05-20 06:00:00,30,248.07,True,True,92.64694213867188,4.953785906956505,97.60072804562839,0,0,0.1
core_neuralprophet_frozen_s2026,neuralprophet,frozen,selected,2026,19,2025-05-19 01:00:00,2025-05-20 07:00:00,31,241.33,True,True,94.55296325683594,4.953785906956505,99.50674916379245,0,0,0.1
core_neuralprophet_frozen_s2026,neuralprophet,frozen,selected,2026,19,2025-05-19 01:00:00,2025-05-20 08:00:00,32,235.59,True,True,108.96021270751952,4.953785906956505,113.91399861447603,0,0,0.1
core_neuralprophet_frozen_s2026,neuralprophet,frozen,selected,2026,19,2025-05-19 01:00:00,2025-05-20 09:00:00,33,232.31,True,True,101.92877197265624,4.953785906956505,106.88255787961275,0,0,0.1
core_neuralprophet_frozen_s2026,neuralprophet,frozen,selected,2026,19,2025-05-19 01:00:00,2025-05-20 10:00:00,34,235.85,True,True,113.11872863769533,4.953785906956505,118.07251454465184,0,0,0.1
core_neuralprophet_frozen_s2026,neuralprophet,frozen,selected,2026,19,2025-05-19 01:00:00,2025-05-20 11:00:00,35,241.27,True,True,117.830078125,4.953785906956505,122.78386403195651,0,0,0.1
core_neuralprophet_frozen_s2026,neuralprophet,frozen,selected,2026,19,2025-05-19 01:00:00,2025-05-20 12:00:00,36,248.47,True,True,122.00634002685548,4.953785906956505,126.960125933812,0,0,0.1
core_neuralprophet_frozen_s2026,neuralprophet,frozen,selected,2026,19,2025-05-19 01:00:00,2025-05-20 13:00:00,37,252.48,True,True,134.009033203125,4.953785906956505,138.9628191100815,0,0,0.1
core_neuralprophet_frozen_s2026,neuralprophet,frozen,selected,2026,19,2025-05-19 01:00:00,2025-05-20 14:00:00,38,255.56,True,True,134.872802734375,4.953785906956505,139.8265886413315,0,0,0.1
core_neuralprophet_frozen_s2026,neuralprophet,frozen,selected,2026,19,2025-05-19 01:00:00,2025-05-20 15:00:00,39,252.79,True,True,131.7095947265625,4.953785906956505,136.663380633519,0,0,0.1
core_neuralprophet_frozen_s2026,neuralprophet,frozen,selected,2026,19,2025-05-19 01:00:00,2025-05-20 16:00:00,40,235.97,True,True,136.4741973876953,4.953785906956505,141.42798329465182,0,0,0.1
core_neuralprophet_frozen_s2026,neuralprophet,frozen,selected,2026,19,2025-05-19 01:00:00,2025-05-20 17:00:00,41,221.36,True,True,139.0144805908203,4.953785906956505,143.96826649777682,0,0,0.1
core_neuralprophet_frozen_s2026,neuralprophet,frozen,selected,2026,19,2025-05-19 01:00:00,2025-05-20 18:00:00,42,203.64,True,True,143.31161499023438,4.953785906956505,148.2654008971909,0,0,0.1
core_neuralprophet_frozen_s2026,neuralprophet,frozen,selected,2026,19,2025-05-19 01:00:00,2025-05-20 19:00:00,43,183.0,True,True,141.86526489257812,4.953785906956505,146.81905079953464,0,0,0.1
core_neuralprophet_frozen_s2026,neuralprophet,frozen,selected,2026,19,2025-05-19 01:00:00,2025-05-20 20:00:00,44,176.9,True,True,142.67861938476562,4.953785906956505,147.63240529172214,0,0,0.1
core_neuralprophet_frozen_s2026,neuralprophet,frozen,selected,2026,19,2025-05-19 01:00:00,2025-05-20 21:00:00,45,180.99,True,True,126.05133056640624,4.953785906956505,131.00511647336273,0,0,0.1
core_neuralprophet_frozen_s2026,neuralprophet,frozen,selected,2026,19,2025-05-19 01:00:00,2025-05-20 22:00:00,46,185.2,True,True,122.39710998535156,4.953785906956505,127.35089589230807,0,0,0.1
core_neuralprophet_frozen_s2026,neuralprophet,frozen,selected,2026,19,2025-05-19 01:00:00,2025-05-20 23:00:00,47,190.97,True,True,115.01675415039062,4.953785906956505,119.97054005734714,0,0,0.1
core_neuralprophet_frozen_s2026,neuralprophet,frozen,selected,2026,19,2025-05-19 01:00:00,2025-05-21 00:00:00,48,197.37,True,True,111.89366149902344,4.953785906956505,116.84744740597995,0,0,0.1
core_neuralprophet_frozen_s2026,neuralprophet,frozen,selected,2026,19,2025-05-19 01:00:00,2025-05-21 01:00:00,49,193.42,True,True,111.83454895019533,4.953785906956505,116.78833485715184,0,0,0.1
core_neuralprophet_frozen_s2026,neuralprophet,frozen,selected,2026,19,2025-05-19 01:00:00,2025-05-21 02:00:00,50,176.81,True,True,109.15877532958984,4.953785906956505,114.11256123654636,0,0,0.1
core_neuralprophet_frozen_s2026,neuralprophet,frozen,selected,2026,19,2025-05-19 01:00:00,2025-05-21 03:00:00,51,157.6,True,True,110.51651763916016,4.953785906956505,115.47030354611667,0,0,0.1
core_neuralprophet_frozen_s2026,neuralprophet,frozen,selected,2026,19,2025-05-19 01:00:00,2025-05-21 04:00:00,52,141.83,True,True,117.64591979980467,4.953785906956505,122.59970570676118,0,0,0.1
core_neuralprophet_frozen_s2026,neuralprophet,frozen,selected,2026,19,2025-05-19 01:00:00,2025-05-21 05:00:00,53,127.85,True,True,116.95369720458984,4.953785906956505,121.90748311154636,0,0,0.1
core_neuralprophet_frozen_s2026,neuralprophet,frozen,selected,2026,19,2025-05-19 01:00:00,2025-05-21 06:00:00,54,112.63,True,True,121.98049926757812,4.953785906956505,126.93428517453464,0,0,0.1
core_neuralprophet_frozen_s2026,neuralprophet,frozen,selected,2026,19,2025-05-19 01:00:00,2025-05-21 07:00:00,55,100.55,True,True,98.3647918701172,4.953785906956505,103.31857777707371,0,0,0.1
core_neuralprophet_frozen_s2026,neuralprophet,frozen,selected,2026,19,2025-05-19 01:00:00,2025-05-21 08:00:00,56,87.82,True,True,103.10892486572266,4.953785906956505,108.06271077267917,0,0,0.1
core_neuralprophet_frozen_s2026,neuralprophet,frozen,selected,2026,19,2025-05-19 01:00:00,2025-05-21 09:00:00,57,72.32,True,True,80.7238998413086,4.953785906956505,85.6776857482651,0,0,0.1
core_neuralprophet_frozen_s2026,neuralprophet,frozen,selected,2026,19,2025-05-19 01:00:00,2025-05-21 10:00:00,58,57.66,True,True,82.13481140136719,4.953785906956505,87.0885973083237,0,0,0.1
core_neuralprophet_frozen_s2026,neuralprophet,frozen,selected,2026,19,2025-05-19 01:00:00,2025-05-21 11:00:00,59,47.97,True,True,67.32011413574219,4.953785906956505,72.2739000426987,0,0,0.1
core_neuralprophet_frozen_s2026,neuralprophet,frozen,selected,2026,19,2025-05-19 01:00:00,2025-05-21 12:00:00,60,40.63,True,True,66.81590270996094,4.953785906956505,71.76968861691745,0,0,0.1
core_neuralprophet_frozen_s2026,neuralprophet,frozen,selected,2026,19,2025-05-19 01:00:00,2025-05-21 13:00:00,61,34.79,True,True,51.19671249389648,4.953785906956505,56.15049840085298,0,0,0.1
core_neuralprophet_frozen_s2026,neuralprophet,frozen,selected,2026,19,2025-05-19 01:00:00,2025-05-21 14:00:00,62,32.57,True,True,49.46339416503906,4.953785906956505,54.41718007199557,0,0,0.1
core_neuralprophet_frozen_s2026,neuralprophet,frozen,selected,2026,19,2025-05-19 01:00:00,2025-05-21 15:00:00,63,32.98,True,True,38.94508743286133,4.953785906956505,43.89887333981783,0,0,0.1
core_neuralprophet_frozen_s2026,neuralprophet,frozen,selected,2026,19,2025-05-19 01:00:00,2025-05-21 16:00:00,64,34.16,True,True,41.43765258789063,4.953785906956505,46.39143849484714,0,0,0.1
core_neuralprophet_frozen_s2026,neuralprophet,frozen,selected,2026,19,2025-05-19 01:00:00,2025-05-21 17:00:00,65,36.09,True,True,44.44425201416016,4.953785906956505,49.39803792111667,0,0,0.1
core_neuralprophet_frozen_s2026,neuralprophet,frozen,selected,2026,19,2025-05-19 01:00:00,2025-05-21 18:00:00,66,39.22,True,True,44.98387908935547,4.953785906956505,49.93766499631197,0,0,0.1
core_neuralprophet_frozen_s2026,neuralprophet,frozen,selected,2026,19,2025-05-19 01:00:00,2025-05-21 19:00:00,67,43.18,True,True,46.801536560058594,4.953785906956505,51.7553224670151,0,0,0.1
core_neuralprophet_frozen_s2026,neuralprophet,frozen,selected,2026,19,2025-05-19 01:00:00,2025-05-21 20:00:00,68,47.18,True,True,50.71564102172852,4.953785906956505,55.66942692868503,0,0,0.1
core_neuralprophet_frozen_s2026,neuralprophet,frozen,selected,2026,19,2025-05-19 01:00:00,2025-05-21 21:00:00,69,51.07,True,True,42.95703125,4.953785906956505,47.910817156956504,0,0,0.1
core_neuralprophet_frozen_s2026,neuralprophet,frozen,selected,2026,19,2025-05-19 01:00:00,2025-05-21 22:00:00,70,54.83,True,True,40.78373718261719,4.953785906956505,45.73752308957369,0,0,0.1
core_neuralprophet_frozen_s2026,neuralprophet,frozen,selected,2026,19,2025-05-19 01:00:00,2025-05-21 23:00:00,71,59.2,True,True,47.12129974365234,4.953785906956505,52.07508565060884,0,0,0.1
core_neuralprophet_frozen_s2026,neuralprophet,frozen,selected,2026,19,2025-05-19 01:00:00,2025-05-22 00:00:00,72,63.88,True,True,49.14243316650391,4.953785906956505,54.09621907346042,0,0,0.1
core_neuralprophet_frozen_s2026,neuralprophet,frozen,selected,2026,19,2025-05-19 01:00:00,2025-05-22 01:00:00,73,73.72,True,True,46.94156265258789,4.953785906956505,51.895348559544395,0,0,0.1
core_neuralprophet_frozen_s2026,neuralprophet,frozen,selected,2026,19,2025-05-19 01:00:00,2025-05-22 02:00:00,74,73.79,True,True,61.8447265625,4.953785906956505,66.79851246945651,0,0,0.1
core_neuralprophet_frozen_s2026,neuralprophet,frozen,selected,2026,19,2025-05-19 01:00:00,2025-05-22 03:00:00,75,69.67,True,True,74.52056121826172,4.953785906956505,79.47434712521823,0,0,0.1
core_neuralprophet_frozen_s2026,neuralprophet,frozen,selected,2026,19,2025-05-19 01:00:00,2025-05-22 04:00:00,76,53.7,True,True,69.4393081665039,4.953785906956505,74.39309407346042,0,0,0.1
core_neuralprophet_frozen_s2026,neuralprophet,frozen,selected,2026,19,2025-05-19 01:00:00,2025-05-22 05:00:00,77,39.75,True,True,80.71977233886719,4.953785906956505,85.6735582458237,0,0,0.1
core_neuralprophet_frozen_s2026,neuralprophet,frozen,selected,2026,19,2025-05-19 01:00:00,2025-05-22 06:00:00,78,32.66,True,True,79.1922836303711,4.953785906956505,84.1460695373276,0,0,0.1
core_neuralprophet_frozen_s2026,neuralprophet,frozen,selected,2026,19,2025-05-19 01:00:00,2025-05-22 07:00:00,79,30.01,True,True,75.7244873046875,4.953785906956505,80.67827321164401,0,0,0.1
core_neuralprophet_frozen_s2026,neuralprophet,frozen,selected,2026,19,2025-05-19 01:00:00,2025-05-22 08:00:00,80,29.59,True,True,92.69192504882812,4.953785906956505,97.64571095578464,0,0,0.1
core_neuralprophet_frozen_s2026,neuralprophet,frozen,selected,2026,19,2025-05-19 01:00:00,2025-05-22 09:00:00,81,28.73,True,True,82.68121337890625,4.953785906956505,87.63499928586276,0,0,0.1
core_neuralprophet_frozen_s2026,neuralprophet,frozen,selected,2026,19,2025-05-19 01:00:00,2025-05-22 10:00:00,82,26.27,True,True,77.61112213134766,4.953785906956505,82.56490803830417,0,0,0.1
core_neuralprophet_frozen_s2026,neuralprophet,frozen,selected,2026,19,2025-05-19 01:00:00,2025-05-22 11:00:00,83,23.29,True,True,78.94418334960938,4.953785906956505,83.89796925656589,0,0,0.1
core_neuralprophet_frozen_s2026,neuralprophet,frozen,selected,2026,19,2025-05-19 01:00:00,2025-05-22 12:00:00,84,20.54,True,True,73.27877807617188,4.953785906956505,78.23256398312839,0,0,0.1
core_neuralprophet_frozen_s2026,neuralprophet,frozen,selected,2026,19,2025-05-19 01:00:00,2025-05-22 13:00:00,85,19.19,True,True,73.63313293457031,4.953785906956505,78.58691884152682,0,0,0.1
core_neuralprophet_frozen_s2026,neuralprophet,frozen,selected,2026,19,2025-05-19 01:00:00,2025-05-22 14:00:00,86,18.8,True,True,82.41593933105469,4.953785906956505,87.3697252380112,0,0,0.1
core_neuralprophet_frozen_s2026,neuralprophet,frozen,selected,2026,19,2025-05-19 01:00:00,2025-05-22 15:00:00,87,18.92,True,True,88.37686920166016,4.953785906956505,93.33065510861667,0,0,0.1
core_neuralprophet_frozen_s2026,neuralprophet,frozen,selected,2026,19,2025-05-19 01:00:00,2025-05-22 16:00:00,88,19.72,True,True,82.63712310791016,4.953785906956505,87.59090901486667,0,0,0.1
core_neuralprophet_frozen_s2026,neuralprophet,frozen,selected,2026,19,2025-05-19 01:00:00,2025-05-22 17:00:00,89,21.6,True,True,81.78705596923828,4.953785906956505,86.74084187619479,0,0,0.1
core_neuralprophet_frozen_s2026,neuralprophet,frozen,selected,2026,19,2025-05-19 01:00:00,2025-05-22 18:00:00,90,23.58,True,True,94.9857177734375,4.953785906956505,99.93950368039401,0,0,0.1
core_neuralprophet_frozen_s2026,neuralprophet,frozen,selected,2026,19,2025-05-19 01:00:00,2025-05-22 19:00:00,91,25.79,True,True,99.0854034423828,4.953785906956505,104.03918934933931,0,0,0.1
core_neuralprophet_frozen_s2026,neuralprophet,frozen,selected,2026,19,2025-05-19 01:00:00,2025-05-22 20:00:00,92,28.15,True,True,106.04583740234376,4.953785906956505,110.99962330930028,0,0,0.1
core_neuralprophet_frozen_s2026,neuralprophet,frozen,selected,2026,19,2025-05-19 01:00:00,2025-05-22 21:00:00,93,30.46,True,True,113.05609893798828,4.953785906956505,118.00988484494479,0,0,0.1
core_neuralprophet_frozen_s2026,neuralprophet,frozen,selected,2026,19,2025-05-19 01:00:00,2025-05-22 22:00:00,94,32.33,True,True,109.4865493774414,4.953785906956505,114.44033528439792,0,0,0.1
core_neuralprophet_frozen_s2026,neuralprophet,frozen,selected,2026,19,2025-05-19 01:00:00,2025-05-22 23:00:00,95,32.66,True,True,109.8702163696289,4.953785906956505,114.82400227658542,0,0,0.1
core_neuralprophet_frozen_s2026,neuralprophet,frozen,selected,2026,19,2025-05-19 01:00:00,2025-05-23 00:00:00,96,30.51,True,True,107.9608383178711,4.953785906956505,112.9146242248276,0,0,0.1
core_neuralprophet_frozen_s2026,neuralprophet,frozen,selected,2026,19,2025-05-19 01:00:00,2025-05-23 01:00:00,97,27.16,True,True,108.70113372802734,4.953785906956505,113.65491963498386,0,0,0.1
core_neuralprophet_frozen_s2026,neuralprophet,frozen,selected,2026,19,2025-05-19 01:00:00,2025-05-23 02:00:00,98,23.62,True,True,112.35328674316406,4.953785906956505,117.30707265012057,0,0,0.1
core_neuralprophet_frozen_s2026,neuralprophet,frozen,selected,2026,19,2025-05-19 01:00:00,2025-05-23 03:00:00,99,20.2,True,True,114.18671417236328,4.953785906956505,119.14050007931979,0,0,0.1
core_neuralprophet_frozen_s2026,neuralprophet,frozen,selected,2026,19,2025-05-19 01:00:00,2025-05-23 04:00:00,100,13.57,True,True,112.14231872558594,4.953785906956505,117.09610463254245,0,0,0.1
core_neuralprophet_frozen_s2026,neuralprophet,frozen,selected,2026,19,2025-05-19 01:00:00,2025-05-23 05:00:00,101,11.08,True,True,123.10929107666016,4.953785906956505,128.06307698361667,0,0,0.1
core_neuralprophet_frozen_s2026,neuralprophet,frozen,selected,2026,19,2025-05-19 01:00:00,2025-05-23 06:00:00,102,10.87,True,True,137.0383758544922,4.953785906956505,141.9921617614487,0,0,0.1
core_neuralprophet_frozen_s2026,neuralprophet,frozen,selected,2026,19,2025-05-19 01:00:00,2025-05-23 07:00:00,103,11.57,True,True,116.54193878173828,4.953785906956505,121.49572468869479,0,0,0.1
core_neuralprophet_frozen_s2026,neuralprophet,frozen,selected,2026,19,2025-05-19 01:00:00,2025-05-23 08:00:00,104,12.49,True,True,129.07980346679688,4.953785906956505,134.0335893737534,0,0,0.1
core_neuralprophet_frozen_s2026,neuralprophet,frozen,selected,2026,19,2025-05-19 01:00:00,2025-05-23 09:00:00,105,13.52,True,True,117.32190704345705,4.953785906956505,122.27569295041356,0,0,0.1
core_neuralprophet_frozen_s2026,neuralprophet,frozen,selected,2026,19,2025-05-19 01:00:00,2025-05-23 10:00:00,106,15.21,True,True,121.5894775390625,4.953785906956505,126.54326344601901,0,0,0.1
core_neuralprophet_frozen_s2026,neuralprophet,frozen,selected,2026,19,2025-05-19 01:00:00,2025-05-23 11:00:00,107,16.57,True,True,114.94905853271484,4.953785906956505,119.90284443967136,0,0,0.1
core_neuralprophet_frozen_s2026,neuralprophet,frozen,selected,2026,19,2025-05-19 01:00:00,2025-05-23 12:00:00,108,17.55,True,True,109.66546630859376,4.953785906956505,114.61925221555028,0,0,0.1
core_neuralprophet_frozen_s2026,neuralprophet,frozen,selected,2026,19,2025-05-19 01:00:00,2025-05-23 13:00:00,109,18.58,True,True,113.9344482421875,4.953785906956505,118.88823414914401,0,0,0.1
core_neuralprophet_frozen_s2026,neuralprophet,frozen,selected,2026,19,2025-05-19 01:00:00,2025-05-23 14:00:00,110,20.24,True,True,106.62931060791016,4.953785906956505,111.58309651486667,0,0,0.1
core_neuralprophet_frozen_s2026,neuralprophet,frozen,selected,2026,19,2025-05-19 01:00:00,2025-05-23 15:00:00,111,21.72,True,True,104.80492401123048,4.953785906956505,109.758709918187,0,0,0.1
core_neuralprophet_frozen_s2026,neuralprophet,frozen,selected,2026,19,2025-05-19 01:00:00,2025-05-23 16:00:00,112,22.19,True,True,106.93107604980467,4.953785906956505,111.88486195676118,0,0,0.1
core_neuralprophet_frozen_s2026,neuralprophet,frozen,selected,2026,19,2025-05-19 01:00:00,2025-05-23 17:00:00,113,22.27,True,True,97.91532135009766,4.953785906956505,102.86910725705417,0,0,0.1
core_neuralprophet_frozen_s2026,neuralprophet,frozen,selected,2026,19,2025-05-19 01:00:00,2025-05-23 18:00:00,114,21.94,True,True,97.82161712646484,4.953785906956505,102.77540303342136,0,0,0.1
core_neuralprophet_frozen_s2026,neuralprophet,frozen,selected,2026,19,2025-05-19 01:00:00,2025-05-23 19:00:00,115,21.13,True,True,80.8768081665039,4.953785906956505,85.83059407346042,0,0,0.1
core_neuralprophet_frozen_s2026,neuralprophet,frozen,selected,2026,19,2025-05-19 01:00:00,2025-05-23 20:00:00,116,20.2,True,True,83.61111450195312,4.953785906956505,88.56490040890964,0,0,0.1
core_neuralprophet_frozen_s2026,neuralprophet,frozen,selected,2026,19,2025-05-19 01:00:00,2025-05-23 21:00:00,117,19.07,True,True,82.73194122314453,4.953785906956505,87.68572713010104,0,0,0.1
core_neuralprophet_frozen_s2026,neuralprophet,frozen,selected,2026,19,2025-05-19 01:00:00,2025-05-23 22:00:00,118,17.49,True,True,72.06510925292969,4.953785906956505,77.0188951598862,0,0,0.1
core_neuralprophet_frozen_s2026,neuralprophet,frozen,selected,2026,19,2025-05-19 01:00:00,2025-05-23 23:00:00,119,16.28,True,True,53.44348907470703,4.953785906956505,58.397274981663536,0,0,0.1
core_neuralprophet_frozen_s2026,neuralprophet,frozen,selected,2026,19,2025-05-19 01:00:00,2025-05-24 00:00:00,120,15.78,True,True,48.23527526855469,4.953785906956505,53.18906117551119,0,0,0.1
core_neuralprophet_frozen_s2026,neuralprophet,frozen,selected,2026,19,2025-05-19 01:00:00,2025-05-24 01:00:00,121,15.27,True,True,39.27154159545898,4.953785906956505,44.22532750241548,0,0,0.1
core_neuralprophet_frozen_s2026,neuralprophet,frozen,selected,2026,19,2025-05-19 01:00:00,2025-05-24 02:00:00,122,16.66,True,True,49.672401428222656,4.953785906956505,54.62618733517916,0,0,0.1
core_neuralprophet_frozen_s2026,neuralprophet,frozen,selected,2026,19,2025-05-19 01:00:00,2025-05-24 03:00:00,123,21.0,True,True,44.29341125488281,4.953785906956505,49.24719716183932,0,0,0.1
core_neuralprophet_frozen_s2026,neuralprophet,frozen,selected,2026,19,2025-05-19 01:00:00,2025-05-24 04:00:00,124,8.1,True,True,51.68523788452149,4.953785906956505,56.639023791477996,0,0,0.1
core_neuralprophet_frozen_s2026,neuralprophet,frozen,selected,2026,19,2025-05-19 01:00:00,2025-05-24 05:00:00,125,6.35,True,True,56.90674209594727,4.953785906956505,61.86052800290378,0,0,0.1
core_neuralprophet_frozen_s2026,neuralprophet,frozen,selected,2026,19,2025-05-19 01:00:00,2025-05-24 06:00:00,126,6.48,True,True,54.2544174194336,4.953785906956505,59.208203326390105,0,0,0.1
core_neuralprophet_frozen_s2026,neuralprophet,frozen,selected,2026,19,2025-05-19 01:00:00,2025-05-24 07:00:00,127,7.06,True,True,50.08434677124024,4.953785906956505,55.038132678196746,0,0,0.1
core_neuralprophet_frozen_s2026,neuralprophet,frozen,selected,2026,19,2025-05-19 01:00:00,2025-05-24 08:00:00,128,8.02,True,True,47.91146469116211,4.953785906956505,52.865250598118614,0,0,0.1
core_neuralprophet_frozen_s2026,neuralprophet,frozen,selected,2026,19,2025-05-19 01:00:00,2025-05-24 09:00:00,129,8.71,True,True,56.21387481689453,4.953785906956505,61.167660723851036,0,0,0.1
core_neuralprophet_frozen_s2026,neuralprophet,frozen,selected,2026,19,2025-05-19 01:00:00,2025-05-24 10:00:00,130,9.36,True,True,39.83379364013672,4.953785906956505,44.78757954709322,0,0,0.1
core_neuralprophet_frozen_s2026,neuralprophet,frozen,selected,2026,19,2025-05-19 01:00:00,2025-05-24 11:00:00,131,9.98,True,True,41.436622619628906,4.953785906956505,46.39040852658541,0,0,0.1
core_neuralprophet_frozen_s2026,neuralprophet,frozen,selected,2026,19,2025-05-19 01:00:00,2025-05-24 12:00:00,132,10.31,True,True,37.6402702331543,4.953785906956505,42.5940561401108,0,0,0.1
core_neuralprophet_frozen_s2026,neuralprophet,frozen,selected,2026,19,2025-05-19 01:00:00,2025-05-24 13:00:00,133,10.45,True,True,38.45153045654297,4.953785906956505,43.40531636349947,0,0,0.1
core_neuralprophet_frozen_s2026,neuralprophet,frozen,selected,2026,19,2025-05-19 01:00:00,2025-05-24 14:00:00,134,10.93,True,True,37.70376205444336,4.953785906956505,42.657547961399864,0,0,0.1
core_neuralprophet_frozen_s2026,neuralprophet,frozen,selected,2026,19,2025-05-19 01:00:00,2025-05-24 15:00:00,135,12.21,True,True,39.30159378051758,4.953785906956505,44.25537968747408,0,0,0.1
core_neuralprophet_frozen_s2026,neuralprophet,frozen,selected,2026,19,2025-05-19 01:00:00,2025-05-24 16:00:00,136,14.99,True,True,45.64760208129883,4.953785906956505,50.60138798825533,0,0,0.1
core_neuralprophet_frozen_s2026,neuralprophet,frozen,selected,2026,19,2025-05-19 01:00:00,2025-05-24 17:00:00,137,20.75,True,True,49.815731048583984,4.953785906956505,54.76951695554049,0,0,0.1
core_neuralprophet_frozen_s2026,neuralprophet,frozen,selected,2026,19,2025-05-19 01:00:00,2025-05-24 18:00:00,138,28.33,True,True,66.45506286621094,4.953785906956505,71.40884877316745,0,0,0.1
core_neuralprophet_frozen_s2026,neuralprophet,frozen,selected,2026,19,2025-05-19 01:00:00,2025-05-24 19:00:00,139,33.88,True,True,74.73468780517578,4.953785906956505,79.68847371213229,0,0,0.1
core_neuralprophet_frozen_s2026,neuralprophet,frozen,selected,2026,19,2025-05-19 01:00:00,2025-05-24 20:00:00,140,36.17,True,True,74.28185272216797,4.953785906956505,79.23563862912448,0,0,0.1
core_neuralprophet_frozen_s2026,neuralprophet,frozen,selected,2026,19,2025-05-19 01:00:00,2025-05-24 21:00:00,141,37.23,True,True,74.85301971435547,4.953785906956505,79.80680562131198,0,0,0.1
core_neuralprophet_frozen_s2026,neuralprophet,frozen,selected,2026,19,2025-05-19 01:00:00,2025-05-24 22:00:00,142,36.97,True,True,84.37493896484375,4.953785906956505,89.32872487180026,0,0,0.1
core_neuralprophet_frozen_s2026,neuralprophet,frozen,selected,2026,19,2025-05-19 01:00:00,2025-05-24 23:00:00,143,36.1,True,True,61.65070343017578,4.953785906956505,66.60448933713229,0,0,0.1
core_neuralprophet_frozen_s2026,neuralprophet,frozen,selected,2026,19,2025-05-19 01:00:00,2025-05-25 00:00:00,144,36.23,True,True,70.41918182373047,4.953785906956505,75.37296773068698,0,0,0.1
core_neuralprophet_frozen_s2026,neuralprophet,frozen,selected,2026,19,2025-05-19 01:00:00,2025-05-25 01:00:00,145,38.53,True,True,84.14351654052734,4.953785906956505,89.09730244748386,0,0,0.1
core_neuralprophet_frozen_s2026,neuralprophet,frozen,selected,2026,19,2025-05-19 01:00:00,2025-05-25 02:00:00,146,43.74,True,True,85.38199615478516,4.953785906956505,90.33578206174167,0,0,0.1
core_neuralprophet_frozen_s2026,neuralprophet,frozen,selected,2026,19,2025-05-19 01:00:00,2025-05-25 03:00:00,147,53.17,True,True,94.92090606689452,4.953785906956505,99.87469197385103,0,0,0.1
core_neuralprophet_frozen_s2026,neuralprophet,frozen,selected,2026,19,2025-05-19 01:00:00,2025-05-25 04:00:00,148,70.97,True,True,116.55010986328124,4.953785906956505,121.50389577023775,0,0,0.1
core_neuralprophet_frozen_s2026,neuralprophet,frozen,selected,2026,19,2025-05-19 01:00:00,2025-05-25 05:00:00,149,85.64,True,True,122.1323699951172,4.953785906956505,127.08615590207371,0,0,0.1
core_neuralprophet_frozen_s2026,neuralprophet,frozen,selected,2026,19,2025-05-19 01:00:00,2025-05-25 06:00:00,150,96.54,True,True,130.7298126220703,4.953785906956505,135.68359852902682,0,0,0.1
core_neuralprophet_frozen_s2026,neuralprophet,frozen,selected,2026,19,2025-05-19 01:00:00,2025-05-25 07:00:00,151,75.53,True,True,116.77484130859376,4.953785906956505,121.72862721555028,0,0,0.1
core_neuralprophet_frozen_s2026,neuralprophet,frozen,selected,2026,19,2025-05-19 01:00:00,2025-05-25 08:00:00,152,59.07,True,True,128.51788330078125,4.953785906956505,133.47166920773776,0,0,0.1
core_neuralprophet_frozen_s2026,neuralprophet,frozen,selected,2026,19,2025-05-19 01:00:00,2025-05-25 09:00:00,153,57.36,True,True,114.48959350585938,4.953785906956505,119.44337941281589,0,0,0.1
core_neuralprophet_frozen_s2026,neuralprophet,frozen,selected,2026,19,2025-05-19 01:00:00,2025-05-25 10:00:00,154,61.11,True,True,113.26238250732422,4.953785906956505,118.21616841428073,0,0,0.1
core_neuralprophet_frozen_s2026,neuralprophet,frozen,selected,2026,19,2025-05-19 01:00:00,2025-05-25 11:00:00,155,68.26,True,True,108.51148986816406,4.953785906956505,113.46527577512057,0,0,0.1
core_neuralprophet_frozen_s2026,neuralprophet,frozen,selected,2026,19,2025-05-19 01:00:00,2025-05-25 12:00:00,156,72.31,True,True,110.93585205078124,4.953785906956505,115.88963795773775,0,0,0.1
core_neuralprophet_frozen_s2026,neuralprophet,frozen,selected,2026,19,2025-05-19 01:00:00,2025-05-25 13:00:00,157,74.21,True,True,111.54632568359376,4.953785906956505,116.50011159055028,0,0,0.1
core_neuralprophet_frozen_s2026,neuralprophet,frozen,selected,2026,19,2025-05-19 01:00:00,2025-05-25 14:00:00,158,78.92,True,True,106.22119903564452,4.953785906956505,111.17498494260103,0,0,0.1
core_neuralprophet_frozen_s2026,neuralprophet,frozen,selected,2026,19,2025-05-19 01:00:00,2025-05-25 15:00:00,159,85.57,True,True,111.03038787841795,4.953785906956505,115.98417378537447,0,0,0.1
core_neuralprophet_frozen_s2026,neuralprophet,frozen,selected,2026,19,2025-05-19 01:00:00,2025-05-25 16:00:00,160,90.13,True,True,106.77519989013672,4.953785906956505,111.72898579709323,0,0,0.1
core_neuralprophet_frozen_s2026,neuralprophet,frozen,selected,2026,19,2025-05-19 01:00:00,2025-05-25 17:00:00,161,94.95,True,True,113.53343963623048,4.953785906956505,118.487225543187,0,0,0.1
core_neuralprophet_frozen_s2026,neuralprophet,frozen,selected,2026,19,2025-05-19 01:00:00,2025-05-25 18:00:00,162,99.77,True,True,109.20984649658205,4.953785906956505,114.16363240353856,0,0,0.1
core_neuralprophet_frozen_s2026,neuralprophet,frozen,selected,2026,19,2025-05-19 01:00:00,2025-05-25 19:00:00,163,103.65,True,True,116.85778045654295,4.953785906956505,121.81156636349947,0,0,0.1
core_neuralprophet_frozen_s2026,neuralprophet,frozen,selected,2026,19,2025-05-19 01:00:00,2025-05-25 20:00:00,164,107.85,True,True,114.08611297607422,4.953785906956505,119.03989888303073,0,0,0.1
core_neuralprophet_frozen_s2026,neuralprophet,frozen,selected,2026,19,2025-05-19 01:00:00,2025-05-25 21:00:00,165,111.85,True,True,118.7503433227539,4.953785906956505,123.70412922971042,0,0,0.1
core_neuralprophet_frozen_s2026,neuralprophet,frozen,selected,2026,19,2025-05-19 01:00:00,2025-05-25 22:00:00,166,115.0,True,True,115.45128631591795,4.953785906956505,120.40507222287447,0,0,0.1
core_neuralprophet_frozen_s2026,neuralprophet,frozen,selected,2026,19,2025-05-19 01:00:00,2025-05-25 23:00:00,167,118.86,True,True,94.63540649414062,4.953785906956505,99.58919240109714,0,0,0.1
core_neuralprophet_frozen_s2026,neuralprophet,frozen,selected,2026,19,2025-05-19 01:00:00,2025-05-26 00:00:00,168,123.56,True,True,98.73690795898438,4.953785906956505,103.69069386594089,0,0,0.1
core_neuralprophet_frozen_s2026,neuralprophet,frozen,selected,2026,20,2025-05-26 01:00:00,2025-05-26 01:00:00,1,147.57,True,True,115.56158447265624,4.870559392573329,120.43214386522956,0,0,0.1
core_neuralprophet_frozen_s2026,neuralprophet,frozen,selected,2026,20,2025-05-26 01:00:00,2025-05-26 02:00:00,2,159.14,True,True,121.66795349121094,4.870559392573329,126.53851288378426,0,0,0.1
core_neuralprophet_frozen_s2026,neuralprophet,frozen,selected,2026,20,2025-05-26 01:00:00,2025-05-26 03:00:00,3,169.05,True,True,110.1600112915039,4.870559392573329,115.03057068407723,0,0,0.1
core_neuralprophet_frozen_s2026,neuralprophet,frozen,selected,2026,20,2025-05-26 01:00:00,2025-05-26 04:00:00,4,116.49,True,True,84.42408752441406,4.870559392573329,89.29464691698739,0,0,0.1
core_neuralprophet_frozen_s2026,neuralprophet,frozen,selected,2026,20,2025-05-26 01:00:00,2025-05-26 05:00:00,5,77.15,True,True,79.01660919189453,4.870559392573329,83.88716858446786,0,0,0.1
core_neuralprophet_frozen_s2026,neuralprophet,frozen,selected,2026,20,2025-05-26 01:00:00,2025-05-26 06:00:00,6,61.24,True,True,69.74539184570312,4.870559392573329,74.61595123827645,0,0,0.1
core_neuralprophet_frozen_s2026,neuralprophet,frozen,selected,2026,20,2025-05-26 01:00:00,2025-05-26 07:00:00,7,53.83,True,True,64.39368438720703,4.870559392573329,69.26424377978036,0,0,0.1
core_neuralprophet_frozen_s2026,neuralprophet,frozen,selected,2026,20,2025-05-26 01:00:00,2025-05-26 08:00:00,8,51.38,True,True,67.95716857910156,4.870559392573329,72.82772797167489,0,0,0.1
core_neuralprophet_frozen_s2026,neuralprophet,frozen,selected,2026,20,2025-05-26 01:00:00,2025-05-26 09:00:00,9,47.56,True,True,60.635101318359375,4.870559392573329,65.5056607109327,0,0,0.1
core_neuralprophet_frozen_s2026,neuralprophet,frozen,selected,2026,20,2025-05-26 01:00:00,2025-05-26 10:00:00,10,46.02,True,True,55.17565155029297,4.870559392573329,60.046210942866296,0,0,0.1
core_neuralprophet_frozen_s2026,neuralprophet,frozen,selected,2026,20,2025-05-26 01:00:00,2025-05-26 11:00:00,11,48.74,True,True,71.44197082519531,4.870559392573329,76.31253021776864,0,0,0.1
core_neuralprophet_frozen_s2026,neuralprophet,frozen,selected,2026,20,2025-05-26 01:00:00,2025-05-26 12:00:00,12,51.95,True,True,67.16670989990234,4.870559392573329,72.03726929247567,0,0,0.1
core_neuralprophet_frozen_s2026,neuralprophet,frozen,selected,2026,20,2025-05-26 01:00:00,2025-05-26 13:00:00,13,54.55,True,True,69.43681335449219,4.870559392573329,74.30737274706551,0,0,0.1
core_neuralprophet_frozen_s2026,neuralprophet,frozen,selected,2026,20,2025-05-26 01:00:00,2025-05-26 14:00:00,14,58.95,True,True,90.05000305175781,4.870559392573329,94.92056244433114,0,0,0.1
core_neuralprophet_frozen_s2026,neuralprophet,frozen,selected,2026,20,2025-05-26 01:00:00,2025-05-26 15:00:00,15,64.15,True,True,77.2415771484375,4.870559392573329,82.11213654101083,0,0,0.1
core_neuralprophet_frozen_s2026,neuralprophet,frozen,selected,2026,20,2025-05-26 01:00:00,2025-05-26 16:00:00,16,67.48,True,True,82.23892211914062,4.870559392573329,87.10948151171395,0,0,0.1
core_neuralprophet_frozen_s2026,neuralprophet,frozen,selected,2026,20,2025-05-26 01:00:00,2025-05-26 17:00:00,17,70.49,True,True,67.27994537353516,4.870559392573329,72.15050476610848,0,0,0.1
core_neuralprophet_frozen_s2026,neuralprophet,frozen,selected,2026,20,2025-05-26 01:00:00,2025-05-26 18:00:00,18,75.28,True,True,66.23552703857422,4.870559392573329,71.10608643114755,0,0,0.1
core_neuralprophet_frozen_s2026,neuralprophet,frozen,selected,2026,20,2025-05-26 01:00:00,2025-05-26 19:00:00,19,82.19,True,True,64.4404296875,4.870559392573329,69.31098908007333,0,0,0.1
core_neuralprophet_frozen_s2026,neuralprophet,frozen,selected,2026,20,2025-05-26 01:00:00,2025-05-26 20:00:00,20,87.9,True,True,62.9700927734375,4.870559392573329,67.84065216601083,0,0,0.1
core_neuralprophet_frozen_s2026,neuralprophet,frozen,selected,2026,20,2025-05-26 01:00:00,2025-05-26 21:00:00,21,92.42,True,True,62.890132904052734,4.870559392573329,67.76069229662606,0,0,0.1
core_neuralprophet_frozen_s2026,neuralprophet,frozen,selected,2026,20,2025-05-26 01:00:00,2025-05-26 22:00:00,22,94.82,True,True,73.88639831542969,4.870559392573329,78.75695770800301,0,0,0.1
core_neuralprophet_frozen_s2026,neuralprophet,frozen,selected,2026,20,2025-05-26 01:00:00,2025-05-26 23:00:00,23,94.78,True,True,67.86634826660156,4.870559392573329,72.73690765917489,0,0,0.1
core_neuralprophet_frozen_s2026,neuralprophet,frozen,selected,2026,20,2025-05-26 01:00:00,2025-05-27 00:00:00,24,95.66,True,True,82.82272338867188,4.870559392573329,87.6932827812452,0,0,0.1
core_neuralprophet_frozen_s2026,neuralprophet,frozen,selected,2026,20,2025-05-26 01:00:00,2025-05-27 01:00:00,25,100.08,True,True,80.0006103515625,4.870559392573329,84.87116974413583,0,0,0.1
core_neuralprophet_frozen_s2026,neuralprophet,frozen,selected,2026,20,2025-05-26 01:00:00,2025-05-27 02:00:00,26,105.77,True,True,83.14112091064453,4.870559392573329,88.01168030321786,0,0,0.1
core_neuralprophet_frozen_s2026,neuralprophet,frozen,selected,2026,20,2025-05-26 01:00:00,2025-05-27 03:00:00,27,117.39,True,True,77.72677612304688,4.870559392573329,82.5973355156202,0,0,0.1
core_neuralprophet_frozen_s2026,neuralprophet,frozen,selected,2026,20,2025-05-26 01:00:00,2025-05-27 04:00:00,28,74.96,True,True,64.41883087158203,4.870559392573329,69.28939026415536,0,0,0.1
core_neuralprophet_frozen_s2026,neuralprophet,frozen,selected,2026,20,2025-05-26 01:00:00,2025-05-27 05:00:00,29,50.71,True,True,84.19375610351562,4.870559392573329,89.06431549608895,0,0,0.1
core_neuralprophet_frozen_s2026,neuralprophet,frozen,selected,2026,20,2025-05-26 01:00:00,2025-05-27 06:00:00,30,46.92,True,True,75.62950134277344,4.870559392573329,80.50006073534676,0,0,0.1
core_neuralprophet_frozen_s2026,neuralprophet,frozen,selected,2026,20,2025-05-26 01:00:00,2025-05-27 07:00:00,31,47.1,True,True,80.89872741699219,4.870559392573329,85.76928680956551,0,0,0.1
core_neuralprophet_frozen_s2026,neuralprophet,frozen,selected,2026,20,2025-05-26 01:00:00,2025-05-27 08:00:00,32,48.59,True,True,83.251220703125,4.870559392573329,88.12178009569833,0,0,0.1
core_neuralprophet_frozen_s2026,neuralprophet,frozen,selected,2026,20,2025-05-26 01:00:00,2025-05-27 09:00:00,33,49.5,True,True,68.50579833984375,4.870559392573329,73.37635773241708,0,0,0.1
core_neuralprophet_frozen_s2026,neuralprophet,frozen,selected,2026,20,2025-05-26 01:00:00,2025-05-27 10:00:00,34,51.4,True,True,79.39051055908203,4.870559392573329,84.26106995165536,0,0,0.1
core_neuralprophet_frozen_s2026,neuralprophet,frozen,selected,2026,20,2025-05-26 01:00:00,2025-05-27 11:00:00,35,54.19,True,True,85.29415130615234,4.870559392573329,90.16471069872567,0,0,0.1
core_neuralprophet_frozen_s2026,neuralprophet,frozen,selected,2026,20,2025-05-26 01:00:00,2025-05-27 12:00:00,36,56.51,True,True,94.10304260253906,4.870559392573329,98.97360199511239,0,0,0.1
core_neuralprophet_frozen_s2026,neuralprophet,frozen,selected,2026,20,2025-05-26 01:00:00,2025-05-27 13:00:00,37,56.85,True,True,90.97264099121094,4.870559392573329,95.84320038378426,0,0,0.1
core_neuralprophet_frozen_s2026,neuralprophet,frozen,selected,2026,20,2025-05-26 01:00:00,2025-05-27 14:00:00,38,57.91,True,True,98.11256408691406,4.870559392573329,102.98312347948739,0,0,0.1
core_neuralprophet_frozen_s2026,neuralprophet,frozen,selected,2026,20,2025-05-26 01:00:00,2025-05-27 15:00:00,39,60.82,True,True,88.18573760986328,4.870559392573329,93.05629700243661,0,0,0.1
core_neuralprophet_frozen_s2026,neuralprophet,frozen,selected,2026,20,2025-05-26 01:00:00,2025-05-27 16:00:00,40,64.69,True,True,92.3449935913086,4.870559392573329,97.21555298388192,0,0,0.1
core_neuralprophet_frozen_s2026,neuralprophet,frozen,selected,2026,20,2025-05-26 01:00:00,2025-05-27 17:00:00,41,68.07,True,True,87.61457061767578,4.870559392573329,92.48513001024911,0,0,0.1
core_neuralprophet_frozen_s2026,neuralprophet,frozen,selected,2026,20,2025-05-26 01:00:00,2025-05-27 18:00:00,42,71.53,True,True,84.30570983886719,4.870559392573329,89.17626923144051,0,0,0.1
core_neuralprophet_frozen_s2026,neuralprophet,frozen,selected,2026,20,2025-05-26 01:00:00,2025-05-27 19:00:00,43,74.79,True,True,76.6319351196289,4.870559392573329,81.50249451220223,0,0,0.1
core_neuralprophet_frozen_s2026,neuralprophet,frozen,selected,2026,20,2025-05-26 01:00:00,2025-05-27 20:00:00,44,77.76,True,True,83.77922821044922,4.870559392573329,88.64978760302255,0,0,0.1
core_neuralprophet_frozen_s2026,neuralprophet,frozen,selected,2026,20,2025-05-26 01:00:00,2025-05-27 21:00:00,45,80.77,True,True,89.57826232910156,4.870559392573329,94.44882172167489,0,0,0.1
core_neuralprophet_frozen_s2026,neuralprophet,frozen,selected,2026,20,2025-05-26 01:00:00,2025-05-27 22:00:00,46,83.57,True,True,86.37336730957031,4.870559392573329,91.24392670214364,0,0,0.1
core_neuralprophet_frozen_s2026,neuralprophet,frozen,selected,2026,20,2025-05-26 01:00:00,2025-05-27 23:00:00,47,87.36,True,True,90.48444366455078,4.870559392573329,95.35500305712411,0,0,0.1
core_neuralprophet_frozen_s2026,neuralprophet,frozen,selected,2026,20,2025-05-26 01:00:00,2025-05-28 00:00:00,48,94.33,True,True,91.58161926269533,4.870559392573329,96.45217865526865,0,0,0.1
core_neuralprophet_frozen_s2026,neuralprophet,frozen,selected,2026,20,2025-05-26 01:00:00,2025-05-28 01:00:00,49,107.22,True,True,89.53695678710938,4.870559392573329,94.4075161796827,0,0,0.1
core_neuralprophet_frozen_s2026,neuralprophet,frozen,selected,2026,20,2025-05-26 01:00:00,2025-05-28 02:00:00,50,116.34,True,True,87.5640869140625,4.870559392573329,92.43464630663583,0,0,0.1
core_neuralprophet_frozen_s2026,neuralprophet,frozen,selected,2026,20,2025-05-26 01:00:00,2025-05-28 03:00:00,51,127.5,True,True,78.89208221435547,4.870559392573329,83.7626416069288,0,0,0.1
core_neuralprophet_frozen_s2026,neuralprophet,frozen,selected,2026,20,2025-05-26 01:00:00,2025-05-28 04:00:00,52,76.77,True,True,77.5643539428711,4.870559392573329,82.43491333544442,0,0,0.1
core_neuralprophet_frozen_s2026,neuralprophet,frozen,selected,2026,20,2025-05-26 01:00:00,2025-05-28 05:00:00,53,61.04,True,True,77.17102813720703,4.870559392573329,82.04158752978036,0,0,0.1
core_neuralprophet_frozen_s2026,neuralprophet,frozen,selected,2026,20,2025-05-26 01:00:00,2025-05-28 06:00:00,54,60.03,True,True,67.50282287597656,4.870559392573329,72.37338226854989,0,0,0.1
core_neuralprophet_frozen_s2026,neuralprophet,frozen,selected,2026,20,2025-05-26 01:00:00,2025-05-28 07:00:00,55,61.12,True,True,67.31153106689453,4.870559392573329,72.18209045946786,0,0,0.1
core_neuralprophet_frozen_s2026,neuralprophet,frozen,selected,2026,20,2025-05-26 01:00:00,2025-05-28 08:00:00,56,61.88,True,True,81.50164031982422,4.870559392573329,86.37219971239755,0,0,0.1
core_neuralprophet_frozen_s2026,neuralprophet,frozen,selected,2026,20,2025-05-26 01:00:00,2025-05-28 09:00:00,57,62.25,True,True,59.98607635498047,4.870559392573329,64.8566357475538,0,0,0.1
core_neuralprophet_frozen_s2026,neuralprophet,frozen,selected,2026,20,2025-05-26 01:00:00,2025-05-28 10:00:00,58,64.2,True,True,65.42571258544922,4.870559392573329,70.29627197802255,0,0,0.1
core_neuralprophet_frozen_s2026,neuralprophet,frozen,selected,2026,20,2025-05-26 01:00:00,2025-05-28 11:00:00,59,67.54,True,True,65.27999114990234,4.870559392573329,70.15055054247567,0,0,0.1
core_neuralprophet_frozen_s2026,neuralprophet,frozen,selected,2026,20,2025-05-26 01:00:00,2025-05-28 12:00:00,60,70.93,True,True,71.69832611083984,4.870559392573329,76.56888550341317,0,0,0.1
core_neuralprophet_frozen_s2026,neuralprophet,frozen,selected,2026,20,2025-05-26 01:00:00,2025-05-28 13:00:00,61,73.18,True,True,62.22154235839844,4.870559392573329,67.09210175097176,0,0,0.1
core_neuralprophet_frozen_s2026,neuralprophet,frozen,selected,2026,20,2025-05-26 01:00:00,2025-05-28 14:00:00,62,77.64,True,True,68.55426025390625,4.870559392573329,73.42481964647958,0,0,0.1
core_neuralprophet_frozen_s2026,neuralprophet,frozen,selected,2026,20,2025-05-26 01:00:00,2025-05-28 15:00:00,63,82.59,True,True,75.36979675292969,4.870559392573329,80.24035614550301,0,0,0.1
core_neuralprophet_frozen_s2026,neuralprophet,frozen,selected,2026,20,2025-05-26 01:00:00,2025-05-28 16:00:00,64,86.65,True,True,66.96112823486328,4.870559392573329,71.83168762743661,0,0,0.1
core_neuralprophet_frozen_s2026,neuralprophet,frozen,selected,2026,20,2025-05-26 01:00:00,2025-05-28 17:00:00,65,90.37,True,True,67.99481201171875,4.870559392573329,72.86537140429208,0,0,0.1
core_neuralprophet_frozen_s2026,neuralprophet,frozen,selected,2026,20,2025-05-26 01:00:00,2025-05-28 18:00:00,66,93.81,True,True,66.96930694580078,4.870559392573329,71.83986633837411,0,0,0.1
core_neuralprophet_frozen_s2026,neuralprophet,frozen,selected,2026,20,2025-05-26 01:00:00,2025-05-28 19:00:00,67,96.0,True,True,71.34053802490234,4.870559392573329,76.21109741747567,0,0,0.1
core_neuralprophet_frozen_s2026,neuralprophet,frozen,selected,2026,20,2025-05-26 01:00:00,2025-05-28 20:00:00,68,99.02,True,True,73.29814147949219,4.870559392573329,78.16870087206551,0,0,0.1
core_neuralprophet_frozen_s2026,neuralprophet,frozen,selected,2026,20,2025-05-26 01:00:00,2025-05-28 21:00:00,69,103.1,True,True,68.66751098632812,4.870559392573329,73.53807037890145,0,0,0.1
core_neuralprophet_frozen_s2026,neuralprophet,frozen,selected,2026,20,2025-05-26 01:00:00,2025-05-28 22:00:00,70,107.17,True,True,65.76942443847656,4.870559392573329,70.63998383104989,0,0,0.1
core_neuralprophet_frozen_s2026,neuralprophet,frozen,selected,2026,20,2025-05-26 01:00:00,2025-05-28 23:00:00,71,112.82,True,True,76.58788299560547,4.870559392573329,81.4584423881788,0,0,0.1
core_neuralprophet_frozen_s2026,neuralprophet,frozen,selected,2026,20,2025-05-26 01:00:00,2025-05-29 00:00:00,72,121.45,True,True,70.35065460205078,4.870559392573329,75.22121399462411,0,0,0.1
core_neuralprophet_frozen_s2026,neuralprophet,frozen,selected,2026,20,2025-05-26 01:00:00,2025-05-29 01:00:00,73,134.6,True,True,74.04487609863281,4.870559392573329,78.91543549120614,0,0,0.1
core_neuralprophet_frozen_s2026,neuralprophet,frozen,selected,2026,20,2025-05-26 01:00:00,2025-05-29 02:00:00,74,140.45,True,True,80.79391479492188,4.870559392573329,85.6644741874952,0,0,0.1
core_neuralprophet_frozen_s2026,neuralprophet,frozen,selected,2026,20,2025-05-26 01:00:00,2025-05-29 03:00:00,75,151.07,True,True,81.75697326660156,4.870559392573329,86.62753265917489,0,0,0.1
core_neuralprophet_frozen_s2026,neuralprophet,frozen,selected,2026,20,2025-05-26 01:00:00,2025-05-29 04:00:00,76,97.0,True,True,63.48243713378906,4.870559392573329,68.35299652636239,0,0,0.1
core_neuralprophet_frozen_s2026,neuralprophet,frozen,selected,2026,20,2025-05-26 01:00:00,2025-05-29 05:00:00,77,74.96,True,True,67.09413146972656,4.870559392573329,71.96469086229989,0,0,0.1
core_neuralprophet_frozen_s2026,neuralprophet,frozen,selected,2026,20,2025-05-26 01:00:00,2025-05-29 06:00:00,78,70.03,True,True,64.19474792480469,4.870559392573329,69.06530731737801,0,0,0.1
core_neuralprophet_frozen_s2026,neuralprophet,frozen,selected,2026,20,2025-05-26 01:00:00,2025-05-29 07:00:00,79,67.01,True,True,58.74821472167969,4.870559392573329,63.618774114253014,0,0,0.1
core_neuralprophet_frozen_s2026,neuralprophet,frozen,selected,2026,20,2025-05-26 01:00:00,2025-05-29 08:00:00,80,63.85,True,True,76.45797729492188,4.870559392573329,81.3285366874952,0,0,0.1
core_neuralprophet_frozen_s2026,neuralprophet,frozen,selected,2026,20,2025-05-26 01:00:00,2025-05-29 09:00:00,81,60.88,True,True,71.09339141845703,4.870559392573329,75.96395081103036,0,0,0.1
core_neuralprophet_frozen_s2026,neuralprophet,frozen,selected,2026,20,2025-05-26 01:00:00,2025-05-29 10:00:00,82,60.44,True,True,64.29889678955078,4.870559392573329,69.16945618212411,0,0,0.1
core_neuralprophet_frozen_s2026,neuralprophet,frozen,selected,2026,20,2025-05-26 01:00:00,2025-05-29 11:00:00,83,62.44,True,True,68.38442993164062,4.870559392573329,73.25498932421395,0,0,0.1
core_neuralprophet_frozen_s2026,neuralprophet,frozen,selected,2026,20,2025-05-26 01:00:00,2025-05-29 12:00:00,84,65.02,True,True,72.37740325927734,4.870559392573329,77.24796265185067,0,0,0.1
core_neuralprophet_frozen_s2026,neuralprophet,frozen,selected,2026,20,2025-05-26 01:00:00,2025-05-29 13:00:00,85,66.8,True,True,72.04822540283203,4.870559392573329,76.91878479540536,0,0,0.1
core_neuralprophet_frozen_s2026,neuralprophet,frozen,selected,2026,20,2025-05-26 01:00:00,2025-05-29 14:00:00,86,69.31,True,True,76.05647277832031,4.870559392573329,80.92703217089364,0,0,0.1
core_neuralprophet_frozen_s2026,neuralprophet,frozen,selected,2026,20,2025-05-26 01:00:00,2025-05-29 15:00:00,87,71.86,True,True,85.74102020263672,4.870559392573329,90.61157959521005,0,0,0.1
core_neuralprophet_frozen_s2026,neuralprophet,frozen,selected,2026,20,2025-05-26 01:00:00,2025-05-29 16:00:00,88,73.66,True,True,84.23941040039062,4.870559392573329,89.10996979296395,0,0,0.1
core_neuralprophet_frozen_s2026,neuralprophet,frozen,selected,2026,20,2025-05-26 01:00:00,2025-05-29 17:00:00,89,75.8,True,True,77.63680267333984,4.870559392573329,82.50736206591317,0,0,0.1
core_neuralprophet_frozen_s2026,neuralprophet,frozen,selected,2026,20,2025-05-26 01:00:00,2025-05-29 18:00:00,90,78.69,True,True,89.08818817138672,4.870559392573329,93.95874756396005,0,0,0.1
core_neuralprophet_frozen_s2026,neuralprophet,frozen,selected,2026,20,2025-05-26 01:00:00,2025-05-29 19:00:00,91,81.27,True,True,75.42837524414062,4.870559392573329,80.29893463671395,0,0,0.1
core_neuralprophet_frozen_s2026,neuralprophet,frozen,selected,2026,20,2025-05-26 01:00:00,2025-05-29 20:00:00,92,84.11,True,True,83.60281372070312,4.870559392573329,88.47337311327645,0,0,0.1
core_neuralprophet_frozen_s2026,neuralprophet,frozen,selected,2026,20,2025-05-26 01:00:00,2025-05-29 21:00:00,93,87.09,True,True,90.32877349853516,4.870559392573329,95.19933289110848,0,0,0.1
core_neuralprophet_frozen_s2026,neuralprophet,frozen,selected,2026,20,2025-05-26 01:00:00,2025-05-29 22:00:00,94,89.67,True,True,95.7955322265625,4.870559392573329,100.66609161913583,0,0,0.1
core_neuralprophet_frozen_s2026,neuralprophet,frozen,selected,2026,20,2025-05-26 01:00:00,2025-05-29 23:00:00,95,92.55,True,True,93.10295867919922,4.870559392573329,97.97351807177255,0,0,0.1
core_neuralprophet_frozen_s2026,neuralprophet,frozen,selected,2026,20,2025-05-26 01:00:00,2025-05-30 00:00:00,96,97.17,True,True,97.67271423339844,4.870559392573329,102.54327362597176,0,0,0.1
core_neuralprophet_frozen_s2026,neuralprophet,frozen,selected,2026,20,2025-05-26 01:00:00,2025-05-30 01:00:00,97,105.87,True,True,92.72701263427734,4.870559392573329,97.59757202685067,0,0,0.1
core_neuralprophet_frozen_s2026,neuralprophet,frozen,selected,2026,20,2025-05-26 01:00:00,2025-05-30 02:00:00,98,110.74,True,True,88.80995178222656,4.870559392573329,93.68051117479989,0,0,0.1
core_neuralprophet_frozen_s2026,neuralprophet,frozen,selected,2026,20,2025-05-26 01:00:00,2025-05-30 03:00:00,99,116.39,True,True,93.63262176513672,4.870559392573329,98.50318115771005,0,0,0.1
core_neuralprophet_frozen_s2026,neuralprophet,frozen,selected,2026,20,2025-05-26 01:00:00,2025-05-30 04:00:00,100,94.0,True,True,99.68864440917967,4.870559392573329,104.559203801753,0,0,0.1
core_neuralprophet_frozen_s2026,neuralprophet,frozen,selected,2026,20,2025-05-26 01:00:00,2025-05-30 05:00:00,101,74.83,True,True,108.06251525878906,4.870559392573329,112.93307465136239,0,0,0.1
core_neuralprophet_frozen_s2026,neuralprophet,frozen,selected,2026,20,2025-05-26 01:00:00,2025-05-30 06:00:00,102,64.71,True,True,104.51017761230467,4.870559392573329,109.380737004878,0,0,0.1
core_neuralprophet_frozen_s2026,neuralprophet,frozen,selected,2026,20,2025-05-26 01:00:00,2025-05-30 07:00:00,103,57.6,True,True,97.61289978027344,4.870559392573329,102.48345917284676,0,0,0.1
core_neuralprophet_frozen_s2026,neuralprophet,frozen,selected,2026,20,2025-05-26 01:00:00,2025-05-30 08:00:00,104,54.48,True,True,88.75434875488281,4.870559392573329,93.62490814745614,0,0,0.1
core_neuralprophet_frozen_s2026,neuralprophet,frozen,selected,2026,20,2025-05-26 01:00:00,2025-05-30 09:00:00,105,54.66,True,True,81.64612579345703,4.870559392573329,86.51668518603036,0,0,0.1
core_neuralprophet_frozen_s2026,neuralprophet,frozen,selected,2026,20,2025-05-26 01:00:00,2025-05-30 10:00:00,106,57.58,True,True,80.85847473144531,4.870559392573329,85.72903412401864,0,0,0.1
core_neuralprophet_frozen_s2026,neuralprophet,frozen,selected,2026,20,2025-05-26 01:00:00,2025-05-30 11:00:00,107,62.16,True,True,79.06158447265625,4.870559392573329,83.93214386522958,0,0,0.1
core_neuralprophet_frozen_s2026,neuralprophet,frozen,selected,2026,20,2025-05-26 01:00:00,2025-05-30 12:00:00,108,66.63,True,True,78.19269561767578,4.870559392573329,83.06325501024911,0,0,0.1
core_neuralprophet_frozen_s2026,neuralprophet,frozen,selected,2026,20,2025-05-26 01:00:00,2025-05-30 13:00:00,109,69.82,True,True,88.36968994140625,4.870559392573329,93.24024933397958,0,0,0.1
core_neuralprophet_frozen_s2026,neuralprophet,frozen,selected,2026,20,2025-05-26 01:00:00,2025-05-30 14:00:00,110,72.65,True,True,83.4999008178711,4.870559392573329,88.37046021044442,0,0,0.1
core_neuralprophet_frozen_s2026,neuralprophet,frozen,selected,2026,20,2025-05-26 01:00:00,2025-05-30 15:00:00,111,74.49,True,True,77.65760803222656,4.870559392573329,82.52816742479989,0,0,0.1
core_neuralprophet_frozen_s2026,neuralprophet,frozen,selected,2026,20,2025-05-26 01:00:00,2025-05-30 16:00:00,112,75.29,True,True,80.57817840576172,4.870559392573329,85.44873779833505,0,0,0.1
core_neuralprophet_frozen_s2026,neuralprophet,frozen,selected,2026,20,2025-05-26 01:00:00,2025-05-30 17:00:00,113,78.23,True,True,74.37104034423828,4.870559392573329,79.24159973681161,0,0,0.1
core_neuralprophet_frozen_s2026,neuralprophet,frozen,selected,2026,20,2025-05-26 01:00:00,2025-05-30 18:00:00,114,84.03,True,True,75.1463851928711,4.870559392573329,80.01694458544442,0,0,0.1
core_neuralprophet_frozen_s2026,neuralprophet,frozen,selected,2026,20,2025-05-26 01:00:00,2025-05-30 19:00:00,115,90.11,True,True,72.85552215576172,4.870559392573329,77.72608154833505,0,0,0.1
core_neuralprophet_frozen_s2026,neuralprophet,frozen,selected,2026,20,2025-05-26 01:00:00,2025-05-30 20:00:00,116,95.29,True,True,80.95771789550781,4.870559392573329,85.82827728808114,0,0,0.1
core_neuralprophet_frozen_s2026,neuralprophet,frozen,selected,2026,20,2025-05-26 01:00:00,2025-05-30 21:00:00,117,98.96,True,True,65.30596160888672,4.870559392573329,70.17652100146005,0,0,0.1
core_neuralprophet_frozen_s2026,neuralprophet,frozen,selected,2026,20,2025-05-26 01:00:00,2025-05-30 22:00:00,118,101.53,True,True,90.0823211669922,4.870559392573329,94.95288055956553,0,0,0.1
core_neuralprophet_frozen_s2026,neuralprophet,frozen,selected,2026,20,2025-05-26 01:00:00,2025-05-30 23:00:00,119,102.05,True,True,78.40033721923828,4.870559392573329,83.27089661181161,0,0,0.1
core_neuralprophet_frozen_s2026,neuralprophet,frozen,selected,2026,20,2025-05-26 01:00:00,2025-05-31 00:00:00,120,99.91,True,True,77.99987030029297,4.870559392573329,82.8704296928663,0,0,0.1
core_neuralprophet_frozen_s2026,neuralprophet,frozen,selected,2026,20,2025-05-26 01:00:00,2025-05-31 01:00:00,121,98.65,True,True,82.23594665527344,4.870559392573329,87.10650604784676,0,0,0.1
core_neuralprophet_frozen_s2026,neuralprophet,frozen,selected,2026,20,2025-05-26 01:00:00,2025-05-31 02:00:00,122,98.22,True,True,81.26129913330078,4.870559392573329,86.13185852587411,0,0,0.1
core_neuralprophet_frozen_s2026,neuralprophet,frozen,selected,2026,20,2025-05-26 01:00:00,2025-05-31 03:00:00,123,98.0,True,True,83.00163269042969,4.870559392573329,87.87219208300301,0,0,0.1
core_neuralprophet_frozen_s2026,neuralprophet,frozen,selected,2026,20,2025-05-26 01:00:00,2025-05-31 04:00:00,124,98.24,True,True,95.62120056152344,4.870559392573329,100.49175995409676,0,0,0.1
core_neuralprophet_frozen_s2026,neuralprophet,frozen,selected,2026,20,2025-05-26 01:00:00,2025-05-31 05:00:00,125,91.89,True,True,94.55168151855467,4.870559392573329,99.422240911128,0,0,0.1
core_neuralprophet_frozen_s2026,neuralprophet,frozen,selected,2026,20,2025-05-26 01:00:00,2025-05-31 06:00:00,126,83.84,True,True,93.474365234375,4.870559392573329,98.34492462694833,0,0,0.1
core_neuralprophet_frozen_s2026,neuralprophet,frozen,selected,2026,20,2025-05-26 01:00:00,2025-05-31 07:00:00,127,75.26,True,True,90.80297088623048,4.870559392573329,95.67353027880381,0,0,0.1
core_neuralprophet_frozen_s2026,neuralprophet,frozen,selected,2026,20,2025-05-26 01:00:00,2025-05-31 08:00:00,128,68.52,True,True,92.36530303955078,4.870559392573329,97.23586243212411,0,0,0.1
core_neuralprophet_frozen_s2026,neuralprophet,frozen,selected,2026,20,2025-05-26 01:00:00,2025-05-31 09:00:00,129,63.14,True,True,90.5292739868164,4.870559392573329,95.39983337938973,0,0,0.1
core_neuralprophet_frozen_s2026,neuralprophet,frozen,selected,2026,20,2025-05-26 01:00:00,2025-05-31 10:00:00,130,61.54,True,True,84.59666442871094,4.870559392573329,89.46722382128426,0,0,0.1
core_neuralprophet_frozen_s2026,neuralprophet,frozen,selected,2026,20,2025-05-26 01:00:00,2025-05-31 11:00:00,131,62.94,True,True,89.72755432128906,4.870559392573329,94.59811371386239,0,0,0.1
core_neuralprophet_frozen_s2026,neuralprophet,frozen,selected,2026,20,2025-05-26 01:00:00,2025-05-31 12:00:00,132,65.73,True,True,83.76616668701172,4.870559392573329,88.63672607958505,0,0,0.1
core_neuralprophet_frozen_s2026,neuralprophet,frozen,selected,2026,20,2025-05-26 01:00:00,2025-05-31 13:00:00,133,70.66,True,True,98.7548599243164,4.870559392573329,103.62541931688973,0,0,0.1
core_neuralprophet_frozen_s2026,neuralprophet,frozen,selected,2026,20,2025-05-26 01:00:00,2025-05-31 14:00:00,134,80.01,True,True,102.25741577148438,4.870559392573329,107.1279751640577,0,0,0.1
core_neuralprophet_frozen_s2026,neuralprophet,frozen,selected,2026,20,2025-05-26 01:00:00,2025-05-31 15:00:00,135,95.77,True,True,109.05998992919922,4.870559392573329,113.93054932177255,0,0,0.1
core_neuralprophet_frozen_s2026,neuralprophet,frozen,selected,2026,20,2025-05-26 01:00:00,2025-05-31 16:00:00,136,112.0,True,True,116.30155181884766,4.870559392573329,121.17211121142098,0,0,0.1
core_neuralprophet_frozen_s2026,neuralprophet,frozen,selected,2026,20,2025-05-26 01:00:00,2025-05-31 17:00:00,137,124.52,True,True,124.5994644165039,4.870559392573329,129.47002380907725,0,0,0.1
core_neuralprophet_frozen_s2026,neuralprophet,frozen,selected,2026,20,2025-05-26 01:00:00,2025-05-31 18:00:00,138,133.55,True,True,129.94334411621094,4.870559392573329,134.81390350878428,0,0,0.1
core_neuralprophet_frozen_s2026,neuralprophet,frozen,selected,2026,20,2025-05-26 01:00:00,2025-05-31 19:00:00,139,139.23,True,True,136.25634765625,4.870559392573329,141.12690704882334,0,0,0.1
core_neuralprophet_frozen_s2026,neuralprophet,frozen,selected,2026,20,2025-05-26 01:00:00,2025-05-31 20:00:00,140,142.26,True,True,137.4484100341797,4.870559392573329,142.31896942675303,0,0,0.1
core_neuralprophet_frozen_s2026,neuralprophet,frozen,selected,2026,20,2025-05-26 01:00:00,2025-05-31 21:00:00,141,143.15,True,True,137.1697235107422,4.870559392573329,142.04028290331553,0,0,0.1
core_neuralprophet_frozen_s2026,neuralprophet,frozen,selected,2026,20,2025-05-26 01:00:00,2025-05-31 22:00:00,142,141.43,True,True,138.8341522216797,4.870559392573329,143.70471161425303,0,0,0.1
core_neuralprophet_frozen_s2026,neuralprophet,frozen,selected,2026,20,2025-05-26 01:00:00,2025-05-31 23:00:00,143,140.49,True,True,137.91668701171875,4.870559392573329,142.7872464042921,0,0,0.1
core_neuralprophet_frozen_s2026,neuralprophet,frozen,selected,2026,20,2025-05-26 01:00:00,2025-06-01 00:00:00,144,140.82,True,True,131.0758819580078,4.870559392573329,135.94644135058115,0,0,0.1
core_neuralprophet_frozen_s2026,neuralprophet,frozen,selected,2026,20,2025-05-26 01:00:00,2025-06-01 01:00:00,145,142.92,True,True,139.916015625,4.870559392573329,144.78657501757334,0,0,0.1
core_neuralprophet_frozen_s2026,neuralprophet,frozen,selected,2026,20,2025-05-26 01:00:00,2025-06-01 02:00:00,146,141.13,True,True,135.2308807373047,4.870559392573329,140.10144012987803,0,0,0.1
core_neuralprophet_frozen_s2026,neuralprophet,frozen,selected,2026,20,2025-05-26 01:00:00,2025-06-01 03:00:00,147,141.26,True,True,134.9207000732422,4.870559392573329,139.79125946581553,0,0,0.1
core_neuralprophet_frozen_s2026,neuralprophet,frozen,selected,2026,20,2025-05-26 01:00:00,2025-06-01 04:00:00,148,144.88,True,True,146.7905731201172,4.870559392573329,151.66113251269053,0,0,0.1
core_neuralprophet_frozen_s2026,neuralprophet,frozen,selected,2026,20,2025-05-26 01:00:00,2025-06-01 05:00:00,149,144.08,True,True,144.0641326904297,4.870559392573329,148.93469208300303,0,0,0.1
core_neuralprophet_frozen_s2026,neuralprophet,frozen,selected,2026,20,2025-05-26 01:00:00,2025-06-01 06:00:00,150,140.46,True,True,137.7411346435547,4.870559392573329,142.61169403612803,0,0,0.1
core_neuralprophet_frozen_s2026,neuralprophet,frozen,selected,2026,20,2025-05-26 01:00:00,2025-06-01 07:00:00,151,132.96,True,True,129.29595947265625,4.870559392573329,134.1665188652296,0,0,0.1
core_neuralprophet_frozen_s2026,neuralprophet,frozen,selected,2026,20,2025-05-26 01:00:00,2025-06-01 08:00:00,152,124.21,True,True,134.34597778320312,4.870559392573329,139.21653717577647,0,0,0.1
core_neuralprophet_frozen_s2026,neuralprophet,frozen,selected,2026,20,2025-05-26 01:00:00,2025-06-01 09:00:00,153,116.33,True,True,114.37194061279295,4.870559392573329,119.24250000536628,0,0,0.1
core_neuralprophet_frozen_s2026,neuralprophet,frozen,selected,2026,20,2025-05-26 01:00:00,2025-06-01 10:00:00,154,115.28,True,True,112.43114471435548,4.870559392573329,117.30170410692881,0,0,0.1
core_neuralprophet_frozen_s2026,neuralprophet,frozen,selected,2026,20,2025-05-26 01:00:00,2025-06-01 11:00:00,155,114.98,True,True,112.8536148071289,4.870559392573329,117.72417419970223,0,0,0.1
core_neuralprophet_frozen_s2026,neuralprophet,frozen,selected,2026,20,2025-05-26 01:00:00,2025-06-01 12:00:00,156,113.42,True,True,120.4666748046875,4.870559392573329,125.33723419726083,0,0,0.1
core_neuralprophet_frozen_s2026,neuralprophet,frozen,selected,2026,20,2025-05-26 01:00:00,2025-06-01 13:00:00,157,109.48,True,True,122.72331237792967,4.870559392573329,127.593871770503,0,0,0.1
core_neuralprophet_frozen_s2026,neuralprophet,frozen,selected,2026,20,2025-05-26 01:00:00,2025-06-01 14:00:00,158,105.92,True,True,119.45912170410156,4.870559392573329,124.32968109667489,0,0,0.1
core_neuralprophet_frozen_s2026,neuralprophet,frozen,selected,2026,20,2025-05-26 01:00:00,2025-06-01 15:00:00,159,102.49,True,True,108.85643005371094,4.870559392573329,113.72698944628426,0,0,0.1
core_neuralprophet_frozen_s2026,neuralprophet,frozen,selected,2026,20,2025-05-26 01:00:00,2025-06-01 16:00:00,160,98.07,True,True,113.0157699584961,4.870559392573329,117.88632935106942,0,0,0.1
core_neuralprophet_frozen_s2026,neuralprophet,frozen,selected,2026,20,2025-05-26 01:00:00,2025-06-01 17:00:00,161,96.47,True,True,106.71088409423828,4.870559392573329,111.58144348681161,0,0,0.1
core_neuralprophet_frozen_s2026,neuralprophet,frozen,selected,2026,20,2025-05-26 01:00:00,2025-06-01 18:00:00,162,96.95,True,True,105.09929656982422,4.870559392573329,109.96985596239755,0,0,0.1
core_neuralprophet_frozen_s2026,neuralprophet,frozen,selected,2026,20,2025-05-26 01:00:00,2025-06-01 19:00:00,163,98.76,True,True,110.238037109375,4.870559392573329,115.10859650194833,0,0,0.1
core_neuralprophet_frozen_s2026,neuralprophet,frozen,selected,2026,20,2025-05-26 01:00:00,2025-06-01 20:00:00,164,101.29,True,True,110.1173324584961,4.870559392573329,114.98789185106942,0,0,0.1
core_neuralprophet_frozen_s2026,neuralprophet,frozen,selected,2026,20,2025-05-26 01:00:00,2025-06-01 21:00:00,165,104.07,True,True,96.90108489990234,4.870559392573329,101.77164429247567,0,0,0.1
core_neuralprophet_frozen_s2026,neuralprophet,frozen,selected,2026,20,2025-05-26 01:00:00,2025-06-01 22:00:00,166,106.16,True,True,101.7867660522461,4.870559392573329,106.65732544481942,0,0,0.1
core_neuralprophet_frozen_s2026,neuralprophet,frozen,selected,2026,20,2025-05-26 01:00:00,2025-06-01 23:00:00,167,110.18,True,True,98.66342163085938,4.870559392573329,103.5339810234327,0,0,0.1
core_neuralprophet_frozen_s2026,neuralprophet,frozen,selected,2026,20,2025-05-26 01:00:00,2025-06-02 00:00:00,168,117.77,True,True,109.14515686035156,4.870559392573329,114.01571625292489,0,0,0.1
core_neuralprophet_frozen_s2026,neuralprophet,frozen,selected,2026,21,2025-06-02 01:00:00,2025-06-02 01:00:00,1,151.6,True,True,126.08534240722656,4.415889714029845,130.5012321212564,0,0,0.1
core_neuralprophet_frozen_s2026,neuralprophet,frozen,selected,2026,21,2025-06-02 01:00:00,2025-06-02 02:00:00,2,178.26,True,True,141.39974975585938,4.415889714029845,145.81563946988922,0,0,0.1
core_neuralprophet_frozen_s2026,neuralprophet,frozen,selected,2026,21,2025-06-02 01:00:00,2025-06-02 03:00:00,3,202.42,True,True,128.59664916992188,4.415889714029845,133.01253888395172,0,0,0.1
core_neuralprophet_frozen_s2026,neuralprophet,frozen,selected,2026,21,2025-06-02 01:00:00,2025-06-02 04:00:00,4,111.52,True,True,98.0812530517578,4.415889714029845,102.49714276578764,0,0,0.1
core_neuralprophet_frozen_s2026,neuralprophet,frozen,selected,2026,21,2025-06-02 01:00:00,2025-06-02 05:00:00,5,52.03,True,True,79.5815200805664,4.415889714029845,83.99740979459625,0,0,0.1
core_neuralprophet_frozen_s2026,neuralprophet,frozen,selected,2026,21,2025-06-02 01:00:00,2025-06-02 06:00:00,6,36.71,True,True,59.28755569458008,4.415889714029845,63.70344540860992,0,0,0.1
core_neuralprophet_frozen_s2026,neuralprophet,frozen,selected,2026,21,2025-06-02 01:00:00,2025-06-02 07:00:00,7,0.0,True,True,48.00971603393555,4.415889714029845,52.42560574796539,0,0,0.1
core_neuralprophet_frozen_s2026,neuralprophet,frozen,selected,2026,21,2025-06-02 01:00:00,2025-06-02 08:00:00,8,22.27,True,True,55.18283462524414,4.415889714029845,59.598724339273986,0,0,0.1
core_neuralprophet_frozen_s2026,neuralprophet,frozen,selected,2026,21,2025-06-02 01:00:00,2025-06-02 09:00:00,9,17.89,True,True,51.397422790527344,4.415889714029845,55.81331250455719,0,0,0.1
core_neuralprophet_frozen_s2026,neuralprophet,frozen,selected,2026,21,2025-06-02 01:00:00,2025-06-02 10:00:00,10,15.41,True,True,40.94004821777344,4.415889714029845,45.35593793180328,0,0,0.1
core_neuralprophet_frozen_s2026,neuralprophet,frozen,selected,2026,21,2025-06-02 01:00:00,2025-06-02 11:00:00,11,14.09,True,True,52.200592041015625,4.415889714029845,56.61648175504547,0,0,0.1
core_neuralprophet_frozen_s2026,neuralprophet,frozen,selected,2026,21,2025-06-02 01:00:00,2025-06-02 12:00:00,12,12.35,True,True,41.60562515258789,4.415889714029845,46.021514866617736,0,0,0.1
core_neuralprophet_frozen_s2026,neuralprophet,frozen,selected,2026,21,2025-06-02 01:00:00,2025-06-02 13:00:00,13,10.6,True,True,49.22301483154297,4.415889714029845,53.638904545572814,0,0,0.1
core_neuralprophet_frozen_s2026,neuralprophet,frozen,selected,2026,21,2025-06-02 01:00:00,2025-06-02 14:00:00,14,9.83,True,True,56.00495147705078,4.415889714029845,60.420841191080626,0,0,0.1
core_neuralprophet_frozen_s2026,neuralprophet,frozen,selected,2026,21,2025-06-02 01:00:00,2025-06-02 15:00:00,15,9.13,True,True,54.80725860595703,4.415889714029845,59.223148319986876,0,0,0.1
core_neuralprophet_frozen_s2026,neuralprophet,frozen,selected,2026,21,2025-06-02 01:00:00,2025-06-02 16:00:00,16,8.18,True,True,57.91730499267578,4.415889714029845,62.333194706705626,0,0,0.1
core_neuralprophet_frozen_s2026,neuralprophet,frozen,selected,2026,21,2025-06-02 01:00:00,2025-06-02 17:00:00,17,7.99,True,True,63.12878036499024,4.415889714029845,67.54467007902008,0,0,0.1
core_neuralprophet_frozen_s2026,neuralprophet,frozen,selected,2026,21,2025-06-02 01:00:00,2025-06-02 18:00:00,18,8.24,True,True,68.2189712524414,4.415889714029845,72.63486096647125,0,0,0.1
core_neuralprophet_frozen_s2026,neuralprophet,frozen,selected,2026,21,2025-06-02 01:00:00,2025-06-02 19:00:00,19,8.39,True,True,67.18141174316406,4.415889714029845,71.59730145719391,0,0,0.1
core_neuralprophet_frozen_s2026,neuralprophet,frozen,selected,2026,21,2025-06-02 01:00:00,2025-06-02 20:00:00,20,8.28,True,True,60.23147201538086,4.415889714029845,64.6473617294107,0,0,0.1
core_neuralprophet_frozen_s2026,neuralprophet,frozen,selected,2026,21,2025-06-02 01:00:00,2025-06-02 21:00:00,21,8.13,True,True,60.13761901855469,4.415889714029845,64.55350873258453,0,0,0.1
core_neuralprophet_frozen_s2026,neuralprophet,frozen,selected,2026,21,2025-06-02 01:00:00,2025-06-02 22:00:00,22,8.39,True,True,71.78327941894531,4.415889714029845,76.19916913297516,0,0,0.1
core_neuralprophet_frozen_s2026,neuralprophet,frozen,selected,2026,21,2025-06-02 01:00:00,2025-06-02 23:00:00,23,9.32,True,True,68.79150390625,4.415889714029845,73.20739362027984,0,0,0.1
core_neuralprophet_frozen_s2026,neuralprophet,frozen,selected,2026,21,2025-06-02 01:00:00,2025-06-03 00:00:00,24,10.74,True,True,76.97555541992188,4.415889714029845,81.39144513395172,0,0,0.1
core_neuralprophet_frozen_s2026,neuralprophet,frozen,selected,2026,21,2025-06-02 01:00:00,2025-06-03 01:00:00,25,12.42,True,True,78.84490203857422,4.415889714029845,83.26079175260406,0,0,0.1
core_neuralprophet_frozen_s2026,neuralprophet,frozen,selected,2026,21,2025-06-02 01:00:00,2025-06-03 02:00:00,26,13.46,True,True,91.54176330566406,4.415889714029845,95.95765301969391,0,0,0.1
core_neuralprophet_frozen_s2026,neuralprophet,frozen,selected,2026,21,2025-06-02 01:00:00,2025-06-03 03:00:00,27,14.42,True,True,85.60704040527344,4.415889714029845,90.02293011930328,0,0,0.1
core_neuralprophet_frozen_s2026,neuralprophet,frozen,selected,2026,21,2025-06-02 01:00:00,2025-06-03 04:00:00,28,12.8,True,True,62.85591125488281,4.415889714029845,67.27180096891266,0,0,0.1
core_neuralprophet_frozen_s2026,neuralprophet,frozen,selected,2026,21,2025-06-02 01:00:00,2025-06-03 05:00:00,29,12.03,True,True,61.53474426269531,4.415889714029845,65.95063397672516,0,0,0.1
core_neuralprophet_frozen_s2026,neuralprophet,frozen,selected,2026,21,2025-06-02 01:00:00,2025-06-03 06:00:00,30,11.27,True,True,51.31304550170898,4.415889714029845,55.72893521573882,0,0,0.1
core_neuralprophet_frozen_s2026,neuralprophet,frozen,selected,2026,21,2025-06-02 01:00:00,2025-06-03 07:00:00,31,10.46,True,True,35.739845275878906,4.415889714029845,40.15573498990875,0,0,0.1
core_neuralprophet_frozen_s2026,neuralprophet,frozen,selected,2026,21,2025-06-02 01:00:00,2025-06-03 08:00:00,32,9.58,True,True,51.3963508605957,4.415889714029845,55.81224057462555,0,0,0.1
core_neuralprophet_frozen_s2026,neuralprophet,frozen,selected,2026,21,2025-06-02 01:00:00,2025-06-03 09:00:00,33,8.34,True,True,47.89189910888672,4.415889714029845,52.307788822916564,0,0,0.1
core_neuralprophet_frozen_s2026,neuralprophet,frozen,selected,2026,21,2025-06-02 01:00:00,2025-06-03 10:00:00,34,7.77,True,True,57.68844223022461,4.415889714029845,62.104331944254454,0,0,0.1
core_neuralprophet_frozen_s2026,neuralprophet,frozen,selected,2026,21,2025-06-02 01:00:00,2025-06-03 11:00:00,35,7.91,True,True,58.41107177734375,4.415889714029845,62.826961491373595,0,0,0.1
core_neuralprophet_frozen_s2026,neuralprophet,frozen,selected,2026,21,2025-06-02 01:00:00,2025-06-03 12:00:00,36,8.07,True,True,64.22930145263672,4.415889714029845,68.64519116666656,0,0,0.1
core_neuralprophet_frozen_s2026,neuralprophet,frozen,selected,2026,21,2025-06-02 01:00:00,2025-06-03 13:00:00,37,8.04,True,True,59.45676803588867,4.415889714029845,63.87265774991852,0,0,0.1
core_neuralprophet_frozen_s2026,neuralprophet,frozen,selected,2026,21,2025-06-02 01:00:00,2025-06-03 14:00:00,38,8.34,True,True,68.9549789428711,4.415889714029845,73.37086865690094,0,0,0.1
core_neuralprophet_frozen_s2026,neuralprophet,frozen,selected,2026,21,2025-06-02 01:00:00,2025-06-03 15:00:00,39,8.61,True,True,65.32416534423828,4.415889714029845,69.74005505826813,0,0,0.1
core_neuralprophet_frozen_s2026,neuralprophet,frozen,selected,2026,21,2025-06-02 01:00:00,2025-06-03 16:00:00,40,8.84,True,True,76.83908081054688,4.415889714029845,81.25497052457672,0,0,0.1
core_neuralprophet_frozen_s2026,neuralprophet,frozen,selected,2026,21,2025-06-02 01:00:00,2025-06-03 17:00:00,41,9.51,True,True,83.94111633300781,4.415889714029845,88.35700604703766,0,0,0.1
core_neuralprophet_frozen_s2026,neuralprophet,frozen,selected,2026,21,2025-06-02 01:00:00,2025-06-03 18:00:00,42,10.41,True,True,82.48243713378906,4.415889714029845,86.89832684781891,0,0,0.1
core_neuralprophet_frozen_s2026,neuralprophet,frozen,selected,2026,21,2025-06-02 01:00:00,2025-06-03 19:00:00,43,11.41,True,True,98.97260284423828,4.415889714029845,103.38849255826813,0,0,0.1
core_neuralprophet_frozen_s2026,neuralprophet,frozen,selected,2026,21,2025-06-02 01:00:00,2025-06-03 20:00:00,44,12.47,True,True,97.82749938964844,4.415889714029845,102.24338910367828,0,0,0.1
core_neuralprophet_frozen_s2026,neuralprophet,frozen,selected,2026,21,2025-06-02 01:00:00,2025-06-03 21:00:00,45,13.51,True,True,106.69973754882812,4.415889714029845,111.11562726285797,0,0,0.1
core_neuralprophet_frozen_s2026,neuralprophet,frozen,selected,2026,21,2025-06-02 01:00:00,2025-06-03 22:00:00,46,14.0,True,True,86.86482238769531,4.415889714029845,91.28071210172516,0,0,0.1
core_neuralprophet_frozen_s2026,neuralprophet,frozen,selected,2026,21,2025-06-02 01:00:00,2025-06-03 23:00:00,47,14.24,True,True,87.06016540527344,4.415889714029845,91.47605511930328,0,0,0.1
core_neuralprophet_frozen_s2026,neuralprophet,frozen,selected,2026,21,2025-06-02 01:00:00,2025-06-04 00:00:00,48,14.68,True,True,95.6296615600586,4.415889714029845,100.04555127408844,0,0,0.1
core_neuralprophet_frozen_s2026,neuralprophet,frozen,selected,2026,21,2025-06-02 01:00:00,2025-06-04 01:00:00,49,15.19,True,True,102.11602783203124,4.415889714029845,106.53191754606108,0,0,0.1
core_neuralprophet_frozen_s2026,neuralprophet,frozen,selected,2026,21,2025-06-02 01:00:00,2025-06-04 02:00:00,50,16.09,True,True,107.30863189697266,4.415889714029845,111.7245216110025,0,0,0.1
core_neuralprophet_frozen_s2026,neuralprophet,frozen,selected,2026,21,2025-06-02 01:00:00,2025-06-04 03:00:00,51,19.43,True,True,112.85559844970705,4.415889714029845,117.27148816373689,0,0,0.1
core_neuralprophet_frozen_s2026,neuralprophet,frozen,selected,2026,21,2025-06-02 01:00:00,2025-06-04 04:00:00,52,11.29,True,True,84.09967803955078,4.415889714029845,88.51556775358063,0,0,0.1
core_neuralprophet_frozen_s2026,neuralprophet,frozen,selected,2026,21,2025-06-02 01:00:00,2025-06-04 05:00:00,53,11.63,True,True,73.90534210205078,4.415889714029845,78.32123181608063,0,0,0.1
core_neuralprophet_frozen_s2026,neuralprophet,frozen,selected,2026,21,2025-06-02 01:00:00,2025-06-04 06:00:00,54,12.87,True,True,44.6092529296875,4.415889714029845,49.025142643717345,0,0,0.1
core_neuralprophet_frozen_s2026,neuralprophet,frozen,selected,2026,21,2025-06-02 01:00:00,2025-06-04 07:00:00,55,13.31,True,True,44.35120391845703,4.415889714029845,48.767093632486876,0,0,0.1
core_neuralprophet_frozen_s2026,neuralprophet,frozen,selected,2026,21,2025-06-02 01:00:00,2025-06-04 08:00:00,56,13.35,True,True,52.17375946044922,4.415889714029845,56.589649174479064,0,0,0.1
core_neuralprophet_frozen_s2026,neuralprophet,frozen,selected,2026,21,2025-06-02 01:00:00,2025-06-04 09:00:00,57,13.17,True,True,49.573204040527344,4.415889714029845,53.98909375455719,0,0,0.1
core_neuralprophet_frozen_s2026,neuralprophet,frozen,selected,2026,21,2025-06-02 01:00:00,2025-06-04 10:00:00,58,14.46,True,True,60.13716506958008,4.415889714029845,64.55305478360992,0,0,0.1
core_neuralprophet_frozen_s2026,neuralprophet,frozen,selected,2026,21,2025-06-02 01:00:00,2025-06-04 11:00:00,59,17.07,True,True,43.97760772705078,4.415889714029845,48.393497441080626,0,0,0.1
core_neuralprophet_frozen_s2026,neuralprophet,frozen,selected,2026,21,2025-06-02 01:00:00,2025-06-04 12:00:00,60,19.94,True,True,56.56451797485352,4.415889714029845,60.98040768888337,0,0,0.1
core_neuralprophet_frozen_s2026,neuralprophet,frozen,selected,2026,21,2025-06-02 01:00:00,2025-06-04 13:00:00,61,22.86,True,True,57.65938186645508,4.415889714029845,62.07527158048492,0,0,0.1
core_neuralprophet_frozen_s2026,neuralprophet,frozen,selected,2026,21,2025-06-02 01:00:00,2025-06-04 14:00:00,62,26.36,True,True,50.59235382080078,4.415889714029845,55.008243534830626,0,0,0.1
core_neuralprophet_frozen_s2026,neuralprophet,frozen,selected,2026,21,2025-06-02 01:00:00,2025-06-04 15:00:00,63,29.44,True,True,59.81979751586914,4.415889714029845,64.23568722989899,0,0,0.1
core_neuralprophet_frozen_s2026,neuralprophet,frozen,selected,2026,21,2025-06-02 01:00:00,2025-06-04 16:00:00,64,30.85,True,True,51.782413482666016,4.415889714029845,56.19830319669586,0,0,0.1
core_neuralprophet_frozen_s2026,neuralprophet,frozen,selected,2026,21,2025-06-02 01:00:00,2025-06-04 17:00:00,65,31.64,True,True,64.28560638427734,4.415889714029845,68.70149609830719,0,0,0.1
core_neuralprophet_frozen_s2026,neuralprophet,frozen,selected,2026,21,2025-06-02 01:00:00,2025-06-04 18:00:00,66,34.21,True,True,78.04338073730469,4.415889714029845,82.45927045133453,0,0,0.1
core_neuralprophet_frozen_s2026,neuralprophet,frozen,selected,2026,21,2025-06-02 01:00:00,2025-06-04 19:00:00,67,38.51,True,True,69.30388641357422,4.415889714029845,73.71977612760406,0,0,0.1
core_neuralprophet_frozen_s2026,neuralprophet,frozen,selected,2026,21,2025-06-02 01:00:00,2025-06-04 20:00:00,68,43.42,True,True,81.3360824584961,4.415889714029845,85.75197217252594,0,0,0.1
core_neuralprophet_frozen_s2026,neuralprophet,frozen,selected,2026,21,2025-06-02 01:00:00,2025-06-04 21:00:00,69,48.58,True,True,70.68457794189453,4.415889714029845,75.10046765592438,0,0,0.1
core_neuralprophet_frozen_s2026,neuralprophet,frozen,selected,2026,21,2025-06-02 01:00:00,2025-06-04 22:00:00,70,52.49,True,True,85.95681762695312,4.415889714029845,90.37270734098297,0,0,0.1
core_neuralprophet_frozen_s2026,neuralprophet,frozen,selected,2026,21,2025-06-02 01:00:00,2025-06-04 23:00:00,71,56.1,True,True,85.94416809082031,4.415889714029845,90.36005780485016,0,0,0.1
core_neuralprophet_frozen_s2026,neuralprophet,frozen,selected,2026,21,2025-06-02 01:00:00,2025-06-05 00:00:00,72,62.38,True,True,95.43592834472656,4.415889714029845,99.85181805875641,0,0,0.1
core_neuralprophet_frozen_s2026,neuralprophet,frozen,selected,2026,21,2025-06-02 01:00:00,2025-06-05 01:00:00,73,74.59,True,True,104.69144439697266,4.415889714029845,109.1073341110025,0,0,0.1
core_neuralprophet_frozen_s2026,neuralprophet,frozen,selected,2026,21,2025-06-02 01:00:00,2025-06-05 02:00:00,74,85.38,True,True,123.02970123291016,4.415889714029845,127.44559094694,0,0,0.1
core_neuralprophet_frozen_s2026,neuralprophet,frozen,selected,2026,21,2025-06-02 01:00:00,2025-06-05 03:00:00,75,99.4,True,True,114.0991439819336,4.415889714029845,118.51503369596344,0,0,0.1
core_neuralprophet_frozen_s2026,neuralprophet,frozen,selected,2026,21,2025-06-02 01:00:00,2025-06-05 04:00:00,76,120.44,True,True,107.94219970703124,4.415889714029845,112.35808942106108,0,0,0.1
core_neuralprophet_frozen_s2026,neuralprophet,frozen,selected,2026,21,2025-06-02 01:00:00,2025-06-05 05:00:00,77,134.36,True,True,84.92924499511719,4.415889714029845,89.34513470914703,0,0,0.1
core_neuralprophet_frozen_s2026,neuralprophet,frozen,selected,2026,21,2025-06-02 01:00:00,2025-06-05 06:00:00,78,145.41,True,True,59.509403228759766,4.415889714029845,63.92529294278961,0,0,0.1
core_neuralprophet_frozen_s2026,neuralprophet,frozen,selected,2026,21,2025-06-02 01:00:00,2025-06-05 07:00:00,79,126.95,True,True,57.61863708496094,4.415889714029845,62.03452679899078,0,0,0.1
core_neuralprophet_frozen_s2026,neuralprophet,frozen,selected,2026,21,2025-06-02 01:00:00,2025-06-05 08:00:00,80,103.9,True,True,63.716007232666016,4.415889714029845,68.13189694669586,0,0,0.1
core_neuralprophet_frozen_s2026,neuralprophet,frozen,selected,2026,21,2025-06-02 01:00:00,2025-06-05 09:00:00,81,87.12,True,True,66.09645080566406,4.415889714029845,70.51234051969391,0,0,0.1
core_neuralprophet_frozen_s2026,neuralprophet,frozen,selected,2026,21,2025-06-02 01:00:00,2025-06-05 10:00:00,82,80.59,True,True,62.98384094238281,4.415889714029845,67.39973065641266,0,0,0.1
core_neuralprophet_frozen_s2026,neuralprophet,frozen,selected,2026,21,2025-06-02 01:00:00,2025-06-05 11:00:00,83,81.51,True,True,60.16544342041016,4.415889714029845,64.58133313444,0,0,0.1
core_neuralprophet_frozen_s2026,neuralprophet,frozen,selected,2026,21,2025-06-02 01:00:00,2025-06-05 12:00:00,84,83.28,True,True,74.48001861572266,4.415889714029845,78.8959083297525,0,0,0.1
core_neuralprophet_frozen_s2026,neuralprophet,frozen,selected,2026,21,2025-06-02 01:00:00,2025-06-05 13:00:00,85,83.0,True,True,72.26094818115234,4.415889714029845,76.67683789518219,0,0,0.1
core_neuralprophet_frozen_s2026,neuralprophet,frozen,selected,2026,21,2025-06-02 01:00:00,2025-06-05 14:00:00,86,83.2,True,True,68.43470764160156,4.415889714029845,72.85059735563141,0,0,0.1
core_neuralprophet_frozen_s2026,neuralprophet,frozen,selected,2026,21,2025-06-02 01:00:00,2025-06-05 15:00:00,87,82.87,True,True,79.04663848876953,4.415889714029845,83.46252820279938,0,0,0.1
core_neuralprophet_frozen_s2026,neuralprophet,frozen,selected,2026,21,2025-06-02 01:00:00,2025-06-05 16:00:00,88,81.15,True,True,80.54234313964844,4.415889714029845,84.95823285367828,0,0,0.1
core_neuralprophet_frozen_s2026,neuralprophet,frozen,selected,2026,21,2025-06-02 01:00:00,2025-06-05 17:00:00,89,80.3,True,True,82.59555053710938,4.415889714029845,87.01144025113922,0,0,0.1
core_neuralprophet_frozen_s2026,neuralprophet,frozen,selected,2026,21,2025-06-02 01:00:00,2025-06-05 18:00:00,90,80.19,True,True,86.79679107666016,4.415889714029845,91.21268079069,0,0,0.1
core_neuralprophet_frozen_s2026,neuralprophet,frozen,selected,2026,21,2025-06-02 01:00:00,2025-06-05 19:00:00,91,80.36,True,True,85.86168670654297,4.415889714029845,90.27757642057281,0,0,0.1
core_neuralprophet_frozen_s2026,neuralprophet,frozen,selected,2026,21,2025-06-02 01:00:00,2025-06-05 20:00:00,92,82.62,True,True,84.78089904785156,4.415889714029845,89.19678876188141,0,0,0.1
core_neuralprophet_frozen_s2026,neuralprophet,frozen,selected,2026,21,2025-06-02 01:00:00,2025-06-05 21:00:00,93,86.87,True,True,98.06652069091795,4.415889714029845,102.4824104049478,0,0,0.1
core_neuralprophet_frozen_s2026,neuralprophet,frozen,selected,2026,21,2025-06-02 01:00:00,2025-06-05 22:00:00,94,90.15,True,True,114.04400634765624,4.415889714029845,118.45989606168608,0,0,0.1
core_neuralprophet_frozen_s2026,neuralprophet,frozen,selected,2026,21,2025-06-02 01:00:00,2025-06-05 23:00:00,95,92.06,True,True,135.93435668945312,4.415889714029845,140.35024640348297,0,0,0.1
core_neuralprophet_frozen_s2026,neuralprophet,frozen,selected,2026,21,2025-06-02 01:00:00,2025-06-06 00:00:00,96,92.32,True,True,146.5537567138672,4.415889714029845,150.96964642789703,0,0,0.1
core_neuralprophet_frozen_s2026,neuralprophet,frozen,selected,2026,21,2025-06-02 01:00:00,2025-06-06 01:00:00,97,92.26,True,True,145.55099487304688,4.415889714029845,149.96688458707672,0,0,0.1
core_neuralprophet_frozen_s2026,neuralprophet,frozen,selected,2026,21,2025-06-02 01:00:00,2025-06-06 02:00:00,98,87.72,True,True,142.53948974609375,4.415889714029845,146.9553794601236,0,0,0.1
core_neuralprophet_frozen_s2026,neuralprophet,frozen,selected,2026,21,2025-06-02 01:00:00,2025-06-06 03:00:00,99,84.53,True,True,136.54083251953125,4.415889714029845,140.9567222335611,0,0,0.1
core_neuralprophet_frozen_s2026,neuralprophet,frozen,selected,2026,21,2025-06-02 01:00:00,2025-06-06 04:00:00,100,92.1,True,True,118.51010131835938,4.415889714029845,122.92599103238922,0,0,0.1
core_neuralprophet_frozen_s2026,neuralprophet,frozen,selected,2026,21,2025-06-02 01:00:00,2025-06-06 05:00:00,101,97.26,True,True,95.58541107177734,4.415889714029845,100.00130078580719,0,0,0.1
core_neuralprophet_frozen_s2026,neuralprophet,frozen,selected,2026,21,2025-06-02 01:00:00,2025-06-06 06:00:00,102,101.51,True,True,87.71121215820312,4.415889714029845,92.12710187223297,0,0,0.1
core_neuralprophet_frozen_s2026,neuralprophet,frozen,selected,2026,21,2025-06-02 01:00:00,2025-06-06 07:00:00,103,94.8,True,True,66.9732666015625,4.415889714029845,71.38915631559234,0,0,0.1
core_neuralprophet_frozen_s2026,neuralprophet,frozen,selected,2026,21,2025-06-02 01:00:00,2025-06-06 08:00:00,104,86.36,True,True,87.88446807861328,4.415889714029845,92.30035779264313,0,0,0.1
core_neuralprophet_frozen_s2026,neuralprophet,frozen,selected,2026,21,2025-06-02 01:00:00,2025-06-06 09:00:00,105,84.85,True,True,64.47673797607422,4.415889714029845,68.89262769010406,0,0,0.1
core_neuralprophet_frozen_s2026,neuralprophet,frozen,selected,2026,21,2025-06-02 01:00:00,2025-06-06 10:00:00,106,88.51,True,True,79.74966430664062,4.415889714029845,84.16555402067047,0,0,0.1
core_neuralprophet_frozen_s2026,neuralprophet,frozen,selected,2026,21,2025-06-02 01:00:00,2025-06-06 11:00:00,107,95.3,True,True,84.14017486572266,4.415889714029845,88.5560645797525,0,0,0.1
core_neuralprophet_frozen_s2026,neuralprophet,frozen,selected,2026,21,2025-06-02 01:00:00,2025-06-06 12:00:00,108,103.02,True,True,76.18865203857422,4.415889714029845,80.60454175260406,0,0,0.1
core_neuralprophet_frozen_s2026,neuralprophet,frozen,selected,2026,21,2025-06-02 01:00:00,2025-06-06 13:00:00,109,111.17,True,True,81.58097839355469,4.415889714029845,85.99686810758453,0,0,0.1
core_neuralprophet_frozen_s2026,neuralprophet,frozen,selected,2026,21,2025-06-02 01:00:00,2025-06-06 14:00:00,110,122.15,True,True,87.53902435302734,4.415889714029845,91.95491406705719,0,0,0.1
core_neuralprophet_frozen_s2026,neuralprophet,frozen,selected,2026,21,2025-06-02 01:00:00,2025-06-06 15:00:00,111,138.37,True,True,86.79026794433594,4.415889714029845,91.20615765836578,0,0,0.1
core_neuralprophet_frozen_s2026,neuralprophet,frozen,selected,2026,21,2025-06-02 01:00:00,2025-06-06 16:00:00,112,151.05,True,True,106.56028747558594,4.415889714029845,110.97617718961578,0,0,0.1
core_neuralprophet_frozen_s2026,neuralprophet,frozen,selected,2026,21,2025-06-02 01:00:00,2025-06-06 17:00:00,113,161.27,True,True,100.20156860351562,4.415889714029845,104.61745831754547,0,0,0.1
core_neuralprophet_frozen_s2026,neuralprophet,frozen,selected,2026,21,2025-06-02 01:00:00,2025-06-06 18:00:00,114,168.87,True,True,107.65167999267578,4.415889714029845,112.06756970670563,0,0,0.1
core_neuralprophet_frozen_s2026,neuralprophet,frozen,selected,2026,21,2025-06-02 01:00:00,2025-06-06 19:00:00,115,171.45,True,True,128.8158416748047,4.415889714029845,133.23173138883453,0,0,0.1
core_neuralprophet_frozen_s2026,neuralprophet,frozen,selected,2026,21,2025-06-02 01:00:00,2025-06-06 20:00:00,116,173.44,True,True,127.0688247680664,4.415889714029845,131.48471448209625,0,0,0.1
core_neuralprophet_frozen_s2026,neuralprophet,frozen,selected,2026,21,2025-06-02 01:00:00,2025-06-06 21:00:00,117,175.13,True,True,128.4971923828125,4.415889714029845,132.91308209684234,0,0,0.1
core_neuralprophet_frozen_s2026,neuralprophet,frozen,selected,2026,21,2025-06-02 01:00:00,2025-06-06 22:00:00,118,183.1,True,True,166.59478759765625,4.415889714029845,171.0106773116861,0,0,0.1
core_neuralprophet_frozen_s2026,neuralprophet,frozen,selected,2026,21,2025-06-02 01:00:00,2025-06-06 23:00:00,119,150.18,True,True,161.57977294921875,4.415889714029845,165.9956626632486,0,0,0.1
core_neuralprophet_frozen_s2026,neuralprophet,frozen,selected,2026,21,2025-06-02 01:00:00,2025-06-07 00:00:00,120,121.85,True,True,144.59066772460938,4.415889714029845,149.00655743863922,0,0,0.1
core_neuralprophet_frozen_s2026,neuralprophet,frozen,selected,2026,21,2025-06-02 01:00:00,2025-06-07 01:00:00,121,97.42,True,True,137.4638214111328,4.415889714029845,141.87971112516266,0,0,0.1
core_neuralprophet_frozen_s2026,neuralprophet,frozen,selected,2026,21,2025-06-02 01:00:00,2025-06-07 02:00:00,122,84.6,True,True,120.60066986083984,4.415889714029845,125.01655957486969,0,0,0.1
core_neuralprophet_frozen_s2026,neuralprophet,frozen,selected,2026,21,2025-06-02 01:00:00,2025-06-07 03:00:00,123,80.29,True,True,114.67263793945312,4.415889714029845,119.08852765348297,0,0,0.1
core_neuralprophet_frozen_s2026,neuralprophet,frozen,selected,2026,21,2025-06-02 01:00:00,2025-06-07 04:00:00,124,65.58,True,True,116.11397552490234,4.415889714029845,120.52986523893219,0,0,0.1
core_neuralprophet_frozen_s2026,neuralprophet,frozen,selected,2026,21,2025-06-02 01:00:00,2025-06-07 05:00:00,125,54.96,True,True,85.82456970214844,4.415889714029845,90.24045941617828,0,0,0.1
core_neuralprophet_frozen_s2026,neuralprophet,frozen,selected,2026,21,2025-06-02 01:00:00,2025-06-07 06:00:00,126,51.06,True,True,78.49169921875,4.415889714029845,82.90758893277984,0,0,0.1
core_neuralprophet_frozen_s2026,neuralprophet,frozen,selected,2026,21,2025-06-02 01:00:00,2025-06-07 07:00:00,127,47.29,True,True,71.78963470458984,4.415889714029845,76.20552441861969,0,0,0.1
core_neuralprophet_frozen_s2026,neuralprophet,frozen,selected,2026,21,2025-06-02 01:00:00,2025-06-07 08:00:00,128,43.79,True,True,75.95854949951172,4.415889714029845,80.37443921354156,0,0,0.1
core_neuralprophet_frozen_s2026,neuralprophet,frozen,selected,2026,21,2025-06-02 01:00:00,2025-06-07 09:00:00,129,41.15,True,True,69.87823486328125,4.415889714029845,74.2941245773111,0,0,0.1
core_neuralprophet_frozen_s2026,neuralprophet,frozen,selected,2026,21,2025-06-02 01:00:00,2025-06-07 10:00:00,130,39.25,True,True,66.0396499633789,4.415889714029845,70.45553967740875,0,0,0.1
core_neuralprophet_frozen_s2026,neuralprophet,frozen,selected,2026,21,2025-06-02 01:00:00,2025-06-07 11:00:00,131,38.59,True,True,70.8554458618164,4.415889714029845,75.27133557584625,0,0,0.1
core_neuralprophet_frozen_s2026,neuralprophet,frozen,selected,2026,21,2025-06-02 01:00:00,2025-06-07 12:00:00,132,39.35,True,True,68.23775482177734,4.415889714029845,72.65364453580719,0,0,0.1
core_neuralprophet_frozen_s2026,neuralprophet,frozen,selected,2026,21,2025-06-02 01:00:00,2025-06-07 13:00:00,133,42.39,True,True,77.49454498291016,4.415889714029845,81.91043469694,0,0,0.1
core_neuralprophet_frozen_s2026,neuralprophet,frozen,selected,2026,21,2025-06-02 01:00:00,2025-06-07 14:00:00,134,48.36,True,True,86.18107604980469,4.415889714029845,90.59696576383453,0,0,0.1
core_neuralprophet_frozen_s2026,neuralprophet,frozen,selected,2026,21,2025-06-02 01:00:00,2025-06-07 15:00:00,135,56.86,True,True,86.0057601928711,4.415889714029845,90.42164990690094,0,0,0.1
core_neuralprophet_frozen_s2026,neuralprophet,frozen,selected,2026,21,2025-06-02 01:00:00,2025-06-07 16:00:00,136,67.42,True,True,91.37529754638672,4.415889714029845,95.79118726041656,0,0,0.1
core_neuralprophet_frozen_s2026,neuralprophet,frozen,selected,2026,21,2025-06-02 01:00:00,2025-06-07 17:00:00,137,80.18,True,True,99.40814208984376,4.415889714029845,103.82403180387361,0,0,0.1
core_neuralprophet_frozen_s2026,neuralprophet,frozen,selected,2026,21,2025-06-02 01:00:00,2025-06-07 18:00:00,138,94.26,True,True,120.09856414794922,4.415889714029845,124.51445386197906,0,0,0.1
core_neuralprophet_frozen_s2026,neuralprophet,frozen,selected,2026,21,2025-06-02 01:00:00,2025-06-07 19:00:00,139,106.22,True,True,118.30852508544922,4.415889714029845,122.72441479947906,0,0,0.1
core_neuralprophet_frozen_s2026,neuralprophet,frozen,selected,2026,21,2025-06-02 01:00:00,2025-06-07 20:00:00,140,116.89,True,True,135.03671264648438,4.415889714029845,139.45260236051422,0,0,0.1
core_neuralprophet_frozen_s2026,neuralprophet,frozen,selected,2026,21,2025-06-02 01:00:00,2025-06-07 21:00:00,141,128.1,True,True,122.85775756835938,4.415889714029845,127.27364728238922,0,0,0.1
core_neuralprophet_frozen_s2026,neuralprophet,frozen,selected,2026,21,2025-06-02 01:00:00,2025-06-07 22:00:00,142,138.62,True,True,132.91954040527344,4.415889714029845,137.33543011930328,0,0,0.1
core_neuralprophet_frozen_s2026,neuralprophet,frozen,selected,2026,21,2025-06-02 01:00:00,2025-06-07 23:00:00,143,147.74,True,True,136.98468017578125,4.415889714029845,141.4005698898111,0,0,0.1
core_neuralprophet_frozen_s2026,neuralprophet,frozen,selected,2026,21,2025-06-02 01:00:00,2025-06-08 00:00:00,144,154.85,True,True,146.1334686279297,4.415889714029845,150.54935834195953,0,0,0.1
core_neuralprophet_frozen_s2026,neuralprophet,frozen,selected,2026,21,2025-06-02 01:00:00,2025-06-08 01:00:00,145,171.91,True,True,139.2791290283203,4.415889714029845,143.69501874235016,0,0,0.1
core_neuralprophet_frozen_s2026,neuralprophet,frozen,selected,2026,21,2025-06-02 01:00:00,2025-06-08 02:00:00,146,172.97,True,True,140.85198974609375,4.415889714029845,145.2678794601236,0,0,0.1
core_neuralprophet_frozen_s2026,neuralprophet,frozen,selected,2026,21,2025-06-02 01:00:00,2025-06-08 03:00:00,147,180.31,True,True,142.1286163330078,4.415889714029845,146.54450604703766,0,0,0.1
core_neuralprophet_frozen_s2026,neuralprophet,frozen,selected,2026,21,2025-06-02 01:00:00,2025-06-08 04:00:00,148,104.44,True,True,115.96868133544922,4.415889714029845,120.38457104947906,0,0,0.1
core_neuralprophet_frozen_s2026,neuralprophet,frozen,selected,2026,21,2025-06-02 01:00:00,2025-06-08 05:00:00,149,74.95,True,True,102.55175018310548,4.415889714029845,106.96763989713533,0,0,0.1
core_neuralprophet_frozen_s2026,neuralprophet,frozen,selected,2026,21,2025-06-02 01:00:00,2025-06-08 06:00:00,150,72.65,True,True,88.27616882324219,4.415889714029845,92.69205853727203,0,0,0.1
core_neuralprophet_frozen_s2026,neuralprophet,frozen,selected,2026,21,2025-06-02 01:00:00,2025-06-08 07:00:00,151,75.11,True,True,70.3106918334961,4.415889714029845,74.72658154752594,0,0,0.1
core_neuralprophet_frozen_s2026,neuralprophet,frozen,selected,2026,21,2025-06-02 01:00:00,2025-06-08 08:00:00,152,77.15,True,True,79.12730407714844,4.415889714029845,83.54319379117828,0,0,0.1
core_neuralprophet_frozen_s2026,neuralprophet,frozen,selected,2026,21,2025-06-02 01:00:00,2025-06-08 09:00:00,153,78.52,True,True,76.35848236083984,4.415889714029845,80.77437207486969,0,0,0.1
core_neuralprophet_frozen_s2026,neuralprophet,frozen,selected,2026,21,2025-06-02 01:00:00,2025-06-08 10:00:00,154,81.02,True,True,78.03170013427734,4.415889714029845,82.44758984830719,0,0,0.1
core_neuralprophet_frozen_s2026,neuralprophet,frozen,selected,2026,21,2025-06-02 01:00:00,2025-06-08 11:00:00,155,84.05,True,True,85.21348571777344,4.415889714029845,89.62937543180328,0,0,0.1
core_neuralprophet_frozen_s2026,neuralprophet,frozen,selected,2026,21,2025-06-02 01:00:00,2025-06-08 12:00:00,156,86.65,True,True,98.66754913330078,4.415889714029845,103.08343884733063,0,0,0.1
core_neuralprophet_frozen_s2026,neuralprophet,frozen,selected,2026,21,2025-06-02 01:00:00,2025-06-08 13:00:00,157,88.71,True,True,97.45140838623048,4.415889714029845,101.86729810026033,0,0,0.1
core_neuralprophet_frozen_s2026,neuralprophet,frozen,selected,2026,21,2025-06-02 01:00:00,2025-06-08 14:00:00,158,93.2,True,True,86.9266586303711,4.415889714029845,91.34254834440094,0,0,0.1
core_neuralprophet_frozen_s2026,neuralprophet,frozen,selected,2026,21,2025-06-02 01:00:00,2025-06-08 15:00:00,159,97.43,True,True,92.46273040771484,4.415889714029845,96.87862012174469,0,0,0.1
core_neuralprophet_frozen_s2026,neuralprophet,frozen,selected,2026,21,2025-06-02 01:00:00,2025-06-08 16:00:00,160,98.75,True,True,102.08894348144533,4.415889714029845,106.50483319547517,0,0,0.1
core_neuralprophet_frozen_s2026,neuralprophet,frozen,selected,2026,21,2025-06-02 01:00:00,2025-06-08 17:00:00,161,99.91,True,True,109.19056701660156,4.415889714029845,113.60645673063141,0,0,0.1
core_neuralprophet_frozen_s2026,neuralprophet,frozen,selected,2026,21,2025-06-02 01:00:00,2025-06-08 18:00:00,162,100.83,True,True,106.92864227294922,4.415889714029845,111.34453198697906,0,0,0.1
core_neuralprophet_frozen_s2026,neuralprophet,frozen,selected,2026,21,2025-06-02 01:00:00,2025-06-08 19:00:00,163,101.08,True,True,118.64958953857422,4.415889714029845,123.06547925260406,0,0,0.1
core_neuralprophet_frozen_s2026,neuralprophet,frozen,selected,2026,21,2025-06-02 01:00:00,2025-06-08 20:00:00,164,102.18,True,True,107.21504974365234,4.415889714029845,111.63093945768219,0,0,0.1
core_neuralprophet_frozen_s2026,neuralprophet,frozen,selected,2026,21,2025-06-02 01:00:00,2025-06-08 21:00:00,165,104.27,True,True,99.37327575683594,4.415889714029845,103.78916547086578,0,0,0.1
core_neuralprophet_frozen_s2026,neuralprophet,frozen,selected,2026,21,2025-06-02 01:00:00,2025-06-08 22:00:00,166,108.48,True,True,96.91577911376952,4.415889714029845,101.33166882779936,0,0,0.1
core_neuralprophet_frozen_s2026,neuralprophet,frozen,selected,2026,21,2025-06-02 01:00:00,2025-06-08 23:00:00,167,114.67,True,True,103.4285659790039,4.415889714029845,107.84445569303375,0,0,0.1
core_neuralprophet_frozen_s2026,neuralprophet,frozen,selected,2026,21,2025-06-02 01:00:00,2025-06-09 00:00:00,168,126.33,True,True,118.87350463867188,4.415889714029845,123.28939435270172,0,0,0.1
core_neuralprophet_frozen_s2026,neuralprophet,frozen,selected,2026,22,2025-06-09 01:00:00,2025-06-09 01:00:00,1,158.34,True,True,127.2695770263672,1.977374679361741,129.24695170572895,0,0,0.1
core_neuralprophet_frozen_s2026,neuralprophet,frozen,selected,2026,22,2025-06-09 01:00:00,2025-06-09 02:00:00,2,176.42,True,True,144.4309539794922,1.977374679361741,146.40832865885392,0,0,0.1
core_neuralprophet_frozen_s2026,neuralprophet,frozen,selected,2026,22,2025-06-09 01:00:00,2025-06-09 03:00:00,3,191.92,True,True,137.4324951171875,1.977374679361741,139.40986979654923,0,0,0.1
core_neuralprophet_frozen_s2026,neuralprophet,frozen,selected,2026,22,2025-06-09 01:00:00,2025-06-09 04:00:00,4,171.79,True,True,106.91610717773438,1.977374679361741,108.89348185709612,0,0,0.1
core_neuralprophet_frozen_s2026,neuralprophet,frozen,selected,2026,22,2025-06-09 01:00:00,2025-06-09 05:00:00,5,142.8,True,True,88.50092315673828,1.977374679361741,90.47829783610003,0,0,0.1
core_neuralprophet_frozen_s2026,neuralprophet,frozen,selected,2026,22,2025-06-09 01:00:00,2025-06-09 06:00:00,6,122.66,True,True,75.65166473388672,1.977374679361741,77.62903941324846,0,0,0.1
core_neuralprophet_frozen_s2026,neuralprophet,frozen,selected,2026,22,2025-06-09 01:00:00,2025-06-09 07:00:00,7,83.41,True,True,55.4439811706543,1.977374679361741,57.421355850016035,0,0,0.1
core_neuralprophet_frozen_s2026,neuralprophet,frozen,selected,2026,22,2025-06-09 01:00:00,2025-06-09 08:00:00,8,47.78,True,True,53.57484436035156,1.977374679361741,55.5522190397133,0,0,0.1
core_neuralprophet_frozen_s2026,neuralprophet,frozen,selected,2026,22,2025-06-09 01:00:00,2025-06-09 09:00:00,9,29.72,True,True,63.9025993347168,1.977374679361741,65.87997401407854,0,0,0.1
core_neuralprophet_frozen_s2026,neuralprophet,frozen,selected,2026,22,2025-06-09 01:00:00,2025-06-09 10:00:00,10,23.67,True,True,52.88264083862305,1.977374679361741,54.860015517984785,0,0,0.1
core_neuralprophet_frozen_s2026,neuralprophet,frozen,selected,2026,22,2025-06-09 01:00:00,2025-06-09 11:00:00,11,26.68,True,True,54.22890472412109,1.977374679361741,56.206279403482824,0,0,0.1
core_neuralprophet_frozen_s2026,neuralprophet,frozen,selected,2026,22,2025-06-09 01:00:00,2025-06-09 12:00:00,12,34.32,True,True,79.2096176147461,1.977374679361741,81.18699229410784,0,0,0.1
core_neuralprophet_frozen_s2026,neuralprophet,frozen,selected,2026,22,2025-06-09 01:00:00,2025-06-09 13:00:00,13,44.57,True,True,73.54037475585938,1.977374679361741,75.51774943522112,0,0,0.1
core_neuralprophet_frozen_s2026,neuralprophet,frozen,selected,2026,22,2025-06-09 01:00:00,2025-06-09 14:00:00,14,50.09,True,True,83.20606231689453,1.977374679361741,85.18343699625628,0,0,0.1
core_neuralprophet_frozen_s2026,neuralprophet,frozen,selected,2026,22,2025-06-09 01:00:00,2025-06-09 15:00:00,15,42.91,True,True,83.33799743652344,1.977374679361741,85.31537211588518,0,0,0.1
core_neuralprophet_frozen_s2026,neuralprophet,frozen,selected,2026,22,2025-06-09 01:00:00,2025-06-09 16:00:00,16,20.31,True,True,72.36254119873047,1.977374679361741,74.33991587809221,0,0,0.1
core_neuralprophet_frozen_s2026,neuralprophet,frozen,selected,2026,22,2025-06-09 01:00:00,2025-06-09 17:00:00,17,10.7,True,True,71.3981704711914,1.977374679361741,73.37554515055315,0,0,0.1
core_neuralprophet_frozen_s2026,neuralprophet,frozen,selected,2026,22,2025-06-09 01:00:00,2025-06-09 18:00:00,18,7.82,True,True,66.99848937988281,1.977374679361741,68.97586405924456,0,0,0.1
core_neuralprophet_frozen_s2026,neuralprophet,frozen,selected,2026,22,2025-06-09 01:00:00,2025-06-09 19:00:00,19,7.85,True,True,69.11527252197266,1.977374679361741,71.0926472013344,0,0,0.1
core_neuralprophet_frozen_s2026,neuralprophet,frozen,selected,2026,22,2025-06-09 01:00:00,2025-06-09 20:00:00,20,9.45,True,True,70.90768432617188,1.977374679361741,72.88505900553362,0,0,0.1
core_neuralprophet_frozen_s2026,neuralprophet,frozen,selected,2026,22,2025-06-09 01:00:00,2025-06-09 21:00:00,21,12.06,True,True,77.43390655517578,1.977374679361741,79.41128123453753,0,0,0.1
core_neuralprophet_frozen_s2026,neuralprophet,frozen,selected,2026,22,2025-06-09 01:00:00,2025-06-09 22:00:00,22,14.91,True,True,81.94953918457031,1.977374679361741,83.92691386393206,0,0,0.1
core_neuralprophet_frozen_s2026,neuralprophet,frozen,selected,2026,22,2025-06-09 01:00:00,2025-06-09 23:00:00,23,17.74,True,True,73.0538330078125,1.977374679361741,75.03120768717424,0,0,0.1
core_neuralprophet_frozen_s2026,neuralprophet,frozen,selected,2026,22,2025-06-09 01:00:00,2025-06-10 00:00:00,24,20.22,True,True,80.90615844726562,1.977374679361741,82.88353312662737,0,0,0.1
core_neuralprophet_frozen_s2026,neuralprophet,frozen,selected,2026,22,2025-06-09 01:00:00,2025-06-10 01:00:00,25,23.79,True,True,74.44316101074219,1.977374679361741,76.42053569010393,0,0,0.1
core_neuralprophet_frozen_s2026,neuralprophet,frozen,selected,2026,22,2025-06-09 01:00:00,2025-06-10 02:00:00,26,26.6,True,True,83.46844482421875,1.977374679361741,85.4458195035805,0,0,0.1
core_neuralprophet_frozen_s2026,neuralprophet,frozen,selected,2026,22,2025-06-09 01:00:00,2025-06-10 03:00:00,27,29.32,True,True,85.65519714355469,1.977374679361741,87.63257182291643,0,0,0.1
core_neuralprophet_frozen_s2026,neuralprophet,frozen,selected,2026,22,2025-06-09 01:00:00,2025-06-10 04:00:00,28,15.98,True,True,72.6280517578125,1.977374679361741,74.60542643717424,0,0,0.1
core_neuralprophet_frozen_s2026,neuralprophet,frozen,selected,2026,22,2025-06-09 01:00:00,2025-06-10 05:00:00,29,15.15,True,True,57.0145263671875,1.977374679361741,58.99190104654924,0,0,0.1
core_neuralprophet_frozen_s2026,neuralprophet,frozen,selected,2026,22,2025-06-09 01:00:00,2025-06-10 06:00:00,30,15.29,True,True,47.62590408325195,1.977374679361741,49.60327876261369,0,0,0.1
core_neuralprophet_frozen_s2026,neuralprophet,frozen,selected,2026,22,2025-06-09 01:00:00,2025-06-10 07:00:00,31,14.77,True,True,41.74507522583008,1.977374679361741,43.722449905191816,0,0,0.1
core_neuralprophet_frozen_s2026,neuralprophet,frozen,selected,2026,22,2025-06-09 01:00:00,2025-06-10 08:00:00,32,14.31,True,True,37.2722053527832,1.977374679361741,39.24958003214494,0,0,0.1
core_neuralprophet_frozen_s2026,neuralprophet,frozen,selected,2026,22,2025-06-09 01:00:00,2025-06-10 09:00:00,33,14.16,True,True,41.86219024658203,1.977374679361741,43.83956492594377,0,0,0.1
core_neuralprophet_frozen_s2026,neuralprophet,frozen,selected,2026,22,2025-06-09 01:00:00,2025-06-10 10:00:00,34,15.65,True,True,47.9422607421875,1.977374679361741,49.91963542154924,0,0,0.1
core_neuralprophet_frozen_s2026,neuralprophet,frozen,selected,2026,22,2025-06-09 01:00:00,2025-06-10 11:00:00,35,18.42,True,True,52.65423202514648,1.977374679361741,54.631606704508215,0,0,0.1
core_neuralprophet_frozen_s2026,neuralprophet,frozen,selected,2026,22,2025-06-09 01:00:00,2025-06-10 12:00:00,36,21.21,True,True,64.76232147216797,1.977374679361741,66.73969615152971,0,0,0.1
core_neuralprophet_frozen_s2026,neuralprophet,frozen,selected,2026,22,2025-06-09 01:00:00,2025-06-10 13:00:00,37,23.4,True,True,59.58003616333008,1.977374679361741,61.557410842691816,0,0,0.1
core_neuralprophet_frozen_s2026,neuralprophet,frozen,selected,2026,22,2025-06-09 01:00:00,2025-06-10 14:00:00,38,25.6,True,True,55.23006057739258,1.977374679361741,57.207435256754316,0,0,0.1
core_neuralprophet_frozen_s2026,neuralprophet,frozen,selected,2026,22,2025-06-09 01:00:00,2025-06-10 15:00:00,39,27.41,True,True,57.81005859375,1.977374679361741,59.78743327311174,0,0,0.1
core_neuralprophet_frozen_s2026,neuralprophet,frozen,selected,2026,22,2025-06-09 01:00:00,2025-06-10 16:00:00,40,28.68,True,True,67.44263458251953,1.977374679361741,69.42000926188128,0,0,0.1
core_neuralprophet_frozen_s2026,neuralprophet,frozen,selected,2026,22,2025-06-09 01:00:00,2025-06-10 17:00:00,41,30.87,True,True,64.72748565673828,1.977374679361741,66.70486033610003,0,0,0.1
core_neuralprophet_frozen_s2026,neuralprophet,frozen,selected,2026,22,2025-06-09 01:00:00,2025-06-10 18:00:00,42,33.03,True,True,79.43427276611328,1.977374679361741,81.41164744547503,0,0,0.1
core_neuralprophet_frozen_s2026,neuralprophet,frozen,selected,2026,22,2025-06-09 01:00:00,2025-06-10 19:00:00,43,35.11,True,True,77.2287368774414,1.977374679361741,79.20611155680315,0,0,0.1
core_neuralprophet_frozen_s2026,neuralprophet,frozen,selected,2026,22,2025-06-09 01:00:00,2025-06-10 20:00:00,44,37.22,True,True,86.9037094116211,1.977374679361741,88.88108409098284,0,0,0.1
core_neuralprophet_frozen_s2026,neuralprophet,frozen,selected,2026,22,2025-06-09 01:00:00,2025-06-10 21:00:00,45,39.44,True,True,90.5702667236328,1.977374679361741,92.54764140299454,0,0,0.1
core_neuralprophet_frozen_s2026,neuralprophet,frozen,selected,2026,22,2025-06-09 01:00:00,2025-06-10 22:00:00,46,40.92,True,True,85.19788360595703,1.977374679361741,87.17525828531878,0,0,0.1
core_neuralprophet_frozen_s2026,neuralprophet,frozen,selected,2026,22,2025-06-09 01:00:00,2025-06-10 23:00:00,47,42.62,True,True,90.9785385131836,1.977374679361741,92.95591319254534,0,0,0.1
core_neuralprophet_frozen_s2026,neuralprophet,frozen,selected,2026,22,2025-06-09 01:00:00,2025-06-11 00:00:00,48,46.18,True,True,93.99525451660156,1.977374679361741,95.97262919596331,0,0,0.1
core_neuralprophet_frozen_s2026,neuralprophet,frozen,selected,2026,22,2025-06-09 01:00:00,2025-06-11 01:00:00,49,60.26,True,True,90.93148040771484,1.977374679361741,92.90885508707659,0,0,0.1
core_neuralprophet_frozen_s2026,neuralprophet,frozen,selected,2026,22,2025-06-09 01:00:00,2025-06-11 02:00:00,50,75.14,True,True,97.0858154296875,1.977374679361741,99.06319010904924,0,0,0.1
core_neuralprophet_frozen_s2026,neuralprophet,frozen,selected,2026,22,2025-06-09 01:00:00,2025-06-11 03:00:00,51,98.09,True,True,103.07408142089844,1.977374679361741,105.05145610026018,0,0,0.1
core_neuralprophet_frozen_s2026,neuralprophet,frozen,selected,2026,22,2025-06-09 01:00:00,2025-06-11 04:00:00,52,84.17,True,True,89.01123809814453,1.977374679361741,90.98861277750628,0,0,0.1
core_neuralprophet_frozen_s2026,neuralprophet,frozen,selected,2026,22,2025-06-09 01:00:00,2025-06-11 05:00:00,53,78.78,True,True,81.85971069335938,1.977374679361741,83.83708537272112,0,0,0.1
core_neuralprophet_frozen_s2026,neuralprophet,frozen,selected,2026,22,2025-06-09 01:00:00,2025-06-11 06:00:00,54,84.32,True,True,66.65441131591797,1.977374679361741,68.63178599527971,0,0,0.1
core_neuralprophet_frozen_s2026,neuralprophet,frozen,selected,2026,22,2025-06-09 01:00:00,2025-06-11 07:00:00,55,91.92,True,True,63.66465377807617,1.977374679361741,65.64202845743792,0,0,0.1
core_neuralprophet_frozen_s2026,neuralprophet,frozen,selected,2026,22,2025-06-09 01:00:00,2025-06-11 08:00:00,56,97.34,True,True,69.08769226074219,1.977374679361741,71.06506694010393,0,0,0.1
core_neuralprophet_frozen_s2026,neuralprophet,frozen,selected,2026,22,2025-06-09 01:00:00,2025-06-11 09:00:00,57,99.94,True,True,77.11962890625,1.977374679361741,79.09700358561174,0,0,0.1
core_neuralprophet_frozen_s2026,neuralprophet,frozen,selected,2026,22,2025-06-09 01:00:00,2025-06-11 10:00:00,58,101.17,True,True,57.3164176940918,1.977374679361741,59.293792373453535,0,0,0.1
core_neuralprophet_frozen_s2026,neuralprophet,frozen,selected,2026,22,2025-06-09 01:00:00,2025-06-11 11:00:00,59,101.84,True,True,60.31905364990234,1.977374679361741,62.296428329264074,0,0,0.1
core_neuralprophet_frozen_s2026,neuralprophet,frozen,selected,2026,22,2025-06-09 01:00:00,2025-06-11 12:00:00,60,101.79,True,True,59.62197494506836,1.977374679361741,61.5993496244301,0,0,0.1
core_neuralprophet_frozen_s2026,neuralprophet,frozen,selected,2026,22,2025-06-09 01:00:00,2025-06-11 13:00:00,61,99.36,True,True,64.84513092041016,1.977374679361741,66.8225055997719,0,0,0.1
core_neuralprophet_frozen_s2026,neuralprophet,frozen,selected,2026,22,2025-06-09 01:00:00,2025-06-11 14:00:00,62,96.72,True,True,59.83548355102539,1.977374679361741,61.81285823038713,0,0,0.1
core_neuralprophet_frozen_s2026,neuralprophet,frozen,selected,2026,22,2025-06-09 01:00:00,2025-06-11 15:00:00,63,92.8,True,True,62.40095138549805,1.977374679361741,64.37832606485979,0,0,0.1
core_neuralprophet_frozen_s2026,neuralprophet,frozen,selected,2026,22,2025-06-09 01:00:00,2025-06-11 16:00:00,64,86.85,True,True,62.89492034912109,1.977374679361741,64.87229502848282,0,0,0.1
core_neuralprophet_frozen_s2026,neuralprophet,frozen,selected,2026,22,2025-06-09 01:00:00,2025-06-11 17:00:00,65,81.91,True,True,61.432655334472656,1.977374679361741,63.410030013834394,0,0,0.1
core_neuralprophet_frozen_s2026,neuralprophet,frozen,selected,2026,22,2025-06-09 01:00:00,2025-06-11 18:00:00,66,79.52,True,True,63.0625228881836,1.977374679361741,65.03989756754534,0,0,0.1
core_neuralprophet_frozen_s2026,neuralprophet,frozen,selected,2026,22,2025-06-09 01:00:00,2025-06-11 19:00:00,67,79.06,True,True,60.28776168823242,1.977374679361741,62.26513636759416,0,0,0.1
core_neuralprophet_frozen_s2026,neuralprophet,frozen,selected,2026,22,2025-06-09 01:00:00,2025-06-11 20:00:00,68,79.5,True,True,57.85554885864258,1.977374679361741,59.832923538004316,0,0,0.1
core_neuralprophet_frozen_s2026,neuralprophet,frozen,selected,2026,22,2025-06-09 01:00:00,2025-06-11 21:00:00,69,79.85,True,True,56.1947021484375,1.977374679361741,58.17207682779924,0,0,0.1
core_neuralprophet_frozen_s2026,neuralprophet,frozen,selected,2026,22,2025-06-09 01:00:00,2025-06-11 22:00:00,70,75.8,True,True,57.15463638305664,1.977374679361741,59.13201106241838,0,0,0.1
core_neuralprophet_frozen_s2026,neuralprophet,frozen,selected,2026,22,2025-06-09 01:00:00,2025-06-11 23:00:00,71,68.71,True,True,63.27425384521485,1.977374679361741,65.25162852457659,0,0,0.1
core_neuralprophet_frozen_s2026,neuralprophet,frozen,selected,2026,22,2025-06-09 01:00:00,2025-06-12 00:00:00,72,62.9,True,True,59.146331787109375,1.977374679361741,61.12370646647111,0,0,0.1
core_neuralprophet_frozen_s2026,neuralprophet,frozen,selected,2026,22,2025-06-09 01:00:00,2025-06-12 01:00:00,73,59.25,True,True,61.14938354492188,1.977374679361741,63.12675822428362,0,0,0.1
core_neuralprophet_frozen_s2026,neuralprophet,frozen,selected,2026,22,2025-06-09 01:00:00,2025-06-12 02:00:00,74,59.6,True,True,72.7041015625,1.977374679361741,74.68147624186174,0,0,0.1
core_neuralprophet_frozen_s2026,neuralprophet,frozen,selected,2026,22,2025-06-09 01:00:00,2025-06-12 03:00:00,75,66.62,True,True,68.55461883544922,1.977374679361741,70.53199351481096,0,0,0.1
core_neuralprophet_frozen_s2026,neuralprophet,frozen,selected,2026,22,2025-06-09 01:00:00,2025-06-12 04:00:00,76,73.98,True,True,76.01537322998047,1.977374679361741,77.99274790934221,0,0,0.1
core_neuralprophet_frozen_s2026,neuralprophet,frozen,selected,2026,22,2025-06-09 01:00:00,2025-06-12 05:00:00,77,75.26,True,True,68.9861831665039,1.977374679361741,70.96355784586565,0,0,0.1
core_neuralprophet_frozen_s2026,neuralprophet,frozen,selected,2026,22,2025-06-09 01:00:00,2025-06-12 06:00:00,78,73.21,True,True,54.80824661254883,1.977374679361741,56.785621291910566,0,0,0.1
core_neuralprophet_frozen_s2026,neuralprophet,frozen,selected,2026,22,2025-06-09 01:00:00,2025-06-12 07:00:00,79,72.03,True,True,45.00212860107422,1.977374679361741,46.97950328043596,0,0,0.1
core_neuralprophet_frozen_s2026,neuralprophet,frozen,selected,2026,22,2025-06-09 01:00:00,2025-06-12 08:00:00,80,72.25,True,True,67.52718353271484,1.977374679361741,69.50455821207659,0,0,0.1
core_neuralprophet_frozen_s2026,neuralprophet,frozen,selected,2026,22,2025-06-09 01:00:00,2025-06-12 09:00:00,81,74.2,True,True,53.2447624206543,1.977374679361741,55.222137100016035,0,0,0.1
core_neuralprophet_frozen_s2026,neuralprophet,frozen,selected,2026,22,2025-06-09 01:00:00,2025-06-12 10:00:00,82,76.94,True,True,57.60934829711914,1.977374679361741,59.58672297648088,0,0,0.1
core_neuralprophet_frozen_s2026,neuralprophet,frozen,selected,2026,22,2025-06-09 01:00:00,2025-06-12 11:00:00,83,79.41,True,True,49.26375961303711,1.977374679361741,51.24113429239885,0,0,0.1
core_neuralprophet_frozen_s2026,neuralprophet,frozen,selected,2026,22,2025-06-09 01:00:00,2025-06-12 12:00:00,84,80.37,True,True,58.29275894165039,1.977374679361741,60.27013362101213,0,0,0.1
core_neuralprophet_frozen_s2026,neuralprophet,frozen,selected,2026,22,2025-06-09 01:00:00,2025-06-12 13:00:00,85,78.5,True,True,48.51660919189453,1.977374679361741,50.49398387125627,0,0,0.1
core_neuralprophet_frozen_s2026,neuralprophet,frozen,selected,2026,22,2025-06-09 01:00:00,2025-06-12 14:00:00,86,75.41,True,True,42.57585906982422,1.977374679361741,44.55323374918596,0,0,0.1
core_neuralprophet_frozen_s2026,neuralprophet,frozen,selected,2026,22,2025-06-09 01:00:00,2025-06-12 15:00:00,87,70.32,True,True,49.41843795776367,1.977374679361741,51.39581263712541,0,0,0.1
core_neuralprophet_frozen_s2026,neuralprophet,frozen,selected,2026,22,2025-06-09 01:00:00,2025-06-12 16:00:00,88,64.01,True,True,43.85359954833984,1.977374679361741,45.830974227701574,0,0,0.1
core_neuralprophet_frozen_s2026,neuralprophet,frozen,selected,2026,22,2025-06-09 01:00:00,2025-06-12 17:00:00,89,60.76,True,True,46.412872314453125,1.977374679361741,48.39024699381486,0,0,0.1
core_neuralprophet_frozen_s2026,neuralprophet,frozen,selected,2026,22,2025-06-09 01:00:00,2025-06-12 18:00:00,90,60.36,True,True,60.75147247314453,1.977374679361741,62.72884715250627,0,0,0.1
core_neuralprophet_frozen_s2026,neuralprophet,frozen,selected,2026,22,2025-06-09 01:00:00,2025-06-12 19:00:00,91,61.03,True,True,49.32002639770508,1.977374679361741,51.297401077066816,0,0,0.1
core_neuralprophet_frozen_s2026,neuralprophet,frozen,selected,2026,22,2025-06-09 01:00:00,2025-06-12 20:00:00,92,62.91,True,True,56.53727340698242,1.977374679361741,58.51464808634416,0,0,0.1
core_neuralprophet_frozen_s2026,neuralprophet,frozen,selected,2026,22,2025-06-09 01:00:00,2025-06-12 21:00:00,93,64.59,True,True,73.14366149902344,1.977374679361741,75.12103617838518,0,0,0.1
core_neuralprophet_frozen_s2026,neuralprophet,frozen,selected,2026,22,2025-06-09 01:00:00,2025-06-12 22:00:00,94,64.79,True,True,76.81010437011719,1.977374679361741,78.78747904947893,0,0,0.1
core_neuralprophet_frozen_s2026,neuralprophet,frozen,selected,2026,22,2025-06-09 01:00:00,2025-06-12 23:00:00,95,63.91,True,True,81.56050872802734,1.977374679361741,83.53788340738909,0,0,0.1
core_neuralprophet_frozen_s2026,neuralprophet,frozen,selected,2026,22,2025-06-09 01:00:00,2025-06-13 00:00:00,96,63.63,True,True,86.4429702758789,1.977374679361741,88.42034495524065,0,0,0.1
core_neuralprophet_frozen_s2026,neuralprophet,frozen,selected,2026,22,2025-06-09 01:00:00,2025-06-13 01:00:00,97,66.41,True,True,94.32645416259766,1.977374679361741,96.3038288419594,0,0,0.1
core_neuralprophet_frozen_s2026,neuralprophet,frozen,selected,2026,22,2025-06-09 01:00:00,2025-06-13 02:00:00,98,71.33,True,True,99.68042755126952,1.977374679361741,101.65780223063126,0,0,0.1
core_neuralprophet_frozen_s2026,neuralprophet,frozen,selected,2026,22,2025-06-09 01:00:00,2025-06-13 03:00:00,99,82.48,True,True,96.8439712524414,1.977374679361741,98.82134593180315,0,0,0.1
core_neuralprophet_frozen_s2026,neuralprophet,frozen,selected,2026,22,2025-06-09 01:00:00,2025-06-13 04:00:00,100,94.66,True,True,98.31529998779295,1.977374679361741,100.2926746671547,0,0,0.1
core_neuralprophet_frozen_s2026,neuralprophet,frozen,selected,2026,22,2025-06-09 01:00:00,2025-06-13 05:00:00,101,95.64,True,True,97.11636352539062,1.977374679361741,99.09373820475237,0,0,0.1
core_neuralprophet_frozen_s2026,neuralprophet,frozen,selected,2026,22,2025-06-09 01:00:00,2025-06-13 06:00:00,102,89.85,True,True,93.41797637939452,1.977374679361741,95.39535105875626,0,0,0.1
core_neuralprophet_frozen_s2026,neuralprophet,frozen,selected,2026,22,2025-06-09 01:00:00,2025-06-13 07:00:00,103,85.13,True,True,78.57694244384766,1.977374679361741,80.5543171232094,0,0,0.1
core_neuralprophet_frozen_s2026,neuralprophet,frozen,selected,2026,22,2025-06-09 01:00:00,2025-06-13 08:00:00,104,81.83,True,True,112.76882934570312,1.977374679361741,114.74620402506487,0,0,0.1
core_neuralprophet_frozen_s2026,neuralprophet,frozen,selected,2026,22,2025-06-09 01:00:00,2025-06-13 09:00:00,105,80.16,True,True,86.26244354248047,1.977374679361741,88.23981822184221,0,0,0.1
core_neuralprophet_frozen_s2026,neuralprophet,frozen,selected,2026,22,2025-06-09 01:00:00,2025-06-13 10:00:00,106,81.73,True,True,93.05982208251952,1.977374679361741,95.03719676188126,0,0,0.1
core_neuralprophet_frozen_s2026,neuralprophet,frozen,selected,2026,22,2025-06-09 01:00:00,2025-06-13 11:00:00,107,85.72,True,True,102.1544189453125,1.977374679361741,104.13179362467424,0,0,0.1
core_neuralprophet_frozen_s2026,neuralprophet,frozen,selected,2026,22,2025-06-09 01:00:00,2025-06-13 12:00:00,108,89.84,True,True,113.74909210205078,1.977374679361741,115.72646678141253,0,0,0.1
core_neuralprophet_frozen_s2026,neuralprophet,frozen,selected,2026,22,2025-06-09 01:00:00,2025-06-13 13:00:00,109,93.15,True,True,119.00518798828124,1.977374679361741,120.98256266764298,0,0,0.1
core_neuralprophet_frozen_s2026,neuralprophet,frozen,selected,2026,22,2025-06-09 01:00:00,2025-06-13 14:00:00,110,96.12,True,True,115.6685028076172,1.977374679361741,117.64587748697895,0,0,0.1
core_neuralprophet_frozen_s2026,neuralprophet,frozen,selected,2026,22,2025-06-09 01:00:00,2025-06-13 15:00:00,111,96.41,True,True,113.8198471069336,1.977374679361741,115.79722178629534,0,0,0.1
core_neuralprophet_frozen_s2026,neuralprophet,frozen,selected,2026,22,2025-06-09 01:00:00,2025-06-13 16:00:00,112,93.86,True,True,100.88542938232422,1.977374679361741,102.86280406168596,0,0,0.1
core_neuralprophet_frozen_s2026,neuralprophet,frozen,selected,2026,22,2025-06-09 01:00:00,2025-06-13 17:00:00,113,83.3,True,True,99.94554138183594,1.977374679361741,101.92291606119768,0,0,0.1
core_neuralprophet_frozen_s2026,neuralprophet,frozen,selected,2026,22,2025-06-09 01:00:00,2025-06-13 18:00:00,114,75.73,True,True,111.4167022705078,1.977374679361741,113.39407694986954,0,0,0.1
core_neuralprophet_frozen_s2026,neuralprophet,frozen,selected,2026,22,2025-06-09 01:00:00,2025-06-13 19:00:00,115,71.15,True,True,103.72327423095705,1.977374679361741,105.70064891031879,0,0,0.1
core_neuralprophet_frozen_s2026,neuralprophet,frozen,selected,2026,22,2025-06-09 01:00:00,2025-06-13 20:00:00,116,68.65,True,True,104.77230834960938,1.977374679361741,106.74968302897112,0,0,0.1
core_neuralprophet_frozen_s2026,neuralprophet,frozen,selected,2026,22,2025-06-09 01:00:00,2025-06-13 21:00:00,117,68.08,True,True,101.30957794189452,1.977374679361741,103.28695262125626,0,0,0.1
core_neuralprophet_frozen_s2026,neuralprophet,frozen,selected,2026,22,2025-06-09 01:00:00,2025-06-13 22:00:00,118,66.61,True,True,110.20199584960938,1.977374679361741,112.17937052897112,0,0,0.1
core_neuralprophet_frozen_s2026,neuralprophet,frozen,selected,2026,22,2025-06-09 01:00:00,2025-06-13 23:00:00,119,63.17,True,True,119.28845977783205,1.977374679361741,121.26583445719379,0,0,0.1
core_neuralprophet_frozen_s2026,neuralprophet,frozen,selected,2026,22,2025-06-09 01:00:00,2025-06-14 00:00:00,120,62.69,True,True,123.4516830444336,1.977374679361741,125.42905772379534,0,0,0.1
core_neuralprophet_frozen_s2026,neuralprophet,frozen,selected,2026,22,2025-06-09 01:00:00,2025-06-14 01:00:00,121,63.99,True,True,104.06855010986328,1.977374679361741,106.04592478922503,0,0,0.1
core_neuralprophet_frozen_s2026,neuralprophet,frozen,selected,2026,22,2025-06-09 01:00:00,2025-06-14 02:00:00,122,63.91,True,True,118.1513671875,1.977374679361741,120.12874186686174,0,0,0.1
core_neuralprophet_frozen_s2026,neuralprophet,frozen,selected,2026,22,2025-06-09 01:00:00,2025-06-14 03:00:00,123,66.76,True,True,118.96795654296876,1.977374679361741,120.94533122233051,0,0,0.1
core_neuralprophet_frozen_s2026,neuralprophet,frozen,selected,2026,22,2025-06-09 01:00:00,2025-06-14 04:00:00,124,68.52,True,True,131.5387725830078,1.977374679361741,133.51614726236954,0,0,0.1
core_neuralprophet_frozen_s2026,neuralprophet,frozen,selected,2026,22,2025-06-09 01:00:00,2025-06-14 05:00:00,125,66.03,True,True,115.61450958251952,1.977374679361741,117.59188426188126,0,0,0.1
core_neuralprophet_frozen_s2026,neuralprophet,frozen,selected,2026,22,2025-06-09 01:00:00,2025-06-14 06:00:00,126,62.59,True,True,111.19922637939452,1.977374679361741,113.17660105875626,0,0,0.1
core_neuralprophet_frozen_s2026,neuralprophet,frozen,selected,2026,22,2025-06-09 01:00:00,2025-06-14 07:00:00,127,59.91,True,True,103.94519805908205,1.977374679361741,105.92257273844379,0,0,0.1
core_neuralprophet_frozen_s2026,neuralprophet,frozen,selected,2026,22,2025-06-09 01:00:00,2025-06-14 08:00:00,128,58.87,True,True,108.06623077392578,1.977374679361741,110.04360545328753,0,0,0.1
core_neuralprophet_frozen_s2026,neuralprophet,frozen,selected,2026,22,2025-06-09 01:00:00,2025-06-14 09:00:00,129,59.09,True,True,101.8988037109375,1.977374679361741,103.87617839029924,0,0,0.1
core_neuralprophet_frozen_s2026,neuralprophet,frozen,selected,2026,22,2025-06-09 01:00:00,2025-06-14 10:00:00,130,60.27,True,True,99.97624969482422,1.977374679361741,101.95362437418596,0,0,0.1
core_neuralprophet_frozen_s2026,neuralprophet,frozen,selected,2026,22,2025-06-09 01:00:00,2025-06-14 11:00:00,131,63.47,True,True,102.13187408447266,1.977374679361741,104.1092487638344,0,0,0.1
core_neuralprophet_frozen_s2026,neuralprophet,frozen,selected,2026,22,2025-06-09 01:00:00,2025-06-14 12:00:00,132,67.83,True,True,100.0648422241211,1.977374679361741,102.04221690348284,0,0,0.1
core_neuralprophet_frozen_s2026,neuralprophet,frozen,selected,2026,22,2025-06-09 01:00:00,2025-06-14 13:00:00,133,72.6,True,True,108.06139373779295,1.977374679361741,110.0387684171547,0,0,0.1
core_neuralprophet_frozen_s2026,neuralprophet,frozen,selected,2026,22,2025-06-09 01:00:00,2025-06-14 14:00:00,134,76.78,True,True,100.02413940429688,1.977374679361741,102.00151408365862,0,0,0.1
core_neuralprophet_frozen_s2026,neuralprophet,frozen,selected,2026,22,2025-06-09 01:00:00,2025-06-14 15:00:00,135,80.37,True,True,91.28005981445312,1.977374679361741,93.25743449381487,0,0,0.1
core_neuralprophet_frozen_s2026,neuralprophet,frozen,selected,2026,22,2025-06-09 01:00:00,2025-06-14 16:00:00,136,82.35,True,True,108.6333465576172,1.977374679361741,110.61072123697895,0,0,0.1
core_neuralprophet_frozen_s2026,neuralprophet,frozen,selected,2026,22,2025-06-09 01:00:00,2025-06-14 17:00:00,137,84.18,True,True,107.33109283447266,1.977374679361741,109.3084675138344,0,0,0.1
core_neuralprophet_frozen_s2026,neuralprophet,frozen,selected,2026,22,2025-06-09 01:00:00,2025-06-14 18:00:00,138,87.05,True,True,118.43030548095705,1.977374679361741,120.40768016031879,0,0,0.1
core_neuralprophet_frozen_s2026,neuralprophet,frozen,selected,2026,22,2025-06-09 01:00:00,2025-06-14 19:00:00,139,93.04,True,True,108.584716796875,1.977374679361741,110.56209147623674,0,0,0.1
core_neuralprophet_frozen_s2026,neuralprophet,frozen,selected,2026,22,2025-06-09 01:00:00,2025-06-14 20:00:00,140,99.01,True,True,121.72898864746094,1.977374679361741,123.70636332682268,0,0,0.1
core_neuralprophet_frozen_s2026,neuralprophet,frozen,selected,2026,22,2025-06-09 01:00:00,2025-06-14 21:00:00,141,103.9,True,True,114.24236297607422,1.977374679361741,116.21973765543596,0,0,0.1
core_neuralprophet_frozen_s2026,neuralprophet,frozen,selected,2026,22,2025-06-09 01:00:00,2025-06-14 22:00:00,142,107.77,True,True,116.43999481201172,1.977374679361741,118.41736949137346,0,0,0.1
core_neuralprophet_frozen_s2026,neuralprophet,frozen,selected,2026,22,2025-06-09 01:00:00,2025-06-14 23:00:00,143,109.7,True,True,99.66240692138672,1.977374679361741,101.63978160074846,0,0,0.1
core_neuralprophet_frozen_s2026,neuralprophet,frozen,selected,2026,22,2025-06-09 01:00:00,2025-06-15 00:00:00,144,108.51,True,True,105.21778106689452,1.977374679361741,107.19515574625626,0,0,0.1
core_neuralprophet_frozen_s2026,neuralprophet,frozen,selected,2026,22,2025-06-09 01:00:00,2025-06-15 01:00:00,145,78.38,True,True,105.76516723632812,1.977374679361741,107.74254191568987,0,0,0.1
core_neuralprophet_frozen_s2026,neuralprophet,frozen,selected,2026,22,2025-06-09 01:00:00,2025-06-15 02:00:00,146,55.37,True,True,101.68695068359376,1.977374679361741,103.66432536295551,0,0,0.1
core_neuralprophet_frozen_s2026,neuralprophet,frozen,selected,2026,22,2025-06-09 01:00:00,2025-06-15 03:00:00,147,45.04,True,True,100.24465942382812,1.977374679361741,102.22203410318987,0,0,0.1
core_neuralprophet_frozen_s2026,neuralprophet,frozen,selected,2026,22,2025-06-09 01:00:00,2025-06-15 04:00:00,148,16.64,True,True,80.05767822265625,1.977374679361741,82.035052902018,0,0,0.1
core_neuralprophet_frozen_s2026,neuralprophet,frozen,selected,2026,22,2025-06-09 01:00:00,2025-06-15 05:00:00,149,9.68,True,True,80.35657501220703,1.977374679361741,82.33394969156878,0,0,0.1
core_neuralprophet_frozen_s2026,neuralprophet,frozen,selected,2026,22,2025-06-09 01:00:00,2025-06-15 06:00:00,150,8.31,True,True,68.36890411376953,1.977374679361741,70.34627879313128,0,0,0.1
core_neuralprophet_frozen_s2026,neuralprophet,frozen,selected,2026,22,2025-06-09 01:00:00,2025-06-15 07:00:00,151,7.98,True,True,54.16648864746094,1.977374679361741,56.143863326822675,0,0,0.1
core_neuralprophet_frozen_s2026,neuralprophet,frozen,selected,2026,22,2025-06-09 01:00:00,2025-06-15 08:00:00,152,8.07,True,True,66.873779296875,1.977374679361741,68.85115397623674,0,0,0.1
core_neuralprophet_frozen_s2026,neuralprophet,frozen,selected,2026,22,2025-06-09 01:00:00,2025-06-15 09:00:00,153,7.99,True,True,64.81243896484375,1.977374679361741,66.7898136442055,0,0,0.1
core_neuralprophet_frozen_s2026,neuralprophet,frozen,selected,2026,22,2025-06-09 01:00:00,2025-06-15 10:00:00,154,7.95,True,True,55.378509521484375,1.977374679361741,57.35588420084611,0,0,0.1
core_neuralprophet_frozen_s2026,neuralprophet,frozen,selected,2026,22,2025-06-09 01:00:00,2025-06-15 11:00:00,155,7.65,True,True,55.49103927612305,1.977374679361741,57.468413955484785,0,0,0.1
core_neuralprophet_frozen_s2026,neuralprophet,frozen,selected,2026,22,2025-06-09 01:00:00,2025-06-15 12:00:00,156,6.58,True,True,71.6357421875,1.977374679361741,73.61311686686174,0,0,0.1
core_neuralprophet_frozen_s2026,neuralprophet,frozen,selected,2026,22,2025-06-09 01:00:00,2025-06-15 13:00:00,157,5.75,True,True,73.64366149902344,1.977374679361741,75.62103617838518,0,0,0.1
core_neuralprophet_frozen_s2026,neuralprophet,frozen,selected,2026,22,2025-06-09 01:00:00,2025-06-15 14:00:00,158,5.51,True,True,64.8149185180664,1.977374679361741,66.79229319742815,0,0,0.1
core_neuralprophet_frozen_s2026,neuralprophet,frozen,selected,2026,22,2025-06-09 01:00:00,2025-06-15 15:00:00,159,5.25,True,True,55.87982940673828,1.977374679361741,57.85720408610002,0,0,0.1
core_neuralprophet_frozen_s2026,neuralprophet,frozen,selected,2026,22,2025-06-09 01:00:00,2025-06-15 16:00:00,160,4.8,True,True,68.17868041992188,1.977374679361741,70.15605509928362,0,0,0.1
core_neuralprophet_frozen_s2026,neuralprophet,frozen,selected,2026,22,2025-06-09 01:00:00,2025-06-15 17:00:00,161,4.56,True,True,68.76734924316406,1.977374679361741,70.74472392252581,0,0,0.1
core_neuralprophet_frozen_s2026,neuralprophet,frozen,selected,2026,22,2025-06-09 01:00:00,2025-06-15 18:00:00,162,4.45,True,True,73.35023498535156,1.977374679361741,75.32760966471331,0,0,0.1
core_neuralprophet_frozen_s2026,neuralprophet,frozen,selected,2026,22,2025-06-09 01:00:00,2025-06-15 19:00:00,163,4.35,True,True,83.25373840332031,1.977374679361741,85.23111308268206,0,0,0.1
core_neuralprophet_frozen_s2026,neuralprophet,frozen,selected,2026,22,2025-06-09 01:00:00,2025-06-15 20:00:00,164,4.28,True,True,74.82987976074219,1.977374679361741,76.80725444010393,0,0,0.1
core_neuralprophet_frozen_s2026,neuralprophet,frozen,selected,2026,22,2025-06-09 01:00:00,2025-06-15 21:00:00,165,4.25,True,True,74.71215057373047,1.977374679361741,76.68952525309221,0,0,0.1
core_neuralprophet_frozen_s2026,neuralprophet,frozen,selected,2026,22,2025-06-09 01:00:00,2025-06-15 22:00:00,166,4.37,True,True,85.31182098388672,1.977374679361741,87.28919566324846,0,0,0.1
core_neuralprophet_frozen_s2026,neuralprophet,frozen,selected,2026,22,2025-06-09 01:00:00,2025-06-15 23:00:00,167,4.76,True,True,70.01875305175781,1.977374679361741,71.99612773111956,0,0,0.1
core_neuralprophet_frozen_s2026,neuralprophet,frozen,selected,2026,22,2025-06-09 01:00:00,2025-06-16 00:00:00,168,5.25,True,True,72.33100128173828,1.977374679361741,74.30837596110003,0,0,0.1
core_neuralprophet_frozen_s2026,neuralprophet,frozen,selected,2026,23,2025-06-16 01:00:00,2025-06-16 01:00:00,1,5.48,True,True,16.839292526245117,-0.3546722055724332,16.484620320672683,0,0,0.1
core_neuralprophet_frozen_s2026,neuralprophet,frozen,selected,2026,23,2025-06-16 01:00:00,2025-06-16 02:00:00,2,5.18,True,True,38.14827728271485,-0.3546722055724332,37.793605077142416,0,0,0.1
core_neuralprophet_frozen_s2026,neuralprophet,frozen,selected,2026,23,2025-06-16 01:00:00,2025-06-16 03:00:00,3,4.44,True,True,27.3287410736084,-0.3546722055724332,26.974068868035964,0,0,0.1
core_neuralprophet_frozen_s2026,neuralprophet,frozen,selected,2026,23,2025-06-16 01:00:00,2025-06-16 04:00:00,4,2.25,True,True,19.78921127319336,-0.3546722055724332,19.434539067620925,0,0,0.1
core_neuralprophet_frozen_s2026,neuralprophet,frozen,selected,2026,23,2025-06-16 01:00:00,2025-06-16 05:00:00,5,2.03,True,True,14.536704063415527,-0.3546722055724332,14.182031857843095,0,0,0.1
core_neuralprophet_frozen_s2026,neuralprophet,frozen,selected,2026,23,2025-06-16 01:00:00,2025-06-16 06:00:00,6,2.09,True,True,8.909941673278809,-0.3546722055724332,8.555269467706376,0,0,0.1
core_neuralprophet_frozen_s2026,neuralprophet,frozen,selected,2026,23,2025-06-16 01:00:00,2025-06-16 07:00:00,7,2.23,True,True,1.2352964878082275,-0.3546722055724332,0.8806242822357944,0,0,0.1
core_neuralprophet_frozen_s2026,neuralprophet,frozen,selected,2026,23,2025-06-16 01:00:00,2025-06-16 08:00:00,8,2.38,True,True,10.226029396057127,-0.3546722055724332,9.871357190484694,0,0,0.1
core_neuralprophet_frozen_s2026,neuralprophet,frozen,selected,2026,23,2025-06-16 01:00:00,2025-06-16 09:00:00,9,2.53,True,True,7.13728141784668,-0.3546722055724332,6.782609212274247,0,0,0.1
core_neuralprophet_frozen_s2026,neuralprophet,frozen,selected,2026,23,2025-06-16 01:00:00,2025-06-16 10:00:00,10,3.46,True,True,-0.0398823022842407,-0.3546722055724332,-0.3945545078566739,0,0,0.1
core_neuralprophet_frozen_s2026,neuralprophet,frozen,selected,2026,23,2025-06-16 01:00:00,2025-06-16 11:00:00,11,5.08,True,True,5.930877208709717,-0.3546722055724332,5.576205003137284,0,0,0.1
core_neuralprophet_frozen_s2026,neuralprophet,frozen,selected,2026,23,2025-06-16 01:00:00,2025-06-16 12:00:00,12,6.66,True,True,6.193096160888672,-0.3546722055724332,5.838423955316239,0,0,0.1
core_neuralprophet_frozen_s2026,neuralprophet,frozen,selected,2026,23,2025-06-16 01:00:00,2025-06-16 13:00:00,13,7.77,True,True,4.101703643798828,-0.3546722055724332,3.747031438226395,0,0,0.1
core_neuralprophet_frozen_s2026,neuralprophet,frozen,selected,2026,23,2025-06-16 01:00:00,2025-06-16 14:00:00,14,8.71,True,True,7.421131610870361,-0.3546722055724332,7.066459405297929,0,0,0.1
core_neuralprophet_frozen_s2026,neuralprophet,frozen,selected,2026,23,2025-06-16 01:00:00,2025-06-16 15:00:00,15,9.49,True,True,0.5080854296684265,-0.3546722055724332,0.15341322409599334,0,0,0.1
core_neuralprophet_frozen_s2026,neuralprophet,frozen,selected,2026,23,2025-06-16 01:00:00,2025-06-16 16:00:00,16,10.15,True,True,11.578817367553713,-0.3546722055724332,11.22414516198128,0,0,0.1
core_neuralprophet_frozen_s2026,neuralprophet,frozen,selected,2026,23,2025-06-16 01:00:00,2025-06-16 17:00:00,17,11.29,True,True,11.955798149108888,-0.3546722055724332,11.601125943536456,0,0,0.1
core_neuralprophet_frozen_s2026,neuralprophet,frozen,selected,2026,23,2025-06-16 01:00:00,2025-06-16 18:00:00,18,12.97,True,True,12.012064933776855,-0.3546722055724332,11.657392728204423,0,0,0.1
core_neuralprophet_frozen_s2026,neuralprophet,frozen,selected,2026,23,2025-06-16 01:00:00,2025-06-16 19:00:00,19,14.77,True,True,24.979341506958008,-0.3546722055724332,24.624669301385573,0,0,0.1
core_neuralprophet_frozen_s2026,neuralprophet,frozen,selected,2026,23,2025-06-16 01:00:00,2025-06-16 20:00:00,20,16.29,True,True,22.330177307128903,-0.3546722055724332,21.975505101556468,0,0,0.1
core_neuralprophet_frozen_s2026,neuralprophet,frozen,selected,2026,23,2025-06-16 01:00:00,2025-06-16 21:00:00,21,17.54,True,True,28.034320831298828,-0.3546722055724332,27.679648625726394,0,0,0.1
core_neuralprophet_frozen_s2026,neuralprophet,frozen,selected,2026,23,2025-06-16 01:00:00,2025-06-16 22:00:00,22,18.01,True,True,36.31728744506836,-0.3546722055724332,35.962615239495925,0,0,0.1
core_neuralprophet_frozen_s2026,neuralprophet,frozen,selected,2026,23,2025-06-16 01:00:00,2025-06-16 23:00:00,23,18.3,True,True,23.232316970825195,-0.3546722055724332,22.87764476525276,0,0,0.1
core_neuralprophet_frozen_s2026,neuralprophet,frozen,selected,2026,23,2025-06-16 01:00:00,2025-06-17 00:00:00,24,19.5,True,True,30.811355590820312,-0.3546722055724332,30.456683385247878,0,0,0.1
core_neuralprophet_frozen_s2026,neuralprophet,frozen,selected,2026,23,2025-06-16 01:00:00,2025-06-17 01:00:00,25,22.85,True,True,35.00739288330078,-0.3546722055724332,34.65272067772835,0,0,0.1
core_neuralprophet_frozen_s2026,neuralprophet,frozen,selected,2026,23,2025-06-16 01:00:00,2025-06-17 02:00:00,26,28.34,True,True,38.64229202270508,-0.3546722055724332,38.287619817132644,0,0,0.1
core_neuralprophet_frozen_s2026,neuralprophet,frozen,selected,2026,23,2025-06-16 01:00:00,2025-06-17 03:00:00,27,40.45,True,True,43.3306884765625,-0.3546722055724332,42.976016270990065,0,0,0.1
core_neuralprophet_frozen_s2026,neuralprophet,frozen,selected,2026,23,2025-06-16 01:00:00,2025-06-17 04:00:00,28,46.02,True,True,36.18621063232422,-0.3546722055724332,35.831538426751784,0,0,0.1
core_neuralprophet_frozen_s2026,neuralprophet,frozen,selected,2026,23,2025-06-16 01:00:00,2025-06-17 05:00:00,29,52.47,True,True,32.57121658325195,-0.3546722055724332,32.21654437767952,0,0,0.1
core_neuralprophet_frozen_s2026,neuralprophet,frozen,selected,2026,23,2025-06-16 01:00:00,2025-06-17 06:00:00,30,53.46,True,True,19.808799743652344,-0.3546722055724332,19.45412753807991,0,0,0.1
core_neuralprophet_frozen_s2026,neuralprophet,frozen,selected,2026,23,2025-06-16 01:00:00,2025-06-17 07:00:00,31,31.18,True,True,9.625470161437988,-0.3546722055724332,9.270797955865556,0,0,0.1
core_neuralprophet_frozen_s2026,neuralprophet,frozen,selected,2026,23,2025-06-16 01:00:00,2025-06-17 08:00:00,32,21.99,True,True,17.871570587158203,-0.3546722055724332,17.51689838158577,0,0,0.1
core_neuralprophet_frozen_s2026,neuralprophet,frozen,selected,2026,23,2025-06-16 01:00:00,2025-06-17 09:00:00,33,20.8,True,True,8.233795166015625,-0.3546722055724332,7.879122960443192,0,0,0.1
core_neuralprophet_frozen_s2026,neuralprophet,frozen,selected,2026,23,2025-06-16 01:00:00,2025-06-17 10:00:00,34,22.03,True,True,26.47706794738769,-0.3546722055724332,26.122395741815257,0,0,0.1
core_neuralprophet_frozen_s2026,neuralprophet,frozen,selected,2026,23,2025-06-16 01:00:00,2025-06-17 11:00:00,35,23.63,True,True,20.816082000732425,-0.3546722055724332,20.46140979515999,0,0,0.1
core_neuralprophet_frozen_s2026,neuralprophet,frozen,selected,2026,23,2025-06-16 01:00:00,2025-06-17 12:00:00,36,24.23,True,True,30.20959854125977,-0.3546722055724332,29.854926335687335,0,0,0.1
core_neuralprophet_frozen_s2026,neuralprophet,frozen,selected,2026,23,2025-06-16 01:00:00,2025-06-17 13:00:00,37,24.31,True,True,24.24213981628418,-0.3546722055724332,23.887467610711745,0,0,0.1
core_neuralprophet_frozen_s2026,neuralprophet,frozen,selected,2026,23,2025-06-16 01:00:00,2025-06-17 14:00:00,38,26.22,True,True,37.62771987915039,-0.3546722055724332,37.273047673577956,0,0,0.1
core_neuralprophet_frozen_s2026,neuralprophet,frozen,selected,2026,23,2025-06-16 01:00:00,2025-06-17 15:00:00,39,29.48,True,True,30.91332054138184,-0.3546722055724332,30.558648335809405,0,0,0.1
core_neuralprophet_frozen_s2026,neuralprophet,frozen,selected,2026,23,2025-06-16 01:00:00,2025-06-17 16:00:00,40,32.99,True,True,45.78754425048828,-0.3546722055724332,45.43287204491585,0,0,0.1
core_neuralprophet_frozen_s2026,neuralprophet,frozen,selected,2026,23,2025-06-16 01:00:00,2025-06-17 17:00:00,41,36.36,True,True,49.913360595703125,-0.3546722055724332,49.55868839013069,0,0,0.1
core_neuralprophet_frozen_s2026,neuralprophet,frozen,selected,2026,23,2025-06-16 01:00:00,2025-06-17 18:00:00,42,39.55,True,True,54.73162841796875,-0.3546722055724332,54.376956212396315,0,0,0.1
core_neuralprophet_frozen_s2026,neuralprophet,frozen,selected,2026,23,2025-06-16 01:00:00,2025-06-17 19:00:00,43,43.07,True,True,58.93774032592773,-0.3546722055724332,58.58306812035529,0,0,0.1
core_neuralprophet_frozen_s2026,neuralprophet,frozen,selected,2026,23,2025-06-16 01:00:00,2025-06-17 20:00:00,44,46.8,True,True,65.63761138916016,-0.3546722055724332,65.28293918358773,0,0,0.1
core_neuralprophet_frozen_s2026,neuralprophet,frozen,selected,2026,23,2025-06-16 01:00:00,2025-06-17 21:00:00,45,50.48,True,True,73.27046203613281,-0.3546722055724332,72.91578983056039,0,0,0.1
core_neuralprophet_frozen_s2026,neuralprophet,frozen,selected,2026,23,2025-06-16 01:00:00,2025-06-17 22:00:00,46,53.37,True,True,68.91827392578125,-0.3546722055724332,68.56360172020882,0,0,0.1
core_neuralprophet_frozen_s2026,neuralprophet,frozen,selected,2026,23,2025-06-16 01:00:00,2025-06-17 23:00:00,47,56.24,True,True,83.24420166015625,-0.3546722055724332,82.88952945458382,0,0,0.1
core_neuralprophet_frozen_s2026,neuralprophet,frozen,selected,2026,23,2025-06-16 01:00:00,2025-06-18 00:00:00,48,59.75,True,True,83.93541717529297,-0.3546722055724332,83.58074496972054,0,0,0.1
core_neuralprophet_frozen_s2026,neuralprophet,frozen,selected,2026,23,2025-06-16 01:00:00,2025-06-18 01:00:00,49,69.21,True,True,94.45455169677734,-0.3546722055724332,94.09987949120492,0,0,0.1
core_neuralprophet_frozen_s2026,neuralprophet,frozen,selected,2026,23,2025-06-16 01:00:00,2025-06-18 02:00:00,50,76.38,True,True,94.21780395507812,-0.3546722055724332,93.8631317495057,0,0,0.1
core_neuralprophet_frozen_s2026,neuralprophet,frozen,selected,2026,23,2025-06-16 01:00:00,2025-06-18 03:00:00,51,85.89,True,True,92.05606842041016,-0.3546722055724332,91.70139621483773,0,0,0.1
core_neuralprophet_frozen_s2026,neuralprophet,frozen,selected,2026,23,2025-06-16 01:00:00,2025-06-18 04:00:00,52,97.85,True,True,86.91889953613281,-0.3546722055724332,86.56422733056039,0,0,0.1
core_neuralprophet_frozen_s2026,neuralprophet,frozen,selected,2026,23,2025-06-16 01:00:00,2025-06-18 05:00:00,53,97.78,True,True,87.6591567993164,-0.3546722055724332,87.30448459374398,0,0,0.1
core_neuralprophet_frozen_s2026,neuralprophet,frozen,selected,2026,23,2025-06-16 01:00:00,2025-06-18 06:00:00,54,90.87,True,True,60.13246154785156,-0.3546722055724332,59.77778934227913,0,0,0.1
core_neuralprophet_frozen_s2026,neuralprophet,frozen,selected,2026,23,2025-06-16 01:00:00,2025-06-18 07:00:00,55,75.46,True,True,59.543704986572266,-0.3546722055724332,59.18903278099983,0,0,0.1
core_neuralprophet_frozen_s2026,neuralprophet,frozen,selected,2026,23,2025-06-16 01:00:00,2025-06-18 08:00:00,56,59.9,True,True,58.204708099365234,-0.3546722055724332,57.8500358937928,0,0,0.1
core_neuralprophet_frozen_s2026,neuralprophet,frozen,selected,2026,23,2025-06-16 01:00:00,2025-06-18 09:00:00,57,46.39,True,True,58.03404998779297,-0.3546722055724332,57.679377782220534,0,0,0.1
core_neuralprophet_frozen_s2026,neuralprophet,frozen,selected,2026,23,2025-06-16 01:00:00,2025-06-18 10:00:00,58,36.19,True,True,61.89352035522461,-0.3546722055724332,61.538848149652175,0,0,0.1
core_neuralprophet_frozen_s2026,neuralprophet,frozen,selected,2026,23,2025-06-16 01:00:00,2025-06-18 11:00:00,59,30.61,True,True,61.137577056884766,-0.3546722055724332,60.78290485131233,0,0,0.1
core_neuralprophet_frozen_s2026,neuralprophet,frozen,selected,2026,23,2025-06-16 01:00:00,2025-06-18 12:00:00,60,26.85,True,True,60.31913375854492,-0.3546722055724332,59.96446155297249,0,0,0.1
core_neuralprophet_frozen_s2026,neuralprophet,frozen,selected,2026,23,2025-06-16 01:00:00,2025-06-18 13:00:00,61,24.36,True,True,54.51556396484375,-0.3546722055724332,54.160891759271315,0,0,0.1
core_neuralprophet_frozen_s2026,neuralprophet,frozen,selected,2026,23,2025-06-16 01:00:00,2025-06-18 14:00:00,62,23.93,True,True,52.80973815917969,-0.3546722055724332,52.45506595360725,0,0,0.1
core_neuralprophet_frozen_s2026,neuralprophet,frozen,selected,2026,23,2025-06-16 01:00:00,2025-06-18 15:00:00,63,24.87,True,True,60.19685745239258,-0.3546722055724332,59.842185246820144,0,0,0.1
core_neuralprophet_frozen_s2026,neuralprophet,frozen,selected,2026,23,2025-06-16 01:00:00,2025-06-18 16:00:00,64,26.9,True,True,55.03603744506836,-0.3546722055724332,54.681365239495925,0,0,0.1
core_neuralprophet_frozen_s2026,neuralprophet,frozen,selected,2026,23,2025-06-16 01:00:00,2025-06-18 17:00:00,65,29.09,True,True,47.13694763183594,-0.3546722055724332,46.7822754262635,0,0,0.1
core_neuralprophet_frozen_s2026,neuralprophet,frozen,selected,2026,23,2025-06-16 01:00:00,2025-06-18 18:00:00,66,30.3,True,True,54.60138702392578,-0.3546722055724332,54.24671481835335,0,0,0.1
core_neuralprophet_frozen_s2026,neuralprophet,frozen,selected,2026,23,2025-06-16 01:00:00,2025-06-18 19:00:00,67,29.82,True,True,46.94598007202149,-0.3546722055724332,46.59130786644906,0,0,0.1
core_neuralprophet_frozen_s2026,neuralprophet,frozen,selected,2026,23,2025-06-16 01:00:00,2025-06-18 20:00:00,68,30.38,True,True,47.64592361450195,-0.3546722055724332,47.29125140892952,0,0,0.1
core_neuralprophet_frozen_s2026,neuralprophet,frozen,selected,2026,23,2025-06-16 01:00:00,2025-06-18 21:00:00,69,32.74,True,True,37.42868423461914,-0.3546722055724332,37.074012029046706,0,0,0.1
core_neuralprophet_frozen_s2026,neuralprophet,frozen,selected,2026,23,2025-06-16 01:00:00,2025-06-18 22:00:00,70,37.14,True,True,41.86367416381836,-0.3546722055724332,41.509001958245925,0,0,0.1
core_neuralprophet_frozen_s2026,neuralprophet,frozen,selected,2026,23,2025-06-16 01:00:00,2025-06-18 23:00:00,71,40.6,True,True,53.812294006347656,-0.3546722055724332,53.45762180077522,0,0,0.1
core_neuralprophet_frozen_s2026,neuralprophet,frozen,selected,2026,23,2025-06-16 01:00:00,2025-06-19 00:00:00,72,43.9,True,True,65.40499114990234,-0.3546722055724332,65.05031894432992,0,0,0.1
core_neuralprophet_frozen_s2026,neuralprophet,frozen,selected,2026,23,2025-06-16 01:00:00,2025-06-19 01:00:00,73,46.43,True,True,78.21849822998047,-0.3546722055724332,77.86382602440804,0,0,0.1
core_neuralprophet_frozen_s2026,neuralprophet,frozen,selected,2026,23,2025-06-16 01:00:00,2025-06-19 02:00:00,74,48.33,True,True,95.44368743896484,-0.3546722055724332,95.08901523339242,0,0,0.1
core_neuralprophet_frozen_s2026,neuralprophet,frozen,selected,2026,23,2025-06-16 01:00:00,2025-06-19 03:00:00,75,51.16,True,True,103.3218231201172,-0.3546722055724332,102.96715091454477,0,0,0.1
core_neuralprophet_frozen_s2026,neuralprophet,frozen,selected,2026,23,2025-06-16 01:00:00,2025-06-19 04:00:00,76,53.02,True,True,102.89453125,-0.3546722055724332,102.53985904442757,0,0,0.1
core_neuralprophet_frozen_s2026,neuralprophet,frozen,selected,2026,23,2025-06-16 01:00:00,2025-06-19 05:00:00,77,51.8,True,True,99.62451171875,-0.3546722055724332,99.26983951317757,0,0,0.1
core_neuralprophet_frozen_s2026,neuralprophet,frozen,selected,2026,23,2025-06-16 01:00:00,2025-06-19 06:00:00,78,51.7,True,True,96.35877227783205,-0.3546722055724332,96.00410007225962,0,0,0.1
core_neuralprophet_frozen_s2026,neuralprophet,frozen,selected,2026,23,2025-06-16 01:00:00,2025-06-19 07:00:00,79,49.32,True,True,74.54685974121094,-0.3546722055724332,74.19218753563851,0,0,0.1
core_neuralprophet_frozen_s2026,neuralprophet,frozen,selected,2026,23,2025-06-16 01:00:00,2025-06-19 08:00:00,80,46.48,True,True,85.40115356445312,-0.3546722055724332,85.0464813588807,0,0,0.1
core_neuralprophet_frozen_s2026,neuralprophet,frozen,selected,2026,23,2025-06-16 01:00:00,2025-06-19 09:00:00,81,45.29,True,True,74.3907699584961,-0.3546722055724332,74.03609775292367,0,0,0.1
core_neuralprophet_frozen_s2026,neuralprophet,frozen,selected,2026,23,2025-06-16 01:00:00,2025-06-19 10:00:00,82,46.36,True,True,73.29920959472656,-0.3546722055724332,72.94453738915414,0,0,0.1
core_neuralprophet_frozen_s2026,neuralprophet,frozen,selected,2026,23,2025-06-16 01:00:00,2025-06-19 11:00:00,83,48.95,True,True,77.3652572631836,-0.3546722055724332,77.01058505761117,0,0,0.1
core_neuralprophet_frozen_s2026,neuralprophet,frozen,selected,2026,23,2025-06-16 01:00:00,2025-06-19 12:00:00,84,51.03,True,True,74.89118194580078,-0.3546722055724332,74.53650974022835,0,0,0.1
core_neuralprophet_frozen_s2026,neuralprophet,frozen,selected,2026,23,2025-06-16 01:00:00,2025-06-19 13:00:00,85,52.05,True,True,70.65774536132812,-0.3546722055724332,70.3030731557557,0,0,0.1
core_neuralprophet_frozen_s2026,neuralprophet,frozen,selected,2026,23,2025-06-16 01:00:00,2025-06-19 14:00:00,86,53.05,True,True,72.88441467285156,-0.3546722055724332,72.52974246727914,0,0,0.1
core_neuralprophet_frozen_s2026,neuralprophet,frozen,selected,2026,23,2025-06-16 01:00:00,2025-06-19 15:00:00,87,54.56,True,True,84.56739044189453,-0.3546722055724332,84.2127182363221,0,0,0.1
core_neuralprophet_frozen_s2026,neuralprophet,frozen,selected,2026,23,2025-06-16 01:00:00,2025-06-19 16:00:00,88,55.69,True,True,84.8294906616211,-0.3546722055724332,84.47481845604867,0,0,0.1
core_neuralprophet_frozen_s2026,neuralprophet,frozen,selected,2026,23,2025-06-16 01:00:00,2025-06-19 17:00:00,89,57.7,True,True,92.57105255126952,-0.3546722055724332,92.21638034569709,0,0,0.1
core_neuralprophet_frozen_s2026,neuralprophet,frozen,selected,2026,23,2025-06-16 01:00:00,2025-06-19 18:00:00,90,61.39,True,True,103.15532684326172,-0.3546722055724332,102.80065463768929,0,0,0.1
core_neuralprophet_frozen_s2026,neuralprophet,frozen,selected,2026,23,2025-06-16 01:00:00,2025-06-19 19:00:00,91,66.16,True,True,103.29212951660156,-0.3546722055724332,102.93745731102914,0,0,0.1
core_neuralprophet_frozen_s2026,neuralprophet,frozen,selected,2026,23,2025-06-16 01:00:00,2025-06-19 20:00:00,92,72.33,True,True,108.62714385986328,-0.3546722055724332,108.27247165429085,0,0,0.1
core_neuralprophet_frozen_s2026,neuralprophet,frozen,selected,2026,23,2025-06-16 01:00:00,2025-06-19 21:00:00,93,79.8,True,True,122.49981689453124,-0.3546722055724332,122.14514468895881,0,0,0.1
core_neuralprophet_frozen_s2026,neuralprophet,frozen,selected,2026,23,2025-06-16 01:00:00,2025-06-19 22:00:00,94,90.16,True,True,128.15493774414062,-0.3546722055724332,127.8002655385682,0,0,0.1
core_neuralprophet_frozen_s2026,neuralprophet,frozen,selected,2026,23,2025-06-16 01:00:00,2025-06-19 23:00:00,95,99.96,True,True,129.87335205078125,-0.3546722055724332,129.51867984520882,0,0,0.1
core_neuralprophet_frozen_s2026,neuralprophet,frozen,selected,2026,23,2025-06-16 01:00:00,2025-06-20 00:00:00,96,109.55,True,True,125.06561279296876,-0.3546722055724332,124.71094058739634,0,0,0.1
core_neuralprophet_frozen_s2026,neuralprophet,frozen,selected,2026,23,2025-06-16 01:00:00,2025-06-20 01:00:00,97,91.43,True,True,109.508056640625,-0.3546722055724332,109.15338443505257,0,0,0.1
core_neuralprophet_frozen_s2026,neuralprophet,frozen,selected,2026,23,2025-06-16 01:00:00,2025-06-20 02:00:00,98,72.16,True,True,109.09483337402344,-0.3546722055724332,108.74016116845101,0,0,0.1
core_neuralprophet_frozen_s2026,neuralprophet,frozen,selected,2026,23,2025-06-16 01:00:00,2025-06-20 03:00:00,99,63.05,True,True,100.32532501220705,-0.3546722055724332,99.97065280663462,0,0,0.1
core_neuralprophet_frozen_s2026,neuralprophet,frozen,selected,2026,23,2025-06-16 01:00:00,2025-06-20 04:00:00,100,43.21,True,True,87.51908874511719,-0.3546722055724332,87.16441653954476,0,0,0.1
core_neuralprophet_frozen_s2026,neuralprophet,frozen,selected,2026,23,2025-06-16 01:00:00,2025-06-20 05:00:00,101,33.74,True,True,82.03377532958984,-0.3546722055724332,81.67910312401742,0,0,0.1
core_neuralprophet_frozen_s2026,neuralprophet,frozen,selected,2026,23,2025-06-16 01:00:00,2025-06-20 06:00:00,102,31.59,True,True,81.76265716552734,-0.3546722055724332,81.40798495995492,0,0,0.1
core_neuralprophet_frozen_s2026,neuralprophet,frozen,selected,2026,23,2025-06-16 01:00:00,2025-06-20 07:00:00,103,31.27,True,True,62.79138946533203,-0.3546722055724332,62.4367172597596,0,0,0.1
core_neuralprophet_frozen_s2026,neuralprophet,frozen,selected,2026,23,2025-06-16 01:00:00,2025-06-20 08:00:00,104,30.63,True,True,81.00436401367188,-0.3546722055724332,80.64969180809945,0,0,0.1
core_neuralprophet_frozen_s2026,neuralprophet,frozen,selected,2026,23,2025-06-16 01:00:00,2025-06-20 09:00:00,105,29.19,True,True,64.21278381347656,-0.3546722055724332,63.85811160790413,0,0,0.1
core_neuralprophet_frozen_s2026,neuralprophet,frozen,selected,2026,23,2025-06-16 01:00:00,2025-06-20 10:00:00,106,29.26,True,True,70.01834106445312,-0.3546722055724332,69.6636688588807,0,0,0.1
core_neuralprophet_frozen_s2026,neuralprophet,frozen,selected,2026,23,2025-06-16 01:00:00,2025-06-20 11:00:00,107,30.76,True,True,73.49117279052734,-0.3546722055724332,73.13650058495492,0,0,0.1
core_neuralprophet_frozen_s2026,neuralprophet,frozen,selected,2026,23,2025-06-16 01:00:00,2025-06-20 12:00:00,108,32.65,True,True,81.7271957397461,-0.3546722055724332,81.37252353417367,0,0,0.1
core_neuralprophet_frozen_s2026,neuralprophet,frozen,selected,2026,23,2025-06-16 01:00:00,2025-06-20 13:00:00,109,34.17,True,True,79.59229278564453,-0.3546722055724332,79.2376205800721,0,0,0.1
core_neuralprophet_frozen_s2026,neuralprophet,frozen,selected,2026,23,2025-06-16 01:00:00,2025-06-20 14:00:00,110,36.1,True,True,83.12308502197266,-0.3546722055724332,82.76841281640023,0,0,0.1
core_neuralprophet_frozen_s2026,neuralprophet,frozen,selected,2026,23,2025-06-16 01:00:00,2025-06-20 15:00:00,111,37.93,True,True,78.69723510742188,-0.3546722055724332,78.34256290184945,0,0,0.1
core_neuralprophet_frozen_s2026,neuralprophet,frozen,selected,2026,23,2025-06-16 01:00:00,2025-06-20 16:00:00,112,38.98,True,True,87.36325073242188,-0.3546722055724332,87.00857852684945,0,0,0.1
core_neuralprophet_frozen_s2026,neuralprophet,frozen,selected,2026,23,2025-06-16 01:00:00,2025-06-20 17:00:00,113,41.14,True,True,75.7471923828125,-0.3546722055724332,75.39252017724007,0,0,0.1
core_neuralprophet_frozen_s2026,neuralprophet,frozen,selected,2026,23,2025-06-16 01:00:00,2025-06-20 18:00:00,114,44.2,True,True,82.43971252441406,-0.3546722055724332,82.08504031884164,0,0,0.1
core_neuralprophet_frozen_s2026,neuralprophet,frozen,selected,2026,23,2025-06-16 01:00:00,2025-06-20 19:00:00,115,47.15,True,True,73.33009338378906,-0.3546722055724332,72.97542117821664,0,0,0.1
core_neuralprophet_frozen_s2026,neuralprophet,frozen,selected,2026,23,2025-06-16 01:00:00,2025-06-20 20:00:00,116,49.59,True,True,72.98060607910156,-0.3546722055724332,72.62593387352914,0,0,0.1
core_neuralprophet_frozen_s2026,neuralprophet,frozen,selected,2026,23,2025-06-16 01:00:00,2025-06-20 21:00:00,117,52.15,True,True,61.46175765991211,-0.3546722055724332,61.107085454339675,0,0,0.1
core_neuralprophet_frozen_s2026,neuralprophet,frozen,selected,2026,23,2025-06-16 01:00:00,2025-06-20 22:00:00,118,54.48,True,True,81.80303192138672,-0.3546722055724332,81.44835971581429,0,0,0.1
core_neuralprophet_frozen_s2026,neuralprophet,frozen,selected,2026,23,2025-06-16 01:00:00,2025-06-20 23:00:00,119,57.55,True,True,71.47454071044922,-0.3546722055724332,71.11986850487679,0,0,0.1
core_neuralprophet_frozen_s2026,neuralprophet,frozen,selected,2026,23,2025-06-16 01:00:00,2025-06-21 00:00:00,120,64.16,True,True,69.86126708984375,-0.3546722055724332,69.50659488427132,0,0,0.1
core_neuralprophet_frozen_s2026,neuralprophet,frozen,selected,2026,23,2025-06-16 01:00:00,2025-06-21 01:00:00,121,75.31,True,True,76.70516967773438,-0.3546722055724332,76.35049747216195,0,0,0.1
core_neuralprophet_frozen_s2026,neuralprophet,frozen,selected,2026,23,2025-06-16 01:00:00,2025-06-21 02:00:00,122,78.91,True,True,76.17903900146484,-0.3546722055724332,75.82436679589242,0,0,0.1
core_neuralprophet_frozen_s2026,neuralprophet,frozen,selected,2026,23,2025-06-16 01:00:00,2025-06-21 03:00:00,123,75.05,True,True,75.96414947509766,-0.3546722055724332,75.60947726952523,0,0,0.1
core_neuralprophet_frozen_s2026,neuralprophet,frozen,selected,2026,23,2025-06-16 01:00:00,2025-06-21 04:00:00,124,40.02,True,True,85.21373748779297,-0.3546722055724332,84.85906528222054,0,0,0.1
core_neuralprophet_frozen_s2026,neuralprophet,frozen,selected,2026,23,2025-06-16 01:00:00,2025-06-21 05:00:00,125,27.51,True,True,60.65875625610352,-0.3546722055724332,60.30408405053109,0,0,0.1
core_neuralprophet_frozen_s2026,neuralprophet,frozen,selected,2026,23,2025-06-16 01:00:00,2025-06-21 06:00:00,126,25.22,True,True,58.70862579345703,-0.3546722055724332,58.3539535878846,0,0,0.1
core_neuralprophet_frozen_s2026,neuralprophet,frozen,selected,2026,23,2025-06-16 01:00:00,2025-06-21 07:00:00,127,24.2,True,True,46.53622055053711,-0.3546722055724332,46.181548344964675,0,0,0.1
core_neuralprophet_frozen_s2026,neuralprophet,frozen,selected,2026,23,2025-06-16 01:00:00,2025-06-21 08:00:00,128,23.4,True,True,52.81403350830078,-0.3546722055724332,52.45936130272835,0,0,0.1
core_neuralprophet_frozen_s2026,neuralprophet,frozen,selected,2026,23,2025-06-16 01:00:00,2025-06-21 09:00:00,129,22.58,True,True,43.14133071899414,-0.3546722055724332,42.786658513421706,0,0,0.1
core_neuralprophet_frozen_s2026,neuralprophet,frozen,selected,2026,23,2025-06-16 01:00:00,2025-06-21 10:00:00,130,22.31,True,True,38.05820083618164,-0.3546722055724332,37.703528630609206,0,0,0.1
core_neuralprophet_frozen_s2026,neuralprophet,frozen,selected,2026,23,2025-06-16 01:00:00,2025-06-21 11:00:00,131,22.71,True,True,51.35482025146485,-0.3546722055724332,51.000148045892416,0,0,0.1
core_neuralprophet_frozen_s2026,neuralprophet,frozen,selected,2026,23,2025-06-16 01:00:00,2025-06-21 12:00:00,132,23.08,True,True,42.79399108886719,-0.3546722055724332,42.43931888329475,0,0,0.1
core_neuralprophet_frozen_s2026,neuralprophet,frozen,selected,2026,23,2025-06-16 01:00:00,2025-06-21 13:00:00,133,22.7,True,True,46.89825820922852,-0.3546722055724332,46.54358600365609,0,0,0.1
core_neuralprophet_frozen_s2026,neuralprophet,frozen,selected,2026,23,2025-06-16 01:00:00,2025-06-21 14:00:00,134,22.97,True,True,42.350711822509766,-0.3546722055724332,41.99603961693733,0,0,0.1
core_neuralprophet_frozen_s2026,neuralprophet,frozen,selected,2026,23,2025-06-16 01:00:00,2025-06-21 15:00:00,135,23.56,True,True,35.92193603515625,-0.3546722055724332,35.567263829583815,0,0,0.1
core_neuralprophet_frozen_s2026,neuralprophet,frozen,selected,2026,23,2025-06-16 01:00:00,2025-06-21 16:00:00,136,23.93,True,True,34.92305374145508,-0.3546722055724332,34.568381535882644,0,0,0.1
core_neuralprophet_frozen_s2026,neuralprophet,frozen,selected,2026,23,2025-06-16 01:00:00,2025-06-21 17:00:00,137,24.46,True,True,41.912841796875,-0.3546722055724332,41.558169591302565,0,0,0.1
core_neuralprophet_frozen_s2026,neuralprophet,frozen,selected,2026,23,2025-06-16 01:00:00,2025-06-21 18:00:00,138,25.31,True,True,40.63204956054688,-0.3546722055724332,40.27737735497445,0,0,0.1
core_neuralprophet_frozen_s2026,neuralprophet,frozen,selected,2026,23,2025-06-16 01:00:00,2025-06-21 19:00:00,139,26.29,True,True,39.19715118408203,-0.3546722055724332,38.8424789785096,0,0,0.1
core_neuralprophet_frozen_s2026,neuralprophet,frozen,selected,2026,23,2025-06-16 01:00:00,2025-06-21 20:00:00,140,26.1,True,True,45.87662887573242,-0.3546722055724332,45.52195667015999,0,0,0.1
core_neuralprophet_frozen_s2026,neuralprophet,frozen,selected,2026,23,2025-06-16 01:00:00,2025-06-21 21:00:00,141,25.82,True,True,35.10283279418945,-0.3546722055724332,34.74816058861702,0,0,0.1
core_neuralprophet_frozen_s2026,neuralprophet,frozen,selected,2026,23,2025-06-16 01:00:00,2025-06-21 22:00:00,142,25.95,True,True,47.01543426513672,-0.3546722055724332,46.660762059564284,0,0,0.1
core_neuralprophet_frozen_s2026,neuralprophet,frozen,selected,2026,23,2025-06-16 01:00:00,2025-06-21 23:00:00,143,26.66,True,True,45.87937545776367,-0.3546722055724332,45.52470325219124,0,0,0.1
core_neuralprophet_frozen_s2026,neuralprophet,frozen,selected,2026,23,2025-06-16 01:00:00,2025-06-22 00:00:00,144,28.15,True,True,42.36924743652344,-0.3546722055724332,42.014575230951,0,0,0.1
core_neuralprophet_frozen_s2026,neuralprophet,frozen,selected,2026,23,2025-06-16 01:00:00,2025-06-22 01:00:00,145,29.82,True,True,63.624732971191406,-0.3546722055724332,63.27006076561897,0,0,0.1
core_neuralprophet_frozen_s2026,neuralprophet,frozen,selected,2026,23,2025-06-16 01:00:00,2025-06-22 02:00:00,146,31.16,True,True,60.492618560791016,-0.3546722055724332,60.13794635521858,0,0,0.1
core_neuralprophet_frozen_s2026,neuralprophet,frozen,selected,2026,23,2025-06-16 01:00:00,2025-06-22 03:00:00,147,40.39,True,True,68.0218505859375,-0.3546722055724332,67.66717838036507,0,0,0.1
core_neuralprophet_frozen_s2026,neuralprophet,frozen,selected,2026,23,2025-06-16 01:00:00,2025-06-22 04:00:00,148,16.97,True,True,61.62136459350586,-0.3546722055724332,61.266692387933425,0,0,0.1
core_neuralprophet_frozen_s2026,neuralprophet,frozen,selected,2026,23,2025-06-16 01:00:00,2025-06-22 05:00:00,149,10.58,True,True,64.81004333496094,-0.3546722055724332,64.45537112938851,0,0,0.1
core_neuralprophet_frozen_s2026,neuralprophet,frozen,selected,2026,23,2025-06-16 01:00:00,2025-06-22 06:00:00,150,10.02,True,True,56.13469696044922,-0.3546722055724332,55.780024754876784,0,0,0.1
core_neuralprophet_frozen_s2026,neuralprophet,frozen,selected,2026,23,2025-06-16 01:00:00,2025-06-22 07:00:00,151,10.45,True,True,50.19209289550781,-0.3546722055724332,49.83742068993538,0,0,0.1
core_neuralprophet_frozen_s2026,neuralprophet,frozen,selected,2026,23,2025-06-16 01:00:00,2025-06-22 08:00:00,152,10.84,True,True,61.77619934082031,-0.3546722055724332,61.42152713524788,0,0,0.1
core_neuralprophet_frozen_s2026,neuralprophet,frozen,selected,2026,23,2025-06-16 01:00:00,2025-06-22 09:00:00,153,11.14,True,True,48.0736198425293,-0.3546722055724332,47.71894763695686,0,0,0.1
core_neuralprophet_frozen_s2026,neuralprophet,frozen,selected,2026,23,2025-06-16 01:00:00,2025-06-22 10:00:00,154,12.45,True,True,49.10853958129883,-0.3546722055724332,48.753867375726394,0,0,0.1
core_neuralprophet_frozen_s2026,neuralprophet,frozen,selected,2026,23,2025-06-16 01:00:00,2025-06-22 11:00:00,155,15.28,True,True,56.545860290527344,-0.3546722055724332,56.19118808495491,0,0,0.1
core_neuralprophet_frozen_s2026,neuralprophet,frozen,selected,2026,23,2025-06-16 01:00:00,2025-06-22 12:00:00,156,18.72,True,True,66.88665771484375,-0.3546722055724332,66.53198550927132,0,0,0.1
core_neuralprophet_frozen_s2026,neuralprophet,frozen,selected,2026,23,2025-06-16 01:00:00,2025-06-22 13:00:00,157,21.94,True,True,63.70378875732422,-0.3546722055724332,63.349116551751784,0,0,0.1
core_neuralprophet_frozen_s2026,neuralprophet,frozen,selected,2026,23,2025-06-16 01:00:00,2025-06-22 14:00:00,158,24.59,True,True,63.15086364746094,-0.3546722055724332,62.7961914418885,0,0,0.1
core_neuralprophet_frozen_s2026,neuralprophet,frozen,selected,2026,23,2025-06-16 01:00:00,2025-06-22 15:00:00,159,26.44,True,True,62.912506103515625,-0.3546722055724332,62.55783389794319,0,0,0.1
core_neuralprophet_frozen_s2026,neuralprophet,frozen,selected,2026,23,2025-06-16 01:00:00,2025-06-22 16:00:00,160,27.66,True,True,66.9687271118164,-0.3546722055724332,66.61405490624398,0,0,0.1
core_neuralprophet_frozen_s2026,neuralprophet,frozen,selected,2026,23,2025-06-16 01:00:00,2025-06-22 17:00:00,161,29.38,True,True,74.58273315429688,-0.3546722055724332,74.22806094872445,0,0,0.1
core_neuralprophet_frozen_s2026,neuralprophet,frozen,selected,2026,23,2025-06-16 01:00:00,2025-06-22 18:00:00,162,31.61,True,True,67.28044128417969,-0.3546722055724332,66.92576907860726,0,0,0.1
core_neuralprophet_frozen_s2026,neuralprophet,frozen,selected,2026,23,2025-06-16 01:00:00,2025-06-22 19:00:00,163,33.9,True,True,89.14945220947266,-0.3546722055724332,88.79478000390023,0,0,0.1
core_neuralprophet_frozen_s2026,neuralprophet,frozen,selected,2026,23,2025-06-16 01:00:00,2025-06-22 20:00:00,164,36.33,True,True,77.295654296875,-0.3546722055724332,76.94098209130257,0,0,0.1
core_neuralprophet_frozen_s2026,neuralprophet,frozen,selected,2026,23,2025-06-16 01:00:00,2025-06-22 21:00:00,165,38.63,True,True,79.47740936279297,-0.3546722055724332,79.12273715722054,0,0,0.1
core_neuralprophet_frozen_s2026,neuralprophet,frozen,selected,2026,23,2025-06-16 01:00:00,2025-06-22 22:00:00,166,40.34,True,True,81.05109405517578,-0.3546722055724332,80.69642184960335,0,0,0.1
core_neuralprophet_frozen_s2026,neuralprophet,frozen,selected,2026,23,2025-06-16 01:00:00,2025-06-22 23:00:00,167,42.74,True,True,83.78531646728516,-0.3546722055724332,83.43064426171273,0,0,0.1
core_neuralprophet_frozen_s2026,neuralprophet,frozen,selected,2026,23,2025-06-16 01:00:00,2025-06-23 00:00:00,168,45.63,True,True,85.82469940185547,-0.3546722055724332,85.47002719628304,0,0,0.1
