run_id,family,regime,variant,seed,window,forecast_origin,target_timestamp,lead_hour,original_target,observed,score_eligible,base_prediction,applied_bias,corrected_prediction,history_target_filled_hours,history_input_filled_cells,alpha
core_prophet_frozen_s42,prophet,frozen,selected,42,1,2025-01-13 01:00:00,2025-01-13 01:00:00,1,759.79,True,True,785.418778289474,0.0,785.418778289474,0,0,0.1
core_prophet_frozen_s42,prophet,frozen,selected,42,1,2025-01-13 01:00:00,2025-01-13 02:00:00,2,837.21,True,True,859.3330535381874,0.0,859.3330535381874,0,0,0.1
core_prophet_frozen_s42,prophet,frozen,selected,42,1,2025-01-13 01:00:00,2025-01-13 03:00:00,3,900.28,True,True,946.528729091312,0.0,946.528729091312,0,0,0.1
core_prophet_frozen_s42,prophet,frozen,selected,42,1,2025-01-13 01:00:00,2025-01-13 04:00:00,4,908.42,True,True,956.6793559830182,0.0,956.6793559830182,0,0,0.1
core_prophet_frozen_s42,prophet,frozen,selected,42,1,2025-01-13 01:00:00,2025-01-13 05:00:00,5,672.94,True,True,741.7949626180346,0.0,741.7949626180346,0,0,0.1
core_prophet_frozen_s42,prophet,frozen,selected,42,1,2025-01-13 01:00:00,2025-01-13 06:00:00,6,294.8,True,True,357.52062458293364,0.0,357.52062458293364,0,0,0.1
core_prophet_frozen_s42,prophet,frozen,selected,42,1,2025-01-13 01:00:00,2025-01-13 07:00:00,7,76.4,True,True,109.04759202802984,0.0,109.04759202802984,0,0,0.1
core_prophet_frozen_s42,prophet,frozen,selected,42,1,2025-01-13 01:00:00,2025-01-13 08:00:00,8,129.61,True,True,166.38044621557515,0.0,166.38044621557515,0,0,0.1
core_prophet_frozen_s42,prophet,frozen,selected,42,1,2025-01-13 01:00:00,2025-01-13 09:00:00,9,233.27,True,True,265.81809597757325,0.0,265.81809597757325,0,0,0.1
core_prophet_frozen_s42,prophet,frozen,selected,42,1,2025-01-13 01:00:00,2025-01-13 10:00:00,10,355.33,True,True,377.4868760612999,0.0,377.4868760612999,0,0,0.1
core_prophet_frozen_s42,prophet,frozen,selected,42,1,2025-01-13 01:00:00,2025-01-13 11:00:00,11,508.8,True,True,515.5905550549802,0.0,515.5905550549802,0,0,0.1
core_prophet_frozen_s42,prophet,frozen,selected,42,1,2025-01-13 01:00:00,2025-01-13 12:00:00,12,683.67,True,True,686.7117315035695,0.0,686.7117315035695,0,0,0.1
core_prophet_frozen_s42,prophet,frozen,selected,42,1,2025-01-13 01:00:00,2025-01-13 13:00:00,13,823.34,True,True,832.547895458244,0.0,832.547895458244,0,0,0.1
core_prophet_frozen_s42,prophet,frozen,selected,42,1,2025-01-13 01:00:00,2025-01-13 14:00:00,14,903.43,True,True,927.1366784365453,0.0,927.1366784365453,0,0,0.1
core_prophet_frozen_s42,prophet,frozen,selected,42,1,2025-01-13 01:00:00,2025-01-13 15:00:00,15,904.75,True,True,940.955926172218,0.0,940.955926172218,0,0,0.1
core_prophet_frozen_s42,prophet,frozen,selected,42,1,2025-01-13 01:00:00,2025-01-13 16:00:00,16,870.4,True,True,927.2949353164664,0.0,927.2949353164664,0,0,0.1
core_prophet_frozen_s42,prophet,frozen,selected,42,1,2025-01-13 01:00:00,2025-01-13 17:00:00,17,833.22,True,True,924.727337717465,0.0,924.727337717465,0,0,0.1
core_prophet_frozen_s42,prophet,frozen,selected,42,1,2025-01-13 01:00:00,2025-01-13 18:00:00,18,773.03,True,True,864.8633069009545,0.0,864.8633069009545,0,0,0.1
core_prophet_frozen_s42,prophet,frozen,selected,42,1,2025-01-13 01:00:00,2025-01-13 19:00:00,19,622.36,True,True,717.6444115544574,0.0,717.6444115544574,0,0,0.1
core_prophet_frozen_s42,prophet,frozen,selected,42,1,2025-01-13 01:00:00,2025-01-13 20:00:00,20,421.75,True,True,499.321769913153,0.0,499.321769913153,0,0,0.1
core_prophet_frozen_s42,prophet,frozen,selected,42,1,2025-01-13 01:00:00,2025-01-13 21:00:00,21,253.7,True,True,313.2415717513211,0.0,313.2415717513211,0,0,0.1
core_prophet_frozen_s42,prophet,frozen,selected,42,1,2025-01-13 01:00:00,2025-01-13 22:00:00,22,82.4,True,True,110.58432206989606,0.0,110.58432206989606,0,0,0.1
core_prophet_frozen_s42,prophet,frozen,selected,42,1,2025-01-13 01:00:00,2025-01-13 23:00:00,23,42.86,True,True,58.28846482612349,0.0,58.28846482612349,0,0,0.1
core_prophet_frozen_s42,prophet,frozen,selected,42,1,2025-01-13 01:00:00,2025-01-14 00:00:00,24,37.24,True,True,51.74231865460371,0.0,51.74231865460371,0,0,0.1
core_prophet_frozen_s42,prophet,frozen,selected,42,1,2025-01-13 01:00:00,2025-01-14 01:00:00,25,24.54,True,True,22.80126574457563,0.0,22.80126574457563,0,0,0.1
core_prophet_frozen_s42,prophet,frozen,selected,42,1,2025-01-13 01:00:00,2025-01-14 02:00:00,26,18.33,True,True,5.11514026394039,0.0,5.11514026394039,0,0,0.1
core_prophet_frozen_s42,prophet,frozen,selected,42,1,2025-01-13 01:00:00,2025-01-14 03:00:00,27,11.8,True,True,-4.820898202431721,0.0,-4.820898202431721,0,0,0.1
core_prophet_frozen_s42,prophet,frozen,selected,42,1,2025-01-13 01:00:00,2025-01-14 04:00:00,28,8.15,True,True,-4.906751361712878,0.0,-4.906751361712878,0,0,0.1
core_prophet_frozen_s42,prophet,frozen,selected,42,1,2025-01-13 01:00:00,2025-01-14 05:00:00,29,8.22,True,True,0.507107836054729,0.0,0.507107836054729,0,0,0.1
core_prophet_frozen_s42,prophet,frozen,selected,42,1,2025-01-13 01:00:00,2025-01-14 06:00:00,30,8.56,True,True,1.396438447828217,0.0,1.396438447828217,0,0,0.1
core_prophet_frozen_s42,prophet,frozen,selected,42,1,2025-01-13 01:00:00,2025-01-14 07:00:00,31,8.96,True,True,-4.701051978205186,0.0,-4.701051978205186,0,0,0.1
core_prophet_frozen_s42,prophet,frozen,selected,42,1,2025-01-13 01:00:00,2025-01-14 08:00:00,32,10.47,True,True,-12.92706893334676,0.0,-12.92706893334676,0,0,0.1
core_prophet_frozen_s42,prophet,frozen,selected,42,1,2025-01-13 01:00:00,2025-01-14 09:00:00,33,12.1,True,True,-20.17209916996441,0.0,-20.17209916996441,0,0,0.1
core_prophet_frozen_s42,prophet,frozen,selected,42,1,2025-01-13 01:00:00,2025-01-14 10:00:00,34,15.07,True,True,-26.90627893241168,0.0,-26.90627893241168,0,0,0.1
core_prophet_frozen_s42,prophet,frozen,selected,42,1,2025-01-13 01:00:00,2025-01-14 11:00:00,35,22.42,True,True,-28.02307554598173,0.0,-28.02307554598173,0,0,0.1
core_prophet_frozen_s42,prophet,frozen,selected,42,1,2025-01-13 01:00:00,2025-01-14 12:00:00,36,31.0,True,True,-23.63736320892789,0.0,-23.63736320892789,0,0,0.1
core_prophet_frozen_s42,prophet,frozen,selected,42,1,2025-01-13 01:00:00,2025-01-14 13:00:00,37,36.65,True,True,-16.445300260766402,0.0,-16.445300260766402,0,0,0.1
core_prophet_frozen_s42,prophet,frozen,selected,42,1,2025-01-13 01:00:00,2025-01-14 14:00:00,38,39.83,True,True,-9.685899930560993,0.0,-9.685899930560993,0,0,0.1
core_prophet_frozen_s42,prophet,frozen,selected,42,1,2025-01-13 01:00:00,2025-01-14 15:00:00,39,36.94,True,True,-6.163147842405039,0.0,-6.163147842405039,0,0,0.1
core_prophet_frozen_s42,prophet,frozen,selected,42,1,2025-01-13 01:00:00,2025-01-14 16:00:00,40,28.02,True,True,-9.559323309472262,0.0,-9.559323309472262,0,0,0.1
core_prophet_frozen_s42,prophet,frozen,selected,42,1,2025-01-13 01:00:00,2025-01-14 17:00:00,41,24.98,True,True,-5.641848764681981,0.0,-5.641848764681981,0,0,0.1
core_prophet_frozen_s42,prophet,frozen,selected,42,1,2025-01-13 01:00:00,2025-01-14 18:00:00,42,24.96,True,True,2.581725153217945,0.0,2.581725153217945,0,0,0.1
core_prophet_frozen_s42,prophet,frozen,selected,42,1,2025-01-13 01:00:00,2025-01-14 19:00:00,43,37.67,True,True,30.59713773951475,0.0,30.59713773951475,0,0,0.1
core_prophet_frozen_s42,prophet,frozen,selected,42,1,2025-01-13 01:00:00,2025-01-14 20:00:00,44,63.94,True,True,68.66716419778854,0.0,68.66716419778854,0,0,0.1
core_prophet_frozen_s42,prophet,frozen,selected,42,1,2025-01-13 01:00:00,2025-01-14 21:00:00,45,93.66,True,True,102.11449926444384,0.0,102.11449926444384,0,0,0.1
core_prophet_frozen_s42,prophet,frozen,selected,42,1,2025-01-13 01:00:00,2025-01-14 22:00:00,46,138.62,True,True,145.9061246711991,0.0,145.9061246711991,0,0,0.1
core_prophet_frozen_s42,prophet,frozen,selected,42,1,2025-01-13 01:00:00,2025-01-14 23:00:00,47,271.25,True,True,276.3465539033785,0.0,276.3465539033785,0,0,0.1
core_prophet_frozen_s42,prophet,frozen,selected,42,1,2025-01-13 01:00:00,2025-01-15 00:00:00,48,471.95,True,True,483.8405236669547,0.0,483.8405236669547,0,0,0.1
core_prophet_frozen_s42,prophet,frozen,selected,42,1,2025-01-13 01:00:00,2025-01-15 01:00:00,49,641.87,True,True,662.1312564270163,0.0,662.1312564270163,0,0,0.1
core_prophet_frozen_s42,prophet,frozen,selected,42,1,2025-01-13 01:00:00,2025-01-15 02:00:00,50,717.12,True,True,736.158680752977,0.0,736.158680752977,0,0,0.1
core_prophet_frozen_s42,prophet,frozen,selected,42,1,2025-01-13 01:00:00,2025-01-15 03:00:00,51,713.25,True,True,730.8469390540796,0.0,730.8469390540796,0,0,0.1
core_prophet_frozen_s42,prophet,frozen,selected,42,1,2025-01-13 01:00:00,2025-01-15 04:00:00,52,533.68,True,True,544.3848522021683,0.0,544.3848522021683,0,0,0.1
core_prophet_frozen_s42,prophet,frozen,selected,42,1,2025-01-13 01:00:00,2025-01-15 05:00:00,53,400.19,True,True,413.7356104658441,0.0,413.7356104658441,0,0,0.1
core_prophet_frozen_s42,prophet,frozen,selected,42,1,2025-01-13 01:00:00,2025-01-15 06:00:00,54,306.47,True,True,319.3378495706585,0.0,319.3378495706585,0,0,0.1
core_prophet_frozen_s42,prophet,frozen,selected,42,1,2025-01-13 01:00:00,2025-01-15 07:00:00,55,237.43,True,True,244.91170839269773,0.0,244.91170839269773,0,0,0.1
core_prophet_frozen_s42,prophet,frozen,selected,42,1,2025-01-13 01:00:00,2025-01-15 08:00:00,56,216.12,True,True,220.88166675510365,0.0,220.88166675510365,0,0,0.1
core_prophet_frozen_s42,prophet,frozen,selected,42,1,2025-01-13 01:00:00,2025-01-15 09:00:00,57,206.06,True,True,200.7261215885189,0.0,200.7261215885189,0,0,0.1
core_prophet_frozen_s42,prophet,frozen,selected,42,1,2025-01-13 01:00:00,2025-01-15 10:00:00,58,232.84,True,True,221.93537170445697,0.0,221.93537170445697,0,0,0.1
core_prophet_frozen_s42,prophet,frozen,selected,42,1,2025-01-13 01:00:00,2025-01-15 11:00:00,59,292.56,True,True,281.24022277313867,0.0,281.24022277313867,0,0,0.1
core_prophet_frozen_s42,prophet,frozen,selected,42,1,2025-01-13 01:00:00,2025-01-15 12:00:00,60,357.03,True,True,342.6177484715332,0.0,342.6177484715332,0,0,0.1
core_prophet_frozen_s42,prophet,frozen,selected,42,1,2025-01-13 01:00:00,2025-01-15 13:00:00,61,460.7,True,True,450.555048146069,0.0,450.555048146069,0,0,0.1
core_prophet_frozen_s42,prophet,frozen,selected,42,1,2025-01-13 01:00:00,2025-01-15 14:00:00,62,610.88,True,True,605.7976801356913,0.0,605.7976801356913,0,0,0.1
core_prophet_frozen_s42,prophet,frozen,selected,42,1,2025-01-13 01:00:00,2025-01-15 15:00:00,63,709.51,True,True,706.7163940102573,0.0,706.7163940102573,0,0,0.1
core_prophet_frozen_s42,prophet,frozen,selected,42,1,2025-01-13 01:00:00,2025-01-15 16:00:00,64,690.86,True,True,698.069074395305,0.0,698.069074395305,0,0,0.1
core_prophet_frozen_s42,prophet,frozen,selected,42,1,2025-01-13 01:00:00,2025-01-15 17:00:00,65,619.09,True,True,644.3609833875339,0.0,644.3609833875339,0,0,0.1
core_prophet_frozen_s42,prophet,frozen,selected,42,1,2025-01-13 01:00:00,2025-01-15 18:00:00,66,539.14,True,True,575.5579367333269,0.0,575.5579367333269,0,0,0.1
core_prophet_frozen_s42,prophet,frozen,selected,42,1,2025-01-13 01:00:00,2025-01-15 19:00:00,67,417.74,True,True,461.629505070969,0.0,461.629505070969,0,0,0.1
core_prophet_frozen_s42,prophet,frozen,selected,42,1,2025-01-13 01:00:00,2025-01-15 20:00:00,68,267.09,True,True,305.4390153365203,0.0,305.4390153365203,0,0,0.1
core_prophet_frozen_s42,prophet,frozen,selected,42,1,2025-01-13 01:00:00,2025-01-15 21:00:00,69,144.86,True,True,170.18396870114958,0.0,170.18396870114958,0,0,0.1
core_prophet_frozen_s42,prophet,frozen,selected,42,1,2025-01-13 01:00:00,2025-01-15 22:00:00,70,66.81,True,True,87.80884214938308,0.0,87.80884214938308,0,0,0.1
core_prophet_frozen_s42,prophet,frozen,selected,42,1,2025-01-13 01:00:00,2025-01-15 23:00:00,71,71.43,True,True,89.64078840279024,0.0,89.64078840279024,0,0,0.1
core_prophet_frozen_s42,prophet,frozen,selected,42,1,2025-01-13 01:00:00,2025-01-16 00:00:00,72,77.06,True,True,91.7987725493828,0.0,91.7987725493828,0,0,0.1
core_prophet_frozen_s42,prophet,frozen,selected,42,1,2025-01-13 01:00:00,2025-01-16 01:00:00,73,67.35,True,True,70.9453041636292,0.0,70.9453041636292,0,0,0.1
core_prophet_frozen_s42,prophet,frozen,selected,42,1,2025-01-13 01:00:00,2025-01-16 02:00:00,74,66.52,True,True,55.53979774990461,0.0,55.53979774990461,0,0,0.1
core_prophet_frozen_s42,prophet,frozen,selected,42,1,2025-01-13 01:00:00,2025-01-16 03:00:00,75,64.37,True,True,44.84130847111683,0.0,44.84130847111683,0,0,0.1
core_prophet_frozen_s42,prophet,frozen,selected,42,1,2025-01-13 01:00:00,2025-01-16 04:00:00,76,61.6,True,True,39.6571947996128,0.0,39.6571947996128,0,0,0.1
core_prophet_frozen_s42,prophet,frozen,selected,42,1,2025-01-13 01:00:00,2025-01-16 05:00:00,77,61.76,True,True,42.99019231103648,0.0,42.99019231103648,0,0,0.1
core_prophet_frozen_s42,prophet,frozen,selected,42,1,2025-01-13 01:00:00,2025-01-16 06:00:00,78,62.94,True,True,45.75600973851152,0.0,45.75600973851152,0,0,0.1
core_prophet_frozen_s42,prophet,frozen,selected,42,1,2025-01-13 01:00:00,2025-01-16 07:00:00,79,125.28,True,True,128.5517148764374,0.0,128.5517148764374,0,0,0.1
core_prophet_frozen_s42,prophet,frozen,selected,42,1,2025-01-13 01:00:00,2025-01-16 08:00:00,80,253.15,True,True,254.88285135181812,0.0,254.88285135181812,0,0,0.1
core_prophet_frozen_s42,prophet,frozen,selected,42,1,2025-01-13 01:00:00,2025-01-16 09:00:00,81,425.83,True,True,419.2020753623804,0.0,419.2020753623804,0,0,0.1
core_prophet_frozen_s42,prophet,frozen,selected,42,1,2025-01-13 01:00:00,2025-01-16 10:00:00,82,603.52,True,True,598.9430531293315,0.0,598.9430531293315,0,0,0.1
core_prophet_frozen_s42,prophet,frozen,selected,42,1,2025-01-13 01:00:00,2025-01-16 11:00:00,83,783.19,True,True,781.6951519112786,0.0,781.6951519112786,0,0,0.1
core_prophet_frozen_s42,prophet,frozen,selected,42,1,2025-01-13 01:00:00,2025-01-16 12:00:00,84,933.18,True,True,939.7294430774832,0.0,939.7294430774832,0,0,0.1
core_prophet_frozen_s42,prophet,frozen,selected,42,1,2025-01-13 01:00:00,2025-01-16 13:00:00,85,950.58,True,True,965.1176882562831,0.0,965.1176882562831,0,0,0.1
core_prophet_frozen_s42,prophet,frozen,selected,42,1,2025-01-13 01:00:00,2025-01-16 14:00:00,86,938.02,True,True,971.378436996441,0.0,971.378436996441,0,0,0.1
core_prophet_frozen_s42,prophet,frozen,selected,42,1,2025-01-13 01:00:00,2025-01-16 15:00:00,87,898.71,True,True,942.6160699413696,0.0,942.6160699413696,0,0,0.1
core_prophet_frozen_s42,prophet,frozen,selected,42,1,2025-01-13 01:00:00,2025-01-16 16:00:00,88,760.12,True,True,801.3202564586592,0.0,801.3202564586592,0,0,0.1
core_prophet_frozen_s42,prophet,frozen,selected,42,1,2025-01-13 01:00:00,2025-01-16 17:00:00,89,620.84,True,True,655.7390113977215,0.0,655.7390113977215,0,0,0.1
core_prophet_frozen_s42,prophet,frozen,selected,42,1,2025-01-13 01:00:00,2025-01-16 18:00:00,90,532.51,True,True,561.4475788505154,0.0,561.4475788505154,0,0,0.1
core_prophet_frozen_s42,prophet,frozen,selected,42,1,2025-01-13 01:00:00,2025-01-16 19:00:00,91,469.09,True,True,495.06835349268704,0.0,495.06835349268704,0,0,0.1
core_prophet_frozen_s42,prophet,frozen,selected,42,1,2025-01-13 01:00:00,2025-01-16 20:00:00,92,427.47,True,True,445.9992281541141,0.0,445.9992281541141,0,0,0.1
core_prophet_frozen_s42,prophet,frozen,selected,42,1,2025-01-13 01:00:00,2025-01-16 21:00:00,93,413.61,True,True,423.9550565891816,0.0,423.9550565891816,0,0,0.1
core_prophet_frozen_s42,prophet,frozen,selected,42,1,2025-01-13 01:00:00,2025-01-16 22:00:00,94,435.55,True,True,438.5144531211597,0.0,438.5144531211597,0,0,0.1
core_prophet_frozen_s42,prophet,frozen,selected,42,1,2025-01-13 01:00:00,2025-01-16 23:00:00,95,532.22,True,True,522.9118055227998,0.0,522.9118055227998,0,0,0.1
core_prophet_frozen_s42,prophet,frozen,selected,42,1,2025-01-13 01:00:00,2025-01-17 00:00:00,96,641.2,True,True,636.541498209618,0.0,636.541498209618,0,0,0.1
core_prophet_frozen_s42,prophet,frozen,selected,42,1,2025-01-13 01:00:00,2025-01-17 01:00:00,97,746.25,True,True,752.6690013041073,0.0,752.6690013041073,0,0,0.1
core_prophet_frozen_s42,prophet,frozen,selected,42,1,2025-01-13 01:00:00,2025-01-17 02:00:00,98,848.37,True,True,870.1286694396723,0.0,870.1286694396723,0,0,0.1
core_prophet_frozen_s42,prophet,frozen,selected,42,1,2025-01-13 01:00:00,2025-01-17 03:00:00,99,894.42,True,True,931.4265746004116,0.0,931.4265746004116,0,0,0.1
core_prophet_frozen_s42,prophet,frozen,selected,42,1,2025-01-13 01:00:00,2025-01-17 04:00:00,100,531.09,True,True,499.8366145711075,0.0,499.8366145711075,0,0,0.1
core_prophet_frozen_s42,prophet,frozen,selected,42,1,2025-01-13 01:00:00,2025-01-17 05:00:00,101,509.3,True,True,459.6309009455791,0.0,459.6309009455791,0,0,0.1
core_prophet_frozen_s42,prophet,frozen,selected,42,1,2025-01-13 01:00:00,2025-01-17 06:00:00,102,496.87,True,True,440.7681625512069,0.0,440.7681625512069,0,0,0.1
core_prophet_frozen_s42,prophet,frozen,selected,42,1,2025-01-13 01:00:00,2025-01-17 07:00:00,103,497.75,True,True,454.9490622082904,0.0,454.9490622082904,0,0,0.1
core_prophet_frozen_s42,prophet,frozen,selected,42,1,2025-01-13 01:00:00,2025-01-17 08:00:00,104,551.56,True,True,527.9159899407076,0.0,527.9159899407076,0,0,0.1
core_prophet_frozen_s42,prophet,frozen,selected,42,1,2025-01-13 01:00:00,2025-01-17 09:00:00,105,621.64,True,True,619.8652805386401,0.0,619.8652805386401,0,0,0.1
core_prophet_frozen_s42,prophet,frozen,selected,42,1,2025-01-13 01:00:00,2025-01-17 10:00:00,106,732.46,True,True,739.5008439851194,0.0,739.5008439851194,0,0,0.1
core_prophet_frozen_s42,prophet,frozen,selected,42,1,2025-01-13 01:00:00,2025-01-17 11:00:00,107,899.52,True,True,926.3318653498212,0.0,926.3318653498212,0,0,0.1
core_prophet_frozen_s42,prophet,frozen,selected,42,1,2025-01-13 01:00:00,2025-01-17 12:00:00,108,1077.14,True,True,1118.145402381896,0.0,1118.145402381896,0,0,0.1
core_prophet_frozen_s42,prophet,frozen,selected,42,1,2025-01-13 01:00:00,2025-01-17 13:00:00,109,1212.6,True,True,1271.1615618707096,0.0,1271.1615618707096,0,0,0.1
core_prophet_frozen_s42,prophet,frozen,selected,42,1,2025-01-13 01:00:00,2025-01-17 14:00:00,110,1314.23,True,True,1416.5020564108097,0.0,1416.5020564108097,0,0,0.1
core_prophet_frozen_s42,prophet,frozen,selected,42,1,2025-01-13 01:00:00,2025-01-17 15:00:00,111,1345.67,True,True,1476.332904820761,0.0,1476.332904820761,0,0,0.1
core_prophet_frozen_s42,prophet,frozen,selected,42,1,2025-01-13 01:00:00,2025-01-17 16:00:00,112,1265.23,True,True,1404.8332052641265,0.0,1404.8332052641265,0,0,0.1
core_prophet_frozen_s42,prophet,frozen,selected,42,1,2025-01-13 01:00:00,2025-01-17 17:00:00,113,1130.31,True,True,1286.6349069204125,0.0,1286.6349069204125,0,0,0.1
core_prophet_frozen_s42,prophet,frozen,selected,42,1,2025-01-13 01:00:00,2025-01-17 18:00:00,114,976.9,True,True,1110.5900692521004,0.0,1110.5900692521004,0,0,0.1
core_prophet_frozen_s42,prophet,frozen,selected,42,1,2025-01-13 01:00:00,2025-01-17 19:00:00,115,850.99,True,True,972.9498337319671,0.0,972.9498337319671,0,0,0.1
core_prophet_frozen_s42,prophet,frozen,selected,42,1,2025-01-13 01:00:00,2025-01-17 20:00:00,116,758.99,True,True,860.0985867063382,0.0,860.0985867063382,0,0,0.1
core_prophet_frozen_s42,prophet,frozen,selected,42,1,2025-01-13 01:00:00,2025-01-17 21:00:00,117,692.69,True,True,772.1734169330398,0.0,772.1734169330398,0,0,0.1
core_prophet_frozen_s42,prophet,frozen,selected,42,1,2025-01-13 01:00:00,2025-01-17 22:00:00,118,630.07,True,True,688.5232055555716,0.0,688.5232055555716,0,0,0.1
core_prophet_frozen_s42,prophet,frozen,selected,42,1,2025-01-13 01:00:00,2025-01-17 23:00:00,119,622.89,True,True,661.404075071357,0.0,661.404075071357,0,0,0.1
core_prophet_frozen_s42,prophet,frozen,selected,42,1,2025-01-13 01:00:00,2025-01-18 00:00:00,120,645.64,True,True,674.7199840915187,0.0,674.7199840915187,0,0,0.1
core_prophet_frozen_s42,prophet,frozen,selected,42,1,2025-01-13 01:00:00,2025-01-18 01:00:00,121,650.54,True,True,679.8222281669379,0.0,679.8222281669379,0,0,0.1
core_prophet_frozen_s42,prophet,frozen,selected,42,1,2025-01-13 01:00:00,2025-01-18 02:00:00,122,657.67,True,True,697.4190516188297,0.0,697.4190516188297,0,0,0.1
core_prophet_frozen_s42,prophet,frozen,selected,42,1,2025-01-13 01:00:00,2025-01-18 03:00:00,123,657.83,True,True,709.0849115885198,0.0,709.0849115885198,0,0,0.1
core_prophet_frozen_s42,prophet,frozen,selected,42,1,2025-01-13 01:00:00,2025-01-18 04:00:00,124,587.58,True,True,631.3639792111111,0.0,631.3639792111111,0,0,0.1
core_prophet_frozen_s42,prophet,frozen,selected,42,1,2025-01-13 01:00:00,2025-01-18 05:00:00,125,565.86,True,True,605.1568503947399,0.0,605.1568503947399,0,0,0.1
core_prophet_frozen_s42,prophet,frozen,selected,42,1,2025-01-13 01:00:00,2025-01-18 06:00:00,126,530.85,True,True,576.9834780028424,0.0,576.9834780028424,0,0,0.1
core_prophet_frozen_s42,prophet,frozen,selected,42,1,2025-01-13 01:00:00,2025-01-18 07:00:00,127,519.16,True,True,558.5769042380964,0.0,558.5769042380964,0,0,0.1
core_prophet_frozen_s42,prophet,frozen,selected,42,1,2025-01-13 01:00:00,2025-01-18 08:00:00,128,596.14,True,True,618.2268441571038,0.0,618.2268441571038,0,0,0.1
core_prophet_frozen_s42,prophet,frozen,selected,42,1,2025-01-13 01:00:00,2025-01-18 09:00:00,129,695.65,True,True,713.9198321777211,0.0,713.9198321777211,0,0,0.1
core_prophet_frozen_s42,prophet,frozen,selected,42,1,2025-01-13 01:00:00,2025-01-18 10:00:00,130,803.42,True,True,826.7809105019885,0.0,826.7809105019885,0,0,0.1
core_prophet_frozen_s42,prophet,frozen,selected,42,1,2025-01-13 01:00:00,2025-01-18 11:00:00,131,913.99,True,True,952.0950258284894,0.0,952.0950258284894,0,0,0.1
core_prophet_frozen_s42,prophet,frozen,selected,42,1,2025-01-13 01:00:00,2025-01-18 12:00:00,132,983.6,True,True,1032.5199023964583,0.0,1032.5199023964583,0,0,0.1
core_prophet_frozen_s42,prophet,frozen,selected,42,1,2025-01-13 01:00:00,2025-01-18 13:00:00,133,987.13,True,True,1046.0691375478434,0.0,1046.0691375478434,0,0,0.1
core_prophet_frozen_s42,prophet,frozen,selected,42,1,2025-01-13 01:00:00,2025-01-18 14:00:00,134,945.19,True,True,1003.571272610082,0.0,1003.571272610082,0,0,0.1
core_prophet_frozen_s42,prophet,frozen,selected,42,1,2025-01-13 01:00:00,2025-01-18 15:00:00,135,796.17,True,True,868.7338788940273,0.0,868.7338788940273,0,0,0.1
core_prophet_frozen_s42,prophet,frozen,selected,42,1,2025-01-13 01:00:00,2025-01-18 16:00:00,136,551.72,True,True,614.5389664776687,0.0,614.5389664776687,0,0,0.1
core_prophet_frozen_s42,prophet,frozen,selected,42,1,2025-01-13 01:00:00,2025-01-18 17:00:00,137,335.28,True,True,384.8210170020583,0.0,384.8210170020583,0,0,0.1
core_prophet_frozen_s42,prophet,frozen,selected,42,1,2025-01-13 01:00:00,2025-01-18 18:00:00,138,187.69,True,True,212.91506551304263,0.0,212.91506551304263,0,0,0.1
core_prophet_frozen_s42,prophet,frozen,selected,42,1,2025-01-13 01:00:00,2025-01-18 19:00:00,139,70.81,True,True,68.35472832461642,0.0,68.35472832461642,0,0,0.1
core_prophet_frozen_s42,prophet,frozen,selected,42,1,2025-01-13 01:00:00,2025-01-18 20:00:00,140,51.73,True,True,30.067216229665064,0.0,30.067216229665064,0,0,0.1
core_prophet_frozen_s42,prophet,frozen,selected,42,1,2025-01-13 01:00:00,2025-01-18 21:00:00,141,50.45,True,True,23.556440549962417,0.0,23.556440549962417,0,0,0.1
core_prophet_frozen_s42,prophet,frozen,selected,42,1,2025-01-13 01:00:00,2025-01-18 22:00:00,142,53.33,True,True,23.02202748815648,0.0,23.02202748815648,0,0,0.1
core_prophet_frozen_s42,prophet,frozen,selected,42,1,2025-01-13 01:00:00,2025-01-18 23:00:00,143,63.47,True,True,36.85625739157379,0.0,36.85625739157379,0,0,0.1
core_prophet_frozen_s42,prophet,frozen,selected,42,1,2025-01-13 01:00:00,2025-01-19 00:00:00,144,73.44,True,True,55.61472525642995,0.0,55.61472525642995,0,0,0.1
core_prophet_frozen_s42,prophet,frozen,selected,42,1,2025-01-13 01:00:00,2025-01-19 01:00:00,145,78.05,True,True,55.73645839211977,0.0,55.73645839211977,0,0,0.1
core_prophet_frozen_s42,prophet,frozen,selected,42,1,2025-01-13 01:00:00,2025-01-19 02:00:00,146,78.83,True,True,48.07991086127504,0.0,48.07991086127504,0,0,0.1
core_prophet_frozen_s42,prophet,frozen,selected,42,1,2025-01-13 01:00:00,2025-01-19 03:00:00,147,76.0,True,True,44.46630320719785,0.0,44.46630320719785,0,0,0.1
core_prophet_frozen_s42,prophet,frozen,selected,42,1,2025-01-13 01:00:00,2025-01-19 04:00:00,148,72.06,True,True,46.00086945364757,0.0,46.00086945364757,0,0,0.1
core_prophet_frozen_s42,prophet,frozen,selected,42,1,2025-01-13 01:00:00,2025-01-19 05:00:00,149,67.78,True,True,50.33393180770318,0.0,50.33393180770318,0,0,0.1
core_prophet_frozen_s42,prophet,frozen,selected,42,1,2025-01-13 01:00:00,2025-01-19 06:00:00,150,64.1,True,True,51.06601534025384,0.0,51.06601534025384,0,0,0.1
core_prophet_frozen_s42,prophet,frozen,selected,42,1,2025-01-13 01:00:00,2025-01-19 07:00:00,151,88.26,True,True,84.83519091279001,0.0,84.83519091279001,0,0,0.1
core_prophet_frozen_s42,prophet,frozen,selected,42,1,2025-01-13 01:00:00,2025-01-19 08:00:00,152,151.64,True,True,149.38772681102145,0.0,149.38772681102145,0,0,0.1
core_prophet_frozen_s42,prophet,frozen,selected,42,1,2025-01-13 01:00:00,2025-01-19 09:00:00,153,235.76,True,True,225.33098882996376,0.0,225.33098882996376,0,0,0.1
core_prophet_frozen_s42,prophet,frozen,selected,42,1,2025-01-13 01:00:00,2025-01-19 10:00:00,154,322.92,True,True,309.00261807697416,0.0,309.00261807697416,0,0,0.1
core_prophet_frozen_s42,prophet,frozen,selected,42,1,2025-01-13 01:00:00,2025-01-19 11:00:00,155,425.28,True,True,406.5433813153238,0.0,406.5433813153238,0,0,0.1
core_prophet_frozen_s42,prophet,frozen,selected,42,1,2025-01-13 01:00:00,2025-01-19 12:00:00,156,528.69,True,True,505.9307867900309,0.0,505.9307867900309,0,0,0.1
core_prophet_frozen_s42,prophet,frozen,selected,42,1,2025-01-13 01:00:00,2025-01-19 13:00:00,157,600.77,True,True,586.3451646923895,0.0,586.3451646923895,0,0,0.1
core_prophet_frozen_s42,prophet,frozen,selected,42,1,2025-01-13 01:00:00,2025-01-19 14:00:00,158,666.52,True,True,674.5200550313832,0.0,674.5200550313832,0,0,0.1
core_prophet_frozen_s42,prophet,frozen,selected,42,1,2025-01-13 01:00:00,2025-01-19 15:00:00,159,689.04,True,True,701.0867557096292,0.0,701.0867557096292,0,0,0.1
core_prophet_frozen_s42,prophet,frozen,selected,42,1,2025-01-13 01:00:00,2025-01-19 16:00:00,160,624.14,True,True,643.0825748742129,0.0,643.0825748742129,0,0,0.1
core_prophet_frozen_s42,prophet,frozen,selected,42,1,2025-01-13 01:00:00,2025-01-19 17:00:00,161,565.74,True,True,588.0581900669563,0.0,588.0581900669563,0,0,0.1
core_prophet_frozen_s42,prophet,frozen,selected,42,1,2025-01-13 01:00:00,2025-01-19 18:00:00,162,547.88,True,True,572.9882008537625,0.0,572.9882008537625,0,0,0.1
core_prophet_frozen_s42,prophet,frozen,selected,42,1,2025-01-13 01:00:00,2025-01-19 19:00:00,163,534.29,True,True,557.7208165587933,0.0,557.7208165587933,0,0,0.1
core_prophet_frozen_s42,prophet,frozen,selected,42,1,2025-01-13 01:00:00,2025-01-19 20:00:00,164,513.39,True,True,537.3429321227749,0.0,537.3429321227749,0,0,0.1
core_prophet_frozen_s42,prophet,frozen,selected,42,1,2025-01-13 01:00:00,2025-01-19 21:00:00,165,493.43,True,True,515.3175470206756,0.0,515.3175470206756,0,0,0.1
core_prophet_frozen_s42,prophet,frozen,selected,42,1,2025-01-13 01:00:00,2025-01-19 22:00:00,166,475.4,True,True,494.9041574554704,0.0,494.9041574554704,0,0,0.1
core_prophet_frozen_s42,prophet,frozen,selected,42,1,2025-01-13 01:00:00,2025-01-19 23:00:00,167,522.19,True,True,529.934379246356,0.0,529.934379246356,0,0,0.1
core_prophet_frozen_s42,prophet,frozen,selected,42,1,2025-01-13 01:00:00,2025-01-20 00:00:00,168,610.26,True,True,611.8627471620366,0.0,611.8627471620366,0,0,0.1
core_prophet_frozen_s42,prophet,frozen,selected,42,2,2025-01-20 01:00:00,2025-01-20 01:00:00,1,725.46,True,True,738.1507903154748,-1.5717877457613711,736.5790025697133,0,0,0.1
core_prophet_frozen_s42,prophet,frozen,selected,42,2,2025-01-20 01:00:00,2025-01-20 02:00:00,2,826.46,True,True,857.7282918972958,-1.5717877457613711,856.1565041515344,0,0,0.1
core_prophet_frozen_s42,prophet,frozen,selected,42,2,2025-01-20 01:00:00,2025-01-20 03:00:00,3,867.33,True,True,905.5209080328328,-1.5717877457613711,903.9491202870714,0,0,0.1
core_prophet_frozen_s42,prophet,frozen,selected,42,2,2025-01-20 01:00:00,2025-01-20 04:00:00,4,525.25,True,True,493.0251534610528,-1.5717877457613711,491.45336571529145,0,0,0.1
core_prophet_frozen_s42,prophet,frozen,selected,42,2,2025-01-20 01:00:00,2025-01-20 05:00:00,5,544.06,True,True,478.3854109957822,-1.5717877457613711,476.81362325002084,0,0,0.1
core_prophet_frozen_s42,prophet,frozen,selected,42,2,2025-01-20 01:00:00,2025-01-20 06:00:00,6,573.14,True,True,491.9493650009261,-1.5717877457613711,490.37757725516474,0,0,0.1
core_prophet_frozen_s42,prophet,frozen,selected,42,2,2025-01-20 01:00:00,2025-01-20 07:00:00,7,644.34,True,True,562.4958312940853,-1.5717877457613711,560.9240435483239,0,0,0.1
core_prophet_frozen_s42,prophet,frozen,selected,42,2,2025-01-20 01:00:00,2025-01-20 08:00:00,8,768.59,True,True,711.2246269311584,-1.5717877457613711,709.6528391853969,0,0,0.1
core_prophet_frozen_s42,prophet,frozen,selected,42,2,2025-01-20 01:00:00,2025-01-20 09:00:00,9,875.14,True,True,858.2813312341008,-1.5717877457613711,856.7095434883394,0,0,0.1
core_prophet_frozen_s42,prophet,frozen,selected,42,2,2025-01-20 01:00:00,2025-01-20 10:00:00,10,1001.02,True,True,980.4639166007496,-1.5717877457613711,978.8921288549882,0,0,0.1
core_prophet_frozen_s42,prophet,frozen,selected,42,2,2025-01-20 01:00:00,2025-01-20 11:00:00,11,1166.84,True,True,1139.57805781288,-1.5717877457613711,1138.0062700671185,0,0,0.1
core_prophet_frozen_s42,prophet,frozen,selected,42,2,2025-01-20 01:00:00,2025-01-20 12:00:00,12,1325.63,True,True,1278.774662570635,-1.5717877457613711,1277.2028748248736,0,0,0.1
core_prophet_frozen_s42,prophet,frozen,selected,42,2,2025-01-20 01:00:00,2025-01-20 13:00:00,13,1407.51,True,True,1360.4488977041988,-1.5717877457613711,1358.8771099584374,0,0,0.1
core_prophet_frozen_s42,prophet,frozen,selected,42,2,2025-01-20 01:00:00,2025-01-20 14:00:00,14,1387.02,True,True,1325.7987558382035,-1.5717877457613711,1324.2269680924421,0,0,0.1
core_prophet_frozen_s42,prophet,frozen,selected,42,2,2025-01-20 01:00:00,2025-01-20 15:00:00,15,1216.89,True,True,1167.0049738580697,-1.5717877457613711,1165.4331861123082,0,0,0.1
core_prophet_frozen_s42,prophet,frozen,selected,42,2,2025-01-20 01:00:00,2025-01-20 16:00:00,16,944.65,True,True,937.411746263258,-1.5717877457613711,935.8399585174966,0,0,0.1
core_prophet_frozen_s42,prophet,frozen,selected,42,2,2025-01-20 01:00:00,2025-01-20 17:00:00,17,687.19,True,True,692.887285305458,-1.5717877457613711,691.3154975596966,0,0,0.1
core_prophet_frozen_s42,prophet,frozen,selected,42,2,2025-01-20 01:00:00,2025-01-20 18:00:00,18,478.96,True,True,492.3261070085695,-1.5717877457613711,490.75431926280817,0,0,0.1
core_prophet_frozen_s42,prophet,frozen,selected,42,2,2025-01-20 01:00:00,2025-01-20 19:00:00,19,313.01,True,True,317.9403741914372,-1.5717877457613711,316.3685864456758,0,0,0.1
core_prophet_frozen_s42,prophet,frozen,selected,42,2,2025-01-20 01:00:00,2025-01-20 20:00:00,20,213.09,True,True,219.16366461919228,-1.5717877457613711,217.5918768734309,0,0,0.1
core_prophet_frozen_s42,prophet,frozen,selected,42,2,2025-01-20 01:00:00,2025-01-20 21:00:00,21,155.66,True,True,161.57998954951722,-1.5717877457613711,160.00820180375584,0,0,0.1
core_prophet_frozen_s42,prophet,frozen,selected,42,2,2025-01-20 01:00:00,2025-01-20 22:00:00,22,117.04,True,True,117.21779720927466,-1.5717877457613711,115.6460094635133,0,0,0.1
core_prophet_frozen_s42,prophet,frozen,selected,42,2,2025-01-20 01:00:00,2025-01-20 23:00:00,23,122.72,True,True,110.72860221190832,-1.5717877457613711,109.15681446614695,0,0,0.1
core_prophet_frozen_s42,prophet,frozen,selected,42,2,2025-01-20 01:00:00,2025-01-21 00:00:00,24,142.38,True,True,120.11704029862612,-1.5717877457613711,118.54525255286475,0,0,0.1
core_prophet_frozen_s42,prophet,frozen,selected,42,2,2025-01-20 01:00:00,2025-01-21 01:00:00,25,144.76,True,True,116.12497600779196,-1.5717877457613711,114.55318826203059,0,0,0.1
core_prophet_frozen_s42,prophet,frozen,selected,42,2,2025-01-20 01:00:00,2025-01-21 02:00:00,26,139.09,True,True,103.88729582714636,-1.5717877457613711,102.31550808138499,0,0,0.1
core_prophet_frozen_s42,prophet,frozen,selected,42,2,2025-01-20 01:00:00,2025-01-21 03:00:00,27,125.87,True,True,85.61130962073335,-1.5717877457613711,84.03952187497198,0,0,0.1
core_prophet_frozen_s42,prophet,frozen,selected,42,2,2025-01-20 01:00:00,2025-01-21 04:00:00,28,107.08,True,True,63.87208126755718,-1.5717877457613711,62.30029352179581,0,0,0.1
core_prophet_frozen_s42,prophet,frozen,selected,42,2,2025-01-20 01:00:00,2025-01-21 05:00:00,29,96.0,True,True,59.86990028205332,-1.5717877457613711,58.29811253629195,0,0,0.1
core_prophet_frozen_s42,prophet,frozen,selected,42,2,2025-01-20 01:00:00,2025-01-21 06:00:00,30,82.98,True,True,51.5261419766411,-1.5717877457613711,49.95435423087973,0,0,0.1
core_prophet_frozen_s42,prophet,frozen,selected,42,2,2025-01-20 01:00:00,2025-01-21 07:00:00,31,134.66,True,True,125.58600323939932,-1.5717877457613711,124.01421549363795,0,0,0.1
core_prophet_frozen_s42,prophet,frozen,selected,42,2,2025-01-20 01:00:00,2025-01-21 08:00:00,32,258.48,True,True,249.2482658112856,-1.5717877457613711,247.6764780655242,0,0,0.1
core_prophet_frozen_s42,prophet,frozen,selected,42,2,2025-01-20 01:00:00,2025-01-21 09:00:00,33,411.48,True,True,388.7437538067487,-1.5717877457613711,387.17196606098736,0,0,0.1
core_prophet_frozen_s42,prophet,frozen,selected,42,2,2025-01-20 01:00:00,2025-01-21 10:00:00,34,543.68,True,True,504.0862250723052,-1.5717877457613711,502.5144373265438,0,0,0.1
core_prophet_frozen_s42,prophet,frozen,selected,42,2,2025-01-20 01:00:00,2025-01-21 11:00:00,35,649.79,True,True,592.8763262076621,-1.5717877457613711,591.3045384619007,0,0,0.1
core_prophet_frozen_s42,prophet,frozen,selected,42,2,2025-01-20 01:00:00,2025-01-21 12:00:00,36,729.62,True,True,657.1765024790925,-1.5717877457613711,655.6047147333311,0,0,0.1
core_prophet_frozen_s42,prophet,frozen,selected,42,2,2025-01-20 01:00:00,2025-01-21 13:00:00,37,778.48,True,True,734.5278312441553,-1.5717877457613711,732.9560434983939,0,0,0.1
core_prophet_frozen_s42,prophet,frozen,selected,42,2,2025-01-20 01:00:00,2025-01-21 14:00:00,38,819.18,True,True,806.2389952059696,-1.5717877457613711,804.6672074602081,0,0,0.1
core_prophet_frozen_s42,prophet,frozen,selected,42,2,2025-01-20 01:00:00,2025-01-21 15:00:00,39,779.92,True,True,792.4750717158087,-1.5717877457613711,790.9032839700473,0,0,0.1
core_prophet_frozen_s42,prophet,frozen,selected,42,2,2025-01-20 01:00:00,2025-01-21 16:00:00,40,569.49,True,True,591.1067468902149,-1.5717877457613711,589.5349591444535,0,0,0.1
core_prophet_frozen_s42,prophet,frozen,selected,42,2,2025-01-20 01:00:00,2025-01-21 17:00:00,41,418.23,True,True,441.0450718243096,-1.5717877457613711,439.47328407854826,0,0,0.1
core_prophet_frozen_s42,prophet,frozen,selected,42,2,2025-01-20 01:00:00,2025-01-21 18:00:00,42,330.57,True,True,359.6796405860456,-1.5717877457613711,358.10785284028424,0,0,0.1
core_prophet_frozen_s42,prophet,frozen,selected,42,2,2025-01-20 01:00:00,2025-01-21 19:00:00,43,296.2,True,True,323.3290667668267,-1.5717877457613711,321.75727902106536,0,0,0.1
core_prophet_frozen_s42,prophet,frozen,selected,42,2,2025-01-20 01:00:00,2025-01-21 20:00:00,44,291.54,True,True,317.37247589079,-1.5717877457613711,315.80068814502863,0,0,0.1
core_prophet_frozen_s42,prophet,frozen,selected,42,2,2025-01-20 01:00:00,2025-01-21 21:00:00,45,302.63,True,True,323.8447410940214,-1.5717877457613711,322.27295334826005,0,0,0.1
core_prophet_frozen_s42,prophet,frozen,selected,42,2,2025-01-20 01:00:00,2025-01-21 22:00:00,46,322.31,True,True,336.6477184858261,-1.5717877457613711,335.07593074006473,0,0,0.1
core_prophet_frozen_s42,prophet,frozen,selected,42,2,2025-01-20 01:00:00,2025-01-21 23:00:00,47,399.19,True,True,407.17582776463314,-1.5717877457613711,405.6040400188718,0,0,0.1
core_prophet_frozen_s42,prophet,frozen,selected,42,2,2025-01-20 01:00:00,2025-01-22 00:00:00,48,520.33,True,True,525.861922328949,-1.5717877457613711,524.2901345831876,0,0,0.1
core_prophet_frozen_s42,prophet,frozen,selected,42,2,2025-01-20 01:00:00,2025-01-22 01:00:00,49,640.07,True,True,660.9429456541842,-1.5717877457613711,659.3711579084228,0,0,0.1
core_prophet_frozen_s42,prophet,frozen,selected,42,2,2025-01-20 01:00:00,2025-01-22 02:00:00,50,695.1,True,True,725.7932308123827,-1.5717877457613711,724.2214430666213,0,0,0.1
core_prophet_frozen_s42,prophet,frozen,selected,42,2,2025-01-20 01:00:00,2025-01-22 03:00:00,51,652.64,True,True,698.6226561252851,-1.5717877457613711,697.0508683795236,0,0,0.1
core_prophet_frozen_s42,prophet,frozen,selected,42,2,2025-01-20 01:00:00,2025-01-22 04:00:00,52,343.67,True,True,336.94513274694816,-1.5717877457613711,335.3733450011868,0,0,0.1
core_prophet_frozen_s42,prophet,frozen,selected,42,2,2025-01-20 01:00:00,2025-01-22 05:00:00,53,321.46,True,True,301.86096229627765,-1.5717877457613711,300.2891745505163,0,0,0.1
core_prophet_frozen_s42,prophet,frozen,selected,42,2,2025-01-20 01:00:00,2025-01-22 06:00:00,54,326.17,True,True,310.56899483038154,-1.5717877457613711,308.9972070846202,0,0,0.1
core_prophet_frozen_s42,prophet,frozen,selected,42,2,2025-01-20 01:00:00,2025-01-22 07:00:00,55,357.09,True,True,354.9832091012886,-1.5717877457613711,353.41142135552724,0,0,0.1
core_prophet_frozen_s42,prophet,frozen,selected,42,2,2025-01-20 01:00:00,2025-01-22 08:00:00,56,447.95,True,True,455.4010727624183,-1.5717877457613711,453.82928501665697,0,0,0.1
core_prophet_frozen_s42,prophet,frozen,selected,42,2,2025-01-20 01:00:00,2025-01-22 09:00:00,57,548.05,True,True,568.7127527843046,-1.5717877457613711,567.1409650385432,0,0,0.1
core_prophet_frozen_s42,prophet,frozen,selected,42,2,2025-01-20 01:00:00,2025-01-22 10:00:00,58,646.34,True,True,668.260405713826,-1.5717877457613711,666.6886179680646,0,0,0.1
core_prophet_frozen_s42,prophet,frozen,selected,42,2,2025-01-20 01:00:00,2025-01-22 11:00:00,59,787.36,True,True,801.8597353123533,-1.5717877457613711,800.2879475665919,0,0,0.1
core_prophet_frozen_s42,prophet,frozen,selected,42,2,2025-01-20 01:00:00,2025-01-22 12:00:00,60,948.84,True,True,963.3316615652144,-1.5717877457613711,961.759873819453,0,0,0.1
core_prophet_frozen_s42,prophet,frozen,selected,42,2,2025-01-20 01:00:00,2025-01-22 13:00:00,61,1067.15,True,True,1073.8239804902273,-1.5717877457613711,1072.252192744466,0,0,0.1
core_prophet_frozen_s42,prophet,frozen,selected,42,2,2025-01-20 01:00:00,2025-01-22 14:00:00,62,1167.19,True,True,1204.5177666590553,-1.5717877457613711,1202.9459789132939,0,0,0.1
core_prophet_frozen_s42,prophet,frozen,selected,42,2,2025-01-20 01:00:00,2025-01-22 15:00:00,63,1242.8,True,True,1300.0433245898598,-1.5717877457613711,1298.4715368440984,0,0,0.1
core_prophet_frozen_s42,prophet,frozen,selected,42,2,2025-01-20 01:00:00,2025-01-22 16:00:00,64,1192.47,True,True,1293.3745728148529,-1.5717877457613711,1291.8027850690914,0,0,0.1
core_prophet_frozen_s42,prophet,frozen,selected,42,2,2025-01-20 01:00:00,2025-01-22 17:00:00,65,1053.76,True,True,1169.5859626370025,-1.5717877457613711,1168.014174891241,0,0,0.1
core_prophet_frozen_s42,prophet,frozen,selected,42,2,2025-01-20 01:00:00,2025-01-22 18:00:00,66,901.85,True,True,1013.0552282067632,-1.5717877457613711,1011.4834404610018,0,0,0.1
core_prophet_frozen_s42,prophet,frozen,selected,42,2,2025-01-20 01:00:00,2025-01-22 19:00:00,67,812.84,True,True,927.1137189491764,-1.5717877457613711,925.541931203415,0,0,0.1
core_prophet_frozen_s42,prophet,frozen,selected,42,2,2025-01-20 01:00:00,2025-01-22 20:00:00,68,759.59,True,True,870.4663882969628,-1.5717877457613711,868.8946005512014,0,0,0.1
core_prophet_frozen_s42,prophet,frozen,selected,42,2,2025-01-20 01:00:00,2025-01-22 21:00:00,69,684.71,True,True,784.4702861108847,-1.5717877457613711,782.8984983651233,0,0,0.1
core_prophet_frozen_s42,prophet,frozen,selected,42,2,2025-01-20 01:00:00,2025-01-22 22:00:00,70,605.17,True,True,694.2217640715776,-1.5717877457613711,692.6499763258162,0,0,0.1
core_prophet_frozen_s42,prophet,frozen,selected,42,2,2025-01-20 01:00:00,2025-01-22 23:00:00,71,664.7,True,True,731.6857940805521,-1.5717877457613711,730.1140063347907,0,0,0.1
core_prophet_frozen_s42,prophet,frozen,selected,42,2,2025-01-20 01:00:00,2025-01-23 00:00:00,72,843.76,True,True,890.6858381650227,-1.5717877457613711,889.1140504192613,0,0,0.1
core_prophet_frozen_s42,prophet,frozen,selected,42,2,2025-01-20 01:00:00,2025-01-23 01:00:00,73,975.06,True,True,1028.111642366295,-1.5717877457613711,1026.5398546205336,0,0,0.1
core_prophet_frozen_s42,prophet,frozen,selected,42,2,2025-01-20 01:00:00,2025-01-23 02:00:00,74,991.71,True,True,1062.081232480266,-1.5717877457613711,1060.5094447345045,0,0,0.1
core_prophet_frozen_s42,prophet,frozen,selected,42,2,2025-01-20 01:00:00,2025-01-23 03:00:00,75,924.72,True,True,1020.9321697907876,-1.5717877457613711,1019.3603820450262,0,0,0.1
core_prophet_frozen_s42,prophet,frozen,selected,42,2,2025-01-20 01:00:00,2025-01-23 04:00:00,76,474.65,True,True,479.0297578782192,-1.5717877457613711,477.45797013245783,0,0,0.1
core_prophet_frozen_s42,prophet,frozen,selected,42,2,2025-01-20 01:00:00,2025-01-23 05:00:00,77,438.4,True,True,448.57908357838176,-1.5717877457613711,447.0072958326204,0,0,0.1
core_prophet_frozen_s42,prophet,frozen,selected,42,2,2025-01-20 01:00:00,2025-01-23 06:00:00,78,445.58,True,True,468.7098078621473,-1.5717877457613711,467.1380201163859,0,0,0.1
core_prophet_frozen_s42,prophet,frozen,selected,42,2,2025-01-20 01:00:00,2025-01-23 07:00:00,79,486.7,True,True,520.3195207817923,-1.5717877457613711,518.7477330360309,0,0,0.1
core_prophet_frozen_s42,prophet,frozen,selected,42,2,2025-01-20 01:00:00,2025-01-23 08:00:00,80,576.78,True,True,615.2755388275966,-1.5717877457613711,613.7037510818352,0,0,0.1
core_prophet_frozen_s42,prophet,frozen,selected,42,2,2025-01-20 01:00:00,2025-01-23 09:00:00,81,661.89,True,True,701.584400761099,-1.5717877457613711,700.0126130153376,0,0,0.1
core_prophet_frozen_s42,prophet,frozen,selected,42,2,2025-01-20 01:00:00,2025-01-23 10:00:00,82,740.78,True,True,773.0492937835528,-1.5717877457613711,771.4775060377914,0,0,0.1
core_prophet_frozen_s42,prophet,frozen,selected,42,2,2025-01-20 01:00:00,2025-01-23 11:00:00,83,863.55,True,True,890.2948732169898,-1.5717877457613711,888.7230854712284,0,0,0.1
core_prophet_frozen_s42,prophet,frozen,selected,42,2,2025-01-20 01:00:00,2025-01-23 12:00:00,84,1008.56,True,True,1022.3458321085212,-1.5717877457613711,1020.7740443627598,0,0,0.1
core_prophet_frozen_s42,prophet,frozen,selected,42,2,2025-01-20 01:00:00,2025-01-23 13:00:00,85,1092.07,True,True,1098.875843111006,-1.5717877457613711,1097.3040553652445,0,0,0.1
core_prophet_frozen_s42,prophet,frozen,selected,42,2,2025-01-20 01:00:00,2025-01-23 14:00:00,86,1109.14,True,True,1120.1352946011502,-1.5717877457613711,1118.5635068553888,0,0,0.1
core_prophet_frozen_s42,prophet,frozen,selected,42,2,2025-01-20 01:00:00,2025-01-23 15:00:00,87,1049.86,True,True,1070.3446670634894,-1.5717877457613711,1068.772879317728,0,0,0.1
core_prophet_frozen_s42,prophet,frozen,selected,42,2,2025-01-20 01:00:00,2025-01-23 16:00:00,88,952.31,True,True,999.2849220091632,-1.5717877457613711,997.7131342634018,0,0,0.1
core_prophet_frozen_s42,prophet,frozen,selected,42,2,2025-01-20 01:00:00,2025-01-23 17:00:00,89,829.65,True,True,907.7800456983938,-1.5717877457613711,906.2082579526324,0,0,0.1
core_prophet_frozen_s42,prophet,frozen,selected,42,2,2025-01-20 01:00:00,2025-01-23 18:00:00,90,690.4,True,True,767.8627254596847,-1.5717877457613711,766.2909377139233,0,0,0.1
core_prophet_frozen_s42,prophet,frozen,selected,42,2,2025-01-20 01:00:00,2025-01-23 19:00:00,91,558.33,True,True,632.1355893925937,-1.5717877457613711,630.5638016468323,0,0,0.1
core_prophet_frozen_s42,prophet,frozen,selected,42,2,2025-01-20 01:00:00,2025-01-23 20:00:00,92,478.93,True,True,548.2817547278262,-1.5717877457613711,546.7099669820648,0,0,0.1
core_prophet_frozen_s42,prophet,frozen,selected,42,2,2025-01-20 01:00:00,2025-01-23 21:00:00,93,443.28,True,True,505.48075627600446,-1.5717877457613711,503.9089685302431,0,0,0.1
core_prophet_frozen_s42,prophet,frozen,selected,42,2,2025-01-20 01:00:00,2025-01-23 22:00:00,94,413.31,True,True,467.8628838348056,-1.5717877457613711,466.29109608904423,0,0,0.1
core_prophet_frozen_s42,prophet,frozen,selected,42,2,2025-01-20 01:00:00,2025-01-23 23:00:00,95,460.36,True,True,503.0278573117532,-1.5717877457613711,501.45606956599187,0,0,0.1
core_prophet_frozen_s42,prophet,frozen,selected,42,2,2025-01-20 01:00:00,2025-01-24 00:00:00,96,559.5,True,True,604.1766522722246,-1.5717877457613711,602.6048645264632,0,0,0.1
core_prophet_frozen_s42,prophet,frozen,selected,42,2,2025-01-20 01:00:00,2025-01-24 01:00:00,97,616.25,True,True,666.5407499677287,-1.5717877457613711,664.9689622219673,0,0,0.1
core_prophet_frozen_s42,prophet,frozen,selected,42,2,2025-01-20 01:00:00,2025-01-24 02:00:00,98,613.07,True,True,675.1397999833424,-1.5717877457613711,673.568012237581,0,0,0.1
core_prophet_frozen_s42,prophet,frozen,selected,42,2,2025-01-20 01:00:00,2025-01-24 03:00:00,99,543.29,True,True,615.7708350332136,-1.5717877457613711,614.1990472874522,0,0,0.1
core_prophet_frozen_s42,prophet,frozen,selected,42,2,2025-01-20 01:00:00,2025-01-24 04:00:00,100,286.26,True,True,313.16082780139016,-1.5717877457613711,311.5890400556288,0,0,0.1
core_prophet_frozen_s42,prophet,frozen,selected,42,2,2025-01-20 01:00:00,2025-01-24 05:00:00,101,305.56,True,True,335.6787570854873,-1.5717877457613711,334.10696933972594,0,0,0.1
core_prophet_frozen_s42,prophet,frozen,selected,42,2,2025-01-20 01:00:00,2025-01-24 06:00:00,102,350.29,True,True,380.0872727989206,-1.5717877457613711,378.51548505315924,0,0,0.1
core_prophet_frozen_s42,prophet,frozen,selected,42,2,2025-01-20 01:00:00,2025-01-24 07:00:00,103,409.8,True,True,422.357224343341,-1.5717877457613711,420.78543659757963,0,0,0.1
core_prophet_frozen_s42,prophet,frozen,selected,42,2,2025-01-20 01:00:00,2025-01-24 08:00:00,104,513.01,True,True,507.683617741093,-1.5717877457613711,506.1118299953316,0,0,0.1
core_prophet_frozen_s42,prophet,frozen,selected,42,2,2025-01-20 01:00:00,2025-01-24 09:00:00,105,630.05,True,True,604.908930435666,-1.5717877457613711,603.3371426899046,0,0,0.1
core_prophet_frozen_s42,prophet,frozen,selected,42,2,2025-01-20 01:00:00,2025-01-24 10:00:00,106,743.14,True,True,693.7592710013948,-1.5717877457613711,692.1874832556334,0,0,0.1
core_prophet_frozen_s42,prophet,frozen,selected,42,2,2025-01-20 01:00:00,2025-01-24 11:00:00,107,861.74,True,True,806.7663148052462,-1.5717877457613711,805.1945270594848,0,0,0.1
core_prophet_frozen_s42,prophet,frozen,selected,42,2,2025-01-20 01:00:00,2025-01-24 12:00:00,108,954.34,True,True,881.5292274377457,-1.5717877457613711,879.9574396919843,0,0,0.1
core_prophet_frozen_s42,prophet,frozen,selected,42,2,2025-01-20 01:00:00,2025-01-24 13:00:00,109,1027.42,True,True,969.270927066954,-1.5717877457613711,967.6991393211925,0,0,0.1
core_prophet_frozen_s42,prophet,frozen,selected,42,2,2025-01-20 01:00:00,2025-01-24 14:00:00,110,1147.74,True,True,1124.8009505819102,-1.5717877457613711,1123.2291628361488,0,0,0.1
core_prophet_frozen_s42,prophet,frozen,selected,42,2,2025-01-20 01:00:00,2025-01-24 15:00:00,111,1222.71,True,True,1252.9830079302317,-1.5717877457613711,1251.4112201844703,0,0,0.1
core_prophet_frozen_s42,prophet,frozen,selected,42,2,2025-01-20 01:00:00,2025-01-24 16:00:00,112,1129.13,True,True,1223.649616979172,-1.5717877457613711,1222.0778292334105,0,0,0.1
core_prophet_frozen_s42,prophet,frozen,selected,42,2,2025-01-20 01:00:00,2025-01-24 17:00:00,113,985.16,True,True,1104.322890023903,-1.5717877457613711,1102.7511022781416,0,0,0.1
core_prophet_frozen_s42,prophet,frozen,selected,42,2,2025-01-20 01:00:00,2025-01-24 18:00:00,114,855.28,True,True,975.5657586846628,-1.5717877457613711,973.9939709389014,0,0,0.1
core_prophet_frozen_s42,prophet,frozen,selected,42,2,2025-01-20 01:00:00,2025-01-24 19:00:00,115,786.21,True,True,902.6474072063928,-1.5717877457613711,901.0756194606314,0,0,0.1
core_prophet_frozen_s42,prophet,frozen,selected,42,2,2025-01-20 01:00:00,2025-01-24 20:00:00,116,748.8,True,True,858.0610149329849,-1.5717877457613711,856.4892271872235,0,0,0.1
core_prophet_frozen_s42,prophet,frozen,selected,42,2,2025-01-20 01:00:00,2025-01-24 21:00:00,117,701.82,True,True,807.4342178084038,-1.5717877457613711,805.8624300626424,0,0,0.1
core_prophet_frozen_s42,prophet,frozen,selected,42,2,2025-01-20 01:00:00,2025-01-24 22:00:00,118,639.36,True,True,714.2764682428085,-1.5717877457613711,712.7046804970471,0,0,0.1
core_prophet_frozen_s42,prophet,frozen,selected,42,2,2025-01-20 01:00:00,2025-01-24 23:00:00,119,683.09,True,True,738.2338450302302,-1.5717877457613711,736.6620572844688,0,0,0.1
core_prophet_frozen_s42,prophet,frozen,selected,42,2,2025-01-20 01:00:00,2025-01-25 00:00:00,120,867.27,True,True,927.6255328103708,-1.5717877457613711,926.0537450646094,0,0,0.1
core_prophet_frozen_s42,prophet,frozen,selected,42,2,2025-01-20 01:00:00,2025-01-25 01:00:00,121,1043.89,True,True,1096.9474473047749,-1.5717877457613711,1095.3756595590135,0,0,0.1
core_prophet_frozen_s42,prophet,frozen,selected,42,2,2025-01-20 01:00:00,2025-01-25 02:00:00,122,1139.2,True,True,1212.4690749953031,-1.5717877457613711,1210.8972872495417,0,0,0.1
core_prophet_frozen_s42,prophet,frozen,selected,42,2,2025-01-20 01:00:00,2025-01-25 03:00:00,123,1176.27,True,True,1265.8655927564678,-1.5717877457613711,1264.2938050107064,0,0,0.1
core_prophet_frozen_s42,prophet,frozen,selected,42,2,2025-01-20 01:00:00,2025-01-25 04:00:00,124,775.15,True,True,783.813910083003,-1.5717877457613711,782.2421223372415,0,0,0.1
core_prophet_frozen_s42,prophet,frozen,selected,42,2,2025-01-20 01:00:00,2025-01-25 05:00:00,125,681.17,True,True,714.1912459706209,-1.5717877457613711,712.6194582248595,0,0,0.1
core_prophet_frozen_s42,prophet,frozen,selected,42,2,2025-01-20 01:00:00,2025-01-25 06:00:00,126,577.42,True,True,635.8918863040927,-1.5717877457613711,634.3200985583313,0,0,0.1
core_prophet_frozen_s42,prophet,frozen,selected,42,2,2025-01-20 01:00:00,2025-01-25 07:00:00,127,453.48,True,True,523.9291844330678,-1.5717877457613711,522.3573966873064,0,0,0.1
core_prophet_frozen_s42,prophet,frozen,selected,42,2,2025-01-20 01:00:00,2025-01-25 08:00:00,128,405.93,True,True,485.2661250877353,-1.5717877457613711,483.69433734197395,0,0,0.1
core_prophet_frozen_s42,prophet,frozen,selected,42,2,2025-01-20 01:00:00,2025-01-25 09:00:00,129,380.0,True,True,460.28319592715286,-1.5717877457613711,458.7114081813915,0,0,0.1
core_prophet_frozen_s42,prophet,frozen,selected,42,2,2025-01-20 01:00:00,2025-01-25 10:00:00,130,387.23,True,True,459.5735707190444,-1.5717877457613711,458.00178297328307,0,0,0.1
core_prophet_frozen_s42,prophet,frozen,selected,42,2,2025-01-20 01:00:00,2025-01-25 11:00:00,131,460.41,True,True,524.1170603959856,-1.5717877457613711,522.5452726502242,0,0,0.1
core_prophet_frozen_s42,prophet,frozen,selected,42,2,2025-01-20 01:00:00,2025-01-25 12:00:00,132,570.19,True,True,641.1670778093458,-1.5717877457613711,639.5952900635843,0,0,0.1
core_prophet_frozen_s42,prophet,frozen,selected,42,2,2025-01-20 01:00:00,2025-01-25 13:00:00,133,660.63,True,True,735.0380002202795,-1.5717877457613711,733.4662124745181,0,0,0.1
core_prophet_frozen_s42,prophet,frozen,selected,42,2,2025-01-20 01:00:00,2025-01-25 14:00:00,134,721.7,True,True,803.6104353848984,-1.5717877457613711,802.038647639137,0,0,0.1
core_prophet_frozen_s42,prophet,frozen,selected,42,2,2025-01-20 01:00:00,2025-01-25 15:00:00,135,754.01,True,True,856.7654482341768,-1.5717877457613711,855.1936604884154,0,0,0.1
core_prophet_frozen_s42,prophet,frozen,selected,42,2,2025-01-20 01:00:00,2025-01-25 16:00:00,136,712.92,True,True,824.6354327378851,-1.5717877457613711,823.0636449921237,0,0,0.1
core_prophet_frozen_s42,prophet,frozen,selected,42,2,2025-01-20 01:00:00,2025-01-25 17:00:00,137,609.77,True,True,718.4383176136787,-1.5717877457613711,716.8665298679173,0,0,0.1
core_prophet_frozen_s42,prophet,frozen,selected,42,2,2025-01-20 01:00:00,2025-01-25 18:00:00,138,476.96,True,True,569.8408576982238,-1.5717877457613711,568.2690699524624,0,0,0.1
core_prophet_frozen_s42,prophet,frozen,selected,42,2,2025-01-20 01:00:00,2025-01-25 19:00:00,139,397.06,True,True,470.191420958953,-1.5717877457613711,468.61963321319166,0,0,0.1
core_prophet_frozen_s42,prophet,frozen,selected,42,2,2025-01-20 01:00:00,2025-01-25 20:00:00,140,394.71,True,True,471.0350418572135,-1.5717877457613711,469.46325411145216,0,0,0.1
core_prophet_frozen_s42,prophet,frozen,selected,42,2,2025-01-20 01:00:00,2025-01-25 21:00:00,141,391.82,True,True,468.3312892760589,-1.5717877457613711,466.75950153029754,0,0,0.1
core_prophet_frozen_s42,prophet,frozen,selected,42,2,2025-01-20 01:00:00,2025-01-25 22:00:00,142,411.45,True,True,492.74945390699736,-1.5717877457613711,491.177666161236,0,0,0.1
core_prophet_frozen_s42,prophet,frozen,selected,42,2,2025-01-20 01:00:00,2025-01-25 23:00:00,143,406.41,True,True,515.300503628342,-1.5717877457613711,513.7287158825806,0,0,0.1
core_prophet_frozen_s42,prophet,frozen,selected,42,2,2025-01-20 01:00:00,2025-01-26 00:00:00,144,205.05,True,True,294.7781997461625,-1.5717877457613711,293.20641200040114,0,0,0.1
core_prophet_frozen_s42,prophet,frozen,selected,42,2,2025-01-20 01:00:00,2025-01-26 01:00:00,145,38.65,True,True,43.26658403720103,-1.5717877457613711,41.69479629143966,0,0,0.1
core_prophet_frozen_s42,prophet,frozen,selected,42,2,2025-01-20 01:00:00,2025-01-26 02:00:00,146,54.02,True,True,18.20188216139113,-1.5717877457613711,16.63009441562976,0,0,0.1
core_prophet_frozen_s42,prophet,frozen,selected,42,2,2025-01-20 01:00:00,2025-01-26 03:00:00,147,67.85,True,True,15.455180125207448,-1.5717877457613711,13.883392379446077,0,0,0.1
core_prophet_frozen_s42,prophet,frozen,selected,42,2,2025-01-20 01:00:00,2025-01-26 04:00:00,148,68.06,True,True,17.337506093955227,-1.5717877457613711,15.765718348193856,0,0,0.1
core_prophet_frozen_s42,prophet,frozen,selected,42,2,2025-01-20 01:00:00,2025-01-26 05:00:00,149,54.11,True,True,20.479733585991227,-1.5717877457613711,18.907945840229857,0,0,0.1
core_prophet_frozen_s42,prophet,frozen,selected,42,2,2025-01-20 01:00:00,2025-01-26 06:00:00,150,45.58,True,True,19.12589390734405,-1.5717877457613711,17.55410616158268,0,0,0.1
core_prophet_frozen_s42,prophet,frozen,selected,42,2,2025-01-20 01:00:00,2025-01-26 07:00:00,151,39.81,True,True,10.83610532225714,-1.5717877457613711,9.264317576495769,0,0,0.1
core_prophet_frozen_s42,prophet,frozen,selected,42,2,2025-01-20 01:00:00,2025-01-26 08:00:00,152,30.64,True,True,0.2475726248393925,-1.5717877457613711,-1.3242151209219786,0,0,0.1
core_prophet_frozen_s42,prophet,frozen,selected,42,2,2025-01-20 01:00:00,2025-01-26 09:00:00,153,17.53,True,True,-12.418476569939145,-1.5717877457613711,-13.990264315700516,0,0,0.1
core_prophet_frozen_s42,prophet,frozen,selected,42,2,2025-01-20 01:00:00,2025-01-26 10:00:00,154,10.67,True,True,-26.577709498288016,-1.5717877457613711,-28.149497244049385,0,0,0.1
core_prophet_frozen_s42,prophet,frozen,selected,42,2,2025-01-20 01:00:00,2025-01-26 11:00:00,155,10.11,True,True,-37.27585071359351,-1.5717877457613711,-38.84763845935488,0,0,0.1
core_prophet_frozen_s42,prophet,frozen,selected,42,2,2025-01-20 01:00:00,2025-01-26 12:00:00,156,10.37,True,True,-42.26071674734823,-1.5717877457613711,-43.8325044931096,0,0,0.1
core_prophet_frozen_s42,prophet,frozen,selected,42,2,2025-01-20 01:00:00,2025-01-26 13:00:00,157,9.91,True,True,-42.23140292173039,-1.5717877457613711,-43.80319066749176,0,0,0.1
core_prophet_frozen_s42,prophet,frozen,selected,42,2,2025-01-20 01:00:00,2025-01-26 14:00:00,158,9.75,True,True,-37.068976459284215,-1.5717877457613711,-38.640764205045585,0,0,0.1
core_prophet_frozen_s42,prophet,frozen,selected,42,2,2025-01-20 01:00:00,2025-01-26 15:00:00,159,7.94,True,True,-32.01258759806734,-1.5717877457613711,-33.58437534382871,0,0,0.1
core_prophet_frozen_s42,prophet,frozen,selected,42,2,2025-01-20 01:00:00,2025-01-26 16:00:00,160,4.62,True,True,-29.35097131736936,-1.5717877457613711,-30.92275906313073,0,0,0.1
core_prophet_frozen_s42,prophet,frozen,selected,42,2,2025-01-20 01:00:00,2025-01-26 17:00:00,161,4.76,True,True,-22.157953716143997,-1.5717877457613711,-23.729741461905366,0,0,0.1
core_prophet_frozen_s42,prophet,frozen,selected,42,2,2025-01-20 01:00:00,2025-01-26 18:00:00,162,4.88,True,True,-14.533396393276972,-1.5717877457613711,-16.105184139038343,0,0,0.1
core_prophet_frozen_s42,prophet,frozen,selected,42,2,2025-01-20 01:00:00,2025-01-26 19:00:00,163,5.01,True,True,-7.181083994745563,-1.5717877457613711,-8.752871740506935,0,0,0.1
core_prophet_frozen_s42,prophet,frozen,selected,42,2,2025-01-20 01:00:00,2025-01-26 20:00:00,164,5.47,True,True,0.1524634107200881,-1.5717877457613711,-1.419324335041283,0,0,0.1
core_prophet_frozen_s42,prophet,frozen,selected,42,2,2025-01-20 01:00:00,2025-01-26 21:00:00,165,6.24,True,True,5.567393517919527,-1.5717877457613711,3.9956057721581555,0,0,0.1
core_prophet_frozen_s42,prophet,frozen,selected,42,2,2025-01-20 01:00:00,2025-01-26 22:00:00,166,8.2,True,True,9.0898865212163,-1.5717877457613711,7.518098775454929,0,0,0.1
core_prophet_frozen_s42,prophet,frozen,selected,42,2,2025-01-20 01:00:00,2025-01-26 23:00:00,167,17.68,True,True,23.29068169900637,-1.5717877457613711,21.718893953245,0,0,0.1
core_prophet_frozen_s42,prophet,frozen,selected,42,2,2025-01-20 01:00:00,2025-01-27 00:00:00,168,26.86,True,True,37.43377962027026,-1.5717877457613711,35.86199187450889,0,0,0.1
core_prophet_frozen_s42,prophet,frozen,selected,42,3,2025-01-27 01:00:00,2025-01-27 01:00:00,1,29.97,True,True,35.07714048351048,-3.4303094337154656,31.64683104979502,0,0,0.1
core_prophet_frozen_s42,prophet,frozen,selected,42,3,2025-01-27 01:00:00,2025-01-27 02:00:00,2,25.5,True,True,20.30589063496376,-3.4303094337154656,16.875581201248295,0,0,0.1
core_prophet_frozen_s42,prophet,frozen,selected,42,3,2025-01-27 01:00:00,2025-01-27 03:00:00,3,18.43,True,True,12.281795392285687,-3.4303094337154656,8.851485958570223,0,0,0.1
core_prophet_frozen_s42,prophet,frozen,selected,42,3,2025-01-27 01:00:00,2025-01-27 04:00:00,4,13.33,True,True,11.19330504670208,-3.4303094337154656,7.762995612986614,0,0,0.1
core_prophet_frozen_s42,prophet,frozen,selected,42,3,2025-01-27 01:00:00,2025-01-27 05:00:00,5,11.64,True,True,14.982878047066292,-3.4303094337154656,11.552568613350825,0,0,0.1
core_prophet_frozen_s42,prophet,frozen,selected,42,3,2025-01-27 01:00:00,2025-01-27 06:00:00,6,10.81,True,True,14.885025941452852,-3.4303094337154656,11.454716507737388,0,0,0.1
core_prophet_frozen_s42,prophet,frozen,selected,42,3,2025-01-27 01:00:00,2025-01-27 07:00:00,7,11.2,True,True,9.224496991566582,-3.4303094337154656,5.794187557851116,0,0,0.1
core_prophet_frozen_s42,prophet,frozen,selected,42,3,2025-01-27 01:00:00,2025-01-27 08:00:00,8,13.74,True,True,2.281568872615765,-3.4303094337154656,-1.1487405610997006,0,0,0.1
core_prophet_frozen_s42,prophet,frozen,selected,42,3,2025-01-27 01:00:00,2025-01-27 09:00:00,9,16.54,True,True,-1.3684390184892834,-3.4303094337154656,-4.798748452204749,0,0,0.1
core_prophet_frozen_s42,prophet,frozen,selected,42,3,2025-01-27 01:00:00,2025-01-27 10:00:00,10,19.24,True,True,-7.188842123237208,-3.4303094337154656,-10.619151556952673,0,0,0.1
core_prophet_frozen_s42,prophet,frozen,selected,42,3,2025-01-27 01:00:00,2025-01-27 11:00:00,11,24.55,True,True,-13.561939163340869,-3.4303094337154656,-16.992248597056335,0,0,0.1
core_prophet_frozen_s42,prophet,frozen,selected,42,3,2025-01-27 01:00:00,2025-01-27 12:00:00,12,29.62,True,True,-14.535511492649846,-3.4303094337154656,-17.96582092636531,0,0,0.1
core_prophet_frozen_s42,prophet,frozen,selected,42,3,2025-01-27 01:00:00,2025-01-27 13:00:00,13,31.91,True,True,-11.51863169241932,-3.4303094337154656,-14.948941126134784,0,0,0.1
core_prophet_frozen_s42,prophet,frozen,selected,42,3,2025-01-27 01:00:00,2025-01-27 14:00:00,14,34.43,True,True,-2.804767425892152,-3.4303094337154656,-6.235076859607618,0,0,0.1
core_prophet_frozen_s42,prophet,frozen,selected,42,3,2025-01-27 01:00:00,2025-01-27 15:00:00,15,31.05,True,True,2.5267256850287083,-3.4303094337154656,-0.9035837486867573,0,0,0.1
core_prophet_frozen_s42,prophet,frozen,selected,42,3,2025-01-27 01:00:00,2025-01-27 16:00:00,16,20.79,True,True,-3.0259399543880647,-3.4303094337154656,-6.45624938810353,0,0,0.1
core_prophet_frozen_s42,prophet,frozen,selected,42,3,2025-01-27 01:00:00,2025-01-27 17:00:00,17,16.5,True,True,-3.520500184618044,-3.4303094337154656,-6.95080961833351,0,0,0.1
core_prophet_frozen_s42,prophet,frozen,selected,42,3,2025-01-27 01:00:00,2025-01-27 18:00:00,18,16.18,True,True,0.8603558327532994,-3.4303094337154656,-2.569953600962166,0,0,0.1
core_prophet_frozen_s42,prophet,frozen,selected,42,3,2025-01-27 01:00:00,2025-01-27 19:00:00,19,18.11,True,True,7.8401550027639075,-3.4303094337154656,4.409845569048442,0,0,0.1
core_prophet_frozen_s42,prophet,frozen,selected,42,3,2025-01-27 01:00:00,2025-01-27 20:00:00,20,21.87,True,True,17.41053540570215,-3.4303094337154656,13.980225971986684,0,0,0.1
core_prophet_frozen_s42,prophet,frozen,selected,42,3,2025-01-27 01:00:00,2025-01-27 21:00:00,21,26.13,True,True,25.899860473906045,-3.4303094337154656,22.46955104019058,0,0,0.1
core_prophet_frozen_s42,prophet,frozen,selected,42,3,2025-01-27 01:00:00,2025-01-27 22:00:00,22,34.51,True,True,38.27545797238247,-3.4303094337154656,34.845148538667004,0,0,0.1
core_prophet_frozen_s42,prophet,frozen,selected,42,3,2025-01-27 01:00:00,2025-01-27 23:00:00,23,68.09,True,True,82.9863272262424,-3.4303094337154656,79.55601779252693,0,0,0.1
core_prophet_frozen_s42,prophet,frozen,selected,42,3,2025-01-27 01:00:00,2025-01-28 00:00:00,24,107.92,True,True,117.74735697770352,-3.4303094337154656,114.31704754398805,0,0,0.1
core_prophet_frozen_s42,prophet,frozen,selected,42,3,2025-01-27 01:00:00,2025-01-28 01:00:00,25,130.36,True,True,134.04251835347247,-3.4303094337154656,130.612208919757,0,0,0.1
core_prophet_frozen_s42,prophet,frozen,selected,42,3,2025-01-27 01:00:00,2025-01-28 02:00:00,26,126.12,True,True,126.05283301846634,-3.4303094337154656,122.62252358475088,0,0,0.1
core_prophet_frozen_s42,prophet,frozen,selected,42,3,2025-01-27 01:00:00,2025-01-28 03:00:00,27,93.48,True,True,90.8621516981821,-3.4303094337154656,87.43184226446664,0,0,0.1
core_prophet_frozen_s42,prophet,frozen,selected,42,3,2025-01-27 01:00:00,2025-01-28 04:00:00,28,43.26,True,True,37.50245744998796,-3.4303094337154656,34.07214801627249,0,0,0.1
core_prophet_frozen_s42,prophet,frozen,selected,42,3,2025-01-27 01:00:00,2025-01-28 05:00:00,29,30.8,True,True,30.07403418490901,-3.4303094337154656,26.643724751193545,0,0,0.1
core_prophet_frozen_s42,prophet,frozen,selected,42,3,2025-01-27 01:00:00,2025-01-28 06:00:00,30,26.32,True,True,25.42045960432881,-3.4303094337154656,21.990150170613344,0,0,0.1
core_prophet_frozen_s42,prophet,frozen,selected,42,3,2025-01-27 01:00:00,2025-01-28 07:00:00,31,40.43,True,True,41.22908853319862,-3.4303094337154656,37.798779099483156,0,0,0.1
core_prophet_frozen_s42,prophet,frozen,selected,42,3,2025-01-27 01:00:00,2025-01-28 08:00:00,32,80.98,True,True,85.17074865521539,-3.4303094337154656,81.74043922149993,0,0,0.1
core_prophet_frozen_s42,prophet,frozen,selected,42,3,2025-01-27 01:00:00,2025-01-28 09:00:00,33,122.85,True,True,118.75990485088636,-3.4303094337154656,115.32959541717089,0,0,0.1
core_prophet_frozen_s42,prophet,frozen,selected,42,3,2025-01-27 01:00:00,2025-01-28 10:00:00,34,169.86,True,True,151.79917599531245,-3.4303094337154656,148.36886656159697,0,0,0.1
core_prophet_frozen_s42,prophet,frozen,selected,42,3,2025-01-27 01:00:00,2025-01-28 11:00:00,35,246.48,True,True,222.29430707679435,-3.4303094337154656,218.86399764307887,0,0,0.1
core_prophet_frozen_s42,prophet,frozen,selected,42,3,2025-01-27 01:00:00,2025-01-28 12:00:00,36,334.15,True,True,325.6135207104795,-3.4303094337154656,322.18321127676404,0,0,0.1
core_prophet_frozen_s42,prophet,frozen,selected,42,3,2025-01-27 01:00:00,2025-01-28 13:00:00,37,450.84,True,True,465.3015380414044,-3.4303094337154656,461.8712286076889,0,0,0.1
core_prophet_frozen_s42,prophet,frozen,selected,42,3,2025-01-27 01:00:00,2025-01-28 14:00:00,38,612.29,True,True,650.2792058579626,-3.4303094337154656,646.8488964242471,0,0,0.1
core_prophet_frozen_s42,prophet,frozen,selected,42,3,2025-01-27 01:00:00,2025-01-28 15:00:00,39,711.51,True,True,758.647036150006,-3.4303094337154656,755.2167267162905,0,0,0.1
core_prophet_frozen_s42,prophet,frozen,selected,42,3,2025-01-27 01:00:00,2025-01-28 16:00:00,40,711.12,True,True,756.9080939862547,-3.4303094337154656,753.4777845525392,0,0,0.1
core_prophet_frozen_s42,prophet,frozen,selected,42,3,2025-01-27 01:00:00,2025-01-28 17:00:00,41,666.48,True,True,721.1892935567407,-3.4303094337154656,717.7589841230252,0,0,0.1
core_prophet_frozen_s42,prophet,frozen,selected,42,3,2025-01-27 01:00:00,2025-01-28 18:00:00,42,580.41,True,True,642.2812042715173,-3.4303094337154656,638.8508948378018,0,0,0.1
core_prophet_frozen_s42,prophet,frozen,selected,42,3,2025-01-27 01:00:00,2025-01-28 19:00:00,43,474.08,True,True,539.4750108012224,-3.4303094337154656,536.044701367507,0,0,0.1
core_prophet_frozen_s42,prophet,frozen,selected,42,3,2025-01-27 01:00:00,2025-01-28 20:00:00,44,386.53,True,True,446.639503894468,-3.4303094337154656,443.20919446075254,0,0,0.1
core_prophet_frozen_s42,prophet,frozen,selected,42,3,2025-01-27 01:00:00,2025-01-28 21:00:00,45,319.65,True,True,375.8309724269049,-3.4303094337154656,372.4006629931894,0,0,0.1
core_prophet_frozen_s42,prophet,frozen,selected,42,3,2025-01-27 01:00:00,2025-01-28 22:00:00,46,264.25,True,True,308.14304390287174,-3.4303094337154656,304.71273446915626,0,0,0.1
core_prophet_frozen_s42,prophet,frozen,selected,42,3,2025-01-27 01:00:00,2025-01-28 23:00:00,47,292.83,True,True,329.3879437117565,-3.4303094337154656,325.95763427804104,0,0,0.1
core_prophet_frozen_s42,prophet,frozen,selected,42,3,2025-01-27 01:00:00,2025-01-29 00:00:00,48,360.85,True,True,393.0876238984432,-3.4303094337154656,389.65731446472773,0,0,0.1
core_prophet_frozen_s42,prophet,frozen,selected,42,3,2025-01-27 01:00:00,2025-01-29 01:00:00,49,391.03,True,True,429.70217347933647,-3.4303094337154656,426.271864045621,0,0,0.1
core_prophet_frozen_s42,prophet,frozen,selected,42,3,2025-01-27 01:00:00,2025-01-29 02:00:00,50,379.71,True,True,417.6893840441373,-3.4303094337154656,414.2590746104218,0,0,0.1
core_prophet_frozen_s42,prophet,frozen,selected,42,3,2025-01-27 01:00:00,2025-01-29 03:00:00,51,323.23,True,True,359.2638686985296,-3.4303094337154656,355.83355926481414,0,0,0.1
core_prophet_frozen_s42,prophet,frozen,selected,42,3,2025-01-27 01:00:00,2025-01-29 04:00:00,52,137.97,True,True,145.8470081853152,-3.4303094337154656,142.4166987515997,0,0,0.1
core_prophet_frozen_s42,prophet,frozen,selected,42,3,2025-01-27 01:00:00,2025-01-29 05:00:00,53,96.23,True,True,107.0222151813465,-3.4303094337154656,103.59190574763103,0,0,0.1
core_prophet_frozen_s42,prophet,frozen,selected,42,3,2025-01-27 01:00:00,2025-01-29 06:00:00,54,65.61,True,True,77.27077241994303,-3.4303094337154656,73.84046298622756,0,0,0.1
core_prophet_frozen_s42,prophet,frozen,selected,42,3,2025-01-27 01:00:00,2025-01-29 07:00:00,55,69.77,True,True,85.28530984140505,-3.4303094337154656,81.85500040768959,0,0,0.1
core_prophet_frozen_s42,prophet,frozen,selected,42,3,2025-01-27 01:00:00,2025-01-29 08:00:00,56,110.08,True,True,126.23445735933488,-3.4303094337154656,122.80414792561942,0,0,0.1
core_prophet_frozen_s42,prophet,frozen,selected,42,3,2025-01-27 01:00:00,2025-01-29 09:00:00,57,151.63,True,True,162.25449702120164,-3.4303094337154656,158.82418758748616,0,0,0.1
core_prophet_frozen_s42,prophet,frozen,selected,42,3,2025-01-27 01:00:00,2025-01-29 10:00:00,58,175.83,True,True,179.5595548965831,-3.4303094337154656,176.12924546286763,0,0,0.1
core_prophet_frozen_s42,prophet,frozen,selected,42,3,2025-01-27 01:00:00,2025-01-29 11:00:00,59,198.35,True,True,193.79844396619413,-3.4303094337154656,190.36813453247865,0,0,0.1
core_prophet_frozen_s42,prophet,frozen,selected,42,3,2025-01-27 01:00:00,2025-01-29 12:00:00,60,223.69,True,True,212.8228507739756,-3.4303094337154656,209.39254134026012,0,0,0.1
core_prophet_frozen_s42,prophet,frozen,selected,42,3,2025-01-27 01:00:00,2025-01-29 13:00:00,61,220.53,True,True,205.14005244483988,-3.4303094337154656,201.7097430111244,0,0,0.1
core_prophet_frozen_s42,prophet,frozen,selected,42,3,2025-01-27 01:00:00,2025-01-29 14:00:00,62,195.37,True,True,182.39100193111997,-3.4303094337154656,178.9606924974045,0,0,0.1
core_prophet_frozen_s42,prophet,frozen,selected,42,3,2025-01-27 01:00:00,2025-01-29 15:00:00,63,145.63,True,True,139.92318725743604,-3.4303094337154656,136.49287782372056,0,0,0.1
core_prophet_frozen_s42,prophet,frozen,selected,42,3,2025-01-27 01:00:00,2025-01-29 16:00:00,64,85.69,True,True,87.62559149531475,-3.4303094337154656,84.19528206159929,0,0,0.1
core_prophet_frozen_s42,prophet,frozen,selected,42,3,2025-01-27 01:00:00,2025-01-29 17:00:00,65,53.71,True,True,58.06463239345175,-3.4303094337154656,54.63432295973629,0,0,0.1
core_prophet_frozen_s42,prophet,frozen,selected,42,3,2025-01-27 01:00:00,2025-01-29 18:00:00,66,36.89,True,True,43.66936590600807,-3.4303094337154656,40.2390564722926,0,0,0.1
core_prophet_frozen_s42,prophet,frozen,selected,42,3,2025-01-27 01:00:00,2025-01-29 19:00:00,67,32.03,True,True,42.03133473461813,-3.4303094337154656,38.60102530090266,0,0,0.1
core_prophet_frozen_s42,prophet,frozen,selected,42,3,2025-01-27 01:00:00,2025-01-29 20:00:00,68,37.18,True,True,52.786604327667135,-3.4303094337154656,49.35629489395167,0,0,0.1
core_prophet_frozen_s42,prophet,frozen,selected,42,3,2025-01-27 01:00:00,2025-01-29 21:00:00,69,45.23,True,True,65.04902657433863,-3.4303094337154656,61.61871714062316,0,0,0.1
core_prophet_frozen_s42,prophet,frozen,selected,42,3,2025-01-27 01:00:00,2025-01-29 22:00:00,70,58.41,True,True,75.71117729965667,-3.4303094337154656,72.2808678659412,0,0,0.1
core_prophet_frozen_s42,prophet,frozen,selected,42,3,2025-01-27 01:00:00,2025-01-29 23:00:00,71,109.1,True,True,123.919191729378,-3.4303094337154656,120.48888229566253,0,0,0.1
core_prophet_frozen_s42,prophet,frozen,selected,42,3,2025-01-27 01:00:00,2025-01-30 00:00:00,72,182.49,True,True,194.46836111613504,-3.4303094337154656,191.03805168241956,0,0,0.1
core_prophet_frozen_s42,prophet,frozen,selected,42,3,2025-01-27 01:00:00,2025-01-30 01:00:00,73,232.73,True,True,250.1253252347208,-3.4303094337154656,246.69501580100533,0,0,0.1
core_prophet_frozen_s42,prophet,frozen,selected,42,3,2025-01-27 01:00:00,2025-01-30 02:00:00,74,245.76,True,True,267.438965333081,-3.4303094337154656,264.0086558993655,0,0,0.1
core_prophet_frozen_s42,prophet,frozen,selected,42,3,2025-01-27 01:00:00,2025-01-30 03:00:00,75,223.63,True,True,250.7564997761895,-3.4303094337154656,247.326190342474,0,0,0.1
core_prophet_frozen_s42,prophet,frozen,selected,42,3,2025-01-27 01:00:00,2025-01-30 04:00:00,76,162.13,True,True,183.9353423778502,-3.4303094337154656,180.5050329441347,0,0,0.1
core_prophet_frozen_s42,prophet,frozen,selected,42,3,2025-01-27 01:00:00,2025-01-30 05:00:00,77,128.96,True,True,148.0896520681217,-3.4303094337154656,144.65934263440622,0,0,0.1
core_prophet_frozen_s42,prophet,frozen,selected,42,3,2025-01-27 01:00:00,2025-01-30 06:00:00,78,107.71,True,True,129.53363025046406,-3.4303094337154656,126.10332081674859,0,0,0.1
core_prophet_frozen_s42,prophet,frozen,selected,42,3,2025-01-27 01:00:00,2025-01-30 07:00:00,79,145.01,True,True,161.2072402858298,-3.4303094337154656,157.77693085211433,0,0,0.1
core_prophet_frozen_s42,prophet,frozen,selected,42,3,2025-01-27 01:00:00,2025-01-30 08:00:00,80,243.71,True,True,248.6746278483517,-3.4303094337154656,245.2443184146362,0,0,0.1
core_prophet_frozen_s42,prophet,frozen,selected,42,3,2025-01-27 01:00:00,2025-01-30 09:00:00,81,349.36,True,True,338.2250531048334,-3.4303094337154656,334.79474367111794,0,0,0.1
core_prophet_frozen_s42,prophet,frozen,selected,42,3,2025-01-27 01:00:00,2025-01-30 10:00:00,82,425.19,True,True,413.0470340930729,-3.4303094337154656,409.61672465935743,0,0,0.1
core_prophet_frozen_s42,prophet,frozen,selected,42,3,2025-01-27 01:00:00,2025-01-30 11:00:00,83,486.18,True,True,471.207543653273,-3.4303094337154656,467.7772342195575,0,0,0.1
core_prophet_frozen_s42,prophet,frozen,selected,42,3,2025-01-27 01:00:00,2025-01-30 12:00:00,84,529.28,True,True,507.51009875131183,-3.4303094337154656,504.07978931759635,0,0,0.1
core_prophet_frozen_s42,prophet,frozen,selected,42,3,2025-01-27 01:00:00,2025-01-30 13:00:00,85,564.02,True,True,543.7392889102919,-3.4303094337154656,540.3089794765764,0,0,0.1
core_prophet_frozen_s42,prophet,frozen,selected,42,3,2025-01-27 01:00:00,2025-01-30 14:00:00,86,611.42,True,True,608.7052446931385,-3.4303094337154656,605.274935259423,0,0,0.1
core_prophet_frozen_s42,prophet,frozen,selected,42,3,2025-01-27 01:00:00,2025-01-30 15:00:00,87,606.0,True,True,618.5747474767861,-3.4303094337154656,615.1444380430706,0,0,0.1
core_prophet_frozen_s42,prophet,frozen,selected,42,3,2025-01-27 01:00:00,2025-01-30 16:00:00,88,553.55,True,True,566.5739299612256,-3.4303094337154656,563.1436205275102,0,0,0.1
core_prophet_frozen_s42,prophet,frozen,selected,42,3,2025-01-27 01:00:00,2025-01-30 17:00:00,89,500.44,True,True,524.0202200406687,-3.4303094337154656,520.5899106069533,0,0,0.1
core_prophet_frozen_s42,prophet,frozen,selected,42,3,2025-01-27 01:00:00,2025-01-30 18:00:00,90,440.2,True,True,464.3258279806772,-3.4303094337154656,460.89551854696174,0,0,0.1
core_prophet_frozen_s42,prophet,frozen,selected,42,3,2025-01-27 01:00:00,2025-01-30 19:00:00,91,372.3,True,True,397.9490393358517,-3.4303094337154656,394.5187299021362,0,0,0.1
core_prophet_frozen_s42,prophet,frozen,selected,42,3,2025-01-27 01:00:00,2025-01-30 20:00:00,92,311.66,True,True,338.3690917412701,-3.4303094337154656,334.9387823075546,0,0,0.1
core_prophet_frozen_s42,prophet,frozen,selected,42,3,2025-01-27 01:00:00,2025-01-30 21:00:00,93,254.2,True,True,275.66461808204303,-3.4303094337154656,272.23430864832756,0,0,0.1
core_prophet_frozen_s42,prophet,frozen,selected,42,3,2025-01-27 01:00:00,2025-01-30 22:00:00,94,194.68,True,True,210.5172635035378,-3.4303094337154656,207.08695406982233,0,0,0.1
core_prophet_frozen_s42,prophet,frozen,selected,42,3,2025-01-27 01:00:00,2025-01-30 23:00:00,95,219.17,True,True,230.88898261770893,-3.4303094337154656,227.45867318399345,0,0,0.1
core_prophet_frozen_s42,prophet,frozen,selected,42,3,2025-01-27 01:00:00,2025-01-31 00:00:00,96,293.59,True,True,297.6699970231085,-3.4303094337154656,294.23968758939304,0,0,0.1
core_prophet_frozen_s42,prophet,frozen,selected,42,3,2025-01-27 01:00:00,2025-01-31 01:00:00,97,334.49,True,True,328.16121956900616,-3.4303094337154656,324.7309101352907,0,0,0.1
core_prophet_frozen_s42,prophet,frozen,selected,42,3,2025-01-27 01:00:00,2025-01-31 02:00:00,98,319.02,True,True,310.1464995258739,-3.4303094337154656,306.7161900921584,0,0,0.1
core_prophet_frozen_s42,prophet,frozen,selected,42,3,2025-01-27 01:00:00,2025-01-31 03:00:00,99,255.7,True,True,245.0323227767471,-3.4303094337154656,241.60201334303162,0,0,0.1
core_prophet_frozen_s42,prophet,frozen,selected,42,3,2025-01-27 01:00:00,2025-01-31 04:00:00,100,128.37,True,True,123.58193835998594,-3.4303094337154656,120.15162892627048,0,0,0.1
core_prophet_frozen_s42,prophet,frozen,selected,42,3,2025-01-27 01:00:00,2025-01-31 05:00:00,101,106.68,True,True,112.16548193602932,-3.4303094337154656,108.73517250231386,0,0,0.1
core_prophet_frozen_s42,prophet,frozen,selected,42,3,2025-01-27 01:00:00,2025-01-31 06:00:00,102,106.87,True,True,111.12675046361096,-3.4303094337154656,107.6964410298955,0,0,0.1
core_prophet_frozen_s42,prophet,frozen,selected,42,3,2025-01-27 01:00:00,2025-01-31 07:00:00,103,121.78,True,True,116.92502070553964,-3.4303094337154656,113.49471127182417,0,0,0.1
core_prophet_frozen_s42,prophet,frozen,selected,42,3,2025-01-27 01:00:00,2025-01-31 08:00:00,104,148.93,True,True,130.84566360738492,-3.4303094337154656,127.41535417366946,0,0,0.1
core_prophet_frozen_s42,prophet,frozen,selected,42,3,2025-01-27 01:00:00,2025-01-31 09:00:00,105,164.32,True,True,138.56329945983845,-3.4303094337154656,135.13299002612297,0,0,0.1
core_prophet_frozen_s42,prophet,frozen,selected,42,3,2025-01-27 01:00:00,2025-01-31 10:00:00,106,176.47,True,True,145.52267481717354,-3.4303094337154656,142.09236538345806,0,0,0.1
core_prophet_frozen_s42,prophet,frozen,selected,42,3,2025-01-27 01:00:00,2025-01-31 11:00:00,107,204.74,True,True,169.4714421780904,-3.4303094337154656,166.04113274437492,0,0,0.1
core_prophet_frozen_s42,prophet,frozen,selected,42,3,2025-01-27 01:00:00,2025-01-31 12:00:00,108,237.05,True,True,200.76588607379264,-3.4303094337154656,197.33557664007716,0,0,0.1
core_prophet_frozen_s42,prophet,frozen,selected,42,3,2025-01-27 01:00:00,2025-01-31 13:00:00,109,259.57,True,True,233.1772198319479,-3.4303094337154656,229.74691039823242,0,0,0.1
core_prophet_frozen_s42,prophet,frozen,selected,42,3,2025-01-27 01:00:00,2025-01-31 14:00:00,110,296.35,True,True,280.51977723693176,-3.4303094337154656,277.0894678032163,0,0,0.1
core_prophet_frozen_s42,prophet,frozen,selected,42,3,2025-01-27 01:00:00,2025-01-31 15:00:00,111,321.23,True,True,315.8052134869445,-3.4303094337154656,312.37490405322905,0,0,0.1
core_prophet_frozen_s42,prophet,frozen,selected,42,3,2025-01-27 01:00:00,2025-01-31 16:00:00,112,312.55,True,True,320.051353756564,-3.4303094337154656,316.62104432284855,0,0,0.1
core_prophet_frozen_s42,prophet,frozen,selected,42,3,2025-01-27 01:00:00,2025-01-31 17:00:00,113,280.14,True,True,295.7057772532756,-3.4303094337154656,292.2754678195601,0,0,0.1
core_prophet_frozen_s42,prophet,frozen,selected,42,3,2025-01-27 01:00:00,2025-01-31 18:00:00,114,249.81,True,True,269.2085710789353,-3.4303094337154656,265.7782616452198,0,0,0.1
core_prophet_frozen_s42,prophet,frozen,selected,42,3,2025-01-27 01:00:00,2025-01-31 19:00:00,115,227.14,True,True,251.77394794973455,-3.4303094337154656,248.34363851601907,0,0,0.1
core_prophet_frozen_s42,prophet,frozen,selected,42,3,2025-01-27 01:00:00,2025-01-31 20:00:00,116,195.36,True,True,224.67575741201117,-3.4303094337154656,221.2454479782957,0,0,0.1
core_prophet_frozen_s42,prophet,frozen,selected,42,3,2025-01-27 01:00:00,2025-01-31 21:00:00,117,156.86,True,True,196.08838482836805,-3.4303094337154656,192.65807539465257,0,0,0.1
core_prophet_frozen_s42,prophet,frozen,selected,42,3,2025-01-27 01:00:00,2025-01-31 22:00:00,118,129.94,True,True,189.1955920739857,-3.4303094337154656,185.76528264027021,0,0,0.1
core_prophet_frozen_s42,prophet,frozen,selected,42,3,2025-01-27 01:00:00,2025-01-31 23:00:00,119,159.68,True,True,228.49963819347195,-3.4303094337154656,225.06932875975647,0,0,0.1
core_prophet_frozen_s42,prophet,frozen,selected,42,3,2025-01-27 01:00:00,2025-02-01 00:00:00,120,211.81,True,True,280.6774717622167,-3.4303094337154656,277.24716232850125,0,0,0.1
core_prophet_frozen_s42,prophet,frozen,selected,42,3,2025-01-27 01:00:00,2025-02-01 01:00:00,121,242.1,True,True,314.2949279003466,-3.4303094337154656,310.8646184666311,0,0,0.1
core_prophet_frozen_s42,prophet,frozen,selected,42,3,2025-01-27 01:00:00,2025-02-01 02:00:00,122,240.34,True,True,308.92294418722537,-3.4303094337154656,305.4926347535099,0,0,0.1
core_prophet_frozen_s42,prophet,frozen,selected,42,3,2025-01-27 01:00:00,2025-02-01 03:00:00,123,220.96,True,True,284.7434450138742,-3.4303094337154656,281.3131355801587,0,0,0.1
core_prophet_frozen_s42,prophet,frozen,selected,42,3,2025-01-27 01:00:00,2025-02-01 04:00:00,124,199.11,True,True,262.3218764300446,-3.4303094337154656,258.8915669963291,0,0,0.1
core_prophet_frozen_s42,prophet,frozen,selected,42,3,2025-01-27 01:00:00,2025-02-01 05:00:00,125,189.78,True,True,263.37387247820163,-3.4303094337154656,259.94356304448615,0,0,0.1
core_prophet_frozen_s42,prophet,frozen,selected,42,3,2025-01-27 01:00:00,2025-02-01 06:00:00,126,167.94,True,True,253.33299517796175,-3.4303094337154656,249.90268574424627,0,0,0.1
core_prophet_frozen_s42,prophet,frozen,selected,42,3,2025-01-27 01:00:00,2025-02-01 07:00:00,127,146.11,True,True,232.11302079798483,-3.4303094337154656,228.68271136426935,0,0,0.1
core_prophet_frozen_s42,prophet,frozen,selected,42,3,2025-01-27 01:00:00,2025-02-01 08:00:00,128,137.39,True,True,202.68944581438717,-3.4303094337154656,199.2591363806717,0,0,0.1
core_prophet_frozen_s42,prophet,frozen,selected,42,3,2025-01-27 01:00:00,2025-02-01 09:00:00,129,138.12,True,True,171.9312212908776,-3.4303094337154656,168.50091185716212,0,0,0.1
core_prophet_frozen_s42,prophet,frozen,selected,42,3,2025-01-27 01:00:00,2025-02-01 10:00:00,130,157.66,True,True,169.01165020237792,-3.4303094337154656,165.58134076866244,0,0,0.1
core_prophet_frozen_s42,prophet,frozen,selected,42,3,2025-01-27 01:00:00,2025-02-01 11:00:00,131,200.63,True,True,201.4547278026102,-3.4303094337154656,198.02441836889471,0,0,0.1
core_prophet_frozen_s42,prophet,frozen,selected,42,3,2025-01-27 01:00:00,2025-02-01 12:00:00,132,247.86,True,True,249.9269822151865,-3.4303094337154656,246.49667278147103,0,0,0.1
core_prophet_frozen_s42,prophet,frozen,selected,42,3,2025-01-27 01:00:00,2025-02-01 13:00:00,133,320.37,True,True,340.5704022766868,-3.4303094337154656,337.14009284297134,0,0,0.1
core_prophet_frozen_s42,prophet,frozen,selected,42,3,2025-01-27 01:00:00,2025-02-01 14:00:00,134,426.87,True,True,459.3013152141925,-3.4303094337154656,455.87100578047705,0,0,0.1
core_prophet_frozen_s42,prophet,frozen,selected,42,3,2025-01-27 01:00:00,2025-02-01 15:00:00,135,502.45,True,True,549.601698973604,-3.4303094337154656,546.1713895398885,0,0,0.1
core_prophet_frozen_s42,prophet,frozen,selected,42,3,2025-01-27 01:00:00,2025-02-01 16:00:00,136,521.88,True,True,575.8849475797826,-3.4303094337154656,572.4546381460672,0,0,0.1
core_prophet_frozen_s42,prophet,frozen,selected,42,3,2025-01-27 01:00:00,2025-02-01 17:00:00,137,526.15,True,True,589.7959309284699,-3.4303094337154656,586.3656214947545,0,0,0.1
core_prophet_frozen_s42,prophet,frozen,selected,42,3,2025-01-27 01:00:00,2025-02-01 18:00:00,138,526.82,True,True,601.8295185459065,-3.4303094337154656,598.399209112191,0,0,0.1
core_prophet_frozen_s42,prophet,frozen,selected,42,3,2025-01-27 01:00:00,2025-02-01 19:00:00,139,506.91,True,True,582.5850725809404,-3.4303094337154656,579.1547631472249,0,0,0.1
core_prophet_frozen_s42,prophet,frozen,selected,42,3,2025-01-27 01:00:00,2025-02-01 20:00:00,140,467.43,True,True,551.3908281056508,-3.4303094337154656,547.9605186719353,0,0,0.1
core_prophet_frozen_s42,prophet,frozen,selected,42,3,2025-01-27 01:00:00,2025-02-01 21:00:00,141,422.28,True,True,507.8888726049914,-3.4303094337154656,504.4585631712759,0,0,0.1
core_prophet_frozen_s42,prophet,frozen,selected,42,3,2025-01-27 01:00:00,2025-02-01 22:00:00,142,372.48,True,True,457.447200822781,-3.4303094337154656,454.0168913890655,0,0,0.1
core_prophet_frozen_s42,prophet,frozen,selected,42,3,2025-01-27 01:00:00,2025-02-01 23:00:00,143,364.71,True,True,453.0818649182533,-3.4303094337154656,449.6515554845378,0,0,0.1
core_prophet_frozen_s42,prophet,frozen,selected,42,3,2025-01-27 01:00:00,2025-02-02 00:00:00,144,381.4,True,True,467.5622551140193,-3.4303094337154656,464.13194568030383,0,0,0.1
core_prophet_frozen_s42,prophet,frozen,selected,42,3,2025-01-27 01:00:00,2025-02-02 01:00:00,145,343.87,True,True,429.7948674230929,-3.4303094337154656,426.36455798937743,0,0,0.1
core_prophet_frozen_s42,prophet,frozen,selected,42,3,2025-01-27 01:00:00,2025-02-02 02:00:00,146,222.08,True,True,298.44363256059705,-3.4303094337154656,295.0133231268816,0,0,0.1
core_prophet_frozen_s42,prophet,frozen,selected,42,3,2025-01-27 01:00:00,2025-02-02 03:00:00,147,95.01,True,True,133.97643399708272,-3.4303094337154656,130.54612456336724,0,0,0.1
core_prophet_frozen_s42,prophet,frozen,selected,42,3,2025-01-27 01:00:00,2025-02-02 04:00:00,148,18.71,True,True,34.48467863985542,-3.4303094337154656,31.054369206139953,0,0,0.1
core_prophet_frozen_s42,prophet,frozen,selected,42,3,2025-01-27 01:00:00,2025-02-02 05:00:00,149,10.31,True,True,25.038086610292765,-3.4303094337154656,21.6077771765773,0,0,0.1
core_prophet_frozen_s42,prophet,frozen,selected,42,3,2025-01-27 01:00:00,2025-02-02 06:00:00,150,9.09,True,True,22.1285906826206,-3.4303094337154656,18.698281248905136,0,0,0.1
core_prophet_frozen_s42,prophet,frozen,selected,42,3,2025-01-27 01:00:00,2025-02-02 07:00:00,151,9.79,True,True,15.317483713710516,-3.4303094337154656,11.887174279995051,0,0,0.1
core_prophet_frozen_s42,prophet,frozen,selected,42,3,2025-01-27 01:00:00,2025-02-02 08:00:00,152,12.6,True,True,9.63953174440374,-3.4303094337154656,6.209222310688275,0,0,0.1
core_prophet_frozen_s42,prophet,frozen,selected,42,3,2025-01-27 01:00:00,2025-02-02 09:00:00,153,15.33,True,True,5.957342518673556,-3.4303094337154656,2.5270330849580906,0,0,0.1
core_prophet_frozen_s42,prophet,frozen,selected,42,3,2025-01-27 01:00:00,2025-02-02 10:00:00,154,18.29,True,True,3.327936354276204,-3.4303094337154656,-0.10237307943926144,0,0,0.1
core_prophet_frozen_s42,prophet,frozen,selected,42,3,2025-01-27 01:00:00,2025-02-02 11:00:00,155,23.83,True,True,-1.4076776710135732,-3.4303094337154656,-4.837987104729039,0,0,0.1
core_prophet_frozen_s42,prophet,frozen,selected,42,3,2025-01-27 01:00:00,2025-02-02 12:00:00,156,29.43,True,True,-2.7127400959725207,-3.4303094337154656,-6.143049529687986,0,0,0.1
core_prophet_frozen_s42,prophet,frozen,selected,42,3,2025-01-27 01:00:00,2025-02-02 13:00:00,157,31.91,True,True,-2.9529303057054506,-3.4303094337154656,-6.383239739420916,0,0,0.1
core_prophet_frozen_s42,prophet,frozen,selected,42,3,2025-01-27 01:00:00,2025-02-02 14:00:00,158,33.06,True,True,0.9421913231137752,-3.4303094337154656,-2.4881181106016905,0,0,0.1
core_prophet_frozen_s42,prophet,frozen,selected,42,3,2025-01-27 01:00:00,2025-02-02 15:00:00,159,29.21,True,True,1.7301354257821515,-3.4303094337154656,-1.700174007933314,0,0,0.1
core_prophet_frozen_s42,prophet,frozen,selected,42,3,2025-01-27 01:00:00,2025-02-02 16:00:00,160,19.38,True,True,-6.608306000048941,-3.4303094337154656,-10.038615433764406,0,0,0.1
core_prophet_frozen_s42,prophet,frozen,selected,42,3,2025-01-27 01:00:00,2025-02-02 17:00:00,161,15.9,True,True,-6.705930232423015,-3.4303094337154656,-10.13623966613848,0,0,0.1
core_prophet_frozen_s42,prophet,frozen,selected,42,3,2025-01-27 01:00:00,2025-02-02 18:00:00,162,14.32,True,True,-3.6840596810494617,-3.4303094337154656,-7.114369114764927,0,0,0.1
core_prophet_frozen_s42,prophet,frozen,selected,42,3,2025-01-27 01:00:00,2025-02-02 19:00:00,163,13.38,True,True,1.6486390993342752,-3.4303094337154656,-1.7816703343811904,0,0,0.1
core_prophet_frozen_s42,prophet,frozen,selected,42,3,2025-01-27 01:00:00,2025-02-02 20:00:00,164,15.11,True,True,11.653450859518813,-3.4303094337154656,8.223141425803348,0,0,0.1
core_prophet_frozen_s42,prophet,frozen,selected,42,3,2025-01-27 01:00:00,2025-02-02 21:00:00,165,17.57,True,True,20.61961994032697,-3.4303094337154656,17.189310506611506,0,0,0.1
core_prophet_frozen_s42,prophet,frozen,selected,42,3,2025-01-27 01:00:00,2025-02-02 22:00:00,166,21.83,True,True,29.34754241312825,-3.4303094337154656,25.917232979412784,0,0,0.1
core_prophet_frozen_s42,prophet,frozen,selected,42,3,2025-01-27 01:00:00,2025-02-02 23:00:00,167,36.86,True,True,53.38608160165455,-3.4303094337154656,49.95577216793909,0,0,0.1
core_prophet_frozen_s42,prophet,frozen,selected,42,3,2025-01-27 01:00:00,2025-02-03 00:00:00,168,51.7,True,True,79.15063104309982,-3.4303094337154656,75.72032160938436,0,0,0.1
core_prophet_frozen_s42,prophet,frozen,selected,42,4,2025-02-03 01:00:00,2025-02-03 01:00:00,1,55.42,True,True,74.11040810566462,-4.439864476094657,69.67054362956996,0,0,0.1
core_prophet_frozen_s42,prophet,frozen,selected,42,4,2025-02-03 01:00:00,2025-02-03 02:00:00,2,43.6,True,True,46.834488329473146,-4.439864476094657,42.39462385337849,0,0,0.1
core_prophet_frozen_s42,prophet,frozen,selected,42,4,2025-02-03 01:00:00,2025-02-03 03:00:00,3,28.53,True,True,26.18840741539475,-4.439864476094657,21.748542939300094,0,0,0.1
core_prophet_frozen_s42,prophet,frozen,selected,42,4,2025-02-03 01:00:00,2025-02-03 04:00:00,4,17.01,True,True,14.72447839831466,-4.439864476094657,10.284613922220004,0,0,0.1
core_prophet_frozen_s42,prophet,frozen,selected,42,4,2025-02-03 01:00:00,2025-02-03 05:00:00,5,14.43,True,True,17.101778153125224,-4.439864476094657,12.661913677030567,0,0,0.1
core_prophet_frozen_s42,prophet,frozen,selected,42,4,2025-02-03 01:00:00,2025-02-03 06:00:00,6,12.54,True,True,15.205741476078202,-4.439864476094657,10.765876999983545,0,0,0.1
core_prophet_frozen_s42,prophet,frozen,selected,42,4,2025-02-03 01:00:00,2025-02-03 07:00:00,7,12.41,True,True,9.866819815071068,-4.439864476094657,5.426955338976411,0,0,0.1
core_prophet_frozen_s42,prophet,frozen,selected,42,4,2025-02-03 01:00:00,2025-02-03 08:00:00,8,14.61,True,True,4.805509324417557,-4.439864476094657,0.36564484832289956,0,0,0.1
core_prophet_frozen_s42,prophet,frozen,selected,42,4,2025-02-03 01:00:00,2025-02-03 09:00:00,9,17.2,True,True,3.0377231778379894,-4.439864476094657,-1.4021412982566677,0,0,0.1
core_prophet_frozen_s42,prophet,frozen,selected,42,4,2025-02-03 01:00:00,2025-02-03 10:00:00,10,19.84,True,True,1.9152504490484148,-4.439864476094657,-2.5246140270462423,0,0,0.1
core_prophet_frozen_s42,prophet,frozen,selected,42,4,2025-02-03 01:00:00,2025-02-03 11:00:00,11,24.81,True,True,-5.143299134734718,-4.439864476094657,-9.583163610829375,0,0,0.1
core_prophet_frozen_s42,prophet,frozen,selected,42,4,2025-02-03 01:00:00,2025-02-03 12:00:00,12,29.45,True,True,-7.106583495294842,-4.439864476094657,-11.5464479713895,0,0,0.1
core_prophet_frozen_s42,prophet,frozen,selected,42,4,2025-02-03 01:00:00,2025-02-03 13:00:00,13,32.74,True,True,-4.391430389105182,-4.439864476094657,-8.831294865199839,0,0,0.1
core_prophet_frozen_s42,prophet,frozen,selected,42,4,2025-02-03 01:00:00,2025-02-03 14:00:00,14,38.83,True,True,10.474490375225828,-4.439864476094657,6.034625899131171,0,0,0.1
core_prophet_frozen_s42,prophet,frozen,selected,42,4,2025-02-03 01:00:00,2025-02-03 15:00:00,15,38.19,True,True,19.19683950010881,-4.439864476094657,14.756975024014151,0,0,0.1
core_prophet_frozen_s42,prophet,frozen,selected,42,4,2025-02-03 01:00:00,2025-02-03 16:00:00,16,28.18,True,True,14.891089437062988,-4.439864476094657,10.45122496096833,0,0,0.1
core_prophet_frozen_s42,prophet,frozen,selected,42,4,2025-02-03 01:00:00,2025-02-03 17:00:00,17,22.91,True,True,12.415538745726565,-4.439864476094657,7.975674269631908,0,0,0.1
core_prophet_frozen_s42,prophet,frozen,selected,42,4,2025-02-03 01:00:00,2025-02-03 18:00:00,18,21.8,True,True,13.80101661352333,-4.439864476094657,9.361152137428673,0,0,0.1
core_prophet_frozen_s42,prophet,frozen,selected,42,4,2025-02-03 01:00:00,2025-02-03 19:00:00,19,22.49,True,True,19.570597752585456,-4.439864476094657,15.1307332764908,0,0,0.1
core_prophet_frozen_s42,prophet,frozen,selected,42,4,2025-02-03 01:00:00,2025-02-03 20:00:00,20,24.92,True,True,26.884914730955387,-4.439864476094657,22.445050254860732,0,0,0.1
core_prophet_frozen_s42,prophet,frozen,selected,42,4,2025-02-03 01:00:00,2025-02-03 21:00:00,21,28.28,True,True,32.41133889288258,-4.439864476094657,27.971474416787927,0,0,0.1
core_prophet_frozen_s42,prophet,frozen,selected,42,4,2025-02-03 01:00:00,2025-02-03 22:00:00,22,34.36,True,True,40.45532221487844,-4.439864476094657,36.01545773878379,0,0,0.1
core_prophet_frozen_s42,prophet,frozen,selected,42,4,2025-02-03 01:00:00,2025-02-03 23:00:00,23,60.44,True,True,76.32380274154147,-4.439864476094657,71.88393826544682,0,0,0.1
core_prophet_frozen_s42,prophet,frozen,selected,42,4,2025-02-03 01:00:00,2025-02-04 00:00:00,24,93.43,True,True,104.83676052693136,-4.439864476094657,100.3968960508367,0,0,0.1
core_prophet_frozen_s42,prophet,frozen,selected,42,4,2025-02-03 01:00:00,2025-02-04 01:00:00,25,123.06,True,True,123.11823230887477,-4.439864476094657,118.67836783278011,0,0,0.1
core_prophet_frozen_s42,prophet,frozen,selected,42,4,2025-02-03 01:00:00,2025-02-04 02:00:00,26,162.76,True,True,155.681905289508,-4.439864476094657,151.24204081341333,0,0,0.1
core_prophet_frozen_s42,prophet,frozen,selected,42,4,2025-02-03 01:00:00,2025-02-04 03:00:00,27,212.93,True,True,205.76011729759028,-4.439864476094657,201.32025282149561,0,0,0.1
core_prophet_frozen_s42,prophet,frozen,selected,42,4,2025-02-03 01:00:00,2025-02-04 04:00:00,28,208.66,True,True,210.52983268523195,-4.439864476094657,206.08996820913728,0,0,0.1
core_prophet_frozen_s42,prophet,frozen,selected,42,4,2025-02-03 01:00:00,2025-02-04 05:00:00,29,113.94,True,True,130.00185886627156,-4.439864476094657,125.5619943901769,0,0,0.1
core_prophet_frozen_s42,prophet,frozen,selected,42,4,2025-02-03 01:00:00,2025-02-04 06:00:00,30,40.29,True,True,51.48233747533635,-4.439864476094657,47.042472999241696,0,0,0.1
core_prophet_frozen_s42,prophet,frozen,selected,42,4,2025-02-03 01:00:00,2025-02-04 07:00:00,31,16.86,True,True,12.465391875599067,-4.439864476094657,8.02552739950441,0,0,0.1
core_prophet_frozen_s42,prophet,frozen,selected,42,4,2025-02-03 01:00:00,2025-02-04 08:00:00,32,15.84,True,True,3.973564348637467,-4.439864476094657,-0.4663001274571901,0,0,0.1
core_prophet_frozen_s42,prophet,frozen,selected,42,4,2025-02-03 01:00:00,2025-02-04 09:00:00,33,15.42,True,True,-2.251985145766099,-4.439864476094657,-6.691849621860756,0,0,0.1
core_prophet_frozen_s42,prophet,frozen,selected,42,4,2025-02-03 01:00:00,2025-02-04 10:00:00,34,16.0,True,True,-10.65218262142335,-4.439864476094657,-15.092047097518007,0,0,0.1
core_prophet_frozen_s42,prophet,frozen,selected,42,4,2025-02-03 01:00:00,2025-02-04 11:00:00,35,17.62,True,True,-26.020830090030078,-4.439864476094657,-30.460694566124737,0,0,0.1
core_prophet_frozen_s42,prophet,frozen,selected,42,4,2025-02-03 01:00:00,2025-02-04 12:00:00,36,18.73,True,True,-36.82788439004801,-4.439864476094657,-41.26774886614267,0,0,0.1
core_prophet_frozen_s42,prophet,frozen,selected,42,4,2025-02-03 01:00:00,2025-02-04 13:00:00,37,18.81,True,True,-38.73438474893271,-4.439864476094657,-43.17424922502737,0,0,0.1
core_prophet_frozen_s42,prophet,frozen,selected,42,4,2025-02-03 01:00:00,2025-02-04 14:00:00,38,21.06,True,True,-29.153300691534863,-4.439864476094657,-33.59316516762952,0,0,0.1
core_prophet_frozen_s42,prophet,frozen,selected,42,4,2025-02-03 01:00:00,2025-02-04 15:00:00,39,19.95,True,True,-20.62366523200396,-4.439864476094657,-25.06352970809862,0,0,0.1
core_prophet_frozen_s42,prophet,frozen,selected,42,4,2025-02-03 01:00:00,2025-02-04 16:00:00,40,15.03,True,True,-16.65818409384505,-4.439864476094657,-21.098048569939706,0,0,0.1
core_prophet_frozen_s42,prophet,frozen,selected,42,4,2025-02-03 01:00:00,2025-02-04 17:00:00,41,15.73,True,True,-6.05464563301237,-4.439864476094657,-10.494510109107027,0,0,0.1
core_prophet_frozen_s42,prophet,frozen,selected,42,4,2025-02-03 01:00:00,2025-02-04 18:00:00,42,18.61,True,True,6.316963370813198,-4.439864476094657,1.8770988947185412,0,0,0.1
core_prophet_frozen_s42,prophet,frozen,selected,42,4,2025-02-03 01:00:00,2025-02-04 19:00:00,43,30.82,True,True,35.14549764257464,-4.439864476094657,30.705633166479984,0,0,0.1
core_prophet_frozen_s42,prophet,frozen,selected,42,4,2025-02-03 01:00:00,2025-02-04 20:00:00,44,54.86,True,True,75.26794141536504,-4.439864476094657,70.82807693927039,0,0,0.1
core_prophet_frozen_s42,prophet,frozen,selected,42,4,2025-02-03 01:00:00,2025-02-04 21:00:00,45,80.88,True,True,105.12053379226128,-4.439864476094657,100.68066931616663,0,0,0.1
core_prophet_frozen_s42,prophet,frozen,selected,42,4,2025-02-03 01:00:00,2025-02-04 22:00:00,46,112.64,True,True,133.74152902889176,-4.439864476094657,129.3016645527971,0,0,0.1
core_prophet_frozen_s42,prophet,frozen,selected,42,4,2025-02-03 01:00:00,2025-02-04 23:00:00,47,169.75,True,True,190.50073208116095,-4.439864476094657,186.06086760506628,0,0,0.1
core_prophet_frozen_s42,prophet,frozen,selected,42,4,2025-02-03 01:00:00,2025-02-05 00:00:00,48,167.55,True,True,188.86560497278077,-4.439864476094657,184.4257404966861,0,0,0.1
core_prophet_frozen_s42,prophet,frozen,selected,42,4,2025-02-03 01:00:00,2025-02-05 01:00:00,49,117.83,True,True,127.38161216971146,-4.439864476094657,122.9417476936168,0,0,0.1
core_prophet_frozen_s42,prophet,frozen,selected,42,4,2025-02-03 01:00:00,2025-02-05 02:00:00,50,99.61,True,True,88.31923606953032,-4.439864476094657,83.87937159343566,0,0,0.1
core_prophet_frozen_s42,prophet,frozen,selected,42,4,2025-02-03 01:00:00,2025-02-05 03:00:00,51,68.83,True,True,45.36242031450695,-4.439864476094657,40.92255583841229,0,0,0.1
core_prophet_frozen_s42,prophet,frozen,selected,42,4,2025-02-03 01:00:00,2025-02-05 04:00:00,52,33.97,True,True,16.631472353018637,-4.439864476094657,12.19160787692398,0,0,0.1
core_prophet_frozen_s42,prophet,frozen,selected,42,4,2025-02-03 01:00:00,2025-02-05 05:00:00,53,24.15,True,True,18.878949567094796,-4.439864476094657,14.43908509100014,0,0,0.1
core_prophet_frozen_s42,prophet,frozen,selected,42,4,2025-02-03 01:00:00,2025-02-05 06:00:00,54,20.67,True,True,19.76064351510945,-4.439864476094657,15.320779039014793,0,0,0.1
core_prophet_frozen_s42,prophet,frozen,selected,42,4,2025-02-03 01:00:00,2025-02-05 07:00:00,55,26.18,True,True,26.15073688865309,-4.439864476094657,21.71087241255843,0,0,0.1
core_prophet_frozen_s42,prophet,frozen,selected,42,4,2025-02-03 01:00:00,2025-02-05 08:00:00,56,46.05,True,True,49.39375311005395,-4.439864476094657,44.953888633959295,0,0,0.1
core_prophet_frozen_s42,prophet,frozen,selected,42,4,2025-02-03 01:00:00,2025-02-05 09:00:00,57,69.12,True,True,73.66580886273272,-4.439864476094657,69.22594438663806,0,0,0.1
core_prophet_frozen_s42,prophet,frozen,selected,42,4,2025-02-03 01:00:00,2025-02-05 10:00:00,58,96.72,True,True,95.6180886655756,-4.439864476094657,91.17822418948094,0,0,0.1
core_prophet_frozen_s42,prophet,frozen,selected,42,4,2025-02-03 01:00:00,2025-02-05 11:00:00,59,132.75,True,True,126.4481619391654,-4.439864476094657,122.00829746307075,0,0,0.1
core_prophet_frozen_s42,prophet,frozen,selected,42,4,2025-02-03 01:00:00,2025-02-05 12:00:00,60,159.49,True,True,155.1095101633304,-4.439864476094657,150.66964568723574,0,0,0.1
core_prophet_frozen_s42,prophet,frozen,selected,42,4,2025-02-03 01:00:00,2025-02-05 13:00:00,61,209.95,True,True,208.58975514028316,-4.439864476094657,204.1498906641885,0,0,0.1
core_prophet_frozen_s42,prophet,frozen,selected,42,4,2025-02-03 01:00:00,2025-02-05 14:00:00,62,299.41,True,True,297.2290662917589,-4.439864476094657,292.7892018156642,0,0,0.1
core_prophet_frozen_s42,prophet,frozen,selected,42,4,2025-02-03 01:00:00,2025-02-05 15:00:00,63,349.95,True,True,353.606730350262,-4.439864476094657,349.16686587416734,0,0,0.1
core_prophet_frozen_s42,prophet,frozen,selected,42,4,2025-02-03 01:00:00,2025-02-05 16:00:00,64,339.88,True,True,357.2651095311914,-4.439864476094657,352.82524505509673,0,0,0.1
core_prophet_frozen_s42,prophet,frozen,selected,42,4,2025-02-03 01:00:00,2025-02-05 17:00:00,65,325.53,True,True,352.3869270956394,-4.439864476094657,347.94706261954474,0,0,0.1
core_prophet_frozen_s42,prophet,frozen,selected,42,4,2025-02-03 01:00:00,2025-02-05 18:00:00,66,321.12,True,True,348.8493546754969,-4.439864476094657,344.4094901994022,0,0,0.1
core_prophet_frozen_s42,prophet,frozen,selected,42,4,2025-02-03 01:00:00,2025-02-05 19:00:00,67,310.07,True,True,345.68771414154,-4.439864476094657,341.24784966544536,0,0,0.1
core_prophet_frozen_s42,prophet,frozen,selected,42,4,2025-02-03 01:00:00,2025-02-05 20:00:00,68,279.94,True,True,319.6036950114616,-4.439864476094657,315.1638305353669,0,0,0.1
core_prophet_frozen_s42,prophet,frozen,selected,42,4,2025-02-03 01:00:00,2025-02-05 21:00:00,69,232.13,True,True,271.6747116533946,-4.439864476094657,267.2348471772999,0,0,0.1
core_prophet_frozen_s42,prophet,frozen,selected,42,4,2025-02-03 01:00:00,2025-02-05 22:00:00,70,164.48,True,True,202.37210149136436,-4.439864476094657,197.9322370152697,0,0,0.1
core_prophet_frozen_s42,prophet,frozen,selected,42,4,2025-02-03 01:00:00,2025-02-05 23:00:00,71,145.31,True,True,179.9793333109471,-4.439864476094657,175.53946883485244,0,0,0.1
core_prophet_frozen_s42,prophet,frozen,selected,42,4,2025-02-03 01:00:00,2025-02-06 00:00:00,72,124.31,True,True,164.05758708155238,-4.439864476094657,159.61772260545771,0,0,0.1
core_prophet_frozen_s42,prophet,frozen,selected,42,4,2025-02-03 01:00:00,2025-02-06 01:00:00,73,64.01,True,True,91.7760445603376,-4.439864476094657,87.33618008424294,0,0,0.1
core_prophet_frozen_s42,prophet,frozen,selected,42,4,2025-02-03 01:00:00,2025-02-06 02:00:00,74,51.25,True,True,66.68687668583587,-4.439864476094657,62.247012209741214,0,0,0.1
core_prophet_frozen_s42,prophet,frozen,selected,42,4,2025-02-03 01:00:00,2025-02-06 03:00:00,75,42.05,True,True,52.63678711458331,-4.439864476094657,48.19692263848866,0,0,0.1
core_prophet_frozen_s42,prophet,frozen,selected,42,4,2025-02-03 01:00:00,2025-02-06 04:00:00,76,28.94,True,True,41.48052245482748,-4.439864476094657,37.040657978732824,0,0,0.1
core_prophet_frozen_s42,prophet,frozen,selected,42,4,2025-02-03 01:00:00,2025-02-06 05:00:00,77,17.66,True,True,34.70306183641739,-4.439864476094657,30.263197360322735,0,0,0.1
core_prophet_frozen_s42,prophet,frozen,selected,42,4,2025-02-03 01:00:00,2025-02-06 06:00:00,78,11.63,True,True,28.083600543890554,-4.439864476094657,23.6437360677959,0,0,0.1
core_prophet_frozen_s42,prophet,frozen,selected,42,4,2025-02-03 01:00:00,2025-02-06 07:00:00,79,8.2,True,True,14.799269558342928,-4.439864476094657,10.359405082248271,0,0,0.1
core_prophet_frozen_s42,prophet,frozen,selected,42,4,2025-02-03 01:00:00,2025-02-06 08:00:00,80,7.68,True,True,0.3880771461126642,-4.439864476094657,-4.051787329981993,0,0,0.1
core_prophet_frozen_s42,prophet,frozen,selected,42,4,2025-02-03 01:00:00,2025-02-06 09:00:00,81,7.48,True,True,-14.315155921319416,-4.439864476094657,-18.75502039741407,0,0,0.1
core_prophet_frozen_s42,prophet,frozen,selected,42,4,2025-02-03 01:00:00,2025-02-06 10:00:00,82,7.78,True,True,-28.36494043414845,-4.439864476094657,-32.80480491024311,0,0,0.1
core_prophet_frozen_s42,prophet,frozen,selected,42,4,2025-02-03 01:00:00,2025-02-06 11:00:00,83,9.8,True,True,-38.97055533712336,-4.439864476094657,-43.41041981321801,0,0,0.1
core_prophet_frozen_s42,prophet,frozen,selected,42,4,2025-02-03 01:00:00,2025-02-06 12:00:00,84,11.15,True,True,-43.414369200979394,-4.439864476094657,-47.85423367707405,0,0,0.1
core_prophet_frozen_s42,prophet,frozen,selected,42,4,2025-02-03 01:00:00,2025-02-06 13:00:00,85,11.4,True,True,-41.944543395649646,-4.439864476094657,-46.3844078717443,0,0,0.1
core_prophet_frozen_s42,prophet,frozen,selected,42,4,2025-02-03 01:00:00,2025-02-06 14:00:00,86,12.78,True,True,-32.62870291696572,-4.439864476094657,-37.06856739306038,0,0,0.1
core_prophet_frozen_s42,prophet,frozen,selected,42,4,2025-02-03 01:00:00,2025-02-06 15:00:00,87,11.88,True,True,-24.68005210216964,-4.439864476094657,-29.119916578264295,0,0,0.1
core_prophet_frozen_s42,prophet,frozen,selected,42,4,2025-02-03 01:00:00,2025-02-06 16:00:00,88,7.67,True,True,-22.28563054731532,-4.439864476094657,-26.725495023409977,0,0,0.1
core_prophet_frozen_s42,prophet,frozen,selected,42,4,2025-02-03 01:00:00,2025-02-06 17:00:00,89,6.63,True,True,-17.352075323968734,-4.439864476094657,-21.79193980006339,0,0,0.1
core_prophet_frozen_s42,prophet,frozen,selected,42,4,2025-02-03 01:00:00,2025-02-06 18:00:00,90,6.79,True,True,-10.114948941034925,-4.439864476094657,-14.554813417129582,0,0,0.1
core_prophet_frozen_s42,prophet,frozen,selected,42,4,2025-02-03 01:00:00,2025-02-06 19:00:00,91,7.07,True,True,-2.5584452328371583,-4.439864476094657,-6.998309708931815,0,0,0.1
core_prophet_frozen_s42,prophet,frozen,selected,42,4,2025-02-03 01:00:00,2025-02-06 20:00:00,92,7.5,True,True,5.112122461011438,-4.439864476094657,0.6722579849167811,0,0,0.1
core_prophet_frozen_s42,prophet,frozen,selected,42,4,2025-02-03 01:00:00,2025-02-06 21:00:00,93,8.33,True,True,10.780687864162047,-4.439864476094657,6.34082338806739,0,0,0.1
core_prophet_frozen_s42,prophet,frozen,selected,42,4,2025-02-03 01:00:00,2025-02-06 22:00:00,94,10.64,True,True,15.34044844084815,-4.439864476094657,10.900583964753492,0,0,0.1
core_prophet_frozen_s42,prophet,frozen,selected,42,4,2025-02-03 01:00:00,2025-02-06 23:00:00,95,20.72,True,True,29.27347933768411,-4.439864476094657,24.833614861589453,0,0,0.1
core_prophet_frozen_s42,prophet,frozen,selected,42,4,2025-02-03 01:00:00,2025-02-07 00:00:00,96,29.32,True,True,44.00249741539582,-4.439864476094657,39.56263293930117,0,0,0.1
core_prophet_frozen_s42,prophet,frozen,selected,42,4,2025-02-03 01:00:00,2025-02-07 01:00:00,97,32.32,True,True,39.299487291094266,-4.439864476094657,34.85962281499961,0,0,0.1
core_prophet_frozen_s42,prophet,frozen,selected,42,4,2025-02-03 01:00:00,2025-02-07 02:00:00,98,29.48,True,True,25.830734890681786,-4.439864476094657,21.390870414587127,0,0,0.1
core_prophet_frozen_s42,prophet,frozen,selected,42,4,2025-02-03 01:00:00,2025-02-07 03:00:00,99,23.51,True,True,19.9111094201202,-4.439864476094657,15.471244944025544,0,0,0.1
core_prophet_frozen_s42,prophet,frozen,selected,42,4,2025-02-03 01:00:00,2025-02-07 04:00:00,100,18.96,True,True,21.198346233924667,-4.439864476094657,16.758481757830012,0,0,0.1
core_prophet_frozen_s42,prophet,frozen,selected,42,4,2025-02-03 01:00:00,2025-02-07 05:00:00,101,18.04,True,True,26.74105420823122,-4.439864476094657,22.301189732136564,0,0,0.1
core_prophet_frozen_s42,prophet,frozen,selected,42,4,2025-02-03 01:00:00,2025-02-07 06:00:00,102,17.96,True,True,28.4811154316578,-4.439864476094657,24.041250955563143,0,0,0.1
core_prophet_frozen_s42,prophet,frozen,selected,42,4,2025-02-03 01:00:00,2025-02-07 07:00:00,103,18.43,True,True,23.0418844305363,-4.439864476094657,18.602019954441644,0,0,0.1
core_prophet_frozen_s42,prophet,frozen,selected,42,4,2025-02-03 01:00:00,2025-02-07 08:00:00,104,21.77,True,True,17.836580686844798,-4.439864476094657,13.39671621075014,0,0,0.1
core_prophet_frozen_s42,prophet,frozen,selected,42,4,2025-02-03 01:00:00,2025-02-07 09:00:00,105,25.12,True,True,17.739516832396987,-4.439864476094657,13.29965235630233,0,0,0.1
core_prophet_frozen_s42,prophet,frozen,selected,42,4,2025-02-03 01:00:00,2025-02-07 10:00:00,106,27.92,True,True,17.305007570098127,-4.439864476094657,12.86514309400347,0,0,0.1
core_prophet_frozen_s42,prophet,frozen,selected,42,4,2025-02-03 01:00:00,2025-02-07 11:00:00,107,32.41,True,True,7.88872406121834,-4.439864476094657,3.4488595851236825,0,0,0.1
core_prophet_frozen_s42,prophet,frozen,selected,42,4,2025-02-03 01:00:00,2025-02-07 12:00:00,108,35.77,True,True,1.6825807342706869,-4.439864476094657,-2.7572837418239704,0,0,0.1
core_prophet_frozen_s42,prophet,frozen,selected,42,4,2025-02-03 01:00:00,2025-02-07 13:00:00,109,35.92,True,True,0.1483024576606055,-4.439864476094657,-4.2915620184340515,0,0,0.1
core_prophet_frozen_s42,prophet,frozen,selected,42,4,2025-02-03 01:00:00,2025-02-07 14:00:00,110,37.64,True,True,7.496792029906459,-4.439864476094657,3.0569275538118017,0,0,0.1
core_prophet_frozen_s42,prophet,frozen,selected,42,4,2025-02-03 01:00:00,2025-02-07 15:00:00,111,34.69,True,True,11.702851440483188,-4.439864476094657,7.262986964388531,0,0,0.1
core_prophet_frozen_s42,prophet,frozen,selected,42,4,2025-02-03 01:00:00,2025-02-07 16:00:00,112,26.77,True,True,10.195649792427218,-4.439864476094657,5.755785316332561,0,0,0.1
core_prophet_frozen_s42,prophet,frozen,selected,42,4,2025-02-03 01:00:00,2025-02-07 17:00:00,113,22.49,True,True,9.15276895726882,-4.439864476094657,4.712904481174164,0,0,0.1
core_prophet_frozen_s42,prophet,frozen,selected,42,4,2025-02-03 01:00:00,2025-02-07 18:00:00,114,21.77,True,True,13.947189207116622,-4.439864476094657,9.507324731021965,0,0,0.1
core_prophet_frozen_s42,prophet,frozen,selected,42,4,2025-02-03 01:00:00,2025-02-07 19:00:00,115,22.34,True,True,21.11335354615815,-4.439864476094657,16.673489070063496,0,0,0.1
core_prophet_frozen_s42,prophet,frozen,selected,42,4,2025-02-03 01:00:00,2025-02-07 20:00:00,116,22.08,True,True,25.7415213746159,-4.439864476094657,21.301656898521244,0,0,0.1
core_prophet_frozen_s42,prophet,frozen,selected,42,4,2025-02-03 01:00:00,2025-02-07 21:00:00,117,21.78,True,True,28.420162799203663,-4.439864476094657,23.980298323109004,0,0,0.1
core_prophet_frozen_s42,prophet,frozen,selected,42,4,2025-02-03 01:00:00,2025-02-07 22:00:00,118,23.04,True,True,30.00409539881628,-4.439864476094657,25.56423092272162,0,0,0.1
core_prophet_frozen_s42,prophet,frozen,selected,42,4,2025-02-03 01:00:00,2025-02-07 23:00:00,119,33.25,True,True,45.5211816675741,-4.439864476094657,41.08131719147944,0,0,0.1
core_prophet_frozen_s42,prophet,frozen,selected,42,4,2025-02-03 01:00:00,2025-02-08 00:00:00,120,43.78,True,True,63.61161026225256,-4.439864476094657,59.171745786157906,0,0,0.1
core_prophet_frozen_s42,prophet,frozen,selected,42,4,2025-02-03 01:00:00,2025-02-08 01:00:00,121,47.44,True,True,58.160134965254485,-4.439864476094657,53.72027048915983,0,0,0.1
core_prophet_frozen_s42,prophet,frozen,selected,42,4,2025-02-03 01:00:00,2025-02-08 02:00:00,122,44.33,True,True,45.301788174099926,-4.439864476094657,40.86192369800527,0,0,0.1
core_prophet_frozen_s42,prophet,frozen,selected,42,4,2025-02-03 01:00:00,2025-02-08 03:00:00,123,37.35,True,True,37.37118698116274,-4.439864476094657,32.93132250506808,0,0,0.1
core_prophet_frozen_s42,prophet,frozen,selected,42,4,2025-02-03 01:00:00,2025-02-08 04:00:00,124,27.41,True,True,33.187183691848475,-4.439864476094657,28.74731921575382,0,0,0.1
core_prophet_frozen_s42,prophet,frozen,selected,42,4,2025-02-03 01:00:00,2025-02-08 05:00:00,125,22.84,True,True,35.65532027708201,-4.439864476094657,31.215455800987357,0,0,0.1
core_prophet_frozen_s42,prophet,frozen,selected,42,4,2025-02-03 01:00:00,2025-02-08 06:00:00,126,22.17,True,True,36.55490273468536,-4.439864476094657,32.11503825859071,0,0,0.1
core_prophet_frozen_s42,prophet,frozen,selected,42,4,2025-02-03 01:00:00,2025-02-08 07:00:00,127,23.37,True,True,34.200951084251614,-4.439864476094657,29.76108660815696,0,0,0.1
core_prophet_frozen_s42,prophet,frozen,selected,42,4,2025-02-03 01:00:00,2025-02-08 08:00:00,128,29.47,True,True,36.60874406686929,-4.439864476094657,32.16887959077464,0,0,0.1
core_prophet_frozen_s42,prophet,frozen,selected,42,4,2025-02-03 01:00:00,2025-02-08 09:00:00,129,38.82,True,True,46.47611873708286,-4.439864476094657,42.0362542609882,0,0,0.1
core_prophet_frozen_s42,prophet,frozen,selected,42,4,2025-02-03 01:00:00,2025-02-08 10:00:00,130,58.71,True,True,67.19188992972647,-4.439864476094657,62.752025453631816,0,0,0.1
core_prophet_frozen_s42,prophet,frozen,selected,42,4,2025-02-03 01:00:00,2025-02-08 11:00:00,131,96.73,True,True,95.5387298446468,-4.439864476094657,91.09886536855214,0,0,0.1
core_prophet_frozen_s42,prophet,frozen,selected,42,4,2025-02-03 01:00:00,2025-02-08 12:00:00,132,135.39,True,True,130.29732543141296,-4.439864476094657,125.8574609553183,0,0,0.1
core_prophet_frozen_s42,prophet,frozen,selected,42,4,2025-02-03 01:00:00,2025-02-08 13:00:00,133,193.36,True,True,187.96856478163872,-4.439864476094657,183.52870030554405,0,0,0.1
core_prophet_frozen_s42,prophet,frozen,selected,42,4,2025-02-03 01:00:00,2025-02-08 14:00:00,134,264.03,True,True,266.0956276556024,-4.439864476094657,261.65576317950774,0,0,0.1
core_prophet_frozen_s42,prophet,frozen,selected,42,4,2025-02-03 01:00:00,2025-02-08 15:00:00,135,279.81,True,True,289.94728740119905,-4.439864476094657,285.5074229251044,0,0,0.1
core_prophet_frozen_s42,prophet,frozen,selected,42,4,2025-02-03 01:00:00,2025-02-08 16:00:00,136,247.96,True,True,264.014546435214,-4.439864476094657,259.57468195911935,0,0,0.1
core_prophet_frozen_s42,prophet,frozen,selected,42,4,2025-02-03 01:00:00,2025-02-08 17:00:00,137,205.0,True,True,226.0581862525845,-4.439864476094657,221.61832177648984,0,0,0.1
core_prophet_frozen_s42,prophet,frozen,selected,42,4,2025-02-03 01:00:00,2025-02-08 18:00:00,138,167.87,True,True,191.77107575182717,-4.439864476094657,187.3312112757325,0,0,0.1
core_prophet_frozen_s42,prophet,frozen,selected,42,4,2025-02-03 01:00:00,2025-02-08 19:00:00,139,142.96,True,True,170.39354451536877,-4.439864476094657,165.9536800392741,0,0,0.1
core_prophet_frozen_s42,prophet,frozen,selected,42,4,2025-02-03 01:00:00,2025-02-08 20:00:00,140,128.73,True,True,159.81817286147452,-4.439864476094657,155.37830838537985,0,0,0.1
core_prophet_frozen_s42,prophet,frozen,selected,42,4,2025-02-03 01:00:00,2025-02-08 21:00:00,141,119.93,True,True,151.44896060097807,-4.439864476094657,147.0090961248834,0,0,0.1
core_prophet_frozen_s42,prophet,frozen,selected,42,4,2025-02-03 01:00:00,2025-02-08 22:00:00,142,113.39,True,True,143.59357595375752,-4.439864476094657,139.15371147766285,0,0,0.1
core_prophet_frozen_s42,prophet,frozen,selected,42,4,2025-02-03 01:00:00,2025-02-08 23:00:00,143,154.0,True,True,180.16284314555065,-4.439864476094657,175.72297866945598,0,0,0.1
core_prophet_frozen_s42,prophet,frozen,selected,42,4,2025-02-03 01:00:00,2025-02-09 00:00:00,144,209.21,True,True,233.77911397699685,-4.439864476094657,229.33924950090218,0,0,0.1
core_prophet_frozen_s42,prophet,frozen,selected,42,4,2025-02-03 01:00:00,2025-02-09 01:00:00,145,233.85,True,True,254.82530978321168,-4.439864476094657,250.385445307117,0,0,0.1
core_prophet_frozen_s42,prophet,frozen,selected,42,4,2025-02-03 01:00:00,2025-02-09 02:00:00,146,240.34,True,True,260.286071191466,-4.439864476094657,255.84620671537135,0,0,0.1
core_prophet_frozen_s42,prophet,frozen,selected,42,4,2025-02-03 01:00:00,2025-02-09 03:00:00,147,231.36,True,True,254.2417268308708,-4.439864476094657,249.80186235477612,0,0,0.1
core_prophet_frozen_s42,prophet,frozen,selected,42,4,2025-02-03 01:00:00,2025-02-09 04:00:00,148,118.64,True,True,121.52838886818468,-4.439864476094657,117.08852439209002,0,0,0.1
core_prophet_frozen_s42,prophet,frozen,selected,42,4,2025-02-03 01:00:00,2025-02-09 05:00:00,149,129.29,True,True,127.91741561334042,-4.439864476094657,123.47755113724577,0,0,0.1
core_prophet_frozen_s42,prophet,frozen,selected,42,4,2025-02-03 01:00:00,2025-02-09 06:00:00,150,137.33,True,True,134.18532952517631,-4.439864476094657,129.74546504908164,0,0,0.1
core_prophet_frozen_s42,prophet,frozen,selected,42,4,2025-02-03 01:00:00,2025-02-09 07:00:00,151,107.98,True,True,106.31936446082769,-4.439864476094657,101.87949998473303,0,0,0.1
core_prophet_frozen_s42,prophet,frozen,selected,42,4,2025-02-03 01:00:00,2025-02-09 08:00:00,152,103.34,True,True,99.56471091078078,-4.439864476094657,95.12484643468612,0,0,0.1
core_prophet_frozen_s42,prophet,frozen,selected,42,4,2025-02-03 01:00:00,2025-02-09 09:00:00,153,106.99,True,True,102.93191014628836,-4.439864476094657,98.4920456701937,0,0,0.1
core_prophet_frozen_s42,prophet,frozen,selected,42,4,2025-02-03 01:00:00,2025-02-09 10:00:00,154,145.51,True,True,140.34966729267555,-4.439864476094657,135.90980281658088,0,0,0.1
core_prophet_frozen_s42,prophet,frozen,selected,42,4,2025-02-03 01:00:00,2025-02-09 11:00:00,155,245.04,True,True,237.8384463618233,-4.439864476094657,233.39858188572862,0,0,0.1
core_prophet_frozen_s42,prophet,frozen,selected,42,4,2025-02-03 01:00:00,2025-02-09 12:00:00,156,367.71,True,True,368.1210465665665,-4.439864476094657,363.68118209047185,0,0,0.1
core_prophet_frozen_s42,prophet,frozen,selected,42,4,2025-02-03 01:00:00,2025-02-09 13:00:00,157,478.18,True,True,494.1656192743984,-4.439864476094657,489.72575479830374,0,0,0.1
core_prophet_frozen_s42,prophet,frozen,selected,42,4,2025-02-03 01:00:00,2025-02-09 14:00:00,158,581.23,True,True,602.472622410868,-4.439864476094657,598.0327579347734,0,0,0.1
core_prophet_frozen_s42,prophet,frozen,selected,42,4,2025-02-03 01:00:00,2025-02-09 15:00:00,159,633.46,True,True,655.9311419328506,-4.439864476094657,651.4912774567559,0,0,0.1
core_prophet_frozen_s42,prophet,frozen,selected,42,4,2025-02-03 01:00:00,2025-02-09 16:00:00,160,613.53,True,True,635.4983088875599,-4.439864476094657,631.0584444114653,0,0,0.1
core_prophet_frozen_s42,prophet,frozen,selected,42,4,2025-02-03 01:00:00,2025-02-09 17:00:00,161,579.65,True,True,607.171308275002,-4.439864476094657,602.7314437989074,0,0,0.1
core_prophet_frozen_s42,prophet,frozen,selected,42,4,2025-02-03 01:00:00,2025-02-09 18:00:00,162,554.04,True,True,573.0234178433468,-4.439864476094657,568.5835533672522,0,0,0.1
core_prophet_frozen_s42,prophet,frozen,selected,42,4,2025-02-03 01:00:00,2025-02-09 19:00:00,163,525.21,True,True,545.9517462238423,-4.439864476094657,541.5118817477477,0,0,0.1
core_prophet_frozen_s42,prophet,frozen,selected,42,4,2025-02-03 01:00:00,2025-02-09 20:00:00,164,496.94,True,True,522.6050773760476,-4.439864476094657,518.165212899953,0,0,0.1
core_prophet_frozen_s42,prophet,frozen,selected,42,4,2025-02-03 01:00:00,2025-02-09 21:00:00,165,457.38,True,True,485.2349152855087,-4.439864476094657,480.795050809414,0,0,0.1
core_prophet_frozen_s42,prophet,frozen,selected,42,4,2025-02-03 01:00:00,2025-02-09 22:00:00,166,409.27,True,True,435.32214812812674,-4.439864476094657,430.8822836520321,0,0,0.1
core_prophet_frozen_s42,prophet,frozen,selected,42,4,2025-02-03 01:00:00,2025-02-09 23:00:00,167,449.44,True,True,471.89603424088114,-4.439864476094657,467.45616976478647,0,0,0.1
core_prophet_frozen_s42,prophet,frozen,selected,42,4,2025-02-03 01:00:00,2025-02-10 00:00:00,168,551.24,True,True,574.6850821913995,-4.439864476094657,570.2452177153049,0,0,0.1
core_prophet_frozen_s42,prophet,frozen,selected,42,5,2025-02-10 01:00:00,2025-02-10 01:00:00,1,635.49,True,True,666.8231560952665,-4.040542745161527,662.7826133501051,0,0,0.1
core_prophet_frozen_s42,prophet,frozen,selected,42,5,2025-02-10 01:00:00,2025-02-10 02:00:00,2,662.88,True,True,707.7564757343423,-4.040542745161527,703.7159329891808,0,0,0.1
core_prophet_frozen_s42,prophet,frozen,selected,42,5,2025-02-10 01:00:00,2025-02-10 03:00:00,3,601.67,True,True,655.5868435318567,-4.040542745161527,651.5463007866953,0,0,0.1
core_prophet_frozen_s42,prophet,frozen,selected,42,5,2025-02-10 01:00:00,2025-02-10 04:00:00,4,290.33,True,True,264.9239046034113,-4.040542745161527,260.88336185824977,0,0,0.1
core_prophet_frozen_s42,prophet,frozen,selected,42,5,2025-02-10 01:00:00,2025-02-10 05:00:00,5,302.77,True,True,262.6910025008483,-4.040542745161527,258.65045975568677,0,0,0.1
core_prophet_frozen_s42,prophet,frozen,selected,42,5,2025-02-10 01:00:00,2025-02-10 06:00:00,6,339.38,True,True,285.89172129615383,-4.040542745161527,281.8511785509923,0,0,0.1
core_prophet_frozen_s42,prophet,frozen,selected,42,5,2025-02-10 01:00:00,2025-02-10 07:00:00,7,406.0,True,True,343.32925122459733,-4.040542745161527,339.2887084794358,0,0,0.1
core_prophet_frozen_s42,prophet,frozen,selected,42,5,2025-02-10 01:00:00,2025-02-10 08:00:00,8,516.75,True,True,446.148021243432,-4.040542745161527,442.1074784982705,0,0,0.1
core_prophet_frozen_s42,prophet,frozen,selected,42,5,2025-02-10 01:00:00,2025-02-10 09:00:00,9,617.3,True,True,545.7457754292947,-4.040542745161527,541.7052326841332,0,0,0.1
core_prophet_frozen_s42,prophet,frozen,selected,42,5,2025-02-10 01:00:00,2025-02-10 10:00:00,10,717.42,True,True,650.3178719172721,-4.040542745161527,646.2773291721106,0,0,0.1
core_prophet_frozen_s42,prophet,frozen,selected,42,5,2025-02-10 01:00:00,2025-02-10 11:00:00,11,869.12,True,True,829.124921678283,-4.040542745161527,825.0843789331216,0,0,0.1
core_prophet_frozen_s42,prophet,frozen,selected,42,5,2025-02-10 01:00:00,2025-02-10 12:00:00,12,1031.66,True,True,1028.6033226109714,-4.040542745161527,1024.56277986581,0,0,0.1
core_prophet_frozen_s42,prophet,frozen,selected,42,5,2025-02-10 01:00:00,2025-02-10 13:00:00,13,1143.06,True,True,1168.0809209699223,-4.040542745161527,1164.0403782247608,0,0,0.1
core_prophet_frozen_s42,prophet,frozen,selected,42,5,2025-02-10 01:00:00,2025-02-10 14:00:00,14,1191.71,True,True,1240.3037644212216,-4.040542745161527,1236.26322167606,0,0,0.1
core_prophet_frozen_s42,prophet,frozen,selected,42,5,2025-02-10 01:00:00,2025-02-10 15:00:00,15,1179.11,True,True,1235.893811986107,-4.040542745161527,1231.8532692409456,0,0,0.1
core_prophet_frozen_s42,prophet,frozen,selected,42,5,2025-02-10 01:00:00,2025-02-10 16:00:00,16,1071.85,True,True,1123.795659599939,-4.040542745161527,1119.7551168547775,0,0,0.1
core_prophet_frozen_s42,prophet,frozen,selected,42,5,2025-02-10 01:00:00,2025-02-10 17:00:00,17,907.42,True,True,958.2147623290862,-4.040542745161527,954.1742195839247,0,0,0.1
core_prophet_frozen_s42,prophet,frozen,selected,42,5,2025-02-10 01:00:00,2025-02-10 18:00:00,18,726.65,True,True,768.5547843077823,-4.040542745161527,764.5142415626208,0,0,0.1
core_prophet_frozen_s42,prophet,frozen,selected,42,5,2025-02-10 01:00:00,2025-02-10 19:00:00,19,601.12,True,True,620.9932308552525,-4.040542745161527,616.952688110091,0,0,0.1
core_prophet_frozen_s42,prophet,frozen,selected,42,5,2025-02-10 01:00:00,2025-02-10 20:00:00,20,541.5,True,True,548.062136503599,-4.040542745161527,544.0215937584376,0,0,0.1
core_prophet_frozen_s42,prophet,frozen,selected,42,5,2025-02-10 01:00:00,2025-02-10 21:00:00,21,506.36,True,True,508.4347572701447,-4.040542745161527,504.39421452498317,0,0,0.1
core_prophet_frozen_s42,prophet,frozen,selected,42,5,2025-02-10 01:00:00,2025-02-10 22:00:00,22,473.64,True,True,467.984292376497,-4.040542745161527,463.9437496313355,0,0,0.1
core_prophet_frozen_s42,prophet,frozen,selected,42,5,2025-02-10 01:00:00,2025-02-10 23:00:00,23,531.73,True,True,516.8149570767848,-4.040542745161527,512.7744143316233,0,0,0.1
core_prophet_frozen_s42,prophet,frozen,selected,42,5,2025-02-10 01:00:00,2025-02-11 00:00:00,24,663.85,True,True,647.9728893640203,-4.040542745161527,643.9323466188588,0,0,0.1
core_prophet_frozen_s42,prophet,frozen,selected,42,5,2025-02-10 01:00:00,2025-02-11 01:00:00,25,749.47,True,True,747.1155142086228,-4.040542745161527,743.0749714634613,0,0,0.1
core_prophet_frozen_s42,prophet,frozen,selected,42,5,2025-02-10 01:00:00,2025-02-11 02:00:00,26,739.69,True,True,747.1421284141991,-4.040542745161527,743.1015856690376,0,0,0.1
core_prophet_frozen_s42,prophet,frozen,selected,42,5,2025-02-10 01:00:00,2025-02-11 03:00:00,27,642.49,True,True,656.8666770785073,-4.040542745161527,652.8261343333459,0,0,0.1
core_prophet_frozen_s42,prophet,frozen,selected,42,5,2025-02-10 01:00:00,2025-02-11 04:00:00,28,315.67,True,True,283.56402036400846,-4.040542745161527,279.5234776188469,0,0,0.1
core_prophet_frozen_s42,prophet,frozen,selected,42,5,2025-02-10 01:00:00,2025-02-11 05:00:00,29,262.21,True,True,217.4800036438919,-4.040542745161527,213.43946089873037,0,0,0.1
core_prophet_frozen_s42,prophet,frozen,selected,42,5,2025-02-10 01:00:00,2025-02-11 06:00:00,30,250.89,True,True,197.12766671364423,-4.040542745161527,193.0871239684827,0,0,0.1
core_prophet_frozen_s42,prophet,frozen,selected,42,5,2025-02-10 01:00:00,2025-02-11 07:00:00,31,320.72,True,True,262.6654081000057,-4.040542745161527,258.6248653548442,0,0,0.1
core_prophet_frozen_s42,prophet,frozen,selected,42,5,2025-02-10 01:00:00,2025-02-11 08:00:00,32,452.98,True,True,392.0065243487393,-4.040542745161527,387.96598160357775,0,0,0.1
core_prophet_frozen_s42,prophet,frozen,selected,42,5,2025-02-10 01:00:00,2025-02-11 09:00:00,33,586.34,True,True,513.5379610388901,-4.040542745161527,509.4974182937286,0,0,0.1
core_prophet_frozen_s42,prophet,frozen,selected,42,5,2025-02-10 01:00:00,2025-02-11 10:00:00,34,677.63,True,True,594.0959501832926,-4.040542745161527,590.0554074381312,0,0,0.1
core_prophet_frozen_s42,prophet,frozen,selected,42,5,2025-02-10 01:00:00,2025-02-11 11:00:00,35,713.13,True,True,625.1641045152371,-4.040542745161527,621.1235617700756,0,0,0.1
core_prophet_frozen_s42,prophet,frozen,selected,42,5,2025-02-10 01:00:00,2025-02-11 12:00:00,36,705.1,True,True,632.209824636361,-4.040542745161527,628.1692818911995,0,0,0.1
core_prophet_frozen_s42,prophet,frozen,selected,42,5,2025-02-10 01:00:00,2025-02-11 13:00:00,37,627.26,True,True,565.8616827385918,-4.040542745161527,561.8211399934303,0,0,0.1
core_prophet_frozen_s42,prophet,frozen,selected,42,5,2025-02-10 01:00:00,2025-02-11 14:00:00,38,470.38,True,True,458.2796573538139,-4.040542745161527,454.23911460865236,0,0,0.1
core_prophet_frozen_s42,prophet,frozen,selected,42,5,2025-02-10 01:00:00,2025-02-11 15:00:00,39,215.79,True,True,244.1914232461706,-4.040542745161527,240.15088050100906,0,0,0.1
core_prophet_frozen_s42,prophet,frozen,selected,42,5,2025-02-10 01:00:00,2025-02-11 16:00:00,40,18.95,True,True,-7.47987476147199,-4.040542745161527,-11.520417506633517,0,0,0.1
core_prophet_frozen_s42,prophet,frozen,selected,42,5,2025-02-10 01:00:00,2025-02-11 17:00:00,41,11.92,True,True,-26.843610445948627,-4.040542745161527,-30.884153191110155,0,0,0.1
core_prophet_frozen_s42,prophet,frozen,selected,42,5,2025-02-10 01:00:00,2025-02-11 18:00:00,42,14.17,True,True,-19.1641270840193,-4.040542745161527,-23.204669829180826,0,0,0.1
core_prophet_frozen_s42,prophet,frozen,selected,42,5,2025-02-10 01:00:00,2025-02-11 19:00:00,43,15.89,True,True,-8.167238736391937,-4.040542745161527,-12.207781481553464,0,0,0.1
core_prophet_frozen_s42,prophet,frozen,selected,42,5,2025-02-10 01:00:00,2025-02-11 20:00:00,44,18.23,True,True,3.256901976223162,-4.040542745161527,-0.7836407689383647,0,0,0.1
core_prophet_frozen_s42,prophet,frozen,selected,42,5,2025-02-10 01:00:00,2025-02-11 21:00:00,45,20.58,True,True,13.057902681983734,-4.040542745161527,9.017359936822206,0,0,0.1
core_prophet_frozen_s42,prophet,frozen,selected,42,5,2025-02-10 01:00:00,2025-02-11 22:00:00,46,24.3,True,True,21.796932596445544,-4.040542745161527,17.756389851284016,0,0,0.1
core_prophet_frozen_s42,prophet,frozen,selected,42,5,2025-02-10 01:00:00,2025-02-11 23:00:00,47,39.89,True,True,51.136839152969145,-4.040542745161527,47.09629640780762,0,0,0.1
core_prophet_frozen_s42,prophet,frozen,selected,42,5,2025-02-10 01:00:00,2025-02-12 00:00:00,48,56.98,True,True,80.04094613055614,-4.040542745161527,76.0004033853946,0,0,0.1
core_prophet_frozen_s42,prophet,frozen,selected,42,5,2025-02-10 01:00:00,2025-02-12 01:00:00,49,62.72,True,True,74.33686503251059,-4.040542745161527,70.29632228734906,0,0,0.1
core_prophet_frozen_s42,prophet,frozen,selected,42,5,2025-02-10 01:00:00,2025-02-12 02:00:00,50,56.6,True,True,53.98219480875838,-4.040542745161527,49.941652063596855,0,0,0.1
core_prophet_frozen_s42,prophet,frozen,selected,42,5,2025-02-10 01:00:00,2025-02-12 03:00:00,51,45.53,True,True,36.44710388126566,-4.040542745161527,32.40656113610414,0,0,0.1
core_prophet_frozen_s42,prophet,frozen,selected,42,5,2025-02-10 01:00:00,2025-02-12 04:00:00,52,23.48,True,True,14.30767452770624,-4.040542745161527,10.267131782544713,0,0,0.1
core_prophet_frozen_s42,prophet,frozen,selected,42,5,2025-02-10 01:00:00,2025-02-12 05:00:00,53,16.52,True,True,15.030453130670622,-4.040542745161527,10.989910385509095,0,0,0.1
core_prophet_frozen_s42,prophet,frozen,selected,42,5,2025-02-10 01:00:00,2025-02-12 06:00:00,54,13.75,True,True,14.720415018567166,-4.040542745161527,10.679872273405639,0,0,0.1
core_prophet_frozen_s42,prophet,frozen,selected,42,5,2025-02-10 01:00:00,2025-02-12 07:00:00,55,14.99,True,True,12.310475103684638,-4.040542745161527,8.26993235852311,0,0,0.1
core_prophet_frozen_s42,prophet,frozen,selected,42,5,2025-02-10 01:00:00,2025-02-12 08:00:00,56,21.26,True,True,14.04576957274776,-4.040542745161527,10.005226827586235,0,0,0.1
core_prophet_frozen_s42,prophet,frozen,selected,42,5,2025-02-10 01:00:00,2025-02-12 09:00:00,57,28.82,True,True,23.24288026307491,-4.040542745161527,19.20233751791338,0,0,0.1
core_prophet_frozen_s42,prophet,frozen,selected,42,5,2025-02-10 01:00:00,2025-02-12 10:00:00,58,73.65,True,True,82.63155994068705,-4.040542745161527,78.59101719552552,0,0,0.1
core_prophet_frozen_s42,prophet,frozen,selected,42,5,2025-02-10 01:00:00,2025-02-12 11:00:00,59,181.58,True,True,187.355667949688,-4.040542745161527,183.31512520452648,0,0,0.1
core_prophet_frozen_s42,prophet,frozen,selected,42,5,2025-02-10 01:00:00,2025-02-12 12:00:00,60,309.55,True,True,307.9224512978325,-4.040542745161527,303.88190855267095,0,0,0.1
core_prophet_frozen_s42,prophet,frozen,selected,42,5,2025-02-10 01:00:00,2025-02-12 13:00:00,61,419.08,True,True,409.0434399057825,-4.040542745161527,405.002897160621,0,0,0.1
core_prophet_frozen_s42,prophet,frozen,selected,42,5,2025-02-10 01:00:00,2025-02-12 14:00:00,62,519.36,True,True,513.5050736274852,-4.040542745161527,509.4645308823237,0,0,0.1
core_prophet_frozen_s42,prophet,frozen,selected,42,5,2025-02-10 01:00:00,2025-02-12 15:00:00,63,561.9,True,True,571.1535178708227,-4.040542745161527,567.1129751256613,0,0,0.1
core_prophet_frozen_s42,prophet,frozen,selected,42,5,2025-02-10 01:00:00,2025-02-12 16:00:00,64,509.36,True,True,535.2546380947012,-4.040542745161527,531.2140953495398,0,0,0.1
core_prophet_frozen_s42,prophet,frozen,selected,42,5,2025-02-10 01:00:00,2025-02-12 17:00:00,65,433.93,True,True,475.3650917534021,-4.040542745161527,471.3245490082406,0,0,0.1
core_prophet_frozen_s42,prophet,frozen,selected,42,5,2025-02-10 01:00:00,2025-02-12 18:00:00,66,378.96,True,True,425.3886052133996,-4.040542745161527,421.3480624682381,0,0,0.1
core_prophet_frozen_s42,prophet,frozen,selected,42,5,2025-02-10 01:00:00,2025-02-12 19:00:00,67,319.21,True,True,356.596585846917,-4.040542745161527,352.55604310175545,0,0,0.1
core_prophet_frozen_s42,prophet,frozen,selected,42,5,2025-02-10 01:00:00,2025-02-12 20:00:00,68,275.86,True,True,308.5203563975175,-4.040542745161527,304.479813652356,0,0,0.1
core_prophet_frozen_s42,prophet,frozen,selected,42,5,2025-02-10 01:00:00,2025-02-12 21:00:00,69,268.02,True,True,293.36892881594144,-4.040542745161527,289.3283860707799,0,0,0.1
core_prophet_frozen_s42,prophet,frozen,selected,42,5,2025-02-10 01:00:00,2025-02-12 22:00:00,70,295.94,True,True,317.3960964152283,-4.040542745161527,313.3555536700668,0,0,0.1
core_prophet_frozen_s42,prophet,frozen,selected,42,5,2025-02-10 01:00:00,2025-02-12 23:00:00,71,394.95,True,True,409.4918139440505,-4.040542745161527,405.45127119888895,0,0,0.1
core_prophet_frozen_s42,prophet,frozen,selected,42,5,2025-02-10 01:00:00,2025-02-13 00:00:00,72,518.5,True,True,530.2630929164026,-4.040542745161527,526.2225501712411,0,0,0.1
core_prophet_frozen_s42,prophet,frozen,selected,42,5,2025-02-10 01:00:00,2025-02-13 01:00:00,73,627.41,True,True,651.36932782659,-4.040542745161527,647.3287850814286,0,0,0.1
core_prophet_frozen_s42,prophet,frozen,selected,42,5,2025-02-10 01:00:00,2025-02-13 02:00:00,74,706.39,True,True,750.7368665141421,-4.040542745161527,746.6963237689806,0,0,0.1
core_prophet_frozen_s42,prophet,frozen,selected,42,5,2025-02-10 01:00:00,2025-02-13 03:00:00,75,733.54,True,True,785.9553361358248,-4.040542745161527,781.9147933906634,0,0,0.1
core_prophet_frozen_s42,prophet,frozen,selected,42,5,2025-02-10 01:00:00,2025-02-13 04:00:00,76,407.18,True,True,417.1717219402144,-4.040542745161527,413.1311791950529,0,0,0.1
core_prophet_frozen_s42,prophet,frozen,selected,42,5,2025-02-10 01:00:00,2025-02-13 05:00:00,77,303.7,True,True,297.8321643487107,-4.040542745161527,293.7916216035492,0,0,0.1
core_prophet_frozen_s42,prophet,frozen,selected,42,5,2025-02-10 01:00:00,2025-02-13 06:00:00,78,286.09,True,True,287.1123081120059,-4.040542745161527,283.0717653668444,0,0,0.1
core_prophet_frozen_s42,prophet,frozen,selected,42,5,2025-02-10 01:00:00,2025-02-13 07:00:00,79,255.89,True,True,268.0067437166923,-4.040542745161527,263.9662009715308,0,0,0.1
core_prophet_frozen_s42,prophet,frozen,selected,42,5,2025-02-10 01:00:00,2025-02-13 08:00:00,80,253.24,True,True,275.268062866273,-4.040542745161527,271.22752012111147,0,0,0.1
core_prophet_frozen_s42,prophet,frozen,selected,42,5,2025-02-10 01:00:00,2025-02-13 09:00:00,81,283.34,True,True,326.4887902879335,-4.040542745161527,322.448247542772,0,0,0.1
core_prophet_frozen_s42,prophet,frozen,selected,42,5,2025-02-10 01:00:00,2025-02-13 10:00:00,82,355.97,True,True,423.6205013923467,-4.040542745161527,419.57995864718515,0,0,0.1
core_prophet_frozen_s42,prophet,frozen,selected,42,5,2025-02-10 01:00:00,2025-02-13 11:00:00,83,488.46,True,True,582.3472690006629,-4.040542745161527,578.3067262555014,0,0,0.1
core_prophet_frozen_s42,prophet,frozen,selected,42,5,2025-02-10 01:00:00,2025-02-13 12:00:00,84,608.86,True,True,709.0578207237829,-4.040542745161527,705.0172779786215,0,0,0.1
core_prophet_frozen_s42,prophet,frozen,selected,42,5,2025-02-10 01:00:00,2025-02-13 13:00:00,85,695.92,True,True,782.9336396514045,-4.040542745161527,778.893096906243,0,0,0.1
core_prophet_frozen_s42,prophet,frozen,selected,42,5,2025-02-10 01:00:00,2025-02-13 14:00:00,86,782.1,True,True,849.2394131188585,-4.040542745161527,845.198870373697,0,0,0.1
core_prophet_frozen_s42,prophet,frozen,selected,42,5,2025-02-10 01:00:00,2025-02-13 15:00:00,87,805.31,True,True,862.2644277939763,-4.040542745161527,858.2238850488149,0,0,0.1
core_prophet_frozen_s42,prophet,frozen,selected,42,5,2025-02-10 01:00:00,2025-02-13 16:00:00,88,738.4,True,True,800.1661852537103,-4.040542745161527,796.1256425085488,0,0,0.1
core_prophet_frozen_s42,prophet,frozen,selected,42,5,2025-02-10 01:00:00,2025-02-13 17:00:00,89,655.55,True,True,703.7260056883596,-4.040542745161527,699.6854629431981,0,0,0.1
core_prophet_frozen_s42,prophet,frozen,selected,42,5,2025-02-10 01:00:00,2025-02-13 18:00:00,90,551.53,True,True,604.4829364945438,-4.040542745161527,600.4423937493823,0,0,0.1
core_prophet_frozen_s42,prophet,frozen,selected,42,5,2025-02-10 01:00:00,2025-02-13 19:00:00,91,411.47,True,True,463.8829973686791,-4.040542745161527,459.8424546235176,0,0,0.1
core_prophet_frozen_s42,prophet,frozen,selected,42,5,2025-02-10 01:00:00,2025-02-13 20:00:00,92,315.3,True,True,356.3329036875392,-4.040542745161527,352.2923609423777,0,0,0.1
core_prophet_frozen_s42,prophet,frozen,selected,42,5,2025-02-10 01:00:00,2025-02-13 21:00:00,93,270.14,True,True,307.66968013679264,-4.040542745161527,303.6291373916311,0,0,0.1
core_prophet_frozen_s42,prophet,frozen,selected,42,5,2025-02-10 01:00:00,2025-02-13 22:00:00,94,260.12,True,True,292.1664165556359,-4.040542745161527,288.1258738104744,0,0,0.1
core_prophet_frozen_s42,prophet,frozen,selected,42,5,2025-02-10 01:00:00,2025-02-13 23:00:00,95,331.13,True,True,355.2275426846858,-4.040542745161527,351.18699993952424,0,0,0.1
core_prophet_frozen_s42,prophet,frozen,selected,42,5,2025-02-10 01:00:00,2025-02-14 00:00:00,96,444.49,True,True,473.9562013291943,-4.040542745161527,469.91565858403277,0,0,0.1
core_prophet_frozen_s42,prophet,frozen,selected,42,5,2025-02-10 01:00:00,2025-02-14 01:00:00,97,549.87,True,True,592.255139170817,-4.040542745161527,588.2145964256555,0,0,0.1
core_prophet_frozen_s42,prophet,frozen,selected,42,5,2025-02-10 01:00:00,2025-02-14 02:00:00,98,601.88,True,True,650.339021012956,-4.040542745161527,646.2984782677945,0,0,0.1
core_prophet_frozen_s42,prophet,frozen,selected,42,5,2025-02-10 01:00:00,2025-02-14 03:00:00,99,572.3,True,True,626.9239684941844,-4.040542745161527,622.8834257490229,0,0,0.1
core_prophet_frozen_s42,prophet,frozen,selected,42,5,2025-02-10 01:00:00,2025-02-14 04:00:00,100,375.34,True,True,411.76792169221216,-4.040542745161527,407.7273789470506,0,0,0.1
core_prophet_frozen_s42,prophet,frozen,selected,42,5,2025-02-10 01:00:00,2025-02-14 05:00:00,101,349.22,True,True,369.0401158108214,-4.040542745161527,364.9995730656599,0,0,0.1
core_prophet_frozen_s42,prophet,frozen,selected,42,5,2025-02-10 01:00:00,2025-02-14 06:00:00,102,373.4,True,True,380.4087336389246,-4.040542745161527,376.3681908937631,0,0,0.1
core_prophet_frozen_s42,prophet,frozen,selected,42,5,2025-02-10 01:00:00,2025-02-14 07:00:00,103,363.75,True,True,349.190050092675,-4.040542745161527,345.14950734751346,0,0,0.1
core_prophet_frozen_s42,prophet,frozen,selected,42,5,2025-02-10 01:00:00,2025-02-14 08:00:00,104,404.93,True,True,356.79499739059713,-4.040542745161527,352.7544546454356,0,0,0.1
core_prophet_frozen_s42,prophet,frozen,selected,42,5,2025-02-10 01:00:00,2025-02-14 09:00:00,105,419.72,True,True,364.0782554962232,-4.040542745161527,360.0377127510617,0,0,0.1
core_prophet_frozen_s42,prophet,frozen,selected,42,5,2025-02-10 01:00:00,2025-02-14 10:00:00,106,473.48,True,True,433.43504283903786,-4.040542745161527,429.39450009387633,0,0,0.1
core_prophet_frozen_s42,prophet,frozen,selected,42,5,2025-02-10 01:00:00,2025-02-14 11:00:00,107,611.54,True,True,594.6608711771994,-4.040542745161527,590.6203284320379,0,0,0.1
core_prophet_frozen_s42,prophet,frozen,selected,42,5,2025-02-10 01:00:00,2025-02-14 12:00:00,108,748.78,True,True,767.6381995942013,-4.040542745161527,763.5976568490398,0,0,0.1
core_prophet_frozen_s42,prophet,frozen,selected,42,5,2025-02-10 01:00:00,2025-02-14 13:00:00,109,854.48,True,True,894.1784579848289,-4.040542745161527,890.1379152396674,0,0,0.1
core_prophet_frozen_s42,prophet,frozen,selected,42,5,2025-02-10 01:00:00,2025-02-14 14:00:00,110,966.79,True,True,1012.1772533136716,-4.040542745161527,1008.1367105685101,0,0,0.1
core_prophet_frozen_s42,prophet,frozen,selected,42,5,2025-02-10 01:00:00,2025-02-14 15:00:00,111,1036.96,True,True,1094.2483552449328,-4.040542745161527,1090.2078124997713,0,0,0.1
core_prophet_frozen_s42,prophet,frozen,selected,42,5,2025-02-10 01:00:00,2025-02-14 16:00:00,112,1010.44,True,True,1063.7166968182871,-4.040542745161527,1059.6761540731256,0,0,0.1
core_prophet_frozen_s42,prophet,frozen,selected,42,5,2025-02-10 01:00:00,2025-02-14 17:00:00,113,939.11,True,True,997.0545732918828,-4.040542745161527,993.0140305467213,0,0,0.1
core_prophet_frozen_s42,prophet,frozen,selected,42,5,2025-02-10 01:00:00,2025-02-14 18:00:00,114,879.44,True,True,942.0329187607352,-4.040542745161527,937.9923760155738,0,0,0.1
core_prophet_frozen_s42,prophet,frozen,selected,42,5,2025-02-10 01:00:00,2025-02-14 19:00:00,115,785.27,True,True,855.2736161362689,-4.040542745161527,851.2330733911074,0,0,0.1
core_prophet_frozen_s42,prophet,frozen,selected,42,5,2025-02-10 01:00:00,2025-02-14 20:00:00,116,657.49,True,True,723.2435841705271,-4.040542745161527,719.2030414253657,0,0,0.1
core_prophet_frozen_s42,prophet,frozen,selected,42,5,2025-02-10 01:00:00,2025-02-14 21:00:00,117,547.33,True,True,605.8701760985202,-4.040542745161527,601.8296333533588,0,0,0.1
core_prophet_frozen_s42,prophet,frozen,selected,42,5,2025-02-10 01:00:00,2025-02-14 22:00:00,118,464.79,True,True,523.695815286207,-4.040542745161527,519.6552725410455,0,0,0.1
core_prophet_frozen_s42,prophet,frozen,selected,42,5,2025-02-10 01:00:00,2025-02-14 23:00:00,119,366.24,True,True,413.7056101037193,-4.040542745161527,409.6650673585578,0,0,0.1
core_prophet_frozen_s42,prophet,frozen,selected,42,5,2025-02-10 01:00:00,2025-02-15 00:00:00,120,269.16,True,True,311.0519075973209,-4.040542745161527,307.0113648521594,0,0,0.1
core_prophet_frozen_s42,prophet,frozen,selected,42,5,2025-02-10 01:00:00,2025-02-15 01:00:00,121,185.33,True,True,226.51059431061427,-4.040542745161527,222.47005156545274,0,0,0.1
core_prophet_frozen_s42,prophet,frozen,selected,42,5,2025-02-10 01:00:00,2025-02-15 02:00:00,122,172.2,True,True,207.03826358801297,-4.040542745161527,202.99772084285144,0,0,0.1
core_prophet_frozen_s42,prophet,frozen,selected,42,5,2025-02-10 01:00:00,2025-02-15 03:00:00,123,148.07,True,True,180.71806496174855,-4.040542745161527,176.67752221658702,0,0,0.1
core_prophet_frozen_s42,prophet,frozen,selected,42,5,2025-02-10 01:00:00,2025-02-15 04:00:00,124,100.37,True,True,113.0232189740669,-4.040542745161527,108.98267622890538,0,0,0.1
core_prophet_frozen_s42,prophet,frozen,selected,42,5,2025-02-10 01:00:00,2025-02-15 05:00:00,125,78.32,True,True,72.90418722578448,-4.040542745161527,68.86364448062295,0,0,0.1
core_prophet_frozen_s42,prophet,frozen,selected,42,5,2025-02-10 01:00:00,2025-02-15 06:00:00,126,72.24,True,True,57.77657881955105,-4.040542745161527,53.736036074389524,0,0,0.1
core_prophet_frozen_s42,prophet,frozen,selected,42,5,2025-02-10 01:00:00,2025-02-15 07:00:00,127,75.83,True,True,58.66396723388232,-4.040542745161527,54.623424488720794,0,0,0.1
core_prophet_frozen_s42,prophet,frozen,selected,42,5,2025-02-10 01:00:00,2025-02-15 08:00:00,128,89.91,True,True,73.5672008935289,-4.040542745161527,69.52665814836737,0,0,0.1
core_prophet_frozen_s42,prophet,frozen,selected,42,5,2025-02-10 01:00:00,2025-02-15 09:00:00,129,104.0,True,True,86.49497528755543,-4.040542745161527,82.4544325423939,0,0,0.1
core_prophet_frozen_s42,prophet,frozen,selected,42,5,2025-02-10 01:00:00,2025-02-15 10:00:00,130,145.37,True,True,129.14789224293938,-4.040542745161527,125.10734949777785,0,0,0.1
core_prophet_frozen_s42,prophet,frozen,selected,42,5,2025-02-10 01:00:00,2025-02-15 11:00:00,131,226.72,True,True,208.08899547737084,-4.040542745161527,204.0484527322093,0,0,0.1
core_prophet_frozen_s42,prophet,frozen,selected,42,5,2025-02-10 01:00:00,2025-02-15 12:00:00,132,292.91,True,True,270.6552188489022,-4.040542745161527,266.6146761037407,0,0,0.1
core_prophet_frozen_s42,prophet,frozen,selected,42,5,2025-02-10 01:00:00,2025-02-15 13:00:00,133,293.88,True,True,268.29982835565227,-4.040542745161527,264.25928561049074,0,0,0.1
core_prophet_frozen_s42,prophet,frozen,selected,42,5,2025-02-10 01:00:00,2025-02-15 14:00:00,134,246.51,True,True,201.86101960770452,-4.040542745161527,197.820476862543,0,0,0.1
core_prophet_frozen_s42,prophet,frozen,selected,42,5,2025-02-10 01:00:00,2025-02-15 15:00:00,135,190.21,True,True,113.2609879101194,-4.040542745161527,109.22044516495787,0,0,0.1
core_prophet_frozen_s42,prophet,frozen,selected,42,5,2025-02-10 01:00:00,2025-02-15 16:00:00,136,110.3,True,True,4.137676455044215,-4.040542745161527,0.0971337098826881,0,0,0.1
core_prophet_frozen_s42,prophet,frozen,selected,42,5,2025-02-10 01:00:00,2025-02-15 17:00:00,137,72.65,True,True,-4.713437859584133,-4.040542745161527,-8.75398060474566,0,0,0.1
core_prophet_frozen_s42,prophet,frozen,selected,42,5,2025-02-10 01:00:00,2025-02-15 18:00:00,138,44.78,True,True,-0.2987416782427488,-4.040542745161527,-4.339284423404275,0,0,0.1
core_prophet_frozen_s42,prophet,frozen,selected,42,5,2025-02-10 01:00:00,2025-02-15 19:00:00,139,26.85,True,True,7.3945471996201775,-4.040542745161527,3.354004454458651,0,0,0.1
core_prophet_frozen_s42,prophet,frozen,selected,42,5,2025-02-10 01:00:00,2025-02-15 20:00:00,140,17.27,True,True,16.18129110912048,-4.040542745161527,12.140748363958952,0,0,0.1
core_prophet_frozen_s42,prophet,frozen,selected,42,5,2025-02-10 01:00:00,2025-02-15 21:00:00,141,11.84,True,True,23.127691814132675,-4.040542745161527,19.087149068971147,0,0,0.1
core_prophet_frozen_s42,prophet,frozen,selected,42,5,2025-02-10 01:00:00,2025-02-15 22:00:00,142,10.68,True,True,27.71660819230783,-4.040542745161527,23.676065447146303,0,0,0.1
core_prophet_frozen_s42,prophet,frozen,selected,42,5,2025-02-10 01:00:00,2025-02-15 23:00:00,143,17.11,True,True,40.96471882071992,-4.040542745161527,36.9241760755584,0,0,0.1
core_prophet_frozen_s42,prophet,frozen,selected,42,5,2025-02-10 01:00:00,2025-02-16 00:00:00,144,22.66,True,True,50.381692747026136,-4.040542745161527,46.34115000186461,0,0,0.1
core_prophet_frozen_s42,prophet,frozen,selected,42,5,2025-02-10 01:00:00,2025-02-16 01:00:00,145,22.56,True,True,40.1259980047881,-4.040542745161527,36.08545525962658,0,0,0.1
core_prophet_frozen_s42,prophet,frozen,selected,42,5,2025-02-10 01:00:00,2025-02-16 02:00:00,146,18.86,True,True,26.182782526314327,-4.040542745161527,22.1422397811528,0,0,0.1
core_prophet_frozen_s42,prophet,frozen,selected,42,5,2025-02-10 01:00:00,2025-02-16 03:00:00,147,13.37,True,True,19.38870482207244,-4.040542745161527,15.348162076910913,0,0,0.1
core_prophet_frozen_s42,prophet,frozen,selected,42,5,2025-02-10 01:00:00,2025-02-16 04:00:00,148,7.9,True,True,16.154700889507126,-4.040542745161527,12.114158144345598,0,0,0.1
core_prophet_frozen_s42,prophet,frozen,selected,42,5,2025-02-10 01:00:00,2025-02-16 05:00:00,149,7.2,True,True,21.011136062573456,-4.040542745161527,16.97059331741193,0,0,0.1
core_prophet_frozen_s42,prophet,frozen,selected,42,5,2025-02-10 01:00:00,2025-02-16 06:00:00,150,7.44,True,True,21.431196708678755,-4.040542745161527,17.390653963517227,0,0,0.1
core_prophet_frozen_s42,prophet,frozen,selected,42,5,2025-02-10 01:00:00,2025-02-16 07:00:00,151,8.5,True,True,15.63848891217404,-4.040542745161527,11.597946167012513,0,0,0.1
core_prophet_frozen_s42,prophet,frozen,selected,42,5,2025-02-10 01:00:00,2025-02-16 08:00:00,152,11.07,True,True,7.0453401468389245,-4.040542745161527,3.004797401677398,0,0,0.1
core_prophet_frozen_s42,prophet,frozen,selected,42,5,2025-02-10 01:00:00,2025-02-16 09:00:00,153,12.97,True,True,-0.6777073935497526,-4.040542745161527,-4.718250138711279,0,0,0.1
core_prophet_frozen_s42,prophet,frozen,selected,42,5,2025-02-10 01:00:00,2025-02-16 10:00:00,154,13.88,True,True,-6.370730937542902,-4.040542745161527,-10.41127368270443,0,0,0.1
core_prophet_frozen_s42,prophet,frozen,selected,42,5,2025-02-10 01:00:00,2025-02-16 11:00:00,155,17.04,True,True,-10.32009940681354,-4.040542745161527,-14.360642151975068,0,0,0.1
core_prophet_frozen_s42,prophet,frozen,selected,42,5,2025-02-10 01:00:00,2025-02-16 12:00:00,156,20.54,True,True,-11.229186076070732,-4.040542745161527,-15.26972882123226,0,0,0.1
core_prophet_frozen_s42,prophet,frozen,selected,42,5,2025-02-10 01:00:00,2025-02-16 13:00:00,157,23.46,True,True,-9.224808217439346,-4.040542745161527,-13.265350962600873,0,0,0.1
core_prophet_frozen_s42,prophet,frozen,selected,42,5,2025-02-10 01:00:00,2025-02-16 14:00:00,158,26.54,True,True,-2.557884209814602,-4.040542745161527,-6.598426954976128,0,0,0.1
core_prophet_frozen_s42,prophet,frozen,selected,42,5,2025-02-10 01:00:00,2025-02-16 15:00:00,159,24.64,True,True,-0.485391975943287,-4.040542745161527,-4.5259347211048135,0,0,0.1
core_prophet_frozen_s42,prophet,frozen,selected,42,5,2025-02-10 01:00:00,2025-02-16 16:00:00,160,18.44,True,True,-5.966619706826037,-4.040542745161527,-10.007162451987565,0,0,0.1
core_prophet_frozen_s42,prophet,frozen,selected,42,5,2025-02-10 01:00:00,2025-02-16 17:00:00,161,17.24,True,True,-3.419592800476778,-4.040542745161527,-7.4601355456383045,0,0,0.1
core_prophet_frozen_s42,prophet,frozen,selected,42,5,2025-02-10 01:00:00,2025-02-16 18:00:00,162,16.83,True,True,0.9568839472629236,-4.040542745161527,-3.083658797898603,0,0,0.1
core_prophet_frozen_s42,prophet,frozen,selected,42,5,2025-02-10 01:00:00,2025-02-16 19:00:00,163,16.43,True,True,6.924226843179554,-4.040542745161527,2.883684098018027,0,0,0.1
core_prophet_frozen_s42,prophet,frozen,selected,42,5,2025-02-10 01:00:00,2025-02-16 20:00:00,164,15.59,True,True,12.033448901681624,-4.040542745161527,7.992906156520097,0,0,0.1
core_prophet_frozen_s42,prophet,frozen,selected,42,5,2025-02-10 01:00:00,2025-02-16 21:00:00,165,15.09,True,True,15.95890497021523,-4.040542745161527,11.918362225053702,0,0,0.1
core_prophet_frozen_s42,prophet,frozen,selected,42,5,2025-02-10 01:00:00,2025-02-16 22:00:00,166,16.25,True,True,19.72194742387788,-4.040542745161527,15.681404678716351,0,0,0.1
core_prophet_frozen_s42,prophet,frozen,selected,42,5,2025-02-10 01:00:00,2025-02-16 23:00:00,167,27.63,True,True,42.44119237023969,-4.040542745161527,38.40064962507817,0,0,0.1
core_prophet_frozen_s42,prophet,frozen,selected,42,5,2025-02-10 01:00:00,2025-02-17 00:00:00,168,42.42,True,True,68.64560801910608,-4.040542745161527,64.60506527394455,0,0,0.1
core_prophet_frozen_s42,prophet,frozen,selected,42,6,2025-02-17 01:00:00,2025-02-17 01:00:00,1,51.7,True,True,66.96406105087553,-4.113089856690716,62.850971194184815,0,0,0.1
core_prophet_frozen_s42,prophet,frozen,selected,42,6,2025-02-17 01:00:00,2025-02-17 02:00:00,2,47.88,True,True,57.31407251807556,-4.113089856690716,53.20098266138485,0,0,0.1
core_prophet_frozen_s42,prophet,frozen,selected,42,6,2025-02-17 01:00:00,2025-02-17 03:00:00,3,36.85,True,True,47.83655615406974,-4.113089856690716,43.72346629737903,0,0,0.1
core_prophet_frozen_s42,prophet,frozen,selected,42,6,2025-02-17 01:00:00,2025-02-17 04:00:00,4,20.69,True,True,32.0161121744203,-4.113089856690716,27.903022317729583,0,0,0.1
core_prophet_frozen_s42,prophet,frozen,selected,42,6,2025-02-17 01:00:00,2025-02-17 05:00:00,5,18.02,True,True,33.487867994537424,-4.113089856690716,29.374778137846707,0,0,0.1
core_prophet_frozen_s42,prophet,frozen,selected,42,6,2025-02-17 01:00:00,2025-02-17 06:00:00,6,18.83,True,True,35.799898550925974,-4.113089856690716,31.686808694235257,0,0,0.1
core_prophet_frozen_s42,prophet,frozen,selected,42,6,2025-02-17 01:00:00,2025-02-17 07:00:00,7,30.23,True,True,45.44715631112214,-4.113089856690716,41.33406645443143,0,0,0.1
core_prophet_frozen_s42,prophet,frozen,selected,42,6,2025-02-17 01:00:00,2025-02-17 08:00:00,8,57.88,True,True,70.12233515154156,-4.113089856690716,66.00924529485084,0,0,0.1
core_prophet_frozen_s42,prophet,frozen,selected,42,6,2025-02-17 01:00:00,2025-02-17 09:00:00,9,87.72,True,True,90.87563578556744,-4.113089856690716,86.76254592887672,0,0,0.1
core_prophet_frozen_s42,prophet,frozen,selected,42,6,2025-02-17 01:00:00,2025-02-17 10:00:00,10,127.67,True,True,118.9980913660648,-4.113089856690716,114.88500150937408,0,0,0.1
core_prophet_frozen_s42,prophet,frozen,selected,42,6,2025-02-17 01:00:00,2025-02-17 11:00:00,11,200.43,True,True,187.36810795115025,-4.113089856690716,183.25501809445953,0,0,0.1
core_prophet_frozen_s42,prophet,frozen,selected,42,6,2025-02-17 01:00:00,2025-02-17 12:00:00,12,285.42,True,True,285.00240860237784,-4.113089856690716,280.88931874568715,0,0,0.1
core_prophet_frozen_s42,prophet,frozen,selected,42,6,2025-02-17 01:00:00,2025-02-17 13:00:00,13,369.4,True,True,399.9680238788008,-4.113089856690716,395.8549340221101,0,0,0.1
core_prophet_frozen_s42,prophet,frozen,selected,42,6,2025-02-17 01:00:00,2025-02-17 14:00:00,14,453.88,True,True,507.0583572455711,-4.113089856690716,502.9452673888804,0,0,0.1
core_prophet_frozen_s42,prophet,frozen,selected,42,6,2025-02-17 01:00:00,2025-02-17 15:00:00,15,504.29,True,True,586.6903075217099,-4.113089856690716,582.5772176650191,0,0,0.1
core_prophet_frozen_s42,prophet,frozen,selected,42,6,2025-02-17 01:00:00,2025-02-17 16:00:00,16,491.51,True,True,586.3151436925314,-4.113089856690716,582.2020538358406,0,0,0.1
core_prophet_frozen_s42,prophet,frozen,selected,42,6,2025-02-17 01:00:00,2025-02-17 17:00:00,17,471.71,True,True,572.0556819379384,-4.113089856690716,567.9425920812477,0,0,0.1
core_prophet_frozen_s42,prophet,frozen,selected,42,6,2025-02-17 01:00:00,2025-02-17 18:00:00,18,469.79,True,True,564.6831431046055,-4.113089856690716,560.5700532479148,0,0,0.1
core_prophet_frozen_s42,prophet,frozen,selected,42,6,2025-02-17 01:00:00,2025-02-17 19:00:00,19,490.14,True,True,585.2905751730912,-4.113089856690716,581.1774853164004,0,0,0.1
core_prophet_frozen_s42,prophet,frozen,selected,42,6,2025-02-17 01:00:00,2025-02-17 20:00:00,20,516.16,True,True,607.2439858007339,-4.113089856690716,603.1308959440431,0,0,0.1
core_prophet_frozen_s42,prophet,frozen,selected,42,6,2025-02-17 01:00:00,2025-02-17 21:00:00,21,530.29,True,True,623.9825289374239,-4.113089856690716,619.8694390807332,0,0,0.1
core_prophet_frozen_s42,prophet,frozen,selected,42,6,2025-02-17 01:00:00,2025-02-17 22:00:00,22,516.85,True,True,601.2363663490638,-4.113089856690716,597.1232764923731,0,0,0.1
core_prophet_frozen_s42,prophet,frozen,selected,42,6,2025-02-17 01:00:00,2025-02-17 23:00:00,23,534.32,True,True,605.696391233929,-4.113089856690716,601.5833013772383,0,0,0.1
core_prophet_frozen_s42,prophet,frozen,selected,42,6,2025-02-17 01:00:00,2025-02-18 00:00:00,24,524.69,True,True,581.4815302179065,-4.113089856690716,577.3684403612158,0,0,0.1
core_prophet_frozen_s42,prophet,frozen,selected,42,6,2025-02-17 01:00:00,2025-02-18 01:00:00,25,441.23,True,True,488.1475207638815,-4.113089856690716,484.0344309071908,0,0,0.1
core_prophet_frozen_s42,prophet,frozen,selected,42,6,2025-02-17 01:00:00,2025-02-18 02:00:00,26,370.35,True,True,418.1866290048497,-4.113089856690716,414.073539148159,0,0,0.1
core_prophet_frozen_s42,prophet,frozen,selected,42,6,2025-02-17 01:00:00,2025-02-18 03:00:00,27,275.84,True,True,322.6839694301464,-4.113089856690716,318.5708795734557,0,0,0.1
core_prophet_frozen_s42,prophet,frozen,selected,42,6,2025-02-17 01:00:00,2025-02-18 04:00:00,28,49.01,True,True,67.54507156601821,-4.113089856690716,63.431981709327495,0,0,0.1
core_prophet_frozen_s42,prophet,frozen,selected,42,6,2025-02-17 01:00:00,2025-02-18 05:00:00,29,29.51,True,True,42.61462539677379,-4.113089856690716,38.501535540083076,0,0,0.1
core_prophet_frozen_s42,prophet,frozen,selected,42,6,2025-02-17 01:00:00,2025-02-18 06:00:00,30,29.15,True,True,41.46463027499206,-4.113089856690716,37.35154041830135,0,0,0.1
core_prophet_frozen_s42,prophet,frozen,selected,42,6,2025-02-17 01:00:00,2025-02-18 07:00:00,31,67.07,True,True,93.74018655995984,-4.113089856690716,89.62709670326912,0,0,0.1
core_prophet_frozen_s42,prophet,frozen,selected,42,6,2025-02-17 01:00:00,2025-02-18 08:00:00,32,133.78,True,True,162.25877421547148,-4.113089856690716,158.14568435878076,0,0,0.1
core_prophet_frozen_s42,prophet,frozen,selected,42,6,2025-02-17 01:00:00,2025-02-18 09:00:00,33,199.94,True,True,220.8106012669725,-4.113089856690716,216.69751141028178,0,0,0.1
core_prophet_frozen_s42,prophet,frozen,selected,42,6,2025-02-17 01:00:00,2025-02-18 10:00:00,34,239.74,True,True,255.7721939296748,-4.113089856690716,251.6591040729841,0,0,0.1
core_prophet_frozen_s42,prophet,frozen,selected,42,6,2025-02-17 01:00:00,2025-02-18 11:00:00,35,254.81,True,True,274.7002725599723,-4.113089856690716,270.5871827032816,0,0,0.1
core_prophet_frozen_s42,prophet,frozen,selected,42,6,2025-02-17 01:00:00,2025-02-18 12:00:00,36,216.09,True,True,234.50678286444253,-4.113089856690716,230.3936930077518,0,0,0.1
core_prophet_frozen_s42,prophet,frozen,selected,42,6,2025-02-17 01:00:00,2025-02-18 13:00:00,37,89.54,True,True,75.76656938651081,-4.113089856690716,71.65347952982009,0,0,0.1
core_prophet_frozen_s42,prophet,frozen,selected,42,6,2025-02-17 01:00:00,2025-02-18 14:00:00,38,57.9,True,True,37.72231844529577,-4.113089856690716,33.609228588605056,0,0,0.1
core_prophet_frozen_s42,prophet,frozen,selected,42,6,2025-02-17 01:00:00,2025-02-18 15:00:00,39,46.09,True,True,33.710317569672554,-4.113089856690716,29.597227712981837,0,0,0.1
core_prophet_frozen_s42,prophet,frozen,selected,42,6,2025-02-17 01:00:00,2025-02-18 16:00:00,40,36.78,True,True,34.44850003651095,-4.113089856690716,30.335410179820233,0,0,0.1
core_prophet_frozen_s42,prophet,frozen,selected,42,6,2025-02-17 01:00:00,2025-02-18 17:00:00,41,39.7,True,True,49.5259194003564,-4.113089856690716,45.41282954366569,0,0,0.1
core_prophet_frozen_s42,prophet,frozen,selected,42,6,2025-02-17 01:00:00,2025-02-18 18:00:00,42,45.94,True,True,67.37866580048876,-4.113089856690716,63.26557594379805,0,0,0.1
core_prophet_frozen_s42,prophet,frozen,selected,42,6,2025-02-17 01:00:00,2025-02-18 19:00:00,43,59.76,True,True,88.35166343492187,-4.113089856690716,84.23857357823115,0,0,0.1
core_prophet_frozen_s42,prophet,frozen,selected,42,6,2025-02-17 01:00:00,2025-02-18 20:00:00,44,85.69,True,True,118.7730378828282,-4.113089856690716,114.65994802613749,0,0,0.1
core_prophet_frozen_s42,prophet,frozen,selected,42,6,2025-02-17 01:00:00,2025-02-18 21:00:00,45,120.64,True,True,154.24958746956892,-4.113089856690716,150.1364976128782,0,0,0.1
core_prophet_frozen_s42,prophet,frozen,selected,42,6,2025-02-17 01:00:00,2025-02-18 22:00:00,46,166.49,True,True,201.05601358525388,-4.113089856690716,196.94292372856316,0,0,0.1
core_prophet_frozen_s42,prophet,frozen,selected,42,6,2025-02-17 01:00:00,2025-02-18 23:00:00,47,271.65,True,True,301.89756175596176,-4.113089856690716,297.78447189927107,0,0,0.1
core_prophet_frozen_s42,prophet,frozen,selected,42,6,2025-02-17 01:00:00,2025-02-19 00:00:00,48,403.91,True,True,427.0132614695641,-4.113089856690716,422.9001716128734,0,0,0.1
core_prophet_frozen_s42,prophet,frozen,selected,42,6,2025-02-17 01:00:00,2025-02-19 01:00:00,49,489.43,True,True,520.3947695932634,-4.113089856690716,516.2816797365726,0,0,0.1
core_prophet_frozen_s42,prophet,frozen,selected,42,6,2025-02-17 01:00:00,2025-02-19 02:00:00,50,466.75,True,True,503.408665231741,-4.113089856690716,499.2955753750503,0,0,0.1
core_prophet_frozen_s42,prophet,frozen,selected,42,6,2025-02-17 01:00:00,2025-02-19 03:00:00,51,343.4,True,True,377.0382282524333,-4.113089856690716,372.92513839574264,0,0,0.1
core_prophet_frozen_s42,prophet,frozen,selected,42,6,2025-02-17 01:00:00,2025-02-19 04:00:00,52,51.63,True,True,63.51451539573179,-4.113089856690716,59.40142553904108,0,0,0.1
core_prophet_frozen_s42,prophet,frozen,selected,42,6,2025-02-17 01:00:00,2025-02-19 05:00:00,53,29.72,True,True,39.21036223563263,-4.113089856690716,35.097272378941916,0,0,0.1
core_prophet_frozen_s42,prophet,frozen,selected,42,6,2025-02-17 01:00:00,2025-02-19 06:00:00,54,28.54,True,True,40.21397534213384,-4.113089856690716,36.10088548544313,0,0,0.1
core_prophet_frozen_s42,prophet,frozen,selected,42,6,2025-02-17 01:00:00,2025-02-19 07:00:00,55,40.53,True,True,54.55928164649925,-4.113089856690716,50.44619178980854,0,0,0.1
core_prophet_frozen_s42,prophet,frozen,selected,42,6,2025-02-17 01:00:00,2025-02-19 08:00:00,56,72.4,True,True,87.60328373565778,-4.113089856690716,83.49019387896706,0,0,0.1
core_prophet_frozen_s42,prophet,frozen,selected,42,6,2025-02-17 01:00:00,2025-02-19 09:00:00,57,114.39,True,True,119.5895128874551,-4.113089856690716,115.47642303076438,0,0,0.1
core_prophet_frozen_s42,prophet,frozen,selected,42,6,2025-02-17 01:00:00,2025-02-19 10:00:00,58,202.46,True,True,200.6655152529148,-4.113089856690716,196.55242539622407,0,0,0.1
core_prophet_frozen_s42,prophet,frozen,selected,42,6,2025-02-17 01:00:00,2025-02-19 11:00:00,59,361.35,True,True,367.6621325749402,-4.113089856690716,363.5490427182495,0,0,0.1
core_prophet_frozen_s42,prophet,frozen,selected,42,6,2025-02-17 01:00:00,2025-02-19 12:00:00,60,536.87,True,True,555.0603528469102,-4.113089856690716,550.9472629902194,0,0,0.1
core_prophet_frozen_s42,prophet,frozen,selected,42,6,2025-02-17 01:00:00,2025-02-19 13:00:00,61,630.96,True,True,672.8921139549095,-4.113089856690716,668.7790240982188,0,0,0.1
core_prophet_frozen_s42,prophet,frozen,selected,42,6,2025-02-17 01:00:00,2025-02-19 14:00:00,62,589.88,True,True,645.8504992672003,-4.113089856690716,641.7374094105096,0,0,0.1
core_prophet_frozen_s42,prophet,frozen,selected,42,6,2025-02-17 01:00:00,2025-02-19 15:00:00,63,403.76,True,True,460.1692895172364,-4.113089856690716,456.0561996605457,0,0,0.1
core_prophet_frozen_s42,prophet,frozen,selected,42,6,2025-02-17 01:00:00,2025-02-19 16:00:00,64,129.17,True,True,161.28833518352675,-4.113089856690716,157.17524532683603,0,0,0.1
core_prophet_frozen_s42,prophet,frozen,selected,42,6,2025-02-17 01:00:00,2025-02-19 17:00:00,65,51.04,True,True,77.2223518516135,-4.113089856690716,73.10926199492278,0,0,0.1
core_prophet_frozen_s42,prophet,frozen,selected,42,6,2025-02-17 01:00:00,2025-02-19 18:00:00,66,29.41,True,True,50.92033012202848,-4.113089856690716,46.80724026533777,0,0,0.1
core_prophet_frozen_s42,prophet,frozen,selected,42,6,2025-02-17 01:00:00,2025-02-19 19:00:00,67,27.89,True,True,50.49757076959804,-4.113089856690716,46.38448091290733,0,0,0.1
core_prophet_frozen_s42,prophet,frozen,selected,42,6,2025-02-17 01:00:00,2025-02-19 20:00:00,68,37.61,True,True,72.46509301640947,-4.113089856690716,68.35200315971875,0,0,0.1
core_prophet_frozen_s42,prophet,frozen,selected,42,6,2025-02-17 01:00:00,2025-02-19 21:00:00,69,50.21,True,True,92.0212698518841,-4.113089856690716,87.90817999519338,0,0,0.1
core_prophet_frozen_s42,prophet,frozen,selected,42,6,2025-02-17 01:00:00,2025-02-19 22:00:00,70,72.89,True,True,112.96901886933726,-4.113089856690716,108.85592901264654,0,0,0.1
core_prophet_frozen_s42,prophet,frozen,selected,42,6,2025-02-17 01:00:00,2025-02-19 23:00:00,71,162.34,True,True,201.2934606596581,-4.113089856690716,197.1803708029674,0,0,0.1
core_prophet_frozen_s42,prophet,frozen,selected,42,6,2025-02-17 01:00:00,2025-02-20 00:00:00,72,301.1,True,True,342.4597994981723,-4.113089856690716,338.3467096414816,0,0,0.1
core_prophet_frozen_s42,prophet,frozen,selected,42,6,2025-02-17 01:00:00,2025-02-20 01:00:00,73,420.92,True,True,469.0241718749575,-4.113089856690716,464.9110820182668,0,0,0.1
core_prophet_frozen_s42,prophet,frozen,selected,42,6,2025-02-17 01:00:00,2025-02-20 02:00:00,74,454.29,True,True,510.0283102943673,-4.113089856690716,505.9152204376766,0,0,0.1
core_prophet_frozen_s42,prophet,frozen,selected,42,6,2025-02-17 01:00:00,2025-02-20 03:00:00,75,397.09,True,True,453.2931269372792,-4.113089856690716,449.18003708058853,0,0,0.1
core_prophet_frozen_s42,prophet,frozen,selected,42,6,2025-02-17 01:00:00,2025-02-20 04:00:00,76,77.09,True,True,104.31051742044386,-4.113089856690716,100.19742756375314,0,0,0.1
core_prophet_frozen_s42,prophet,frozen,selected,42,6,2025-02-17 01:00:00,2025-02-20 05:00:00,77,52.74,True,True,77.73277238929956,-4.113089856690716,73.61968253260883,0,0,0.1
core_prophet_frozen_s42,prophet,frozen,selected,42,6,2025-02-17 01:00:00,2025-02-20 06:00:00,78,47.26,True,True,69.17163524462802,-4.113089856690716,65.0585453879373,0,0,0.1
core_prophet_frozen_s42,prophet,frozen,selected,42,6,2025-02-17 01:00:00,2025-02-20 07:00:00,79,46.95,True,True,62.17020027066383,-4.113089856690716,58.05711041397311,0,0,0.1
core_prophet_frozen_s42,prophet,frozen,selected,42,6,2025-02-17 01:00:00,2025-02-20 08:00:00,80,57.55,True,True,71.33893879866497,-4.113089856690716,67.22584894197425,0,0,0.1
core_prophet_frozen_s42,prophet,frozen,selected,42,6,2025-02-17 01:00:00,2025-02-20 09:00:00,81,70.57,True,True,87.92088313981168,-4.113089856690716,83.80779328312096,0,0,0.1
core_prophet_frozen_s42,prophet,frozen,selected,42,6,2025-02-17 01:00:00,2025-02-20 10:00:00,82,77.47,True,True,94.40108021390324,-4.113089856690716,90.28799035721252,0,0,0.1
core_prophet_frozen_s42,prophet,frozen,selected,42,6,2025-02-17 01:00:00,2025-02-20 11:00:00,83,73.05,True,True,72.51605998128497,-4.113089856690716,68.40297012459425,0,0,0.1
core_prophet_frozen_s42,prophet,frozen,selected,42,6,2025-02-17 01:00:00,2025-02-20 12:00:00,84,62.85,True,True,47.22849303380744,-4.113089856690716,43.115403177116725,0,0,0.1
core_prophet_frozen_s42,prophet,frozen,selected,42,6,2025-02-17 01:00:00,2025-02-20 13:00:00,85,93.41,True,True,83.02923670234074,-4.113089856690716,78.91614684565002,0,0,0.1
core_prophet_frozen_s42,prophet,frozen,selected,42,6,2025-02-17 01:00:00,2025-02-20 14:00:00,86,171.86,True,True,177.77965890854642,-4.113089856690716,173.6665690518557,0,0,0.1
core_prophet_frozen_s42,prophet,frozen,selected,42,6,2025-02-17 01:00:00,2025-02-20 15:00:00,87,209.59,True,True,234.5937206651461,-4.113089856690716,230.48063080845537,0,0,0.1
core_prophet_frozen_s42,prophet,frozen,selected,42,6,2025-02-17 01:00:00,2025-02-20 16:00:00,88,183.62,True,True,218.98347175021573,-4.113089856690716,214.870381893525,0,0,0.1
core_prophet_frozen_s42,prophet,frozen,selected,42,6,2025-02-17 01:00:00,2025-02-20 17:00:00,89,120.59,True,True,160.0673271105381,-4.113089856690716,155.95423725384737,0,0,0.1
core_prophet_frozen_s42,prophet,frozen,selected,42,6,2025-02-17 01:00:00,2025-02-20 18:00:00,90,62.79,True,True,97.24468960027366,-4.113089856690716,93.13159974358294,0,0,0.1
core_prophet_frozen_s42,prophet,frozen,selected,42,6,2025-02-17 01:00:00,2025-02-20 19:00:00,91,28.63,True,True,57.78370585842049,-4.113089856690716,53.670616001729776,0,0,0.1
core_prophet_frozen_s42,prophet,frozen,selected,42,6,2025-02-17 01:00:00,2025-02-20 20:00:00,92,27.27,True,True,59.14658160686676,-4.113089856690716,55.03349175017605,0,0,0.1
core_prophet_frozen_s42,prophet,frozen,selected,42,6,2025-02-17 01:00:00,2025-02-20 21:00:00,93,29.6,True,True,66.90847598730775,-4.113089856690716,62.79538613061704,0,0,0.1
core_prophet_frozen_s42,prophet,frozen,selected,42,6,2025-02-17 01:00:00,2025-02-20 22:00:00,94,36.29,True,True,76.25852608545631,-4.113089856690716,72.14543622876559,0,0,0.1
core_prophet_frozen_s42,prophet,frozen,selected,42,6,2025-02-17 01:00:00,2025-02-20 23:00:00,95,73.17,True,True,111.02008761880764,-4.113089856690716,106.90699776211692,0,0,0.1
core_prophet_frozen_s42,prophet,frozen,selected,42,6,2025-02-17 01:00:00,2025-02-21 00:00:00,96,133.95,True,True,163.4996852103449,-4.113089856690716,159.38659535365417,0,0,0.1
core_prophet_frozen_s42,prophet,frozen,selected,42,6,2025-02-17 01:00:00,2025-02-21 01:00:00,97,175.82,True,True,203.3872619582939,-4.113089856690716,199.27417210160317,0,0,0.1
core_prophet_frozen_s42,prophet,frozen,selected,42,6,2025-02-17 01:00:00,2025-02-21 02:00:00,98,156.43,True,True,183.55751580478457,-4.113089856690716,179.44442594809385,0,0,0.1
core_prophet_frozen_s42,prophet,frozen,selected,42,6,2025-02-17 01:00:00,2025-02-21 03:00:00,99,104.34,True,True,127.60891184923312,-4.113089856690716,123.4958219925424,0,0,0.1
core_prophet_frozen_s42,prophet,frozen,selected,42,6,2025-02-17 01:00:00,2025-02-21 04:00:00,100,31.13,True,True,53.75187294566192,-4.113089856690716,49.63878308897121,0,0,0.1
core_prophet_frozen_s42,prophet,frozen,selected,42,6,2025-02-17 01:00:00,2025-02-21 05:00:00,101,23.81,True,True,51.96711324824287,-4.113089856690716,47.854023391552154,0,0,0.1
core_prophet_frozen_s42,prophet,frozen,selected,42,6,2025-02-17 01:00:00,2025-02-21 06:00:00,102,23.91,True,True,56.258493270406575,-4.113089856690716,52.14540341371586,0,0,0.1
core_prophet_frozen_s42,prophet,frozen,selected,42,6,2025-02-17 01:00:00,2025-02-21 07:00:00,103,33.32,True,True,64.73062724846108,-4.113089856690716,60.61753739177036,0,0,0.1
core_prophet_frozen_s42,prophet,frozen,selected,42,6,2025-02-17 01:00:00,2025-02-21 08:00:00,104,61.12,True,True,87.76080047105057,-4.113089856690716,83.64771061435985,0,0,0.1
core_prophet_frozen_s42,prophet,frozen,selected,42,6,2025-02-17 01:00:00,2025-02-21 09:00:00,105,100.3,True,True,116.77821204080075,-4.113089856690716,112.66512218411003,0,0,0.1
core_prophet_frozen_s42,prophet,frozen,selected,42,6,2025-02-17 01:00:00,2025-02-21 10:00:00,106,218.15,True,True,227.50833137859067,-4.113089856690716,223.39524152189995,0,0,0.1
core_prophet_frozen_s42,prophet,frozen,selected,42,6,2025-02-17 01:00:00,2025-02-21 11:00:00,107,414.26,True,True,411.8976181881263,-4.113089856690716,407.7845283314356,0,0,0.1
core_prophet_frozen_s42,prophet,frozen,selected,42,6,2025-02-17 01:00:00,2025-02-21 12:00:00,108,593.67,True,True,598.631745337775,-4.113089856690716,594.5186554810842,0,0,0.1
core_prophet_frozen_s42,prophet,frozen,selected,42,6,2025-02-17 01:00:00,2025-02-21 13:00:00,109,679.3,True,True,697.8167112590772,-4.113089856690716,693.7036214023865,0,0,0.1
core_prophet_frozen_s42,prophet,frozen,selected,42,6,2025-02-17 01:00:00,2025-02-21 14:00:00,110,638.2,True,True,676.3909501355378,-4.113089856690716,672.277860278847,0,0,0.1
core_prophet_frozen_s42,prophet,frozen,selected,42,6,2025-02-17 01:00:00,2025-02-21 15:00:00,111,482.66,True,True,530.6348103376963,-4.113089856690716,526.5217204810056,0,0,0.1
core_prophet_frozen_s42,prophet,frozen,selected,42,6,2025-02-17 01:00:00,2025-02-21 16:00:00,112,256.64,True,True,308.7848319827011,-4.113089856690716,304.67174212601043,0,0,0.1
core_prophet_frozen_s42,prophet,frozen,selected,42,6,2025-02-17 01:00:00,2025-02-21 17:00:00,113,111.54,True,True,161.36006277633615,-4.113089856690716,157.24697291964543,0,0,0.1
core_prophet_frozen_s42,prophet,frozen,selected,42,6,2025-02-17 01:00:00,2025-02-21 18:00:00,114,53.57,True,True,99.20970689560204,-4.113089856690716,95.09661703891132,0,0,0.1
core_prophet_frozen_s42,prophet,frozen,selected,42,6,2025-02-17 01:00:00,2025-02-21 19:00:00,115,40.4,True,True,88.36431713329165,-4.113089856690716,84.25122727660093,0,0,0.1
core_prophet_frozen_s42,prophet,frozen,selected,42,6,2025-02-17 01:00:00,2025-02-21 20:00:00,116,48.97,True,True,99.24610339158524,-4.113089856690716,95.13301353489452,0,0,0.1
core_prophet_frozen_s42,prophet,frozen,selected,42,6,2025-02-17 01:00:00,2025-02-21 21:00:00,117,61.32,True,True,110.83650511551888,-4.113089856690716,106.72341525882815,0,0,0.1
core_prophet_frozen_s42,prophet,frozen,selected,42,6,2025-02-17 01:00:00,2025-02-21 22:00:00,118,74.62,True,True,119.86433724762053,-4.113089856690716,115.7512473909298,0,0,0.1
core_prophet_frozen_s42,prophet,frozen,selected,42,6,2025-02-17 01:00:00,2025-02-21 23:00:00,119,113.77,True,True,153.9339825131021,-4.113089856690716,149.8208926564114,0,0,0.1
core_prophet_frozen_s42,prophet,frozen,selected,42,6,2025-02-17 01:00:00,2025-02-22 00:00:00,120,154.05,True,True,196.3626018523709,-4.113089856690716,192.24951199568017,0,0,0.1
core_prophet_frozen_s42,prophet,frozen,selected,42,6,2025-02-17 01:00:00,2025-02-22 01:00:00,121,164.86,True,True,205.40952675846225,-4.113089856690716,201.29643690177153,0,0,0.1
core_prophet_frozen_s42,prophet,frozen,selected,42,6,2025-02-17 01:00:00,2025-02-22 02:00:00,122,150.83,True,True,188.8130292334736,-4.113089856690716,184.69993937678288,0,0,0.1
core_prophet_frozen_s42,prophet,frozen,selected,42,6,2025-02-17 01:00:00,2025-02-22 03:00:00,123,107.01,True,True,144.35646955145546,-4.113089856690716,140.24337969476474,0,0,0.1
core_prophet_frozen_s42,prophet,frozen,selected,42,6,2025-02-17 01:00:00,2025-02-22 04:00:00,124,28.36,True,True,56.04680044827853,-4.113089856690716,51.93371059158782,0,0,0.1
core_prophet_frozen_s42,prophet,frozen,selected,42,6,2025-02-17 01:00:00,2025-02-22 05:00:00,125,17.74,True,True,46.29356243950664,-4.113089856690716,42.18047258281592,0,0,0.1
core_prophet_frozen_s42,prophet,frozen,selected,42,6,2025-02-17 01:00:00,2025-02-22 06:00:00,126,15.1,True,True,43.03495352012811,-4.113089856690716,38.9218636634374,0,0,0.1
core_prophet_frozen_s42,prophet,frozen,selected,42,6,2025-02-17 01:00:00,2025-02-22 07:00:00,127,15.54,True,True,37.580342050267575,-4.113089856690716,33.46725219357686,0,0,0.1
core_prophet_frozen_s42,prophet,frozen,selected,42,6,2025-02-17 01:00:00,2025-02-22 08:00:00,128,19.92,True,True,33.31441095800108,-4.113089856690716,29.201321101310366,0,0,0.1
core_prophet_frozen_s42,prophet,frozen,selected,42,6,2025-02-17 01:00:00,2025-02-22 09:00:00,129,24.69,True,True,30.51514492996739,-4.113089856690716,26.402055073276674,0,0,0.1
core_prophet_frozen_s42,prophet,frozen,selected,42,6,2025-02-17 01:00:00,2025-02-22 10:00:00,130,31.99,True,True,42.23744434017351,-4.113089856690716,38.1243544834828,0,0,0.1
core_prophet_frozen_s42,prophet,frozen,selected,42,6,2025-02-17 01:00:00,2025-02-22 11:00:00,131,44.39,True,True,54.02988608564692,-4.113089856690716,49.91679622895621,0,0,0.1
core_prophet_frozen_s42,prophet,frozen,selected,42,6,2025-02-17 01:00:00,2025-02-22 12:00:00,132,53.64,True,True,59.86273005262453,-4.113089856690716,55.749640195933814,0,0,0.1
core_prophet_frozen_s42,prophet,frozen,selected,42,6,2025-02-17 01:00:00,2025-02-22 13:00:00,133,51.41,True,True,54.39373774029261,-4.113089856690716,50.280647883601894,0,0,0.1
core_prophet_frozen_s42,prophet,frozen,selected,42,6,2025-02-17 01:00:00,2025-02-22 14:00:00,134,36.39,True,True,31.919269136384344,-4.113089856690716,27.806179279693627,0,0,0.1
core_prophet_frozen_s42,prophet,frozen,selected,42,6,2025-02-17 01:00:00,2025-02-22 15:00:00,135,19.09,True,True,11.946815755199452,-4.113089856690716,7.833725898508736,0,0,0.1
core_prophet_frozen_s42,prophet,frozen,selected,42,6,2025-02-17 01:00:00,2025-02-22 16:00:00,136,5.61,True,True,-4.277770474020258,-4.113089856690716,-8.390860330710975,0,0,0.1
core_prophet_frozen_s42,prophet,frozen,selected,42,6,2025-02-17 01:00:00,2025-02-22 17:00:00,137,4.48,True,True,-0.0156403953352821,-4.113089856690716,-4.128730252025998,0,0,0.1
core_prophet_frozen_s42,prophet,frozen,selected,42,6,2025-02-17 01:00:00,2025-02-22 18:00:00,138,4.93,True,True,7.662922744845417,-4.113089856690716,3.549832888154701,0,0,0.1
core_prophet_frozen_s42,prophet,frozen,selected,42,6,2025-02-17 01:00:00,2025-02-22 19:00:00,139,5.77,True,True,16.54229160742355,-4.113089856690716,12.429201750732833,0,0,0.1
core_prophet_frozen_s42,prophet,frozen,selected,42,6,2025-02-17 01:00:00,2025-02-22 20:00:00,140,7.12,True,True,25.75191202478393,-4.113089856690716,21.638822168093213,0,0,0.1
core_prophet_frozen_s42,prophet,frozen,selected,42,6,2025-02-17 01:00:00,2025-02-22 21:00:00,141,8.89,True,True,33.77475546914596,-4.113089856690716,29.66166561245524,0,0,0.1
core_prophet_frozen_s42,prophet,frozen,selected,42,6,2025-02-17 01:00:00,2025-02-22 22:00:00,142,11.77,True,True,39.50341332506213,-4.113089856690716,35.39032346837141,0,0,0.1
core_prophet_frozen_s42,prophet,frozen,selected,42,6,2025-02-17 01:00:00,2025-02-22 23:00:00,143,22.68,True,True,57.50244441317653,-4.113089856690716,53.38935455648582,0,0,0.1
core_prophet_frozen_s42,prophet,frozen,selected,42,6,2025-02-17 01:00:00,2025-02-23 00:00:00,144,34.23,True,True,77.09809479020811,-4.113089856690716,72.98500493351739,0,0,0.1
core_prophet_frozen_s42,prophet,frozen,selected,42,6,2025-02-17 01:00:00,2025-02-23 01:00:00,145,37.87,True,True,69.60748491569885,-4.113089856690716,65.49439505900813,0,0,0.1
core_prophet_frozen_s42,prophet,frozen,selected,42,6,2025-02-17 01:00:00,2025-02-23 02:00:00,146,32.66,True,True,53.4496088191263,-4.113089856690716,49.33651896243558,0,0,0.1
core_prophet_frozen_s42,prophet,frozen,selected,42,6,2025-02-17 01:00:00,2025-02-23 03:00:00,147,23.38,True,True,40.77458161723359,-4.113089856690716,36.66149176054288,0,0,0.1
core_prophet_frozen_s42,prophet,frozen,selected,42,6,2025-02-17 01:00:00,2025-02-23 04:00:00,148,16.47,True,True,36.2642072978183,-4.113089856690716,32.15111744112759,0,0,0.1
core_prophet_frozen_s42,prophet,frozen,selected,42,6,2025-02-17 01:00:00,2025-02-23 05:00:00,149,15.24,True,True,39.51660306598316,-4.113089856690716,35.40351320929245,0,0,0.1
core_prophet_frozen_s42,prophet,frozen,selected,42,6,2025-02-17 01:00:00,2025-02-23 06:00:00,150,15.88,True,True,39.94678130380581,-4.113089856690716,35.83369144711509,0,0,0.1
core_prophet_frozen_s42,prophet,frozen,selected,42,6,2025-02-17 01:00:00,2025-02-23 07:00:00,151,17.65,True,True,35.71895894606911,-4.113089856690716,31.60586908937839,0,0,0.1
core_prophet_frozen_s42,prophet,frozen,selected,42,6,2025-02-17 01:00:00,2025-02-23 08:00:00,152,20.99,True,True,30.297038738039305,-4.113089856690716,26.183948881348588,0,0,0.1
core_prophet_frozen_s42,prophet,frozen,selected,42,6,2025-02-17 01:00:00,2025-02-23 09:00:00,153,24.16,True,True,27.728632169492585,-4.113089856690716,23.615542312801868,0,0,0.1
core_prophet_frozen_s42,prophet,frozen,selected,42,6,2025-02-17 01:00:00,2025-02-23 10:00:00,154,41.36,True,True,62.960774138660526,-4.113089856690716,58.84768428196981,0,0,0.1
core_prophet_frozen_s42,prophet,frozen,selected,42,6,2025-02-17 01:00:00,2025-02-23 11:00:00,155,88.86,True,True,123.1020954803323,-4.113089856690716,118.98900562364157,0,0,0.1
core_prophet_frozen_s42,prophet,frozen,selected,42,6,2025-02-17 01:00:00,2025-02-23 12:00:00,156,145.03,True,True,177.410506717472,-4.113089856690716,173.29741686078128,0,0,0.1
core_prophet_frozen_s42,prophet,frozen,selected,42,6,2025-02-17 01:00:00,2025-02-23 13:00:00,157,220.52,True,True,256.3238872214877,-4.113089856690716,252.210797364797,0,0,0.1
core_prophet_frozen_s42,prophet,frozen,selected,42,6,2025-02-17 01:00:00,2025-02-23 14:00:00,158,320.9,True,True,361.96388013799776,-4.113089856690716,357.85079028130707,0,0,0.1
core_prophet_frozen_s42,prophet,frozen,selected,42,6,2025-02-17 01:00:00,2025-02-23 15:00:00,159,383.17,True,True,425.0326345429192,-4.113089856690716,420.9195446862285,0,0,0.1
core_prophet_frozen_s42,prophet,frozen,selected,42,6,2025-02-17 01:00:00,2025-02-23 16:00:00,160,384.47,True,True,426.8975224624496,-4.113089856690716,422.7844326057589,0,0,0.1
core_prophet_frozen_s42,prophet,frozen,selected,42,6,2025-02-17 01:00:00,2025-02-23 17:00:00,161,360.95,True,True,411.0654582241257,-4.113089856690716,406.952368367435,0,0,0.1
core_prophet_frozen_s42,prophet,frozen,selected,42,6,2025-02-17 01:00:00,2025-02-23 18:00:00,162,343.9,True,True,399.2460626350725,-4.113089856690716,395.1329727783818,0,0,0.1
core_prophet_frozen_s42,prophet,frozen,selected,42,6,2025-02-17 01:00:00,2025-02-23 19:00:00,163,312.32,True,True,382.06337982077264,-4.113089856690716,377.95028996408195,0,0,0.1
core_prophet_frozen_s42,prophet,frozen,selected,42,6,2025-02-17 01:00:00,2025-02-23 20:00:00,164,279.43,True,True,349.8951459795154,-4.113089856690716,345.7820561228247,0,0,0.1
core_prophet_frozen_s42,prophet,frozen,selected,42,6,2025-02-17 01:00:00,2025-02-23 21:00:00,165,257.35,True,True,324.92522978477365,-4.113089856690716,320.81213992808296,0,0,0.1
core_prophet_frozen_s42,prophet,frozen,selected,42,6,2025-02-17 01:00:00,2025-02-23 22:00:00,166,238.45,True,True,293.1585626468681,-4.113089856690716,289.0454727901774,0,0,0.1
core_prophet_frozen_s42,prophet,frozen,selected,42,6,2025-02-17 01:00:00,2025-02-23 23:00:00,167,303.74,True,True,348.73458603576387,-4.113089856690716,344.6214961790732,0,0,0.1
core_prophet_frozen_s42,prophet,frozen,selected,42,6,2025-02-17 01:00:00,2025-02-24 00:00:00,168,431.37,True,True,480.1808278125957,-4.113089856690716,476.067737955905,0,0,0.1
core_prophet_frozen_s42,prophet,frozen,selected,42,7,2025-02-24 01:00:00,2025-02-24 01:00:00,1,567.5,True,True,624.3915745671276,-6.584360941518954,617.8072136256086,0,0,0.1
core_prophet_frozen_s42,prophet,frozen,selected,42,7,2025-02-24 01:00:00,2025-02-24 02:00:00,2,657.01,True,True,730.5975691127633,-6.584360941518954,724.0132081712443,0,0,0.1
core_prophet_frozen_s42,prophet,frozen,selected,42,7,2025-02-24 01:00:00,2025-02-24 03:00:00,3,678.43,True,True,743.337437395711,-6.584360941518954,736.7530764541921,0,0,0.1
core_prophet_frozen_s42,prophet,frozen,selected,42,7,2025-02-24 01:00:00,2025-02-24 04:00:00,4,329.78,True,True,333.0885323172072,-6.584360941518954,326.5041713756882,0,0,0.1
core_prophet_frozen_s42,prophet,frozen,selected,42,7,2025-02-24 01:00:00,2025-02-24 05:00:00,5,267.85,True,True,296.18281131375363,-6.584360941518954,289.59845037223465,0,0,0.1
core_prophet_frozen_s42,prophet,frozen,selected,42,7,2025-02-24 01:00:00,2025-02-24 06:00:00,6,205.48,True,True,266.65946664810366,-6.584360941518954,260.0751057065847,0,0,0.1
core_prophet_frozen_s42,prophet,frozen,selected,42,7,2025-02-24 01:00:00,2025-02-24 07:00:00,7,140.92,True,True,193.7480095708532,-6.584360941518954,187.16364862933426,0,0,0.1
core_prophet_frozen_s42,prophet,frozen,selected,42,7,2025-02-24 01:00:00,2025-02-24 08:00:00,8,114.98,True,True,148.45960857596512,-6.584360941518954,141.87524763444617,0,0,0.1
core_prophet_frozen_s42,prophet,frozen,selected,42,7,2025-02-24 01:00:00,2025-02-24 09:00:00,9,113.32,True,True,125.51923597705854,-6.584360941518954,118.93487503553959,0,0,0.1
core_prophet_frozen_s42,prophet,frozen,selected,42,7,2025-02-24 01:00:00,2025-02-24 10:00:00,10,132.34,True,True,127.10961305047628,-6.584360941518954,120.52525210895733,0,0,0.1
core_prophet_frozen_s42,prophet,frozen,selected,42,7,2025-02-24 01:00:00,2025-02-24 11:00:00,11,171.17,True,True,155.8420896061669,-6.584360941518954,149.25772866464794,0,0,0.1
core_prophet_frozen_s42,prophet,frozen,selected,42,7,2025-02-24 01:00:00,2025-02-24 12:00:00,12,215.68,True,True,199.09681943858573,-6.584360941518954,192.51245849706677,0,0,0.1
core_prophet_frozen_s42,prophet,frozen,selected,42,7,2025-02-24 01:00:00,2025-02-24 13:00:00,13,291.4,True,True,277.5384302790449,-6.584360941518954,270.95406933752594,0,0,0.1
core_prophet_frozen_s42,prophet,frozen,selected,42,7,2025-02-24 01:00:00,2025-02-24 14:00:00,14,403.27,True,True,396.030133221593,-6.584360941518954,389.44577228007404,0,0,0.1
core_prophet_frozen_s42,prophet,frozen,selected,42,7,2025-02-24 01:00:00,2025-02-24 15:00:00,15,487.22,True,True,477.0525063091248,-6.584360941518954,470.4681453676058,0,0,0.1
core_prophet_frozen_s42,prophet,frozen,selected,42,7,2025-02-24 01:00:00,2025-02-24 16:00:00,16,498.67,True,True,499.2951551341533,-6.584360941518954,492.7107941926343,0,0,0.1
core_prophet_frozen_s42,prophet,frozen,selected,42,7,2025-02-24 01:00:00,2025-02-24 17:00:00,17,488.64,True,True,493.3679445813668,-6.584360941518954,486.78358363984785,0,0,0.1
core_prophet_frozen_s42,prophet,frozen,selected,42,7,2025-02-24 01:00:00,2025-02-24 18:00:00,18,481.07,True,True,491.7289472964251,-6.584360941518954,485.1445863549061,0,0,0.1
core_prophet_frozen_s42,prophet,frozen,selected,42,7,2025-02-24 01:00:00,2025-02-24 19:00:00,19,466.0,True,True,483.39933500699215,-6.584360941518954,476.81497406547317,0,0,0.1
core_prophet_frozen_s42,prophet,frozen,selected,42,7,2025-02-24 01:00:00,2025-02-24 20:00:00,20,414.32,True,True,454.287745011268,-6.584360941518954,447.703384069749,0,0,0.1
core_prophet_frozen_s42,prophet,frozen,selected,42,7,2025-02-24 01:00:00,2025-02-24 21:00:00,21,325.84,True,True,378.2716649374464,-6.584360941518954,371.68730399592744,0,0,0.1
core_prophet_frozen_s42,prophet,frozen,selected,42,7,2025-02-24 01:00:00,2025-02-24 22:00:00,22,214.52,True,True,271.9071227173463,-6.584360941518954,265.3227617758273,0,0,0.1
core_prophet_frozen_s42,prophet,frozen,selected,42,7,2025-02-24 01:00:00,2025-02-24 23:00:00,23,167.95,True,True,223.19774875557508,-6.584360941518954,216.61338781405613,0,0,0.1
core_prophet_frozen_s42,prophet,frozen,selected,42,7,2025-02-24 01:00:00,2025-02-25 00:00:00,24,149.83,True,True,199.0556537615889,-6.584360941518954,192.47129282006995,0,0,0.1
core_prophet_frozen_s42,prophet,frozen,selected,42,7,2025-02-24 01:00:00,2025-02-25 01:00:00,25,78.4,True,True,91.76230987857365,-6.584360941518954,85.1779489370547,0,0,0.1
core_prophet_frozen_s42,prophet,frozen,selected,42,7,2025-02-24 01:00:00,2025-02-25 02:00:00,26,68.26,True,True,59.87260613044688,-6.584360941518954,53.28824518892793,0,0,0.1
core_prophet_frozen_s42,prophet,frozen,selected,42,7,2025-02-24 01:00:00,2025-02-25 03:00:00,27,59.85,True,True,42.3742717600818,-6.584360941518954,35.789910818562845,0,0,0.1
core_prophet_frozen_s42,prophet,frozen,selected,42,7,2025-02-24 01:00:00,2025-02-25 04:00:00,28,43.97,True,True,31.916776597034243,-6.584360941518954,25.33241565551529,0,0,0.1
core_prophet_frozen_s42,prophet,frozen,selected,42,7,2025-02-24 01:00:00,2025-02-25 05:00:00,29,32.36,True,True,32.710301045030576,-6.584360941518954,26.125940103511624,0,0,0.1
core_prophet_frozen_s42,prophet,frozen,selected,42,7,2025-02-24 01:00:00,2025-02-25 06:00:00,30,27.24,True,True,32.936686384978174,-6.584360941518954,26.352325443459222,0,0,0.1
core_prophet_frozen_s42,prophet,frozen,selected,42,7,2025-02-24 01:00:00,2025-02-25 07:00:00,31,26.58,True,True,33.38198109379533,-6.584360941518954,26.79762015227638,0,0,0.1
core_prophet_frozen_s42,prophet,frozen,selected,42,7,2025-02-24 01:00:00,2025-02-25 08:00:00,32,32.4,True,True,42.07021142279584,-6.584360941518954,35.48585048127689,0,0,0.1
core_prophet_frozen_s42,prophet,frozen,selected,42,7,2025-02-24 01:00:00,2025-02-25 09:00:00,33,39.85,True,True,56.3343116783,-6.584360941518954,49.749950736781045,0,0,0.1
core_prophet_frozen_s42,prophet,frozen,selected,42,7,2025-02-24 01:00:00,2025-02-25 10:00:00,34,71.18,True,True,106.2963648552205,-6.584360941518954,99.71200391370155,0,0,0.1
core_prophet_frozen_s42,prophet,frozen,selected,42,7,2025-02-24 01:00:00,2025-02-25 11:00:00,35,131.49,True,True,172.88846968206676,-6.584360941518954,166.3041087405478,0,0,0.1
core_prophet_frozen_s42,prophet,frozen,selected,42,7,2025-02-24 01:00:00,2025-02-25 12:00:00,36,187.66,True,True,237.55369802143852,-6.584360941518954,230.96933707991957,0,0,0.1
core_prophet_frozen_s42,prophet,frozen,selected,42,7,2025-02-24 01:00:00,2025-02-25 13:00:00,37,235.48,True,True,288.89991392830507,-6.584360941518954,282.3155529867861,0,0,0.1
core_prophet_frozen_s42,prophet,frozen,selected,42,7,2025-02-24 01:00:00,2025-02-25 14:00:00,38,294.34,True,True,352.94521738868417,-6.584360941518954,346.3608564471652,0,0,0.1
core_prophet_frozen_s42,prophet,frozen,selected,42,7,2025-02-24 01:00:00,2025-02-25 15:00:00,39,326.03,True,True,385.8940094583653,-6.584360941518954,379.3096485168463,0,0,0.1
core_prophet_frozen_s42,prophet,frozen,selected,42,7,2025-02-24 01:00:00,2025-02-25 16:00:00,40,324.64,True,True,393.2230040222763,-6.584360941518954,386.63864308075733,0,0,0.1
core_prophet_frozen_s42,prophet,frozen,selected,42,7,2025-02-24 01:00:00,2025-02-25 17:00:00,41,340.78,True,True,415.95114649989,-6.584360941518954,409.366785558371,0,0,0.1
core_prophet_frozen_s42,prophet,frozen,selected,42,7,2025-02-24 01:00:00,2025-02-25 18:00:00,42,385.55,True,True,464.10916128804286,-6.584360941518954,457.5248003465239,0,0,0.1
core_prophet_frozen_s42,prophet,frozen,selected,42,7,2025-02-24 01:00:00,2025-02-25 19:00:00,43,440.08,True,True,524.9800492487933,-6.584360941518954,518.3956883072743,0,0,0.1
core_prophet_frozen_s42,prophet,frozen,selected,42,7,2025-02-24 01:00:00,2025-02-25 20:00:00,44,466.09,True,True,559.0906971136664,-6.584360941518954,552.5063361721474,0,0,0.1
core_prophet_frozen_s42,prophet,frozen,selected,42,7,2025-02-24 01:00:00,2025-02-25 21:00:00,45,471.03,True,True,561.5969954535286,-6.584360941518954,555.0126345120096,0,0,0.1
core_prophet_frozen_s42,prophet,frozen,selected,42,7,2025-02-24 01:00:00,2025-02-25 22:00:00,46,433.22,True,True,522.2203119944242,-6.584360941518954,515.6359510529052,0,0,0.1
core_prophet_frozen_s42,prophet,frozen,selected,42,7,2025-02-24 01:00:00,2025-02-25 23:00:00,47,490.15,True,True,562.6016884294047,-6.584360941518954,556.0173274878857,0,0,0.1
core_prophet_frozen_s42,prophet,frozen,selected,42,7,2025-02-24 01:00:00,2025-02-26 00:00:00,48,637.11,True,True,709.1388887358303,-6.584360941518954,702.5545277943113,0,0,0.1
core_prophet_frozen_s42,prophet,frozen,selected,42,7,2025-02-24 01:00:00,2025-02-26 01:00:00,49,773.54,True,True,860.2494554144826,-6.584360941518954,853.6650944729636,0,0,0.1
core_prophet_frozen_s42,prophet,frozen,selected,42,7,2025-02-24 01:00:00,2025-02-26 02:00:00,50,767.72,True,True,856.5001538797998,-6.584360941518954,849.9157929382808,0,0,0.1
core_prophet_frozen_s42,prophet,frozen,selected,42,7,2025-02-24 01:00:00,2025-02-26 03:00:00,51,615.72,True,True,699.9205090864654,-6.584360941518954,693.3361481449464,0,0,0.1
core_prophet_frozen_s42,prophet,frozen,selected,42,7,2025-02-24 01:00:00,2025-02-26 04:00:00,52,235.46,True,True,245.98837288893932,-6.584360941518954,239.40401194742037,0,0,0.1
core_prophet_frozen_s42,prophet,frozen,selected,42,7,2025-02-24 01:00:00,2025-02-26 05:00:00,53,202.88,True,True,216.68243799275092,-6.584360941518954,210.09807705123197,0,0,0.1
core_prophet_frozen_s42,prophet,frozen,selected,42,7,2025-02-24 01:00:00,2025-02-26 06:00:00,54,202.57,True,True,216.01469366828857,-6.584360941518954,209.43033272676962,0,0,0.1
core_prophet_frozen_s42,prophet,frozen,selected,42,7,2025-02-24 01:00:00,2025-02-26 07:00:00,55,221.7,True,True,229.39872514528076,-6.584360941518954,222.8143642037618,0,0,0.1
core_prophet_frozen_s42,prophet,frozen,selected,42,7,2025-02-24 01:00:00,2025-02-26 08:00:00,56,267.63,True,True,265.0336494854742,-6.584360941518954,258.4492885439552,0,0,0.1
core_prophet_frozen_s42,prophet,frozen,selected,42,7,2025-02-24 01:00:00,2025-02-26 09:00:00,57,301.27,True,True,293.06057550289654,-6.584360941518954,286.47621456137756,0,0,0.1
core_prophet_frozen_s42,prophet,frozen,selected,42,7,2025-02-24 01:00:00,2025-02-26 10:00:00,58,392.84,True,True,382.7359028803089,-6.584360941518954,376.15154193878993,0,0,0.1
core_prophet_frozen_s42,prophet,frozen,selected,42,7,2025-02-24 01:00:00,2025-02-26 11:00:00,59,577.98,True,True,571.7088326538019,-6.584360941518954,565.1244717122829,0,0,0.1
core_prophet_frozen_s42,prophet,frozen,selected,42,7,2025-02-24 01:00:00,2025-02-26 12:00:00,60,790.24,True,True,782.6686739391714,-6.584360941518954,776.0843129976524,0,0,0.1
core_prophet_frozen_s42,prophet,frozen,selected,42,7,2025-02-24 01:00:00,2025-02-26 13:00:00,61,954.72,True,True,959.504030860536,-6.584360941518954,952.919669919017,0,0,0.1
core_prophet_frozen_s42,prophet,frozen,selected,42,7,2025-02-24 01:00:00,2025-02-26 14:00:00,62,1051.75,True,True,1085.9863374096562,-6.584360941518954,1079.4019764681373,0,0,0.1
core_prophet_frozen_s42,prophet,frozen,selected,42,7,2025-02-24 01:00:00,2025-02-26 15:00:00,63,1006.67,True,True,1044.3366952808644,-6.584360941518954,1037.7523343393455,0,0,0.1
core_prophet_frozen_s42,prophet,frozen,selected,42,7,2025-02-24 01:00:00,2025-02-26 16:00:00,64,853.49,True,True,906.797162090332,-6.584360941518954,900.212801148813,0,0,0.1
core_prophet_frozen_s42,prophet,frozen,selected,42,7,2025-02-24 01:00:00,2025-02-26 17:00:00,65,722.09,True,True,779.2012386558176,-6.584360941518954,772.6168777142987,0,0,0.1
core_prophet_frozen_s42,prophet,frozen,selected,42,7,2025-02-24 01:00:00,2025-02-26 18:00:00,66,624.6,True,True,688.9946606500764,-6.584360941518954,682.4102997085574,0,0,0.1
core_prophet_frozen_s42,prophet,frozen,selected,42,7,2025-02-24 01:00:00,2025-02-26 19:00:00,67,564.86,True,True,628.2237802800721,-6.584360941518954,621.6394193385531,0,0,0.1
core_prophet_frozen_s42,prophet,frozen,selected,42,7,2025-02-24 01:00:00,2025-02-26 20:00:00,68,519.76,True,True,584.7781472846568,-6.584360941518954,578.1937863431378,0,0,0.1
core_prophet_frozen_s42,prophet,frozen,selected,42,7,2025-02-24 01:00:00,2025-02-26 21:00:00,69,478.4,True,True,539.6258212174391,-6.584360941518954,533.0414602759201,0,0,0.1
core_prophet_frozen_s42,prophet,frozen,selected,42,7,2025-02-24 01:00:00,2025-02-26 22:00:00,70,426.12,True,True,489.5765175965623,-6.584360941518954,482.99215665504335,0,0,0.1
core_prophet_frozen_s42,prophet,frozen,selected,42,7,2025-02-24 01:00:00,2025-02-26 23:00:00,71,473.81,True,True,528.6274074886162,-6.584360941518954,522.0430465470972,0,0,0.1
core_prophet_frozen_s42,prophet,frozen,selected,42,7,2025-02-24 01:00:00,2025-02-27 00:00:00,72,605.51,True,True,674.3291772164841,-6.584360941518954,667.7448162749652,0,0,0.1
core_prophet_frozen_s42,prophet,frozen,selected,42,7,2025-02-24 01:00:00,2025-02-27 01:00:00,73,716.85,True,True,795.9820381452479,-6.584360941518954,789.3976772037289,0,0,0.1
core_prophet_frozen_s42,prophet,frozen,selected,42,7,2025-02-24 01:00:00,2025-02-27 02:00:00,74,726.64,True,True,825.1547857833142,-6.584360941518954,818.5704248417952,0,0,0.1
core_prophet_frozen_s42,prophet,frozen,selected,42,7,2025-02-24 01:00:00,2025-02-27 03:00:00,75,631.98,True,True,738.1651112286627,-6.584360941518954,731.5807502871437,0,0,0.1
core_prophet_frozen_s42,prophet,frozen,selected,42,7,2025-02-24 01:00:00,2025-02-27 04:00:00,76,262.85,True,True,271.9286764504809,-6.584360941518954,265.3443155089619,0,0,0.1
core_prophet_frozen_s42,prophet,frozen,selected,42,7,2025-02-24 01:00:00,2025-02-27 05:00:00,77,241.47,True,True,223.2136081864612,-6.584360941518954,216.62924724494223,0,0,0.1
core_prophet_frozen_s42,prophet,frozen,selected,42,7,2025-02-24 01:00:00,2025-02-27 06:00:00,78,246.72,True,True,209.8479306189301,-6.584360941518954,203.26356967741114,0,0,0.1
core_prophet_frozen_s42,prophet,frozen,selected,42,7,2025-02-24 01:00:00,2025-02-27 07:00:00,79,271.67,True,True,215.46981915548943,-6.584360941518954,208.88545821397048,0,0,0.1
core_prophet_frozen_s42,prophet,frozen,selected,42,7,2025-02-24 01:00:00,2025-02-27 08:00:00,80,314.75,True,True,240.4121467328426,-6.584360941518954,233.82778579132363,0,0,0.1
core_prophet_frozen_s42,prophet,frozen,selected,42,7,2025-02-24 01:00:00,2025-02-27 09:00:00,81,345.98,True,True,252.6191979773604,-6.584360941518954,246.03483703584143,0,0,0.1
core_prophet_frozen_s42,prophet,frozen,selected,42,7,2025-02-24 01:00:00,2025-02-27 10:00:00,82,434.03,True,True,343.1648448971311,-6.584360941518954,336.5804839556121,0,0,0.1
core_prophet_frozen_s42,prophet,frozen,selected,42,7,2025-02-24 01:00:00,2025-02-27 11:00:00,83,616.47,True,True,533.9563150308309,-6.584360941518954,527.3719540893119,0,0,0.1
core_prophet_frozen_s42,prophet,frozen,selected,42,7,2025-02-24 01:00:00,2025-02-27 12:00:00,84,818.34,True,True,762.2758098228259,-6.584360941518954,755.6914488813069,0,0,0.1
core_prophet_frozen_s42,prophet,frozen,selected,42,7,2025-02-24 01:00:00,2025-02-27 13:00:00,85,984.41,True,True,938.529508370764,-6.584360941518954,931.945147429245,0,0,0.1
core_prophet_frozen_s42,prophet,frozen,selected,42,7,2025-02-24 01:00:00,2025-02-27 14:00:00,86,1099.03,True,True,1086.0355398284514,-6.584360941518954,1079.4511788869324,0,0,0.1
core_prophet_frozen_s42,prophet,frozen,selected,42,7,2025-02-24 01:00:00,2025-02-27 15:00:00,87,1093.95,True,True,1102.5569641923753,-6.584360941518954,1095.9726032508563,0,0,0.1
core_prophet_frozen_s42,prophet,frozen,selected,42,7,2025-02-24 01:00:00,2025-02-27 16:00:00,88,970.88,True,True,974.2470072122724,-6.584360941518954,967.6626462707534,0,0,0.1
core_prophet_frozen_s42,prophet,frozen,selected,42,7,2025-02-24 01:00:00,2025-02-27 17:00:00,89,828.37,True,True,836.3550163259893,-6.584360941518954,829.7706553844703,0,0,0.1
core_prophet_frozen_s42,prophet,frozen,selected,42,7,2025-02-24 01:00:00,2025-02-27 18:00:00,90,699.28,True,True,697.3273717032856,-6.584360941518954,690.7430107617666,0,0,0.1
core_prophet_frozen_s42,prophet,frozen,selected,42,7,2025-02-24 01:00:00,2025-02-27 19:00:00,91,584.72,True,True,584.5430348630314,-6.584360941518954,577.9586739215124,0,0,0.1
core_prophet_frozen_s42,prophet,frozen,selected,42,7,2025-02-24 01:00:00,2025-02-27 20:00:00,92,497.28,True,True,503.0145391817927,-6.584360941518954,496.43017824027373,0,0,0.1
core_prophet_frozen_s42,prophet,frozen,selected,42,7,2025-02-24 01:00:00,2025-02-27 21:00:00,93,435.76,True,True,445.97762696071663,-6.584360941518954,439.39326601919765,0,0,0.1
core_prophet_frozen_s42,prophet,frozen,selected,42,7,2025-02-24 01:00:00,2025-02-27 22:00:00,94,396.47,True,True,407.287553600229,-6.584360941518954,400.70319265871,0,0,0.1
core_prophet_frozen_s42,prophet,frozen,selected,42,7,2025-02-24 01:00:00,2025-02-27 23:00:00,95,406.53,True,True,421.85548937912927,-6.584360941518954,415.2711284376103,0,0,0.1
core_prophet_frozen_s42,prophet,frozen,selected,42,7,2025-02-24 01:00:00,2025-02-28 00:00:00,96,403.4,True,True,429.5083437477398,-6.584360941518954,422.9239828062208,0,0,0.1
core_prophet_frozen_s42,prophet,frozen,selected,42,7,2025-02-24 01:00:00,2025-02-28 01:00:00,97,368.27,True,True,406.9062918580395,-6.584360941518954,400.3219309165205,0,0,0.1
core_prophet_frozen_s42,prophet,frozen,selected,42,7,2025-02-24 01:00:00,2025-02-28 02:00:00,98,378.0,True,True,423.8831761690602,-6.584360941518954,417.29881522754124,0,0,0.1
core_prophet_frozen_s42,prophet,frozen,selected,42,7,2025-02-24 01:00:00,2025-02-28 03:00:00,99,384.71,True,True,429.3697550398504,-6.584360941518954,422.78539409833144,0,0,0.1
core_prophet_frozen_s42,prophet,frozen,selected,42,7,2025-02-24 01:00:00,2025-02-28 04:00:00,100,288.84,True,True,314.6461189297655,-6.584360941518954,308.06175798824654,0,0,0.1
core_prophet_frozen_s42,prophet,frozen,selected,42,7,2025-02-24 01:00:00,2025-02-28 05:00:00,101,293.94,True,True,301.3666862379238,-6.584360941518954,294.7823252964048,0,0,0.1
core_prophet_frozen_s42,prophet,frozen,selected,42,7,2025-02-24 01:00:00,2025-02-28 06:00:00,102,327.03,True,True,318.2663257061429,-6.584360941518954,311.6819647646239,0,0,0.1
core_prophet_frozen_s42,prophet,frozen,selected,42,7,2025-02-24 01:00:00,2025-02-28 07:00:00,103,289.26,True,True,283.0677745200906,-6.584360941518954,276.48341357857163,0,0,0.1
core_prophet_frozen_s42,prophet,frozen,selected,42,7,2025-02-24 01:00:00,2025-02-28 08:00:00,104,274.0,True,True,261.4084161102295,-6.584360941518954,254.82405516871054,0,0,0.1
core_prophet_frozen_s42,prophet,frozen,selected,42,7,2025-02-24 01:00:00,2025-02-28 09:00:00,105,275.4,True,True,260.300946720703,-6.584360941518954,253.71658577918404,0,0,0.1
core_prophet_frozen_s42,prophet,frozen,selected,42,7,2025-02-24 01:00:00,2025-02-28 10:00:00,106,364.94,True,True,354.13040720505444,-6.584360941518954,347.54604626353546,0,0,0.1
core_prophet_frozen_s42,prophet,frozen,selected,42,7,2025-02-24 01:00:00,2025-02-28 11:00:00,107,535.83,True,True,533.5099267850485,-6.584360941518954,526.9255658435295,0,0,0.1
core_prophet_frozen_s42,prophet,frozen,selected,42,7,2025-02-24 01:00:00,2025-02-28 12:00:00,108,718.37,True,True,713.9380928115711,-6.584360941518954,707.3537318700521,0,0,0.1
core_prophet_frozen_s42,prophet,frozen,selected,42,7,2025-02-24 01:00:00,2025-02-28 13:00:00,109,858.36,True,True,853.2764238475971,-6.584360941518954,846.6920629060781,0,0,0.1
core_prophet_frozen_s42,prophet,frozen,selected,42,7,2025-02-24 01:00:00,2025-02-28 14:00:00,110,925.4,True,True,919.3285825187264,-6.584360941518954,912.7442215772074,0,0,0.1
core_prophet_frozen_s42,prophet,frozen,selected,42,7,2025-02-24 01:00:00,2025-02-28 15:00:00,111,905.93,True,True,868.3743657923729,-6.584360941518954,861.790004850854,0,0,0.1
core_prophet_frozen_s42,prophet,frozen,selected,42,7,2025-02-24 01:00:00,2025-02-28 16:00:00,112,828.34,True,True,770.3903351534375,-6.584360941518954,763.8059742119185,0,0,0.1
core_prophet_frozen_s42,prophet,frozen,selected,42,7,2025-02-24 01:00:00,2025-02-28 17:00:00,113,752.09,True,True,678.0177502478556,-6.584360941518954,671.4333893063366,0,0,0.1
core_prophet_frozen_s42,prophet,frozen,selected,42,7,2025-02-24 01:00:00,2025-02-28 18:00:00,114,680.31,True,True,584.5778776146694,-6.584360941518954,577.9935166731505,0,0,0.1
core_prophet_frozen_s42,prophet,frozen,selected,42,7,2025-02-24 01:00:00,2025-02-28 19:00:00,115,627.56,True,True,532.0035137344024,-6.584360941518954,525.4191527928834,0,0,0.1
core_prophet_frozen_s42,prophet,frozen,selected,42,7,2025-02-24 01:00:00,2025-02-28 20:00:00,116,596.78,True,True,512.1089620862072,-6.584360941518954,505.5246011446882,0,0,0.1
core_prophet_frozen_s42,prophet,frozen,selected,42,7,2025-02-24 01:00:00,2025-02-28 21:00:00,117,579.9,True,True,517.521162546091,-6.584360941518954,510.936801604572,0,0,0.1
core_prophet_frozen_s42,prophet,frozen,selected,42,7,2025-02-24 01:00:00,2025-02-28 22:00:00,118,557.08,True,True,509.3278815549704,-6.584360941518954,502.74352061345144,0,0,0.1
core_prophet_frozen_s42,prophet,frozen,selected,42,7,2025-02-24 01:00:00,2025-02-28 23:00:00,119,586.33,True,True,547.7903828244046,-6.584360941518954,541.2060218828856,0,0,0.1
core_prophet_frozen_s42,prophet,frozen,selected,42,7,2025-02-24 01:00:00,2025-03-01 00:00:00,120,660.96,True,True,632.9405046209711,-6.584360941518954,626.3561436794521,0,0,0.1
core_prophet_frozen_s42,prophet,frozen,selected,42,7,2025-02-24 01:00:00,2025-03-01 01:00:00,121,716.74,True,True,699.5251845274448,-6.584360941518954,692.9408235859258,0,0,0.1
core_prophet_frozen_s42,prophet,frozen,selected,42,7,2025-02-24 01:00:00,2025-03-01 02:00:00,122,709.61,True,True,696.9976899254268,-6.584360941518954,690.4133289839078,0,0,0.1
core_prophet_frozen_s42,prophet,frozen,selected,42,7,2025-02-24 01:00:00,2025-03-01 03:00:00,123,649.32,True,True,621.3761614545215,-6.584360941518954,614.7918005130025,0,0,0.1
core_prophet_frozen_s42,prophet,frozen,selected,42,7,2025-02-24 01:00:00,2025-03-01 04:00:00,124,536.52,True,True,294.07089475346083,-6.584360941518954,287.48653381194185,0,0,0.1
core_prophet_frozen_s42,prophet,frozen,selected,42,7,2025-02-24 01:00:00,2025-03-01 05:00:00,125,481.34,True,True,256.6116519492074,-6.584360941518954,250.02729100768843,0,0,0.1
core_prophet_frozen_s42,prophet,frozen,selected,42,7,2025-02-24 01:00:00,2025-03-01 06:00:00,126,473.35,True,True,249.4242171691116,-6.584360941518954,242.83985622759266,0,0,0.1
core_prophet_frozen_s42,prophet,frozen,selected,42,7,2025-02-24 01:00:00,2025-03-01 07:00:00,127,478.43,True,True,253.0589803863365,-6.584360941518954,246.47461944481753,0,0,0.1
core_prophet_frozen_s42,prophet,frozen,selected,42,7,2025-02-24 01:00:00,2025-03-01 08:00:00,128,490.23,True,True,268.54369698565245,-6.584360941518954,261.95933604413347,0,0,0.1
core_prophet_frozen_s42,prophet,frozen,selected,42,7,2025-02-24 01:00:00,2025-03-01 09:00:00,129,497.54,True,True,275.833248795016,-6.584360941518954,269.248887853497,0,0,0.1
core_prophet_frozen_s42,prophet,frozen,selected,42,7,2025-02-24 01:00:00,2025-03-01 10:00:00,130,492.8,True,True,263.4797582982445,-6.584360941518954,256.89539735672554,0,0,0.1
core_prophet_frozen_s42,prophet,frozen,selected,42,7,2025-02-24 01:00:00,2025-03-01 11:00:00,131,470.96,True,True,229.8870814979237,-6.584360941518954,223.30272055640475,0,0,0.1
core_prophet_frozen_s42,prophet,frozen,selected,42,7,2025-02-24 01:00:00,2025-03-01 12:00:00,132,420.59,True,True,187.5734807796348,-6.584360941518954,180.98911983811584,0,0,0.1
core_prophet_frozen_s42,prophet,frozen,selected,42,7,2025-02-24 01:00:00,2025-03-01 13:00:00,133,295.92,True,True,147.9523547807176,-6.584360941518954,141.36799383919865,0,0,0.1
core_prophet_frozen_s42,prophet,frozen,selected,42,7,2025-02-24 01:00:00,2025-03-01 14:00:00,134,187.28,True,True,152.08531435997543,-6.584360941518954,145.50095341845648,0,0,0.1
core_prophet_frozen_s42,prophet,frozen,selected,42,7,2025-02-24 01:00:00,2025-03-01 15:00:00,135,142.86,True,True,154.00636813264552,-6.584360941518954,147.42200719112657,0,0,0.1
core_prophet_frozen_s42,prophet,frozen,selected,42,7,2025-02-24 01:00:00,2025-03-01 16:00:00,136,128.84,True,True,141.35406021922742,-6.584360941518954,134.76969927770847,0,0,0.1
core_prophet_frozen_s42,prophet,frozen,selected,42,7,2025-02-24 01:00:00,2025-03-01 17:00:00,137,131.31,True,True,139.28295253669702,-6.584360941518954,132.69859159517807,0,0,0.1
core_prophet_frozen_s42,prophet,frozen,selected,42,7,2025-02-24 01:00:00,2025-03-01 18:00:00,138,148.56,True,True,150.4652457316039,-6.584360941518954,143.88088479008493,0,0,0.1
core_prophet_frozen_s42,prophet,frozen,selected,42,7,2025-02-24 01:00:00,2025-03-01 19:00:00,139,175.34,True,True,159.63676233740603,-6.584360941518954,153.05240139588707,0,0,0.1
core_prophet_frozen_s42,prophet,frozen,selected,42,7,2025-02-24 01:00:00,2025-03-01 20:00:00,140,188.94,True,True,161.66670456765382,-6.584360941518954,155.08234362613487,0,0,0.1
core_prophet_frozen_s42,prophet,frozen,selected,42,7,2025-02-24 01:00:00,2025-03-01 21:00:00,141,187.94,True,True,159.10230599293476,-6.584360941518954,152.5179450514158,0,0,0.1
core_prophet_frozen_s42,prophet,frozen,selected,42,7,2025-02-24 01:00:00,2025-03-01 22:00:00,142,184.36,True,True,156.5321412301837,-6.584360941518954,149.94778028866475,0,0,0.1
core_prophet_frozen_s42,prophet,frozen,selected,42,7,2025-02-24 01:00:00,2025-03-01 23:00:00,143,198.54,True,True,179.78472131487663,-6.584360941518954,173.20036037335768,0,0,0.1
core_prophet_frozen_s42,prophet,frozen,selected,42,7,2025-02-24 01:00:00,2025-03-02 00:00:00,144,217.8,True,True,192.2087330808749,-6.584360941518954,185.62437213935596,0,0,0.1
core_prophet_frozen_s42,prophet,frozen,selected,42,7,2025-02-24 01:00:00,2025-03-02 01:00:00,145,169.21,True,True,149.3040053842737,-6.584360941518954,142.71964444275474,0,0,0.1
core_prophet_frozen_s42,prophet,frozen,selected,42,7,2025-02-24 01:00:00,2025-03-02 02:00:00,146,99.74,True,True,108.18598937623337,-6.584360941518954,101.60162843471441,0,0,0.1
core_prophet_frozen_s42,prophet,frozen,selected,42,7,2025-02-24 01:00:00,2025-03-02 03:00:00,147,60.91,True,True,89.22718407471635,-6.584360941518954,82.6428231331974,0,0,0.1
core_prophet_frozen_s42,prophet,frozen,selected,42,7,2025-02-24 01:00:00,2025-03-02 04:00:00,148,39.47,True,True,71.20694941296063,-6.584360941518954,64.62258847144167,0,0,0.1
core_prophet_frozen_s42,prophet,frozen,selected,42,7,2025-02-24 01:00:00,2025-03-02 05:00:00,149,29.95,True,True,70.80039325704774,-6.584360941518954,64.21603231552879,0,0,0.1
core_prophet_frozen_s42,prophet,frozen,selected,42,7,2025-02-24 01:00:00,2025-03-02 06:00:00,150,23.21,True,True,67.1810317251634,-6.584360941518954,60.59667078364444,0,0,0.1
core_prophet_frozen_s42,prophet,frozen,selected,42,7,2025-02-24 01:00:00,2025-03-02 07:00:00,151,20.54,True,True,58.1199557241012,-6.584360941518954,51.53559478258225,0,0,0.1
core_prophet_frozen_s42,prophet,frozen,selected,42,7,2025-02-24 01:00:00,2025-03-02 08:00:00,152,22.02,True,True,52.36823800133436,-6.584360941518954,45.78387705981541,0,0,0.1
core_prophet_frozen_s42,prophet,frozen,selected,42,7,2025-02-24 01:00:00,2025-03-02 09:00:00,153,24.73,True,True,50.61845822316548,-6.584360941518954,44.03409728164653,0,0,0.1
core_prophet_frozen_s42,prophet,frozen,selected,42,7,2025-02-24 01:00:00,2025-03-02 10:00:00,154,36.5,True,True,68.70422697477653,-6.584360941518954,62.11986603325758,0,0,0.1
core_prophet_frozen_s42,prophet,frozen,selected,42,7,2025-02-24 01:00:00,2025-03-02 11:00:00,155,68.39,True,True,101.5493127064242,-6.584360941518954,94.96495176490525,0,0,0.1
core_prophet_frozen_s42,prophet,frozen,selected,42,7,2025-02-24 01:00:00,2025-03-02 12:00:00,156,106.44,True,True,143.18981733697382,-6.584360941518954,136.60545639545487,0,0,0.1
core_prophet_frozen_s42,prophet,frozen,selected,42,7,2025-02-24 01:00:00,2025-03-02 13:00:00,157,153.38,True,True,194.8250295274851,-6.584360941518954,188.24066858596615,0,0,0.1
core_prophet_frozen_s42,prophet,frozen,selected,42,7,2025-02-24 01:00:00,2025-03-02 14:00:00,158,219.4,True,True,270.73144972373143,-6.584360941518954,264.14708878221245,0,0,0.1
core_prophet_frozen_s42,prophet,frozen,selected,42,7,2025-02-24 01:00:00,2025-03-02 15:00:00,159,277.75,True,True,336.14113920218364,-6.584360941518954,329.55677826066466,0,0,0.1
core_prophet_frozen_s42,prophet,frozen,selected,42,7,2025-02-24 01:00:00,2025-03-02 16:00:00,160,305.96,True,True,368.251483206247,-6.584360941518954,361.667122264728,0,0,0.1
core_prophet_frozen_s42,prophet,frozen,selected,42,7,2025-02-24 01:00:00,2025-03-02 17:00:00,161,320.9,True,True,385.2925921789557,-6.584360941518954,378.70823123743673,0,0,0.1
core_prophet_frozen_s42,prophet,frozen,selected,42,7,2025-02-24 01:00:00,2025-03-02 18:00:00,162,334.91,True,True,396.84586608277095,-6.584360941518954,390.261505141252,0,0,0.1
core_prophet_frozen_s42,prophet,frozen,selected,42,7,2025-02-24 01:00:00,2025-03-02 19:00:00,163,364.95,True,True,425.7313687053912,-6.584360941518954,419.14700776387224,0,0,0.1
core_prophet_frozen_s42,prophet,frozen,selected,42,7,2025-02-24 01:00:00,2025-03-02 20:00:00,164,399.87,True,True,457.39091938174033,-6.584360941518954,450.80655844022135,0,0,0.1
core_prophet_frozen_s42,prophet,frozen,selected,42,7,2025-02-24 01:00:00,2025-03-02 21:00:00,165,425.92,True,True,482.1997602184032,-6.584360941518954,475.6153992768842,0,0,0.1
core_prophet_frozen_s42,prophet,frozen,selected,42,7,2025-02-24 01:00:00,2025-03-02 22:00:00,166,442.94,True,True,494.5112195669819,-6.584360941518954,487.9268586254629,0,0,0.1
core_prophet_frozen_s42,prophet,frozen,selected,42,7,2025-02-24 01:00:00,2025-03-02 23:00:00,167,497.78,True,True,549.2663873414007,-6.584360941518954,542.6820263998817,0,0,0.1
core_prophet_frozen_s42,prophet,frozen,selected,42,7,2025-02-24 01:00:00,2025-03-03 00:00:00,168,542.46,True,True,602.3480670344397,-6.584360941518954,595.7637060929208,0,0,0.1
core_prophet_frozen_s42,prophet,frozen,selected,42,8,2025-03-03 01:00:00,2025-03-03 01:00:00,1,419.58,True,True,496.07924606292136,-6.172363942884714,489.90688212003664,0,0,0.1
core_prophet_frozen_s42,prophet,frozen,selected,42,8,2025-03-03 01:00:00,2025-03-03 02:00:00,2,373.94,True,True,456.5302789486847,-6.172363942884714,450.3579150058,0,0,0.1
core_prophet_frozen_s42,prophet,frozen,selected,42,8,2025-03-03 01:00:00,2025-03-03 03:00:00,3,348.98,True,True,441.8605044974879,-6.172363942884714,435.6881405546032,0,0,0.1
core_prophet_frozen_s42,prophet,frozen,selected,42,8,2025-03-03 01:00:00,2025-03-03 04:00:00,4,77.78,True,True,129.97516815923817,-6.172363942884714,123.80280421635345,0,0,0.1
core_prophet_frozen_s42,prophet,frozen,selected,42,8,2025-03-03 01:00:00,2025-03-03 05:00:00,5,41.57,True,True,91.12268476848573,-6.172363942884714,84.95032082560101,0,0,0.1
core_prophet_frozen_s42,prophet,frozen,selected,42,8,2025-03-03 01:00:00,2025-03-03 06:00:00,6,32.26,True,True,79.24537739246145,-6.172363942884714,73.07301344957673,0,0,0.1
core_prophet_frozen_s42,prophet,frozen,selected,42,8,2025-03-03 01:00:00,2025-03-03 07:00:00,7,49.98,True,True,105.16987759583208,-6.172363942884714,98.99751365294736,0,0,0.1
core_prophet_frozen_s42,prophet,frozen,selected,42,8,2025-03-03 01:00:00,2025-03-03 08:00:00,8,96.04,True,True,156.06305309216128,-6.172363942884714,149.89068914927657,0,0,0.1
core_prophet_frozen_s42,prophet,frozen,selected,42,8,2025-03-03 01:00:00,2025-03-03 09:00:00,9,144.8,True,True,196.0179968943771,-6.172363942884714,189.84563295149238,0,0,0.1
core_prophet_frozen_s42,prophet,frozen,selected,42,8,2025-03-03 01:00:00,2025-03-03 10:00:00,10,219.54,True,True,265.7441464278247,-6.172363942884714,259.57178248494,0,0,0.1
core_prophet_frozen_s42,prophet,frozen,selected,42,8,2025-03-03 01:00:00,2025-03-03 11:00:00,11,342.12,True,True,387.5166334208896,-6.172363942884714,381.3442694780049,0,0,0.1
core_prophet_frozen_s42,prophet,frozen,selected,42,8,2025-03-03 01:00:00,2025-03-03 12:00:00,12,469.77,True,True,524.237713453023,-6.172363942884714,518.0653495101384,0,0,0.1
core_prophet_frozen_s42,prophet,frozen,selected,42,8,2025-03-03 01:00:00,2025-03-03 13:00:00,13,549.17,True,True,617.4820488392611,-6.172363942884714,611.3096848963764,0,0,0.1
core_prophet_frozen_s42,prophet,frozen,selected,42,8,2025-03-03 01:00:00,2025-03-03 14:00:00,14,568.33,True,True,647.8505612255738,-6.172363942884714,641.6781972826891,0,0,0.1
core_prophet_frozen_s42,prophet,frozen,selected,42,8,2025-03-03 01:00:00,2025-03-03 15:00:00,15,516.76,True,True,597.7544922624686,-6.172363942884714,591.582128319584,0,0,0.1
core_prophet_frozen_s42,prophet,frozen,selected,42,8,2025-03-03 01:00:00,2025-03-03 16:00:00,16,282.36,True,True,349.6012927640012,-6.172363942884714,343.4289288211165,0,0,0.1
core_prophet_frozen_s42,prophet,frozen,selected,42,8,2025-03-03 01:00:00,2025-03-03 17:00:00,17,144.83,True,True,197.73100268352,-6.172363942884714,191.55863874063527,0,0,0.1
core_prophet_frozen_s42,prophet,frozen,selected,42,8,2025-03-03 01:00:00,2025-03-03 18:00:00,18,90.22,True,True,139.69138234946433,-6.172363942884714,133.51901840657962,0,0,0.1
core_prophet_frozen_s42,prophet,frozen,selected,42,8,2025-03-03 01:00:00,2025-03-03 19:00:00,19,74.79,True,True,134.8129255682481,-6.172363942884714,128.64056162536338,0,0,0.1
core_prophet_frozen_s42,prophet,frozen,selected,42,8,2025-03-03 01:00:00,2025-03-03 20:00:00,20,82.73,True,True,158.33278008526543,-6.172363942884714,152.1604161423807,0,0,0.1
core_prophet_frozen_s42,prophet,frozen,selected,42,8,2025-03-03 01:00:00,2025-03-03 21:00:00,21,95.5,True,True,185.037411072774,-6.172363942884714,178.8650471298893,0,0,0.1
core_prophet_frozen_s42,prophet,frozen,selected,42,8,2025-03-03 01:00:00,2025-03-03 22:00:00,22,111.73,True,True,204.6261533612452,-6.172363942884714,198.4537894183605,0,0,0.1
core_prophet_frozen_s42,prophet,frozen,selected,42,8,2025-03-03 01:00:00,2025-03-03 23:00:00,23,166.33,True,True,256.35288668038413,-6.172363942884714,250.18052273749942,0,0,0.1
core_prophet_frozen_s42,prophet,frozen,selected,42,8,2025-03-03 01:00:00,2025-03-04 00:00:00,24,251.92,True,True,339.9685924653928,-6.172363942884714,333.7962285225081,0,0,0.1
core_prophet_frozen_s42,prophet,frozen,selected,42,8,2025-03-03 01:00:00,2025-03-04 01:00:00,25,330.06,True,True,421.3168663106624,-6.172363942884714,415.1445023677777,0,0,0.1
core_prophet_frozen_s42,prophet,frozen,selected,42,8,2025-03-03 01:00:00,2025-03-04 02:00:00,26,366.73,True,True,456.4850782753463,-6.172363942884714,450.3127143324616,0,0,0.1
core_prophet_frozen_s42,prophet,frozen,selected,42,8,2025-03-03 01:00:00,2025-03-04 03:00:00,27,326.05,True,True,397.6066532004821,-6.172363942884714,391.4342892575974,0,0,0.1
core_prophet_frozen_s42,prophet,frozen,selected,42,8,2025-03-03 01:00:00,2025-03-04 04:00:00,28,98.86,True,True,141.3064088097123,-6.172363942884714,135.1340448668276,0,0,0.1
core_prophet_frozen_s42,prophet,frozen,selected,42,8,2025-03-03 01:00:00,2025-03-04 05:00:00,29,61.71,True,True,102.75359622168024,-6.172363942884714,96.58123227879553,0,0,0.1
core_prophet_frozen_s42,prophet,frozen,selected,42,8,2025-03-03 01:00:00,2025-03-04 06:00:00,30,53.37,True,True,92.97360125225136,-6.172363942884714,86.80123730936664,0,0,0.1
core_prophet_frozen_s42,prophet,frozen,selected,42,8,2025-03-03 01:00:00,2025-03-04 07:00:00,31,54.62,True,True,90.96275889208576,-6.172363942884714,84.79039494920104,0,0,0.1
core_prophet_frozen_s42,prophet,frozen,selected,42,8,2025-03-03 01:00:00,2025-03-04 08:00:00,32,62.33,True,True,93.91504460308258,-6.172363942884714,87.74268066019786,0,0,0.1
core_prophet_frozen_s42,prophet,frozen,selected,42,8,2025-03-03 01:00:00,2025-03-04 09:00:00,33,68.2,True,True,94.50565696449524,-6.172363942884714,88.33329302161053,0,0,0.1
core_prophet_frozen_s42,prophet,frozen,selected,42,8,2025-03-03 01:00:00,2025-03-04 10:00:00,34,83.08,True,True,105.10365559638409,-6.172363942884714,98.93129165349937,0,0,0.1
core_prophet_frozen_s42,prophet,frozen,selected,42,8,2025-03-03 01:00:00,2025-03-04 11:00:00,35,117.22,True,True,138.24596645311868,-6.172363942884714,132.07360251023397,0,0,0.1
core_prophet_frozen_s42,prophet,frozen,selected,42,8,2025-03-03 01:00:00,2025-03-04 12:00:00,36,155.42,True,True,190.9898631782717,-6.172363942884714,184.81749923538698,0,0,0.1
core_prophet_frozen_s42,prophet,frozen,selected,42,8,2025-03-03 01:00:00,2025-03-04 13:00:00,37,172.02,True,True,214.63994229841,-6.172363942884714,208.4675783555253,0,0,0.1
core_prophet_frozen_s42,prophet,frozen,selected,42,8,2025-03-03 01:00:00,2025-03-04 14:00:00,38,167.67,True,True,201.5879907100744,-6.172363942884714,195.41562676718968,0,0,0.1
core_prophet_frozen_s42,prophet,frozen,selected,42,8,2025-03-03 01:00:00,2025-03-04 15:00:00,39,148.06,True,True,176.51000159580644,-6.172363942884714,170.33763765292173,0,0,0.1
core_prophet_frozen_s42,prophet,frozen,selected,42,8,2025-03-03 01:00:00,2025-03-04 16:00:00,40,125.32,True,True,154.75035926883908,-6.172363942884714,148.57799532595436,0,0,0.1
core_prophet_frozen_s42,prophet,frozen,selected,42,8,2025-03-03 01:00:00,2025-03-04 17:00:00,41,115.42,True,True,151.84214762098867,-6.172363942884714,145.66978367810395,0,0,0.1
core_prophet_frozen_s42,prophet,frozen,selected,42,8,2025-03-03 01:00:00,2025-03-04 18:00:00,42,115.46,True,True,161.82310507483209,-6.172363942884714,155.65074113194737,0,0,0.1
core_prophet_frozen_s42,prophet,frozen,selected,42,8,2025-03-03 01:00:00,2025-03-04 19:00:00,43,131.86,True,True,187.1882150861108,-6.172363942884714,181.0158511432261,0,0,0.1
core_prophet_frozen_s42,prophet,frozen,selected,42,8,2025-03-03 01:00:00,2025-03-04 20:00:00,44,160.59,True,True,219.21765653568636,-6.172363942884714,213.04529259280164,0,0,0.1
core_prophet_frozen_s42,prophet,frozen,selected,42,8,2025-03-03 01:00:00,2025-03-04 21:00:00,45,190.08,True,True,247.42769053027797,-6.172363942884714,241.25532658739326,0,0,0.1
core_prophet_frozen_s42,prophet,frozen,selected,42,8,2025-03-03 01:00:00,2025-03-04 22:00:00,46,214.07,True,True,272.6997973499218,-6.172363942884714,266.5274334070371,0,0,0.1
core_prophet_frozen_s42,prophet,frozen,selected,42,8,2025-03-03 01:00:00,2025-03-04 23:00:00,47,275.09,True,True,327.165083057676,-6.172363942884714,320.99271911479127,0,0,0.1
core_prophet_frozen_s42,prophet,frozen,selected,42,8,2025-03-03 01:00:00,2025-03-05 00:00:00,48,357.69,True,True,404.87693653683306,-6.172363942884714,398.70457259394834,0,0,0.1
core_prophet_frozen_s42,prophet,frozen,selected,42,8,2025-03-03 01:00:00,2025-03-05 01:00:00,49,,False,False,,-6.172363942884714,,0,0,0.1
core_prophet_frozen_s42,prophet,frozen,selected,42,8,2025-03-03 01:00:00,2025-03-05 02:00:00,50,,False,False,,-6.172363942884714,,0,0,0.1
core_prophet_frozen_s42,prophet,frozen,selected,42,8,2025-03-03 01:00:00,2025-03-05 03:00:00,51,,False,False,,-6.172363942884714,,0,0,0.1
core_prophet_frozen_s42,prophet,frozen,selected,42,8,2025-03-03 01:00:00,2025-03-05 04:00:00,52,,False,False,,-6.172363942884714,,0,0,0.1
core_prophet_frozen_s42,prophet,frozen,selected,42,8,2025-03-03 01:00:00,2025-03-05 05:00:00,53,,False,False,,-6.172363942884714,,0,0,0.1
core_prophet_frozen_s42,prophet,frozen,selected,42,8,2025-03-03 01:00:00,2025-03-05 06:00:00,54,,False,False,,-6.172363942884714,,0,0,0.1
core_prophet_frozen_s42,prophet,frozen,selected,42,8,2025-03-03 01:00:00,2025-03-05 07:00:00,55,,False,False,,-6.172363942884714,,0,0,0.1
core_prophet_frozen_s42,prophet,frozen,selected,42,8,2025-03-03 01:00:00,2025-03-05 08:00:00,56,,False,False,,-6.172363942884714,,0,0,0.1
core_prophet_frozen_s42,prophet,frozen,selected,42,8,2025-03-03 01:00:00,2025-03-05 09:00:00,57,,False,False,,-6.172363942884714,,0,0,0.1
core_prophet_frozen_s42,prophet,frozen,selected,42,8,2025-03-03 01:00:00,2025-03-05 10:00:00,58,,False,False,,-6.172363942884714,,0,0,0.1
core_prophet_frozen_s42,prophet,frozen,selected,42,8,2025-03-03 01:00:00,2025-03-05 11:00:00,59,,False,False,,-6.172363942884714,,0,0,0.1
core_prophet_frozen_s42,prophet,frozen,selected,42,8,2025-03-03 01:00:00,2025-03-05 12:00:00,60,,False,False,,-6.172363942884714,,0,0,0.1
core_prophet_frozen_s42,prophet,frozen,selected,42,8,2025-03-03 01:00:00,2025-03-05 13:00:00,61,,False,False,,-6.172363942884714,,0,0,0.1
core_prophet_frozen_s42,prophet,frozen,selected,42,8,2025-03-03 01:00:00,2025-03-05 14:00:00,62,,False,False,,-6.172363942884714,,0,0,0.1
core_prophet_frozen_s42,prophet,frozen,selected,42,8,2025-03-03 01:00:00,2025-03-05 15:00:00,63,,False,False,,-6.172363942884714,,0,0,0.1
core_prophet_frozen_s42,prophet,frozen,selected,42,8,2025-03-03 01:00:00,2025-03-05 16:00:00,64,,False,False,,-6.172363942884714,,0,0,0.1
core_prophet_frozen_s42,prophet,frozen,selected,42,8,2025-03-03 01:00:00,2025-03-05 17:00:00,65,,False,False,,-6.172363942884714,,0,0,0.1
core_prophet_frozen_s42,prophet,frozen,selected,42,8,2025-03-03 01:00:00,2025-03-05 18:00:00,66,,False,False,,-6.172363942884714,,0,0,0.1
core_prophet_frozen_s42,prophet,frozen,selected,42,8,2025-03-03 01:00:00,2025-03-05 19:00:00,67,,False,False,,-6.172363942884714,,0,0,0.1
core_prophet_frozen_s42,prophet,frozen,selected,42,8,2025-03-03 01:00:00,2025-03-05 20:00:00,68,,False,False,,-6.172363942884714,,0,0,0.1
core_prophet_frozen_s42,prophet,frozen,selected,42,8,2025-03-03 01:00:00,2025-03-05 21:00:00,69,,False,False,,-6.172363942884714,,0,0,0.1
core_prophet_frozen_s42,prophet,frozen,selected,42,8,2025-03-03 01:00:00,2025-03-05 22:00:00,70,,False,False,,-6.172363942884714,,0,0,0.1
core_prophet_frozen_s42,prophet,frozen,selected,42,8,2025-03-03 01:00:00,2025-03-05 23:00:00,71,,False,False,,-6.172363942884714,,0,0,0.1
core_prophet_frozen_s42,prophet,frozen,selected,42,8,2025-03-03 01:00:00,2025-03-06 00:00:00,72,,False,False,,-6.172363942884714,,0,0,0.1
core_prophet_frozen_s42,prophet,frozen,selected,42,8,2025-03-03 01:00:00,2025-03-06 01:00:00,73,,False,False,,-6.172363942884714,,0,0,0.1
core_prophet_frozen_s42,prophet,frozen,selected,42,8,2025-03-03 01:00:00,2025-03-06 02:00:00,74,,False,False,,-6.172363942884714,,0,0,0.1
core_prophet_frozen_s42,prophet,frozen,selected,42,8,2025-03-03 01:00:00,2025-03-06 03:00:00,75,,False,False,,-6.172363942884714,,0,0,0.1
core_prophet_frozen_s42,prophet,frozen,selected,42,8,2025-03-03 01:00:00,2025-03-06 04:00:00,76,,False,False,,-6.172363942884714,,0,0,0.1
core_prophet_frozen_s42,prophet,frozen,selected,42,8,2025-03-03 01:00:00,2025-03-06 05:00:00,77,,False,False,,-6.172363942884714,,0,0,0.1
core_prophet_frozen_s42,prophet,frozen,selected,42,8,2025-03-03 01:00:00,2025-03-06 06:00:00,78,,False,False,,-6.172363942884714,,0,0,0.1
core_prophet_frozen_s42,prophet,frozen,selected,42,8,2025-03-03 01:00:00,2025-03-06 07:00:00,79,,False,False,,-6.172363942884714,,0,0,0.1
core_prophet_frozen_s42,prophet,frozen,selected,42,8,2025-03-03 01:00:00,2025-03-06 08:00:00,80,,False,False,,-6.172363942884714,,0,0,0.1
core_prophet_frozen_s42,prophet,frozen,selected,42,8,2025-03-03 01:00:00,2025-03-06 09:00:00,81,,False,False,,-6.172363942884714,,0,0,0.1
core_prophet_frozen_s42,prophet,frozen,selected,42,8,2025-03-03 01:00:00,2025-03-06 10:00:00,82,,False,False,,-6.172363942884714,,0,0,0.1
core_prophet_frozen_s42,prophet,frozen,selected,42,8,2025-03-03 01:00:00,2025-03-06 11:00:00,83,,False,False,,-6.172363942884714,,0,0,0.1
core_prophet_frozen_s42,prophet,frozen,selected,42,8,2025-03-03 01:00:00,2025-03-06 12:00:00,84,,False,False,,-6.172363942884714,,0,0,0.1
core_prophet_frozen_s42,prophet,frozen,selected,42,8,2025-03-03 01:00:00,2025-03-06 13:00:00,85,,False,False,,-6.172363942884714,,0,0,0.1
core_prophet_frozen_s42,prophet,frozen,selected,42,8,2025-03-03 01:00:00,2025-03-06 14:00:00,86,,False,False,,-6.172363942884714,,0,0,0.1
core_prophet_frozen_s42,prophet,frozen,selected,42,8,2025-03-03 01:00:00,2025-03-06 15:00:00,87,,False,False,,-6.172363942884714,,0,0,0.1
core_prophet_frozen_s42,prophet,frozen,selected,42,8,2025-03-03 01:00:00,2025-03-06 16:00:00,88,,False,False,,-6.172363942884714,,0,0,0.1
core_prophet_frozen_s42,prophet,frozen,selected,42,8,2025-03-03 01:00:00,2025-03-06 17:00:00,89,,False,False,,-6.172363942884714,,0,0,0.1
core_prophet_frozen_s42,prophet,frozen,selected,42,8,2025-03-03 01:00:00,2025-03-06 18:00:00,90,,False,False,,-6.172363942884714,,0,0,0.1
core_prophet_frozen_s42,prophet,frozen,selected,42,8,2025-03-03 01:00:00,2025-03-06 19:00:00,91,,False,False,,-6.172363942884714,,0,0,0.1
core_prophet_frozen_s42,prophet,frozen,selected,42,8,2025-03-03 01:00:00,2025-03-06 20:00:00,92,,False,False,,-6.172363942884714,,0,0,0.1
core_prophet_frozen_s42,prophet,frozen,selected,42,8,2025-03-03 01:00:00,2025-03-06 21:00:00,93,,False,False,,-6.172363942884714,,0,0,0.1
core_prophet_frozen_s42,prophet,frozen,selected,42,8,2025-03-03 01:00:00,2025-03-06 22:00:00,94,,False,False,,-6.172363942884714,,0,0,0.1
core_prophet_frozen_s42,prophet,frozen,selected,42,8,2025-03-03 01:00:00,2025-03-06 23:00:00,95,,False,False,,-6.172363942884714,,0,0,0.1
core_prophet_frozen_s42,prophet,frozen,selected,42,8,2025-03-03 01:00:00,2025-03-07 00:00:00,96,,False,False,,-6.172363942884714,,0,0,0.1
core_prophet_frozen_s42,prophet,frozen,selected,42,8,2025-03-03 01:00:00,2025-03-07 01:00:00,97,247.88,True,True,321.9495067151913,-6.172363942884714,315.7771427723066,0,0,0.1
core_prophet_frozen_s42,prophet,frozen,selected,42,8,2025-03-03 01:00:00,2025-03-07 02:00:00,98,258.45,True,True,331.14993866304195,-6.172363942884714,324.97757472015724,0,0,0.1
core_prophet_frozen_s42,prophet,frozen,selected,42,8,2025-03-03 01:00:00,2025-03-07 03:00:00,99,236.9,True,True,301.15199637352094,-6.172363942884714,294.97963243063623,0,0,0.1
core_prophet_frozen_s42,prophet,frozen,selected,42,8,2025-03-03 01:00:00,2025-03-07 04:00:00,100,167.6,True,True,218.4630049885772,-6.172363942884714,212.2906410456925,0,0,0.1
core_prophet_frozen_s42,prophet,frozen,selected,42,8,2025-03-03 01:00:00,2025-03-07 05:00:00,101,143.89,True,True,203.16268220462564,-6.172363942884714,196.99031826174092,0,0,0.1
core_prophet_frozen_s42,prophet,frozen,selected,42,8,2025-03-03 01:00:00,2025-03-07 06:00:00,102,123.27,True,True,176.45674262314915,-6.172363942884714,170.28437868026444,0,0,0.1
core_prophet_frozen_s42,prophet,frozen,selected,42,8,2025-03-03 01:00:00,2025-03-07 07:00:00,103,104.24,True,True,134.1146120597403,-6.172363942884714,127.94224811685558,0,0,0.1
core_prophet_frozen_s42,prophet,frozen,selected,42,8,2025-03-03 01:00:00,2025-03-07 08:00:00,104,94.41,True,True,109.27679811539878,-6.172363942884714,103.10443417251406,0,0,0.1
core_prophet_frozen_s42,prophet,frozen,selected,42,8,2025-03-03 01:00:00,2025-03-07 09:00:00,105,86.21,True,True,104.50225406693504,-6.172363942884714,98.32989012405032,0,0,0.1
core_prophet_frozen_s42,prophet,frozen,selected,42,8,2025-03-03 01:00:00,2025-03-07 10:00:00,106,100.58,True,True,120.1338712827065,-6.172363942884714,113.96150733982178,0,0,0.1
core_prophet_frozen_s42,prophet,frozen,selected,42,8,2025-03-03 01:00:00,2025-03-07 11:00:00,107,148.57,True,True,175.06765714140303,-6.172363942884714,168.89529319851832,0,0,0.1
core_prophet_frozen_s42,prophet,frozen,selected,42,8,2025-03-03 01:00:00,2025-03-07 12:00:00,108,207.76,True,True,243.6670951846568,-6.172363942884714,237.4947312417721,0,0,0.1
core_prophet_frozen_s42,prophet,frozen,selected,42,8,2025-03-03 01:00:00,2025-03-07 13:00:00,109,315.27,True,True,372.1360575350454,-6.172363942884714,365.96369359216067,0,0,0.1
core_prophet_frozen_s42,prophet,frozen,selected,42,8,2025-03-03 01:00:00,2025-03-07 14:00:00,110,456.22,True,True,530.1808040434169,-6.172363942884714,524.0084401005322,0,0,0.1
core_prophet_frozen_s42,prophet,frozen,selected,42,8,2025-03-03 01:00:00,2025-03-07 15:00:00,111,546.26,True,True,632.3048463987042,-6.172363942884714,626.1324824558195,0,0,0.1
core_prophet_frozen_s42,prophet,frozen,selected,42,8,2025-03-03 01:00:00,2025-03-07 16:00:00,112,564.09,True,True,650.7738531813957,-6.172363942884714,644.601489238511,0,0,0.1
core_prophet_frozen_s42,prophet,frozen,selected,42,8,2025-03-03 01:00:00,2025-03-07 17:00:00,113,523.96,True,True,616.8286084918689,-6.172363942884714,610.6562445489842,0,0,0.1
core_prophet_frozen_s42,prophet,frozen,selected,42,8,2025-03-03 01:00:00,2025-03-07 18:00:00,114,444.18,True,True,528.4765323808922,-6.172363942884714,522.3041684380075,0,0,0.1
core_prophet_frozen_s42,prophet,frozen,selected,42,8,2025-03-03 01:00:00,2025-03-07 19:00:00,115,370.03,True,True,445.69563776427407,-6.172363942884714,439.52327382138935,0,0,0.1
core_prophet_frozen_s42,prophet,frozen,selected,42,8,2025-03-03 01:00:00,2025-03-07 20:00:00,116,330.7,True,True,402.4269794870421,-6.172363942884714,396.2546155441574,0,0,0.1
core_prophet_frozen_s42,prophet,frozen,selected,42,8,2025-03-03 01:00:00,2025-03-07 21:00:00,117,311.99,True,True,381.20522756657874,-6.172363942884714,375.032863623694,0,0,0.1
core_prophet_frozen_s42,prophet,frozen,selected,42,8,2025-03-03 01:00:00,2025-03-07 22:00:00,118,295.04,True,True,354.41649389785846,-6.172363942884714,348.24412995497374,0,0,0.1
core_prophet_frozen_s42,prophet,frozen,selected,42,8,2025-03-03 01:00:00,2025-03-07 23:00:00,119,328.1,True,True,380.7806326385616,-6.172363942884714,374.6082686956769,0,0,0.1
core_prophet_frozen_s42,prophet,frozen,selected,42,8,2025-03-03 01:00:00,2025-03-08 00:00:00,120,390.59,True,True,447.35750322703495,-6.172363942884714,441.18513928415024,0,0,0.1
core_prophet_frozen_s42,prophet,frozen,selected,42,8,2025-03-03 01:00:00,2025-03-08 01:00:00,121,409.01,True,True,476.54891382242783,-6.172363942884714,470.3765498795431,0,0,0.1
core_prophet_frozen_s42,prophet,frozen,selected,42,8,2025-03-03 01:00:00,2025-03-08 02:00:00,122,419.46,True,True,493.6634730089463,-6.172363942884714,487.4911090660616,0,0,0.1
core_prophet_frozen_s42,prophet,frozen,selected,42,8,2025-03-03 01:00:00,2025-03-08 03:00:00,123,417.07,True,True,503.83675807691856,-6.172363942884714,497.66439413403384,0,0,0.1
core_prophet_frozen_s42,prophet,frozen,selected,42,8,2025-03-03 01:00:00,2025-03-08 04:00:00,124,192.45,True,True,217.10209240170565,-6.172363942884714,210.92972845882093,0,0,0.1
core_prophet_frozen_s42,prophet,frozen,selected,42,8,2025-03-03 01:00:00,2025-03-08 05:00:00,125,186.02,True,True,207.6616355077009,-6.172363942884714,201.4892715648162,0,0,0.1
core_prophet_frozen_s42,prophet,frozen,selected,42,8,2025-03-03 01:00:00,2025-03-08 06:00:00,126,191.3,True,True,206.9102493190977,-6.172363942884714,200.73788537621297,0,0,0.1
core_prophet_frozen_s42,prophet,frozen,selected,42,8,2025-03-03 01:00:00,2025-03-08 07:00:00,127,166.55,True,True,182.6023132425824,-6.172363942884714,176.42994929969768,0,0,0.1
core_prophet_frozen_s42,prophet,frozen,selected,42,8,2025-03-03 01:00:00,2025-03-08 08:00:00,128,126.2,True,True,149.71352125904912,-6.172363942884714,143.5411573161644,0,0,0.1
core_prophet_frozen_s42,prophet,frozen,selected,42,8,2025-03-03 01:00:00,2025-03-08 09:00:00,129,104.26,True,True,135.75501386549251,-6.172363942884714,129.5826499226078,0,0,0.1
core_prophet_frozen_s42,prophet,frozen,selected,42,8,2025-03-03 01:00:00,2025-03-08 10:00:00,130,109.94,True,True,149.39026822247,-6.172363942884714,143.2179042795853,0,0,0.1
core_prophet_frozen_s42,prophet,frozen,selected,42,8,2025-03-03 01:00:00,2025-03-08 11:00:00,131,140.08,True,True,184.6393324059705,-6.172363942884714,178.46696846308578,0,0,0.1
core_prophet_frozen_s42,prophet,frozen,selected,42,8,2025-03-03 01:00:00,2025-03-08 12:00:00,132,176.74,True,True,240.202571821343,-6.172363942884714,234.0302078784583,0,0,0.1
core_prophet_frozen_s42,prophet,frozen,selected,42,8,2025-03-03 01:00:00,2025-03-08 13:00:00,133,204.4,True,True,282.45637310028627,-6.172363942884714,276.28400915740156,0,0,0.1
core_prophet_frozen_s42,prophet,frozen,selected,42,8,2025-03-03 01:00:00,2025-03-08 14:00:00,134,221.95,True,True,302.16852592582336,-6.172363942884714,295.99616198293864,0,0,0.1
core_prophet_frozen_s42,prophet,frozen,selected,42,8,2025-03-03 01:00:00,2025-03-08 15:00:00,135,225.31,True,True,302.3495089806483,-6.172363942884714,296.1771450377636,0,0,0.1
core_prophet_frozen_s42,prophet,frozen,selected,42,8,2025-03-03 01:00:00,2025-03-08 16:00:00,136,230.43,True,True,313.0682594165503,-6.172363942884714,306.8958954736656,0,0,0.1
core_prophet_frozen_s42,prophet,frozen,selected,42,8,2025-03-03 01:00:00,2025-03-08 17:00:00,137,238.66,True,True,323.3190996444099,-6.172363942884714,317.1467357015252,0,0,0.1
core_prophet_frozen_s42,prophet,frozen,selected,42,8,2025-03-03 01:00:00,2025-03-08 18:00:00,138,239.33,True,True,319.949593706963,-6.172363942884714,313.7772297640783,0,0,0.1
core_prophet_frozen_s42,prophet,frozen,selected,42,8,2025-03-03 01:00:00,2025-03-08 19:00:00,139,241.26,True,True,318.8701566154737,-6.172363942884714,312.697792672589,0,0,0.1
core_prophet_frozen_s42,prophet,frozen,selected,42,8,2025-03-03 01:00:00,2025-03-08 20:00:00,140,245.55,True,True,314.9995818066944,-6.172363942884714,308.82721786380966,0,0,0.1
core_prophet_frozen_s42,prophet,frozen,selected,42,8,2025-03-03 01:00:00,2025-03-08 21:00:00,141,247.54,True,True,305.6764163164082,-6.172363942884714,299.5040523735235,0,0,0.1
core_prophet_frozen_s42,prophet,frozen,selected,42,8,2025-03-03 01:00:00,2025-03-08 22:00:00,142,246.44,True,True,290.61841920495715,-6.172363942884714,284.44605526207243,0,0,0.1
core_prophet_frozen_s42,prophet,frozen,selected,42,8,2025-03-03 01:00:00,2025-03-08 23:00:00,143,299.18,True,True,331.1401833536864,-6.172363942884714,324.96781941080167,0,0,0.1
core_prophet_frozen_s42,prophet,frozen,selected,42,8,2025-03-03 01:00:00,2025-03-09 00:00:00,144,380.39,True,True,409.0347649924408,-6.172363942884714,402.86240104955607,0,0,0.1
core_prophet_frozen_s42,prophet,frozen,selected,42,8,2025-03-03 01:00:00,2025-03-09 01:00:00,145,402.12,True,True,418.6957245844392,-6.172363942884714,412.52336064155446,0,0,0.1
core_prophet_frozen_s42,prophet,frozen,selected,42,8,2025-03-03 01:00:00,2025-03-09 02:00:00,146,425.41,True,True,433.419771399348,-6.172363942884714,427.2474074564633,0,0,0.1
core_prophet_frozen_s42,prophet,frozen,selected,42,8,2025-03-03 01:00:00,2025-03-09 03:00:00,147,442.88,True,True,451.6102118170184,-6.172363942884714,445.4378478741337,0,0,0.1
core_prophet_frozen_s42,prophet,frozen,selected,42,8,2025-03-03 01:00:00,2025-03-09 04:00:00,148,314.9,True,True,280.8077572781277,-6.172363942884714,274.635393335243,0,0,0.1
core_prophet_frozen_s42,prophet,frozen,selected,42,8,2025-03-03 01:00:00,2025-03-09 05:00:00,149,273.56,True,True,251.73825228798785,-6.172363942884714,245.56588834510313,0,0,0.1
core_prophet_frozen_s42,prophet,frozen,selected,42,8,2025-03-03 01:00:00,2025-03-09 06:00:00,150,237.76,True,True,232.5852325434656,-6.172363942884714,226.41286860058088,0,0,0.1
core_prophet_frozen_s42,prophet,frozen,selected,42,8,2025-03-03 01:00:00,2025-03-09 07:00:00,151,163.16,True,True,127.1363503045986,-6.172363942884714,120.96398636171388,0,0,0.1
core_prophet_frozen_s42,prophet,frozen,selected,42,8,2025-03-03 01:00:00,2025-03-09 08:00:00,152,129.02,True,True,69.6150694119928,-6.172363942884714,63.44270546910809,0,0,0.1
core_prophet_frozen_s42,prophet,frozen,selected,42,8,2025-03-03 01:00:00,2025-03-09 09:00:00,153,118.52,True,True,53.6899553687019,-6.172363942884714,47.51759142581719,0,0,0.1
core_prophet_frozen_s42,prophet,frozen,selected,42,8,2025-03-03 01:00:00,2025-03-09 10:00:00,154,116.81,True,True,48.34301535196761,-6.172363942884714,42.17065140908289,0,0,0.1
core_prophet_frozen_s42,prophet,frozen,selected,42,8,2025-03-03 01:00:00,2025-03-09 11:00:00,155,125.98,True,True,61.002136654125394,-6.172363942884714,54.82977271124068,0,0,0.1
core_prophet_frozen_s42,prophet,frozen,selected,42,8,2025-03-03 01:00:00,2025-03-09 12:00:00,156,129.36,True,True,72.74462631971542,-6.172363942884714,66.57226237683071,0,0,0.1
core_prophet_frozen_s42,prophet,frozen,selected,42,8,2025-03-03 01:00:00,2025-03-09 13:00:00,157,130.78,True,True,72.90300938971129,-6.172363942884714,66.73064544682657,0,0,0.1
core_prophet_frozen_s42,prophet,frozen,selected,42,8,2025-03-03 01:00:00,2025-03-09 14:00:00,158,139.75,True,True,74.08090398866165,-6.172363942884714,67.90854004577693,0,0,0.1
core_prophet_frozen_s42,prophet,frozen,selected,42,8,2025-03-03 01:00:00,2025-03-09 15:00:00,159,146.84,True,True,73.91977829493251,-6.172363942884714,67.7474143520478,0,0,0.1
core_prophet_frozen_s42,prophet,frozen,selected,42,8,2025-03-03 01:00:00,2025-03-09 16:00:00,160,149.04,True,True,69.93059449682701,-6.172363942884714,63.7582305539423,0,0,0.1
core_prophet_frozen_s42,prophet,frozen,selected,42,8,2025-03-03 01:00:00,2025-03-09 17:00:00,161,155.44,True,True,78.33098367025539,-6.172363942884714,72.15861972737068,0,0,0.1
core_prophet_frozen_s42,prophet,frozen,selected,42,8,2025-03-03 01:00:00,2025-03-09 18:00:00,162,162.73,True,True,94.03791308757066,-6.172363942884714,87.86554914468594,0,0,0.1
core_prophet_frozen_s42,prophet,frozen,selected,42,8,2025-03-03 01:00:00,2025-03-09 19:00:00,163,179.09,True,True,135.59049984263496,-6.172363942884714,129.41813589975024,0,0,0.1
core_prophet_frozen_s42,prophet,frozen,selected,42,8,2025-03-03 01:00:00,2025-03-09 20:00:00,164,202.51,True,True,190.38813984890072,-6.172363942884714,184.215775906016,0,0,0.1
core_prophet_frozen_s42,prophet,frozen,selected,42,8,2025-03-03 01:00:00,2025-03-09 21:00:00,165,224.81,True,True,235.38196003807343,-6.172363942884714,229.20959609518872,0,0,0.1
core_prophet_frozen_s42,prophet,frozen,selected,42,8,2025-03-03 01:00:00,2025-03-09 22:00:00,166,253.2,True,True,268.37496332218205,-6.172363942884714,262.20259937929734,0,0,0.1
core_prophet_frozen_s42,prophet,frozen,selected,42,8,2025-03-03 01:00:00,2025-03-09 23:00:00,167,318.58,True,True,338.4687404910162,-6.172363942884714,332.2963765481315,0,0,0.1
core_prophet_frozen_s42,prophet,frozen,selected,42,8,2025-03-03 01:00:00,2025-03-10 00:00:00,168,403.47,True,True,423.2577953396538,-6.172363942884714,417.0854313967691,0,0,0.1
core_prophet_frozen_s42,prophet,frozen,selected,42,9,2025-03-10 01:00:00,2025-03-10 01:00:00,1,468.68,True,True,490.8212322652885,-9.3890175758259,481.43221468946257,0,0,0.1
core_prophet_frozen_s42,prophet,frozen,selected,42,9,2025-03-10 01:00:00,2025-03-10 02:00:00,2,528.02,True,True,557.1895571163337,-9.3890175758259,547.8005395405079,0,0,0.1
core_prophet_frozen_s42,prophet,frozen,selected,42,9,2025-03-10 01:00:00,2025-03-10 03:00:00,3,579.36,True,True,618.5736536891441,-9.3890175758259,609.1846361133182,0,0,0.1
core_prophet_frozen_s42,prophet,frozen,selected,42,9,2025-03-10 01:00:00,2025-03-10 04:00:00,4,351.98,True,True,310.3450774025714,-9.3890175758259,300.9560598267455,0,0,0.1
core_prophet_frozen_s42,prophet,frozen,selected,42,9,2025-03-10 01:00:00,2025-03-10 05:00:00,5,295.09,True,True,243.5278207715272,-9.3890175758259,234.13880319570129,0,0,0.1
core_prophet_frozen_s42,prophet,frozen,selected,42,9,2025-03-10 01:00:00,2025-03-10 06:00:00,6,274.82,True,True,216.54430379938455,-9.3890175758259,207.15528622355865,0,0,0.1
core_prophet_frozen_s42,prophet,frozen,selected,42,9,2025-03-10 01:00:00,2025-03-10 07:00:00,7,260.8,True,True,192.0729851410061,-9.3890175758259,182.68396756518018,0,0,0.1
core_prophet_frozen_s42,prophet,frozen,selected,42,9,2025-03-10 01:00:00,2025-03-10 08:00:00,8,252.71,True,True,176.69957799460158,-9.3890175758259,167.31056041877568,0,0,0.1
core_prophet_frozen_s42,prophet,frozen,selected,42,9,2025-03-10 01:00:00,2025-03-10 09:00:00,9,257.98,True,True,169.62789667945088,-9.3890175758259,160.23887910362498,0,0,0.1
core_prophet_frozen_s42,prophet,frozen,selected,42,9,2025-03-10 01:00:00,2025-03-10 10:00:00,10,305.82,True,True,218.27915595607004,-9.3890175758259,208.89013838024414,0,0,0.1
core_prophet_frozen_s42,prophet,frozen,selected,42,9,2025-03-10 01:00:00,2025-03-10 11:00:00,11,409.9,True,True,340.0256660341107,-9.3890175758259,330.6366484582848,0,0,0.1
core_prophet_frozen_s42,prophet,frozen,selected,42,9,2025-03-10 01:00:00,2025-03-10 12:00:00,12,524.05,True,True,483.1932467861562,-9.3890175758259,473.8042292103303,0,0,0.1
core_prophet_frozen_s42,prophet,frozen,selected,42,9,2025-03-10 01:00:00,2025-03-10 13:00:00,13,597.3,True,True,581.2803915896911,-9.3890175758259,571.8913740138653,0,0,0.1
core_prophet_frozen_s42,prophet,frozen,selected,42,9,2025-03-10 01:00:00,2025-03-10 14:00:00,14,599.18,True,True,586.7126328008226,-9.3890175758259,577.3236152249967,0,0,0.1
core_prophet_frozen_s42,prophet,frozen,selected,42,9,2025-03-10 01:00:00,2025-03-10 15:00:00,15,525.87,True,True,507.2662391637149,-9.3890175758259,497.877221587889,0,0,0.1
core_prophet_frozen_s42,prophet,frozen,selected,42,9,2025-03-10 01:00:00,2025-03-10 16:00:00,16,426.94,True,True,388.8978899141578,-9.3890175758259,379.5088723383319,0,0,0.1
core_prophet_frozen_s42,prophet,frozen,selected,42,9,2025-03-10 01:00:00,2025-03-10 17:00:00,17,386.62,True,True,351.8576123177669,-9.3890175758259,342.468594741941,0,0,0.1
core_prophet_frozen_s42,prophet,frozen,selected,42,9,2025-03-10 01:00:00,2025-03-10 18:00:00,18,373.55,True,True,340.44430821281605,-9.3890175758259,331.05529063699015,0,0,0.1
core_prophet_frozen_s42,prophet,frozen,selected,42,9,2025-03-10 01:00:00,2025-03-10 19:00:00,19,389.35,True,True,354.55962620014066,-9.3890175758259,345.17060862431475,0,0,0.1
core_prophet_frozen_s42,prophet,frozen,selected,42,9,2025-03-10 01:00:00,2025-03-10 20:00:00,20,411.06,True,True,371.2239956989503,-9.3890175758259,361.8349781231244,0,0,0.1
core_prophet_frozen_s42,prophet,frozen,selected,42,9,2025-03-10 01:00:00,2025-03-10 21:00:00,21,424.62,True,True,375.4022595738392,-9.3890175758259,366.0132419980133,0,0,0.1
core_prophet_frozen_s42,prophet,frozen,selected,42,9,2025-03-10 01:00:00,2025-03-10 22:00:00,22,433.7,True,True,377.0025986361501,-9.3890175758259,367.6135810603242,0,0,0.1
core_prophet_frozen_s42,prophet,frozen,selected,42,9,2025-03-10 01:00:00,2025-03-10 23:00:00,23,501.1,True,True,437.2193916431995,-9.3890175758259,427.8303740673736,0,0,0.1
core_prophet_frozen_s42,prophet,frozen,selected,42,9,2025-03-10 01:00:00,2025-03-11 00:00:00,24,615.29,True,True,555.0864016816731,-9.3890175758259,545.6973841058473,0,0,0.1
core_prophet_frozen_s42,prophet,frozen,selected,42,9,2025-03-10 01:00:00,2025-03-11 01:00:00,25,682.03,True,True,637.7181232530716,-9.3890175758259,628.3291056772457,0,0,0.1
core_prophet_frozen_s42,prophet,frozen,selected,42,9,2025-03-10 01:00:00,2025-03-11 02:00:00,26,721.94,True,True,696.6322574558587,-9.3890175758259,687.2432398800329,0,0,0.1
core_prophet_frozen_s42,prophet,frozen,selected,42,9,2025-03-10 01:00:00,2025-03-11 03:00:00,27,765.86,True,True,749.074142886614,-9.3890175758259,739.6851253107882,0,0,0.1
core_prophet_frozen_s42,prophet,frozen,selected,42,9,2025-03-10 01:00:00,2025-03-11 04:00:00,28,590.44,True,True,508.1624367560148,-9.3890175758259,498.7734191801889,0,0,0.1
core_prophet_frozen_s42,prophet,frozen,selected,42,9,2025-03-10 01:00:00,2025-03-11 05:00:00,29,538.25,True,True,460.8612946517155,-9.3890175758259,451.4722770758896,0,0,0.1
core_prophet_frozen_s42,prophet,frozen,selected,42,9,2025-03-10 01:00:00,2025-03-11 06:00:00,30,492.88,True,True,429.378922435188,-9.3890175758259,419.98990485936207,0,0,0.1
core_prophet_frozen_s42,prophet,frozen,selected,42,9,2025-03-10 01:00:00,2025-03-11 07:00:00,31,451.86,True,True,384.43991541087416,-9.3890175758259,375.05089783504826,0,0,0.1
core_prophet_frozen_s42,prophet,frozen,selected,42,9,2025-03-10 01:00:00,2025-03-11 08:00:00,32,421.91,True,True,337.28425430863444,-9.3890175758259,327.89523673280854,0,0,0.1
core_prophet_frozen_s42,prophet,frozen,selected,42,9,2025-03-10 01:00:00,2025-03-11 09:00:00,33,388.37,True,True,293.2453243909405,-9.3890175758259,283.8563068151146,0,0,0.1
core_prophet_frozen_s42,prophet,frozen,selected,42,9,2025-03-10 01:00:00,2025-03-11 10:00:00,34,405.72,True,True,320.81855609560665,-9.3890175758259,311.42953851978075,0,0,0.1
core_prophet_frozen_s42,prophet,frozen,selected,42,9,2025-03-10 01:00:00,2025-03-11 11:00:00,35,498.33,True,True,420.9600106495621,-9.3890175758259,411.5709930737362,0,0,0.1
core_prophet_frozen_s42,prophet,frozen,selected,42,9,2025-03-10 01:00:00,2025-03-11 12:00:00,36,605.1,True,True,521.8363563798238,-9.3890175758259,512.4473388039979,0,0,0.1
core_prophet_frozen_s42,prophet,frozen,selected,42,9,2025-03-10 01:00:00,2025-03-11 13:00:00,37,700.4,True,True,601.4124524520513,-9.3890175758259,592.0234348762255,0,0,0.1
core_prophet_frozen_s42,prophet,frozen,selected,42,9,2025-03-10 01:00:00,2025-03-11 14:00:00,38,734.51,True,True,628.458968297542,-9.3890175758259,619.0699507217162,0,0,0.1
core_prophet_frozen_s42,prophet,frozen,selected,42,9,2025-03-10 01:00:00,2025-03-11 15:00:00,39,613.44,True,True,538.4098150112119,-9.3890175758259,529.020797435386,0,0,0.1
core_prophet_frozen_s42,prophet,frozen,selected,42,9,2025-03-10 01:00:00,2025-03-11 16:00:00,40,391.51,True,True,383.7978692548264,-9.3890175758259,374.4088516790005,0,0,0.1
core_prophet_frozen_s42,prophet,frozen,selected,42,9,2025-03-10 01:00:00,2025-03-11 17:00:00,41,239.68,True,True,282.1585137893406,-9.3890175758259,272.7694962135147,0,0,0.1
core_prophet_frozen_s42,prophet,frozen,selected,42,9,2025-03-10 01:00:00,2025-03-11 18:00:00,42,153.46,True,True,212.05356264692725,-9.3890175758259,202.66454507110134,0,0,0.1
core_prophet_frozen_s42,prophet,frozen,selected,42,9,2025-03-10 01:00:00,2025-03-11 19:00:00,43,126.54,True,True,176.2868819637281,-9.3890175758259,166.8978643879022,0,0,0.1
core_prophet_frozen_s42,prophet,frozen,selected,42,9,2025-03-10 01:00:00,2025-03-11 20:00:00,44,138.07,True,True,166.945598263437,-9.3890175758259,157.5565806876111,0,0,0.1
core_prophet_frozen_s42,prophet,frozen,selected,42,9,2025-03-10 01:00:00,2025-03-11 21:00:00,45,159.74,True,True,170.8927927419446,-9.3890175758259,161.5037751661187,0,0,0.1
core_prophet_frozen_s42,prophet,frozen,selected,42,9,2025-03-10 01:00:00,2025-03-11 22:00:00,46,183.25,True,True,183.2840653206364,-9.3890175758259,173.89504774481048,0,0,0.1
core_prophet_frozen_s42,prophet,frozen,selected,42,9,2025-03-10 01:00:00,2025-03-11 23:00:00,47,235.14,True,True,228.97634390336893,-9.3890175758259,219.58732632754302,0,0,0.1
core_prophet_frozen_s42,prophet,frozen,selected,42,9,2025-03-10 01:00:00,2025-03-12 00:00:00,48,267.1,True,True,256.309774910325,-9.3890175758259,246.92075733449911,0,0,0.1
core_prophet_frozen_s42,prophet,frozen,selected,42,9,2025-03-10 01:00:00,2025-03-12 01:00:00,49,234.25,True,True,209.6802644689025,-9.3890175758259,200.2912468930766,0,0,0.1
core_prophet_frozen_s42,prophet,frozen,selected,42,9,2025-03-10 01:00:00,2025-03-12 02:00:00,50,217.98,True,True,194.14112590170365,-9.3890175758259,184.75210832587774,0,0,0.1
core_prophet_frozen_s42,prophet,frozen,selected,42,9,2025-03-10 01:00:00,2025-03-12 03:00:00,51,170.44,True,True,148.0407954051667,-9.3890175758259,138.6517778293408,0,0,0.1
core_prophet_frozen_s42,prophet,frozen,selected,42,9,2025-03-10 01:00:00,2025-03-12 04:00:00,52,68.47,True,True,49.47875737934672,-9.3890175758259,40.089739803520814,0,0,0.1
core_prophet_frozen_s42,prophet,frozen,selected,42,9,2025-03-10 01:00:00,2025-03-12 05:00:00,53,41.67,True,True,42.18128287160428,-9.3890175758259,32.79226529577838,0,0,0.1
core_prophet_frozen_s42,prophet,frozen,selected,42,9,2025-03-10 01:00:00,2025-03-12 06:00:00,54,35.74,True,True,41.81092114514439,-9.3890175758259,32.42190356931849,0,0,0.1
core_prophet_frozen_s42,prophet,frozen,selected,42,9,2025-03-10 01:00:00,2025-03-12 07:00:00,55,33.33,True,True,37.89896315367432,-9.3890175758259,28.509945577848423,0,0,0.1
core_prophet_frozen_s42,prophet,frozen,selected,42,9,2025-03-10 01:00:00,2025-03-12 08:00:00,56,36.74,True,True,37.027208690981695,-9.3890175758259,27.638191115155795,0,0,0.1
core_prophet_frozen_s42,prophet,frozen,selected,42,9,2025-03-10 01:00:00,2025-03-12 09:00:00,57,42.17,True,True,42.26715064757653,-9.3890175758259,32.878133071750625,0,0,0.1
core_prophet_frozen_s42,prophet,frozen,selected,42,9,2025-03-10 01:00:00,2025-03-12 10:00:00,58,51.82,True,True,63.38925052796285,-9.3890175758259,54.000232952136955,0,0,0.1
core_prophet_frozen_s42,prophet,frozen,selected,42,9,2025-03-10 01:00:00,2025-03-12 11:00:00,59,81.0,True,True,101.79599948532096,-9.3890175758259,92.40698190949506,0,0,0.1
core_prophet_frozen_s42,prophet,frozen,selected,42,9,2025-03-10 01:00:00,2025-03-12 12:00:00,60,130.0,True,True,159.0924749484514,-9.3890175758259,149.7034573726255,0,0,0.1
core_prophet_frozen_s42,prophet,frozen,selected,42,9,2025-03-10 01:00:00,2025-03-12 13:00:00,61,217.83,True,True,263.9091143139121,-9.3890175758259,254.52009673808618,0,0,0.1
core_prophet_frozen_s42,prophet,frozen,selected,42,9,2025-03-10 01:00:00,2025-03-12 14:00:00,62,338.03,True,True,398.6282326853277,-9.3890175758259,389.2392151095018,0,0,0.1
core_prophet_frozen_s42,prophet,frozen,selected,42,9,2025-03-10 01:00:00,2025-03-12 15:00:00,63,429.35,True,True,505.37138294248416,-9.3890175758259,495.98236536665826,0,0,0.1
core_prophet_frozen_s42,prophet,frozen,selected,42,9,2025-03-10 01:00:00,2025-03-12 16:00:00,64,447.17,True,True,534.7193158393081,-9.3890175758259,525.3302982634823,0,0,0.1
core_prophet_frozen_s42,prophet,frozen,selected,42,9,2025-03-10 01:00:00,2025-03-12 17:00:00,65,417.29,True,True,507.2483059198431,-9.3890175758259,497.8592883440172,0,0,0.1
core_prophet_frozen_s42,prophet,frozen,selected,42,9,2025-03-10 01:00:00,2025-03-12 18:00:00,66,369.96,True,True,457.3362825297653,-9.3890175758259,447.9472649539394,0,0,0.1
core_prophet_frozen_s42,prophet,frozen,selected,42,9,2025-03-10 01:00:00,2025-03-12 19:00:00,67,321.45,True,True,404.1393428051293,-9.3890175758259,394.75032522930337,0,0,0.1
core_prophet_frozen_s42,prophet,frozen,selected,42,9,2025-03-10 01:00:00,2025-03-12 20:00:00,68,294.91,True,True,373.0822268766883,-9.3890175758259,363.6932093008624,0,0,0.1
core_prophet_frozen_s42,prophet,frozen,selected,42,9,2025-03-10 01:00:00,2025-03-12 21:00:00,69,280.67,True,True,353.84808640574323,-9.3890175758259,344.4590688299173,0,0,0.1
core_prophet_frozen_s42,prophet,frozen,selected,42,9,2025-03-10 01:00:00,2025-03-12 22:00:00,70,253.76,True,True,320.4535789669755,-9.3890175758259,311.0645613911496,0,0,0.1
core_prophet_frozen_s42,prophet,frozen,selected,42,9,2025-03-10 01:00:00,2025-03-12 23:00:00,71,285.51,True,True,353.22028795476126,-9.3890175758259,343.83127037893536,0,0,0.1
core_prophet_frozen_s42,prophet,frozen,selected,42,9,2025-03-10 01:00:00,2025-03-13 00:00:00,72,336.25,True,True,408.41889645847255,-9.3890175758259,399.02987888264664,0,0,0.1
core_prophet_frozen_s42,prophet,frozen,selected,42,9,2025-03-10 01:00:00,2025-03-13 01:00:00,73,313.01,True,True,386.4296199591678,-9.3890175758259,377.0406023833419,0,0,0.1
core_prophet_frozen_s42,prophet,frozen,selected,42,9,2025-03-10 01:00:00,2025-03-13 02:00:00,74,299.56,True,True,381.29491168293055,-9.3890175758259,371.90589410710464,0,0,0.1
core_prophet_frozen_s42,prophet,frozen,selected,42,9,2025-03-10 01:00:00,2025-03-13 03:00:00,75,277.57,True,True,364.47096411551945,-9.3890175758259,355.08194653969355,0,0,0.1
core_prophet_frozen_s42,prophet,frozen,selected,42,9,2025-03-10 01:00:00,2025-03-13 04:00:00,76,177.69,True,True,216.14004160056237,-9.3890175758259,206.75102402473647,0,0,0.1
core_prophet_frozen_s42,prophet,frozen,selected,42,9,2025-03-10 01:00:00,2025-03-13 05:00:00,77,161.97,True,True,173.5597456437353,-9.3890175758259,164.1707280679094,0,0,0.1
core_prophet_frozen_s42,prophet,frozen,selected,42,9,2025-03-10 01:00:00,2025-03-13 06:00:00,78,159.56,True,True,146.49487388916754,-9.3890175758259,137.10585631334163,0,0,0.1
core_prophet_frozen_s42,prophet,frozen,selected,42,9,2025-03-10 01:00:00,2025-03-13 07:00:00,79,180.11,True,True,138.38970368872904,-9.3890175758259,129.00068611290314,0,0,0.1
core_prophet_frozen_s42,prophet,frozen,selected,42,9,2025-03-10 01:00:00,2025-03-13 08:00:00,80,222.17,True,True,153.88507569269308,-9.3890175758259,144.49605811686718,0,0,0.1
core_prophet_frozen_s42,prophet,frozen,selected,42,9,2025-03-10 01:00:00,2025-03-13 09:00:00,81,254.1,True,True,171.1938164924862,-9.3890175758259,161.8047989166603,0,0,0.1
core_prophet_frozen_s42,prophet,frozen,selected,42,9,2025-03-10 01:00:00,2025-03-13 10:00:00,82,276.54,True,True,176.09859654657117,-9.3890175758259,166.70957897074527,0,0,0.1
core_prophet_frozen_s42,prophet,frozen,selected,42,9,2025-03-10 01:00:00,2025-03-13 11:00:00,83,265.42,True,True,147.2521855354326,-9.3890175758259,137.8631679596067,0,0,0.1
core_prophet_frozen_s42,prophet,frozen,selected,42,9,2025-03-10 01:00:00,2025-03-13 12:00:00,84,178.63,True,True,92.2603522521004,-9.3890175758259,82.8713346762745,0,0,0.1
core_prophet_frozen_s42,prophet,frozen,selected,42,9,2025-03-10 01:00:00,2025-03-13 13:00:00,85,105.61,True,True,64.42975878986516,-9.3890175758259,55.04074121403926,0,0,0.1
core_prophet_frozen_s42,prophet,frozen,selected,42,9,2025-03-10 01:00:00,2025-03-13 14:00:00,86,84.6,True,True,98.87650971356564,-9.3890175758259,89.48749213773974,0,0,0.1
core_prophet_frozen_s42,prophet,frozen,selected,42,9,2025-03-10 01:00:00,2025-03-13 15:00:00,87,70.29,True,True,86.45515862079486,-9.3890175758259,77.06614104496896,0,0,0.1
core_prophet_frozen_s42,prophet,frozen,selected,42,9,2025-03-10 01:00:00,2025-03-13 16:00:00,88,60.12,True,True,79.5707429043737,-9.3890175758259,70.1817253285478,0,0,0.1
core_prophet_frozen_s42,prophet,frozen,selected,42,9,2025-03-10 01:00:00,2025-03-13 17:00:00,89,59.07,True,True,91.1083328633944,-9.3890175758259,81.71931528756849,0,0,0.1
core_prophet_frozen_s42,prophet,frozen,selected,42,9,2025-03-10 01:00:00,2025-03-13 18:00:00,90,61.58,True,True,103.93411066112334,-9.3890175758259,94.54509308529744,0,0,0.1
core_prophet_frozen_s42,prophet,frozen,selected,42,9,2025-03-10 01:00:00,2025-03-13 19:00:00,91,69.87,True,True,122.72833271506776,-9.3890175758259,113.33931513924186,0,0,0.1
core_prophet_frozen_s42,prophet,frozen,selected,42,9,2025-03-10 01:00:00,2025-03-13 20:00:00,92,80.47,True,True,138.5663667387642,-9.3890175758259,129.1773491629383,0,0,0.1
core_prophet_frozen_s42,prophet,frozen,selected,42,9,2025-03-10 01:00:00,2025-03-13 21:00:00,93,88.73,True,True,150.553974726462,-9.3890175758259,141.1649571506361,0,0,0.1
core_prophet_frozen_s42,prophet,frozen,selected,42,9,2025-03-10 01:00:00,2025-03-13 22:00:00,94,96.11,True,True,155.62969439725606,-9.3890175758259,146.24067682143016,0,0,0.1
core_prophet_frozen_s42,prophet,frozen,selected,42,9,2025-03-10 01:00:00,2025-03-13 23:00:00,95,128.19,True,True,187.17349114670495,-9.3890175758259,177.78447357087904,0,0,0.1
core_prophet_frozen_s42,prophet,frozen,selected,42,9,2025-03-10 01:00:00,2025-03-14 00:00:00,96,167.14,True,True,221.83116683967788,-9.3890175758259,212.44214926385197,0,0,0.1
core_prophet_frozen_s42,prophet,frozen,selected,42,9,2025-03-10 01:00:00,2025-03-14 01:00:00,97,79.89,True,True,120.09573157205972,-9.3890175758259,110.70671399623382,0,0,0.1
core_prophet_frozen_s42,prophet,frozen,selected,42,9,2025-03-10 01:00:00,2025-03-14 02:00:00,98,56.08,True,True,87.11722853241827,-9.3890175758259,77.72821095659236,0,0,0.1
core_prophet_frozen_s42,prophet,frozen,selected,42,9,2025-03-10 01:00:00,2025-03-14 03:00:00,99,43.68,True,True,75.87105367360857,-9.3890175758259,66.48203609778267,0,0,0.1
core_prophet_frozen_s42,prophet,frozen,selected,42,9,2025-03-10 01:00:00,2025-03-14 04:00:00,100,36.26,True,True,77.04794682103301,-9.3890175758259,67.6589292452071,0,0,0.1
core_prophet_frozen_s42,prophet,frozen,selected,42,9,2025-03-10 01:00:00,2025-03-14 05:00:00,101,32.24,True,True,76.25957061022524,-9.3890175758259,66.87055303439934,0,0,0.1
core_prophet_frozen_s42,prophet,frozen,selected,42,9,2025-03-10 01:00:00,2025-03-14 06:00:00,102,29.75,True,True,72.0619499372061,-9.3890175758259,62.67293236138019,0,0,0.1
core_prophet_frozen_s42,prophet,frozen,selected,42,9,2025-03-10 01:00:00,2025-03-14 07:00:00,103,28.54,True,True,64.03650550968436,-9.3890175758259,54.64748793385846,0,0,0.1
core_prophet_frozen_s42,prophet,frozen,selected,42,9,2025-03-10 01:00:00,2025-03-14 08:00:00,104,28.35,True,True,53.690825223887,-9.3890175758259,44.3018076480611,0,0,0.1
core_prophet_frozen_s42,prophet,frozen,selected,42,9,2025-03-10 01:00:00,2025-03-14 09:00:00,105,28.52,True,True,43.1599785401221,-9.3890175758259,33.770960964296194,0,0,0.1
core_prophet_frozen_s42,prophet,frozen,selected,42,9,2025-03-10 01:00:00,2025-03-14 10:00:00,106,30.09,True,True,36.72171921327205,-9.3890175758259,27.332701637446153,0,0,0.1
core_prophet_frozen_s42,prophet,frozen,selected,42,9,2025-03-10 01:00:00,2025-03-14 11:00:00,107,35.1,True,True,40.262262792526826,-9.3890175758259,30.873245216700926,0,0,0.1
core_prophet_frozen_s42,prophet,frozen,selected,42,9,2025-03-10 01:00:00,2025-03-14 12:00:00,108,40.63,True,True,46.29848192429824,-9.3890175758259,36.90946434847234,0,0,0.1
core_prophet_frozen_s42,prophet,frozen,selected,42,9,2025-03-10 01:00:00,2025-03-14 13:00:00,109,41.12,True,True,48.74650600230373,-9.3890175758259,39.35748842647783,0,0,0.1
core_prophet_frozen_s42,prophet,frozen,selected,42,9,2025-03-10 01:00:00,2025-03-14 14:00:00,110,40.82,True,True,57.41114658550532,-9.3890175758259,48.02212900967942,0,0,0.1
core_prophet_frozen_s42,prophet,frozen,selected,42,9,2025-03-10 01:00:00,2025-03-14 15:00:00,111,38.07,True,True,64.49395332615816,-9.3890175758259,55.10493575033226,0,0,0.1
core_prophet_frozen_s42,prophet,frozen,selected,42,9,2025-03-10 01:00:00,2025-03-14 16:00:00,112,31.97,True,True,67.27485892738741,-9.3890175758259,57.88584135156151,0,0,0.1
core_prophet_frozen_s42,prophet,frozen,selected,42,9,2025-03-10 01:00:00,2025-03-14 17:00:00,113,28.79,True,True,65.62266351612439,-9.3890175758259,56.23364594029849,0,0,0.1
core_prophet_frozen_s42,prophet,frozen,selected,42,9,2025-03-10 01:00:00,2025-03-14 18:00:00,114,29.14,True,True,69.4286770792641,-9.3890175758259,60.0396595034382,0,0,0.1
core_prophet_frozen_s42,prophet,frozen,selected,42,9,2025-03-10 01:00:00,2025-03-14 19:00:00,115,32.4,True,True,81.85744499708659,-9.3890175758259,72.46842742126069,0,0,0.1
core_prophet_frozen_s42,prophet,frozen,selected,42,9,2025-03-10 01:00:00,2025-03-14 20:00:00,116,36.19,True,True,96.03453612853036,-9.3890175758259,86.64551855270446,0,0,0.1
core_prophet_frozen_s42,prophet,frozen,selected,42,9,2025-03-10 01:00:00,2025-03-14 21:00:00,117,40.25,True,True,109.22053336624472,-9.3890175758259,99.83151579041882,0,0,0.1
core_prophet_frozen_s42,prophet,frozen,selected,42,9,2025-03-10 01:00:00,2025-03-14 22:00:00,118,47.46,True,True,122.7050772631806,-9.3890175758259,113.3160596873547,0,0,0.1
core_prophet_frozen_s42,prophet,frozen,selected,42,9,2025-03-10 01:00:00,2025-03-14 23:00:00,119,85.98,True,True,166.4316701070111,-9.3890175758259,157.04265253118518,0,0,0.1
core_prophet_frozen_s42,prophet,frozen,selected,42,9,2025-03-10 01:00:00,2025-03-15 00:00:00,120,152.25,True,True,230.9022159467957,-9.3890175758259,221.5131983709698,0,0,0.1
core_prophet_frozen_s42,prophet,frozen,selected,42,9,2025-03-10 01:00:00,2025-03-15 01:00:00,121,204.83,True,True,287.3388547087225,-9.3890175758259,277.9498371328966,0,0,0.1
core_prophet_frozen_s42,prophet,frozen,selected,42,9,2025-03-10 01:00:00,2025-03-15 02:00:00,122,183.26,True,True,271.7341188586938,-9.3890175758259,262.3451012828679,0,0,0.1
core_prophet_frozen_s42,prophet,frozen,selected,42,9,2025-03-10 01:00:00,2025-03-15 03:00:00,123,100.88,True,True,186.71654712781904,-9.3890175758259,177.32752955199314,0,0,0.1
core_prophet_frozen_s42,prophet,frozen,selected,42,9,2025-03-10 01:00:00,2025-03-15 04:00:00,124,29.22,True,True,94.21257540576076,-9.3890175758259,84.82355782993486,0,0,0.1
core_prophet_frozen_s42,prophet,frozen,selected,42,9,2025-03-10 01:00:00,2025-03-15 05:00:00,125,23.38,True,True,87.5474157252965,-9.3890175758259,78.1583981494706,0,0,0.1
core_prophet_frozen_s42,prophet,frozen,selected,42,9,2025-03-10 01:00:00,2025-03-15 06:00:00,126,24.16,True,True,91.10706733033447,-9.3890175758259,81.71804975450857,0,0,0.1
core_prophet_frozen_s42,prophet,frozen,selected,42,9,2025-03-10 01:00:00,2025-03-15 07:00:00,127,28.38,True,True,98.32672820878564,-9.3890175758259,88.93771063295974,0,0,0.1
core_prophet_frozen_s42,prophet,frozen,selected,42,9,2025-03-10 01:00:00,2025-03-15 08:00:00,128,33.38,True,True,100.71623900974308,-9.3890175758259,91.32722143391717,0,0,0.1
core_prophet_frozen_s42,prophet,frozen,selected,42,9,2025-03-10 01:00:00,2025-03-15 09:00:00,129,32.87,True,True,88.4124498811407,-9.3890175758259,79.0234323053148,0,0,0.1
core_prophet_frozen_s42,prophet,frozen,selected,42,9,2025-03-10 01:00:00,2025-03-15 10:00:00,130,26.69,True,True,63.13200053081252,-9.3890175758259,53.742982954986616,0,0,0.1
core_prophet_frozen_s42,prophet,frozen,selected,42,9,2025-03-10 01:00:00,2025-03-15 11:00:00,131,22.78,True,True,40.66562432401173,-9.3890175758259,31.27660674818583,0,0,0.1
core_prophet_frozen_s42,prophet,frozen,selected,42,9,2025-03-10 01:00:00,2025-03-15 12:00:00,132,20.4,True,True,23.422479360681592,-9.3890175758259,14.033461784855692,0,0,0.1
core_prophet_frozen_s42,prophet,frozen,selected,42,9,2025-03-10 01:00:00,2025-03-15 13:00:00,133,26.92,True,True,36.57649594262824,-9.3890175758259,27.187478366802342,0,0,0.1
core_prophet_frozen_s42,prophet,frozen,selected,42,9,2025-03-10 01:00:00,2025-03-15 14:00:00,134,40.88,True,True,71.24681764109366,-9.3890175758259,61.85780006526775,0,0,0.1
core_prophet_frozen_s42,prophet,frozen,selected,42,9,2025-03-10 01:00:00,2025-03-15 15:00:00,135,46.72,True,True,93.66934144789514,-9.3890175758259,84.28032387206923,0,0,0.1
core_prophet_frozen_s42,prophet,frozen,selected,42,9,2025-03-10 01:00:00,2025-03-15 16:00:00,136,49.4,True,True,113.4251609864897,-9.3890175758259,104.0361434106638,0,0,0.1
core_prophet_frozen_s42,prophet,frozen,selected,42,9,2025-03-10 01:00:00,2025-03-15 17:00:00,137,57.81,True,True,131.19405845530167,-9.3890175758259,121.80504087947577,0,0,0.1
core_prophet_frozen_s42,prophet,frozen,selected,42,9,2025-03-10 01:00:00,2025-03-15 18:00:00,138,64.68,True,True,141.42427449221466,-9.3890175758259,132.03525691638876,0,0,0.1
core_prophet_frozen_s42,prophet,frozen,selected,42,9,2025-03-10 01:00:00,2025-03-15 19:00:00,139,67.57,True,True,148.14111497979127,-9.3890175758259,138.75209740396537,0,0,0.1
core_prophet_frozen_s42,prophet,frozen,selected,42,9,2025-03-10 01:00:00,2025-03-15 20:00:00,140,67.97,True,True,151.3443762087601,-9.3890175758259,141.9553586329342,0,0,0.1
core_prophet_frozen_s42,prophet,frozen,selected,42,9,2025-03-10 01:00:00,2025-03-15 21:00:00,141,70.45,True,True,153.71507874093362,-9.3890175758259,144.32606116510772,0,0,0.1
core_prophet_frozen_s42,prophet,frozen,selected,42,9,2025-03-10 01:00:00,2025-03-15 22:00:00,142,76.65,True,True,157.51752037438408,-9.3890175758259,148.12850279855817,0,0,0.1
core_prophet_frozen_s42,prophet,frozen,selected,42,9,2025-03-10 01:00:00,2025-03-15 23:00:00,143,101.52,True,True,182.8762428378361,-9.3890175758259,173.48722526201018,0,0,0.1
core_prophet_frozen_s42,prophet,frozen,selected,42,9,2025-03-10 01:00:00,2025-03-16 00:00:00,144,97.72,True,True,175.7860967291735,-9.3890175758259,166.3970791533476,0,0,0.1
core_prophet_frozen_s42,prophet,frozen,selected,42,9,2025-03-10 01:00:00,2025-03-16 01:00:00,145,56.58,True,True,114.56873529657072,-9.3890175758259,105.17971772074482,0,0,0.1
core_prophet_frozen_s42,prophet,frozen,selected,42,9,2025-03-10 01:00:00,2025-03-16 02:00:00,146,39.15,True,True,81.54943075604402,-9.3890175758259,72.16041318021811,0,0,0.1
core_prophet_frozen_s42,prophet,frozen,selected,42,9,2025-03-10 01:00:00,2025-03-16 03:00:00,147,25.37,True,True,60.1716433790977,-9.3890175758259,50.7826258032718,0,0,0.1
core_prophet_frozen_s42,prophet,frozen,selected,42,9,2025-03-10 01:00:00,2025-03-16 04:00:00,148,11.05,True,True,41.65123881697304,-9.3890175758259,32.262221241147145,0,0,0.1
core_prophet_frozen_s42,prophet,frozen,selected,42,9,2025-03-10 01:00:00,2025-03-16 05:00:00,149,9.46,True,True,43.15145008457105,-9.3890175758259,33.76243250874515,0,0,0.1
core_prophet_frozen_s42,prophet,frozen,selected,42,9,2025-03-10 01:00:00,2025-03-16 06:00:00,150,10.43,True,True,43.40605285297741,-9.3890175758259,34.01703527715151,0,0,0.1
core_prophet_frozen_s42,prophet,frozen,selected,42,9,2025-03-10 01:00:00,2025-03-16 07:00:00,151,13.59,True,True,41.71795723080388,-9.3890175758259,32.32893965497799,0,0,0.1
core_prophet_frozen_s42,prophet,frozen,selected,42,9,2025-03-10 01:00:00,2025-03-16 08:00:00,152,18.98,True,True,42.073677442361856,-9.3890175758259,32.68465986653595,0,0,0.1
core_prophet_frozen_s42,prophet,frozen,selected,42,9,2025-03-10 01:00:00,2025-03-16 09:00:00,153,24.69,True,True,46.83383686039196,-9.3890175758259,37.444819284566066,0,0,0.1
core_prophet_frozen_s42,prophet,frozen,selected,42,9,2025-03-10 01:00:00,2025-03-16 10:00:00,154,40.9,True,True,81.5744804917517,-9.3890175758259,72.1854629159258,0,0,0.1
core_prophet_frozen_s42,prophet,frozen,selected,42,9,2025-03-10 01:00:00,2025-03-16 11:00:00,155,84.58,True,True,137.2077207016861,-9.3890175758259,127.8187031258602,0,0,0.1
core_prophet_frozen_s42,prophet,frozen,selected,42,9,2025-03-10 01:00:00,2025-03-16 12:00:00,156,146.1,True,True,208.6507700722513,-9.3890175758259,199.2617524964254,0,0,0.1
core_prophet_frozen_s42,prophet,frozen,selected,42,9,2025-03-10 01:00:00,2025-03-16 13:00:00,157,210.75,True,True,282.43870712454,-9.3890175758259,273.04968954871407,0,0,0.1
core_prophet_frozen_s42,prophet,frozen,selected,42,9,2025-03-10 01:00:00,2025-03-16 14:00:00,158,284.49,True,True,367.7186488450403,-9.3890175758259,358.3296312692144,0,0,0.1
core_prophet_frozen_s42,prophet,frozen,selected,42,9,2025-03-10 01:00:00,2025-03-16 15:00:00,159,332.76,True,True,430.8657729146631,-9.3890175758259,421.4767553388372,0,0,0.1
core_prophet_frozen_s42,prophet,frozen,selected,42,9,2025-03-10 01:00:00,2025-03-16 16:00:00,160,333.31,True,True,443.5088377471767,-9.3890175758259,434.1198201713508,0,0,0.1
core_prophet_frozen_s42,prophet,frozen,selected,42,9,2025-03-10 01:00:00,2025-03-16 17:00:00,161,327.65,True,True,450.43124644188674,-9.3890175758259,441.04222886606084,0,0,0.1
core_prophet_frozen_s42,prophet,frozen,selected,42,9,2025-03-10 01:00:00,2025-03-16 18:00:00,162,301.94,True,True,418.1848103248997,-9.3890175758259,408.79579274907377,0,0,0.1
core_prophet_frozen_s42,prophet,frozen,selected,42,9,2025-03-10 01:00:00,2025-03-16 19:00:00,163,225.27,True,True,337.85807761983006,-9.3890175758259,328.46906004400415,0,0,0.1
core_prophet_frozen_s42,prophet,frozen,selected,42,9,2025-03-10 01:00:00,2025-03-16 20:00:00,164,150.19,True,True,254.2500996562779,-9.3890175758259,244.861082080452,0,0,0.1
core_prophet_frozen_s42,prophet,frozen,selected,42,9,2025-03-10 01:00:00,2025-03-16 21:00:00,165,102.02,True,True,190.7146449075694,-9.3890175758259,181.3256273317435,0,0,0.1
core_prophet_frozen_s42,prophet,frozen,selected,42,9,2025-03-10 01:00:00,2025-03-16 22:00:00,166,69.13,True,True,143.8492791392444,-9.3890175758259,134.4602615634185,0,0,0.1
core_prophet_frozen_s42,prophet,frozen,selected,42,9,2025-03-10 01:00:00,2025-03-16 23:00:00,167,74.17,True,True,148.1081098286133,-9.3890175758259,138.7190922527874,0,0,0.1
core_prophet_frozen_s42,prophet,frozen,selected,42,9,2025-03-10 01:00:00,2025-03-17 00:00:00,168,73.99,True,True,146.48696172244888,-9.3890175758259,137.09794414662298,0,0,0.1
core_prophet_frozen_s42,prophet,frozen,selected,42,10,2025-03-17 01:00:00,2025-03-17 01:00:00,1,31.77,True,True,78.1226880391257,-10.353015780743377,67.76967225838233,0,0,0.1
core_prophet_frozen_s42,prophet,frozen,selected,42,10,2025-03-17 01:00:00,2025-03-17 02:00:00,2,15.45,True,True,42.11821618072426,-10.353015780743377,31.765200399980884,0,0,0.1
core_prophet_frozen_s42,prophet,frozen,selected,42,10,2025-03-17 01:00:00,2025-03-17 03:00:00,3,8.29,True,True,30.809826767489568,-10.353015780743377,20.45681098674619,0,0,0.1
core_prophet_frozen_s42,prophet,frozen,selected,42,10,2025-03-17 01:00:00,2025-03-17 04:00:00,4,4.12,True,True,28.76904640755521,-10.353015780743377,18.416030626811832,0,0,0.1
core_prophet_frozen_s42,prophet,frozen,selected,42,10,2025-03-17 01:00:00,2025-03-17 05:00:00,5,3.51,True,True,33.98157989176903,-10.353015780743377,23.628564111025653,0,0,0.1
core_prophet_frozen_s42,prophet,frozen,selected,42,10,2025-03-17 01:00:00,2025-03-17 06:00:00,6,3.35,True,True,34.24646869291556,-10.353015780743377,23.893452912172187,0,0,0.1
core_prophet_frozen_s42,prophet,frozen,selected,42,10,2025-03-17 01:00:00,2025-03-17 07:00:00,7,3.31,True,True,27.559148743907286,-10.353015780743377,17.20613296316391,0,0,0.1
core_prophet_frozen_s42,prophet,frozen,selected,42,10,2025-03-17 01:00:00,2025-03-17 08:00:00,8,3.61,True,True,16.13688355693182,-10.353015780743377,5.783867776188444,0,0,0.1
core_prophet_frozen_s42,prophet,frozen,selected,42,10,2025-03-17 01:00:00,2025-03-17 09:00:00,9,4.11,True,True,3.118750301822274,-10.353015780743377,-7.2342654789211025,0,0,0.1
core_prophet_frozen_s42,prophet,frozen,selected,42,10,2025-03-17 01:00:00,2025-03-17 10:00:00,10,6.24,True,True,-2.6838258353082267,-10.353015780743377,-13.036841616051603,0,0,0.1
core_prophet_frozen_s42,prophet,frozen,selected,42,10,2025-03-17 01:00:00,2025-03-17 11:00:00,11,11.18,True,True,1.659560353648601,-10.353015780743377,-8.693455427094776,0,0,0.1
core_prophet_frozen_s42,prophet,frozen,selected,42,10,2025-03-17 01:00:00,2025-03-17 12:00:00,12,16.6,True,True,7.396044083998788,-10.353015780743377,-2.9569716967445885,0,0,0.1
core_prophet_frozen_s42,prophet,frozen,selected,42,10,2025-03-17 01:00:00,2025-03-17 13:00:00,13,33.88,True,True,45.52297102510306,-10.353015780743377,35.169955244359684,0,0,0.1
core_prophet_frozen_s42,prophet,frozen,selected,42,10,2025-03-17 01:00:00,2025-03-17 14:00:00,14,61.93,True,True,104.35576549595652,-10.353015780743377,94.00274971521314,0,0,0.1
core_prophet_frozen_s42,prophet,frozen,selected,42,10,2025-03-17 01:00:00,2025-03-17 15:00:00,15,74.69,True,True,129.9975246721562,-10.353015780743377,119.64450889141283,0,0,0.1
core_prophet_frozen_s42,prophet,frozen,selected,42,10,2025-03-17 01:00:00,2025-03-17 16:00:00,16,65.45,True,True,125.34565470206807,-10.353015780743377,114.9926389213247,0,0,0.1
core_prophet_frozen_s42,prophet,frozen,selected,42,10,2025-03-17 01:00:00,2025-03-17 17:00:00,17,54.79,True,True,118.07292566859702,-10.353015780743377,107.71990988785365,0,0,0.1
core_prophet_frozen_s42,prophet,frozen,selected,42,10,2025-03-17 01:00:00,2025-03-17 18:00:00,18,50.25,True,True,117.23132533963556,-10.353015780743377,106.87830955889218,0,0,0.1
core_prophet_frozen_s42,prophet,frozen,selected,42,10,2025-03-17 01:00:00,2025-03-17 19:00:00,19,61.72,True,True,131.4345377329587,-10.353015780743377,121.08152195221531,0,0,0.1
core_prophet_frozen_s42,prophet,frozen,selected,42,10,2025-03-17 01:00:00,2025-03-17 20:00:00,20,88.07,True,True,161.74235636716637,-10.353015780743377,151.38934058642297,0,0,0.1
core_prophet_frozen_s42,prophet,frozen,selected,42,10,2025-03-17 01:00:00,2025-03-17 21:00:00,21,119.37,True,True,193.3111141897154,-10.353015780743377,182.95809840897203,0,0,0.1
core_prophet_frozen_s42,prophet,frozen,selected,42,10,2025-03-17 01:00:00,2025-03-17 22:00:00,22,153.66,True,True,223.7539502052257,-10.353015780743377,213.40093442448233,0,0,0.1
core_prophet_frozen_s42,prophet,frozen,selected,42,10,2025-03-17 01:00:00,2025-03-17 23:00:00,23,240.13,True,True,310.35792459101447,-10.353015780743377,300.0049088102711,0,0,0.1
core_prophet_frozen_s42,prophet,frozen,selected,42,10,2025-03-17 01:00:00,2025-03-18 00:00:00,24,360.81,True,True,429.909127406722,-10.353015780743377,419.55611162597864,0,0,0.1
core_prophet_frozen_s42,prophet,frozen,selected,42,10,2025-03-17 01:00:00,2025-03-18 01:00:00,25,344.22,True,True,402.4622907241368,-10.353015780743377,392.1092749433934,0,0,0.1
core_prophet_frozen_s42,prophet,frozen,selected,42,10,2025-03-17 01:00:00,2025-03-18 02:00:00,26,369.17,True,True,419.1676529916896,-10.353015780743377,408.8146372109462,0,0,0.1
core_prophet_frozen_s42,prophet,frozen,selected,42,10,2025-03-17 01:00:00,2025-03-18 03:00:00,27,355.79,True,True,390.8682528054455,-10.353015780743377,380.5152370247021,0,0,0.1
core_prophet_frozen_s42,prophet,frozen,selected,42,10,2025-03-17 01:00:00,2025-03-18 04:00:00,28,87.33,True,True,131.48497292559534,-10.353015780743377,121.13195714485197,0,0,0.1
core_prophet_frozen_s42,prophet,frozen,selected,42,10,2025-03-17 01:00:00,2025-03-18 05:00:00,29,35.3,True,True,77.52176171271915,-10.353015780743377,67.16874593197578,0,0,0.1
core_prophet_frozen_s42,prophet,frozen,selected,42,10,2025-03-17 01:00:00,2025-03-18 06:00:00,30,13.98,True,True,42.95875110241391,-10.353015780743377,32.60573532167054,0,0,0.1
core_prophet_frozen_s42,prophet,frozen,selected,42,10,2025-03-17 01:00:00,2025-03-18 07:00:00,31,8.81,True,True,28.77137682637519,-10.353015780743377,18.418361045631812,0,0,0.1
core_prophet_frozen_s42,prophet,frozen,selected,42,10,2025-03-17 01:00:00,2025-03-18 08:00:00,32,8.33,True,True,17.552377207796667,-10.353015780743377,7.19936142705329,0,0,0.1
core_prophet_frozen_s42,prophet,frozen,selected,42,10,2025-03-17 01:00:00,2025-03-18 09:00:00,33,8.4,True,True,5.721122227607964,-10.353015780743377,-4.631893553135413,0,0,0.1
core_prophet_frozen_s42,prophet,frozen,selected,42,10,2025-03-17 01:00:00,2025-03-18 10:00:00,34,39.59,True,True,81.49536289636043,-10.353015780743377,71.14234711561706,0,0,0.1
core_prophet_frozen_s42,prophet,frozen,selected,42,10,2025-03-17 01:00:00,2025-03-18 11:00:00,35,111.19,True,True,165.20918216948158,-10.353015780743377,154.8561663887382,0,0,0.1
core_prophet_frozen_s42,prophet,frozen,selected,42,10,2025-03-17 01:00:00,2025-03-18 12:00:00,36,231.14,True,True,291.8880265954341,-10.353015780743377,281.53501081469074,0,0,0.1
core_prophet_frozen_s42,prophet,frozen,selected,42,10,2025-03-17 01:00:00,2025-03-18 13:00:00,37,374.95,True,True,443.4668765619948,-10.353015780743377,433.11386078125145,0,0,0.1
core_prophet_frozen_s42,prophet,frozen,selected,42,10,2025-03-17 01:00:00,2025-03-18 14:00:00,38,457.73,True,True,529.3135120000852,-10.353015780743377,518.9604962193418,0,0,0.1
core_prophet_frozen_s42,prophet,frozen,selected,42,10,2025-03-17 01:00:00,2025-03-18 15:00:00,39,433.59,True,True,511.3221231438943,-10.353015780743377,500.96910736315095,0,0,0.1
core_prophet_frozen_s42,prophet,frozen,selected,42,10,2025-03-17 01:00:00,2025-03-18 16:00:00,40,278.25,True,True,362.1422198125901,-10.353015780743377,351.78920403184674,0,0,0.1
core_prophet_frozen_s42,prophet,frozen,selected,42,10,2025-03-17 01:00:00,2025-03-18 17:00:00,41,214.72,True,True,305.07562312979803,-10.353015780743377,294.72260734905467,0,0,0.1
core_prophet_frozen_s42,prophet,frozen,selected,42,10,2025-03-17 01:00:00,2025-03-18 18:00:00,42,187.9,True,True,284.10925579107163,-10.353015780743377,273.75624001032827,0,0,0.1
core_prophet_frozen_s42,prophet,frozen,selected,42,10,2025-03-17 01:00:00,2025-03-18 19:00:00,43,151.21,True,True,251.23317740401552,-10.353015780743377,240.88016162327216,0,0,0.1
core_prophet_frozen_s42,prophet,frozen,selected,42,10,2025-03-17 01:00:00,2025-03-18 20:00:00,44,113.15,True,True,205.3647565292422,-10.353015780743377,195.01174074849882,0,0,0.1
core_prophet_frozen_s42,prophet,frozen,selected,42,10,2025-03-17 01:00:00,2025-03-18 21:00:00,45,91.78,True,True,173.0118660714827,-10.353015780743377,162.65885029073934,0,0,0.1
core_prophet_frozen_s42,prophet,frozen,selected,42,10,2025-03-17 01:00:00,2025-03-18 22:00:00,46,85.27,True,True,155.65844779909511,-10.353015780743377,145.30543201835172,0,0,0.1
core_prophet_frozen_s42,prophet,frozen,selected,42,10,2025-03-17 01:00:00,2025-03-18 23:00:00,47,115.74,True,True,181.3555762843045,-10.353015780743377,171.00256050356114,0,0,0.1
core_prophet_frozen_s42,prophet,frozen,selected,42,10,2025-03-17 01:00:00,2025-03-19 00:00:00,48,158.89,True,True,222.64222674066943,-10.353015780743377,212.28921095992604,0,0,0.1
core_prophet_frozen_s42,prophet,frozen,selected,42,10,2025-03-17 01:00:00,2025-03-19 01:00:00,49,184.39,True,True,248.2585532917695,-10.353015780743377,237.90553751102613,0,0,0.1
core_prophet_frozen_s42,prophet,frozen,selected,42,10,2025-03-17 01:00:00,2025-03-19 02:00:00,50,208.95,True,True,281.1649563744472,-10.353015780743377,270.8119405937038,0,0,0.1
core_prophet_frozen_s42,prophet,frozen,selected,42,10,2025-03-17 01:00:00,2025-03-19 03:00:00,51,218.09,True,True,299.19879193047814,-10.353015780743377,288.8457761497348,0,0,0.1
core_prophet_frozen_s42,prophet,frozen,selected,42,10,2025-03-17 01:00:00,2025-03-19 04:00:00,52,115.44,True,True,172.92427570103547,-10.353015780743377,162.5712599202921,0,0,0.1
core_prophet_frozen_s42,prophet,frozen,selected,42,10,2025-03-17 01:00:00,2025-03-19 05:00:00,53,47.51,True,True,95.35803036469768,-10.353015780743377,85.0050145839543,0,0,0.1
core_prophet_frozen_s42,prophet,frozen,selected,42,10,2025-03-17 01:00:00,2025-03-19 06:00:00,54,20.3,True,True,57.82885936621756,-10.353015780743377,47.47584358547418,0,0,0.1
core_prophet_frozen_s42,prophet,frozen,selected,42,10,2025-03-17 01:00:00,2025-03-19 07:00:00,55,12.77,True,True,40.3950187341112,-10.353015780743377,30.04200295336782,0,0,0.1
core_prophet_frozen_s42,prophet,frozen,selected,42,10,2025-03-17 01:00:00,2025-03-19 08:00:00,56,17.03,True,True,40.77283809412828,-10.353015780743377,30.419822313384905,0,0,0.1
core_prophet_frozen_s42,prophet,frozen,selected,42,10,2025-03-17 01:00:00,2025-03-19 09:00:00,57,22.13,True,True,44.67801109249018,-10.353015780743377,34.324995311746804,0,0,0.1
core_prophet_frozen_s42,prophet,frozen,selected,42,10,2025-03-17 01:00:00,2025-03-19 10:00:00,58,37.15,True,True,86.33513162721985,-10.353015780743377,75.98211584647647,0,0,0.1
core_prophet_frozen_s42,prophet,frozen,selected,42,10,2025-03-17 01:00:00,2025-03-19 11:00:00,59,68.63,True,True,138.14719264064794,-10.353015780743377,127.79417685990457,0,0,0.1
core_prophet_frozen_s42,prophet,frozen,selected,42,10,2025-03-17 01:00:00,2025-03-19 12:00:00,60,99.64,True,True,176.05204805617805,-10.353015780743377,165.69903227543466,0,0,0.1
core_prophet_frozen_s42,prophet,frozen,selected,42,10,2025-03-17 01:00:00,2025-03-19 13:00:00,61,123.41,True,True,206.66273403413928,-10.353015780743377,196.30971825339589,0,0,0.1
core_prophet_frozen_s42,prophet,frozen,selected,42,10,2025-03-17 01:00:00,2025-03-19 14:00:00,62,145.21,True,True,233.1215736514036,-10.353015780743377,222.76855787066023,0,0,0.1
core_prophet_frozen_s42,prophet,frozen,selected,42,10,2025-03-17 01:00:00,2025-03-19 15:00:00,63,146.28,True,True,236.3711007207556,-10.353015780743377,226.01808494001222,0,0,0.1
core_prophet_frozen_s42,prophet,frozen,selected,42,10,2025-03-17 01:00:00,2025-03-19 16:00:00,64,115.46,True,True,206.2456005074056,-10.353015780743377,195.89258472666222,0,0,0.1
core_prophet_frozen_s42,prophet,frozen,selected,42,10,2025-03-17 01:00:00,2025-03-19 17:00:00,65,80.15,True,True,166.22927597212134,-10.353015780743377,155.87626019137798,0,0,0.1
core_prophet_frozen_s42,prophet,frozen,selected,42,10,2025-03-17 01:00:00,2025-03-19 18:00:00,66,57.06,True,True,133.22357201940463,-10.353015780743377,122.87055623866125,0,0,0.1
core_prophet_frozen_s42,prophet,frozen,selected,42,10,2025-03-17 01:00:00,2025-03-19 19:00:00,67,44.98,True,True,112.98731813881976,-10.353015780743377,102.63430235807638,0,0,0.1
core_prophet_frozen_s42,prophet,frozen,selected,42,10,2025-03-17 01:00:00,2025-03-19 20:00:00,68,42.52,True,True,108.58724089960886,-10.353015780743377,98.23422511886548,0,0,0.1
core_prophet_frozen_s42,prophet,frozen,selected,42,10,2025-03-17 01:00:00,2025-03-19 21:00:00,69,43.49,True,True,108.8019097587193,-10.353015780743377,98.44889397797593,0,0,0.1
core_prophet_frozen_s42,prophet,frozen,selected,42,10,2025-03-17 01:00:00,2025-03-19 22:00:00,70,46.51,True,True,109.55417949199575,-10.353015780743377,99.20116371125238,0,0,0.1
core_prophet_frozen_s42,prophet,frozen,selected,42,10,2025-03-17 01:00:00,2025-03-19 23:00:00,71,69.63,True,True,135.35056820200668,-10.353015780743377,124.99755242126331,0,0,0.1
core_prophet_frozen_s42,prophet,frozen,selected,42,10,2025-03-17 01:00:00,2025-03-20 00:00:00,72,99.32,True,True,170.0637622514495,-10.353015780743377,159.7107464707061,0,0,0.1
core_prophet_frozen_s42,prophet,frozen,selected,42,10,2025-03-17 01:00:00,2025-03-20 01:00:00,73,110.67,True,True,183.37961053233323,-10.353015780743377,173.02659475158987,0,0,0.1
core_prophet_frozen_s42,prophet,frozen,selected,42,10,2025-03-17 01:00:00,2025-03-20 02:00:00,74,96.42,True,True,165.0152971450854,-10.353015780743377,154.66228136434205,0,0,0.1
core_prophet_frozen_s42,prophet,frozen,selected,42,10,2025-03-17 01:00:00,2025-03-20 03:00:00,75,55.87,True,True,106.55105510399191,-10.353015780743377,96.19803932324854,0,0,0.1
core_prophet_frozen_s42,prophet,frozen,selected,42,10,2025-03-17 01:00:00,2025-03-20 04:00:00,76,16.8,True,True,41.941602009186,-10.353015780743377,31.588586228442622,0,0,0.1
core_prophet_frozen_s42,prophet,frozen,selected,42,10,2025-03-17 01:00:00,2025-03-20 05:00:00,77,12.08,True,True,41.84643932225137,-10.353015780743377,31.493423541507994,0,0,0.1
core_prophet_frozen_s42,prophet,frozen,selected,42,10,2025-03-17 01:00:00,2025-03-20 06:00:00,78,11.12,True,True,40.87665824116448,-10.353015780743377,30.5236424604211,0,0,0.1
core_prophet_frozen_s42,prophet,frozen,selected,42,10,2025-03-17 01:00:00,2025-03-20 07:00:00,79,10.16,True,True,33.552849416537185,-10.353015780743377,23.19983363579381,0,0,0.1
core_prophet_frozen_s42,prophet,frozen,selected,42,10,2025-03-17 01:00:00,2025-03-20 08:00:00,80,10.39,True,True,23.770831452235484,-10.353015780743377,13.417815671492107,0,0,0.1
core_prophet_frozen_s42,prophet,frozen,selected,42,10,2025-03-17 01:00:00,2025-03-20 09:00:00,81,11.27,True,True,14.049051790909232,-10.353015780743377,3.696036010165855,0,0,0.1
core_prophet_frozen_s42,prophet,frozen,selected,42,10,2025-03-17 01:00:00,2025-03-20 10:00:00,82,23.62,True,True,56.13261305506634,-10.353015780743377,45.77959727432296,0,0,0.1
core_prophet_frozen_s42,prophet,frozen,selected,42,10,2025-03-17 01:00:00,2025-03-20 11:00:00,83,55.05,True,True,114.62595482810936,-10.353015780743377,104.27293904736598,0,0,0.1
core_prophet_frozen_s42,prophet,frozen,selected,42,10,2025-03-17 01:00:00,2025-03-20 12:00:00,84,92.13,True,True,159.91449570845612,-10.353015780743377,149.56147992771275,0,0,0.1
core_prophet_frozen_s42,prophet,frozen,selected,42,10,2025-03-17 01:00:00,2025-03-20 13:00:00,85,135.18,True,True,212.6159043401467,-10.353015780743377,202.26288855940334,0,0,0.1
core_prophet_frozen_s42,prophet,frozen,selected,42,10,2025-03-17 01:00:00,2025-03-20 14:00:00,86,178.08,True,True,270.8003116622486,-10.353015780743377,260.4472958815052,0,0,0.1
core_prophet_frozen_s42,prophet,frozen,selected,42,10,2025-03-17 01:00:00,2025-03-20 15:00:00,87,188.44,True,True,290.08226303112303,-10.353015780743377,279.7292472503797,0,0,0.1
core_prophet_frozen_s42,prophet,frozen,selected,42,10,2025-03-17 01:00:00,2025-03-20 16:00:00,88,161.08,True,True,272.3699702909265,-10.353015780743377,262.01695451018315,0,0,0.1
core_prophet_frozen_s42,prophet,frozen,selected,42,10,2025-03-17 01:00:00,2025-03-20 17:00:00,89,134.87,True,True,248.494311513635,-10.353015780743377,238.14129573289165,0,0,0.1
core_prophet_frozen_s42,prophet,frozen,selected,42,10,2025-03-17 01:00:00,2025-03-20 18:00:00,90,119.77,True,True,229.6740076762269,-10.353015780743377,219.32099189548353,0,0,0.1
core_prophet_frozen_s42,prophet,frozen,selected,42,10,2025-03-17 01:00:00,2025-03-20 19:00:00,91,108.81,True,True,211.0601508371832,-10.353015780743377,200.70713505643982,0,0,0.1
core_prophet_frozen_s42,prophet,frozen,selected,42,10,2025-03-17 01:00:00,2025-03-20 20:00:00,92,104.19,True,True,198.93718312244272,-10.353015780743377,188.58416734169936,0,0,0.1
core_prophet_frozen_s42,prophet,frozen,selected,42,10,2025-03-17 01:00:00,2025-03-20 21:00:00,93,106.24,True,True,196.0688849771218,-10.353015780743377,185.71586919637843,0,0,0.1
core_prophet_frozen_s42,prophet,frozen,selected,42,10,2025-03-17 01:00:00,2025-03-20 22:00:00,94,117.33,True,True,198.6787343392013,-10.353015780743377,188.32571855845794,0,0,0.1
core_prophet_frozen_s42,prophet,frozen,selected,42,10,2025-03-17 01:00:00,2025-03-20 23:00:00,95,182.51,True,True,267.00929889309305,-10.353015780743377,256.6562831123497,0,0,0.1
core_prophet_frozen_s42,prophet,frozen,selected,42,10,2025-03-17 01:00:00,2025-03-21 00:00:00,96,290.87,True,True,389.3303184650072,-10.353015780743377,378.97730268426386,0,0,0.1
core_prophet_frozen_s42,prophet,frozen,selected,42,10,2025-03-17 01:00:00,2025-03-21 01:00:00,97,383.88,True,True,509.00922488349056,-10.353015780743377,498.6562091027472,0,0,0.1
core_prophet_frozen_s42,prophet,frozen,selected,42,10,2025-03-17 01:00:00,2025-03-21 02:00:00,98,350.81,True,True,498.4210960334512,-10.353015780743377,488.06808025270783,0,0,0.1
core_prophet_frozen_s42,prophet,frozen,selected,42,10,2025-03-17 01:00:00,2025-03-21 03:00:00,99,194.99,True,True,325.061911094686,-10.353015780743377,314.70889531394266,0,0,0.1
core_prophet_frozen_s42,prophet,frozen,selected,42,10,2025-03-17 01:00:00,2025-03-21 04:00:00,100,16.08,True,True,47.75000671651316,-10.353015780743377,37.396990935769786,0,0,0.1
core_prophet_frozen_s42,prophet,frozen,selected,42,10,2025-03-17 01:00:00,2025-03-21 05:00:00,101,10.66,True,True,43.28047584361178,-10.353015780743377,32.927460062868406,0,0,0.1
core_prophet_frozen_s42,prophet,frozen,selected,42,10,2025-03-17 01:00:00,2025-03-21 06:00:00,102,10.46,True,True,43.19934266011228,-10.353015780743377,32.8463268793689,0,0,0.1
core_prophet_frozen_s42,prophet,frozen,selected,42,10,2025-03-17 01:00:00,2025-03-21 07:00:00,103,10.8,True,True,37.17616087254231,-10.353015780743377,26.823145091798935,0,0,0.1
core_prophet_frozen_s42,prophet,frozen,selected,42,10,2025-03-17 01:00:00,2025-03-21 08:00:00,104,11.66,True,True,28.77623373411444,-10.353015780743377,18.423217953371065,0,0,0.1
core_prophet_frozen_s42,prophet,frozen,selected,42,10,2025-03-17 01:00:00,2025-03-21 09:00:00,105,12.27,True,True,20.9411746350016,-10.353015780743377,10.588158854258225,0,0,0.1
core_prophet_frozen_s42,prophet,frozen,selected,42,10,2025-03-17 01:00:00,2025-03-21 10:00:00,106,14.8,True,True,23.55735890508956,-10.353015780743377,13.204343124346185,0,0,0.1
core_prophet_frozen_s42,prophet,frozen,selected,42,10,2025-03-17 01:00:00,2025-03-21 11:00:00,107,20.49,True,True,35.06919399980299,-10.353015780743377,24.716178219059614,0,0,0.1
core_prophet_frozen_s42,prophet,frozen,selected,42,10,2025-03-17 01:00:00,2025-03-21 12:00:00,108,26.74,True,True,45.163920069465405,-10.353015780743377,34.81090428872203,0,0,0.1
core_prophet_frozen_s42,prophet,frozen,selected,42,10,2025-03-17 01:00:00,2025-03-21 13:00:00,109,55.02,True,True,113.37238679991844,-10.353015780743377,103.01937101917507,0,0,0.1
core_prophet_frozen_s42,prophet,frozen,selected,42,10,2025-03-17 01:00:00,2025-03-21 14:00:00,110,100.48,True,True,184.81604007344748,-10.353015780743377,174.46302429270412,0,0,0.1
core_prophet_frozen_s42,prophet,frozen,selected,42,10,2025-03-17 01:00:00,2025-03-21 15:00:00,111,123.63,True,True,222.60530243680344,-10.353015780743377,212.25228665606005,0,0,0.1
core_prophet_frozen_s42,prophet,frozen,selected,42,10,2025-03-17 01:00:00,2025-03-21 16:00:00,112,110.11,True,True,211.5215899823592,-10.353015780743377,201.1685742016158,0,0,0.1
core_prophet_frozen_s42,prophet,frozen,selected,42,10,2025-03-17 01:00:00,2025-03-21 17:00:00,113,76.11,True,True,166.91985668773216,-10.353015780743377,156.56684090698877,0,0,0.1
core_prophet_frozen_s42,prophet,frozen,selected,42,10,2025-03-17 01:00:00,2025-03-21 18:00:00,114,50.2,True,True,128.11720854707096,-10.353015780743377,117.76419276632758,0,0,0.1
core_prophet_frozen_s42,prophet,frozen,selected,42,10,2025-03-17 01:00:00,2025-03-21 19:00:00,115,35.2,True,True,102.8771120751352,-10.353015780743377,92.52409629439182,0,0,0.1
core_prophet_frozen_s42,prophet,frozen,selected,42,10,2025-03-17 01:00:00,2025-03-21 20:00:00,116,32.61,True,True,92.41208402285574,-10.353015780743377,82.05906824211236,0,0,0.1
core_prophet_frozen_s42,prophet,frozen,selected,42,10,2025-03-17 01:00:00,2025-03-21 21:00:00,117,33.94,True,True,91.2767465317802,-10.353015780743377,80.92373075103683,0,0,0.1
core_prophet_frozen_s42,prophet,frozen,selected,42,10,2025-03-17 01:00:00,2025-03-21 22:00:00,118,37.62,True,True,97.30775720348552,-10.353015780743377,86.95474142274215,0,0,0.1
core_prophet_frozen_s42,prophet,frozen,selected,42,10,2025-03-17 01:00:00,2025-03-21 23:00:00,119,50.38,True,True,121.0684090808888,-10.353015780743377,110.71539330014542,0,0,0.1
core_prophet_frozen_s42,prophet,frozen,selected,42,10,2025-03-17 01:00:00,2025-03-22 00:00:00,120,57.67,True,True,119.96186553323062,-10.353015780743377,109.60884975248725,0,0,0.1
core_prophet_frozen_s42,prophet,frozen,selected,42,10,2025-03-17 01:00:00,2025-03-22 01:00:00,121,54.64,True,True,99.26119773662164,-10.353015780743377,88.90818195587826,0,0,0.1
core_prophet_frozen_s42,prophet,frozen,selected,42,10,2025-03-17 01:00:00,2025-03-22 02:00:00,122,49.73,True,True,83.87523553931462,-10.353015780743377,73.52221975857124,0,0,0.1
core_prophet_frozen_s42,prophet,frozen,selected,42,10,2025-03-17 01:00:00,2025-03-22 03:00:00,123,40.46,True,True,69.45764914952915,-10.353015780743377,59.10463336878577,0,0,0.1
core_prophet_frozen_s42,prophet,frozen,selected,42,10,2025-03-17 01:00:00,2025-03-22 04:00:00,124,29.47,True,True,49.835383566292734,-10.353015780743377,39.48236778554936,0,0,0.1
core_prophet_frozen_s42,prophet,frozen,selected,42,10,2025-03-17 01:00:00,2025-03-22 05:00:00,125,27.4,True,True,48.64358671263042,-10.353015780743377,38.290570931887046,0,0,0.1
core_prophet_frozen_s42,prophet,frozen,selected,42,10,2025-03-17 01:00:00,2025-03-22 06:00:00,126,26.35,True,True,48.914653255576326,-10.353015780743377,38.56163747483295,0,0,0.1
core_prophet_frozen_s42,prophet,frozen,selected,42,10,2025-03-17 01:00:00,2025-03-22 07:00:00,127,25.59,True,True,42.40777694247837,-10.353015780743377,32.054761161734994,0,0,0.1
core_prophet_frozen_s42,prophet,frozen,selected,42,10,2025-03-17 01:00:00,2025-03-22 08:00:00,128,24.99,True,True,33.813845280269675,-10.353015780743377,23.460829499526298,0,0,0.1
core_prophet_frozen_s42,prophet,frozen,selected,42,10,2025-03-17 01:00:00,2025-03-22 09:00:00,129,23.85,True,True,26.510991921947607,-10.353015780743377,16.15797614120423,0,0,0.1
core_prophet_frozen_s42,prophet,frozen,selected,42,10,2025-03-17 01:00:00,2025-03-22 10:00:00,130,25.71,True,True,33.9206756144134,-10.353015780743377,23.56765983367002,0,0,0.1
core_prophet_frozen_s42,prophet,frozen,selected,42,10,2025-03-17 01:00:00,2025-03-22 11:00:00,131,33.44,True,True,55.45011165738976,-10.353015780743377,45.097095876646385,0,0,0.1
core_prophet_frozen_s42,prophet,frozen,selected,42,10,2025-03-17 01:00:00,2025-03-22 12:00:00,132,41.52,True,True,69.29996232322347,-10.353015780743377,58.94694654248009,0,0,0.1
core_prophet_frozen_s42,prophet,frozen,selected,42,10,2025-03-17 01:00:00,2025-03-22 13:00:00,133,43.21,True,True,68.91947631340679,-10.353015780743377,58.56646053266341,0,0,0.1
core_prophet_frozen_s42,prophet,frozen,selected,42,10,2025-03-17 01:00:00,2025-03-22 14:00:00,134,37.36,True,True,58.44476283234266,-10.353015780743377,48.091747051599285,0,0,0.1
core_prophet_frozen_s42,prophet,frozen,selected,42,10,2025-03-17 01:00:00,2025-03-22 15:00:00,135,27.27,True,True,40.402370350790505,-10.353015780743377,30.04935457004713,0,0,0.1
core_prophet_frozen_s42,prophet,frozen,selected,42,10,2025-03-17 01:00:00,2025-03-22 16:00:00,136,19.07,True,True,23.434204064147025,-10.353015780743377,13.081188283403648,0,0,0.1
core_prophet_frozen_s42,prophet,frozen,selected,42,10,2025-03-17 01:00:00,2025-03-22 17:00:00,137,18.65,True,True,25.5416528727302,-10.353015780743377,15.188637091986823,0,0,0.1
core_prophet_frozen_s42,prophet,frozen,selected,42,10,2025-03-17 01:00:00,2025-03-22 18:00:00,138,19.15,True,True,32.40416528989789,-10.353015780743377,22.051149509154513,0,0,0.1
core_prophet_frozen_s42,prophet,frozen,selected,42,10,2025-03-17 01:00:00,2025-03-22 19:00:00,139,20.44,True,True,40.32395151244731,-10.353015780743377,29.970935731703932,0,0,0.1
core_prophet_frozen_s42,prophet,frozen,selected,42,10,2025-03-17 01:00:00,2025-03-22 20:00:00,140,23.09,True,True,50.23854766742866,-10.353015780743377,39.885531886685285,0,0,0.1
core_prophet_frozen_s42,prophet,frozen,selected,42,10,2025-03-17 01:00:00,2025-03-22 21:00:00,141,25.95,True,True,58.58745234818568,-10.353015780743377,48.2344365674423,0,0,0.1
core_prophet_frozen_s42,prophet,frozen,selected,42,10,2025-03-17 01:00:00,2025-03-22 22:00:00,142,30.06,True,True,69.71849349023321,-10.353015780743377,59.36547770948984,0,0,0.1
core_prophet_frozen_s42,prophet,frozen,selected,42,10,2025-03-17 01:00:00,2025-03-22 23:00:00,143,43.62,True,True,105.360782995136,-10.353015780743377,95.00776721439263,0,0,0.1
core_prophet_frozen_s42,prophet,frozen,selected,42,10,2025-03-17 01:00:00,2025-03-23 00:00:00,144,66.71,True,True,137.62793968549028,-10.353015780743377,127.2749239047469,0,0,0.1
core_prophet_frozen_s42,prophet,frozen,selected,42,10,2025-03-17 01:00:00,2025-03-23 01:00:00,145,88.97,True,True,158.15370874663117,-10.353015780743377,147.80069296588778,0,0,0.1
core_prophet_frozen_s42,prophet,frozen,selected,42,10,2025-03-17 01:00:00,2025-03-23 02:00:00,146,106.82,True,True,178.8948010631042,-10.353015780743377,168.54178528236082,0,0,0.1
core_prophet_frozen_s42,prophet,frozen,selected,42,10,2025-03-17 01:00:00,2025-03-23 03:00:00,147,113.84,True,True,182.6152400989875,-10.353015780743377,172.26222431824414,0,0,0.1
core_prophet_frozen_s42,prophet,frozen,selected,42,10,2025-03-17 01:00:00,2025-03-23 04:00:00,148,75.39,True,True,85.99894682610656,-10.353015780743377,75.64593104536318,0,0,0.1
core_prophet_frozen_s42,prophet,frozen,selected,42,10,2025-03-17 01:00:00,2025-03-23 05:00:00,149,72.53,True,True,61.0553137146874,-10.353015780743377,50.702297933944024,0,0,0.1
core_prophet_frozen_s42,prophet,frozen,selected,42,10,2025-03-17 01:00:00,2025-03-23 06:00:00,150,71.86,True,True,54.1665798477967,-10.353015780743377,43.81356406705332,0,0,0.1
core_prophet_frozen_s42,prophet,frozen,selected,42,10,2025-03-17 01:00:00,2025-03-23 07:00:00,151,72.02,True,True,50.23889246328582,-10.353015780743377,39.885876682542445,0,0,0.1
core_prophet_frozen_s42,prophet,frozen,selected,42,10,2025-03-17 01:00:00,2025-03-23 08:00:00,152,72.96,True,True,49.60130742389762,-10.353015780743377,39.248291643154246,0,0,0.1
core_prophet_frozen_s42,prophet,frozen,selected,42,10,2025-03-17 01:00:00,2025-03-23 09:00:00,153,69.95,True,True,47.418510706848366,-10.353015780743377,37.06549492610499,0,0,0.1
core_prophet_frozen_s42,prophet,frozen,selected,42,10,2025-03-17 01:00:00,2025-03-23 10:00:00,154,82.91,True,True,97.85693934861968,-10.353015780743377,87.5039235678763,0,0,0.1
core_prophet_frozen_s42,prophet,frozen,selected,42,10,2025-03-17 01:00:00,2025-03-23 11:00:00,155,133.93,True,True,174.30227462250548,-10.353015780743377,163.94925884176212,0,0,0.1
core_prophet_frozen_s42,prophet,frozen,selected,42,10,2025-03-17 01:00:00,2025-03-23 12:00:00,156,197.12,True,True,240.37708133194693,-10.353015780743377,230.02406555120353,0,0,0.1
core_prophet_frozen_s42,prophet,frozen,selected,42,10,2025-03-17 01:00:00,2025-03-23 13:00:00,157,246.71,True,True,284.68583357800617,-10.353015780743377,274.3328177972628,0,0,0.1
core_prophet_frozen_s42,prophet,frozen,selected,42,10,2025-03-17 01:00:00,2025-03-23 14:00:00,158,281.62,True,True,316.0505975672906,-10.353015780743377,305.69758178654723,0,0,0.1
core_prophet_frozen_s42,prophet,frozen,selected,42,10,2025-03-17 01:00:00,2025-03-23 15:00:00,159,281.44,True,True,311.712888120878,-10.353015780743377,301.35987234013464,0,0,0.1
core_prophet_frozen_s42,prophet,frozen,selected,42,10,2025-03-17 01:00:00,2025-03-23 16:00:00,160,233.89,True,True,253.20120009669236,-10.353015780743377,242.84818431594897,0,0,0.1
core_prophet_frozen_s42,prophet,frozen,selected,42,10,2025-03-17 01:00:00,2025-03-23 17:00:00,161,185.95,True,True,180.62014032254083,-10.353015780743377,170.26712454179744,0,0,0.1
core_prophet_frozen_s42,prophet,frozen,selected,42,10,2025-03-17 01:00:00,2025-03-23 18:00:00,162,160.92,True,True,116.19647199679264,-10.353015780743377,105.84345621604926,0,0,0.1
core_prophet_frozen_s42,prophet,frozen,selected,42,10,2025-03-17 01:00:00,2025-03-23 19:00:00,163,149.14,True,True,47.94274710926058,-10.353015780743377,37.5897313285172,0,0,0.1
core_prophet_frozen_s42,prophet,frozen,selected,42,10,2025-03-17 01:00:00,2025-03-23 20:00:00,164,128.14,True,True,41.80098238961256,-10.353015780743377,31.44796660886918,0,0,0.1
core_prophet_frozen_s42,prophet,frozen,selected,42,10,2025-03-17 01:00:00,2025-03-23 21:00:00,165,104.76,True,True,36.79496797265111,-10.353015780743377,26.44195219190773,0,0,0.1
core_prophet_frozen_s42,prophet,frozen,selected,42,10,2025-03-17 01:00:00,2025-03-23 22:00:00,166,63.46,True,True,31.824338073601808,-10.353015780743377,21.47132229285843,0,0,0.1
core_prophet_frozen_s42,prophet,frozen,selected,42,10,2025-03-17 01:00:00,2025-03-23 23:00:00,167,28.11,True,True,36.55158485051189,-10.353015780743377,26.19856906976851,0,0,0.1
core_prophet_frozen_s42,prophet,frozen,selected,42,10,2025-03-17 01:00:00,2025-03-24 00:00:00,168,14.75,True,True,39.10829441013891,-10.353015780743377,28.755278629395534,0,0,0.1
core_prophet_frozen_s42,prophet,frozen,selected,42,11,2025-03-24 01:00:00,2025-03-24 01:00:00,1,10.98,True,True,33.98694674802184,-13.849341385369062,20.13760536265278,0,0,0.1
core_prophet_frozen_s42,prophet,frozen,selected,42,11,2025-03-24 01:00:00,2025-03-24 02:00:00,2,9.89,True,True,30.85759749755067,-13.849341385369062,17.00825611218161,0,0,0.1
core_prophet_frozen_s42,prophet,frozen,selected,42,11,2025-03-24 01:00:00,2025-03-24 03:00:00,3,9.18,True,True,31.826874162886128,-13.849341385369062,17.977532777517066,0,0,0.1
core_prophet_frozen_s42,prophet,frozen,selected,42,11,2025-03-24 01:00:00,2025-03-24 04:00:00,4,9.04,True,True,37.200798528617725,-13.849341385369062,23.351457143248663,0,0,0.1
core_prophet_frozen_s42,prophet,frozen,selected,42,11,2025-03-24 01:00:00,2025-03-24 05:00:00,5,9.29,True,True,43.30623857470371,-13.849341385369062,29.45689718933465,0,0,0.1
core_prophet_frozen_s42,prophet,frozen,selected,42,11,2025-03-24 01:00:00,2025-03-24 06:00:00,6,8.98,True,True,44.34001147838083,-13.849341385369062,30.49067009301177,0,0,0.1
core_prophet_frozen_s42,prophet,frozen,selected,42,11,2025-03-24 01:00:00,2025-03-24 07:00:00,7,10.02,True,True,42.60459011467634,-13.849341385369062,28.75524872930728,0,0,0.1
core_prophet_frozen_s42,prophet,frozen,selected,42,11,2025-03-24 01:00:00,2025-03-24 08:00:00,8,14.35,True,True,43.32113660030262,-13.849341385369062,29.47179521493356,0,0,0.1
core_prophet_frozen_s42,prophet,frozen,selected,42,11,2025-03-24 01:00:00,2025-03-24 09:00:00,9,18.28,True,True,45.18571659244799,-13.849341385369062,31.336375207078927,0,0,0.1
core_prophet_frozen_s42,prophet,frozen,selected,42,11,2025-03-24 01:00:00,2025-03-24 10:00:00,10,22.33,True,True,38.74976334742684,-13.849341385369062,24.90042196205778,0,0,0.1
core_prophet_frozen_s42,prophet,frozen,selected,42,11,2025-03-24 01:00:00,2025-03-24 11:00:00,11,34.71,True,True,26.00148197138324,-13.849341385369062,12.152140586014177,0,0,0.1
core_prophet_frozen_s42,prophet,frozen,selected,42,11,2025-03-24 01:00:00,2025-03-24 12:00:00,12,44.08,True,True,21.822778961656724,-13.849341385369062,7.973437576287662,0,0,0.1
core_prophet_frozen_s42,prophet,frozen,selected,42,11,2025-03-24 01:00:00,2025-03-24 13:00:00,13,31.5,True,True,21.592732794089983,-13.849341385369062,7.743391408720921,0,0,0.1
core_prophet_frozen_s42,prophet,frozen,selected,42,11,2025-03-24 01:00:00,2025-03-24 14:00:00,14,29.34,True,True,30.108956322444897,-13.849341385369062,16.259614937075835,0,0,0.1
core_prophet_frozen_s42,prophet,frozen,selected,42,11,2025-03-24 01:00:00,2025-03-24 15:00:00,15,29.73,True,True,40.07090541998491,-13.849341385369062,26.22156403461585,0,0,0.1
core_prophet_frozen_s42,prophet,frozen,selected,42,11,2025-03-24 01:00:00,2025-03-24 16:00:00,16,27.99,True,True,47.21377042018574,-13.849341385369062,33.36442903481668,0,0,0.1
core_prophet_frozen_s42,prophet,frozen,selected,42,11,2025-03-24 01:00:00,2025-03-24 17:00:00,17,29.82,True,True,62.44704548937557,-13.849341385369062,48.59770410400651,0,0,0.1
core_prophet_frozen_s42,prophet,frozen,selected,42,11,2025-03-24 01:00:00,2025-03-24 18:00:00,18,34.22,True,True,82.10186344374702,-13.849341385369062,68.25252205837796,0,0,0.1
core_prophet_frozen_s42,prophet,frozen,selected,42,11,2025-03-24 01:00:00,2025-03-24 19:00:00,19,44.33,True,True,108.9150958018331,-13.849341385369062,95.06575441646405,0,0,0.1
core_prophet_frozen_s42,prophet,frozen,selected,42,11,2025-03-24 01:00:00,2025-03-24 20:00:00,20,64.38,True,True,139.26708493909194,-13.849341385369062,125.41774355372289,0,0,0.1
core_prophet_frozen_s42,prophet,frozen,selected,42,11,2025-03-24 01:00:00,2025-03-24 21:00:00,21,90.68,True,True,167.25542072703638,-13.849341385369062,153.40607934166732,0,0,0.1
core_prophet_frozen_s42,prophet,frozen,selected,42,11,2025-03-24 01:00:00,2025-03-24 22:00:00,22,110.22,True,True,189.2213632846732,-13.849341385369062,175.37202189930414,0,0,0.1
core_prophet_frozen_s42,prophet,frozen,selected,42,11,2025-03-24 01:00:00,2025-03-24 23:00:00,23,124.73,True,True,189.80343268488213,-13.849341385369062,175.95409129951307,0,0,0.1
core_prophet_frozen_s42,prophet,frozen,selected,42,11,2025-03-24 01:00:00,2025-03-25 00:00:00,24,81.76,True,True,125.24881214790274,-13.849341385369062,111.39947076253368,0,0,0.1
core_prophet_frozen_s42,prophet,frozen,selected,42,11,2025-03-24 01:00:00,2025-03-25 01:00:00,25,17.08,True,True,22.18844623615317,-13.849341385369062,8.339104850784107,0,0,0.1
core_prophet_frozen_s42,prophet,frozen,selected,42,11,2025-03-24 01:00:00,2025-03-25 02:00:00,26,18.51,True,True,18.64864985359671,-13.849341385369062,4.799308468227647,0,0,0.1
core_prophet_frozen_s42,prophet,frozen,selected,42,11,2025-03-24 01:00:00,2025-03-25 03:00:00,27,18.15,True,True,22.13621676605516,-13.849341385369062,8.286875380686098,0,0,0.1
core_prophet_frozen_s42,prophet,frozen,selected,42,11,2025-03-24 01:00:00,2025-03-25 04:00:00,28,15.79,True,True,28.75505329691427,-13.849341385369062,14.905711911545207,0,0,0.1
core_prophet_frozen_s42,prophet,frozen,selected,42,11,2025-03-24 01:00:00,2025-03-25 05:00:00,29,13.61,True,True,35.09702807055214,-13.849341385369062,21.24768668518308,0,0,0.1
core_prophet_frozen_s42,prophet,frozen,selected,42,11,2025-03-24 01:00:00,2025-03-25 06:00:00,30,13.12,True,True,37.130141590762975,-13.849341385369062,23.280800205393913,0,0,0.1
core_prophet_frozen_s42,prophet,frozen,selected,42,11,2025-03-24 01:00:00,2025-03-25 07:00:00,31,34.61,True,True,88.45091177675437,-13.849341385369062,74.60157039138531,0,0,0.1
core_prophet_frozen_s42,prophet,frozen,selected,42,11,2025-03-24 01:00:00,2025-03-25 08:00:00,32,76.86,True,True,156.38131265534395,-13.849341385369062,142.5319712699749,0,0,0.1
core_prophet_frozen_s42,prophet,frozen,selected,42,11,2025-03-24 01:00:00,2025-03-25 09:00:00,33,137.21,True,True,228.70226260264752,-13.849341385369062,214.85292121727846,0,0,0.1
core_prophet_frozen_s42,prophet,frozen,selected,42,11,2025-03-24 01:00:00,2025-03-25 10:00:00,34,200.18,True,True,304.6106859499272,-13.849341385369062,290.7613445645581,0,0,0.1
core_prophet_frozen_s42,prophet,frozen,selected,42,11,2025-03-24 01:00:00,2025-03-25 11:00:00,35,217.86,True,True,310.23292737296464,-13.849341385369062,296.38358598759555,0,0,0.1
core_prophet_frozen_s42,prophet,frozen,selected,42,11,2025-03-24 01:00:00,2025-03-25 12:00:00,36,158.61,True,True,229.77633853167572,-13.849341385369062,215.92699714630666,0,0,0.1
core_prophet_frozen_s42,prophet,frozen,selected,42,11,2025-03-24 01:00:00,2025-03-25 13:00:00,37,45.83,True,True,66.9792840602006,-13.849341385369062,53.12994267483154,0,0,0.1
core_prophet_frozen_s42,prophet,frozen,selected,42,11,2025-03-24 01:00:00,2025-03-25 14:00:00,38,39.0,True,True,54.37916373685744,-13.849341385369062,40.52982235148838,0,0,0.1
core_prophet_frozen_s42,prophet,frozen,selected,42,11,2025-03-24 01:00:00,2025-03-25 15:00:00,39,38.26,True,True,66.2245703225685,-13.849341385369062,52.37522893719944,0,0,0.1
core_prophet_frozen_s42,prophet,frozen,selected,42,11,2025-03-24 01:00:00,2025-03-25 16:00:00,40,32.27,True,True,63.4218781445085,-13.849341385369062,49.57253675913944,0,0,0.1
core_prophet_frozen_s42,prophet,frozen,selected,42,11,2025-03-24 01:00:00,2025-03-25 17:00:00,41,28.94,True,True,56.1826704123034,-13.849341385369062,42.33332902693434,0,0,0.1
core_prophet_frozen_s42,prophet,frozen,selected,42,11,2025-03-24 01:00:00,2025-03-25 18:00:00,42,27.97,True,True,50.747560128932975,-13.849341385369062,36.898218743563916,0,0,0.1
core_prophet_frozen_s42,prophet,frozen,selected,42,11,2025-03-24 01:00:00,2025-03-25 19:00:00,43,26.08,True,True,43.80175794077317,-13.849341385369062,29.95241655540411,0,0,0.1
core_prophet_frozen_s42,prophet,frozen,selected,42,11,2025-03-24 01:00:00,2025-03-25 20:00:00,44,27.82,True,True,46.76222563307155,-13.849341385369062,32.91288424770249,0,0,0.1
core_prophet_frozen_s42,prophet,frozen,selected,42,11,2025-03-24 01:00:00,2025-03-25 21:00:00,45,30.65,True,True,55.835018884724605,-13.849341385369062,41.985677499355546,0,0,0.1
core_prophet_frozen_s42,prophet,frozen,selected,42,11,2025-03-24 01:00:00,2025-03-25 22:00:00,46,32.09,True,True,65.25230105295114,-13.849341385369062,51.40295966758208,0,0,0.1
core_prophet_frozen_s42,prophet,frozen,selected,42,11,2025-03-24 01:00:00,2025-03-25 23:00:00,47,41.35,True,True,90.243362140601,-13.849341385369062,76.39402075523194,0,0,0.1
core_prophet_frozen_s42,prophet,frozen,selected,42,11,2025-03-24 01:00:00,2025-03-26 00:00:00,48,50.02,True,True,107.12004123862384,-13.849341385369062,93.27069985325478,0,0,0.1
core_prophet_frozen_s42,prophet,frozen,selected,42,11,2025-03-24 01:00:00,2025-03-26 01:00:00,49,,False,False,,-13.849341385369062,,0,0,0.1
core_prophet_frozen_s42,prophet,frozen,selected,42,11,2025-03-24 01:00:00,2025-03-26 02:00:00,50,,False,False,,-13.849341385369062,,0,0,0.1
core_prophet_frozen_s42,prophet,frozen,selected,42,11,2025-03-24 01:00:00,2025-03-26 03:00:00,51,,False,False,,-13.849341385369062,,0,0,0.1
core_prophet_frozen_s42,prophet,frozen,selected,42,11,2025-03-24 01:00:00,2025-03-26 04:00:00,52,,False,False,,-13.849341385369062,,0,0,0.1
core_prophet_frozen_s42,prophet,frozen,selected,42,11,2025-03-24 01:00:00,2025-03-26 05:00:00,53,,False,False,,-13.849341385369062,,0,0,0.1
core_prophet_frozen_s42,prophet,frozen,selected,42,11,2025-03-24 01:00:00,2025-03-26 06:00:00,54,,False,False,,-13.849341385369062,,0,0,0.1
core_prophet_frozen_s42,prophet,frozen,selected,42,11,2025-03-24 01:00:00,2025-03-26 07:00:00,55,,False,False,,-13.849341385369062,,0,0,0.1
core_prophet_frozen_s42,prophet,frozen,selected,42,11,2025-03-24 01:00:00,2025-03-26 08:00:00,56,,False,False,,-13.849341385369062,,0,0,0.1
core_prophet_frozen_s42,prophet,frozen,selected,42,11,2025-03-24 01:00:00,2025-03-26 09:00:00,57,,False,False,,-13.849341385369062,,0,0,0.1
core_prophet_frozen_s42,prophet,frozen,selected,42,11,2025-03-24 01:00:00,2025-03-26 10:00:00,58,,False,False,,-13.849341385369062,,0,0,0.1
core_prophet_frozen_s42,prophet,frozen,selected,42,11,2025-03-24 01:00:00,2025-03-26 11:00:00,59,,False,False,,-13.849341385369062,,0,0,0.1
core_prophet_frozen_s42,prophet,frozen,selected,42,11,2025-03-24 01:00:00,2025-03-26 12:00:00,60,,False,False,,-13.849341385369062,,0,0,0.1
core_prophet_frozen_s42,prophet,frozen,selected,42,11,2025-03-24 01:00:00,2025-03-26 13:00:00,61,,False,False,,-13.849341385369062,,0,0,0.1
core_prophet_frozen_s42,prophet,frozen,selected,42,11,2025-03-24 01:00:00,2025-03-26 14:00:00,62,,False,False,,-13.849341385369062,,0,0,0.1
core_prophet_frozen_s42,prophet,frozen,selected,42,11,2025-03-24 01:00:00,2025-03-26 15:00:00,63,,False,False,,-13.849341385369062,,0,0,0.1
core_prophet_frozen_s42,prophet,frozen,selected,42,11,2025-03-24 01:00:00,2025-03-26 16:00:00,64,,False,False,,-13.849341385369062,,0,0,0.1
core_prophet_frozen_s42,prophet,frozen,selected,42,11,2025-03-24 01:00:00,2025-03-26 17:00:00,65,,False,False,,-13.849341385369062,,0,0,0.1
core_prophet_frozen_s42,prophet,frozen,selected,42,11,2025-03-24 01:00:00,2025-03-26 18:00:00,66,,False,False,,-13.849341385369062,,0,0,0.1
core_prophet_frozen_s42,prophet,frozen,selected,42,11,2025-03-24 01:00:00,2025-03-26 19:00:00,67,,False,False,,-13.849341385369062,,0,0,0.1
core_prophet_frozen_s42,prophet,frozen,selected,42,11,2025-03-24 01:00:00,2025-03-26 20:00:00,68,,False,False,,-13.849341385369062,,0,0,0.1
core_prophet_frozen_s42,prophet,frozen,selected,42,11,2025-03-24 01:00:00,2025-03-26 21:00:00,69,,False,False,,-13.849341385369062,,0,0,0.1
core_prophet_frozen_s42,prophet,frozen,selected,42,11,2025-03-24 01:00:00,2025-03-26 22:00:00,70,,False,False,,-13.849341385369062,,0,0,0.1
core_prophet_frozen_s42,prophet,frozen,selected,42,11,2025-03-24 01:00:00,2025-03-26 23:00:00,71,,False,False,,-13.849341385369062,,0,0,0.1
core_prophet_frozen_s42,prophet,frozen,selected,42,11,2025-03-24 01:00:00,2025-03-27 00:00:00,72,,False,False,,-13.849341385369062,,0,0,0.1
core_prophet_frozen_s42,prophet,frozen,selected,42,11,2025-03-24 01:00:00,2025-03-27 01:00:00,73,11.1,True,True,46.75180685613728,-13.849341385369062,32.90246547076822,0,0,0.1
core_prophet_frozen_s42,prophet,frozen,selected,42,11,2025-03-24 01:00:00,2025-03-27 02:00:00,74,8.91,True,True,39.07899140332998,-13.849341385369062,25.229650017960918,0,0,0.1
core_prophet_frozen_s42,prophet,frozen,selected,42,11,2025-03-24 01:00:00,2025-03-27 03:00:00,75,6.39,True,True,34.50202443343844,-13.849341385369062,20.65268304806938,0,0,0.1
core_prophet_frozen_s42,prophet,frozen,selected,42,11,2025-03-24 01:00:00,2025-03-27 04:00:00,76,4.92,True,True,35.811035176992704,-13.849341385369062,21.96169379162364,0,0,0.1
core_prophet_frozen_s42,prophet,frozen,selected,42,11,2025-03-24 01:00:00,2025-03-27 05:00:00,77,4.57,True,True,41.03764541814618,-13.849341385369062,27.188304032777115,0,0,0.1
core_prophet_frozen_s42,prophet,frozen,selected,42,11,2025-03-24 01:00:00,2025-03-27 06:00:00,78,4.38,True,True,41.58471390050988,-13.849341385369062,27.73537251514082,0,0,0.1
core_prophet_frozen_s42,prophet,frozen,selected,42,11,2025-03-24 01:00:00,2025-03-27 07:00:00,79,5.26,True,True,37.50234021202854,-13.849341385369062,23.65299882665948,0,0,0.1
core_prophet_frozen_s42,prophet,frozen,selected,42,11,2025-03-24 01:00:00,2025-03-27 08:00:00,80,7.37,True,True,32.75170091703649,-13.849341385369062,18.902359531667425,0,0,0.1
core_prophet_frozen_s42,prophet,frozen,selected,42,11,2025-03-24 01:00:00,2025-03-27 09:00:00,81,9.76,True,True,30.75828958131848,-13.849341385369062,16.908948195949417,0,0,0.1
core_prophet_frozen_s42,prophet,frozen,selected,42,11,2025-03-24 01:00:00,2025-03-27 10:00:00,82,11.07,True,True,24.34158564589225,-13.849341385369062,10.492244260523186,0,0,0.1
core_prophet_frozen_s42,prophet,frozen,selected,42,11,2025-03-24 01:00:00,2025-03-27 11:00:00,83,12.15,True,True,10.43346022287912,-13.849341385369062,-3.415881162489942,0,0,0.1
core_prophet_frozen_s42,prophet,frozen,selected,42,11,2025-03-24 01:00:00,2025-03-27 12:00:00,84,12.62,True,True,1.29897537986281,-13.849341385369062,-12.550366005506252,0,0,0.1
core_prophet_frozen_s42,prophet,frozen,selected,42,11,2025-03-24 01:00:00,2025-03-27 13:00:00,85,11.36,True,True,-3.8418668660460753,-13.849341385369062,-17.691208251415137,0,0,0.1
core_prophet_frozen_s42,prophet,frozen,selected,42,11,2025-03-24 01:00:00,2025-03-27 14:00:00,86,11.07,True,True,0.5405356203200427,-13.849341385369062,-13.30880576504902,0,0,0.1
core_prophet_frozen_s42,prophet,frozen,selected,42,11,2025-03-24 01:00:00,2025-03-27 15:00:00,87,9.25,True,True,6.07863463144048,-13.849341385369062,-7.7707067539285815,0,0,0.1
core_prophet_frozen_s42,prophet,frozen,selected,42,11,2025-03-24 01:00:00,2025-03-27 16:00:00,88,6.17,True,True,8.575573612088647,-13.849341385369062,-5.273767773280415,0,0,0.1
core_prophet_frozen_s42,prophet,frozen,selected,42,11,2025-03-24 01:00:00,2025-03-27 17:00:00,89,5.94,True,True,15.026137043015382,-13.849341385369062,1.1767956576463199,0,0,0.1
core_prophet_frozen_s42,prophet,frozen,selected,42,11,2025-03-24 01:00:00,2025-03-27 18:00:00,90,6.44,True,True,22.55823416038132,-13.849341385369062,8.70889277501226,0,0,0.1
core_prophet_frozen_s42,prophet,frozen,selected,42,11,2025-03-24 01:00:00,2025-03-27 19:00:00,91,7.23,True,True,31.187623685425365,-13.849341385369062,17.338282300056303,0,0,0.1
core_prophet_frozen_s42,prophet,frozen,selected,42,11,2025-03-24 01:00:00,2025-03-27 20:00:00,92,8.06,True,True,39.85233829840854,-13.849341385369062,26.00299691303948,0,0,0.1
core_prophet_frozen_s42,prophet,frozen,selected,42,11,2025-03-24 01:00:00,2025-03-27 21:00:00,93,9.01,True,True,47.178663900398845,-13.849341385369062,33.32932251502979,0,0,0.1
core_prophet_frozen_s42,prophet,frozen,selected,42,11,2025-03-24 01:00:00,2025-03-27 22:00:00,94,11.14,True,True,53.78673872318143,-13.849341385369062,39.93739733781237,0,0,0.1
core_prophet_frozen_s42,prophet,frozen,selected,42,11,2025-03-24 01:00:00,2025-03-27 23:00:00,95,22.7,True,True,80.80713277333041,-13.849341385369062,66.95779138796135,0,0,0.1
core_prophet_frozen_s42,prophet,frozen,selected,42,11,2025-03-24 01:00:00,2025-03-28 00:00:00,96,37.07,True,True,103.50107527515038,-13.849341385369062,89.65173388978133,0,0,0.1
core_prophet_frozen_s42,prophet,frozen,selected,42,11,2025-03-24 01:00:00,2025-03-28 01:00:00,97,42.55,True,True,103.78208377360876,-13.849341385369062,89.9327423882397,0,0,0.1
core_prophet_frozen_s42,prophet,frozen,selected,42,11,2025-03-24 01:00:00,2025-03-28 02:00:00,98,35.04,True,True,84.86879447138344,-13.849341385369062,71.01945308601438,0,0,0.1
core_prophet_frozen_s42,prophet,frozen,selected,42,11,2025-03-24 01:00:00,2025-03-28 03:00:00,99,22.55,True,True,65.18127086138156,-13.849341385369062,51.331929476012505,0,0,0.1
core_prophet_frozen_s42,prophet,frozen,selected,42,11,2025-03-24 01:00:00,2025-03-28 04:00:00,100,12.73,True,True,56.16795611220641,-13.849341385369062,42.31861472683735,0,0,0.1
core_prophet_frozen_s42,prophet,frozen,selected,42,11,2025-03-24 01:00:00,2025-03-28 05:00:00,101,12.92,True,True,63.2404473608172,-13.849341385369062,49.39110597544814,0,0,0.1
core_prophet_frozen_s42,prophet,frozen,selected,42,11,2025-03-24 01:00:00,2025-03-28 06:00:00,102,13.7,True,True,65.66494194312614,-13.849341385369062,51.81560055775708,0,0,0.1
core_prophet_frozen_s42,prophet,frozen,selected,42,11,2025-03-24 01:00:00,2025-03-28 07:00:00,103,11.83,True,True,54.65362639913167,-13.849341385369062,40.80428501376261,0,0,0.1
core_prophet_frozen_s42,prophet,frozen,selected,42,11,2025-03-24 01:00:00,2025-03-28 08:00:00,104,8.21,True,True,34.76322879548553,-13.849341385369062,20.91388741011647,0,0,0.1
core_prophet_frozen_s42,prophet,frozen,selected,42,11,2025-03-24 01:00:00,2025-03-28 09:00:00,105,6.66,True,True,17.48209102461786,-13.849341385369062,3.6327496392487966,0,0,0.1
core_prophet_frozen_s42,prophet,frozen,selected,42,11,2025-03-24 01:00:00,2025-03-28 10:00:00,106,7.03,True,True,6.573843015367288,-13.849341385369062,-7.275498370001774,0,0,0.1
core_prophet_frozen_s42,prophet,frozen,selected,42,11,2025-03-24 01:00:00,2025-03-28 11:00:00,107,10.12,True,True,3.3786099918830814,-13.849341385369062,-10.47073139348598,0,0,0.1
core_prophet_frozen_s42,prophet,frozen,selected,42,11,2025-03-24 01:00:00,2025-03-28 12:00:00,108,13.25,True,True,2.4971523871548413,-13.849341385369062,-11.35218899821422,0,0,0.1
core_prophet_frozen_s42,prophet,frozen,selected,42,11,2025-03-24 01:00:00,2025-03-28 13:00:00,109,14.78,True,True,6.023480123429465,-13.849341385369062,-7.825861261939597,0,0,0.1
core_prophet_frozen_s42,prophet,frozen,selected,42,11,2025-03-24 01:00:00,2025-03-28 14:00:00,110,15.86,True,True,14.38989205317526,-13.849341385369062,0.5405506678061975,0,0,0.1
core_prophet_frozen_s42,prophet,frozen,selected,42,11,2025-03-24 01:00:00,2025-03-28 15:00:00,111,14.46,True,True,20.391968556797423,-13.849341385369062,6.542627171428361,0,0,0.1
core_prophet_frozen_s42,prophet,frozen,selected,42,11,2025-03-24 01:00:00,2025-03-28 16:00:00,112,11.2,True,True,24.464910885408106,-13.849341385369062,10.615569500039044,0,0,0.1
core_prophet_frozen_s42,prophet,frozen,selected,42,11,2025-03-24 01:00:00,2025-03-28 17:00:00,113,10.33,True,True,29.90207309180332,-13.849341385369062,16.05273170643426,0,0,0.1
core_prophet_frozen_s42,prophet,frozen,selected,42,11,2025-03-24 01:00:00,2025-03-28 18:00:00,114,10.75,True,True,37.78255051453499,-13.849341385369062,23.933209129165927,0,0,0.1
core_prophet_frozen_s42,prophet,frozen,selected,42,11,2025-03-24 01:00:00,2025-03-28 19:00:00,115,12.22,True,True,49.21776566822081,-13.849341385369062,35.36842428285175,0,0,0.1
core_prophet_frozen_s42,prophet,frozen,selected,42,11,2025-03-24 01:00:00,2025-03-28 20:00:00,116,15.21,True,True,63.71892602846165,-13.849341385369062,49.869584643092594,0,0,0.1
core_prophet_frozen_s42,prophet,frozen,selected,42,11,2025-03-24 01:00:00,2025-03-28 21:00:00,117,19.23,True,True,77.15781280682614,-13.849341385369062,63.308471421457085,0,0,0.1
core_prophet_frozen_s42,prophet,frozen,selected,42,11,2025-03-24 01:00:00,2025-03-28 22:00:00,118,25.19,True,True,91.43066085272554,-13.849341385369062,77.58131946735648,0,0,0.1
core_prophet_frozen_s42,prophet,frozen,selected,42,11,2025-03-24 01:00:00,2025-03-28 23:00:00,119,42.02,True,True,118.45323696206378,-13.849341385369062,104.60389557669473,0,0,0.1
core_prophet_frozen_s42,prophet,frozen,selected,42,11,2025-03-24 01:00:00,2025-03-29 00:00:00,120,59.87,True,True,124.48487013509316,-13.849341385369062,110.6355287497241,0,0,0.1
core_prophet_frozen_s42,prophet,frozen,selected,42,11,2025-03-24 01:00:00,2025-03-29 01:00:00,121,67.51,True,True,119.52619199158426,-13.849341385369062,105.6768506062152,0,0,0.1
core_prophet_frozen_s42,prophet,frozen,selected,42,11,2025-03-24 01:00:00,2025-03-29 02:00:00,122,65.69,True,True,112.9639581684974,-13.849341385369062,99.11461678312834,0,0,0.1
core_prophet_frozen_s42,prophet,frozen,selected,42,11,2025-03-24 01:00:00,2025-03-29 03:00:00,123,36.14,True,True,77.57017853064755,-13.849341385369062,63.720837145278495,0,0,0.1
core_prophet_frozen_s42,prophet,frozen,selected,42,11,2025-03-24 01:00:00,2025-03-29 04:00:00,124,12.07,True,True,45.34884462380663,-13.849341385369062,31.499503238437565,0,0,0.1
core_prophet_frozen_s42,prophet,frozen,selected,42,11,2025-03-24 01:00:00,2025-03-29 05:00:00,125,10.26,True,True,48.699288413768045,-13.849341385369062,34.84994702839899,0,0,0.1
core_prophet_frozen_s42,prophet,frozen,selected,42,11,2025-03-24 01:00:00,2025-03-29 06:00:00,126,9.24,True,True,48.8983318777864,-13.849341385369062,35.04899049241733,0,0,0.1
core_prophet_frozen_s42,prophet,frozen,selected,42,11,2025-03-24 01:00:00,2025-03-29 07:00:00,127,7.88,True,True,42.04930499630075,-13.849341385369062,28.199963610931686,0,0,0.1
core_prophet_frozen_s42,prophet,frozen,selected,42,11,2025-03-24 01:00:00,2025-03-29 08:00:00,128,6.94,True,True,29.27217864878014,-13.849341385369062,15.422837263411079,0,0,0.1
core_prophet_frozen_s42,prophet,frozen,selected,42,11,2025-03-24 01:00:00,2025-03-29 09:00:00,129,6.22,True,True,14.588584479027986,-13.849341385369062,0.7392430936589243,0,0,0.1
core_prophet_frozen_s42,prophet,frozen,selected,42,11,2025-03-24 01:00:00,2025-03-29 10:00:00,130,21.1,True,True,56.04644808178893,-13.849341385369062,42.197106696419866,0,0,0.1
core_prophet_frozen_s42,prophet,frozen,selected,42,11,2025-03-24 01:00:00,2025-03-29 11:00:00,131,64.27,True,True,138.72676780168877,-13.849341385369062,124.87742641631971,0,0,0.1
core_prophet_frozen_s42,prophet,frozen,selected,42,11,2025-03-24 01:00:00,2025-03-29 12:00:00,132,121.16,True,True,200.80775473131075,-13.849341385369062,186.9584133459417,0,0,0.1
core_prophet_frozen_s42,prophet,frozen,selected,42,11,2025-03-24 01:00:00,2025-03-29 13:00:00,133,182.14,True,True,264.88664447306274,-13.849341385369062,251.0373030876937,0,0,0.1
core_prophet_frozen_s42,prophet,frozen,selected,42,11,2025-03-24 01:00:00,2025-03-29 14:00:00,134,246.53,True,True,330.2019047296799,-13.849341385369062,316.3525633443108,0,0,0.1
core_prophet_frozen_s42,prophet,frozen,selected,42,11,2025-03-24 01:00:00,2025-03-29 15:00:00,135,298.38,True,True,389.2296855460295,-13.849341385369062,375.3803441606604,0,0,0.1
core_prophet_frozen_s42,prophet,frozen,selected,42,11,2025-03-24 01:00:00,2025-03-29 16:00:00,136,311.37,True,True,410.521994151406,-13.849341385369062,396.6726527660369,0,0,0.1
core_prophet_frozen_s42,prophet,frozen,selected,42,11,2025-03-24 01:00:00,2025-03-29 17:00:00,137,272.47,True,True,382.9334436283079,-13.849341385369062,369.0841022429388,0,0,0.1
core_prophet_frozen_s42,prophet,frozen,selected,42,11,2025-03-24 01:00:00,2025-03-29 18:00:00,138,208.71,True,True,325.01733890659494,-13.849341385369062,311.16799752122586,0,0,0.1
core_prophet_frozen_s42,prophet,frozen,selected,42,11,2025-03-24 01:00:00,2025-03-29 19:00:00,139,141.98,True,True,257.1022509891247,-13.849341385369062,243.25290960375563,0,0,0.1
core_prophet_frozen_s42,prophet,frozen,selected,42,11,2025-03-24 01:00:00,2025-03-29 20:00:00,140,103.89,True,True,209.44827782043188,-13.849341385369062,195.59893643506283,0,0,0.1
core_prophet_frozen_s42,prophet,frozen,selected,42,11,2025-03-24 01:00:00,2025-03-29 21:00:00,141,91.39,True,True,188.1692791113427,-13.849341385369062,174.31993772597363,0,0,0.1
core_prophet_frozen_s42,prophet,frozen,selected,42,11,2025-03-24 01:00:00,2025-03-29 22:00:00,142,97.15,True,True,185.46946023409757,-13.849341385369062,171.6201188487285,0,0,0.1
core_prophet_frozen_s42,prophet,frozen,selected,42,11,2025-03-24 01:00:00,2025-03-29 23:00:00,143,155.4,True,True,240.87128500126047,-13.849341385369062,227.02194361589142,0,0,0.1
core_prophet_frozen_s42,prophet,frozen,selected,42,11,2025-03-24 01:00:00,2025-03-30 00:00:00,144,257.0,True,True,338.7098684856993,-13.849341385369062,324.8605271003302,0,0,0.1
core_prophet_frozen_s42,prophet,frozen,selected,42,11,2025-03-24 01:00:00,2025-03-30 01:00:00,145,,False,False,,-13.849341385369062,,0,0,0.1
core_prophet_frozen_s42,prophet,frozen,selected,42,11,2025-03-24 01:00:00,2025-03-30 02:00:00,146,,False,False,,-13.849341385369062,,0,0,0.1
core_prophet_frozen_s42,prophet,frozen,selected,42,11,2025-03-24 01:00:00,2025-03-30 03:00:00,147,,False,False,,-13.849341385369062,,0,0,0.1
core_prophet_frozen_s42,prophet,frozen,selected,42,11,2025-03-24 01:00:00,2025-03-30 04:00:00,148,,False,False,,-13.849341385369062,,0,0,0.1
core_prophet_frozen_s42,prophet,frozen,selected,42,11,2025-03-24 01:00:00,2025-03-30 05:00:00,149,,False,False,,-13.849341385369062,,0,0,0.1
core_prophet_frozen_s42,prophet,frozen,selected,42,11,2025-03-24 01:00:00,2025-03-30 06:00:00,150,,False,False,,-13.849341385369062,,0,0,0.1
core_prophet_frozen_s42,prophet,frozen,selected,42,11,2025-03-24 01:00:00,2025-03-30 07:00:00,151,,False,False,,-13.849341385369062,,0,0,0.1
core_prophet_frozen_s42,prophet,frozen,selected,42,11,2025-03-24 01:00:00,2025-03-30 08:00:00,152,,False,False,,-13.849341385369062,,0,0,0.1
core_prophet_frozen_s42,prophet,frozen,selected,42,11,2025-03-24 01:00:00,2025-03-30 09:00:00,153,,False,False,,-13.849341385369062,,0,0,0.1
core_prophet_frozen_s42,prophet,frozen,selected,42,11,2025-03-24 01:00:00,2025-03-30 10:00:00,154,,False,False,,-13.849341385369062,,0,0,0.1
core_prophet_frozen_s42,prophet,frozen,selected,42,11,2025-03-24 01:00:00,2025-03-30 11:00:00,155,,False,False,,-13.849341385369062,,0,0,0.1
core_prophet_frozen_s42,prophet,frozen,selected,42,11,2025-03-24 01:00:00,2025-03-30 12:00:00,156,,False,False,,-13.849341385369062,,0,0,0.1
core_prophet_frozen_s42,prophet,frozen,selected,42,11,2025-03-24 01:00:00,2025-03-30 13:00:00,157,,False,False,,-13.849341385369062,,0,0,0.1
core_prophet_frozen_s42,prophet,frozen,selected,42,11,2025-03-24 01:00:00,2025-03-30 14:00:00,158,,False,False,,-13.849341385369062,,0,0,0.1
core_prophet_frozen_s42,prophet,frozen,selected,42,11,2025-03-24 01:00:00,2025-03-30 15:00:00,159,,False,False,,-13.849341385369062,,0,0,0.1
core_prophet_frozen_s42,prophet,frozen,selected,42,11,2025-03-24 01:00:00,2025-03-30 16:00:00,160,,False,False,,-13.849341385369062,,0,0,0.1
core_prophet_frozen_s42,prophet,frozen,selected,42,11,2025-03-24 01:00:00,2025-03-30 17:00:00,161,,False,False,,-13.849341385369062,,0,0,0.1
core_prophet_frozen_s42,prophet,frozen,selected,42,11,2025-03-24 01:00:00,2025-03-30 18:00:00,162,,False,False,,-13.849341385369062,,0,0,0.1
core_prophet_frozen_s42,prophet,frozen,selected,42,11,2025-03-24 01:00:00,2025-03-30 19:00:00,163,,False,False,,-13.849341385369062,,0,0,0.1
core_prophet_frozen_s42,prophet,frozen,selected,42,11,2025-03-24 01:00:00,2025-03-30 20:00:00,164,,False,False,,-13.849341385369062,,0,0,0.1
core_prophet_frozen_s42,prophet,frozen,selected,42,11,2025-03-24 01:00:00,2025-03-30 21:00:00,165,,False,False,,-13.849341385369062,,0,0,0.1
core_prophet_frozen_s42,prophet,frozen,selected,42,11,2025-03-24 01:00:00,2025-03-30 22:00:00,166,,False,False,,-13.849341385369062,,0,0,0.1
core_prophet_frozen_s42,prophet,frozen,selected,42,11,2025-03-24 01:00:00,2025-03-30 23:00:00,167,,False,False,,-13.849341385369062,,0,0,0.1
core_prophet_frozen_s42,prophet,frozen,selected,42,11,2025-03-24 01:00:00,2025-03-31 00:00:00,168,,False,False,,-13.849341385369062,,0,0,0.1
core_prophet_frozen_s42,prophet,frozen,selected,42,12,2025-03-31 01:00:00,2025-03-31 01:00:00,1,,False,False,,-16.311994809910626,,0,0,0.1
core_prophet_frozen_s42,prophet,frozen,selected,42,12,2025-03-31 01:00:00,2025-03-31 02:00:00,2,,False,False,,-16.311994809910626,,0,0,0.1
core_prophet_frozen_s42,prophet,frozen,selected,42,12,2025-03-31 01:00:00,2025-03-31 03:00:00,3,,False,False,,-16.311994809910626,,0,0,0.1
core_prophet_frozen_s42,prophet,frozen,selected,42,12,2025-03-31 01:00:00,2025-03-31 04:00:00,4,,False,False,,-16.311994809910626,,0,0,0.1
core_prophet_frozen_s42,prophet,frozen,selected,42,12,2025-03-31 01:00:00,2025-03-31 05:00:00,5,,False,False,,-16.311994809910626,,0,0,0.1
core_prophet_frozen_s42,prophet,frozen,selected,42,12,2025-03-31 01:00:00,2025-03-31 06:00:00,6,,False,False,,-16.311994809910626,,0,0,0.1
core_prophet_frozen_s42,prophet,frozen,selected,42,12,2025-03-31 01:00:00,2025-03-31 07:00:00,7,,False,False,,-16.311994809910626,,0,0,0.1
core_prophet_frozen_s42,prophet,frozen,selected,42,12,2025-03-31 01:00:00,2025-03-31 08:00:00,8,,False,False,,-16.311994809910626,,0,0,0.1
core_prophet_frozen_s42,prophet,frozen,selected,42,12,2025-03-31 01:00:00,2025-03-31 09:00:00,9,,False,False,,-16.311994809910626,,0,0,0.1
core_prophet_frozen_s42,prophet,frozen,selected,42,12,2025-03-31 01:00:00,2025-03-31 10:00:00,10,,False,False,,-16.311994809910626,,0,0,0.1
core_prophet_frozen_s42,prophet,frozen,selected,42,12,2025-03-31 01:00:00,2025-03-31 11:00:00,11,,False,False,,-16.311994809910626,,0,0,0.1
core_prophet_frozen_s42,prophet,frozen,selected,42,12,2025-03-31 01:00:00,2025-03-31 12:00:00,12,,False,False,,-16.311994809910626,,0,0,0.1
core_prophet_frozen_s42,prophet,frozen,selected,42,12,2025-03-31 01:00:00,2025-03-31 13:00:00,13,,False,False,,-16.311994809910626,,0,0,0.1
core_prophet_frozen_s42,prophet,frozen,selected,42,12,2025-03-31 01:00:00,2025-03-31 14:00:00,14,,False,False,,-16.311994809910626,,0,0,0.1
core_prophet_frozen_s42,prophet,frozen,selected,42,12,2025-03-31 01:00:00,2025-03-31 15:00:00,15,,False,False,,-16.311994809910626,,0,0,0.1
core_prophet_frozen_s42,prophet,frozen,selected,42,12,2025-03-31 01:00:00,2025-03-31 16:00:00,16,,False,False,,-16.311994809910626,,0,0,0.1
core_prophet_frozen_s42,prophet,frozen,selected,42,12,2025-03-31 01:00:00,2025-03-31 17:00:00,17,,False,False,,-16.311994809910626,,0,0,0.1
core_prophet_frozen_s42,prophet,frozen,selected,42,12,2025-03-31 01:00:00,2025-03-31 18:00:00,18,,False,False,,-16.311994809910626,,0,0,0.1
core_prophet_frozen_s42,prophet,frozen,selected,42,12,2025-03-31 01:00:00,2025-03-31 19:00:00,19,,False,False,,-16.311994809910626,,0,0,0.1
core_prophet_frozen_s42,prophet,frozen,selected,42,12,2025-03-31 01:00:00,2025-03-31 20:00:00,20,,False,False,,-16.311994809910626,,0,0,0.1
core_prophet_frozen_s42,prophet,frozen,selected,42,12,2025-03-31 01:00:00,2025-03-31 21:00:00,21,,False,False,,-16.311994809910626,,0,0,0.1
core_prophet_frozen_s42,prophet,frozen,selected,42,12,2025-03-31 01:00:00,2025-03-31 22:00:00,22,,False,False,,-16.311994809910626,,0,0,0.1
core_prophet_frozen_s42,prophet,frozen,selected,42,12,2025-03-31 01:00:00,2025-03-31 23:00:00,23,,False,False,,-16.311994809910626,,0,0,0.1
core_prophet_frozen_s42,prophet,frozen,selected,42,12,2025-03-31 01:00:00,2025-04-01 00:00:00,24,,False,False,,-16.311994809910626,,0,0,0.1
core_prophet_frozen_s42,prophet,frozen,selected,42,12,2025-03-31 01:00:00,2025-04-01 01:00:00,25,,False,False,,-16.311994809910626,,0,0,0.1
core_prophet_frozen_s42,prophet,frozen,selected,42,12,2025-03-31 01:00:00,2025-04-01 02:00:00,26,,False,False,,-16.311994809910626,,0,0,0.1
core_prophet_frozen_s42,prophet,frozen,selected,42,12,2025-03-31 01:00:00,2025-04-01 03:00:00,27,,False,False,,-16.311994809910626,,0,0,0.1
core_prophet_frozen_s42,prophet,frozen,selected,42,12,2025-03-31 01:00:00,2025-04-01 04:00:00,28,,False,False,,-16.311994809910626,,0,0,0.1
core_prophet_frozen_s42,prophet,frozen,selected,42,12,2025-03-31 01:00:00,2025-04-01 05:00:00,29,,False,False,,-16.311994809910626,,0,0,0.1
core_prophet_frozen_s42,prophet,frozen,selected,42,12,2025-03-31 01:00:00,2025-04-01 06:00:00,30,,False,False,,-16.311994809910626,,0,0,0.1
core_prophet_frozen_s42,prophet,frozen,selected,42,12,2025-03-31 01:00:00,2025-04-01 07:00:00,31,,False,False,,-16.311994809910626,,0,0,0.1
core_prophet_frozen_s42,prophet,frozen,selected,42,12,2025-03-31 01:00:00,2025-04-01 08:00:00,32,,False,False,,-16.311994809910626,,0,0,0.1
core_prophet_frozen_s42,prophet,frozen,selected,42,12,2025-03-31 01:00:00,2025-04-01 09:00:00,33,,False,False,,-16.311994809910626,,0,0,0.1
core_prophet_frozen_s42,prophet,frozen,selected,42,12,2025-03-31 01:00:00,2025-04-01 10:00:00,34,,False,False,,-16.311994809910626,,0,0,0.1
core_prophet_frozen_s42,prophet,frozen,selected,42,12,2025-03-31 01:00:00,2025-04-01 11:00:00,35,,False,False,,-16.311994809910626,,0,0,0.1
core_prophet_frozen_s42,prophet,frozen,selected,42,12,2025-03-31 01:00:00,2025-04-01 12:00:00,36,,False,False,,-16.311994809910626,,0,0,0.1
core_prophet_frozen_s42,prophet,frozen,selected,42,12,2025-03-31 01:00:00,2025-04-01 13:00:00,37,,False,False,,-16.311994809910626,,0,0,0.1
core_prophet_frozen_s42,prophet,frozen,selected,42,12,2025-03-31 01:00:00,2025-04-01 14:00:00,38,,False,False,,-16.311994809910626,,0,0,0.1
core_prophet_frozen_s42,prophet,frozen,selected,42,12,2025-03-31 01:00:00,2025-04-01 15:00:00,39,,False,False,,-16.311994809910626,,0,0,0.1
core_prophet_frozen_s42,prophet,frozen,selected,42,12,2025-03-31 01:00:00,2025-04-01 16:00:00,40,,False,False,,-16.311994809910626,,0,0,0.1
core_prophet_frozen_s42,prophet,frozen,selected,42,12,2025-03-31 01:00:00,2025-04-01 17:00:00,41,,False,False,,-16.311994809910626,,0,0,0.1
core_prophet_frozen_s42,prophet,frozen,selected,42,12,2025-03-31 01:00:00,2025-04-01 18:00:00,42,,False,False,,-16.311994809910626,,0,0,0.1
core_prophet_frozen_s42,prophet,frozen,selected,42,12,2025-03-31 01:00:00,2025-04-01 19:00:00,43,,False,False,,-16.311994809910626,,0,0,0.1
core_prophet_frozen_s42,prophet,frozen,selected,42,12,2025-03-31 01:00:00,2025-04-01 20:00:00,44,,False,False,,-16.311994809910626,,0,0,0.1
core_prophet_frozen_s42,prophet,frozen,selected,42,12,2025-03-31 01:00:00,2025-04-01 21:00:00,45,,False,False,,-16.311994809910626,,0,0,0.1
core_prophet_frozen_s42,prophet,frozen,selected,42,12,2025-03-31 01:00:00,2025-04-01 22:00:00,46,,False,False,,-16.311994809910626,,0,0,0.1
core_prophet_frozen_s42,prophet,frozen,selected,42,12,2025-03-31 01:00:00,2025-04-01 23:00:00,47,,False,False,,-16.311994809910626,,0,0,0.1
core_prophet_frozen_s42,prophet,frozen,selected,42,12,2025-03-31 01:00:00,2025-04-02 00:00:00,48,,False,False,,-16.311994809910626,,0,0,0.1
core_prophet_frozen_s42,prophet,frozen,selected,42,12,2025-03-31 01:00:00,2025-04-02 01:00:00,49,,False,False,,-16.311994809910626,,0,0,0.1
core_prophet_frozen_s42,prophet,frozen,selected,42,12,2025-03-31 01:00:00,2025-04-02 02:00:00,50,,False,False,,-16.311994809910626,,0,0,0.1
core_prophet_frozen_s42,prophet,frozen,selected,42,12,2025-03-31 01:00:00,2025-04-02 03:00:00,51,,False,False,,-16.311994809910626,,0,0,0.1
core_prophet_frozen_s42,prophet,frozen,selected,42,12,2025-03-31 01:00:00,2025-04-02 04:00:00,52,,False,False,,-16.311994809910626,,0,0,0.1
core_prophet_frozen_s42,prophet,frozen,selected,42,12,2025-03-31 01:00:00,2025-04-02 05:00:00,53,,False,False,,-16.311994809910626,,0,0,0.1
core_prophet_frozen_s42,prophet,frozen,selected,42,12,2025-03-31 01:00:00,2025-04-02 06:00:00,54,,False,False,,-16.311994809910626,,0,0,0.1
core_prophet_frozen_s42,prophet,frozen,selected,42,12,2025-03-31 01:00:00,2025-04-02 07:00:00,55,,False,False,,-16.311994809910626,,0,0,0.1
core_prophet_frozen_s42,prophet,frozen,selected,42,12,2025-03-31 01:00:00,2025-04-02 08:00:00,56,,False,False,,-16.311994809910626,,0,0,0.1
core_prophet_frozen_s42,prophet,frozen,selected,42,12,2025-03-31 01:00:00,2025-04-02 09:00:00,57,,False,False,,-16.311994809910626,,0,0,0.1
core_prophet_frozen_s42,prophet,frozen,selected,42,12,2025-03-31 01:00:00,2025-04-02 10:00:00,58,,False,False,,-16.311994809910626,,0,0,0.1
core_prophet_frozen_s42,prophet,frozen,selected,42,12,2025-03-31 01:00:00,2025-04-02 11:00:00,59,,False,False,,-16.311994809910626,,0,0,0.1
core_prophet_frozen_s42,prophet,frozen,selected,42,12,2025-03-31 01:00:00,2025-04-02 12:00:00,60,,False,False,,-16.311994809910626,,0,0,0.1
core_prophet_frozen_s42,prophet,frozen,selected,42,12,2025-03-31 01:00:00,2025-04-02 13:00:00,61,,False,False,,-16.311994809910626,,0,0,0.1
core_prophet_frozen_s42,prophet,frozen,selected,42,12,2025-03-31 01:00:00,2025-04-02 14:00:00,62,,False,False,,-16.311994809910626,,0,0,0.1
core_prophet_frozen_s42,prophet,frozen,selected,42,12,2025-03-31 01:00:00,2025-04-02 15:00:00,63,,False,False,,-16.311994809910626,,0,0,0.1
core_prophet_frozen_s42,prophet,frozen,selected,42,12,2025-03-31 01:00:00,2025-04-02 16:00:00,64,,False,False,,-16.311994809910626,,0,0,0.1
core_prophet_frozen_s42,prophet,frozen,selected,42,12,2025-03-31 01:00:00,2025-04-02 17:00:00,65,,False,False,,-16.311994809910626,,0,0,0.1
core_prophet_frozen_s42,prophet,frozen,selected,42,12,2025-03-31 01:00:00,2025-04-02 18:00:00,66,,False,False,,-16.311994809910626,,0,0,0.1
core_prophet_frozen_s42,prophet,frozen,selected,42,12,2025-03-31 01:00:00,2025-04-02 19:00:00,67,,False,False,,-16.311994809910626,,0,0,0.1
core_prophet_frozen_s42,prophet,frozen,selected,42,12,2025-03-31 01:00:00,2025-04-02 20:00:00,68,,False,False,,-16.311994809910626,,0,0,0.1
core_prophet_frozen_s42,prophet,frozen,selected,42,12,2025-03-31 01:00:00,2025-04-02 21:00:00,69,,False,False,,-16.311994809910626,,0,0,0.1
core_prophet_frozen_s42,prophet,frozen,selected,42,12,2025-03-31 01:00:00,2025-04-02 22:00:00,70,,False,False,,-16.311994809910626,,0,0,0.1
core_prophet_frozen_s42,prophet,frozen,selected,42,12,2025-03-31 01:00:00,2025-04-02 23:00:00,71,,False,False,,-16.311994809910626,,0,0,0.1
core_prophet_frozen_s42,prophet,frozen,selected,42,12,2025-03-31 01:00:00,2025-04-03 00:00:00,72,,False,False,,-16.311994809910626,,0,0,0.1
core_prophet_frozen_s42,prophet,frozen,selected,42,12,2025-03-31 01:00:00,2025-04-03 01:00:00,73,,False,False,,-16.311994809910626,,0,0,0.1
core_prophet_frozen_s42,prophet,frozen,selected,42,12,2025-03-31 01:00:00,2025-04-03 02:00:00,74,,False,False,,-16.311994809910626,,0,0,0.1
core_prophet_frozen_s42,prophet,frozen,selected,42,12,2025-03-31 01:00:00,2025-04-03 03:00:00,75,,False,False,,-16.311994809910626,,0,0,0.1
core_prophet_frozen_s42,prophet,frozen,selected,42,12,2025-03-31 01:00:00,2025-04-03 04:00:00,76,,False,False,,-16.311994809910626,,0,0,0.1
core_prophet_frozen_s42,prophet,frozen,selected,42,12,2025-03-31 01:00:00,2025-04-03 05:00:00,77,,False,False,,-16.311994809910626,,0,0,0.1
core_prophet_frozen_s42,prophet,frozen,selected,42,12,2025-03-31 01:00:00,2025-04-03 06:00:00,78,,False,False,,-16.311994809910626,,0,0,0.1
core_prophet_frozen_s42,prophet,frozen,selected,42,12,2025-03-31 01:00:00,2025-04-03 07:00:00,79,,False,False,,-16.311994809910626,,0,0,0.1
core_prophet_frozen_s42,prophet,frozen,selected,42,12,2025-03-31 01:00:00,2025-04-03 08:00:00,80,,False,False,,-16.311994809910626,,0,0,0.1
core_prophet_frozen_s42,prophet,frozen,selected,42,12,2025-03-31 01:00:00,2025-04-03 09:00:00,81,,False,False,,-16.311994809910626,,0,0,0.1
core_prophet_frozen_s42,prophet,frozen,selected,42,12,2025-03-31 01:00:00,2025-04-03 10:00:00,82,,False,False,,-16.311994809910626,,0,0,0.1
core_prophet_frozen_s42,prophet,frozen,selected,42,12,2025-03-31 01:00:00,2025-04-03 11:00:00,83,,False,False,,-16.311994809910626,,0,0,0.1
core_prophet_frozen_s42,prophet,frozen,selected,42,12,2025-03-31 01:00:00,2025-04-03 12:00:00,84,,False,False,,-16.311994809910626,,0,0,0.1
core_prophet_frozen_s42,prophet,frozen,selected,42,12,2025-03-31 01:00:00,2025-04-03 13:00:00,85,,False,False,,-16.311994809910626,,0,0,0.1
core_prophet_frozen_s42,prophet,frozen,selected,42,12,2025-03-31 01:00:00,2025-04-03 14:00:00,86,,False,False,,-16.311994809910626,,0,0,0.1
core_prophet_frozen_s42,prophet,frozen,selected,42,12,2025-03-31 01:00:00,2025-04-03 15:00:00,87,,False,False,,-16.311994809910626,,0,0,0.1
core_prophet_frozen_s42,prophet,frozen,selected,42,12,2025-03-31 01:00:00,2025-04-03 16:00:00,88,,False,False,,-16.311994809910626,,0,0,0.1
core_prophet_frozen_s42,prophet,frozen,selected,42,12,2025-03-31 01:00:00,2025-04-03 17:00:00,89,,False,False,,-16.311994809910626,,0,0,0.1
core_prophet_frozen_s42,prophet,frozen,selected,42,12,2025-03-31 01:00:00,2025-04-03 18:00:00,90,,False,False,,-16.311994809910626,,0,0,0.1
core_prophet_frozen_s42,prophet,frozen,selected,42,12,2025-03-31 01:00:00,2025-04-03 19:00:00,91,,False,False,,-16.311994809910626,,0,0,0.1
core_prophet_frozen_s42,prophet,frozen,selected,42,12,2025-03-31 01:00:00,2025-04-03 20:00:00,92,,False,False,,-16.311994809910626,,0,0,0.1
core_prophet_frozen_s42,prophet,frozen,selected,42,12,2025-03-31 01:00:00,2025-04-03 21:00:00,93,,False,False,,-16.311994809910626,,0,0,0.1
core_prophet_frozen_s42,prophet,frozen,selected,42,12,2025-03-31 01:00:00,2025-04-03 22:00:00,94,,False,False,,-16.311994809910626,,0,0,0.1
core_prophet_frozen_s42,prophet,frozen,selected,42,12,2025-03-31 01:00:00,2025-04-03 23:00:00,95,,False,False,,-16.311994809910626,,0,0,0.1
core_prophet_frozen_s42,prophet,frozen,selected,42,12,2025-03-31 01:00:00,2025-04-04 00:00:00,96,,False,False,,-16.311994809910626,,0,0,0.1
core_prophet_frozen_s42,prophet,frozen,selected,42,12,2025-03-31 01:00:00,2025-04-04 01:00:00,97,67.51,True,True,119.30910637532044,-16.311994809910626,102.99711156540981,0,0,0.1
core_prophet_frozen_s42,prophet,frozen,selected,42,12,2025-03-31 01:00:00,2025-04-04 02:00:00,98,65.69,True,True,112.78511097477788,-16.311994809910626,96.47311616486725,0,0,0.1
core_prophet_frozen_s42,prophet,frozen,selected,42,12,2025-03-31 01:00:00,2025-04-04 03:00:00,99,36.14,True,True,77.47689819548836,-16.311994809910626,61.16490338557773,0,0,0.1
core_prophet_frozen_s42,prophet,frozen,selected,42,12,2025-03-31 01:00:00,2025-04-04 04:00:00,100,12.07,True,True,45.38914528686843,-16.311994809910626,29.0771504769578,0,0,0.1
core_prophet_frozen_s42,prophet,frozen,selected,42,12,2025-03-31 01:00:00,2025-04-04 05:00:00,101,10.26,True,True,48.92135355567311,-16.311994809910626,32.60935874576248,0,0,0.1
core_prophet_frozen_s42,prophet,frozen,selected,42,12,2025-03-31 01:00:00,2025-04-04 06:00:00,102,9.24,True,True,49.34999561409228,-16.311994809910626,33.03800080418165,0,0,0.1
core_prophet_frozen_s42,prophet,frozen,selected,42,12,2025-03-31 01:00:00,2025-04-04 07:00:00,103,7.88,True,True,42.77753718397364,-16.311994809910626,26.465542374063016,0,0,0.1
core_prophet_frozen_s42,prophet,frozen,selected,42,12,2025-03-31 01:00:00,2025-04-04 08:00:00,104,6.94,True,True,30.32257991906661,-16.311994809910626,14.010585109155983,0,0,0.1
core_prophet_frozen_s42,prophet,frozen,selected,42,12,2025-03-31 01:00:00,2025-04-04 09:00:00,105,6.22,True,True,16.004897166160134,-16.311994809910626,-0.30709764375049176,0,0,0.1
core_prophet_frozen_s42,prophet,frozen,selected,42,12,2025-03-31 01:00:00,2025-04-04 10:00:00,106,21.1,True,True,57.87008882209005,-16.311994809910626,41.558094012179424,0,0,0.1
core_prophet_frozen_s42,prophet,frozen,selected,42,12,2025-03-31 01:00:00,2025-04-04 11:00:00,107,64.27,True,True,140.9963872825436,-16.311994809910626,124.68439247263296,0,0,0.1
core_prophet_frozen_s42,prophet,frozen,selected,42,12,2025-03-31 01:00:00,2025-04-04 12:00:00,108,121.16,True,True,203.55882974882985,-16.311994809910626,187.24683493891922,0,0,0.1
core_prophet_frozen_s42,prophet,frozen,selected,42,12,2025-03-31 01:00:00,2025-04-04 13:00:00,109,182.14,True,True,268.1511070305222,-16.311994809910626,251.83911222061158,0,0,0.1
core_prophet_frozen_s42,prophet,frozen,selected,42,12,2025-03-31 01:00:00,2025-04-04 14:00:00,110,246.53,True,True,334.0078124570132,-16.311994809910626,317.69581764710256,0,0,0.1
core_prophet_frozen_s42,prophet,frozen,selected,42,12,2025-03-31 01:00:00,2025-04-04 15:00:00,111,298.38,True,True,393.6009371974395,-16.311994809910626,377.2889423875289,0,0,0.1
core_prophet_frozen_s42,prophet,frozen,selected,42,12,2025-03-31 01:00:00,2025-04-04 16:00:00,112,311.37,True,True,415.4780933861341,-16.311994809910626,399.1660985762235,0,0,0.1
core_prophet_frozen_s42,prophet,frozen,selected,42,12,2025-03-31 01:00:00,2025-04-04 17:00:00,113,272.47,True,True,388.489313670922,-16.311994809910626,372.1773188610114,0,0,0.1
core_prophet_frozen_s42,prophet,frozen,selected,42,12,2025-03-31 01:00:00,2025-04-04 18:00:00,114,208.71,True,True,331.1831900543515,-16.311994809910626,314.87119524444086,0,0,0.1
core_prophet_frozen_s42,prophet,frozen,selected,42,12,2025-03-31 01:00:00,2025-04-04 19:00:00,115,141.98,True,True,263.8835022937634,-16.311994809910626,247.57150748385277,0,0,0.1
core_prophet_frozen_s42,prophet,frozen,selected,42,12,2025-03-31 01:00:00,2025-04-04 20:00:00,116,103.89,True,True,216.84553358940747,-16.311994809910626,200.53353877949684,0,0,0.1
core_prophet_frozen_s42,prophet,frozen,selected,42,12,2025-03-31 01:00:00,2025-04-04 21:00:00,117,91.39,True,True,196.1783602057093,-16.311994809910626,179.86636539579868,0,0,0.1
core_prophet_frozen_s42,prophet,frozen,selected,42,12,2025-03-31 01:00:00,2025-04-04 22:00:00,118,97.15,True,True,194.08148947192217,-16.311994809910626,177.76949466201154,0,0,0.1
core_prophet_frozen_s42,prophet,frozen,selected,42,12,2025-03-31 01:00:00,2025-04-04 23:00:00,119,155.4,True,True,250.0728253144236,-16.311994809910626,233.76083050451297,0,0,0.1
core_prophet_frozen_s42,prophet,frozen,selected,42,12,2025-03-31 01:00:00,2025-04-05 00:00:00,120,257.0,True,True,348.4831118280846,-16.311994809910626,332.17111701817396,0,0,0.1
core_prophet_frozen_s42,prophet,frozen,selected,42,12,2025-03-31 01:00:00,2025-04-05 01:00:00,121,,False,False,,-16.311994809910626,,0,0,0.1
core_prophet_frozen_s42,prophet,frozen,selected,42,12,2025-03-31 01:00:00,2025-04-05 02:00:00,122,,False,False,,-16.311994809910626,,0,0,0.1
core_prophet_frozen_s42,prophet,frozen,selected,42,12,2025-03-31 01:00:00,2025-04-05 03:00:00,123,,False,False,,-16.311994809910626,,0,0,0.1
core_prophet_frozen_s42,prophet,frozen,selected,42,12,2025-03-31 01:00:00,2025-04-05 04:00:00,124,,False,False,,-16.311994809910626,,0,0,0.1
core_prophet_frozen_s42,prophet,frozen,selected,42,12,2025-03-31 01:00:00,2025-04-05 05:00:00,125,,False,False,,-16.311994809910626,,0,0,0.1
core_prophet_frozen_s42,prophet,frozen,selected,42,12,2025-03-31 01:00:00,2025-04-05 06:00:00,126,,False,False,,-16.311994809910626,,0,0,0.1
core_prophet_frozen_s42,prophet,frozen,selected,42,12,2025-03-31 01:00:00,2025-04-05 07:00:00,127,,False,False,,-16.311994809910626,,0,0,0.1
core_prophet_frozen_s42,prophet,frozen,selected,42,12,2025-03-31 01:00:00,2025-04-05 08:00:00,128,,False,False,,-16.311994809910626,,0,0,0.1
core_prophet_frozen_s42,prophet,frozen,selected,42,12,2025-03-31 01:00:00,2025-04-05 09:00:00,129,,False,False,,-16.311994809910626,,0,0,0.1
core_prophet_frozen_s42,prophet,frozen,selected,42,12,2025-03-31 01:00:00,2025-04-05 10:00:00,130,,False,False,,-16.311994809910626,,0,0,0.1
core_prophet_frozen_s42,prophet,frozen,selected,42,12,2025-03-31 01:00:00,2025-04-05 11:00:00,131,,False,False,,-16.311994809910626,,0,0,0.1
core_prophet_frozen_s42,prophet,frozen,selected,42,12,2025-03-31 01:00:00,2025-04-05 12:00:00,132,,False,False,,-16.311994809910626,,0,0,0.1
core_prophet_frozen_s42,prophet,frozen,selected,42,12,2025-03-31 01:00:00,2025-04-05 13:00:00,133,,False,False,,-16.311994809910626,,0,0,0.1
core_prophet_frozen_s42,prophet,frozen,selected,42,12,2025-03-31 01:00:00,2025-04-05 14:00:00,134,,False,False,,-16.311994809910626,,0,0,0.1
core_prophet_frozen_s42,prophet,frozen,selected,42,12,2025-03-31 01:00:00,2025-04-05 15:00:00,135,,False,False,,-16.311994809910626,,0,0,0.1
core_prophet_frozen_s42,prophet,frozen,selected,42,12,2025-03-31 01:00:00,2025-04-05 16:00:00,136,,False,False,,-16.311994809910626,,0,0,0.1
core_prophet_frozen_s42,prophet,frozen,selected,42,12,2025-03-31 01:00:00,2025-04-05 17:00:00,137,,False,False,,-16.311994809910626,,0,0,0.1
core_prophet_frozen_s42,prophet,frozen,selected,42,12,2025-03-31 01:00:00,2025-04-05 18:00:00,138,,False,False,,-16.311994809910626,,0,0,0.1
core_prophet_frozen_s42,prophet,frozen,selected,42,12,2025-03-31 01:00:00,2025-04-05 19:00:00,139,,False,False,,-16.311994809910626,,0,0,0.1
core_prophet_frozen_s42,prophet,frozen,selected,42,12,2025-03-31 01:00:00,2025-04-05 20:00:00,140,,False,False,,-16.311994809910626,,0,0,0.1
core_prophet_frozen_s42,prophet,frozen,selected,42,12,2025-03-31 01:00:00,2025-04-05 21:00:00,141,,False,False,,-16.311994809910626,,0,0,0.1
core_prophet_frozen_s42,prophet,frozen,selected,42,12,2025-03-31 01:00:00,2025-04-05 22:00:00,142,,False,False,,-16.311994809910626,,0,0,0.1
core_prophet_frozen_s42,prophet,frozen,selected,42,12,2025-03-31 01:00:00,2025-04-05 23:00:00,143,,False,False,,-16.311994809910626,,0,0,0.1
core_prophet_frozen_s42,prophet,frozen,selected,42,12,2025-03-31 01:00:00,2025-04-06 00:00:00,144,,False,False,,-16.311994809910626,,0,0,0.1
core_prophet_frozen_s42,prophet,frozen,selected,42,12,2025-03-31 01:00:00,2025-04-06 01:00:00,145,31.57,True,True,39.50154612453784,-16.311994809910626,23.189551314627213,0,0,0.1
core_prophet_frozen_s42,prophet,frozen,selected,42,12,2025-03-31 01:00:00,2025-04-06 02:00:00,146,33.66,True,True,40.81729872828197,-16.311994809910626,24.505303918371343,0,0,0.1
core_prophet_frozen_s42,prophet,frozen,selected,42,12,2025-03-31 01:00:00,2025-04-06 03:00:00,147,37.4,True,True,48.27000680836798,-16.311994809910626,31.958011998457355,0,0,0.1
core_prophet_frozen_s42,prophet,frozen,selected,42,12,2025-03-31 01:00:00,2025-04-06 04:00:00,148,41.7,True,True,53.13281544257589,-16.311994809910626,36.82082063266526,0,0,0.1
core_prophet_frozen_s42,prophet,frozen,selected,42,12,2025-03-31 01:00:00,2025-04-06 05:00:00,149,47.06,True,True,56.89117520862189,-16.311994809910626,40.57918039871126,0,0,0.1
core_prophet_frozen_s42,prophet,frozen,selected,42,12,2025-03-31 01:00:00,2025-04-06 06:00:00,150,53.58,True,True,55.33848755630427,-16.311994809910626,39.02649274639364,0,0,0.1
core_prophet_frozen_s42,prophet,frozen,selected,42,12,2025-03-31 01:00:00,2025-04-06 07:00:00,151,57.5,True,True,44.91039473962988,-16.311994809910626,28.598399929719253,0,0,0.1
core_prophet_frozen_s42,prophet,frozen,selected,42,12,2025-03-31 01:00:00,2025-04-06 08:00:00,152,60.15,True,True,27.96020058475932,-16.311994809910626,11.648205774848694,0,0,0.1
core_prophet_frozen_s42,prophet,frozen,selected,42,12,2025-03-31 01:00:00,2025-04-06 09:00:00,153,62.03,True,True,9.596685533049085,-16.311994809910626,-6.715309276861541,0,0,0.1
core_prophet_frozen_s42,prophet,frozen,selected,42,12,2025-03-31 01:00:00,2025-04-06 10:00:00,154,64.11,True,True,-2.283433539013714,-16.311994809910626,-18.59542834892434,0,0,0.1
core_prophet_frozen_s42,prophet,frozen,selected,42,12,2025-03-31 01:00:00,2025-04-06 11:00:00,155,67.99,True,True,-5.8132451000765,-16.311994809910626,-22.125239909987126,0,0,0.1
core_prophet_frozen_s42,prophet,frozen,selected,42,12,2025-03-31 01:00:00,2025-04-06 12:00:00,156,73.24,True,True,-2.9791771075793747,-16.311994809910626,-19.29117191749,0,0,0.1
core_prophet_frozen_s42,prophet,frozen,selected,42,12,2025-03-31 01:00:00,2025-04-06 13:00:00,157,78.02,True,True,5.988805418183091,-16.311994809910626,-10.323189391727535,0,0,0.1
core_prophet_frozen_s42,prophet,frozen,selected,42,12,2025-03-31 01:00:00,2025-04-06 14:00:00,158,83.82,True,True,19.833708189163985,-16.311994809910626,3.5217133792533595,0,0,0.1
core_prophet_frozen_s42,prophet,frozen,selected,42,12,2025-03-31 01:00:00,2025-04-06 15:00:00,159,88.63,True,True,33.911458717286905,-16.311994809910626,17.59946390737628,0,0,0.1
core_prophet_frozen_s42,prophet,frozen,selected,42,12,2025-03-31 01:00:00,2025-04-06 16:00:00,160,90.09,True,True,42.07689879201203,-16.311994809910626,25.764903982101405,0,0,0.1
core_prophet_frozen_s42,prophet,frozen,selected,42,12,2025-03-31 01:00:00,2025-04-06 17:00:00,161,92.26,True,True,52.30050849187583,-16.311994809910626,35.9885136819652,0,0,0.1
core_prophet_frozen_s42,prophet,frozen,selected,42,12,2025-03-31 01:00:00,2025-04-06 18:00:00,162,94.44,True,True,63.40414698490122,-16.311994809910626,47.09215217499059,0,0,0.1
core_prophet_frozen_s42,prophet,frozen,selected,42,12,2025-03-31 01:00:00,2025-04-06 19:00:00,163,95.51,True,True,75.34501444298982,-16.311994809910626,59.03301963307919,0,0,0.1
core_prophet_frozen_s42,prophet,frozen,selected,42,12,2025-03-31 01:00:00,2025-04-06 20:00:00,164,97.43,True,True,87.8273487659495,-16.311994809910626,71.51535395603887,0,0,0.1
core_prophet_frozen_s42,prophet,frozen,selected,42,12,2025-03-31 01:00:00,2025-04-06 21:00:00,165,99.46,True,True,98.29912093560743,-16.311994809910626,81.9871261256968,0,0,0.1
core_prophet_frozen_s42,prophet,frozen,selected,42,12,2025-03-31 01:00:00,2025-04-06 22:00:00,166,100.53,True,True,104.5877658960478,-16.311994809910626,88.27577108613717,0,0,0.1
core_prophet_frozen_s42,prophet,frozen,selected,42,12,2025-03-31 01:00:00,2025-04-06 23:00:00,167,101.69,True,True,103.87271595004331,-16.311994809910626,87.56072114013269,0,0,0.1
core_prophet_frozen_s42,prophet,frozen,selected,42,12,2025-03-31 01:00:00,2025-04-07 00:00:00,168,103.32,True,True,93.12464972242248,-16.311994809910626,76.81265491251185,0,0,0.1
core_prophet_frozen_s42,prophet,frozen,selected,42,13,2025-04-07 01:00:00,2025-04-07 01:00:00,1,104.5,True,True,81.76683722849191,-17.05798721206648,64.70885001642543,0,0,0.1
core_prophet_frozen_s42,prophet,frozen,selected,42,13,2025-04-07 01:00:00,2025-04-07 02:00:00,2,104.36,True,True,75.96166881788062,-17.05798721206648,58.90368160581414,0,0,0.1
core_prophet_frozen_s42,prophet,frozen,selected,42,13,2025-04-07 01:00:00,2025-04-07 03:00:00,3,105.74,True,True,75.96808265011455,-17.05798721206648,58.910095438048074,0,0,0.1
core_prophet_frozen_s42,prophet,frozen,selected,42,13,2025-04-07 01:00:00,2025-04-07 04:00:00,4,111.78,True,True,73.39390069305415,-17.05798721206648,56.33591348098767,0,0,0.1
core_prophet_frozen_s42,prophet,frozen,selected,42,13,2025-04-07 01:00:00,2025-04-07 05:00:00,5,110.17,True,True,70.31126280746707,-17.05798721206648,53.253275595400595,0,0,0.1
core_prophet_frozen_s42,prophet,frozen,selected,42,13,2025-04-07 01:00:00,2025-04-07 06:00:00,6,99.21,True,True,66.39522982231622,-17.05798721206648,49.337242610249746,0,0,0.1
core_prophet_frozen_s42,prophet,frozen,selected,42,13,2025-04-07 01:00:00,2025-04-07 07:00:00,7,77.12,True,True,53.938529876827744,-17.05798721206648,36.880542664761265,0,0,0.1
core_prophet_frozen_s42,prophet,frozen,selected,42,13,2025-04-07 01:00:00,2025-04-07 08:00:00,8,52.05,True,True,33.199886656236544,-17.05798721206648,16.141899444170065,0,0,0.1
core_prophet_frozen_s42,prophet,frozen,selected,42,13,2025-04-07 01:00:00,2025-04-07 09:00:00,9,30.51,True,True,9.11598858750574,-17.05798721206648,-7.941998624560739,0,0,0.1
core_prophet_frozen_s42,prophet,frozen,selected,42,13,2025-04-07 01:00:00,2025-04-07 10:00:00,10,19.27,True,True,-10.00788065514081,-17.05798721206648,-27.065867867207288,0,0,0.1
core_prophet_frozen_s42,prophet,frozen,selected,42,13,2025-04-07 01:00:00,2025-04-07 11:00:00,11,13.84,True,True,-19.670514587604487,-17.05798721206648,-36.728501799670966,0,0,0.1
core_prophet_frozen_s42,prophet,frozen,selected,42,13,2025-04-07 01:00:00,2025-04-07 12:00:00,12,11.05,True,True,-20.674705342654192,-17.05798721206648,-37.73269255472067,0,0,0.1
core_prophet_frozen_s42,prophet,frozen,selected,42,13,2025-04-07 01:00:00,2025-04-07 13:00:00,13,9.87,True,True,-13.772634242726667,-17.05798721206648,-30.830621454793146,0,0,0.1
core_prophet_frozen_s42,prophet,frozen,selected,42,13,2025-04-07 01:00:00,2025-04-07 14:00:00,14,9.97,True,True,-1.343732958355332,-17.05798721206648,-18.40172017042181,0,0,0.1
core_prophet_frozen_s42,prophet,frozen,selected,42,13,2025-04-07 01:00:00,2025-04-07 15:00:00,15,10.6,True,True,11.238918094000296,-17.05798721206648,-5.819069118066183,0,0,0.1
core_prophet_frozen_s42,prophet,frozen,selected,42,13,2025-04-07 01:00:00,2025-04-07 16:00:00,16,11.1,True,True,19.058685363038904,-17.05798721206648,2.0006981509724255,0,0,0.1
core_prophet_frozen_s42,prophet,frozen,selected,42,13,2025-04-07 01:00:00,2025-04-07 17:00:00,17,11.37,True,True,25.55856795763165,-17.05798721206648,8.50058074556517,0,0,0.1
core_prophet_frozen_s42,prophet,frozen,selected,42,13,2025-04-07 01:00:00,2025-04-07 18:00:00,18,11.68,True,True,31.89948283834485,-17.05798721206648,14.84149562627837,0,0,0.1
core_prophet_frozen_s42,prophet,frozen,selected,42,13,2025-04-07 01:00:00,2025-04-07 19:00:00,19,12.34,True,True,38.74038317647936,-17.05798721206648,21.682395964412883,0,0,0.1
core_prophet_frozen_s42,prophet,frozen,selected,42,13,2025-04-07 01:00:00,2025-04-07 20:00:00,20,13.63,True,True,46.517687822987966,-17.05798721206648,29.459700610921487,0,0,0.1
core_prophet_frozen_s42,prophet,frozen,selected,42,13,2025-04-07 01:00:00,2025-04-07 21:00:00,21,15.21,True,True,52.59023674061004,-17.05798721206648,35.53224952854356,0,0,0.1
core_prophet_frozen_s42,prophet,frozen,selected,42,13,2025-04-07 01:00:00,2025-04-07 22:00:00,22,16.57,True,True,54.53617573196607,-17.05798721206648,37.47818851989959,0,0,0.1
core_prophet_frozen_s42,prophet,frozen,selected,42,13,2025-04-07 01:00:00,2025-04-07 23:00:00,23,17.96,True,True,54.96681374693259,-17.05798721206648,37.90882653486611,0,0,0.1
core_prophet_frozen_s42,prophet,frozen,selected,42,13,2025-04-07 01:00:00,2025-04-08 00:00:00,24,19.21,True,True,47.66928142922694,-17.05798721206648,30.611294217160463,0,0,0.1
core_prophet_frozen_s42,prophet,frozen,selected,42,13,2025-04-07 01:00:00,2025-04-08 01:00:00,25,19.91,True,True,40.57815683166774,-17.05798721206648,23.520169619601262,0,0,0.1
core_prophet_frozen_s42,prophet,frozen,selected,42,13,2025-04-07 01:00:00,2025-04-08 02:00:00,26,19.99,True,True,38.770343665520585,-17.05798721206648,21.712356453454106,0,0,0.1
core_prophet_frozen_s42,prophet,frozen,selected,42,13,2025-04-07 01:00:00,2025-04-08 03:00:00,27,21.43,True,True,41.69489257387647,-17.05798721206648,24.636905361809994,0,0,0.1
core_prophet_frozen_s42,prophet,frozen,selected,42,13,2025-04-07 01:00:00,2025-04-08 04:00:00,28,27.87,True,True,35.20450438648177,-17.05798721206648,18.146517174415294,0,0,0.1
core_prophet_frozen_s42,prophet,frozen,selected,42,13,2025-04-07 01:00:00,2025-04-08 05:00:00,29,32.85,True,True,34.608529920907074,-17.05798721206648,17.550542708840595,0,0,0.1
core_prophet_frozen_s42,prophet,frozen,selected,42,13,2025-04-07 01:00:00,2025-04-08 06:00:00,30,35.82,True,True,32.478103616403786,-17.05798721206648,15.420116404337307,0,0,0.1
core_prophet_frozen_s42,prophet,frozen,selected,42,13,2025-04-07 01:00:00,2025-04-08 07:00:00,31,35.9,True,True,25.36665990716773,-17.05798721206648,8.30867269510125,0,0,0.1
core_prophet_frozen_s42,prophet,frozen,selected,42,13,2025-04-07 01:00:00,2025-04-08 08:00:00,32,33.28,True,True,12.902962849212289,-17.05798721206648,-4.15502436285419,0,0,0.1
core_prophet_frozen_s42,prophet,frozen,selected,42,13,2025-04-07 01:00:00,2025-04-08 09:00:00,33,30.4,True,True,-1.8691477629980968,-17.05798721206648,-18.927134975064575,0,0,0.1
core_prophet_frozen_s42,prophet,frozen,selected,42,13,2025-04-07 01:00:00,2025-04-08 10:00:00,34,27.85,True,True,-14.486055671438322,-17.05798721206648,-31.5440428835048,0,0,0.1
core_prophet_frozen_s42,prophet,frozen,selected,42,13,2025-04-07 01:00:00,2025-04-08 11:00:00,35,25.08,True,True,-23.231003622165872,-17.05798721206648,-40.28899083423235,0,0,0.1
core_prophet_frozen_s42,prophet,frozen,selected,42,13,2025-04-07 01:00:00,2025-04-08 12:00:00,36,21.36,True,True,-26.345512077238453,-17.05798721206648,-43.40349928930493,0,0,0.1
core_prophet_frozen_s42,prophet,frozen,selected,42,13,2025-04-07 01:00:00,2025-04-08 13:00:00,37,17.63,True,True,-24.00846560061683,-17.05798721206648,-41.06645281268331,0,0,0.1
core_prophet_frozen_s42,prophet,frozen,selected,42,13,2025-04-07 01:00:00,2025-04-08 14:00:00,38,16.68,True,True,-15.706858502764248,-17.05798721206648,-32.76484571483073,0,0,0.1
core_prophet_frozen_s42,prophet,frozen,selected,42,13,2025-04-07 01:00:00,2025-04-08 15:00:00,39,17.27,True,True,-5.757601725550103,-17.05798721206648,-22.81558893761658,0,0,0.1
core_prophet_frozen_s42,prophet,frozen,selected,42,13,2025-04-07 01:00:00,2025-04-08 16:00:00,40,18.13,True,True,3.3847613744247558,-17.05798721206648,-13.673225837641724,0,0,0.1
core_prophet_frozen_s42,prophet,frozen,selected,42,13,2025-04-07 01:00:00,2025-04-08 17:00:00,41,19.61,True,True,12.298132952834436,-17.05798721206648,-4.759854259232043,0,0,0.1
core_prophet_frozen_s42,prophet,frozen,selected,42,13,2025-04-07 01:00:00,2025-04-08 18:00:00,42,21.53,True,True,20.946173108299035,-17.05798721206648,3.8881858962325566,0,0,0.1
core_prophet_frozen_s42,prophet,frozen,selected,42,13,2025-04-07 01:00:00,2025-04-08 19:00:00,43,23.75,True,True,30.42768286995405,-17.05798721206648,13.369695657887572,0,0,0.1
core_prophet_frozen_s42,prophet,frozen,selected,42,13,2025-04-07 01:00:00,2025-04-08 20:00:00,44,26.2,True,True,40.0501191977003,-17.05798721206648,22.99213198563382,0,0,0.1
core_prophet_frozen_s42,prophet,frozen,selected,42,13,2025-04-07 01:00:00,2025-04-08 21:00:00,45,28.7,True,True,48.09956717726624,-17.05798721206648,31.04157996519976,0,0,0.1
core_prophet_frozen_s42,prophet,frozen,selected,42,13,2025-04-07 01:00:00,2025-04-08 22:00:00,46,31.1,True,True,53.36035685738753,-17.05798721206648,36.30236964532105,0,0,0.1
core_prophet_frozen_s42,prophet,frozen,selected,42,13,2025-04-07 01:00:00,2025-04-08 23:00:00,47,34.38,True,True,57.44475391255506,-17.05798721206648,40.38676670048858,0,0,0.1
core_prophet_frozen_s42,prophet,frozen,selected,42,13,2025-04-07 01:00:00,2025-04-09 00:00:00,48,38.09,True,True,54.74324262811544,-17.05798721206648,37.68525541604896,0,0,0.1
core_prophet_frozen_s42,prophet,frozen,selected,42,13,2025-04-07 01:00:00,2025-04-09 01:00:00,49,42.03,True,True,48.86912408170659,-17.05798721206648,31.81113686964011,0,0,0.1
core_prophet_frozen_s42,prophet,frozen,selected,42,13,2025-04-07 01:00:00,2025-04-09 02:00:00,50,45.62,True,True,49.855774929771485,-17.05798721206648,32.797787717705006,0,0,0.1
core_prophet_frozen_s42,prophet,frozen,selected,42,13,2025-04-07 01:00:00,2025-04-09 03:00:00,51,49.72,True,True,56.259868969603616,-17.05798721206648,39.20188175753714,0,0,0.1
core_prophet_frozen_s42,prophet,frozen,selected,42,13,2025-04-07 01:00:00,2025-04-09 04:00:00,52,55.9,True,True,51.797721272726506,-17.05798721206648,34.73973406066003,0,0,0.1
core_prophet_frozen_s42,prophet,frozen,selected,42,13,2025-04-07 01:00:00,2025-04-09 05:00:00,53,58.4,True,True,49.368135591930326,-17.05798721206648,32.31014837986385,0,0,0.1
core_prophet_frozen_s42,prophet,frozen,selected,42,13,2025-04-07 01:00:00,2025-04-09 06:00:00,54,59.76,True,True,45.072587657331866,-17.05798721206648,28.014600445265387,0,0,0.1
core_prophet_frozen_s42,prophet,frozen,selected,42,13,2025-04-07 01:00:00,2025-04-09 07:00:00,55,48.65,True,True,31.43915738996546,-17.05798721206648,14.38117017789898,0,0,0.1
core_prophet_frozen_s42,prophet,frozen,selected,42,13,2025-04-07 01:00:00,2025-04-09 08:00:00,56,36.9,True,True,13.379379317823153,-17.05798721206648,-3.678607894243326,0,0,0.1
core_prophet_frozen_s42,prophet,frozen,selected,42,13,2025-04-07 01:00:00,2025-04-09 09:00:00,57,32.83,True,True,-4.938328435238503,-17.05798721206648,-21.996315647304982,0,0,0.1
core_prophet_frozen_s42,prophet,frozen,selected,42,13,2025-04-07 01:00:00,2025-04-09 10:00:00,58,33.91,True,True,-16.964826262977795,-17.05798721206648,-34.02281347504427,0,0,0.1
core_prophet_frozen_s42,prophet,frozen,selected,42,13,2025-04-07 01:00:00,2025-04-09 11:00:00,59,37.59,True,True,-21.079376380766234,-17.05798721206648,-38.13736359283271,0,0,0.1
core_prophet_frozen_s42,prophet,frozen,selected,42,13,2025-04-07 01:00:00,2025-04-09 12:00:00,60,43.55,True,True,-19.03938727753291,-17.05798721206648,-36.09737448959939,0,0,0.1
core_prophet_frozen_s42,prophet,frozen,selected,42,13,2025-04-07 01:00:00,2025-04-09 13:00:00,61,51.59,True,True,-11.918986456251927,-17.05798721206648,-28.976973668318408,0,0,0.1
core_prophet_frozen_s42,prophet,frozen,selected,42,13,2025-04-07 01:00:00,2025-04-09 14:00:00,62,62.17,True,True,-1.1031292300422706,-17.05798721206648,-18.16111644210875,0,0,0.1
core_prophet_frozen_s42,prophet,frozen,selected,42,13,2025-04-07 01:00:00,2025-04-09 15:00:00,63,73.06,True,True,10.40074123986625,-17.05798721206648,-6.657245972200229,0,0,0.1
core_prophet_frozen_s42,prophet,frozen,selected,42,13,2025-04-07 01:00:00,2025-04-09 16:00:00,64,80.88,True,True,17.566299699929175,-17.05798721206648,0.5083124878626961,0,0,0.1
core_prophet_frozen_s42,prophet,frozen,selected,42,13,2025-04-07 01:00:00,2025-04-09 17:00:00,65,85.79,True,True,25.08104327479191,-17.05798721206648,8.02305606272543,0,0,0.1
core_prophet_frozen_s42,prophet,frozen,selected,42,13,2025-04-07 01:00:00,2025-04-09 18:00:00,66,88.68,True,True,32.85757260212171,-17.05798721206648,15.799585390055228,0,0,0.1
core_prophet_frozen_s42,prophet,frozen,selected,42,13,2025-04-07 01:00:00,2025-04-09 19:00:00,67,90.53,True,True,41.60507665310254,-17.05798721206648,24.547089441036064,0,0,0.1
core_prophet_frozen_s42,prophet,frozen,selected,42,13,2025-04-07 01:00:00,2025-04-09 20:00:00,68,93.26,True,True,50.8615469751984,-17.05798721206648,33.80355976313192,0,0,0.1
core_prophet_frozen_s42,prophet,frozen,selected,42,13,2025-04-07 01:00:00,2025-04-09 21:00:00,69,96.1,True,True,57.68522556618842,-17.05798721206648,40.62723835412194,0,0,0.1
core_prophet_frozen_s42,prophet,frozen,selected,42,13,2025-04-07 01:00:00,2025-04-09 22:00:00,70,97.51,True,True,59.681736900700656,-17.05798721206648,42.62374968863418,0,0,0.1
core_prophet_frozen_s42,prophet,frozen,selected,42,13,2025-04-07 01:00:00,2025-04-09 23:00:00,71,98.92,True,True,59.32325883513485,-17.05798721206648,42.26527162306837,0,0,0.1
core_prophet_frozen_s42,prophet,frozen,selected,42,13,2025-04-07 01:00:00,2025-04-10 00:00:00,72,100.05,True,True,54.79587959054922,-17.05798721206648,37.73789237848274,0,0,0.1
core_prophet_frozen_s42,prophet,frozen,selected,42,13,2025-04-07 01:00:00,2025-04-10 01:00:00,73,100.84,True,True,48.80846959237388,-17.05798721206648,31.750482380307403,0,0,0.1
core_prophet_frozen_s42,prophet,frozen,selected,42,13,2025-04-07 01:00:00,2025-04-10 02:00:00,74,101.94,True,True,48.059049788858914,-17.05798721206648,31.001062576792435,0,0,0.1
core_prophet_frozen_s42,prophet,frozen,selected,42,13,2025-04-07 01:00:00,2025-04-10 03:00:00,75,106.03,True,True,51.48084143591734,-17.05798721206648,34.42285422385086,0,0,0.1
core_prophet_frozen_s42,prophet,frozen,selected,42,13,2025-04-07 01:00:00,2025-04-10 04:00:00,76,54.97,True,True,37.17083516761261,-17.05798721206648,20.11284795554613,0,0,0.1
core_prophet_frozen_s42,prophet,frozen,selected,42,13,2025-04-07 01:00:00,2025-04-10 05:00:00,77,31.76,True,True,36.68749085267788,-17.05798721206648,19.629503640611404,0,0,0.1
core_prophet_frozen_s42,prophet,frozen,selected,42,13,2025-04-07 01:00:00,2025-04-10 06:00:00,78,25.44,True,True,35.41064398008197,-17.05798721206648,18.352656768015493,0,0,0.1
core_prophet_frozen_s42,prophet,frozen,selected,42,13,2025-04-07 01:00:00,2025-04-10 07:00:00,79,24.47,True,True,27.80298780319336,-17.05798721206648,10.745000591126882,0,0,0.1
core_prophet_frozen_s42,prophet,frozen,selected,42,13,2025-04-07 01:00:00,2025-04-10 08:00:00,80,24.73,True,True,13.887679067695103,-17.05798721206648,-3.1703081443713756,0,0,0.1
core_prophet_frozen_s42,prophet,frozen,selected,42,13,2025-04-07 01:00:00,2025-04-10 09:00:00,81,23.97,True,True,-3.0951853905566797,-17.05798721206648,-20.153172602623158,0,0,0.1
core_prophet_frozen_s42,prophet,frozen,selected,42,13,2025-04-07 01:00:00,2025-04-10 10:00:00,82,23.87,True,True,-17.884442513320124,-17.05798721206648,-34.9424297253866,0,0,0.1
core_prophet_frozen_s42,prophet,frozen,selected,42,13,2025-04-07 01:00:00,2025-04-10 11:00:00,83,25.71,True,True,-26.9286661854286,-17.05798721206648,-43.986653397495076,0,0,0.1
core_prophet_frozen_s42,prophet,frozen,selected,42,13,2025-04-07 01:00:00,2025-04-10 12:00:00,84,29.93,True,True,-29.017247931330303,-17.05798721206648,-46.07523514339678,0,0,0.1
core_prophet_frozen_s42,prophet,frozen,selected,42,13,2025-04-07 01:00:00,2025-04-10 13:00:00,85,36.65,True,True,-23.478358122036184,-17.05798721206648,-40.53634533410266,0,0,0.1
core_prophet_frozen_s42,prophet,frozen,selected,42,13,2025-04-07 01:00:00,2025-04-10 14:00:00,86,45.35,True,True,-12.140095758767274,-17.05798721206648,-29.198082970833752,0,0,0.1
core_prophet_frozen_s42,prophet,frozen,selected,42,13,2025-04-07 01:00:00,2025-04-10 15:00:00,87,54.1,True,True,0.2264712810375044,-17.05798721206648,-16.831515931028974,0,0,0.1
core_prophet_frozen_s42,prophet,frozen,selected,42,13,2025-04-07 01:00:00,2025-04-10 16:00:00,88,60.54,True,True,10.212920443368404,-17.05798721206648,-6.845066768698075,0,0,0.1
core_prophet_frozen_s42,prophet,frozen,selected,42,13,2025-04-07 01:00:00,2025-04-10 17:00:00,89,66.42,True,True,18.23353955015523,-17.05798721206648,1.1755523380887496,0,0,0.1
core_prophet_frozen_s42,prophet,frozen,selected,42,13,2025-04-07 01:00:00,2025-04-10 18:00:00,90,73.19,True,True,25.52006230644423,-17.05798721206648,8.462075094377752,0,0,0.1
core_prophet_frozen_s42,prophet,frozen,selected,42,13,2025-04-07 01:00:00,2025-04-10 19:00:00,91,80.85,True,True,32.807771294084944,-17.05798721206648,15.749784082018465,0,0,0.1
core_prophet_frozen_s42,prophet,frozen,selected,42,13,2025-04-07 01:00:00,2025-04-10 20:00:00,92,88.81,True,True,39.79797140593794,-17.05798721206648,22.739984193871464,0,0,0.1
core_prophet_frozen_s42,prophet,frozen,selected,42,13,2025-04-07 01:00:00,2025-04-10 21:00:00,93,96.0,True,True,44.93675982648918,-17.05798721206648,27.8787726144227,0,0,0.1
core_prophet_frozen_s42,prophet,frozen,selected,42,13,2025-04-07 01:00:00,2025-04-10 22:00:00,94,101.25,True,True,46.784081710298494,-17.05798721206648,29.726094498232015,0,0,0.1
core_prophet_frozen_s42,prophet,frozen,selected,42,13,2025-04-07 01:00:00,2025-04-10 23:00:00,95,105.45,True,True,47.81659981864769,-17.05798721206648,30.75861260658121,0,0,0.1
core_prophet_frozen_s42,prophet,frozen,selected,42,13,2025-04-07 01:00:00,2025-04-11 00:00:00,96,107.09,True,True,47.5838055594287,-17.05798721206648,30.525818347362218,0,0,0.1
core_prophet_frozen_s42,prophet,frozen,selected,42,13,2025-04-07 01:00:00,2025-04-11 01:00:00,97,105.74,True,True,43.01450372911475,-17.05798721206648,25.95651651704827,0,0,0.1
core_prophet_frozen_s42,prophet,frozen,selected,42,13,2025-04-07 01:00:00,2025-04-11 02:00:00,98,101.44,True,True,44.596795960857264,-17.05798721206648,27.538808748790785,0,0,0.1
core_prophet_frozen_s42,prophet,frozen,selected,42,13,2025-04-07 01:00:00,2025-04-11 03:00:00,99,96.51,True,True,50.24680818932546,-17.05798721206648,33.188820977258985,0,0,0.1
core_prophet_frozen_s42,prophet,frozen,selected,42,13,2025-04-07 01:00:00,2025-04-11 04:00:00,100,79.14,True,True,55.12339577496323,-17.05798721206648,38.06540856289675,0,0,0.1
core_prophet_frozen_s42,prophet,frozen,selected,42,13,2025-04-07 01:00:00,2025-04-11 05:00:00,101,67.93,True,True,59.10668370193582,-17.05798721206648,42.04869648986934,0,0,0.1
core_prophet_frozen_s42,prophet,frozen,selected,42,13,2025-04-07 01:00:00,2025-04-11 06:00:00,102,64.95,True,True,58.35230698635178,-17.05798721206648,41.2943197742853,0,0,0.1
core_prophet_frozen_s42,prophet,frozen,selected,42,13,2025-04-07 01:00:00,2025-04-11 07:00:00,103,72.03,True,True,49.71123476956029,-17.05798721206648,32.65324755749381,0,0,0.1
core_prophet_frozen_s42,prophet,frozen,selected,42,13,2025-04-07 01:00:00,2025-04-11 08:00:00,104,77.42,True,True,33.589703398307904,-17.05798721206648,16.531716186241425,0,0,0.1
core_prophet_frozen_s42,prophet,frozen,selected,42,13,2025-04-07 01:00:00,2025-04-11 09:00:00,105,81.14,True,True,11.768632976971531,-17.05798721206648,-5.289354235094947,0,0,0.1
core_prophet_frozen_s42,prophet,frozen,selected,42,13,2025-04-07 01:00:00,2025-04-11 10:00:00,106,69.28,True,True,-8.596214668172024,-17.05798721206648,-25.654201880238503,0,0,0.1
core_prophet_frozen_s42,prophet,frozen,selected,42,13,2025-04-07 01:00:00,2025-04-11 11:00:00,107,45.18,True,True,-22.92933849401598,-17.05798721206648,-39.98732570608246,0,0,0.1
core_prophet_frozen_s42,prophet,frozen,selected,42,13,2025-04-07 01:00:00,2025-04-11 12:00:00,108,28.07,True,True,-29.27119529651992,-17.05798721206648,-46.3291825085864,0,0,0.1
core_prophet_frozen_s42,prophet,frozen,selected,42,13,2025-04-07 01:00:00,2025-04-11 13:00:00,109,23.7,True,True,-27.66716293265216,-17.05798721206648,-44.72515014471864,0,0,0.1
core_prophet_frozen_s42,prophet,frozen,selected,42,13,2025-04-07 01:00:00,2025-04-11 14:00:00,110,25.46,True,True,-20.600073951374497,-17.05798721206648,-37.658061163440976,0,0,0.1
core_prophet_frozen_s42,prophet,frozen,selected,42,13,2025-04-07 01:00:00,2025-04-11 15:00:00,111,27.59,True,True,-11.486824474016371,-17.05798721206648,-28.544811686082852,0,0,0.1
core_prophet_frozen_s42,prophet,frozen,selected,42,13,2025-04-07 01:00:00,2025-04-11 16:00:00,112,22.0,True,True,-2.584039688299441,-17.05798721206648,-19.64202690036592,0,0,0.1
core_prophet_frozen_s42,prophet,frozen,selected,42,13,2025-04-07 01:00:00,2025-04-11 17:00:00,113,15.75,True,True,6.4616359177266816,-17.05798721206648,-10.596351294339797,0,0,0.1
core_prophet_frozen_s42,prophet,frozen,selected,42,13,2025-04-07 01:00:00,2025-04-11 18:00:00,114,11.23,True,True,14.917725142701244,-17.05798721206648,-2.140262069365235,0,0,0.1
core_prophet_frozen_s42,prophet,frozen,selected,42,13,2025-04-07 01:00:00,2025-04-11 19:00:00,115,7.89,True,True,22.4467665866689,-17.05798721206648,5.3887793746024215,0,0,0.1
core_prophet_frozen_s42,prophet,frozen,selected,42,13,2025-04-07 01:00:00,2025-04-11 20:00:00,116,5.14,True,True,29.284731993346924,-17.05798721206648,12.226744781280445,0,0,0.1
core_prophet_frozen_s42,prophet,frozen,selected,42,13,2025-04-07 01:00:00,2025-04-11 21:00:00,117,2.72,True,True,33.44969513897718,-17.05798721206648,16.391707926910698,0,0,0.1
core_prophet_frozen_s42,prophet,frozen,selected,42,13,2025-04-07 01:00:00,2025-04-11 22:00:00,118,1.19,True,True,33.40564008996529,-17.05798721206648,16.34765287789881,0,0,0.1
core_prophet_frozen_s42,prophet,frozen,selected,42,13,2025-04-07 01:00:00,2025-04-11 23:00:00,119,0.56,True,True,29.787892678288728,-17.05798721206648,12.729905466222249,0,0,0.1
core_prophet_frozen_s42,prophet,frozen,selected,42,13,2025-04-07 01:00:00,2025-04-12 00:00:00,120,0.5,True,True,24.35546178669614,-17.05798721206648,7.2974745746296605,0,0,0.1
core_prophet_frozen_s42,prophet,frozen,selected,42,13,2025-04-07 01:00:00,2025-04-12 01:00:00,121,0.5,True,True,20.463915967214035,-17.05798721206648,3.4059287551475563,0,0,0.1
core_prophet_frozen_s42,prophet,frozen,selected,42,13,2025-04-07 01:00:00,2025-04-12 02:00:00,122,0.5,True,True,21.081815132339244,-17.05798721206648,4.023827920272765,0,0,0.1
core_prophet_frozen_s42,prophet,frozen,selected,42,13,2025-04-07 01:00:00,2025-04-12 03:00:00,123,0.5,True,True,26.734093540464382,-17.05798721206648,9.676106328397903,0,0,0.1
core_prophet_frozen_s42,prophet,frozen,selected,42,13,2025-04-07 01:00:00,2025-04-12 04:00:00,124,0.5,True,True,34.88417385798448,-17.05798721206648,17.826186645918,0,0,0.1
core_prophet_frozen_s42,prophet,frozen,selected,42,13,2025-04-07 01:00:00,2025-04-12 05:00:00,125,0.5,True,True,41.30216179274177,-17.05798721206648,24.244174580675292,0,0,0.1
core_prophet_frozen_s42,prophet,frozen,selected,42,13,2025-04-07 01:00:00,2025-04-12 06:00:00,126,0.51,True,True,41.78534647809323,-17.05798721206648,24.727359266026752,0,0,0.1
core_prophet_frozen_s42,prophet,frozen,selected,42,13,2025-04-07 01:00:00,2025-04-12 07:00:00,127,0.62,True,True,34.70033068417683,-17.05798721206648,17.642343472110355,0,0,0.1
core_prophet_frozen_s42,prophet,frozen,selected,42,13,2025-04-07 01:00:00,2025-04-12 08:00:00,128,0.94,True,True,20.675552330608586,-17.05798721206648,3.6175651185421067,0,0,0.1
core_prophet_frozen_s42,prophet,frozen,selected,42,13,2025-04-07 01:00:00,2025-04-12 09:00:00,129,1.26,True,True,3.4297496946249453,-17.05798721206648,-13.628237517441534,0,0,0.1
core_prophet_frozen_s42,prophet,frozen,selected,42,13,2025-04-07 01:00:00,2025-04-12 10:00:00,130,1.39,True,True,-12.377599405055465,-17.05798721206648,-29.435586617121942,0,0,0.1
core_prophet_frozen_s42,prophet,frozen,selected,42,13,2025-04-07 01:00:00,2025-04-12 11:00:00,131,1.42,True,True,-22.693920247725515,-17.05798721206648,-39.751907459791994,0,0,0.1
core_prophet_frozen_s42,prophet,frozen,selected,42,13,2025-04-07 01:00:00,2025-04-12 12:00:00,132,1.45,True,True,-26.179190905135957,-17.05798721206648,-43.23717811720243,0,0,0.1
core_prophet_frozen_s42,prophet,frozen,selected,42,13,2025-04-07 01:00:00,2025-04-12 13:00:00,133,1.66,True,True,-23.15574947157677,-17.05798721206648,-40.21373668364325,0,0,0.1
core_prophet_frozen_s42,prophet,frozen,selected,42,13,2025-04-07 01:00:00,2025-04-12 14:00:00,134,2.14,True,True,-15.301467879590774,-17.05798721206648,-32.35945509165725,0,0,0.1
core_prophet_frozen_s42,prophet,frozen,selected,42,13,2025-04-07 01:00:00,2025-04-12 15:00:00,135,2.71,True,True,-6.076872195498822,-17.05798721206648,-23.1348594075653,0,0,0.1
core_prophet_frozen_s42,prophet,frozen,selected,42,13,2025-04-07 01:00:00,2025-04-12 16:00:00,136,3.2,True,True,2.3383960440624776,-17.05798721206648,-14.719591168004001,0,0,0.1
core_prophet_frozen_s42,prophet,frozen,selected,42,13,2025-04-07 01:00:00,2025-04-12 17:00:00,137,3.65,True,True,9.910556463961257,-17.05798721206648,-7.147430748105222,0,0,0.1
core_prophet_frozen_s42,prophet,frozen,selected,42,13,2025-04-07 01:00:00,2025-04-12 18:00:00,138,4.09,True,True,17.255918105074045,-17.05798721206648,0.19793089300756606,0,0,0.1
core_prophet_frozen_s42,prophet,frozen,selected,42,13,2025-04-07 01:00:00,2025-04-12 19:00:00,139,4.51,True,True,24.68694014671695,-17.05798721206648,7.628952934650471,0,0,0.1
core_prophet_frozen_s42,prophet,frozen,selected,42,13,2025-04-07 01:00:00,2025-04-12 20:00:00,140,4.88,True,True,31.486417978252405,-17.05798721206648,14.428430766185926,0,0,0.1
core_prophet_frozen_s42,prophet,frozen,selected,42,13,2025-04-07 01:00:00,2025-04-12 21:00:00,141,5.02,True,True,35.69824881958911,-17.05798721206648,18.640261607522632,0,0,0.1
core_prophet_frozen_s42,prophet,frozen,selected,42,13,2025-04-07 01:00:00,2025-04-12 22:00:00,142,4.81,True,True,35.62874583433842,-17.05798721206648,18.57075862227194,0,0,0.1
core_prophet_frozen_s42,prophet,frozen,selected,42,13,2025-04-07 01:00:00,2025-04-12 23:00:00,143,4.41,True,True,32.277020128966114,-17.05798721206648,15.219032916899636,0,0,0.1
core_prophet_frozen_s42,prophet,frozen,selected,42,13,2025-04-07 01:00:00,2025-04-13 00:00:00,144,3.97,True,True,26.38103928265616,-17.05798721206648,9.323052070589682,0,0,0.1
core_prophet_frozen_s42,prophet,frozen,selected,42,13,2025-04-07 01:00:00,2025-04-13 01:00:00,145,3.16,True,True,20.934392616762068,-17.05798721206648,3.876405404695589,0,0,0.1
core_prophet_frozen_s42,prophet,frozen,selected,42,13,2025-04-07 01:00:00,2025-04-13 02:00:00,146,3.15,True,True,20.85355383143684,-17.05798721206648,3.795566619370362,0,0,0.1
core_prophet_frozen_s42,prophet,frozen,selected,42,13,2025-04-07 01:00:00,2025-04-13 03:00:00,147,3.17,True,True,25.405999129612496,-17.05798721206648,8.348011917546017,0,0,0.1
core_prophet_frozen_s42,prophet,frozen,selected,42,13,2025-04-07 01:00:00,2025-04-13 04:00:00,148,1.99,True,True,31.256738097303327,-17.05798721206648,14.198750885236848,0,0,0.1
core_prophet_frozen_s42,prophet,frozen,selected,42,13,2025-04-07 01:00:00,2025-04-13 05:00:00,149,1.69,True,True,36.5793860763668,-17.05798721206648,19.521398864300323,0,0,0.1
core_prophet_frozen_s42,prophet,frozen,selected,42,13,2025-04-07 01:00:00,2025-04-13 06:00:00,150,1.41,True,True,36.32942651093845,-17.05798721206648,19.271439298871968,0,0,0.1
core_prophet_frozen_s42,prophet,frozen,selected,42,13,2025-04-07 01:00:00,2025-04-13 07:00:00,151,1.18,True,True,28.967602120316,-17.05798721206648,11.90961490824952,0,0,0.1
core_prophet_frozen_s42,prophet,frozen,selected,42,13,2025-04-07 01:00:00,2025-04-13 08:00:00,152,0.99,True,True,14.909564956092169,-17.05798721206648,-2.1484222559743102,0,0,0.1
core_prophet_frozen_s42,prophet,frozen,selected,42,13,2025-04-07 01:00:00,2025-04-13 09:00:00,153,0.78,True,True,-2.2482758428305374,-17.05798721206648,-19.306263054897016,0,0,0.1
core_prophet_frozen_s42,prophet,frozen,selected,42,13,2025-04-07 01:00:00,2025-04-13 10:00:00,154,0.69,True,True,-17.898000888177393,-17.05798721206648,-34.95598810024387,0,0,0.1
core_prophet_frozen_s42,prophet,frozen,selected,42,13,2025-04-07 01:00:00,2025-04-13 11:00:00,155,0.77,True,True,-28.093017917591823,-17.05798721206648,-45.1510051296583,0,0,0.1
core_prophet_frozen_s42,prophet,frozen,selected,42,13,2025-04-07 01:00:00,2025-04-13 12:00:00,156,0.93,True,True,-31.341714847706555,-17.05798721206648,-48.399702059773034,0,0,0.1
core_prophet_frozen_s42,prophet,frozen,selected,42,13,2025-04-07 01:00:00,2025-04-13 13:00:00,157,1.27,True,True,-27.607261111886142,-17.05798721206648,-44.665248323952625,0,0,0.1
core_prophet_frozen_s42,prophet,frozen,selected,42,13,2025-04-07 01:00:00,2025-04-13 14:00:00,158,1.78,True,True,-18.7580738149951,-17.05798721206648,-35.81606102706158,0,0,0.1
core_prophet_frozen_s42,prophet,frozen,selected,42,13,2025-04-07 01:00:00,2025-04-13 15:00:00,159,2.1,True,True,-8.706243481275095,-17.05798721206648,-25.764230693341574,0,0,0.1
core_prophet_frozen_s42,prophet,frozen,selected,42,13,2025-04-07 01:00:00,2025-04-13 16:00:00,160,2.0,True,True,-0.3958441811906823,-17.05798721206648,-17.45383139325716,0,0,0.1
core_prophet_frozen_s42,prophet,frozen,selected,42,13,2025-04-07 01:00:00,2025-04-13 17:00:00,161,1.85,True,True,6.9501400272073965,-17.05798721206648,-10.107847184859082,0,0,0.1
core_prophet_frozen_s42,prophet,frozen,selected,42,13,2025-04-07 01:00:00,2025-04-13 18:00:00,162,1.79,True,True,14.114240375576912,-17.05798721206648,-2.9437468364895665,0,0,0.1
core_prophet_frozen_s42,prophet,frozen,selected,42,13,2025-04-07 01:00:00,2025-04-13 19:00:00,163,1.87,True,True,21.212826135152653,-17.05798721206648,4.154838923086174,0,0,0.1
core_prophet_frozen_s42,prophet,frozen,selected,42,13,2025-04-07 01:00:00,2025-04-13 20:00:00,164,2.4,True,True,27.635577593244705,-17.05798721206648,10.577590381178226,0,0,0.1
core_prophet_frozen_s42,prophet,frozen,selected,42,13,2025-04-07 01:00:00,2025-04-13 21:00:00,165,3.38,True,True,31.58427342512374,-17.05798721206648,14.526286213057261,0,0,0.1
core_prophet_frozen_s42,prophet,frozen,selected,42,13,2025-04-07 01:00:00,2025-04-13 22:00:00,166,4.4,True,True,31.606611115794976,-17.05798721206648,14.548623903728497,0,0,0.1
core_prophet_frozen_s42,prophet,frozen,selected,42,13,2025-04-07 01:00:00,2025-04-13 23:00:00,167,5.29,True,True,28.71157533869913,-17.05798721206648,11.653588126632652,0,0,0.1
core_prophet_frozen_s42,prophet,frozen,selected,42,13,2025-04-07 01:00:00,2025-04-14 00:00:00,168,5.96,True,True,23.905384323319,-17.05798721206648,6.847397111252523,0,0,0.1
core_prophet_frozen_s42,prophet,frozen,selected,42,14,2025-04-14 01:00:00,2025-04-14 01:00:00,1,6.01,True,True,19.192199861864022,-14.035999074009482,5.156200787854541,0,0,0.1
core_prophet_frozen_s42,prophet,frozen,selected,42,14,2025-04-14 01:00:00,2025-04-14 02:00:00,2,6.2,True,True,19.294540264181165,-14.035999074009482,5.258541190171684,0,0,0.1
core_prophet_frozen_s42,prophet,frozen,selected,42,14,2025-04-14 01:00:00,2025-04-14 03:00:00,3,6.58,True,True,24.419477793754425,-14.035999074009482,10.383478719744943,0,0,0.1
core_prophet_frozen_s42,prophet,frozen,selected,42,14,2025-04-14 01:00:00,2025-04-14 04:00:00,4,6.34,True,True,31.45868360850187,-14.035999074009482,17.42268453449239,0,0,0.1
core_prophet_frozen_s42,prophet,frozen,selected,42,14,2025-04-14 01:00:00,2025-04-14 05:00:00,5,5.97,True,True,36.5443881580467,-14.035999074009482,22.50838908403722,0,0,0.1
core_prophet_frozen_s42,prophet,frozen,selected,42,14,2025-04-14 01:00:00,2025-04-14 06:00:00,6,5.94,True,True,36.44311397785043,-14.035999074009482,22.40711490384095,0,0,0.1
core_prophet_frozen_s42,prophet,frozen,selected,42,14,2025-04-14 01:00:00,2025-04-14 07:00:00,7,6.01,True,True,28.804715590054343,-14.035999074009482,14.768716516044861,0,0,0.1
core_prophet_frozen_s42,prophet,frozen,selected,42,14,2025-04-14 01:00:00,2025-04-14 08:00:00,8,6.21,True,True,14.293377531754771,-14.035999074009482,0.2573784577452898,0,0,0.1
core_prophet_frozen_s42,prophet,frozen,selected,42,14,2025-04-14 01:00:00,2025-04-14 09:00:00,9,6.34,True,True,-3.053981915105908,-14.035999074009482,-17.08998098911539,0,0,0.1
core_prophet_frozen_s42,prophet,frozen,selected,42,14,2025-04-14 01:00:00,2025-04-14 10:00:00,10,7.45,True,True,-13.08329266402552,-14.035999074009482,-27.119291738035002,0,0,0.1
core_prophet_frozen_s42,prophet,frozen,selected,42,14,2025-04-14 01:00:00,2025-04-14 11:00:00,11,9.77,True,True,-13.339772706312516,-14.035999074009482,-27.375771780321998,0,0,0.1
core_prophet_frozen_s42,prophet,frozen,selected,42,14,2025-04-14 01:00:00,2025-04-14 12:00:00,12,12.69,True,True,-8.306181169740967,-14.035999074009482,-22.342180243750448,0,0,0.1
core_prophet_frozen_s42,prophet,frozen,selected,42,14,2025-04-14 01:00:00,2025-04-14 13:00:00,13,15.52,True,True,0.4171998857634946,-14.035999074009482,-13.618799188245987,0,0,0.1
core_prophet_frozen_s42,prophet,frozen,selected,42,14,2025-04-14 01:00:00,2025-04-14 14:00:00,14,18.43,True,True,12.436729537444704,-14.035999074009482,-1.599269536564778,0,0,0.1
core_prophet_frozen_s42,prophet,frozen,selected,42,14,2025-04-14 01:00:00,2025-04-14 15:00:00,15,20.95,True,True,24.882155545860485,-14.035999074009482,10.846156471851003,0,0,0.1
core_prophet_frozen_s42,prophet,frozen,selected,42,14,2025-04-14 01:00:00,2025-04-14 16:00:00,16,22.23,True,True,33.82247423719329,-14.035999074009482,19.78647516318381,0,0,0.1
core_prophet_frozen_s42,prophet,frozen,selected,42,14,2025-04-14 01:00:00,2025-04-14 17:00:00,17,23.19,True,True,41.65851590179588,-14.035999074009482,27.6225168277864,0,0,0.1
core_prophet_frozen_s42,prophet,frozen,selected,42,14,2025-04-14 01:00:00,2025-04-14 18:00:00,18,23.61,True,True,48.44100962884016,-14.035999074009482,34.40501055483068,0,0,0.1
core_prophet_frozen_s42,prophet,frozen,selected,42,14,2025-04-14 01:00:00,2025-04-14 19:00:00,19,22.39,True,True,52.31236677357165,-14.035999074009482,38.276367699562165,0,0,0.1
core_prophet_frozen_s42,prophet,frozen,selected,42,14,2025-04-14 01:00:00,2025-04-14 20:00:00,20,19.98,True,True,52.71486824500468,-14.035999074009482,38.6788691709952,0,0,0.1
core_prophet_frozen_s42,prophet,frozen,selected,42,14,2025-04-14 01:00:00,2025-04-14 21:00:00,21,17.37,True,True,49.793266568788255,-14.035999074009482,35.75726749477877,0,0,0.1
core_prophet_frozen_s42,prophet,frozen,selected,42,14,2025-04-14 01:00:00,2025-04-14 22:00:00,22,14.23,True,True,40.58802299926202,-14.035999074009482,26.55202392525254,0,0,0.1
core_prophet_frozen_s42,prophet,frozen,selected,42,14,2025-04-14 01:00:00,2025-04-14 23:00:00,23,13.02,True,True,33.98464924467203,-14.035999074009482,19.948650170662546,0,0,0.1
core_prophet_frozen_s42,prophet,frozen,selected,42,14,2025-04-14 01:00:00,2025-04-15 00:00:00,24,13.45,True,True,26.83303799074855,-14.035999074009482,12.79703891673907,0,0,0.1
core_prophet_frozen_s42,prophet,frozen,selected,42,14,2025-04-14 01:00:00,2025-04-15 01:00:00,25,14.89,True,True,21.788104758128384,-14.035999074009482,7.752105684118902,0,0,0.1
core_prophet_frozen_s42,prophet,frozen,selected,42,14,2025-04-14 01:00:00,2025-04-15 02:00:00,26,16.38,True,True,21.482063019364915,-14.035999074009482,7.446063945355434,0,0,0.1
core_prophet_frozen_s42,prophet,frozen,selected,42,14,2025-04-14 01:00:00,2025-04-15 03:00:00,27,18.55,True,True,26.03890163719322,-14.035999074009482,12.002902563183738,0,0,0.1
core_prophet_frozen_s42,prophet,frozen,selected,42,14,2025-04-14 01:00:00,2025-04-15 04:00:00,28,12.42,True,True,23.60700973011845,-14.035999074009482,9.571010656108967,0,0,0.1
core_prophet_frozen_s42,prophet,frozen,selected,42,14,2025-04-14 01:00:00,2025-04-15 05:00:00,29,12.49,True,True,26.6263905792417,-14.035999074009482,12.590391505232219,0,0,0.1
core_prophet_frozen_s42,prophet,frozen,selected,42,14,2025-04-14 01:00:00,2025-04-15 06:00:00,30,14.06,True,True,26.15804229813986,-14.035999074009482,12.12204322413038,0,0,0.1
core_prophet_frozen_s42,prophet,frozen,selected,42,14,2025-04-14 01:00:00,2025-04-15 07:00:00,31,16.21,True,True,18.82089763886711,-14.035999074009482,4.784898564857627,0,0,0.1
core_prophet_frozen_s42,prophet,frozen,selected,42,14,2025-04-14 01:00:00,2025-04-15 08:00:00,32,18.69,True,True,4.957750459159513,-14.035999074009482,-9.078248614849969,0,0,0.1
core_prophet_frozen_s42,prophet,frozen,selected,42,14,2025-04-14 01:00:00,2025-04-15 09:00:00,33,20.55,True,True,-11.734966687891273,-14.035999074009482,-25.770965761900754,0,0,0.1
core_prophet_frozen_s42,prophet,frozen,selected,42,14,2025-04-14 01:00:00,2025-04-15 10:00:00,34,21.91,True,True,-26.160391775155915,-14.035999074009482,-40.1963908491654,0,0,0.1
core_prophet_frozen_s42,prophet,frozen,selected,42,14,2025-04-14 01:00:00,2025-04-15 11:00:00,35,23.95,True,True,-35.06472445092504,-14.035999074009482,-49.10072352493452,0,0,0.1
core_prophet_frozen_s42,prophet,frozen,selected,42,14,2025-04-14 01:00:00,2025-04-15 12:00:00,36,26.27,True,True,-37.72195060274166,-14.035999074009482,-51.75794967675114,0,0,0.1
core_prophet_frozen_s42,prophet,frozen,selected,42,14,2025-04-14 01:00:00,2025-04-15 13:00:00,37,28.15,True,True,-33.99383848181506,-14.035999074009482,-48.02983755582454,0,0,0.1
core_prophet_frozen_s42,prophet,frozen,selected,42,14,2025-04-14 01:00:00,2025-04-15 14:00:00,38,30.82,True,True,-24.754166342650763,-14.035999074009482,-38.790165416660244,0,0,0.1
core_prophet_frozen_s42,prophet,frozen,selected,42,14,2025-04-14 01:00:00,2025-04-15 15:00:00,39,33.89,True,True,-13.314750661512193,-14.035999074009482,-27.350749735521674,0,0,0.1
core_prophet_frozen_s42,prophet,frozen,selected,42,14,2025-04-14 01:00:00,2025-04-15 16:00:00,40,37.33,True,True,-2.21725015974377,-14.035999074009482,-16.25324923375325,0,0,0.1
core_prophet_frozen_s42,prophet,frozen,selected,42,14,2025-04-14 01:00:00,2025-04-15 17:00:00,41,41.02,True,True,8.732849151587999,-14.035999074009482,-5.303149922421483,0,0,0.1
core_prophet_frozen_s42,prophet,frozen,selected,42,14,2025-04-14 01:00:00,2025-04-15 18:00:00,42,43.27,True,True,19.39406787856896,-14.035999074009482,5.35806880455948,0,0,0.1
core_prophet_frozen_s42,prophet,frozen,selected,42,14,2025-04-14 01:00:00,2025-04-15 19:00:00,43,42.22,True,True,28.40090858426544,-14.035999074009482,14.36490951025596,0,0,0.1
core_prophet_frozen_s42,prophet,frozen,selected,42,14,2025-04-14 01:00:00,2025-04-15 20:00:00,44,38.11,True,True,34.30010534887654,-14.035999074009482,20.26410627486706,0,0,0.1
core_prophet_frozen_s42,prophet,frozen,selected,42,14,2025-04-14 01:00:00,2025-04-15 21:00:00,45,33.1,True,True,36.79151996716067,-14.035999074009482,22.755520893151186,0,0,0.1
core_prophet_frozen_s42,prophet,frozen,selected,42,14,2025-04-14 01:00:00,2025-04-15 22:00:00,46,28.75,True,True,35.76874367816896,-14.035999074009482,21.73274460415948,0,0,0.1
core_prophet_frozen_s42,prophet,frozen,selected,42,14,2025-04-14 01:00:00,2025-04-15 23:00:00,47,26.05,True,True,34.18538709878683,-14.035999074009482,20.149388024777352,0,0,0.1
core_prophet_frozen_s42,prophet,frozen,selected,42,14,2025-04-14 01:00:00,2025-04-16 00:00:00,48,25.44,True,True,31.774361701558973,-14.035999074009482,17.738362627549492,0,0,0.1
core_prophet_frozen_s42,prophet,frozen,selected,42,14,2025-04-14 01:00:00,2025-04-16 01:00:00,49,27.54,True,True,31.1165900839043,-14.035999074009482,17.080591009894817,0,0,0.1
core_prophet_frozen_s42,prophet,frozen,selected,42,14,2025-04-14 01:00:00,2025-04-16 02:00:00,50,31.87,True,True,35.41564856800673,-14.035999074009482,21.37964949399725,0,0,0.1
core_prophet_frozen_s42,prophet,frozen,selected,42,14,2025-04-14 01:00:00,2025-04-16 03:00:00,51,38.87,True,True,45.08666290960102,-14.035999074009482,31.050663835591536,0,0,0.1
core_prophet_frozen_s42,prophet,frozen,selected,42,14,2025-04-14 01:00:00,2025-04-16 04:00:00,52,55.84,True,True,46.56954906626382,-14.035999074009482,32.533549992254336,0,0,0.1
core_prophet_frozen_s42,prophet,frozen,selected,42,14,2025-04-14 01:00:00,2025-04-16 05:00:00,53,60.54,True,True,47.828485108234815,-14.035999074009482,33.792486034225334,0,0,0.1
core_prophet_frozen_s42,prophet,frozen,selected,42,14,2025-04-14 01:00:00,2025-04-16 06:00:00,54,61.76,True,True,44.64454062561208,-14.035999074009482,30.6085415516026,0,0,0.1
core_prophet_frozen_s42,prophet,frozen,selected,42,14,2025-04-14 01:00:00,2025-04-16 07:00:00,55,55.33,True,True,32.051630466672776,-14.035999074009482,18.015631392663295,0,0,0.1
core_prophet_frozen_s42,prophet,frozen,selected,42,14,2025-04-14 01:00:00,2025-04-16 08:00:00,56,51.15,True,True,14.470989976528417,-14.035999074009482,0.43499090251893513,0,0,0.1
core_prophet_frozen_s42,prophet,frozen,selected,42,14,2025-04-14 01:00:00,2025-04-16 09:00:00,57,50.26,True,True,-4.596343041839361,-14.035999074009482,-18.632342115848843,0,0,0.1
core_prophet_frozen_s42,prophet,frozen,selected,42,14,2025-04-14 01:00:00,2025-04-16 10:00:00,58,51.43,True,True,-19.349516569505766,-14.035999074009482,-33.38551564351525,0,0,0.1
core_prophet_frozen_s42,prophet,frozen,selected,42,14,2025-04-14 01:00:00,2025-04-16 11:00:00,59,53.39,True,True,-27.018539983528623,-14.035999074009482,-41.05453905753811,0,0,0.1
core_prophet_frozen_s42,prophet,frozen,selected,42,14,2025-04-14 01:00:00,2025-04-16 12:00:00,60,57.49,True,True,-26.78249190572538,-14.035999074009482,-40.81849097973486,0,0,0.1
core_prophet_frozen_s42,prophet,frozen,selected,42,14,2025-04-14 01:00:00,2025-04-16 13:00:00,61,61.56,True,True,-18.29697715567741,-14.035999074009482,-32.33297622968689,0,0,0.1
core_prophet_frozen_s42,prophet,frozen,selected,42,14,2025-04-14 01:00:00,2025-04-16 14:00:00,62,66.7,True,True,-2.3824802982929327,-14.035999074009482,-16.418479372302414,0,0,0.1
core_prophet_frozen_s42,prophet,frozen,selected,42,14,2025-04-14 01:00:00,2025-04-16 15:00:00,63,73.05,True,True,15.342314450557126,-14.035999074009482,1.3063153765476443,0,0,0.1
core_prophet_frozen_s42,prophet,frozen,selected,42,14,2025-04-14 01:00:00,2025-04-16 16:00:00,64,78.35,True,True,29.352936912979946,-14.035999074009482,15.316937838970464,0,0,0.1
core_prophet_frozen_s42,prophet,frozen,selected,42,14,2025-04-14 01:00:00,2025-04-16 17:00:00,65,85.89,True,True,41.59857763280712,-14.035999074009482,27.56257855879764,0,0,0.1
core_prophet_frozen_s42,prophet,frozen,selected,42,14,2025-04-14 01:00:00,2025-04-16 18:00:00,66,98.3,True,True,54.826680635972735,-14.035999074009482,40.790681561963254,0,0,0.1
core_prophet_frozen_s42,prophet,frozen,selected,42,14,2025-04-14 01:00:00,2025-04-16 19:00:00,67,119.32,True,True,67.89423439559118,-14.035999074009482,53.8582353215817,0,0,0.1
core_prophet_frozen_s42,prophet,frozen,selected,42,14,2025-04-14 01:00:00,2025-04-16 20:00:00,68,138.07,True,True,80.78005788284705,-14.035999074009482,66.74405880883756,0,0,0.1
core_prophet_frozen_s42,prophet,frozen,selected,42,14,2025-04-14 01:00:00,2025-04-16 21:00:00,69,156.15,True,True,90.5728710045563,-14.035999074009482,76.53687193054682,0,0,0.1
core_prophet_frozen_s42,prophet,frozen,selected,42,14,2025-04-14 01:00:00,2025-04-16 22:00:00,70,173.93,True,True,95.02969654175745,-14.035999074009482,80.99369746774796,0,0,0.1
core_prophet_frozen_s42,prophet,frozen,selected,42,14,2025-04-14 01:00:00,2025-04-16 23:00:00,71,191.27,True,True,97.0297539901226,-14.035999074009482,82.99375491611312,0,0,0.1
core_prophet_frozen_s42,prophet,frozen,selected,42,14,2025-04-14 01:00:00,2025-04-17 00:00:00,72,203.69,True,True,93.71028792154088,-14.035999074009482,79.6742888475314,0,0,0.1
core_prophet_frozen_s42,prophet,frozen,selected,42,14,2025-04-14 01:00:00,2025-04-17 01:00:00,73,209.72,True,True,85.87705821852887,-14.035999074009482,71.84105914451939,0,0,0.1
core_prophet_frozen_s42,prophet,frozen,selected,42,14,2025-04-14 01:00:00,2025-04-17 02:00:00,74,210.86,True,True,83.42462012873298,-14.035999074009482,69.3886210547235,0,0,0.1
core_prophet_frozen_s42,prophet,frozen,selected,42,14,2025-04-14 01:00:00,2025-04-17 03:00:00,75,211.07,True,True,85.18518368562616,-14.035999074009482,71.14918461161668,0,0,0.1
core_prophet_frozen_s42,prophet,frozen,selected,42,14,2025-04-14 01:00:00,2025-04-17 04:00:00,76,210.02,True,True,85.14740085975288,-14.035999074009482,71.1114017857434,0,0,0.1
core_prophet_frozen_s42,prophet,frozen,selected,42,14,2025-04-14 01:00:00,2025-04-17 05:00:00,77,196.37,True,True,84.44477145281448,-14.035999074009482,70.408772378805,0,0,0.1
core_prophet_frozen_s42,prophet,frozen,selected,42,14,2025-04-14 01:00:00,2025-04-17 06:00:00,78,167.1,True,True,77.16556029024406,-14.035999074009482,63.12956121623458,0,0,0.1
core_prophet_frozen_s42,prophet,frozen,selected,42,14,2025-04-14 01:00:00,2025-04-17 07:00:00,79,84.79,True,True,48.676503303674906,-14.035999074009482,34.640504229665424,0,0,0.1
core_prophet_frozen_s42,prophet,frozen,selected,42,14,2025-04-14 01:00:00,2025-04-17 08:00:00,80,60.81,True,True,28.16435225271175,-14.035999074009482,14.12835317870227,0,0,0.1
core_prophet_frozen_s42,prophet,frozen,selected,42,14,2025-04-14 01:00:00,2025-04-17 09:00:00,81,50.78,True,True,9.448056574990376,-14.035999074009482,-4.587942499019105,0,0,0.1
core_prophet_frozen_s42,prophet,frozen,selected,42,14,2025-04-14 01:00:00,2025-04-17 10:00:00,82,42.59,True,True,-6.139555646187517,-14.035999074009482,-20.175554720197,0,0,0.1
core_prophet_frozen_s42,prophet,frozen,selected,42,14,2025-04-14 01:00:00,2025-04-17 11:00:00,83,34.11,True,True,-16.899589284520943,-14.035999074009482,-30.935588358530424,0,0,0.1
core_prophet_frozen_s42,prophet,frozen,selected,42,14,2025-04-14 01:00:00,2025-04-17 12:00:00,84,26.54,True,True,-19.770281481566656,-14.035999074009482,-33.80628055557614,0,0,0.1
core_prophet_frozen_s42,prophet,frozen,selected,42,14,2025-04-14 01:00:00,2025-04-17 13:00:00,85,21.57,True,True,-11.862710768132729,-14.035999074009482,-25.89870984214221,0,0,0.1
core_prophet_frozen_s42,prophet,frozen,selected,42,14,2025-04-14 01:00:00,2025-04-17 14:00:00,86,18.96,True,True,3.976845504437165,-14.035999074009482,-10.059153569572317,0,0,0.1
core_prophet_frozen_s42,prophet,frozen,selected,42,14,2025-04-14 01:00:00,2025-04-17 15:00:00,87,15.6,True,True,16.636480029928293,-14.035999074009482,2.600480955918812,0,0,0.1
core_prophet_frozen_s42,prophet,frozen,selected,42,14,2025-04-14 01:00:00,2025-04-17 16:00:00,88,10.29,True,True,17.764851493730532,-14.035999074009482,3.7288524197210506,0,0,0.1
core_prophet_frozen_s42,prophet,frozen,selected,42,14,2025-04-14 01:00:00,2025-04-17 17:00:00,89,7.24,True,True,18.83111044462163,-14.035999074009482,4.7951113706121475,0,0,0.1
core_prophet_frozen_s42,prophet,frozen,selected,42,14,2025-04-14 01:00:00,2025-04-17 18:00:00,90,5.21,True,True,21.292126345811056,-14.035999074009482,7.256127271801574,0,0,0.1
core_prophet_frozen_s42,prophet,frozen,selected,42,14,2025-04-14 01:00:00,2025-04-17 19:00:00,91,4.93,True,True,25.464696175197048,-14.035999074009482,11.428697101187566,0,0,0.1
core_prophet_frozen_s42,prophet,frozen,selected,42,14,2025-04-14 01:00:00,2025-04-17 20:00:00,92,9.05,True,True,32.40497448206335,-14.035999074009482,18.36897540805387,0,0,0.1
core_prophet_frozen_s42,prophet,frozen,selected,42,14,2025-04-14 01:00:00,2025-04-17 21:00:00,93,15.76,True,True,39.00389439978045,-14.035999074009482,24.967895325770968,0,0,0.1
core_prophet_frozen_s42,prophet,frozen,selected,42,14,2025-04-14 01:00:00,2025-04-17 22:00:00,94,22.01,True,True,42.81344317986776,-14.035999074009482,28.77744410585828,0,0,0.1
core_prophet_frozen_s42,prophet,frozen,selected,42,14,2025-04-14 01:00:00,2025-04-17 23:00:00,95,28.58,True,True,44.50039881515861,-14.035999074009482,30.46439974114913,0,0,0.1
core_prophet_frozen_s42,prophet,frozen,selected,42,14,2025-04-14 01:00:00,2025-04-18 00:00:00,96,33.67,True,True,45.41082205435984,-14.035999074009482,31.37482298035036,0,0,0.1
core_prophet_frozen_s42,prophet,frozen,selected,42,14,2025-04-14 01:00:00,2025-04-18 01:00:00,97,34.01,True,True,44.59420993748228,-14.035999074009482,30.5582108634728,0,0,0.1
core_prophet_frozen_s42,prophet,frozen,selected,42,14,2025-04-14 01:00:00,2025-04-18 02:00:00,98,27.92,True,True,44.25227479019307,-14.035999074009482,30.21627571618359,0,0,0.1
core_prophet_frozen_s42,prophet,frozen,selected,42,14,2025-04-14 01:00:00,2025-04-18 03:00:00,99,21.04,True,True,47.581551420974165,-14.035999074009482,33.54555234696468,0,0,0.1
core_prophet_frozen_s42,prophet,frozen,selected,42,14,2025-04-14 01:00:00,2025-04-18 04:00:00,100,15.5,True,True,52.32637986822948,-14.035999074009482,38.29038079422,0,0,0.1
core_prophet_frozen_s42,prophet,frozen,selected,42,14,2025-04-14 01:00:00,2025-04-18 05:00:00,101,11.64,True,True,56.31611544383489,-14.035999074009482,42.28011636982541,0,0,0.1
core_prophet_frozen_s42,prophet,frozen,selected,42,14,2025-04-14 01:00:00,2025-04-18 06:00:00,102,9.4,True,True,55.12508608060935,-14.035999074009482,41.08908700659987,0,0,0.1
core_prophet_frozen_s42,prophet,frozen,selected,42,14,2025-04-14 01:00:00,2025-04-18 07:00:00,103,8.11,True,True,47.33726611366066,-14.035999074009482,33.30126703965118,0,0,0.1
core_prophet_frozen_s42,prophet,frozen,selected,42,14,2025-04-14 01:00:00,2025-04-18 08:00:00,104,7.49,True,True,35.10697925878438,-14.035999074009482,21.070980184774896,0,0,0.1
core_prophet_frozen_s42,prophet,frozen,selected,42,14,2025-04-14 01:00:00,2025-04-18 09:00:00,105,7.12,True,True,21.51079374351721,-14.035999074009482,7.474794669507727,0,0,0.1
core_prophet_frozen_s42,prophet,frozen,selected,42,14,2025-04-14 01:00:00,2025-04-18 10:00:00,106,7.15,True,True,9.768989892879574,-14.035999074009482,-4.267009181129907,0,0,0.1
core_prophet_frozen_s42,prophet,frozen,selected,42,14,2025-04-14 01:00:00,2025-04-18 11:00:00,107,8.29,True,True,3.3313499628423244,-14.035999074009482,-10.704649111167157,0,0,0.1
core_prophet_frozen_s42,prophet,frozen,selected,42,14,2025-04-14 01:00:00,2025-04-18 12:00:00,108,10.45,True,True,2.5911135495954625,-14.035999074009482,-11.444885524414019,0,0,0.1
core_prophet_frozen_s42,prophet,frozen,selected,42,14,2025-04-14 01:00:00,2025-04-18 13:00:00,109,14.22,True,True,10.640680886470363,-14.035999074009482,-3.395318187539118,0,0,0.1
core_prophet_frozen_s42,prophet,frozen,selected,42,14,2025-04-14 01:00:00,2025-04-18 14:00:00,110,19.19,True,True,25.65305335562385,-14.035999074009482,11.617054281614369,0,0,0.1
core_prophet_frozen_s42,prophet,frozen,selected,42,14,2025-04-14 01:00:00,2025-04-18 15:00:00,111,23.64,True,True,41.63949879275114,-14.035999074009482,27.60349971874166,0,0,0.1
core_prophet_frozen_s42,prophet,frozen,selected,42,14,2025-04-14 01:00:00,2025-04-18 16:00:00,112,26.41,True,True,54.17883423873235,-14.035999074009482,40.14283516472287,0,0,0.1
core_prophet_frozen_s42,prophet,frozen,selected,42,14,2025-04-14 01:00:00,2025-04-18 17:00:00,113,28.14,True,True,61.67256180746213,-14.035999074009482,47.63656273345265,0,0,0.1
core_prophet_frozen_s42,prophet,frozen,selected,42,14,2025-04-14 01:00:00,2025-04-18 18:00:00,114,29.76,True,True,67.01889470922424,-14.035999074009482,52.98289563521476,0,0,0.1
core_prophet_frozen_s42,prophet,frozen,selected,42,14,2025-04-14 01:00:00,2025-04-18 19:00:00,115,31.25,True,True,71.82108925337897,-14.035999074009482,57.78509017936949,0,0,0.1
core_prophet_frozen_s42,prophet,frozen,selected,42,14,2025-04-14 01:00:00,2025-04-18 20:00:00,116,32.77,True,True,75.87489575595185,-14.035999074009482,61.83889668194237,0,0,0.1
core_prophet_frozen_s42,prophet,frozen,selected,42,14,2025-04-14 01:00:00,2025-04-18 21:00:00,117,34.42,True,True,77.76687112499252,-14.035999074009482,63.73087205098304,0,0,0.1
core_prophet_frozen_s42,prophet,frozen,selected,42,14,2025-04-14 01:00:00,2025-04-18 22:00:00,118,36.19,True,True,75.9750125299756,-14.035999074009482,61.93901345596612,0,0,0.1
core_prophet_frozen_s42,prophet,frozen,selected,42,14,2025-04-14 01:00:00,2025-04-18 23:00:00,119,38.7,True,True,68.07585024210857,-14.035999074009482,54.03985116809909,0,0,0.1
core_prophet_frozen_s42,prophet,frozen,selected,42,14,2025-04-14 01:00:00,2025-04-19 00:00:00,120,41.24,True,True,56.23746587674614,-14.035999074009482,42.20146680273666,0,0,0.1
core_prophet_frozen_s42,prophet,frozen,selected,42,14,2025-04-14 01:00:00,2025-04-19 01:00:00,121,,False,False,,-14.035999074009482,,0,0,0.1
core_prophet_frozen_s42,prophet,frozen,selected,42,14,2025-04-14 01:00:00,2025-04-19 02:00:00,122,,False,False,,-14.035999074009482,,0,0,0.1
core_prophet_frozen_s42,prophet,frozen,selected,42,14,2025-04-14 01:00:00,2025-04-19 03:00:00,123,,False,False,,-14.035999074009482,,0,0,0.1
core_prophet_frozen_s42,prophet,frozen,selected,42,14,2025-04-14 01:00:00,2025-04-19 04:00:00,124,,False,False,,-14.035999074009482,,0,0,0.1
core_prophet_frozen_s42,prophet,frozen,selected,42,14,2025-04-14 01:00:00,2025-04-19 05:00:00,125,,False,False,,-14.035999074009482,,0,0,0.1
core_prophet_frozen_s42,prophet,frozen,selected,42,14,2025-04-14 01:00:00,2025-04-19 06:00:00,126,,False,False,,-14.035999074009482,,0,0,0.1
core_prophet_frozen_s42,prophet,frozen,selected,42,14,2025-04-14 01:00:00,2025-04-19 07:00:00,127,,False,False,,-14.035999074009482,,0,0,0.1
core_prophet_frozen_s42,prophet,frozen,selected,42,14,2025-04-14 01:00:00,2025-04-19 08:00:00,128,,False,False,,-14.035999074009482,,0,0,0.1
core_prophet_frozen_s42,prophet,frozen,selected,42,14,2025-04-14 01:00:00,2025-04-19 09:00:00,129,,False,False,,-14.035999074009482,,0,0,0.1
core_prophet_frozen_s42,prophet,frozen,selected,42,14,2025-04-14 01:00:00,2025-04-19 10:00:00,130,,False,False,,-14.035999074009482,,0,0,0.1
core_prophet_frozen_s42,prophet,frozen,selected,42,14,2025-04-14 01:00:00,2025-04-19 11:00:00,131,,False,False,,-14.035999074009482,,0,0,0.1
core_prophet_frozen_s42,prophet,frozen,selected,42,14,2025-04-14 01:00:00,2025-04-19 12:00:00,132,,False,False,,-14.035999074009482,,0,0,0.1
core_prophet_frozen_s42,prophet,frozen,selected,42,14,2025-04-14 01:00:00,2025-04-19 13:00:00,133,,False,False,,-14.035999074009482,,0,0,0.1
core_prophet_frozen_s42,prophet,frozen,selected,42,14,2025-04-14 01:00:00,2025-04-19 14:00:00,134,,False,False,,-14.035999074009482,,0,0,0.1
core_prophet_frozen_s42,prophet,frozen,selected,42,14,2025-04-14 01:00:00,2025-04-19 15:00:00,135,,False,False,,-14.035999074009482,,0,0,0.1
core_prophet_frozen_s42,prophet,frozen,selected,42,14,2025-04-14 01:00:00,2025-04-19 16:00:00,136,,False,False,,-14.035999074009482,,0,0,0.1
core_prophet_frozen_s42,prophet,frozen,selected,42,14,2025-04-14 01:00:00,2025-04-19 17:00:00,137,,False,False,,-14.035999074009482,,0,0,0.1
core_prophet_frozen_s42,prophet,frozen,selected,42,14,2025-04-14 01:00:00,2025-04-19 18:00:00,138,,False,False,,-14.035999074009482,,0,0,0.1
core_prophet_frozen_s42,prophet,frozen,selected,42,14,2025-04-14 01:00:00,2025-04-19 19:00:00,139,,False,False,,-14.035999074009482,,0,0,0.1
core_prophet_frozen_s42,prophet,frozen,selected,42,14,2025-04-14 01:00:00,2025-04-19 20:00:00,140,,False,False,,-14.035999074009482,,0,0,0.1
core_prophet_frozen_s42,prophet,frozen,selected,42,14,2025-04-14 01:00:00,2025-04-19 21:00:00,141,,False,False,,-14.035999074009482,,0,0,0.1
core_prophet_frozen_s42,prophet,frozen,selected,42,14,2025-04-14 01:00:00,2025-04-19 22:00:00,142,,False,False,,-14.035999074009482,,0,0,0.1
core_prophet_frozen_s42,prophet,frozen,selected,42,14,2025-04-14 01:00:00,2025-04-19 23:00:00,143,,False,False,,-14.035999074009482,,0,0,0.1
core_prophet_frozen_s42,prophet,frozen,selected,42,14,2025-04-14 01:00:00,2025-04-20 00:00:00,144,,False,False,,-14.035999074009482,,0,0,0.1
core_prophet_frozen_s42,prophet,frozen,selected,42,14,2025-04-14 01:00:00,2025-04-20 01:00:00,145,79.86,True,True,39.01104941958238,-14.035999074009482,24.975050345572896,0,0,0.1
core_prophet_frozen_s42,prophet,frozen,selected,42,14,2025-04-14 01:00:00,2025-04-20 02:00:00,146,82.41,True,True,38.83468964141829,-14.035999074009482,24.798690567408805,0,0,0.1
core_prophet_frozen_s42,prophet,frozen,selected,42,14,2025-04-14 01:00:00,2025-04-20 03:00:00,147,89.55,True,True,43.97135892187623,-14.035999074009482,29.93535984786675,0,0,0.1
core_prophet_frozen_s42,prophet,frozen,selected,42,14,2025-04-14 01:00:00,2025-04-20 04:00:00,148,93.49,True,True,40.816713979441005,-14.035999074009482,26.780714905431523,0,0,0.1
core_prophet_frozen_s42,prophet,frozen,selected,42,14,2025-04-14 01:00:00,2025-04-20 05:00:00,149,90.2,True,True,43.251283028530224,-14.035999074009482,29.215283954520743,0,0,0.1
core_prophet_frozen_s42,prophet,frozen,selected,42,14,2025-04-14 01:00:00,2025-04-20 06:00:00,150,91.14,True,True,43.427454064666335,-14.035999074009482,29.391454990656854,0,0,0.1
core_prophet_frozen_s42,prophet,frozen,selected,42,14,2025-04-14 01:00:00,2025-04-20 07:00:00,151,91.17,True,True,36.47349762634275,-14.035999074009482,22.437498552333267,0,0,0.1
core_prophet_frozen_s42,prophet,frozen,selected,42,14,2025-04-14 01:00:00,2025-04-20 08:00:00,152,89.62,True,True,22.161134698312598,-14.035999074009482,8.125135624303116,0,0,0.1
core_prophet_frozen_s42,prophet,frozen,selected,42,14,2025-04-14 01:00:00,2025-04-20 09:00:00,153,84.11,True,True,4.5000265511986015,-14.035999074009482,-9.53597252281088,0,0,0.1
core_prophet_frozen_s42,prophet,frozen,selected,42,14,2025-04-14 01:00:00,2025-04-20 10:00:00,154,79.05,True,True,-7.73394262781116,-14.035999074009482,-21.769941701820642,0,0,0.1
core_prophet_frozen_s42,prophet,frozen,selected,42,14,2025-04-14 01:00:00,2025-04-20 11:00:00,155,77.68,True,True,-12.91397180316045,-14.035999074009482,-26.949970877169932,0,0,0.1
core_prophet_frozen_s42,prophet,frozen,selected,42,14,2025-04-14 01:00:00,2025-04-20 12:00:00,156,78.67,True,True,-12.801904754180242,-14.035999074009482,-26.837903828189724,0,0,0.1
core_prophet_frozen_s42,prophet,frozen,selected,42,14,2025-04-14 01:00:00,2025-04-20 13:00:00,157,79.42,True,True,-8.99284491505486,-14.035999074009482,-23.02884398906434,0,0,0.1
core_prophet_frozen_s42,prophet,frozen,selected,42,14,2025-04-14 01:00:00,2025-04-20 14:00:00,158,80.5,True,True,-2.0008730351369763,-14.035999074009482,-16.036872109146458,0,0,0.1
core_prophet_frozen_s42,prophet,frozen,selected,42,14,2025-04-14 01:00:00,2025-04-20 15:00:00,159,81.76,True,True,5.471827682196789,-14.035999074009482,-8.564171391812692,0,0,0.1
core_prophet_frozen_s42,prophet,frozen,selected,42,14,2025-04-14 01:00:00,2025-04-20 16:00:00,160,82.98,True,True,8.531231921207024,-14.035999074009482,-5.504767152802458,0,0,0.1
core_prophet_frozen_s42,prophet,frozen,selected,42,14,2025-04-14 01:00:00,2025-04-20 17:00:00,161,84.97,True,True,14.261635183811478,-14.035999074009482,0.22563610980199655,0,0,0.1
core_prophet_frozen_s42,prophet,frozen,selected,42,14,2025-04-14 01:00:00,2025-04-20 18:00:00,162,88.26,True,True,20.43378753242393,-14.035999074009482,6.39778845841445,0,0,0.1
core_prophet_frozen_s42,prophet,frozen,selected,42,14,2025-04-14 01:00:00,2025-04-20 19:00:00,163,92.57,True,True,26.95516790600061,-14.035999074009482,12.91916883199113,0,0,0.1
core_prophet_frozen_s42,prophet,frozen,selected,42,14,2025-04-14 01:00:00,2025-04-20 20:00:00,164,95.9,True,True,33.897951760743524,-14.035999074009482,19.861952686734043,0,0,0.1
core_prophet_frozen_s42,prophet,frozen,selected,42,14,2025-04-14 01:00:00,2025-04-20 21:00:00,165,99.09,True,True,38.74605157175344,-14.035999074009482,24.71005249774396,0,0,0.1
core_prophet_frozen_s42,prophet,frozen,selected,42,14,2025-04-14 01:00:00,2025-04-20 22:00:00,166,100.87,True,True,39.67467959980013,-14.035999074009482,25.638680525790647,0,0,0.1
core_prophet_frozen_s42,prophet,frozen,selected,42,14,2025-04-14 01:00:00,2025-04-20 23:00:00,167,101.08,True,True,38.14211560130028,-14.035999074009482,24.1061165272908,0,0,0.1
core_prophet_frozen_s42,prophet,frozen,selected,42,14,2025-04-14 01:00:00,2025-04-21 00:00:00,168,99.8,True,True,34.95794990234498,-14.035999074009482,20.921950828335497,0,0,0.1
core_prophet_frozen_s42,prophet,frozen,selected,42,15,2025-04-21 01:00:00,2025-04-21 01:00:00,1,95.95,True,True,31.84376667841306,-10.433625339581283,21.410141338831778,0,0,0.1
core_prophet_frozen_s42,prophet,frozen,selected,42,15,2025-04-21 01:00:00,2025-04-21 02:00:00,2,90.31,True,True,32.76995224509301,-10.433625339581283,22.336326905511726,0,0,0.1
core_prophet_frozen_s42,prophet,frozen,selected,42,15,2025-04-21 01:00:00,2025-04-21 03:00:00,3,84.04,True,True,38.064350255327696,-10.433625339581283,27.630724915746413,0,0,0.1
core_prophet_frozen_s42,prophet,frozen,selected,42,15,2025-04-21 01:00:00,2025-04-21 04:00:00,4,81.25,True,True,44.61489365308484,-10.433625339581283,34.18126831350356,0,0,0.1
core_prophet_frozen_s42,prophet,frozen,selected,42,15,2025-04-21 01:00:00,2025-04-21 05:00:00,5,79.33,True,True,50.51524897110912,-10.433625339581283,40.08162363152784,0,0,0.1
core_prophet_frozen_s42,prophet,frozen,selected,42,15,2025-04-21 01:00:00,2025-04-21 06:00:00,6,78.16,True,True,51.74883072552928,-10.433625339581283,41.315205385948,0,0,0.1
core_prophet_frozen_s42,prophet,frozen,selected,42,15,2025-04-21 01:00:00,2025-04-21 07:00:00,7,78.28,True,True,45.84523505039894,-10.433625339581283,35.41160971081766,0,0,0.1
core_prophet_frozen_s42,prophet,frozen,selected,42,15,2025-04-21 01:00:00,2025-04-21 08:00:00,8,79.63,True,True,33.60740999099977,-10.433625339581283,23.173784651418487,0,0,0.1
core_prophet_frozen_s42,prophet,frozen,selected,42,15,2025-04-21 01:00:00,2025-04-21 09:00:00,9,81.23,True,True,18.064160745340104,-10.433625339581283,7.63053540575882,0,0,0.1
core_prophet_frozen_s42,prophet,frozen,selected,42,15,2025-04-21 01:00:00,2025-04-21 10:00:00,10,84.19,True,True,8.773141387662832,-10.433625339581283,-1.6604839519184509,0,0,0.1
core_prophet_frozen_s42,prophet,frozen,selected,42,15,2025-04-21 01:00:00,2025-04-21 11:00:00,11,89.85,True,True,8.621645207013813,-10.433625339581283,-1.81198013256747,0,0,0.1
core_prophet_frozen_s42,prophet,frozen,selected,42,15,2025-04-21 01:00:00,2025-04-21 12:00:00,12,97.2,True,True,13.364942380584864,-10.433625339581283,2.931317041003581,0,0,0.1
core_prophet_frozen_s42,prophet,frozen,selected,42,15,2025-04-21 01:00:00,2025-04-21 13:00:00,13,104.1,True,True,21.7703494020696,-10.433625339581283,11.336724062488315,0,0,0.1
core_prophet_frozen_s42,prophet,frozen,selected,42,15,2025-04-21 01:00:00,2025-04-21 14:00:00,14,109.19,True,True,31.543051354558173,-10.433625339581283,21.10942601497689,0,0,0.1
core_prophet_frozen_s42,prophet,frozen,selected,42,15,2025-04-21 01:00:00,2025-04-21 15:00:00,15,109.37,True,True,39.55696431395694,-10.433625339581283,29.123338974375656,0,0,0.1
core_prophet_frozen_s42,prophet,frozen,selected,42,15,2025-04-21 01:00:00,2025-04-21 16:00:00,16,95.1,True,True,28.1996454816815,-10.433625339581283,17.766020142100217,0,0,0.1
core_prophet_frozen_s42,prophet,frozen,selected,42,15,2025-04-21 01:00:00,2025-04-21 17:00:00,17,73.7,True,True,21.114927690405096,-10.433625339581283,10.681302350823813,0,0,0.1
core_prophet_frozen_s42,prophet,frozen,selected,42,15,2025-04-21 01:00:00,2025-04-21 18:00:00,18,53.92,True,True,16.23302524319277,-10.433625339581283,5.799399903611487,0,0,0.1
core_prophet_frozen_s42,prophet,frozen,selected,42,15,2025-04-21 01:00:00,2025-04-21 19:00:00,19,39.7,True,True,13.254799726769136,-10.433625339581283,2.8211743871878525,0,0,0.1
core_prophet_frozen_s42,prophet,frozen,selected,42,15,2025-04-21 01:00:00,2025-04-21 20:00:00,20,36.29,True,True,16.257519338149194,-10.433625339581283,5.823893998567911,0,0,0.1
core_prophet_frozen_s42,prophet,frozen,selected,42,15,2025-04-21 01:00:00,2025-04-21 21:00:00,21,35.79,True,True,19.21224754006857,-10.433625339581283,8.778622200487288,0,0,0.1
core_prophet_frozen_s42,prophet,frozen,selected,42,15,2025-04-21 01:00:00,2025-04-21 22:00:00,22,35.5,True,True,19.398309116330665,-10.433625339581283,8.964683776749382,0,0,0.1
core_prophet_frozen_s42,prophet,frozen,selected,42,15,2025-04-21 01:00:00,2025-04-21 23:00:00,23,36.01,True,True,17.897853270676507,-10.433625339581283,7.464227931095223,0,0,0.1
core_prophet_frozen_s42,prophet,frozen,selected,42,15,2025-04-21 01:00:00,2025-04-22 00:00:00,24,37.05,True,True,14.472872618210944,-10.433625339581283,4.039247278629661,0,0,0.1
core_prophet_frozen_s42,prophet,frozen,selected,42,15,2025-04-21 01:00:00,2025-04-22 01:00:00,25,37.3,True,True,11.396720708910893,-10.433625339581283,0.9630953693296096,0,0,0.1
core_prophet_frozen_s42,prophet,frozen,selected,42,15,2025-04-21 01:00:00,2025-04-22 02:00:00,26,37.43,True,True,11.962183687480888,-10.433625339581283,1.5285583478996045,0,0,0.1
core_prophet_frozen_s42,prophet,frozen,selected,42,15,2025-04-21 01:00:00,2025-04-22 03:00:00,27,36.87,True,True,15.889461673993424,-10.433625339581283,5.45583633441214,0,0,0.1
core_prophet_frozen_s42,prophet,frozen,selected,42,15,2025-04-21 01:00:00,2025-04-22 04:00:00,28,28.19,True,True,16.798152195027,-10.433625339581283,6.3645268554457175,0,0,0.1
core_prophet_frozen_s42,prophet,frozen,selected,42,15,2025-04-21 01:00:00,2025-04-22 05:00:00,29,24.66,True,True,20.01413959258809,-10.433625339581283,9.580514253006807,0,0,0.1
core_prophet_frozen_s42,prophet,frozen,selected,42,15,2025-04-21 01:00:00,2025-04-22 06:00:00,30,24.64,True,True,19.398728393124884,-10.433625339581283,8.9651030535436,0,0,0.1
core_prophet_frozen_s42,prophet,frozen,selected,42,15,2025-04-21 01:00:00,2025-04-22 07:00:00,31,25.98,True,True,11.96784392886832,-10.433625339581283,1.5342185892870361,0,0,0.1
core_prophet_frozen_s42,prophet,frozen,selected,42,15,2025-04-21 01:00:00,2025-04-22 08:00:00,32,28.01,True,True,-1.6188310195944666,-10.433625339581283,-12.05245635917575,0,0,0.1
core_prophet_frozen_s42,prophet,frozen,selected,42,15,2025-04-21 01:00:00,2025-04-22 09:00:00,33,28.49,True,True,-18.0977177017063,-10.433625339581283,-28.531343041287585,0,0,0.1
core_prophet_frozen_s42,prophet,frozen,selected,42,15,2025-04-21 01:00:00,2025-04-22 10:00:00,34,28.07,True,True,-32.02911797415405,-10.433625339581283,-42.46274331373533,0,0,0.1
core_prophet_frozen_s42,prophet,frozen,selected,42,15,2025-04-21 01:00:00,2025-04-22 11:00:00,35,28.25,True,True,-40.23013431800612,-10.433625339581283,-50.663759657587406,0,0,0.1
core_prophet_frozen_s42,prophet,frozen,selected,42,15,2025-04-21 01:00:00,2025-04-22 12:00:00,36,29.42,True,True,-42.01010876635274,-10.433625339581283,-52.44373410593402,0,0,0.1
core_prophet_frozen_s42,prophet,frozen,selected,42,15,2025-04-21 01:00:00,2025-04-22 13:00:00,37,30.56,True,True,-37.86303397396094,-10.433625339581283,-48.29665931354222,0,0,0.1
core_prophet_frozen_s42,prophet,frozen,selected,42,15,2025-04-21 01:00:00,2025-04-22 14:00:00,38,32.4,True,True,-29.2000608128908,-10.433625339581283,-39.63368615247208,0,0,0.1
core_prophet_frozen_s42,prophet,frozen,selected,42,15,2025-04-21 01:00:00,2025-04-22 15:00:00,39,34.47,True,True,-19.21184894290144,-10.433625339581283,-29.645474282482724,0,0,0.1
core_prophet_frozen_s42,prophet,frozen,selected,42,15,2025-04-21 01:00:00,2025-04-22 16:00:00,40,36.16,True,True,-10.387894885602662,-10.433625339581283,-20.821520225183946,0,0,0.1
core_prophet_frozen_s42,prophet,frozen,selected,42,15,2025-04-21 01:00:00,2025-04-22 17:00:00,41,38.39,True,True,-2.310690889602199,-10.433625339581283,-12.744316229183482,0,0,0.1
core_prophet_frozen_s42,prophet,frozen,selected,42,15,2025-04-21 01:00:00,2025-04-22 18:00:00,42,40.94,True,True,5.655416945351988,-10.433625339581283,-4.778208394229296,0,0,0.1
core_prophet_frozen_s42,prophet,frozen,selected,42,15,2025-04-21 01:00:00,2025-04-22 19:00:00,43,43.84,True,True,14.042321103185316,-10.433625339581283,3.6086957636040324,0,0,0.1
core_prophet_frozen_s42,prophet,frozen,selected,42,15,2025-04-21 01:00:00,2025-04-22 20:00:00,44,48.09,True,True,22.66228967458397,-10.433625339581283,12.228664335002687,0,0,0.1
core_prophet_frozen_s42,prophet,frozen,selected,42,15,2025-04-21 01:00:00,2025-04-22 21:00:00,45,53.64,True,True,29.928586088651144,-10.433625339581283,19.49496074906986,0,0,0.1
core_prophet_frozen_s42,prophet,frozen,selected,42,15,2025-04-21 01:00:00,2025-04-22 22:00:00,46,59.41,True,True,34.01632950397703,-10.433625339581283,23.58270416439575,0,0,0.1
core_prophet_frozen_s42,prophet,frozen,selected,42,15,2025-04-21 01:00:00,2025-04-22 23:00:00,47,64.04,True,True,36.03986861040502,-10.433625339581283,25.60624327082374,0,0,0.1
core_prophet_frozen_s42,prophet,frozen,selected,42,15,2025-04-21 01:00:00,2025-04-23 00:00:00,48,66.68,True,True,31.847726133053754,-10.433625339581283,21.41410079347247,0,0,0.1
core_prophet_frozen_s42,prophet,frozen,selected,42,15,2025-04-21 01:00:00,2025-04-23 01:00:00,49,67.4,True,True,27.14803962854549,-10.433625339581283,16.714414288964207,0,0,0.1
core_prophet_frozen_s42,prophet,frozen,selected,42,15,2025-04-21 01:00:00,2025-04-23 02:00:00,50,65.28,True,True,25.873940914222885,-10.433625339581283,15.440315574641602,0,0,0.1
core_prophet_frozen_s42,prophet,frozen,selected,42,15,2025-04-21 01:00:00,2025-04-23 03:00:00,51,62.01,True,True,28.863460846076062,-10.433625339581283,18.42983550649478,0,0,0.1
core_prophet_frozen_s42,prophet,frozen,selected,42,15,2025-04-21 01:00:00,2025-04-23 04:00:00,52,60.0,True,True,31.567616286652225,-10.433625339581283,21.13399094707094,0,0,0.1
core_prophet_frozen_s42,prophet,frozen,selected,42,15,2025-04-21 01:00:00,2025-04-23 05:00:00,53,63.63,True,True,32.71612287590747,-10.433625339581283,22.28249753632619,0,0,0.1
core_prophet_frozen_s42,prophet,frozen,selected,42,15,2025-04-21 01:00:00,2025-04-23 06:00:00,54,66.22,True,True,29.05209512567339,-10.433625339581283,18.618469786092106,0,0,0.1
core_prophet_frozen_s42,prophet,frozen,selected,42,15,2025-04-21 01:00:00,2025-04-23 07:00:00,55,70.81,True,True,15.164617592783316,-10.433625339581283,4.730992253202032,0,0,0.1
core_prophet_frozen_s42,prophet,frozen,selected,42,15,2025-04-21 01:00:00,2025-04-23 08:00:00,56,65.39,True,True,-0.9151496794750926,-10.433625339581283,-11.348775019056376,0,0,0.1
core_prophet_frozen_s42,prophet,frozen,selected,42,15,2025-04-21 01:00:00,2025-04-23 09:00:00,57,54.6,True,True,-18.31879996634939,-10.433625339581283,-28.75242530593067,0,0,0.1
core_prophet_frozen_s42,prophet,frozen,selected,42,15,2025-04-21 01:00:00,2025-04-23 10:00:00,58,41.77,True,True,-33.66737996509107,-10.433625339581283,-44.101005304672356,0,0,0.1
core_prophet_frozen_s42,prophet,frozen,selected,42,15,2025-04-21 01:00:00,2025-04-23 11:00:00,59,28.24,True,True,-43.27435497825692,-10.433625339581283,-53.70798031783821,0,0,0.1
core_prophet_frozen_s42,prophet,frozen,selected,42,15,2025-04-21 01:00:00,2025-04-23 12:00:00,60,16.39,True,True,-45.96097485727137,-10.433625339581283,-56.39460019685265,0,0,0.1
core_prophet_frozen_s42,prophet,frozen,selected,42,15,2025-04-21 01:00:00,2025-04-23 13:00:00,61,8.51,True,True,-42.35931290511215,-10.433625339581283,-52.79293824469343,0,0,0.1
core_prophet_frozen_s42,prophet,frozen,selected,42,15,2025-04-21 01:00:00,2025-04-23 14:00:00,62,5.41,True,True,-33.63403072157996,-10.433625339581283,-44.067656061161244,0,0,0.1
core_prophet_frozen_s42,prophet,frozen,selected,42,15,2025-04-21 01:00:00,2025-04-23 15:00:00,63,4.73,True,True,-23.65638150900349,-10.433625339581283,-34.09000684858478,0,0,0.1
core_prophet_frozen_s42,prophet,frozen,selected,42,15,2025-04-21 01:00:00,2025-04-23 16:00:00,64,5.22,True,True,-14.9988640317614,-10.433625339581283,-25.432489371342683,0,0,0.1
core_prophet_frozen_s42,prophet,frozen,selected,42,15,2025-04-21 01:00:00,2025-04-23 17:00:00,65,7.02,True,True,-6.797627532605958,-10.433625339581283,-17.23125287218724,0,0,0.1
core_prophet_frozen_s42,prophet,frozen,selected,42,15,2025-04-21 01:00:00,2025-04-23 18:00:00,66,9.78,True,True,1.5106825279745806,-10.433625339581283,-8.922942811606703,0,0,0.1
core_prophet_frozen_s42,prophet,frozen,selected,42,15,2025-04-21 01:00:00,2025-04-23 19:00:00,67,12.38,True,True,9.996389844892375,-10.433625339581283,-0.4372354946889079,0,0,0.1
core_prophet_frozen_s42,prophet,frozen,selected,42,15,2025-04-21 01:00:00,2025-04-23 20:00:00,68,14.46,True,True,18.3699613726979,-10.433625339581283,7.936336033116618,0,0,0.1
core_prophet_frozen_s42,prophet,frozen,selected,42,15,2025-04-21 01:00:00,2025-04-23 21:00:00,69,16.14,True,True,24.379238958972167,-10.433625339581283,13.945613619390883,0,0,0.1
core_prophet_frozen_s42,prophet,frozen,selected,42,15,2025-04-21 01:00:00,2025-04-23 22:00:00,70,17.44,True,True,26.277367350554695,-10.433625339581283,15.843742010973411,0,0,0.1
core_prophet_frozen_s42,prophet,frozen,selected,42,15,2025-04-21 01:00:00,2025-04-23 23:00:00,71,18.87,True,True,24.96016177972814,-10.433625339581283,14.526536440146856,0,0,0.1
core_prophet_frozen_s42,prophet,frozen,selected,42,15,2025-04-21 01:00:00,2025-04-24 00:00:00,72,19.77,True,True,17.296293718042023,-10.433625339581283,6.862668378460739,0,0,0.1
core_prophet_frozen_s42,prophet,frozen,selected,42,15,2025-04-21 01:00:00,2025-04-24 01:00:00,73,20.96,True,True,9.240643276169038,-10.433625339581283,-1.192982063412245,0,0,0.1
core_prophet_frozen_s42,prophet,frozen,selected,42,15,2025-04-21 01:00:00,2025-04-24 02:00:00,74,22.45,True,True,8.685292874729697,-10.433625339581283,-1.748332464851586,0,0,0.1
core_prophet_frozen_s42,prophet,frozen,selected,42,15,2025-04-21 01:00:00,2025-04-24 03:00:00,75,23.73,True,True,13.759896952606596,-10.433625339581283,3.3262716130253125,0,0,0.1
core_prophet_frozen_s42,prophet,frozen,selected,42,15,2025-04-21 01:00:00,2025-04-24 04:00:00,76,23.97,True,True,20.68189144398616,-10.433625339581283,10.248266104404877,0,0,0.1
core_prophet_frozen_s42,prophet,frozen,selected,42,15,2025-04-21 01:00:00,2025-04-24 05:00:00,77,23.27,True,True,25.7540114045143,-10.433625339581283,15.320386064933018,0,0,0.1
core_prophet_frozen_s42,prophet,frozen,selected,42,15,2025-04-21 01:00:00,2025-04-24 06:00:00,78,23.54,True,True,25.7037684828922,-10.433625339581283,15.270143143310918,0,0,0.1
core_prophet_frozen_s42,prophet,frozen,selected,42,15,2025-04-21 01:00:00,2025-04-24 07:00:00,79,23.88,True,True,18.2273794494767,-10.433625339581283,7.793754109895417,0,0,0.1
core_prophet_frozen_s42,prophet,frozen,selected,42,15,2025-04-21 01:00:00,2025-04-24 08:00:00,80,22.37,True,True,3.797395623496868,-10.433625339581283,-6.636229716084415,0,0,0.1
core_prophet_frozen_s42,prophet,frozen,selected,42,15,2025-04-21 01:00:00,2025-04-24 09:00:00,81,20.55,True,True,-13.780595679732984,-10.433625339581283,-24.214221019314266,0,0,0.1
core_prophet_frozen_s42,prophet,frozen,selected,42,15,2025-04-21 01:00:00,2025-04-24 10:00:00,82,21.51,True,True,-25.629652358323423,-10.433625339581283,-36.06327769790471,0,0,0.1
core_prophet_frozen_s42,prophet,frozen,selected,42,15,2025-04-21 01:00:00,2025-04-24 11:00:00,83,24.91,True,True,-29.177287090005024,-10.433625339581283,-39.61091242958631,0,0,0.1
core_prophet_frozen_s42,prophet,frozen,selected,42,15,2025-04-21 01:00:00,2025-04-24 12:00:00,84,28.72,True,True,-27.27635085689101,-10.433625339581283,-37.7099761964723,0,0,0.1
core_prophet_frozen_s42,prophet,frozen,selected,42,15,2025-04-21 01:00:00,2025-04-24 13:00:00,85,32.48,True,True,-19.88874378275068,-10.433625339581283,-30.322369122331963,0,0,0.1
core_prophet_frozen_s42,prophet,frozen,selected,42,15,2025-04-21 01:00:00,2025-04-24 14:00:00,86,36.22,True,True,-7.313739389717028,-10.433625339581283,-17.74736472929831,0,0,0.1
core_prophet_frozen_s42,prophet,frozen,selected,42,15,2025-04-21 01:00:00,2025-04-24 15:00:00,87,39.18,True,True,6.287607524213655,-10.433625339581283,-4.146017815367628,0,0,0.1
core_prophet_frozen_s42,prophet,frozen,selected,42,15,2025-04-21 01:00:00,2025-04-24 16:00:00,88,40.25,True,True,16.59790795249438,-10.433625339581283,6.164282612913098,0,0,0.1
core_prophet_frozen_s42,prophet,frozen,selected,42,15,2025-04-21 01:00:00,2025-04-24 17:00:00,89,40.51,True,True,26.297674028865885,-10.433625339581283,15.864048689284601,0,0,0.1
core_prophet_frozen_s42,prophet,frozen,selected,42,15,2025-04-21 01:00:00,2025-04-24 18:00:00,90,39.93,True,True,37.86416992791342,-10.433625339581283,27.43054458833214,0,0,0.1
core_prophet_frozen_s42,prophet,frozen,selected,42,15,2025-04-21 01:00:00,2025-04-24 19:00:00,91,36.7,True,True,47.99391998994551,-10.433625339581283,37.56029465036423,0,0,0.1
core_prophet_frozen_s42,prophet,frozen,selected,42,15,2025-04-21 01:00:00,2025-04-24 20:00:00,92,35.51,True,True,59.58981997243302,-10.433625339581283,49.15619463285174,0,0,0.1
core_prophet_frozen_s42,prophet,frozen,selected,42,15,2025-04-21 01:00:00,2025-04-24 21:00:00,93,34.73,True,True,68.3971231982438,-10.433625339581283,57.96349785866252,0,0,0.1
core_prophet_frozen_s42,prophet,frozen,selected,42,15,2025-04-21 01:00:00,2025-04-24 22:00:00,94,32.25,True,True,70.13604749374085,-10.433625339581283,59.702422154159564,0,0,0.1
core_prophet_frozen_s42,prophet,frozen,selected,42,15,2025-04-21 01:00:00,2025-04-24 23:00:00,95,29.59,True,True,62.48338865265475,-10.433625339581283,52.04976331307347,0,0,0.1
core_prophet_frozen_s42,prophet,frozen,selected,42,15,2025-04-21 01:00:00,2025-04-25 00:00:00,96,25.55,True,True,44.71399993239132,-10.433625339581283,34.280374592810034,0,0,0.1
core_prophet_frozen_s42,prophet,frozen,selected,42,15,2025-04-21 01:00:00,2025-04-25 01:00:00,97,20.18,True,True,28.4947804159992,-10.433625339581283,18.06115507641792,0,0,0.1
core_prophet_frozen_s42,prophet,frozen,selected,42,15,2025-04-21 01:00:00,2025-04-25 02:00:00,98,19.03,True,True,24.217634006525454,-10.433625339581283,13.784008666944171,0,0,0.1
core_prophet_frozen_s42,prophet,frozen,selected,42,15,2025-04-21 01:00:00,2025-04-25 03:00:00,99,19.71,True,True,26.4581481088006,-10.433625339581283,16.024522769219317,0,0,0.1
core_prophet_frozen_s42,prophet,frozen,selected,42,15,2025-04-21 01:00:00,2025-04-25 04:00:00,100,24.73,True,True,27.108949893426512,-10.433625339581283,16.67532455384523,0,0,0.1
core_prophet_frozen_s42,prophet,frozen,selected,42,15,2025-04-21 01:00:00,2025-04-25 05:00:00,101,34.24,True,True,30.794663355443447,-10.433625339581283,20.361038015862164,0,0,0.1
core_prophet_frozen_s42,prophet,frozen,selected,42,15,2025-04-21 01:00:00,2025-04-25 06:00:00,102,45.0,True,True,31.3815717434571,-10.433625339581283,20.947946403875818,0,0,0.1
core_prophet_frozen_s42,prophet,frozen,selected,42,15,2025-04-21 01:00:00,2025-04-25 07:00:00,103,58.64,True,True,25.085203561118306,-10.433625339581283,14.651578221537022,0,0,0.1
core_prophet_frozen_s42,prophet,frozen,selected,42,15,2025-04-21 01:00:00,2025-04-25 08:00:00,104,69.88,True,True,12.281215690088374,-10.433625339581283,1.8475903505070903,0,0,0.1
core_prophet_frozen_s42,prophet,frozen,selected,42,15,2025-04-21 01:00:00,2025-04-25 09:00:00,105,79.71,True,True,-3.3763657353211443,-10.433625339581283,-13.809991074902427,0,0,0.1
core_prophet_frozen_s42,prophet,frozen,selected,42,15,2025-04-21 01:00:00,2025-04-25 10:00:00,106,86.6,True,True,-11.229038571214602,-10.433625339581283,-21.662663910795885,0,0,0.1
core_prophet_frozen_s42,prophet,frozen,selected,42,15,2025-04-21 01:00:00,2025-04-25 11:00:00,107,92.47,True,True,-10.266020055583285,-10.433625339581283,-20.699645395164566,0,0,0.1
core_prophet_frozen_s42,prophet,frozen,selected,42,15,2025-04-21 01:00:00,2025-04-25 12:00:00,108,98.24,True,True,-4.915869911655051,-10.433625339581283,-15.349495251236334,0,0,0.1
core_prophet_frozen_s42,prophet,frozen,selected,42,15,2025-04-21 01:00:00,2025-04-25 13:00:00,109,102.83,True,True,4.335423462797877,-10.433625339581283,-6.098201876783406,0,0,0.1
core_prophet_frozen_s42,prophet,frozen,selected,42,15,2025-04-21 01:00:00,2025-04-25 14:00:00,110,108.25,True,True,16.19972934793705,-10.433625339581283,5.766104008355768,0,0,0.1
core_prophet_frozen_s42,prophet,frozen,selected,42,15,2025-04-21 01:00:00,2025-04-25 15:00:00,111,112.22,True,True,28.268829078677182,-10.433625339581283,17.8352037390959,0,0,0.1
core_prophet_frozen_s42,prophet,frozen,selected,42,15,2025-04-21 01:00:00,2025-04-25 16:00:00,112,112.43,True,True,36.47089073726477,-10.433625339581283,26.037265397683484,0,0,0.1
core_prophet_frozen_s42,prophet,frozen,selected,42,15,2025-04-21 01:00:00,2025-04-25 17:00:00,113,112.5,True,True,42.0594040469239,-10.433625339581283,31.62577870734262,0,0,0.1
core_prophet_frozen_s42,prophet,frozen,selected,42,15,2025-04-21 01:00:00,2025-04-25 18:00:00,114,111.81,True,True,46.12494912722843,-10.433625339581283,35.69132378764715,0,0,0.1
core_prophet_frozen_s42,prophet,frozen,selected,42,15,2025-04-21 01:00:00,2025-04-25 19:00:00,115,109.75,True,True,50.1749307356298,-10.433625339581283,39.74130539604852,0,0,0.1
core_prophet_frozen_s42,prophet,frozen,selected,42,15,2025-04-21 01:00:00,2025-04-25 20:00:00,116,109.51,True,True,55.853968896724126,-10.433625339581283,45.42034355714284,0,0,0.1
core_prophet_frozen_s42,prophet,frozen,selected,42,15,2025-04-21 01:00:00,2025-04-25 21:00:00,117,110.95,True,True,60.73396724994089,-10.433625339581283,50.300341910359606,0,0,0.1
core_prophet_frozen_s42,prophet,frozen,selected,42,15,2025-04-21 01:00:00,2025-04-25 22:00:00,118,112.76,True,True,63.33970107375552,-10.433625339581283,52.90607573417424,0,0,0.1
core_prophet_frozen_s42,prophet,frozen,selected,42,15,2025-04-21 01:00:00,2025-04-25 23:00:00,119,115.79,True,True,63.812458147007504,-10.433625339581283,53.37883280742622,0,0,0.1
core_prophet_frozen_s42,prophet,frozen,selected,42,15,2025-04-21 01:00:00,2025-04-26 00:00:00,120,119.86,True,True,59.48843988258085,-10.433625339581283,49.054814542999566,0,0,0.1
core_prophet_frozen_s42,prophet,frozen,selected,42,15,2025-04-21 01:00:00,2025-04-26 01:00:00,121,124.41,True,True,57.05778749907191,-10.433625339581283,46.62416215949062,0,0,0.1
core_prophet_frozen_s42,prophet,frozen,selected,42,15,2025-04-21 01:00:00,2025-04-26 02:00:00,122,127.17,True,True,57.92100943519296,-10.433625339581283,47.487384095611674,0,0,0.1
core_prophet_frozen_s42,prophet,frozen,selected,42,15,2025-04-21 01:00:00,2025-04-26 03:00:00,123,133.66,True,True,63.41380428053043,-10.433625339581283,52.980178940949145,0,0,0.1
core_prophet_frozen_s42,prophet,frozen,selected,42,15,2025-04-21 01:00:00,2025-04-26 04:00:00,124,166.8,True,True,62.200351662136086,-10.433625339581283,51.7667263225548,0,0,0.1
core_prophet_frozen_s42,prophet,frozen,selected,42,15,2025-04-21 01:00:00,2025-04-26 05:00:00,125,178.22,True,True,62.29946563569908,-10.433625339581283,51.865840296117796,0,0,0.1
core_prophet_frozen_s42,prophet,frozen,selected,42,15,2025-04-21 01:00:00,2025-04-26 06:00:00,126,178.08,True,True,58.39224345606641,-10.433625339581283,47.95861811648513,0,0,0.1
core_prophet_frozen_s42,prophet,frozen,selected,42,15,2025-04-21 01:00:00,2025-04-26 07:00:00,127,175.59,True,True,48.93779149670911,-10.433625339581283,38.50416615712783,0,0,0.1
core_prophet_frozen_s42,prophet,frozen,selected,42,15,2025-04-21 01:00:00,2025-04-26 08:00:00,128,168.91,True,True,34.453545067357766,-10.433625339581283,24.019919727776482,0,0,0.1
core_prophet_frozen_s42,prophet,frozen,selected,42,15,2025-04-21 01:00:00,2025-04-26 09:00:00,129,161.74,True,True,17.392824481376266,-10.433625339581283,6.959199141794983,0,0,0.1
core_prophet_frozen_s42,prophet,frozen,selected,42,15,2025-04-21 01:00:00,2025-04-26 10:00:00,130,157.03,True,True,4.037109038505662,-10.433625339581283,-6.396516301075621,0,0,0.1
core_prophet_frozen_s42,prophet,frozen,selected,42,15,2025-04-21 01:00:00,2025-04-26 11:00:00,131,154.07,True,True,-2.865028860473785,-10.433625339581283,-13.298654200055068,0,0,0.1
core_prophet_frozen_s42,prophet,frozen,selected,42,15,2025-04-21 01:00:00,2025-04-26 12:00:00,132,152.02,True,True,-3.286644369040289,-10.433625339581283,-13.720269708621572,0,0,0.1
core_prophet_frozen_s42,prophet,frozen,selected,42,15,2025-04-21 01:00:00,2025-04-26 13:00:00,133,149.22,True,True,1.290479256036349,-10.433625339581283,-9.143146083544934,0,0,0.1
core_prophet_frozen_s42,prophet,frozen,selected,42,15,2025-04-21 01:00:00,2025-04-26 14:00:00,134,149.3,True,True,10.711258808283247,-10.433625339581283,0.27763346870196415,0,0,0.1
core_prophet_frozen_s42,prophet,frozen,selected,42,15,2025-04-21 01:00:00,2025-04-26 15:00:00,135,149.61,True,True,22.185399954063968,-10.433625339581283,11.751774614482684,0,0,0.1
core_prophet_frozen_s42,prophet,frozen,selected,42,15,2025-04-21 01:00:00,2025-04-26 16:00:00,136,146.47,True,True,31.273332032244355,-10.433625339581283,20.83970669266307,0,0,0.1
core_prophet_frozen_s42,prophet,frozen,selected,42,15,2025-04-21 01:00:00,2025-04-26 17:00:00,137,143.18,True,True,39.06919690070285,-10.433625339581283,28.635571561121566,0,0,0.1
core_prophet_frozen_s42,prophet,frozen,selected,42,15,2025-04-21 01:00:00,2025-04-26 18:00:00,138,134.26,True,True,45.68904519708576,-10.433625339581283,35.25541985750448,0,0,0.1
core_prophet_frozen_s42,prophet,frozen,selected,42,15,2025-04-21 01:00:00,2025-04-26 19:00:00,139,79.93,True,True,35.10229903804043,-10.433625339581283,24.668673698459145,0,0,0.1
core_prophet_frozen_s42,prophet,frozen,selected,42,15,2025-04-21 01:00:00,2025-04-26 20:00:00,140,46.27,True,True,33.34155492423756,-10.433625339581283,22.90792958465628,0,0,0.1
core_prophet_frozen_s42,prophet,frozen,selected,42,15,2025-04-21 01:00:00,2025-04-26 21:00:00,141,20.42,True,True,29.27059200725202,-10.433625339581283,18.836966667670737,0,0,0.1
core_prophet_frozen_s42,prophet,frozen,selected,42,15,2025-04-21 01:00:00,2025-04-26 22:00:00,142,5.25,True,True,22.36564854655805,-10.433625339581283,11.932023206976766,0,0,0.1
core_prophet_frozen_s42,prophet,frozen,selected,42,15,2025-04-21 01:00:00,2025-04-26 23:00:00,143,2.39,True,True,17.236649638626034,-10.433625339581283,6.8030242990447505,0,0,0.1
core_prophet_frozen_s42,prophet,frozen,selected,42,15,2025-04-21 01:00:00,2025-04-27 00:00:00,144,2.2,True,True,11.292532300812669,-10.433625339581283,0.8589069612313853,0,0,0.1
core_prophet_frozen_s42,prophet,frozen,selected,42,15,2025-04-21 01:00:00,2025-04-27 01:00:00,145,2.1,True,True,6.146473067750122,-10.433625339581283,-4.287152271831161,0,0,0.1
core_prophet_frozen_s42,prophet,frozen,selected,42,15,2025-04-21 01:00:00,2025-04-27 02:00:00,146,2.25,True,True,5.915648238519935,-10.433625339581283,-4.517977101061348,0,0,0.1
core_prophet_frozen_s42,prophet,frozen,selected,42,15,2025-04-21 01:00:00,2025-04-27 03:00:00,147,2.86,True,True,11.223178234705529,-10.433625339581283,0.7895528951242454,0,0,0.1
core_prophet_frozen_s42,prophet,frozen,selected,42,15,2025-04-21 01:00:00,2025-04-27 04:00:00,148,3.35,True,True,18.005965377394347,-10.433625339581283,7.572340037813063,0,0,0.1
core_prophet_frozen_s42,prophet,frozen,selected,42,15,2025-04-21 01:00:00,2025-04-27 05:00:00,149,4.37,True,True,23.36652892768197,-10.433625339581283,12.932903588100686,0,0,0.1
core_prophet_frozen_s42,prophet,frozen,selected,42,15,2025-04-21 01:00:00,2025-04-27 06:00:00,150,5.97,True,True,23.567538058076394,-10.433625339581283,13.133912718495111,0,0,0.1
core_prophet_frozen_s42,prophet,frozen,selected,42,15,2025-04-21 01:00:00,2025-04-27 07:00:00,151,7.69,True,True,16.240610631243584,-10.433625339581283,5.806985291662301,0,0,0.1
core_prophet_frozen_s42,prophet,frozen,selected,42,15,2025-04-21 01:00:00,2025-04-27 08:00:00,152,9.47,True,True,2.208308921919297,-10.433625339581283,-8.225316417661986,0,0,0.1
core_prophet_frozen_s42,prophet,frozen,selected,42,15,2025-04-21 01:00:00,2025-04-27 09:00:00,153,11.38,True,True,-15.02607220636932,-10.433625339581283,-25.459697545950604,0,0,0.1
core_prophet_frozen_s42,prophet,frozen,selected,42,15,2025-04-21 01:00:00,2025-04-27 10:00:00,154,13.39,True,True,-29.04489728031902,-10.433625339581283,-39.4785226199003,0,0,0.1
core_prophet_frozen_s42,prophet,frozen,selected,42,15,2025-04-21 01:00:00,2025-04-27 11:00:00,155,15.17,True,True,-36.595632477647314,-10.433625339581283,-47.0292578172286,0,0,0.1
core_prophet_frozen_s42,prophet,frozen,selected,42,15,2025-04-21 01:00:00,2025-04-27 12:00:00,156,16.92,True,True,-38.242112268444885,-10.433625339581283,-48.67573760802617,0,0,0.1
core_prophet_frozen_s42,prophet,frozen,selected,42,15,2025-04-21 01:00:00,2025-04-27 13:00:00,157,18.5,True,True,-34.57882106882417,-10.433625339581283,-45.01244640840545,0,0,0.1
core_prophet_frozen_s42,prophet,frozen,selected,42,15,2025-04-21 01:00:00,2025-04-27 14:00:00,158,20.36,True,True,-26.381317854781656,-10.433625339581283,-36.81494319436294,0,0,0.1
core_prophet_frozen_s42,prophet,frozen,selected,42,15,2025-04-21 01:00:00,2025-04-27 15:00:00,159,22.2,True,True,-16.88415817363753,-10.433625339581283,-27.317783513218814,0,0,0.1
core_prophet_frozen_s42,prophet,frozen,selected,42,15,2025-04-21 01:00:00,2025-04-27 16:00:00,160,23.19,True,True,-8.772518140731222,-10.433625339581283,-19.206143480312505,0,0,0.1
core_prophet_frozen_s42,prophet,frozen,selected,42,15,2025-04-21 01:00:00,2025-04-27 17:00:00,161,24.22,True,True,0.1717778016527802,-10.433625339581283,-10.261847537928503,0,0,0.1
core_prophet_frozen_s42,prophet,frozen,selected,42,15,2025-04-21 01:00:00,2025-04-27 18:00:00,162,25.79,True,True,10.000102848202374,-10.433625339581283,-0.4335224913789091,0,0,0.1
core_prophet_frozen_s42,prophet,frozen,selected,42,15,2025-04-21 01:00:00,2025-04-27 19:00:00,163,27.7,True,True,20.736551964498943,-10.433625339581283,10.30292662491766,0,0,0.1
core_prophet_frozen_s42,prophet,frozen,selected,42,15,2025-04-21 01:00:00,2025-04-27 20:00:00,164,29.08,True,True,30.09901825126198,-10.433625339581283,19.665392911680698,0,0,0.1
core_prophet_frozen_s42,prophet,frozen,selected,42,15,2025-04-21 01:00:00,2025-04-27 21:00:00,165,28.78,True,True,34.909263054706884,-10.433625339581283,24.4756377151256,0,0,0.1
core_prophet_frozen_s42,prophet,frozen,selected,42,15,2025-04-21 01:00:00,2025-04-27 22:00:00,166,26.49,True,True,34.0259012653529,-10.433625339581283,23.592275925771617,0,0,0.1
core_prophet_frozen_s42,prophet,frozen,selected,42,15,2025-04-21 01:00:00,2025-04-27 23:00:00,167,23.45,True,True,28.261802574104337,-10.433625339581283,17.828177234523054,0,0,0.1
core_prophet_frozen_s42,prophet,frozen,selected,42,15,2025-04-21 01:00:00,2025-04-28 00:00:00,168,21.53,True,True,20.761337119331216,-10.433625339581283,10.327711779749933,0,0,0.1
core_prophet_frozen_s42,prophet,frozen,selected,42,16,2025-04-28 01:00:00,2025-04-28 01:00:00,1,22.19,True,True,18.224619180540657,-5.369511878016546,12.855107302524111,0,0,0.1
core_prophet_frozen_s42,prophet,frozen,selected,42,16,2025-04-28 01:00:00,2025-04-28 02:00:00,2,26.54,True,True,23.750511645415852,-5.369511878016546,18.380999767399306,0,0,0.1
core_prophet_frozen_s42,prophet,frozen,selected,42,16,2025-04-28 01:00:00,2025-04-28 03:00:00,3,35.48,True,True,36.57556469947849,-5.369511878016546,31.206052821461945,0,0,0.1
core_prophet_frozen_s42,prophet,frozen,selected,42,16,2025-04-28 01:00:00,2025-04-28 04:00:00,4,30.33,True,True,30.200049866543083,-5.369511878016546,24.830537988526537,0,0,0.1
core_prophet_frozen_s42,prophet,frozen,selected,42,16,2025-04-28 01:00:00,2025-04-28 05:00:00,5,36.13,True,True,31.81496584988201,-5.369511878016546,26.445453971865465,0,0,0.1
core_prophet_frozen_s42,prophet,frozen,selected,42,16,2025-04-28 01:00:00,2025-04-28 06:00:00,6,47.26,True,True,31.691845423043105,-5.369511878016546,26.32233354502656,0,0,0.1
core_prophet_frozen_s42,prophet,frozen,selected,42,16,2025-04-28 01:00:00,2025-04-28 07:00:00,7,58.62,True,True,23.542747578797645,-5.369511878016546,18.1732357007811,0,0,0.1
core_prophet_frozen_s42,prophet,frozen,selected,42,16,2025-04-28 01:00:00,2025-04-28 08:00:00,8,67.43,True,True,8.442030246651512,-5.369511878016546,3.0725183686349666,0,0,0.1
core_prophet_frozen_s42,prophet,frozen,selected,42,16,2025-04-28 01:00:00,2025-04-28 09:00:00,9,72.08,True,True,-9.8491518649615,-5.369511878016546,-15.218663742978046,0,0,0.1
core_prophet_frozen_s42,prophet,frozen,selected,42,16,2025-04-28 01:00:00,2025-04-28 10:00:00,10,74.14,True,True,-25.12335906257627,-5.369511878016546,-30.492870940592816,0,0,0.1
core_prophet_frozen_s42,prophet,frozen,selected,42,16,2025-04-28 01:00:00,2025-04-28 11:00:00,11,75.93,True,True,-33.893115781204045,-5.369511878016546,-39.26262765922059,0,0,0.1
core_prophet_frozen_s42,prophet,frozen,selected,42,16,2025-04-28 01:00:00,2025-04-28 12:00:00,12,76.86,True,True,-35.98785044696558,-5.369511878016546,-41.35736232498213,0,0,0.1
core_prophet_frozen_s42,prophet,frozen,selected,42,16,2025-04-28 01:00:00,2025-04-28 13:00:00,13,76.48,True,True,-31.628136502337384,-5.369511878016546,-36.99764838035393,0,0,0.1
core_prophet_frozen_s42,prophet,frozen,selected,42,16,2025-04-28 01:00:00,2025-04-28 14:00:00,14,76.49,True,True,-21.90436349839496,-5.369511878016546,-27.273875376411507,0,0,0.1
core_prophet_frozen_s42,prophet,frozen,selected,42,16,2025-04-28 01:00:00,2025-04-28 15:00:00,15,74.55,True,True,-11.152856500137574,-5.369511878016546,-16.52236837815412,0,0,0.1
core_prophet_frozen_s42,prophet,frozen,selected,42,16,2025-04-28 01:00:00,2025-04-28 16:00:00,16,67.96,True,True,-2.849985859155197,-5.369511878016546,-8.219497737171743,0,0,0.1
core_prophet_frozen_s42,prophet,frozen,selected,42,16,2025-04-28 01:00:00,2025-04-28 17:00:00,17,60.95,True,True,3.611323727701034,-5.369511878016546,-1.7581881503155117,0,0,0.1
core_prophet_frozen_s42,prophet,frozen,selected,42,16,2025-04-28 01:00:00,2025-04-28 18:00:00,18,56.13,True,True,9.814112994996322,-5.369511878016546,4.444601116979776,0,0,0.1
core_prophet_frozen_s42,prophet,frozen,selected,42,16,2025-04-28 01:00:00,2025-04-28 19:00:00,19,54.39,True,True,17.772914111857773,-5.369511878016546,12.403402233841227,0,0,0.1
core_prophet_frozen_s42,prophet,frozen,selected,42,16,2025-04-28 01:00:00,2025-04-28 20:00:00,20,55.22,True,True,26.802732233167745,-5.369511878016546,21.4332203551512,0,0,0.1
core_prophet_frozen_s42,prophet,frozen,selected,42,16,2025-04-28 01:00:00,2025-04-28 21:00:00,21,57.62,True,True,34.34462343243439,-5.369511878016546,28.975111554417843,0,0,0.1
core_prophet_frozen_s42,prophet,frozen,selected,42,16,2025-04-28 01:00:00,2025-04-28 22:00:00,22,60.3,True,True,38.43003706693699,-5.369511878016546,33.060525188920444,0,0,0.1
core_prophet_frozen_s42,prophet,frozen,selected,42,16,2025-04-28 01:00:00,2025-04-28 23:00:00,23,62.71,True,True,38.44851676424332,-5.369511878016546,33.07900488622678,0,0,0.1
core_prophet_frozen_s42,prophet,frozen,selected,42,16,2025-04-28 01:00:00,2025-04-29 00:00:00,24,64.32,True,True,32.59229110400395,-5.369511878016546,27.222779225987402,0,0,0.1
core_prophet_frozen_s42,prophet,frozen,selected,42,16,2025-04-28 01:00:00,2025-04-29 01:00:00,25,64.31,True,True,26.62274656156572,-5.369511878016546,21.253234683549174,0,0,0.1
core_prophet_frozen_s42,prophet,frozen,selected,42,16,2025-04-28 01:00:00,2025-04-29 02:00:00,26,65.02,True,True,25.425624946721054,-5.369511878016546,20.05611306870451,0,0,0.1
core_prophet_frozen_s42,prophet,frozen,selected,42,16,2025-04-28 01:00:00,2025-04-29 03:00:00,27,67.37,True,True,28.09573121357991,-5.369511878016546,22.726219335563364,0,0,0.1
core_prophet_frozen_s42,prophet,frozen,selected,42,16,2025-04-28 01:00:00,2025-04-29 04:00:00,28,55.43,True,True,23.507685599370603,-5.369511878016546,18.138173721354057,0,0,0.1
core_prophet_frozen_s42,prophet,frozen,selected,42,16,2025-04-28 01:00:00,2025-04-29 05:00:00,29,35.4,True,True,19.434467944183552,-5.369511878016546,14.064956066167007,0,0,0.1
core_prophet_frozen_s42,prophet,frozen,selected,42,16,2025-04-28 01:00:00,2025-04-29 06:00:00,30,23.89,True,True,12.876165253493411,-5.369511878016546,7.506653375476866,0,0,0.1
core_prophet_frozen_s42,prophet,frozen,selected,42,16,2025-04-28 01:00:00,2025-04-29 07:00:00,31,17.38,True,True,1.6436266015077765,-5.369511878016546,-3.7258852765087696,0,0,0.1
core_prophet_frozen_s42,prophet,frozen,selected,42,16,2025-04-28 01:00:00,2025-04-29 08:00:00,32,16.68,True,True,-12.637274907741244,-5.369511878016546,-18.00678678575779,0,0,0.1
core_prophet_frozen_s42,prophet,frozen,selected,42,16,2025-04-28 01:00:00,2025-04-29 09:00:00,33,16.48,True,True,-29.29377711936573,-5.369511878016546,-34.663288997382274,0,0,0.1
core_prophet_frozen_s42,prophet,frozen,selected,42,16,2025-04-28 01:00:00,2025-04-29 10:00:00,34,16.57,True,True,-42.07994342935152,-5.369511878016546,-47.44945530736807,0,0,0.1
core_prophet_frozen_s42,prophet,frozen,selected,42,16,2025-04-28 01:00:00,2025-04-29 11:00:00,35,17.29,True,True,-47.63630768442704,-5.369511878016546,-53.005819562443584,0,0,0.1
core_prophet_frozen_s42,prophet,frozen,selected,42,16,2025-04-28 01:00:00,2025-04-29 12:00:00,36,18.41,True,True,-46.89449820462835,-5.369511878016546,-52.264010082644894,0,0,0.1
core_prophet_frozen_s42,prophet,frozen,selected,42,16,2025-04-28 01:00:00,2025-04-29 13:00:00,37,19.63,True,True,-40.37822277179524,-5.369511878016546,-45.74773464981178,0,0,0.1
core_prophet_frozen_s42,prophet,frozen,selected,42,16,2025-04-28 01:00:00,2025-04-29 14:00:00,38,21.47,True,True,-29.215709639583423,-5.369511878016546,-34.58522151759997,0,0,0.1
core_prophet_frozen_s42,prophet,frozen,selected,42,16,2025-04-28 01:00:00,2025-04-29 15:00:00,39,23.16,True,True,-17.479304671474836,-5.369511878016546,-22.84881654949138,0,0,0.1
core_prophet_frozen_s42,prophet,frozen,selected,42,16,2025-04-28 01:00:00,2025-04-29 16:00:00,40,24.08,True,True,-7.99834499986207,-5.369511878016546,-13.367856877878616,0,0,0.1
core_prophet_frozen_s42,prophet,frozen,selected,42,16,2025-04-28 01:00:00,2025-04-29 17:00:00,41,25.21,True,True,0.7535633252686864,-5.369511878016546,-4.615948552747859,0,0,0.1
core_prophet_frozen_s42,prophet,frozen,selected,42,16,2025-04-28 01:00:00,2025-04-29 18:00:00,42,26.58,True,True,10.457059845647136,-5.369511878016546,5.08754796763059,0,0,0.1
core_prophet_frozen_s42,prophet,frozen,selected,42,16,2025-04-28 01:00:00,2025-04-29 19:00:00,43,28.12,True,True,20.76413524602336,-5.369511878016546,15.394623368006815,0,0,0.1
core_prophet_frozen_s42,prophet,frozen,selected,42,16,2025-04-28 01:00:00,2025-04-29 20:00:00,44,30.63,True,True,31.597737216236283,-5.369511878016546,26.228225338219737,0,0,0.1
core_prophet_frozen_s42,prophet,frozen,selected,42,16,2025-04-28 01:00:00,2025-04-29 21:00:00,45,34.63,True,True,41.71839167311404,-5.369511878016546,36.348879795097496,0,0,0.1
core_prophet_frozen_s42,prophet,frozen,selected,42,16,2025-04-28 01:00:00,2025-04-29 22:00:00,46,44.43,True,True,50.54699282726864,-5.369511878016546,45.17748094925209,0,0,0.1
core_prophet_frozen_s42,prophet,frozen,selected,42,16,2025-04-28 01:00:00,2025-04-29 23:00:00,47,50.92,True,True,51.41625555692869,-5.369511878016546,46.046743678912144,0,0,0.1
core_prophet_frozen_s42,prophet,frozen,selected,42,16,2025-04-28 01:00:00,2025-04-30 00:00:00,48,54.0,True,True,42.455611740600204,-5.369511878016546,37.08609986258366,0,0,0.1
core_prophet_frozen_s42,prophet,frozen,selected,42,16,2025-04-28 01:00:00,2025-04-30 01:00:00,49,58.78,True,True,31.168264130362218,-5.369511878016546,25.798752252345672,0,0,0.1
core_prophet_frozen_s42,prophet,frozen,selected,42,16,2025-04-28 01:00:00,2025-04-30 02:00:00,50,59.43,True,True,30.14675197706404,-5.369511878016546,24.777240099047493,0,0,0.1
core_prophet_frozen_s42,prophet,frozen,selected,42,16,2025-04-28 01:00:00,2025-04-30 03:00:00,51,59.05,True,True,33.95840654319085,-5.369511878016546,28.5888946651743,0,0,0.1
core_prophet_frozen_s42,prophet,frozen,selected,42,16,2025-04-28 01:00:00,2025-04-30 04:00:00,52,44.67,True,True,23.15133316768265,-5.369511878016546,17.781821289666105,0,0,0.1
core_prophet_frozen_s42,prophet,frozen,selected,42,16,2025-04-28 01:00:00,2025-04-30 05:00:00,53,41.78,True,True,19.569834498130007,-5.369511878016546,14.200322620113461,0,0,0.1
core_prophet_frozen_s42,prophet,frozen,selected,42,16,2025-04-28 01:00:00,2025-04-30 06:00:00,54,41.48,True,True,18.259246525307645,-5.369511878016546,12.8897346472911,0,0,0.1
core_prophet_frozen_s42,prophet,frozen,selected,42,16,2025-04-28 01:00:00,2025-04-30 07:00:00,55,38.05,True,True,11.845165064518682,-5.369511878016546,6.475653186502136,0,0,0.1
core_prophet_frozen_s42,prophet,frozen,selected,42,16,2025-04-28 01:00:00,2025-04-30 08:00:00,56,31.35,True,True,-0.6731960743274499,-5.369511878016546,-6.042707952343996,0,0,0.1
core_prophet_frozen_s42,prophet,frozen,selected,42,16,2025-04-28 01:00:00,2025-04-30 09:00:00,57,22.48,True,True,-16.330396061804038,-5.369511878016546,-21.699907939820584,0,0,0.1
core_prophet_frozen_s42,prophet,frozen,selected,42,16,2025-04-28 01:00:00,2025-04-30 10:00:00,58,16.3,True,True,-26.28322374534073,-5.369511878016546,-31.652735623357277,0,0,0.1
core_prophet_frozen_s42,prophet,frozen,selected,42,16,2025-04-28 01:00:00,2025-04-30 11:00:00,59,15.64,True,True,-24.88693822604725,-5.369511878016546,-30.256450104063795,0,0,0.1
core_prophet_frozen_s42,prophet,frozen,selected,42,16,2025-04-28 01:00:00,2025-04-30 12:00:00,60,17.16,True,True,-17.684807312454126,-5.369511878016546,-23.05431919047067,0,0,0.1
core_prophet_frozen_s42,prophet,frozen,selected,42,16,2025-04-28 01:00:00,2025-04-30 13:00:00,61,19.88,True,True,-6.018225341082626,-5.369511878016546,-11.387737219099172,0,0,0.1
core_prophet_frozen_s42,prophet,frozen,selected,42,16,2025-04-28 01:00:00,2025-04-30 14:00:00,62,22.64,True,True,8.886632349275686,-5.369511878016546,3.5171204712591404,0,0,0.1
core_prophet_frozen_s42,prophet,frozen,selected,42,16,2025-04-28 01:00:00,2025-04-30 15:00:00,63,24.2,True,True,22.99780121525265,-5.369511878016546,17.628289337236104,0,0,0.1
core_prophet_frozen_s42,prophet,frozen,selected,42,16,2025-04-28 01:00:00,2025-04-30 16:00:00,64,23.42,True,True,29.521105117874384,-5.369511878016546,24.15159323985784,0,0,0.1
core_prophet_frozen_s42,prophet,frozen,selected,42,16,2025-04-28 01:00:00,2025-04-30 17:00:00,65,22.61,True,True,33.145160535459695,-5.369511878016546,27.77564865744315,0,0,0.1
core_prophet_frozen_s42,prophet,frozen,selected,42,16,2025-04-28 01:00:00,2025-04-30 18:00:00,66,22.06,True,True,36.88445033241527,-5.369511878016546,31.514938454398724,0,0,0.1
core_prophet_frozen_s42,prophet,frozen,selected,42,16,2025-04-28 01:00:00,2025-04-30 19:00:00,67,21.33,True,True,40.2170314369109,-5.369511878016546,34.847519558894355,0,0,0.1
core_prophet_frozen_s42,prophet,frozen,selected,42,16,2025-04-28 01:00:00,2025-04-30 20:00:00,68,20.74,True,True,43.38060177239069,-5.369511878016546,38.011089894374145,0,0,0.1
core_prophet_frozen_s42,prophet,frozen,selected,42,16,2025-04-28 01:00:00,2025-04-30 21:00:00,69,20.1,True,True,44.37861716270416,-5.369511878016546,39.009105284687614,0,0,0.1
core_prophet_frozen_s42,prophet,frozen,selected,42,16,2025-04-28 01:00:00,2025-04-30 22:00:00,70,18.95,True,True,41.240437930393824,-5.369511878016546,35.87092605237728,0,0,0.1
core_prophet_frozen_s42,prophet,frozen,selected,42,16,2025-04-28 01:00:00,2025-04-30 23:00:00,71,18.27,True,True,34.125837552550195,-5.369511878016546,28.75632567453365,0,0,0.1
core_prophet_frozen_s42,prophet,frozen,selected,42,16,2025-04-28 01:00:00,2025-05-01 00:00:00,72,18.18,True,True,26.184058749211715,-5.369511878016546,20.81454687119517,0,0,0.1
core_prophet_frozen_s42,prophet,frozen,selected,42,16,2025-04-28 01:00:00,2025-05-01 01:00:00,73,15.54,True,True,13.278189007042243,-5.369511878016546,7.908677129025698,0,0,0.1
core_prophet_frozen_s42,prophet,frozen,selected,42,16,2025-04-28 01:00:00,2025-05-01 02:00:00,74,16.06,True,True,9.575891968354597,-5.369511878016546,4.206380090338051,0,0,0.1
core_prophet_frozen_s42,prophet,frozen,selected,42,16,2025-04-28 01:00:00,2025-05-01 03:00:00,75,17.33,True,True,12.67367280656572,-5.369511878016546,7.304160928549175,0,0,0.1
core_prophet_frozen_s42,prophet,frozen,selected,42,16,2025-04-28 01:00:00,2025-05-01 04:00:00,76,14.04,True,True,11.867280290621324,-5.369511878016546,6.497768412604778,0,0,0.1
core_prophet_frozen_s42,prophet,frozen,selected,42,16,2025-04-28 01:00:00,2025-05-01 05:00:00,77,14.73,True,True,17.16042154563607,-5.369511878016546,11.790909667619523,0,0,0.1
core_prophet_frozen_s42,prophet,frozen,selected,42,16,2025-04-28 01:00:00,2025-05-01 06:00:00,78,16.17,True,True,17.747131167754418,-5.369511878016546,12.377619289737872,0,0,0.1
core_prophet_frozen_s42,prophet,frozen,selected,42,16,2025-04-28 01:00:00,2025-05-01 07:00:00,79,17.55,True,True,11.654503542320214,-5.369511878016546,6.284991664303668,0,0,0.1
core_prophet_frozen_s42,prophet,frozen,selected,42,16,2025-04-28 01:00:00,2025-05-01 08:00:00,80,18.82,True,True,-0.5064251868487304,-5.369511878016546,-5.875937064865276,0,0,0.1
core_prophet_frozen_s42,prophet,frozen,selected,42,16,2025-04-28 01:00:00,2025-05-01 09:00:00,81,19.62,True,True,-15.566357288524983,-5.369511878016546,-20.93586916654153,0,0,0.1
core_prophet_frozen_s42,prophet,frozen,selected,42,16,2025-04-28 01:00:00,2025-05-01 10:00:00,82,20.58,True,True,-27.891987799517324,-5.369511878016546,-33.26149967753387,0,0,0.1
core_prophet_frozen_s42,prophet,frozen,selected,42,16,2025-04-28 01:00:00,2025-05-01 11:00:00,83,21.79,True,True,-35.12396344642025,-5.369511878016546,-40.493475324436794,0,0,0.1
core_prophet_frozen_s42,prophet,frozen,selected,42,16,2025-04-28 01:00:00,2025-05-01 12:00:00,84,22.77,True,True,-36.76968083495464,-5.369511878016546,-42.13919271297119,0,0,0.1
core_prophet_frozen_s42,prophet,frozen,selected,42,16,2025-04-28 01:00:00,2025-05-01 13:00:00,85,23.46,True,True,-31.503550122780126,-5.369511878016546,-36.87306200079667,0,0,0.1
core_prophet_frozen_s42,prophet,frozen,selected,42,16,2025-04-28 01:00:00,2025-05-01 14:00:00,86,24.92,True,True,-20.90180914134328,-5.369511878016546,-26.271321019359824,0,0,0.1
core_prophet_frozen_s42,prophet,frozen,selected,42,16,2025-04-28 01:00:00,2025-05-01 15:00:00,87,27.03,True,True,-8.694377476095156,-5.369511878016546,-14.063889354111701,0,0,0.1
core_prophet_frozen_s42,prophet,frozen,selected,42,16,2025-04-28 01:00:00,2025-05-01 16:00:00,88,28.78,True,True,0.8336232246402346,-5.369511878016546,-4.535888653376311,0,0,0.1
core_prophet_frozen_s42,prophet,frozen,selected,42,16,2025-04-28 01:00:00,2025-05-01 17:00:00,89,31.18,True,True,8.412633964872072,-5.369511878016546,3.0431220868555258,0,0,0.1
core_prophet_frozen_s42,prophet,frozen,selected,42,16,2025-04-28 01:00:00,2025-05-01 18:00:00,90,34.31,True,True,15.777904237447387,-5.369511878016546,10.408392359430842,0,0,0.1
core_prophet_frozen_s42,prophet,frozen,selected,42,16,2025-04-28 01:00:00,2025-05-01 19:00:00,91,37.34,True,True,23.53031326371652,-5.369511878016546,18.160801385699973,0,0,0.1
core_prophet_frozen_s42,prophet,frozen,selected,42,16,2025-04-28 01:00:00,2025-05-01 20:00:00,92,40.61,True,True,33.04661289643704,-5.369511878016546,27.677101018420494,0,0,0.1
core_prophet_frozen_s42,prophet,frozen,selected,42,16,2025-04-28 01:00:00,2025-05-01 21:00:00,93,43.76,True,True,41.07662033280121,-5.369511878016546,35.70710845478467,0,0,0.1
core_prophet_frozen_s42,prophet,frozen,selected,42,16,2025-04-28 01:00:00,2025-05-01 22:00:00,94,45.48,True,True,45.73716577260325,-5.369511878016546,40.3676538945867,0,0,0.1
core_prophet_frozen_s42,prophet,frozen,selected,42,16,2025-04-28 01:00:00,2025-05-01 23:00:00,95,46.39,True,True,48.278697247406654,-5.369511878016546,42.90918536939011,0,0,0.1
core_prophet_frozen_s42,prophet,frozen,selected,42,16,2025-04-28 01:00:00,2025-05-02 00:00:00,96,46.55,True,True,47.45293729261175,-5.369511878016546,42.083425414595204,0,0,0.1
core_prophet_frozen_s42,prophet,frozen,selected,42,16,2025-04-28 01:00:00,2025-05-02 01:00:00,97,46.72,True,True,42.1727962534479,-5.369511878016546,36.80328437543135,0,0,0.1
core_prophet_frozen_s42,prophet,frozen,selected,42,16,2025-04-28 01:00:00,2025-05-02 02:00:00,98,0.0,True,True,38.87115436059011,-5.369511878016546,33.501642482573565,0,0,0.1
core_prophet_frozen_s42,prophet,frozen,selected,42,16,2025-04-28 01:00:00,2025-05-02 03:00:00,99,48.42,True,True,41.59803462619411,-5.369511878016546,36.22852274817756,0,0,0.1
core_prophet_frozen_s42,prophet,frozen,selected,42,16,2025-04-28 01:00:00,2025-05-02 04:00:00,100,51.74,True,True,33.689934476615775,-5.369511878016546,28.32042259859923,0,0,0.1
core_prophet_frozen_s42,prophet,frozen,selected,42,16,2025-04-28 01:00:00,2025-05-02 05:00:00,101,49.36,True,True,32.44466058421935,-5.369511878016546,27.075148706202803,0,0,0.1
core_prophet_frozen_s42,prophet,frozen,selected,42,16,2025-04-28 01:00:00,2025-05-02 06:00:00,102,48.76,True,True,31.34049801369173,-5.369511878016546,25.970986135675183,0,0,0.1
core_prophet_frozen_s42,prophet,frozen,selected,42,16,2025-04-28 01:00:00,2025-05-02 07:00:00,103,47.14,True,True,23.66401236489148,-5.369511878016546,18.294500486874934,0,0,0.1
core_prophet_frozen_s42,prophet,frozen,selected,42,16,2025-04-28 01:00:00,2025-05-02 08:00:00,104,44.02,True,True,10.173532079259845,-5.369511878016546,4.804020201243299,0,0,0.1
core_prophet_frozen_s42,prophet,frozen,selected,42,16,2025-04-28 01:00:00,2025-05-02 09:00:00,105,39.1,True,True,-6.057631077272163,-5.369511878016546,-11.427142955288708,0,0,0.1
core_prophet_frozen_s42,prophet,frozen,selected,42,16,2025-04-28 01:00:00,2025-05-02 10:00:00,106,32.99,True,True,-20.973363468043917,-5.369511878016546,-26.342875346060463,0,0,0.1
core_prophet_frozen_s42,prophet,frozen,selected,42,16,2025-04-28 01:00:00,2025-05-02 11:00:00,107,28.2,True,True,-30.537228640350666,-5.369511878016546,-35.906740518367215,0,0,0.1
core_prophet_frozen_s42,prophet,frozen,selected,42,16,2025-04-28 01:00:00,2025-05-02 12:00:00,108,24.65,True,True,-34.31100733767519,-5.369511878016546,-39.68051921569174,0,0,0.1
core_prophet_frozen_s42,prophet,frozen,selected,42,16,2025-04-28 01:00:00,2025-05-02 13:00:00,109,24.45,True,True,-25.47282861820005,-5.369511878016546,-30.842340496216597,0,0,0.1
core_prophet_frozen_s42,prophet,frozen,selected,42,16,2025-04-28 01:00:00,2025-05-02 14:00:00,110,27.36,True,True,-8.361769648635232,-5.369511878016546,-13.731281526651777,0,0,0.1
core_prophet_frozen_s42,prophet,frozen,selected,42,16,2025-04-28 01:00:00,2025-05-02 15:00:00,111,30.12,True,True,7.185784570779987,-5.369511878016546,1.816272692763441,0,0,0.1
core_prophet_frozen_s42,prophet,frozen,selected,42,16,2025-04-28 01:00:00,2025-05-02 16:00:00,112,30.93,True,True,16.43673353838625,-5.369511878016546,11.067221660369704,0,0,0.1
core_prophet_frozen_s42,prophet,frozen,selected,42,16,2025-04-28 01:00:00,2025-05-02 17:00:00,113,30.3,True,True,21.34328061810885,-5.369511878016546,15.973768740092304,0,0,0.1
core_prophet_frozen_s42,prophet,frozen,selected,42,16,2025-04-28 01:00:00,2025-05-02 18:00:00,114,27.63,True,True,23.95165618777713,-5.369511878016546,18.582144309760583,0,0,0.1
core_prophet_frozen_s42,prophet,frozen,selected,42,16,2025-04-28 01:00:00,2025-05-02 19:00:00,115,17.99,True,True,18.00272529945906,-5.369511878016546,12.633213421442512,0,0,0.1
core_prophet_frozen_s42,prophet,frozen,selected,42,16,2025-04-28 01:00:00,2025-05-02 20:00:00,116,11.01,True,True,18.91347090599976,-5.369511878016546,13.543959027983213,0,0,0.1
core_prophet_frozen_s42,prophet,frozen,selected,42,16,2025-04-28 01:00:00,2025-05-02 21:00:00,117,6.61,True,True,19.584376825695244,-5.369511878016546,14.214864947678699,0,0,0.1
core_prophet_frozen_s42,prophet,frozen,selected,42,16,2025-04-28 01:00:00,2025-05-02 22:00:00,118,3.89,True,True,17.3183516768828,-5.369511878016546,11.948839798866253,0,0,0.1
core_prophet_frozen_s42,prophet,frozen,selected,42,16,2025-04-28 01:00:00,2025-05-02 23:00:00,119,2.54,True,True,12.42259539641404,-5.369511878016546,7.053083518397495,0,0,0.1
core_prophet_frozen_s42,prophet,frozen,selected,42,16,2025-04-28 01:00:00,2025-05-03 00:00:00,120,2.17,True,True,6.168220250399088,-5.369511878016546,0.7987083723825421,0,0,0.1
core_prophet_frozen_s42,prophet,frozen,selected,42,16,2025-04-28 01:00:00,2025-05-03 01:00:00,121,2.0,True,True,1.461091699489515,-5.369511878016546,-3.908420178527031,0,0,0.1
core_prophet_frozen_s42,prophet,frozen,selected,42,16,2025-04-28 01:00:00,2025-05-03 02:00:00,122,2.24,True,True,1.603794567862053,-5.369511878016546,-3.7657173101544927,0,0,0.1
core_prophet_frozen_s42,prophet,frozen,selected,42,16,2025-04-28 01:00:00,2025-05-03 03:00:00,123,2.62,True,True,6.527882053189927,-5.369511878016546,1.1583701751733813,0,0,0.1
core_prophet_frozen_s42,prophet,frozen,selected,42,16,2025-04-28 01:00:00,2025-05-03 04:00:00,124,2.58,True,True,13.79158747266132,-5.369511878016546,8.422075594644774,0,0,0.1
core_prophet_frozen_s42,prophet,frozen,selected,42,16,2025-04-28 01:00:00,2025-05-03 05:00:00,125,2.88,True,True,19.924069537660188,-5.369511878016546,14.554557659643642,0,0,0.1
core_prophet_frozen_s42,prophet,frozen,selected,42,16,2025-04-28 01:00:00,2025-05-03 06:00:00,126,3.4,True,True,20.55048501786712,-5.369511878016546,15.180973139850575,0,0,0.1
core_prophet_frozen_s42,prophet,frozen,selected,42,16,2025-04-28 01:00:00,2025-05-03 07:00:00,127,4.03,True,True,13.485830866788774,-5.369511878016546,8.116318988772228,0,0,0.1
core_prophet_frozen_s42,prophet,frozen,selected,42,16,2025-04-28 01:00:00,2025-05-03 08:00:00,128,4.63,True,True,-0.559777323813961,-5.369511878016546,-5.929289201830507,0,0,0.1
core_prophet_frozen_s42,prophet,frozen,selected,42,16,2025-04-28 01:00:00,2025-05-03 09:00:00,129,5.09,True,True,-17.936651977822834,-5.369511878016546,-23.30616385583938,0,0,0.1
core_prophet_frozen_s42,prophet,frozen,selected,42,16,2025-04-28 01:00:00,2025-05-03 10:00:00,130,5.84,True,True,-32.41951944778654,-5.369511878016546,-37.78903132580309,0,0,0.1
core_prophet_frozen_s42,prophet,frozen,selected,42,16,2025-04-28 01:00:00,2025-05-03 11:00:00,131,6.81,True,True,-40.62209428658207,-5.369511878016546,-45.991606164598615,0,0,0.1
core_prophet_frozen_s42,prophet,frozen,selected,42,16,2025-04-28 01:00:00,2025-05-03 12:00:00,132,7.64,True,True,-42.64918216285358,-5.369511878016546,-48.01869404087012,0,0,0.1
core_prophet_frozen_s42,prophet,frozen,selected,42,16,2025-04-28 01:00:00,2025-05-03 13:00:00,133,8.22,True,True,-38.98518023131001,-5.369511878016546,-44.35469210932656,0,0,0.1
core_prophet_frozen_s42,prophet,frozen,selected,42,16,2025-04-28 01:00:00,2025-05-03 14:00:00,134,8.82,True,True,-31.297783185809124,-5.369511878016546,-36.66729506382567,0,0,0.1
core_prophet_frozen_s42,prophet,frozen,selected,42,16,2025-04-28 01:00:00,2025-05-03 15:00:00,135,9.35,True,True,-22.579268008903966,-5.369511878016546,-27.948779886920512,0,0,0.1
core_prophet_frozen_s42,prophet,frozen,selected,42,16,2025-04-28 01:00:00,2025-05-03 16:00:00,136,10.24,True,True,-14.813360235291071,-5.369511878016546,-20.182872113307617,0,0,0.1
core_prophet_frozen_s42,prophet,frozen,selected,42,16,2025-04-28 01:00:00,2025-05-03 17:00:00,137,11.59,True,True,-6.374842583505853,-5.369511878016546,-11.744354461522398,0,0,0.1
core_prophet_frozen_s42,prophet,frozen,selected,42,16,2025-04-28 01:00:00,2025-05-03 18:00:00,138,13.29,True,True,2.1849316347845047,-5.369511878016546,-3.184580243232041,0,0,0.1
core_prophet_frozen_s42,prophet,frozen,selected,42,16,2025-04-28 01:00:00,2025-05-03 19:00:00,139,15.0,True,True,11.088914026924073,-5.369511878016546,5.719402148907527,0,0,0.1
core_prophet_frozen_s42,prophet,frozen,selected,42,16,2025-04-28 01:00:00,2025-05-03 20:00:00,140,16.66,True,True,19.638422663924786,-5.369511878016546,14.26891078590824,0,0,0.1
core_prophet_frozen_s42,prophet,frozen,selected,42,16,2025-04-28 01:00:00,2025-05-03 21:00:00,141,18.3,True,True,25.344206103897307,-5.369511878016546,19.97469422588076,0,0,0.1
core_prophet_frozen_s42,prophet,frozen,selected,42,16,2025-04-28 01:00:00,2025-05-03 22:00:00,142,19.67,True,True,26.586793548474247,-5.369511878016546,21.2172816704577,0,0,0.1
core_prophet_frozen_s42,prophet,frozen,selected,42,16,2025-04-28 01:00:00,2025-05-03 23:00:00,143,21.67,True,True,24.373460966255408,-5.369511878016546,19.003949088238862,0,0,0.1
core_prophet_frozen_s42,prophet,frozen,selected,42,16,2025-04-28 01:00:00,2025-05-04 00:00:00,144,24.7,True,True,18.83889968667299,-5.369511878016546,13.469387808656442,0,0,0.1
core_prophet_frozen_s42,prophet,frozen,selected,42,16,2025-04-28 01:00:00,2025-05-04 01:00:00,145,29.81,True,True,11.678903429226692,-5.369511878016546,6.309391551210146,0,0,0.1
core_prophet_frozen_s42,prophet,frozen,selected,42,16,2025-04-28 01:00:00,2025-05-04 02:00:00,146,33.82,True,True,10.487038033915953,-5.369511878016546,5.117526155899407,0,0,0.1
core_prophet_frozen_s42,prophet,frozen,selected,42,16,2025-04-28 01:00:00,2025-05-04 03:00:00,147,39.67,True,True,14.330397580208086,-5.369511878016546,8.96088570219154,0,0,0.1
core_prophet_frozen_s42,prophet,frozen,selected,42,16,2025-04-28 01:00:00,2025-05-04 04:00:00,148,37.33,True,True,14.858115419378464,-5.369511878016546,9.488603541361918,0,0,0.1
core_prophet_frozen_s42,prophet,frozen,selected,42,16,2025-04-28 01:00:00,2025-05-04 05:00:00,149,33.02,True,True,17.744011171091472,-5.369511878016546,12.374499293074926,0,0,0.1
core_prophet_frozen_s42,prophet,frozen,selected,42,16,2025-04-28 01:00:00,2025-05-04 06:00:00,150,29.74,True,True,17.111804882675983,-5.369511878016546,11.742293004659437,0,0,0.1
core_prophet_frozen_s42,prophet,frozen,selected,42,16,2025-04-28 01:00:00,2025-05-04 07:00:00,151,27.35,True,True,9.203798878642118,-5.369511878016546,3.8342870006255723,0,0,0.1
core_prophet_frozen_s42,prophet,frozen,selected,42,16,2025-04-28 01:00:00,2025-05-04 08:00:00,152,26.13,True,True,-5.65167505432467,-5.369511878016546,-11.021186932341216,0,0,0.1
core_prophet_frozen_s42,prophet,frozen,selected,42,16,2025-04-28 01:00:00,2025-05-04 09:00:00,153,25.65,True,True,-23.518025792226663,-5.369511878016546,-28.88753767024321,0,0,0.1
core_prophet_frozen_s42,prophet,frozen,selected,42,16,2025-04-28 01:00:00,2025-05-04 10:00:00,154,26.59,True,True,-36.368405814540125,-5.369511878016546,-41.73791769255667,0,0,0.1
core_prophet_frozen_s42,prophet,frozen,selected,42,16,2025-04-28 01:00:00,2025-05-04 11:00:00,155,28.79,True,True,-42.172014367462,-5.369511878016546,-47.54152624547854,0,0,0.1
core_prophet_frozen_s42,prophet,frozen,selected,42,16,2025-04-28 01:00:00,2025-05-04 12:00:00,156,31.73,True,True,-42.12794233119715,-5.369511878016546,-47.49745420921369,0,0,0.1
core_prophet_frozen_s42,prophet,frozen,selected,42,16,2025-04-28 01:00:00,2025-05-04 13:00:00,157,35.63,True,True,-37.62390819888802,-5.369511878016546,-42.99342007690456,0,0,0.1
core_prophet_frozen_s42,prophet,frozen,selected,42,16,2025-04-28 01:00:00,2025-05-04 14:00:00,158,39.99,True,True,-29.34716770393373,-5.369511878016546,-34.716679581950274,0,0,0.1
core_prophet_frozen_s42,prophet,frozen,selected,42,16,2025-04-28 01:00:00,2025-05-04 15:00:00,159,44.42,True,True,-19.672209516261603,-5.369511878016546,-25.04172139427815,0,0,0.1
core_prophet_frozen_s42,prophet,frozen,selected,42,16,2025-04-28 01:00:00,2025-05-04 16:00:00,160,47.44,True,True,-12.061767076732991,-5.369511878016546,-17.431278954749537,0,0,0.1
core_prophet_frozen_s42,prophet,frozen,selected,42,16,2025-04-28 01:00:00,2025-05-04 17:00:00,161,50.61,True,True,-2.996152832798032,-5.369511878016546,-8.365664710814578,0,0,0.1
core_prophet_frozen_s42,prophet,frozen,selected,42,16,2025-04-28 01:00:00,2025-05-04 18:00:00,162,54.85,True,True,7.019908128929302,-5.369511878016546,1.650396250912756,0,0,0.1
core_prophet_frozen_s42,prophet,frozen,selected,42,16,2025-04-28 01:00:00,2025-05-04 19:00:00,163,60.67,True,True,18.550034835661563,-5.369511878016546,13.180522957645017,0,0,0.1
core_prophet_frozen_s42,prophet,frozen,selected,42,16,2025-04-28 01:00:00,2025-05-04 20:00:00,164,66.99,True,True,30.380429898996653,-5.369511878016546,25.010918020980107,0,0,0.1
core_prophet_frozen_s42,prophet,frozen,selected,42,16,2025-04-28 01:00:00,2025-05-04 21:00:00,165,71.97,True,True,38.63013230647539,-5.369511878016546,33.26062042845884,0,0,0.1
core_prophet_frozen_s42,prophet,frozen,selected,42,16,2025-04-28 01:00:00,2025-05-04 22:00:00,166,75.63,True,True,41.1595624250044,-5.369511878016546,35.79005054698786,0,0,0.1
core_prophet_frozen_s42,prophet,frozen,selected,42,16,2025-04-28 01:00:00,2025-05-04 23:00:00,167,79.47,True,True,41.444316029584286,-5.369511878016546,36.07480415156774,0,0,0.1
core_prophet_frozen_s42,prophet,frozen,selected,42,16,2025-04-28 01:00:00,2025-05-05 00:00:00,168,82.81,True,True,39.95359841936565,-5.369511878016546,34.5840865413491,0,0,0.1
core_prophet_frozen_s42,prophet,frozen,selected,42,17,2025-05-05 01:00:00,2025-05-05 01:00:00,1,86.7,True,True,32.05997675321257,-2.308397212530026,29.751579540682542,0,0,0.1
core_prophet_frozen_s42,prophet,frozen,selected,42,17,2025-05-05 01:00:00,2025-05-05 02:00:00,2,87.26,True,True,29.276564146147336,-2.308397212530026,26.96816693361731,0,0,0.1
core_prophet_frozen_s42,prophet,frozen,selected,42,17,2025-05-05 01:00:00,2025-05-05 03:00:00,3,87.02,True,True,31.23083549804309,-2.308397212530026,28.922438285513064,0,0,0.1
core_prophet_frozen_s42,prophet,frozen,selected,42,17,2025-05-05 01:00:00,2025-05-05 04:00:00,4,90.26,True,True,17.12261974586906,-2.308397212530026,14.814222533339034,0,0,0.1
core_prophet_frozen_s42,prophet,frozen,selected,42,17,2025-05-05 01:00:00,2025-05-05 05:00:00,5,85.26,True,True,16.159406907123355,-2.308397212530026,13.85100969459333,0,0,0.1
core_prophet_frozen_s42,prophet,frozen,selected,42,17,2025-05-05 01:00:00,2025-05-05 06:00:00,6,72.32,True,True,15.57573935853756,-2.308397212530026,13.267342146007532,0,0,0.1
core_prophet_frozen_s42,prophet,frozen,selected,42,17,2025-05-05 01:00:00,2025-05-05 07:00:00,7,63.44,True,True,8.534157073000102,-2.308397212530026,6.225759860470077,0,0,0.1
core_prophet_frozen_s42,prophet,frozen,selected,42,17,2025-05-05 01:00:00,2025-05-05 08:00:00,8,62.04,True,True,-4.698962482283946,-2.308397212530026,-7.007359694813972,0,0,0.1
core_prophet_frozen_s42,prophet,frozen,selected,42,17,2025-05-05 01:00:00,2025-05-05 09:00:00,9,65.73,True,True,-20.40139493027246,-2.308397212530026,-22.709792142802485,0,0,0.1
core_prophet_frozen_s42,prophet,frozen,selected,42,17,2025-05-05 01:00:00,2025-05-05 10:00:00,10,69.24,True,True,-34.71414194509438,-2.308397212530026,-37.02253915762441,0,0,0.1
core_prophet_frozen_s42,prophet,frozen,selected,42,17,2025-05-05 01:00:00,2025-05-05 11:00:00,11,69.96,True,True,-44.14226804600193,-2.308397212530026,-46.450665258531956,0,0,0.1
core_prophet_frozen_s42,prophet,frozen,selected,42,17,2025-05-05 01:00:00,2025-05-05 12:00:00,12,65.56,True,True,-47.25044124065733,-2.308397212530026,-49.558838453187356,0,0,0.1
core_prophet_frozen_s42,prophet,frozen,selected,42,17,2025-05-05 01:00:00,2025-05-05 13:00:00,13,56.87,True,True,-44.373389283288105,-2.308397212530026,-46.68178649581813,0,0,0.1
core_prophet_frozen_s42,prophet,frozen,selected,42,17,2025-05-05 01:00:00,2025-05-05 14:00:00,14,49.75,True,True,-36.04813008835964,-2.308397212530026,-38.35652730088967,0,0,0.1
core_prophet_frozen_s42,prophet,frozen,selected,42,17,2025-05-05 01:00:00,2025-05-05 15:00:00,15,45.13,True,True,-22.02506080693928,-2.308397212530026,-24.333458019469305,0,0,0.1
core_prophet_frozen_s42,prophet,frozen,selected,42,17,2025-05-05 01:00:00,2025-05-05 16:00:00,16,46.25,True,True,0.6620650500921101,-2.308397212530026,-1.6463321624379157,0,0,0.1
core_prophet_frozen_s42,prophet,frozen,selected,42,17,2025-05-05 01:00:00,2025-05-05 17:00:00,17,53.46,True,True,27.790349684717512,-2.308397212530026,25.481952472187487,0,0,0.1
core_prophet_frozen_s42,prophet,frozen,selected,42,17,2025-05-05 01:00:00,2025-05-05 18:00:00,18,61.41,True,True,47.5006648255756,-2.308397212530026,45.19226761304557,0,0,0.1
core_prophet_frozen_s42,prophet,frozen,selected,42,17,2025-05-05 01:00:00,2025-05-05 19:00:00,19,62.97,True,True,50.53393232401913,-2.308397212530026,48.22553511148911,0,0,0.1
core_prophet_frozen_s42,prophet,frozen,selected,42,17,2025-05-05 01:00:00,2025-05-05 20:00:00,20,58.23,True,True,47.11648145332896,-2.308397212530026,44.808084240798934,0,0,0.1
core_prophet_frozen_s42,prophet,frozen,selected,42,17,2025-05-05 01:00:00,2025-05-05 21:00:00,21,50.07,True,True,42.48655308759626,-2.308397212530026,40.17815587506624,0,0,0.1
core_prophet_frozen_s42,prophet,frozen,selected,42,17,2025-05-05 01:00:00,2025-05-05 22:00:00,22,40.34,True,True,35.98255419469064,-2.308397212530026,33.67415698216062,0,0,0.1
core_prophet_frozen_s42,prophet,frozen,selected,42,17,2025-05-05 01:00:00,2025-05-05 23:00:00,23,31.01,True,True,27.22682312620691,-2.308397212530026,24.918425913676884,0,0,0.1
core_prophet_frozen_s42,prophet,frozen,selected,42,17,2025-05-05 01:00:00,2025-05-06 00:00:00,24,24.56,True,True,15.892212085337777,-2.308397212530026,13.58381487280775,0,0,0.1
core_prophet_frozen_s42,prophet,frozen,selected,42,17,2025-05-05 01:00:00,2025-05-06 01:00:00,25,19.25,True,True,6.148537435405018,-2.308397212530026,3.840140222874992,0,0,0.1
core_prophet_frozen_s42,prophet,frozen,selected,42,17,2025-05-05 01:00:00,2025-05-06 02:00:00,26,16.0,True,True,1.0940979164663247,-2.308397212530026,-1.2142992960637011,0,0,0.1
core_prophet_frozen_s42,prophet,frozen,selected,42,17,2025-05-05 01:00:00,2025-05-06 03:00:00,27,15.46,True,True,2.879527508149067,-2.308397212530026,0.5711302956190414,0,0,0.1
core_prophet_frozen_s42,prophet,frozen,selected,42,17,2025-05-05 01:00:00,2025-05-06 04:00:00,28,15.81,True,True,6.716895518675642,-2.308397212530026,4.408498306145616,0,0,0.1
core_prophet_frozen_s42,prophet,frozen,selected,42,17,2025-05-05 01:00:00,2025-05-06 05:00:00,29,18.46,True,True,10.628181363850388,-2.308397212530026,8.319784151320363,0,0,0.1
core_prophet_frozen_s42,prophet,frozen,selected,42,17,2025-05-05 01:00:00,2025-05-06 06:00:00,30,22.91,True,True,10.235855332200316,-2.308397212530026,7.92745811967029,0,0,0.1
core_prophet_frozen_s42,prophet,frozen,selected,42,17,2025-05-05 01:00:00,2025-05-06 07:00:00,31,26.75,True,True,2.671863468347567,-2.308397212530026,0.3634662558175412,0,0,0.1
core_prophet_frozen_s42,prophet,frozen,selected,42,17,2025-05-05 01:00:00,2025-05-06 08:00:00,32,29.39,True,True,-11.694473614280897,-2.308397212530026,-14.002870826810923,0,0,0.1
core_prophet_frozen_s42,prophet,frozen,selected,42,17,2025-05-05 01:00:00,2025-05-06 09:00:00,33,30.24,True,True,-29.21910243801568,-2.308397212530026,-31.527499650545703,0,0,0.1
core_prophet_frozen_s42,prophet,frozen,selected,42,17,2025-05-05 01:00:00,2025-05-06 10:00:00,34,32.33,True,True,-39.39029034027658,-2.308397212530026,-41.698687552806604,0,0,0.1
core_prophet_frozen_s42,prophet,frozen,selected,42,17,2025-05-05 01:00:00,2025-05-06 11:00:00,35,35.97,True,True,-40.38023314910728,-2.308397212530026,-42.68863036163731,0,0,0.1
core_prophet_frozen_s42,prophet,frozen,selected,42,17,2025-05-05 01:00:00,2025-05-06 12:00:00,36,39.82,True,True,-36.46201364983023,-2.308397212530026,-38.77041086236026,0,0,0.1
core_prophet_frozen_s42,prophet,frozen,selected,42,17,2025-05-05 01:00:00,2025-05-06 13:00:00,37,43.29,True,True,-28.74099823811173,-2.308397212530026,-31.049395450641754,0,0,0.1
core_prophet_frozen_s42,prophet,frozen,selected,42,17,2025-05-05 01:00:00,2025-05-06 14:00:00,38,46.76,True,True,-19.02866264519432,-2.308397212530026,-21.337059857724345,0,0,0.1
core_prophet_frozen_s42,prophet,frozen,selected,42,17,2025-05-05 01:00:00,2025-05-06 15:00:00,39,49.47,True,True,-10.61253372161056,-2.308397212530026,-12.920930934140586,0,0,0.1
core_prophet_frozen_s42,prophet,frozen,selected,42,17,2025-05-05 01:00:00,2025-05-06 16:00:00,40,51.03,True,True,-8.384098748634386,-2.308397212530026,-10.692495961164411,0,0,0.1
core_prophet_frozen_s42,prophet,frozen,selected,42,17,2025-05-05 01:00:00,2025-05-06 17:00:00,41,53.03,True,True,-2.0115333675949785,-2.308397212530026,-4.319930580125004,0,0,0.1
core_prophet_frozen_s42,prophet,frozen,selected,42,17,2025-05-05 01:00:00,2025-05-06 18:00:00,42,54.62,True,True,5.359340506504992,-2.308397212530026,3.0509432939749663,0,0,0.1
core_prophet_frozen_s42,prophet,frozen,selected,42,17,2025-05-05 01:00:00,2025-05-06 19:00:00,43,55.62,True,True,13.007617357109922,-2.308397212530026,10.699220144579897,0,0,0.1
core_prophet_frozen_s42,prophet,frozen,selected,42,17,2025-05-05 01:00:00,2025-05-06 20:00:00,44,56.59,True,True,20.206104962344227,-2.308397212530026,17.897707749814202,0,0,0.1
core_prophet_frozen_s42,prophet,frozen,selected,42,17,2025-05-05 01:00:00,2025-05-06 21:00:00,45,57.52,True,True,25.015865481699933,-2.308397212530026,22.707468269169908,0,0,0.1
core_prophet_frozen_s42,prophet,frozen,selected,42,17,2025-05-05 01:00:00,2025-05-06 22:00:00,46,58.06,True,True,25.57445379368372,-2.308397212530026,23.266056581153695,0,0,0.1
core_prophet_frozen_s42,prophet,frozen,selected,42,17,2025-05-05 01:00:00,2025-05-06 23:00:00,47,59.13,True,True,22.389560098043603,-2.308397212530026,20.081162885513578,0,0,0.1
core_prophet_frozen_s42,prophet,frozen,selected,42,17,2025-05-05 01:00:00,2025-05-07 00:00:00,48,62.21,True,True,16.12632454434376,-2.308397212530026,13.817927331813735,0,0,0.1
core_prophet_frozen_s42,prophet,frozen,selected,42,17,2025-05-05 01:00:00,2025-05-07 01:00:00,49,70.07,True,True,10.440852817966686,-2.308397212530026,8.132455605436661,0,0,0.1
core_prophet_frozen_s42,prophet,frozen,selected,42,17,2025-05-05 01:00:00,2025-05-07 02:00:00,50,78.1,True,True,10.798097062018511,-2.308397212530026,8.489699849488485,0,0,0.1
core_prophet_frozen_s42,prophet,frozen,selected,42,17,2025-05-05 01:00:00,2025-05-07 03:00:00,51,90.32,True,True,16.702724490020103,-2.308397212530026,14.394327277490078,0,0,0.1
core_prophet_frozen_s42,prophet,frozen,selected,42,17,2025-05-05 01:00:00,2025-05-07 04:00:00,52,94.67,True,True,15.561552276096648,-2.308397212530026,13.253155063566624,0,0,0.1
core_prophet_frozen_s42,prophet,frozen,selected,42,17,2025-05-05 01:00:00,2025-05-07 05:00:00,53,93.01,True,True,18.458939106270208,-2.308397212530026,16.150541893740183,0,0,0.1
core_prophet_frozen_s42,prophet,frozen,selected,42,17,2025-05-05 01:00:00,2025-05-07 06:00:00,54,97.38,True,True,18.69555677323143,-2.308397212530026,16.387159560701406,0,0,0.1
core_prophet_frozen_s42,prophet,frozen,selected,42,17,2025-05-05 01:00:00,2025-05-07 07:00:00,55,106.46,True,True,12.387775471037711,-2.308397212530026,10.079378258507685,0,0,0.1
core_prophet_frozen_s42,prophet,frozen,selected,42,17,2025-05-05 01:00:00,2025-05-07 08:00:00,56,117.34,True,True,-0.0662262301277394,-2.308397212530026,-2.3746234426577653,0,0,0.1
core_prophet_frozen_s42,prophet,frozen,selected,42,17,2025-05-05 01:00:00,2025-05-07 09:00:00,57,122.16,True,True,-15.008893302386326,-2.308397212530026,-17.31729051491635,0,0,0.1
core_prophet_frozen_s42,prophet,frozen,selected,42,17,2025-05-05 01:00:00,2025-05-07 10:00:00,58,123.5,True,True,-26.59080291957835,-2.308397212530026,-28.899200132108376,0,0,0.1
core_prophet_frozen_s42,prophet,frozen,selected,42,17,2025-05-05 01:00:00,2025-05-07 11:00:00,59,124.59,True,True,-31.924641438817986,-2.308397212530026,-34.23303865134801,0,0,0.1
core_prophet_frozen_s42,prophet,frozen,selected,42,17,2025-05-05 01:00:00,2025-05-07 12:00:00,60,125.09,True,True,-32.4901072698068,-2.308397212530026,-34.798504482336824,0,0,0.1
core_prophet_frozen_s42,prophet,frozen,selected,42,17,2025-05-05 01:00:00,2025-05-07 13:00:00,61,122.36,True,True,-28.89813818415089,-2.308397212530026,-31.206535396680916,0,0,0.1
core_prophet_frozen_s42,prophet,frozen,selected,42,17,2025-05-05 01:00:00,2025-05-07 14:00:00,62,117.8,True,True,-21.98775619527126,-2.308397212530026,-24.296153407801285,0,0,0.1
core_prophet_frozen_s42,prophet,frozen,selected,42,17,2025-05-05 01:00:00,2025-05-07 15:00:00,63,109.39,True,True,-14.408919835533196,-2.308397212530026,-16.717317048063222,0,0,0.1
core_prophet_frozen_s42,prophet,frozen,selected,42,17,2025-05-05 01:00:00,2025-05-07 16:00:00,64,97.03,True,True,-8.518715910660774,-2.308397212530026,-10.827113123190799,0,0,0.1
core_prophet_frozen_s42,prophet,frozen,selected,42,17,2025-05-05 01:00:00,2025-05-07 17:00:00,65,87.12,True,True,-2.500183616696006,-2.308397212530026,-4.808580829226032,0,0,0.1
core_prophet_frozen_s42,prophet,frozen,selected,42,17,2025-05-05 01:00:00,2025-05-07 18:00:00,66,81.19,True,True,4.033929518248186,-2.308397212530026,1.7255323057181604,0,0,0.1
core_prophet_frozen_s42,prophet,frozen,selected,42,17,2025-05-05 01:00:00,2025-05-07 19:00:00,67,79.57,True,True,11.19016670742772,-2.308397212530026,8.881769494897693,0,0,0.1
core_prophet_frozen_s42,prophet,frozen,selected,42,17,2025-05-05 01:00:00,2025-05-07 20:00:00,68,81.32,True,True,17.86348642503782,-2.308397212530026,15.555089212507795,0,0,0.1
core_prophet_frozen_s42,prophet,frozen,selected,42,17,2025-05-05 01:00:00,2025-05-07 21:00:00,69,85.07,True,True,21.95824091909651,-2.308397212530026,19.649843706566486,0,0,0.1
core_prophet_frozen_s42,prophet,frozen,selected,42,17,2025-05-05 01:00:00,2025-05-07 22:00:00,70,90.21,True,True,22.380789705955408,-2.308397212530026,20.072392493425383,0,0,0.1
core_prophet_frozen_s42,prophet,frozen,selected,42,17,2025-05-05 01:00:00,2025-05-07 23:00:00,71,96.66,True,True,20.67580350196704,-2.308397212530026,18.367406289437014,0,0,0.1
core_prophet_frozen_s42,prophet,frozen,selected,42,17,2025-05-05 01:00:00,2025-05-08 00:00:00,72,105.36,True,True,17.446045385553276,-2.308397212530026,15.137648173023251,0,0,0.1
core_prophet_frozen_s42,prophet,frozen,selected,42,17,2025-05-05 01:00:00,2025-05-08 01:00:00,73,119.21,True,True,13.550509383728128,-2.308397212530026,11.242112171198102,0,0,0.1
core_prophet_frozen_s42,prophet,frozen,selected,42,17,2025-05-05 01:00:00,2025-05-08 02:00:00,74,129.66,True,True,14.813391947549777,-2.308397212530026,12.50499473501975,0,0,0.1
core_prophet_frozen_s42,prophet,frozen,selected,42,17,2025-05-05 01:00:00,2025-05-08 03:00:00,75,142.78,True,True,21.134666593147102,-2.308397212530026,18.826269380617077,0,0,0.1
core_prophet_frozen_s42,prophet,frozen,selected,42,17,2025-05-05 01:00:00,2025-05-08 04:00:00,76,161.52,True,True,28.8137884976683,-2.308397212530026,26.505391285138273,0,0,0.1
core_prophet_frozen_s42,prophet,frozen,selected,42,17,2025-05-05 01:00:00,2025-05-08 05:00:00,77,168.76,True,True,35.555166580311266,-2.308397212530026,33.24676936778124,0,0,0.1
core_prophet_frozen_s42,prophet,frozen,selected,42,17,2025-05-05 01:00:00,2025-05-08 06:00:00,78,165.94,True,True,37.12029012973059,-2.308397212530026,34.811892917200566,0,0,0.1
core_prophet_frozen_s42,prophet,frozen,selected,42,17,2025-05-05 01:00:00,2025-05-08 07:00:00,79,157.53,True,True,31.664697375321992,-2.308397212530026,29.356300162791968,0,0,0.1
core_prophet_frozen_s42,prophet,frozen,selected,42,17,2025-05-05 01:00:00,2025-05-08 08:00:00,80,145.81,True,True,19.308762011971368,-2.308397212530026,17.000364799441343,0,0,0.1
core_prophet_frozen_s42,prophet,frozen,selected,42,17,2025-05-05 01:00:00,2025-05-08 09:00:00,81,133.18,True,True,3.81000981493446,-2.308397212530026,1.501612602404434,0,0,0.1
core_prophet_frozen_s42,prophet,frozen,selected,42,17,2025-05-05 01:00:00,2025-05-08 10:00:00,82,128.88,True,True,-6.692870223750305,-2.308397212530026,-9.00126743628033,0,0,0.1
core_prophet_frozen_s42,prophet,frozen,selected,42,17,2025-05-05 01:00:00,2025-05-08 11:00:00,83,132.37,True,True,-9.18923766973586,-2.308397212530026,-11.497634882265885,0,0,0.1
core_prophet_frozen_s42,prophet,frozen,selected,42,17,2025-05-05 01:00:00,2025-05-08 12:00:00,84,137.92,True,True,-6.380730308146525,-2.308397212530026,-8.68912752067655,0,0,0.1
core_prophet_frozen_s42,prophet,frozen,selected,42,17,2025-05-05 01:00:00,2025-05-08 13:00:00,85,139.78,True,True,-1.0563922353456974,-2.308397212530026,-3.364789447875723,0,0,0.1
core_prophet_frozen_s42,prophet,frozen,selected,42,17,2025-05-05 01:00:00,2025-05-08 14:00:00,86,141.48,True,True,5.916403384704438,-2.308397212530026,3.608006172174412,0,0,0.1
core_prophet_frozen_s42,prophet,frozen,selected,42,17,2025-05-05 01:00:00,2025-05-08 15:00:00,87,143.23,True,True,12.701319268824932,-2.308397212530026,10.392922056294907,0,0,0.1
core_prophet_frozen_s42,prophet,frozen,selected,42,17,2025-05-05 01:00:00,2025-05-08 16:00:00,88,143.8,True,True,20.14080960072297,-2.308397212530026,17.832412388192946,0,0,0.1
core_prophet_frozen_s42,prophet,frozen,selected,42,17,2025-05-05 01:00:00,2025-05-08 17:00:00,89,140.46,True,True,30.852435012270064,-2.308397212530026,28.54403779974004,0,0,0.1
core_prophet_frozen_s42,prophet,frozen,selected,42,17,2025-05-05 01:00:00,2025-05-08 18:00:00,90,131.19,True,True,39.767480226142425,-2.308397212530026,37.4590830136124,0,0,0.1
core_prophet_frozen_s42,prophet,frozen,selected,42,17,2025-05-05 01:00:00,2025-05-08 19:00:00,91,116.65,True,True,42.70867488946706,-2.308397212530026,40.40027767693704,0,0,0.1
core_prophet_frozen_s42,prophet,frozen,selected,42,17,2025-05-05 01:00:00,2025-05-08 20:00:00,92,104.79,True,True,44.58214006716065,-2.308397212530026,42.273742854630626,0,0,0.1
core_prophet_frozen_s42,prophet,frozen,selected,42,17,2025-05-05 01:00:00,2025-05-08 21:00:00,93,96.12,True,True,45.57467523551662,-2.308397212530026,43.2662780229866,0,0,0.1
core_prophet_frozen_s42,prophet,frozen,selected,42,17,2025-05-05 01:00:00,2025-05-08 22:00:00,94,88.13,True,True,43.60360984216032,-2.308397212530026,41.29521262963029,0,0,0.1
core_prophet_frozen_s42,prophet,frozen,selected,42,17,2025-05-05 01:00:00,2025-05-08 23:00:00,95,82.17,True,True,40.21448442429488,-2.308397212530026,37.906087211764856,0,0,0.1
core_prophet_frozen_s42,prophet,frozen,selected,42,17,2025-05-05 01:00:00,2025-05-09 00:00:00,96,78.3,True,True,36.91663546996827,-2.308397212530026,34.608238257438245,0,0,0.1
core_prophet_frozen_s42,prophet,frozen,selected,42,17,2025-05-05 01:00:00,2025-05-09 01:00:00,97,76.15,True,True,34.9162815991136,-2.308397212530026,32.60788438658358,0,0,0.1
core_prophet_frozen_s42,prophet,frozen,selected,42,17,2025-05-05 01:00:00,2025-05-09 02:00:00,98,71.09,True,True,38.51905592104481,-2.308397212530026,36.210658708514785,0,0,0.1
core_prophet_frozen_s42,prophet,frozen,selected,42,17,2025-05-05 01:00:00,2025-05-09 03:00:00,99,62.98,True,True,46.9626344137377,-2.308397212530026,44.65423720120768,0,0,0.1
core_prophet_frozen_s42,prophet,frozen,selected,42,17,2025-05-05 01:00:00,2025-05-09 04:00:00,100,49.29,True,True,52.29052149664787,-2.308397212530026,49.982124284117845,0,0,0.1
core_prophet_frozen_s42,prophet,frozen,selected,42,17,2025-05-05 01:00:00,2025-05-09 05:00:00,101,34.49,True,True,55.66429110782991,-2.308397212530026,53.355893895299886,0,0,0.1
core_prophet_frozen_s42,prophet,frozen,selected,42,17,2025-05-05 01:00:00,2025-05-09 06:00:00,102,22.89,True,True,54.27547604362596,-2.308397212530026,51.96707883109593,0,0,0.1
core_prophet_frozen_s42,prophet,frozen,selected,42,17,2025-05-05 01:00:00,2025-05-09 07:00:00,103,15.63,True,True,43.94949086356508,-2.308397212530026,41.64109365103506,0,0,0.1
core_prophet_frozen_s42,prophet,frozen,selected,42,17,2025-05-05 01:00:00,2025-05-09 08:00:00,104,11.52,True,True,28.554931930378388,-2.308397212530026,26.246534717848363,0,0,0.1
core_prophet_frozen_s42,prophet,frozen,selected,42,17,2025-05-05 01:00:00,2025-05-09 09:00:00,105,9.42,True,True,11.524828324216372,-2.308397212530026,9.216431111686347,0,0,0.1
core_prophet_frozen_s42,prophet,frozen,selected,42,17,2025-05-05 01:00:00,2025-05-09 10:00:00,106,8.51,True,True,-4.850841757117991,-2.308397212530026,-7.159238969648017,0,0,0.1
core_prophet_frozen_s42,prophet,frozen,selected,42,17,2025-05-05 01:00:00,2025-05-09 11:00:00,107,8.45,True,True,-17.725524827759216,-2.308397212530026,-20.03392204028924,0,0,0.1
core_prophet_frozen_s42,prophet,frozen,selected,42,17,2025-05-05 01:00:00,2025-05-09 12:00:00,108,8.71,True,True,-25.20897035246801,-2.308397212530026,-27.517367564998036,0,0,0.1
core_prophet_frozen_s42,prophet,frozen,selected,42,17,2025-05-05 01:00:00,2025-05-09 13:00:00,109,9.01,True,True,-25.03872063608296,-2.308397212530026,-27.347117848612985,0,0,0.1
core_prophet_frozen_s42,prophet,frozen,selected,42,17,2025-05-05 01:00:00,2025-05-09 14:00:00,110,9.49,True,True,-18.35691257226,-2.308397212530026,-20.665309784790026,0,0,0.1
core_prophet_frozen_s42,prophet,frozen,selected,42,17,2025-05-05 01:00:00,2025-05-09 15:00:00,111,9.53,True,True,-10.56224505715221,-2.308397212530026,-12.870642269682236,0,0,0.1
core_prophet_frozen_s42,prophet,frozen,selected,42,17,2025-05-05 01:00:00,2025-05-09 16:00:00,112,9.31,True,True,-3.6146436667106334,-2.308397212530026,-5.923040879240659,0,0,0.1
core_prophet_frozen_s42,prophet,frozen,selected,42,17,2025-05-05 01:00:00,2025-05-09 17:00:00,113,9.03,True,True,2.1457475428438784,-2.308397212530026,-0.16264966968614747,0,0,0.1
core_prophet_frozen_s42,prophet,frozen,selected,42,17,2025-05-05 01:00:00,2025-05-09 18:00:00,114,8.5,True,True,7.642575088600665,-2.308397212530026,5.3341778760706395,0,0,0.1
core_prophet_frozen_s42,prophet,frozen,selected,42,17,2025-05-05 01:00:00,2025-05-09 19:00:00,115,8.1,True,True,14.028361607298253,-2.308397212530026,11.719964394768226,0,0,0.1
core_prophet_frozen_s42,prophet,frozen,selected,42,17,2025-05-05 01:00:00,2025-05-09 20:00:00,116,8.48,True,True,20.535244567224996,-2.308397212530026,18.22684735469497,0,0,0.1
core_prophet_frozen_s42,prophet,frozen,selected,42,17,2025-05-05 01:00:00,2025-05-09 21:00:00,117,9.4,True,True,24.890427918166157,-2.308397212530026,22.582030705636132,0,0,0.1
core_prophet_frozen_s42,prophet,frozen,selected,42,17,2025-05-05 01:00:00,2025-05-09 22:00:00,118,10.12,True,True,24.89467184134853,-2.308397212530026,22.586274628818504,0,0,0.1
core_prophet_frozen_s42,prophet,frozen,selected,42,17,2025-05-05 01:00:00,2025-05-09 23:00:00,119,9.88,True,True,20.841367519370948,-2.308397212530026,18.532970306840923,0,0,0.1
core_prophet_frozen_s42,prophet,frozen,selected,42,17,2025-05-05 01:00:00,2025-05-10 00:00:00,120,9.0,True,True,14.231204830757092,-2.308397212530026,11.922807618227065,0,0,0.1
core_prophet_frozen_s42,prophet,frozen,selected,42,17,2025-05-05 01:00:00,2025-05-10 01:00:00,121,7.34,True,True,8.173899490363567,-2.308397212530026,5.865502277833541,0,0,0.1
core_prophet_frozen_s42,prophet,frozen,selected,42,17,2025-05-05 01:00:00,2025-05-10 02:00:00,122,6.9,True,True,7.335728804063649,-2.308397212530026,5.027331591533623,0,0,0.1
core_prophet_frozen_s42,prophet,frozen,selected,42,17,2025-05-05 01:00:00,2025-05-10 03:00:00,123,6.93,True,True,11.759525823737649,-2.308397212530026,9.451128611207622,0,0,0.1
core_prophet_frozen_s42,prophet,frozen,selected,42,17,2025-05-05 01:00:00,2025-05-10 04:00:00,124,5.2,True,True,18.15697134684868,-2.308397212530026,15.848574134318657,0,0,0.1
core_prophet_frozen_s42,prophet,frozen,selected,42,17,2025-05-05 01:00:00,2025-05-10 05:00:00,125,5.53,True,True,24.837836568800128,-2.308397212530026,22.529439356270103,0,0,0.1
core_prophet_frozen_s42,prophet,frozen,selected,42,17,2025-05-05 01:00:00,2025-05-10 06:00:00,126,6.76,True,True,26.695671575141063,-2.308397212530026,24.387274362611038,0,0,0.1
core_prophet_frozen_s42,prophet,frozen,selected,42,17,2025-05-05 01:00:00,2025-05-10 07:00:00,127,8.94,True,True,22.38636669548916,-2.308397212530026,20.077969482959134,0,0,0.1
core_prophet_frozen_s42,prophet,frozen,selected,42,17,2025-05-05 01:00:00,2025-05-10 08:00:00,128,11.49,True,True,11.70986309336027,-2.308397212530026,9.401465880830244,0,0,0.1
core_prophet_frozen_s42,prophet,frozen,selected,42,17,2025-05-05 01:00:00,2025-05-10 09:00:00,129,13.47,True,True,-2.1351270548489083,-2.308397212530026,-4.443524267378934,0,0,0.1
core_prophet_frozen_s42,prophet,frozen,selected,42,17,2025-05-05 01:00:00,2025-05-10 10:00:00,130,15.13,True,True,-14.199504425959532,-2.308397212530026,-16.507901638489557,0,0,0.1
core_prophet_frozen_s42,prophet,frozen,selected,42,17,2025-05-05 01:00:00,2025-05-10 11:00:00,131,16.48,True,True,-21.368488605098605,-2.308397212530026,-23.67688581762863,0,0,0.1
core_prophet_frozen_s42,prophet,frozen,selected,42,17,2025-05-05 01:00:00,2025-05-10 12:00:00,132,17.58,True,True,-23.65125286025264,-2.308397212530026,-25.959650072782665,0,0,0.1
core_prophet_frozen_s42,prophet,frozen,selected,42,17,2025-05-05 01:00:00,2025-05-10 13:00:00,133,18.03,True,True,-21.705451773885528,-2.308397212530026,-24.013848986415553,0,0,0.1
core_prophet_frozen_s42,prophet,frozen,selected,42,17,2025-05-05 01:00:00,2025-05-10 14:00:00,134,18.64,True,True,-14.93608318715806,-2.308397212530026,-17.244480399688086,0,0,0.1
core_prophet_frozen_s42,prophet,frozen,selected,42,17,2025-05-05 01:00:00,2025-05-10 15:00:00,135,19.63,True,True,-6.585875245147378,-2.308397212530026,-8.894272457677403,0,0,0.1
core_prophet_frozen_s42,prophet,frozen,selected,42,17,2025-05-05 01:00:00,2025-05-10 16:00:00,136,21.5,True,True,0.5813049968630821,-2.308397212530026,-1.7270922156669437,0,0,0.1
core_prophet_frozen_s42,prophet,frozen,selected,42,17,2025-05-05 01:00:00,2025-05-10 17:00:00,137,25.3,True,True,9.61201399988508,-2.308397212530026,7.303616787355055,0,0,0.1
core_prophet_frozen_s42,prophet,frozen,selected,42,17,2025-05-05 01:00:00,2025-05-10 18:00:00,138,30.59,True,True,19.73995115916813,-2.308397212530026,17.431553946638104,0,0,0.1
core_prophet_frozen_s42,prophet,frozen,selected,42,17,2025-05-05 01:00:00,2025-05-10 19:00:00,139,35.43,True,True,29.967397011853222,-2.308397212530026,27.658999799323198,0,0,0.1
core_prophet_frozen_s42,prophet,frozen,selected,42,17,2025-05-05 01:00:00,2025-05-10 20:00:00,140,38.37,True,True,38.7222172423437,-2.308397212530026,36.41382002981368,0,0,0.1
core_prophet_frozen_s42,prophet,frozen,selected,42,17,2025-05-05 01:00:00,2025-05-10 21:00:00,141,39.43,True,True,44.079743274311454,-2.308397212530026,41.77134606178143,0,0,0.1
core_prophet_frozen_s42,prophet,frozen,selected,42,17,2025-05-05 01:00:00,2025-05-10 22:00:00,142,38.65,True,True,44.55909114938916,-2.308397212530026,42.250693936859136,0,0,0.1
core_prophet_frozen_s42,prophet,frozen,selected,42,17,2025-05-05 01:00:00,2025-05-10 23:00:00,143,36.22,True,True,38.54488314067592,-2.308397212530026,36.236485928145896,0,0,0.1
core_prophet_frozen_s42,prophet,frozen,selected,42,17,2025-05-05 01:00:00,2025-05-11 00:00:00,144,34.1,True,True,28.64454246051514,-2.308397212530026,26.336145247985115,0,0,0.1
core_prophet_frozen_s42,prophet,frozen,selected,42,17,2025-05-05 01:00:00,2025-05-11 01:00:00,145,33.46,True,True,21.65883677619016,-2.308397212530026,19.350439563660135,0,0,0.1
core_prophet_frozen_s42,prophet,frozen,selected,42,17,2025-05-05 01:00:00,2025-05-11 02:00:00,146,34.72,True,True,19.87304649812131,-2.308397212530026,17.564649285591287,0,0,0.1
core_prophet_frozen_s42,prophet,frozen,selected,42,17,2025-05-05 01:00:00,2025-05-11 03:00:00,147,39.24,True,True,23.61627872047194,-2.308397212530026,21.307881507941914,0,0,0.1
core_prophet_frozen_s42,prophet,frozen,selected,42,17,2025-05-05 01:00:00,2025-05-11 04:00:00,148,44.99,True,True,26.40456560257749,-2.308397212530026,24.096168390047467,0,0,0.1
core_prophet_frozen_s42,prophet,frozen,selected,42,17,2025-05-05 01:00:00,2025-05-11 05:00:00,149,51.22,True,True,28.6331709839792,-2.308397212530026,26.324773771449173,0,0,0.1
core_prophet_frozen_s42,prophet,frozen,selected,42,17,2025-05-05 01:00:00,2025-05-11 06:00:00,150,55.36,True,True,26.140060283227317,-2.308397212530026,23.831663070697292,0,0,0.1
core_prophet_frozen_s42,prophet,frozen,selected,42,17,2025-05-05 01:00:00,2025-05-11 07:00:00,151,47.69,True,True,14.898487642940124,-2.308397212530026,12.590090430410097,0,0,0.1
core_prophet_frozen_s42,prophet,frozen,selected,42,17,2025-05-05 01:00:00,2025-05-11 08:00:00,152,43.78,True,True,-0.4290167041946517,-2.308397212530026,-2.7374139167246776,0,0,0.1
core_prophet_frozen_s42,prophet,frozen,selected,42,17,2025-05-05 01:00:00,2025-05-11 09:00:00,153,43.41,True,True,-17.504622517675983,-2.308397212530026,-19.81301973020601,0,0,0.1
core_prophet_frozen_s42,prophet,frozen,selected,42,17,2025-05-05 01:00:00,2025-05-11 10:00:00,154,45.11,True,True,-29.241041102148216,-2.308397212530026,-31.54943831467824,0,0,0.1
core_prophet_frozen_s42,prophet,frozen,selected,42,17,2025-05-05 01:00:00,2025-05-11 11:00:00,155,47.9,True,True,-33.0414970699745,-2.308397212530026,-35.34989428250452,0,0,0.1
core_prophet_frozen_s42,prophet,frozen,selected,42,17,2025-05-05 01:00:00,2025-05-11 12:00:00,156,49.68,True,True,-31.27809574446493,-2.308397212530026,-33.58649295699496,0,0,0.1
core_prophet_frozen_s42,prophet,frozen,selected,42,17,2025-05-05 01:00:00,2025-05-11 13:00:00,157,50.59,True,True,-24.62554025203076,-2.308397212530026,-26.933937464560785,0,0,0.1
core_prophet_frozen_s42,prophet,frozen,selected,42,17,2025-05-05 01:00:00,2025-05-11 14:00:00,158,52.63,True,True,-13.176332118529755,-2.308397212530026,-15.484729331059782,0,0,0.1
core_prophet_frozen_s42,prophet,frozen,selected,42,17,2025-05-05 01:00:00,2025-05-11 15:00:00,159,55.38,True,True,-0.4088719895918302,-2.308397212530026,-2.717269202121856,0,0,0.1
core_prophet_frozen_s42,prophet,frozen,selected,42,17,2025-05-05 01:00:00,2025-05-11 16:00:00,160,56.79,True,True,9.336559834213972,-2.308397212530026,7.028162621683946,0,0,0.1
core_prophet_frozen_s42,prophet,frozen,selected,42,17,2025-05-05 01:00:00,2025-05-11 17:00:00,161,58.16,True,True,17.415471851766767,-2.308397212530026,15.107074639236743,0,0,0.1
core_prophet_frozen_s42,prophet,frozen,selected,42,17,2025-05-05 01:00:00,2025-05-11 18:00:00,162,58.77,True,True,24.07575386220685,-2.308397212530026,21.767356649676824,0,0,0.1
core_prophet_frozen_s42,prophet,frozen,selected,42,17,2025-05-05 01:00:00,2025-05-11 19:00:00,163,58.28,True,True,30.1431445211623,-2.308397212530026,27.834747308632274,0,0,0.1
core_prophet_frozen_s42,prophet,frozen,selected,42,17,2025-05-05 01:00:00,2025-05-11 20:00:00,164,58.78,True,True,36.48356827375076,-2.308397212530026,34.17517106122074,0,0,0.1
core_prophet_frozen_s42,prophet,frozen,selected,42,17,2025-05-05 01:00:00,2025-05-11 21:00:00,165,60.1,True,True,41.23669908580595,-2.308397212530026,38.92830187327593,0,0,0.1
core_prophet_frozen_s42,prophet,frozen,selected,42,17,2025-05-05 01:00:00,2025-05-11 22:00:00,166,61.29,True,True,42.76560616508121,-2.308397212530026,40.457208952551184,0,0,0.1
core_prophet_frozen_s42,prophet,frozen,selected,42,17,2025-05-05 01:00:00,2025-05-11 23:00:00,167,63.57,True,True,38.76480851428812,-2.308397212530026,36.456411301758095,0,0,0.1
core_prophet_frozen_s42,prophet,frozen,selected,42,17,2025-05-05 01:00:00,2025-05-12 00:00:00,168,67.27,True,True,33.203563921164005,-2.308397212530026,30.89516670863398,0,0,0.1
core_prophet_frozen_s42,prophet,frozen,selected,42,18,2025-05-12 01:00:00,2025-05-12 01:00:00,1,77.71,True,True,30.285068238791094,2.977884883779348,33.262953122570444,0,0,0.1
core_prophet_frozen_s42,prophet,frozen,selected,42,18,2025-05-12 01:00:00,2025-05-12 02:00:00,2,88.22,True,True,32.45872330433244,2.977884883779348,35.436608188111784,0,0,0.1
core_prophet_frozen_s42,prophet,frozen,selected,42,18,2025-05-12 01:00:00,2025-05-12 03:00:00,3,101.18,True,True,40.38178367809516,2.977884883779348,43.35966856187451,0,0,0.1
core_prophet_frozen_s42,prophet,frozen,selected,42,18,2025-05-12 01:00:00,2025-05-12 04:00:00,4,127.41,True,True,37.83866980040216,2.977884883779348,40.816554684181504,0,0,0.1
core_prophet_frozen_s42,prophet,frozen,selected,42,18,2025-05-12 01:00:00,2025-05-12 05:00:00,5,135.56,True,True,33.65692204706346,2.977884883779348,36.63480693084281,0,0,0.1
core_prophet_frozen_s42,prophet,frozen,selected,42,18,2025-05-12 01:00:00,2025-05-12 06:00:00,6,138.99,True,True,28.59560691898264,2.977884883779348,31.573491802761986,0,0,0.1
core_prophet_frozen_s42,prophet,frozen,selected,42,18,2025-05-12 01:00:00,2025-05-12 07:00:00,7,135.38,True,True,18.747959051344537,2.977884883779348,21.725843935123883,0,0,0.1
core_prophet_frozen_s42,prophet,frozen,selected,42,18,2025-05-12 01:00:00,2025-05-12 08:00:00,8,127.51,True,True,4.154776118073983,2.977884883779348,7.1326610018533305,0,0,0.1
core_prophet_frozen_s42,prophet,frozen,selected,42,18,2025-05-12 01:00:00,2025-05-12 09:00:00,9,118.33,True,True,-12.310294902764896,2.977884883779348,-9.332410018985549,0,0,0.1
core_prophet_frozen_s42,prophet,frozen,selected,42,18,2025-05-12 01:00:00,2025-05-12 10:00:00,10,107.63,True,True,-24.547314035195143,2.977884883779348,-21.569429151415797,0,0,0.1
core_prophet_frozen_s42,prophet,frozen,selected,42,18,2025-05-12 01:00:00,2025-05-12 11:00:00,11,98.76,True,True,-30.887899252886623,2.977884883779348,-27.910014369107273,0,0,0.1
core_prophet_frozen_s42,prophet,frozen,selected,42,18,2025-05-12 01:00:00,2025-05-12 12:00:00,12,90.7,True,True,-32.62823384395733,2.977884883779348,-29.650348960177986,0,0,0.1
core_prophet_frozen_s42,prophet,frozen,selected,42,18,2025-05-12 01:00:00,2025-05-12 13:00:00,13,82.25,True,True,-29.77450301179158,2.977884883779348,-26.796618128012234,0,0,0.1
core_prophet_frozen_s42,prophet,frozen,selected,42,18,2025-05-12 01:00:00,2025-05-12 14:00:00,14,75.62,True,True,-22.53318609926575,2.977884883779348,-19.555301215486402,0,0,0.1
core_prophet_frozen_s42,prophet,frozen,selected,42,18,2025-05-12 01:00:00,2025-05-12 15:00:00,15,70.54,True,True,-14.108186797835828,2.977884883779348,-11.13030191405648,0,0,0.1
core_prophet_frozen_s42,prophet,frozen,selected,42,18,2025-05-12 01:00:00,2025-05-12 16:00:00,16,64.84,True,True,-7.993204676960772,2.977884883779348,-5.015319793181424,0,0,0.1
core_prophet_frozen_s42,prophet,frozen,selected,42,18,2025-05-12 01:00:00,2025-05-12 17:00:00,17,60.52,True,True,-2.415142221191473,2.977884883779348,0.5627426625878749,0,0,0.1
core_prophet_frozen_s42,prophet,frozen,selected,42,18,2025-05-12 01:00:00,2025-05-12 18:00:00,18,59.36,True,True,4.420567551626505,2.977884883779348,7.3984524354058525,0,0,0.1
core_prophet_frozen_s42,prophet,frozen,selected,42,18,2025-05-12 01:00:00,2025-05-12 19:00:00,19,62.45,True,True,12.510169912578874,2.977884883779348,15.488054796358222,0,0,0.1
core_prophet_frozen_s42,prophet,frozen,selected,42,18,2025-05-12 01:00:00,2025-05-12 20:00:00,20,68.51,True,True,21.27491181468818,2.977884883779348,24.252796698467527,0,0,0.1
core_prophet_frozen_s42,prophet,frozen,selected,42,18,2025-05-12 01:00:00,2025-05-12 21:00:00,21,74.6,True,True,27.646893607189924,2.977884883779348,30.62477849096927,0,0,0.1
core_prophet_frozen_s42,prophet,frozen,selected,42,18,2025-05-12 01:00:00,2025-05-12 22:00:00,22,78.75,True,True,29.50593273315096,2.977884883779348,32.48381761693031,0,0,0.1
core_prophet_frozen_s42,prophet,frozen,selected,42,18,2025-05-12 01:00:00,2025-05-12 23:00:00,23,82.5,True,True,27.66327793420496,2.977884883779348,30.64116281798431,0,0,0.1
core_prophet_frozen_s42,prophet,frozen,selected,42,18,2025-05-12 01:00:00,2025-05-13 00:00:00,24,86.35,True,True,23.093292158576816,2.977884883779348,26.07117704235616,0,0,0.1
core_prophet_frozen_s42,prophet,frozen,selected,42,18,2025-05-12 01:00:00,2025-05-13 01:00:00,25,91.14,True,True,19.56211730816736,2.977884883779348,22.540002191946705,0,0,0.1
core_prophet_frozen_s42,prophet,frozen,selected,42,18,2025-05-12 01:00:00,2025-05-13 02:00:00,26,97.53,True,True,21.579477068090625,2.977884883779348,24.55736195186997,0,0,0.1
core_prophet_frozen_s42,prophet,frozen,selected,42,18,2025-05-12 01:00:00,2025-05-13 03:00:00,27,109.15,True,True,28.961234716175653,2.977884883779348,31.939119599955,0,0,0.1
core_prophet_frozen_s42,prophet,frozen,selected,42,18,2025-05-12 01:00:00,2025-05-13 04:00:00,28,143.35,True,True,28.7946966103853,2.977884883779348,31.772581494164648,0,0,0.1
core_prophet_frozen_s42,prophet,frozen,selected,42,18,2025-05-12 01:00:00,2025-05-13 05:00:00,29,163.07,True,True,29.88234110603807,2.977884883779348,32.860225989817415,0,0,0.1
core_prophet_frozen_s42,prophet,frozen,selected,42,18,2025-05-12 01:00:00,2025-05-13 06:00:00,30,169.11,True,True,28.670033815118416,2.977884883779348,31.64791869889776,0,0,0.1
core_prophet_frozen_s42,prophet,frozen,selected,42,18,2025-05-12 01:00:00,2025-05-13 07:00:00,31,166.15,True,True,20.960289081813784,2.977884883779348,23.93817396559313,0,0,0.1
core_prophet_frozen_s42,prophet,frozen,selected,42,18,2025-05-12 01:00:00,2025-05-13 08:00:00,32,155.28,True,True,6.695392081291089,2.977884883779348,9.673276965070437,0,0,0.1
core_prophet_frozen_s42,prophet,frozen,selected,42,18,2025-05-12 01:00:00,2025-05-13 09:00:00,33,142.93,True,True,-10.319844052916295,2.977884883779348,-7.341959169136947,0,0,0.1
core_prophet_frozen_s42,prophet,frozen,selected,42,18,2025-05-12 01:00:00,2025-05-13 10:00:00,34,133.61,True,True,-21.46094545325991,2.977884883779348,-18.483060569480564,0,0,0.1
core_prophet_frozen_s42,prophet,frozen,selected,42,18,2025-05-12 01:00:00,2025-05-13 11:00:00,35,132.52,True,True,-24.871426653993183,2.977884883779348,-21.893541770213837,0,0,0.1
core_prophet_frozen_s42,prophet,frozen,selected,42,18,2025-05-12 01:00:00,2025-05-13 12:00:00,36,135.47,True,True,-22.44117697179149,2.977884883779348,-19.46329208801214,0,0,0.1
core_prophet_frozen_s42,prophet,frozen,selected,42,18,2025-05-12 01:00:00,2025-05-13 13:00:00,37,138.29,True,True,-15.667203857872352,2.977884883779348,-12.689318974093004,0,0,0.1
core_prophet_frozen_s42,prophet,frozen,selected,42,18,2025-05-12 01:00:00,2025-05-13 14:00:00,38,141.36,True,True,-6.2228075816368005,2.977884883779348,-3.2449226978574526,0,0,0.1
core_prophet_frozen_s42,prophet,frozen,selected,42,18,2025-05-12 01:00:00,2025-05-13 15:00:00,39,142.6,True,True,3.584685683066482,2.977884883779348,6.56257056684583,0,0,0.1
core_prophet_frozen_s42,prophet,frozen,selected,42,18,2025-05-12 01:00:00,2025-05-13 16:00:00,40,139.18,True,True,10.351916456792168,2.977884883779348,13.329801340571516,0,0,0.1
core_prophet_frozen_s42,prophet,frozen,selected,42,18,2025-05-12 01:00:00,2025-05-13 17:00:00,41,138.04,True,True,17.276003669509947,2.977884883779348,20.253888553289293,0,0,0.1
core_prophet_frozen_s42,prophet,frozen,selected,42,18,2025-05-12 01:00:00,2025-05-13 18:00:00,42,138.91,True,True,26.08161388794622,2.977884883779348,29.059498771725565,0,0,0.1
core_prophet_frozen_s42,prophet,frozen,selected,42,18,2025-05-12 01:00:00,2025-05-13 19:00:00,43,140.74,True,True,37.34166842656052,2.977884883779348,40.31955331033986,0,0,0.1
core_prophet_frozen_s42,prophet,frozen,selected,42,18,2025-05-12 01:00:00,2025-05-13 20:00:00,44,144.43,True,True,50.507538218355904,2.977884883779348,53.48542310213525,0,0,0.1
core_prophet_frozen_s42,prophet,frozen,selected,42,18,2025-05-12 01:00:00,2025-05-13 21:00:00,45,149.35,True,True,64.10682222680092,2.977884883779348,67.08470711058027,0,0,0.1
core_prophet_frozen_s42,prophet,frozen,selected,42,18,2025-05-12 01:00:00,2025-05-13 22:00:00,46,150.69,True,True,71.11071205984993,2.977884883779348,74.08859694362928,0,0,0.1
core_prophet_frozen_s42,prophet,frozen,selected,42,18,2025-05-12 01:00:00,2025-05-13 23:00:00,47,117.67,True,True,57.53636884813278,2.977884883779348,60.51425373191213,0,0,0.1
core_prophet_frozen_s42,prophet,frozen,selected,42,18,2025-05-12 01:00:00,2025-05-14 00:00:00,48,62.75,True,True,32.168144501735384,2.977884883779348,35.14602938551473,0,0,0.1
core_prophet_frozen_s42,prophet,frozen,selected,42,18,2025-05-12 01:00:00,2025-05-14 01:00:00,49,15.94,True,True,5.716610731695056,2.977884883779348,8.694495615474404,0,0,0.1
core_prophet_frozen_s42,prophet,frozen,selected,42,18,2025-05-12 01:00:00,2025-05-14 02:00:00,50,5.62,True,True,-0.818203119875534,2.977884883779348,2.159681763903814,0,0,0.1
core_prophet_frozen_s42,prophet,frozen,selected,42,18,2025-05-12 01:00:00,2025-05-14 03:00:00,51,4.86,True,True,3.6517990370793134,2.977884883779348,6.629683920858661,0,0,0.1
core_prophet_frozen_s42,prophet,frozen,selected,42,18,2025-05-12 01:00:00,2025-05-14 04:00:00,52,6.25,True,True,10.032425846581106,2.977884883779348,13.010310730360453,0,0,0.1
core_prophet_frozen_s42,prophet,frozen,selected,42,18,2025-05-12 01:00:00,2025-05-14 05:00:00,53,9.43,True,True,15.388298151732728,2.977884883779348,18.366183035512076,0,0,0.1
core_prophet_frozen_s42,prophet,frozen,selected,42,18,2025-05-12 01:00:00,2025-05-14 06:00:00,54,13.26,True,True,15.994963780310345,2.977884883779348,18.972848664089693,0,0,0.1
core_prophet_frozen_s42,prophet,frozen,selected,42,18,2025-05-12 01:00:00,2025-05-14 07:00:00,55,15.36,True,True,8.729204667674992,2.977884883779348,11.70708955145434,0,0,0.1
core_prophet_frozen_s42,prophet,frozen,selected,42,18,2025-05-12 01:00:00,2025-05-14 08:00:00,56,16.84,True,True,-5.061171247443184,2.977884883779348,-2.083286363663836,0,0,0.1
core_prophet_frozen_s42,prophet,frozen,selected,42,18,2025-05-12 01:00:00,2025-05-14 09:00:00,57,17.53,True,True,-21.54064205982513,2.977884883779348,-18.562757176045785,0,0,0.1
core_prophet_frozen_s42,prophet,frozen,selected,42,18,2025-05-12 01:00:00,2025-05-14 10:00:00,58,17.77,True,True,-34.37850486568024,2.977884883779348,-31.400619981900896,0,0,0.1
core_prophet_frozen_s42,prophet,frozen,selected,42,18,2025-05-12 01:00:00,2025-05-14 11:00:00,59,17.57,True,True,-40.003574837442045,2.977884883779348,-37.0256899536627,0,0,0.1
core_prophet_frozen_s42,prophet,frozen,selected,42,18,2025-05-12 01:00:00,2025-05-14 12:00:00,60,17.39,True,True,-39.67743190360849,2.977884883779348,-36.69954701982915,0,0,0.1
core_prophet_frozen_s42,prophet,frozen,selected,42,18,2025-05-12 01:00:00,2025-05-14 13:00:00,61,18.98,True,True,-34.77819221123434,2.977884883779348,-31.800307327454995,0,0,0.1
core_prophet_frozen_s42,prophet,frozen,selected,42,18,2025-05-12 01:00:00,2025-05-14 14:00:00,62,22.12,True,True,-26.33103675604872,2.977884883779348,-23.353151872269372,0,0,0.1
core_prophet_frozen_s42,prophet,frozen,selected,42,18,2025-05-12 01:00:00,2025-05-14 15:00:00,63,24.71,True,True,-17.082519393113756,2.977884883779348,-14.104634509334408,0,0,0.1
core_prophet_frozen_s42,prophet,frozen,selected,42,18,2025-05-12 01:00:00,2025-05-14 16:00:00,64,25.69,True,True,-9.11504886005551,2.977884883779348,-6.137163976276161,0,0,0.1
core_prophet_frozen_s42,prophet,frozen,selected,42,18,2025-05-12 01:00:00,2025-05-14 17:00:00,65,26.29,True,True,-1.1057074444256614,2.977884883779348,1.8721774393536865,0,0,0.1
core_prophet_frozen_s42,prophet,frozen,selected,42,18,2025-05-12 01:00:00,2025-05-14 18:00:00,66,26.96,True,True,6.815932909797311,2.977884883779348,9.79381779357666,0,0,0.1
core_prophet_frozen_s42,prophet,frozen,selected,42,18,2025-05-12 01:00:00,2025-05-14 19:00:00,67,27.85,True,True,14.769620007718745,2.977884883779348,17.747504891498092,0,0,0.1
core_prophet_frozen_s42,prophet,frozen,selected,42,18,2025-05-12 01:00:00,2025-05-14 20:00:00,68,29.18,True,True,22.060655780551656,2.977884883779348,25.038540664331002,0,0,0.1
core_prophet_frozen_s42,prophet,frozen,selected,42,18,2025-05-12 01:00:00,2025-05-14 21:00:00,69,30.38,True,True,26.74535947019109,2.977884883779348,29.723244353970436,0,0,0.1
core_prophet_frozen_s42,prophet,frozen,selected,42,18,2025-05-12 01:00:00,2025-05-14 22:00:00,70,31.16,True,True,27.195836848136395,2.977884883779348,30.17372173191574,0,0,0.1
core_prophet_frozen_s42,prophet,frozen,selected,42,18,2025-05-12 01:00:00,2025-05-14 23:00:00,71,31.99,True,True,22.950309799489048,2.977884883779348,25.928194683268394,0,0,0.1
core_prophet_frozen_s42,prophet,frozen,selected,42,18,2025-05-12 01:00:00,2025-05-15 00:00:00,72,34.43,True,True,16.58484360083827,2.977884883779348,19.562728484617615,0,0,0.1
core_prophet_frozen_s42,prophet,frozen,selected,42,18,2025-05-12 01:00:00,2025-05-15 01:00:00,73,39.39,True,True,11.44227891491883,2.977884883779348,14.420163798698178,0,0,0.1
core_prophet_frozen_s42,prophet,frozen,selected,42,18,2025-05-12 01:00:00,2025-05-15 02:00:00,74,46.82,True,True,12.321742747218964,2.977884883779348,15.299627630998312,0,0,0.1
core_prophet_frozen_s42,prophet,frozen,selected,42,18,2025-05-12 01:00:00,2025-05-15 03:00:00,75,58.84,True,True,18.219317302989623,2.977884883779348,21.19720218676897,0,0,0.1
core_prophet_frozen_s42,prophet,frozen,selected,42,18,2025-05-12 01:00:00,2025-05-15 04:00:00,76,53.22,True,True,20.02089211341817,2.977884883779348,22.998776997197517,0,0,0.1
core_prophet_frozen_s42,prophet,frozen,selected,42,18,2025-05-12 01:00:00,2025-05-15 05:00:00,77,45.04,True,True,22.68527502421705,2.977884883779348,25.663159907996395,0,0,0.1
core_prophet_frozen_s42,prophet,frozen,selected,42,18,2025-05-12 01:00:00,2025-05-15 06:00:00,78,39.93,True,True,22.169693756653743,2.977884883779348,25.14757864043309,0,0,0.1
core_prophet_frozen_s42,prophet,frozen,selected,42,18,2025-05-12 01:00:00,2025-05-15 07:00:00,79,37.1,True,True,15.12537218413368,2.977884883779348,18.103257067913027,0,0,0.1
core_prophet_frozen_s42,prophet,frozen,selected,42,18,2025-05-12 01:00:00,2025-05-15 08:00:00,80,34.96,True,True,1.848553728049211,2.977884883779348,4.826438611828559,0,0,0.1
core_prophet_frozen_s42,prophet,frozen,selected,42,18,2025-05-12 01:00:00,2025-05-15 09:00:00,81,33.31,True,True,-13.942731858608823,2.977884883779348,-10.964846974829475,0,0,0.1
core_prophet_frozen_s42,prophet,frozen,selected,42,18,2025-05-12 01:00:00,2025-05-15 10:00:00,82,33.19,True,True,-26.705078190581503,2.977884883779348,-23.727193306802157,0,0,0.1
core_prophet_frozen_s42,prophet,frozen,selected,42,18,2025-05-12 01:00:00,2025-05-15 11:00:00,83,34.38,True,True,-33.285095100961456,2.977884883779348,-30.30721021718211,0,0,0.1
core_prophet_frozen_s42,prophet,frozen,selected,42,18,2025-05-12 01:00:00,2025-05-15 12:00:00,84,35.56,True,True,-34.40548205261433,2.977884883779348,-31.427597168834986,0,0,0.1
core_prophet_frozen_s42,prophet,frozen,selected,42,18,2025-05-12 01:00:00,2025-05-15 13:00:00,85,36.41,True,True,-30.29975718706436,2.977884883779348,-27.321872303285012,0,0,0.1
core_prophet_frozen_s42,prophet,frozen,selected,42,18,2025-05-12 01:00:00,2025-05-15 14:00:00,86,38.29,True,True,-21.67856424609008,2.977884883779348,-18.70067936231073,0,0,0.1
core_prophet_frozen_s42,prophet,frozen,selected,42,18,2025-05-12 01:00:00,2025-05-15 15:00:00,87,40.83,True,True,-11.814934135043984,2.977884883779348,-8.837049251264636,0,0,0.1
core_prophet_frozen_s42,prophet,frozen,selected,42,18,2025-05-12 01:00:00,2025-05-15 16:00:00,88,44.56,True,True,-3.669741018346372,2.977884883779348,-0.6918561345670242,0,0,0.1
core_prophet_frozen_s42,prophet,frozen,selected,42,18,2025-05-12 01:00:00,2025-05-15 17:00:00,89,51.39,True,True,3.5909033208988888,2.977884883779348,6.568788204678237,0,0,0.1
core_prophet_frozen_s42,prophet,frozen,selected,42,18,2025-05-12 01:00:00,2025-05-15 18:00:00,90,60.87,True,True,10.857743272823429,2.977884883779348,13.835628156602777,0,0,0.1
core_prophet_frozen_s42,prophet,frozen,selected,42,18,2025-05-12 01:00:00,2025-05-15 19:00:00,91,72.05,True,True,18.269353102564597,2.977884883779348,21.247237986343947,0,0,0.1
core_prophet_frozen_s42,prophet,frozen,selected,42,18,2025-05-12 01:00:00,2025-05-15 20:00:00,92,84.88,True,True,25.12361167567542,2.977884883779348,28.101496559454766,0,0,0.1
core_prophet_frozen_s42,prophet,frozen,selected,42,18,2025-05-12 01:00:00,2025-05-15 21:00:00,93,97.79,True,True,29.703070430391307,2.977884883779348,32.68095531417065,0,0,0.1
core_prophet_frozen_s42,prophet,frozen,selected,42,18,2025-05-12 01:00:00,2025-05-15 22:00:00,94,108.37,True,True,30.52216239346984,2.977884883779348,33.50004727724919,0,0,0.1
core_prophet_frozen_s42,prophet,frozen,selected,42,18,2025-05-12 01:00:00,2025-05-15 23:00:00,95,116.25,True,True,28.2723657564473,2.977884883779348,31.250250640226646,0,0,0.1
core_prophet_frozen_s42,prophet,frozen,selected,42,18,2025-05-12 01:00:00,2025-05-16 00:00:00,96,123.15,True,True,23.75982187251094,2.977884883779348,26.737706756290287,0,0,0.1
core_prophet_frozen_s42,prophet,frozen,selected,42,18,2025-05-12 01:00:00,2025-05-16 01:00:00,97,132.18,True,True,19.2004478589472,2.977884883779348,22.178332742726546,0,0,0.1
core_prophet_frozen_s42,prophet,frozen,selected,42,18,2025-05-12 01:00:00,2025-05-16 02:00:00,98,142.04,True,True,20.129312887253235,2.977884883779348,23.10719777103258,0,0,0.1
core_prophet_frozen_s42,prophet,frozen,selected,42,18,2025-05-12 01:00:00,2025-05-16 03:00:00,99,159.17,True,True,25.256716784960503,2.977884883779348,28.23460166873985,0,0,0.1
core_prophet_frozen_s42,prophet,frozen,selected,42,18,2025-05-12 01:00:00,2025-05-16 04:00:00,100,174.04,True,True,31.210322250924435,2.977884883779348,34.18820713470378,0,0,0.1
core_prophet_frozen_s42,prophet,frozen,selected,42,18,2025-05-12 01:00:00,2025-05-16 05:00:00,101,174.39,True,True,35.66892302702016,2.977884883779348,38.64680791079951,0,0,0.1
core_prophet_frozen_s42,prophet,frozen,selected,42,18,2025-05-12 01:00:00,2025-05-16 06:00:00,102,172.46,True,True,36.15161499129371,2.977884883779348,39.12949987507306,0,0,0.1
core_prophet_frozen_s42,prophet,frozen,selected,42,18,2025-05-12 01:00:00,2025-05-16 07:00:00,103,168.26,True,True,29.66123957066486,2.977884883779348,32.63912445444421,0,0,0.1
core_prophet_frozen_s42,prophet,frozen,selected,42,18,2025-05-12 01:00:00,2025-05-16 08:00:00,104,160.05,True,True,15.33074888926498,2.977884883779348,18.308633773044328,0,0,0.1
core_prophet_frozen_s42,prophet,frozen,selected,42,18,2025-05-12 01:00:00,2025-05-16 09:00:00,105,155.52,True,True,-2.137477393173953,2.977884883779348,0.8404074906053949,0,0,0.1
core_prophet_frozen_s42,prophet,frozen,selected,42,18,2025-05-12 01:00:00,2025-05-16 10:00:00,106,149.99,True,True,-16.089155473149845,2.977884883779348,-13.111270589370497,0,0,0.1
core_prophet_frozen_s42,prophet,frozen,selected,42,18,2025-05-12 01:00:00,2025-05-16 11:00:00,107,142.95,True,True,-23.620166968822502,2.977884883779348,-20.642282085043156,0,0,0.1
core_prophet_frozen_s42,prophet,frozen,selected,42,18,2025-05-12 01:00:00,2025-05-16 12:00:00,108,135.27,True,True,-25.57379252074074,2.977884883779348,-22.595907636961392,0,0,0.1
core_prophet_frozen_s42,prophet,frozen,selected,42,18,2025-05-12 01:00:00,2025-05-16 13:00:00,109,128.41,True,True,-19.38311443234164,2.977884883779348,-16.40522954856229,0,0,0.1
core_prophet_frozen_s42,prophet,frozen,selected,42,18,2025-05-12 01:00:00,2025-05-16 14:00:00,110,127.57,True,True,-6.334507922325486,2.977884883779348,-3.3566230385461377,0,0,0.1
core_prophet_frozen_s42,prophet,frozen,selected,42,18,2025-05-12 01:00:00,2025-05-16 15:00:00,111,129.89,True,True,7.659838890538111,2.977884883779348,10.63772377431746,0,0,0.1
core_prophet_frozen_s42,prophet,frozen,selected,42,18,2025-05-12 01:00:00,2025-05-16 16:00:00,112,130.59,True,True,17.97749959505248,2.977884883779348,20.955384478831824,0,0,0.1
core_prophet_frozen_s42,prophet,frozen,selected,42,18,2025-05-12 01:00:00,2025-05-16 17:00:00,113,127.01,True,True,25.0112438210754,2.977884883779348,27.98912870485475,0,0,0.1
core_prophet_frozen_s42,prophet,frozen,selected,42,18,2025-05-12 01:00:00,2025-05-16 18:00:00,114,112.05,True,True,29.629193877243186,2.977884883779348,32.607078761022535,0,0,0.1
core_prophet_frozen_s42,prophet,frozen,selected,42,18,2025-05-12 01:00:00,2025-05-16 19:00:00,115,80.06,True,True,17.054704758774108,2.977884883779348,20.032589642553454,0,0,0.1
core_prophet_frozen_s42,prophet,frozen,selected,42,18,2025-05-12 01:00:00,2025-05-16 20:00:00,116,89.46,True,True,18.138649043831464,2.977884883779348,21.11653392761081,0,0,0.1
core_prophet_frozen_s42,prophet,frozen,selected,42,18,2025-05-12 01:00:00,2025-05-16 21:00:00,117,74.72,True,True,19.994503950906196,2.977884883779348,22.972388834685546,0,0,0.1
core_prophet_frozen_s42,prophet,frozen,selected,42,18,2025-05-12 01:00:00,2025-05-16 22:00:00,118,33.73,True,True,18.003259429713324,2.977884883779348,20.98114431349267,0,0,0.1
core_prophet_frozen_s42,prophet,frozen,selected,42,18,2025-05-12 01:00:00,2025-05-16 23:00:00,119,9.38,True,True,13.728893594306696,2.977884883779348,16.706778478086044,0,0,0.1
core_prophet_frozen_s42,prophet,frozen,selected,42,18,2025-05-12 01:00:00,2025-05-17 00:00:00,120,2.03,True,True,8.814168942495257,2.977884883779348,11.792053826274605,0,0,0.1
core_prophet_frozen_s42,prophet,frozen,selected,42,18,2025-05-12 01:00:00,2025-05-17 01:00:00,121,0.71,True,True,5.43656360726888,2.977884883779348,8.414448491048228,0,0,0.1
core_prophet_frozen_s42,prophet,frozen,selected,42,18,2025-05-12 01:00:00,2025-05-17 02:00:00,122,0.79,True,True,6.629117137515152,2.977884883779348,9.6070020212945,0,0,0.1
core_prophet_frozen_s42,prophet,frozen,selected,42,18,2025-05-12 01:00:00,2025-05-17 03:00:00,123,1.11,True,True,12.481660868235878,2.977884883779348,15.459545752015226,0,0,0.1
core_prophet_frozen_s42,prophet,frozen,selected,42,18,2025-05-12 01:00:00,2025-05-17 04:00:00,124,1.41,True,True,20.52308690722535,2.977884883779348,23.500971791004694,0,0,0.1
core_prophet_frozen_s42,prophet,frozen,selected,42,18,2025-05-12 01:00:00,2025-05-17 05:00:00,125,1.59,True,True,26.52098915150896,2.977884883779348,29.49887403528831,0,0,0.1
core_prophet_frozen_s42,prophet,frozen,selected,42,18,2025-05-12 01:00:00,2025-05-17 06:00:00,126,1.8,True,True,26.85621422147949,2.977884883779348,29.834099105258836,0,0,0.1
core_prophet_frozen_s42,prophet,frozen,selected,42,18,2025-05-12 01:00:00,2025-05-17 07:00:00,127,1.98,True,True,19.56260101950284,2.977884883779348,22.54048590328219,0,0,0.1
core_prophet_frozen_s42,prophet,frozen,selected,42,18,2025-05-12 01:00:00,2025-05-17 08:00:00,128,2.06,True,True,5.227043028978926,2.977884883779348,8.204927912758274,0,0,0.1
core_prophet_frozen_s42,prophet,frozen,selected,42,18,2025-05-12 01:00:00,2025-05-17 09:00:00,129,2.07,True,True,-12.39498002158794,2.977884883779348,-9.417095137808593,0,0,0.1
core_prophet_frozen_s42,prophet,frozen,selected,42,18,2025-05-12 01:00:00,2025-05-17 10:00:00,130,2.49,True,True,-26.71108524569206,2.977884883779348,-23.733200361912715,0,0,0.1
core_prophet_frozen_s42,prophet,frozen,selected,42,18,2025-05-12 01:00:00,2025-05-17 11:00:00,131,3.33,True,True,-34.12277613493109,2.977884883779348,-31.14489125115174,0,0,0.1
core_prophet_frozen_s42,prophet,frozen,selected,42,18,2025-05-12 01:00:00,2025-05-17 12:00:00,132,4.39,True,True,-34.63105426012345,2.977884883779348,-31.653169376344103,0,0,0.1
core_prophet_frozen_s42,prophet,frozen,selected,42,18,2025-05-12 01:00:00,2025-05-17 13:00:00,133,5.46,True,True,-29.61138066470133,2.977884883779348,-26.633495780921983,0,0,0.1
core_prophet_frozen_s42,prophet,frozen,selected,42,18,2025-05-12 01:00:00,2025-05-17 14:00:00,134,6.52,True,True,-20.515361996417766,2.977884883779348,-17.53747711263842,0,0,0.1
core_prophet_frozen_s42,prophet,frozen,selected,42,18,2025-05-12 01:00:00,2025-05-17 15:00:00,135,7.63,True,True,-10.56010133716572,2.977884883779348,-7.582216453386373,0,0,0.1
core_prophet_frozen_s42,prophet,frozen,selected,42,18,2025-05-12 01:00:00,2025-05-17 16:00:00,136,8.39,True,True,-2.93218417155012,2.977884883779348,0.04570071222922811,0,0,0.1
core_prophet_frozen_s42,prophet,frozen,selected,42,18,2025-05-12 01:00:00,2025-05-17 17:00:00,137,9.24,True,True,4.017153447835938,2.977884883779348,6.9950383316152855,0,0,0.1
core_prophet_frozen_s42,prophet,frozen,selected,42,18,2025-05-12 01:00:00,2025-05-17 18:00:00,138,10.63,True,True,11.054394023612218,2.977884883779348,14.032278907391566,0,0,0.1
core_prophet_frozen_s42,prophet,frozen,selected,42,18,2025-05-12 01:00:00,2025-05-17 19:00:00,139,12.19,True,True,19.468274572080475,2.977884883779348,22.44615945585982,0,0,0.1
core_prophet_frozen_s42,prophet,frozen,selected,42,18,2025-05-12 01:00:00,2025-05-17 20:00:00,140,13.51,True,True,27.6711445426009,2.977884883779348,30.649029426380245,0,0,0.1
core_prophet_frozen_s42,prophet,frozen,selected,42,18,2025-05-12 01:00:00,2025-05-17 21:00:00,141,15.07,True,True,33.11998552644232,2.977884883779348,36.09787041022167,0,0,0.1
core_prophet_frozen_s42,prophet,frozen,selected,42,18,2025-05-12 01:00:00,2025-05-17 22:00:00,142,16.71,True,True,34.27196290443979,2.977884883779348,37.249847788219135,0,0,0.1
core_prophet_frozen_s42,prophet,frozen,selected,42,18,2025-05-12 01:00:00,2025-05-17 23:00:00,143,18.53,True,True,29.74872630799959,2.977884883779348,32.726611191778936,0,0,0.1
core_prophet_frozen_s42,prophet,frozen,selected,42,18,2025-05-12 01:00:00,2025-05-18 00:00:00,144,20.61,True,True,23.250844657556144,2.977884883779348,26.22872954133549,0,0,0.1
core_prophet_frozen_s42,prophet,frozen,selected,42,18,2025-05-12 01:00:00,2025-05-18 01:00:00,145,24.64,True,True,16.314514871575994,2.977884883779348,19.29239975535534,0,0,0.1
core_prophet_frozen_s42,prophet,frozen,selected,42,18,2025-05-12 01:00:00,2025-05-18 02:00:00,146,29.03,True,True,15.214636822031764,2.977884883779348,18.19252170581111,0,0,0.1
core_prophet_frozen_s42,prophet,frozen,selected,42,18,2025-05-12 01:00:00,2025-05-18 03:00:00,147,35.98,True,True,19.30092107283488,2.977884883779348,22.278805956614228,0,0,0.1
core_prophet_frozen_s42,prophet,frozen,selected,42,18,2025-05-12 01:00:00,2025-05-18 04:00:00,148,43.15,True,True,24.91395668544351,2.977884883779348,27.891841569222855,0,0,0.1
core_prophet_frozen_s42,prophet,frozen,selected,42,18,2025-05-12 01:00:00,2025-05-18 05:00:00,149,48.28,True,True,29.347237265134737,2.977884883779348,32.32512214891408,0,0,0.1
core_prophet_frozen_s42,prophet,frozen,selected,42,18,2025-05-12 01:00:00,2025-05-18 06:00:00,150,50.0,True,True,28.419337243905066,2.977884883779348,31.397222127684415,0,0,0.1
core_prophet_frozen_s42,prophet,frozen,selected,42,18,2025-05-12 01:00:00,2025-05-18 07:00:00,151,49.48,True,True,20.069838026333173,2.977884883779348,23.04772291011252,0,0,0.1
core_prophet_frozen_s42,prophet,frozen,selected,42,18,2025-05-12 01:00:00,2025-05-18 08:00:00,152,48.42,True,True,5.185872295299191,2.977884883779348,8.163757179078539,0,0,0.1
core_prophet_frozen_s42,prophet,frozen,selected,42,18,2025-05-12 01:00:00,2025-05-18 09:00:00,153,49.69,True,True,-12.5403112528779,2.977884883779348,-9.562426369098553,0,0,0.1
core_prophet_frozen_s42,prophet,frozen,selected,42,18,2025-05-12 01:00:00,2025-05-18 10:00:00,154,51.97,True,True,-25.791894268644512,2.977884883779348,-22.814009384865166,0,0,0.1
core_prophet_frozen_s42,prophet,frozen,selected,42,18,2025-05-12 01:00:00,2025-05-18 11:00:00,155,55.69,True,True,-31.7831189000278,2.977884883779348,-28.805234016248455,0,0,0.1
core_prophet_frozen_s42,prophet,frozen,selected,42,18,2025-05-12 01:00:00,2025-05-18 12:00:00,156,60.11,True,True,-31.9374267292483,2.977884883779348,-28.959541845468955,0,0,0.1
core_prophet_frozen_s42,prophet,frozen,selected,42,18,2025-05-12 01:00:00,2025-05-18 13:00:00,157,63.29,True,True,-26.334110597541525,2.977884883779348,-23.35622571376218,0,0,0.1
core_prophet_frozen_s42,prophet,frozen,selected,42,18,2025-05-12 01:00:00,2025-05-18 14:00:00,158,66.17,True,True,-16.160268596170937,2.977884883779348,-13.182383712391589,0,0,0.1
core_prophet_frozen_s42,prophet,frozen,selected,42,18,2025-05-12 01:00:00,2025-05-18 15:00:00,159,69.01,True,True,-4.906176479326547,2.977884883779348,-1.9282915955471989,0,0,0.1
core_prophet_frozen_s42,prophet,frozen,selected,42,18,2025-05-12 01:00:00,2025-05-18 16:00:00,160,70.53,True,True,3.6615757222998297,2.977884883779348,6.639460606079178,0,0,0.1
core_prophet_frozen_s42,prophet,frozen,selected,42,18,2025-05-12 01:00:00,2025-05-18 17:00:00,161,72.16,True,True,10.994896460606924,2.977884883779348,13.972781344386272,0,0,0.1
core_prophet_frozen_s42,prophet,frozen,selected,42,18,2025-05-12 01:00:00,2025-05-18 18:00:00,162,73.77,True,True,17.900181593333883,2.977884883779348,20.87806647711323,0,0,0.1
core_prophet_frozen_s42,prophet,frozen,selected,42,18,2025-05-12 01:00:00,2025-05-18 19:00:00,163,75.17,True,True,24.985013906242614,2.977884883779348,27.96289879002196,0,0,0.1
core_prophet_frozen_s42,prophet,frozen,selected,42,18,2025-05-12 01:00:00,2025-05-18 20:00:00,164,76.93,True,True,32.18726292681211,2.977884883779348,35.165147810591456,0,0,0.1
core_prophet_frozen_s42,prophet,frozen,selected,42,18,2025-05-12 01:00:00,2025-05-18 21:00:00,165,78.91,True,True,37.74294762756426,2.977884883779348,40.72083251134361,0,0,0.1
core_prophet_frozen_s42,prophet,frozen,selected,42,18,2025-05-12 01:00:00,2025-05-18 22:00:00,166,79.54,True,True,40.07365254533559,2.977884883779348,43.05153742911494,0,0,0.1
core_prophet_frozen_s42,prophet,frozen,selected,42,18,2025-05-12 01:00:00,2025-05-18 23:00:00,167,80.6,True,True,38.61816724003981,2.977884883779348,41.596052123819156,0,0,0.1
core_prophet_frozen_s42,prophet,frozen,selected,42,18,2025-05-12 01:00:00,2025-05-19 00:00:00,168,83.05,True,True,35.01241497672038,2.977884883779348,37.990299860499725,0,0,0.1
core_prophet_frozen_s42,prophet,frozen,selected,42,19,2025-05-19 01:00:00,2025-05-19 01:00:00,1,106.21,True,True,32.66843142286851,8.87754171149354,41.54597313436205,0,0,0.1
core_prophet_frozen_s42,prophet,frozen,selected,42,19,2025-05-19 01:00:00,2025-05-19 02:00:00,2,120.42,True,True,36.17103064942489,8.87754171149354,45.048572360918435,0,0,0.1
core_prophet_frozen_s42,prophet,frozen,selected,42,19,2025-05-19 01:00:00,2025-05-19 03:00:00,3,134.36,True,True,43.66834135029967,8.87754171149354,52.54588306179321,0,0,0.1
core_prophet_frozen_s42,prophet,frozen,selected,42,19,2025-05-19 01:00:00,2025-05-19 04:00:00,4,150.03,True,True,40.61389978365881,8.87754171149354,49.49144149515235,0,0,0.1
core_prophet_frozen_s42,prophet,frozen,selected,42,19,2025-05-19 01:00:00,2025-05-19 05:00:00,5,158.37,True,True,40.619681539798,8.87754171149354,49.497223251291544,0,0,0.1
core_prophet_frozen_s42,prophet,frozen,selected,42,19,2025-05-19 01:00:00,2025-05-19 06:00:00,6,165.03,True,True,38.37826015352357,8.87754171149354,47.25580186501711,0,0,0.1
core_prophet_frozen_s42,prophet,frozen,selected,42,19,2025-05-19 01:00:00,2025-05-19 07:00:00,7,169.88,True,True,30.23311004492592,8.87754171149354,39.11065175641946,0,0,0.1
core_prophet_frozen_s42,prophet,frozen,selected,42,19,2025-05-19 01:00:00,2025-05-19 08:00:00,8,169.11,True,True,15.760139375290407,8.87754171149354,24.63768108678395,0,0,0.1
core_prophet_frozen_s42,prophet,frozen,selected,42,19,2025-05-19 01:00:00,2025-05-19 09:00:00,9,165.39,True,True,-1.804897741622682,8.87754171149354,7.0726439698708585,0,0,0.1
core_prophet_frozen_s42,prophet,frozen,selected,42,19,2025-05-19 01:00:00,2025-05-19 10:00:00,10,161.09,True,True,-14.091178898538516,8.87754171149354,-5.213637187044975,0,0,0.1
core_prophet_frozen_s42,prophet,frozen,selected,42,19,2025-05-19 01:00:00,2025-05-19 11:00:00,11,160.83,True,True,-18.99391263298415,8.87754171149354,-10.116370921490608,0,0,0.1
core_prophet_frozen_s42,prophet,frozen,selected,42,19,2025-05-19 01:00:00,2025-05-19 12:00:00,12,163.43,True,True,-17.882562659552775,8.87754171149354,-9.005020948059235,0,0,0.1
core_prophet_frozen_s42,prophet,frozen,selected,42,19,2025-05-19 01:00:00,2025-05-19 13:00:00,13,166.63,True,True,-11.103878285251398,8.87754171149354,-2.226336573757857,0,0,0.1
core_prophet_frozen_s42,prophet,frozen,selected,42,19,2025-05-19 01:00:00,2025-05-19 14:00:00,14,174.66,True,True,1.106820675665034,8.87754171149354,9.984362387158574,0,0,0.1
core_prophet_frozen_s42,prophet,frozen,selected,42,19,2025-05-19 01:00:00,2025-05-19 15:00:00,15,184.39,True,True,14.785259203361337,8.87754171149354,23.662800914854877,0,0,0.1
core_prophet_frozen_s42,prophet,frozen,selected,42,19,2025-05-19 01:00:00,2025-05-19 16:00:00,16,188.7,True,True,24.75262688640578,8.87754171149354,33.63016859789932,0,0,0.1
core_prophet_frozen_s42,prophet,frozen,selected,42,19,2025-05-19 01:00:00,2025-05-19 17:00:00,17,191.52,True,True,32.53159186411037,8.87754171149354,41.40913357560391,0,0,0.1
core_prophet_frozen_s42,prophet,frozen,selected,42,19,2025-05-19 01:00:00,2025-05-19 18:00:00,18,192.55,True,True,39.71901860640622,8.87754171149354,48.596560317899765,0,0,0.1
core_prophet_frozen_s42,prophet,frozen,selected,42,19,2025-05-19 01:00:00,2025-05-19 19:00:00,19,192.69,True,True,46.62082562077256,8.87754171149354,55.4983673322661,0,0,0.1
core_prophet_frozen_s42,prophet,frozen,selected,42,19,2025-05-19 01:00:00,2025-05-19 20:00:00,20,195.21,True,True,55.921128585291285,8.87754171149354,64.79867029678482,0,0,0.1
core_prophet_frozen_s42,prophet,frozen,selected,42,19,2025-05-19 01:00:00,2025-05-19 21:00:00,21,199.0,True,True,65.16696147998712,8.87754171149354,74.04450319148066,0,0,0.1
core_prophet_frozen_s42,prophet,frozen,selected,42,19,2025-05-19 01:00:00,2025-05-19 22:00:00,22,200.71,True,True,71.97020911889052,8.87754171149354,80.84775083038406,0,0,0.1
core_prophet_frozen_s42,prophet,frozen,selected,42,19,2025-05-19 01:00:00,2025-05-19 23:00:00,23,202.4,True,True,73.24362189918378,8.87754171149354,82.12116361067731,0,0,0.1
core_prophet_frozen_s42,prophet,frozen,selected,42,19,2025-05-19 01:00:00,2025-05-20 00:00:00,24,207.16,True,True,69.23956411482902,8.87754171149354,78.11710582632256,0,0,0.1
core_prophet_frozen_s42,prophet,frozen,selected,42,19,2025-05-19 01:00:00,2025-05-20 01:00:00,25,217.86,True,True,62.99453250357408,8.87754171149354,71.87207421506761,0,0,0.1
core_prophet_frozen_s42,prophet,frozen,selected,42,19,2025-05-19 01:00:00,2025-05-20 02:00:00,26,224.36,True,True,61.64656896413467,8.87754171149354,70.52411067562821,0,0,0.1
core_prophet_frozen_s42,prophet,frozen,selected,42,19,2025-05-19 01:00:00,2025-05-20 03:00:00,27,234.96,True,True,65.892810043965,8.87754171149354,74.77035175545853,0,0,0.1
core_prophet_frozen_s42,prophet,frozen,selected,42,19,2025-05-19 01:00:00,2025-05-20 04:00:00,28,244.15,True,True,57.434396647276486,8.87754171149354,66.31193835877002,0,0,0.1
core_prophet_frozen_s42,prophet,frozen,selected,42,19,2025-05-19 01:00:00,2025-05-20 05:00:00,29,248.93,True,True,51.61818547760805,8.87754171149354,60.49572718910159,0,0,0.1
core_prophet_frozen_s42,prophet,frozen,selected,42,19,2025-05-19 01:00:00,2025-05-20 06:00:00,30,248.07,True,True,47.62422970521797,8.87754171149354,56.50177141671151,0,0,0.1
core_prophet_frozen_s42,prophet,frozen,selected,42,19,2025-05-19 01:00:00,2025-05-20 07:00:00,31,241.33,True,True,39.07460273356244,8.87754171149354,47.952144445055985,0,0,0.1
core_prophet_frozen_s42,prophet,frozen,selected,42,19,2025-05-19 01:00:00,2025-05-20 08:00:00,32,235.59,True,True,25.35003149878341,8.87754171149354,34.22757321027695,0,0,0.1
core_prophet_frozen_s42,prophet,frozen,selected,42,19,2025-05-19 01:00:00,2025-05-20 09:00:00,33,232.31,True,True,9.72264457149788,8.87754171149354,18.600186282991423,0,0,0.1
core_prophet_frozen_s42,prophet,frozen,selected,42,19,2025-05-19 01:00:00,2025-05-20 10:00:00,34,235.85,True,True,1.1675895138291708,8.87754171149354,10.045131225322711,0,0,0.1
core_prophet_frozen_s42,prophet,frozen,selected,42,19,2025-05-19 01:00:00,2025-05-20 11:00:00,35,241.27,True,True,1.0078424129762311,8.87754171149354,9.885384124469772,0,0,0.1
core_prophet_frozen_s42,prophet,frozen,selected,42,19,2025-05-19 01:00:00,2025-05-20 12:00:00,36,248.47,True,True,5.053613739377028,8.87754171149354,13.93115545087057,0,0,0.1
core_prophet_frozen_s42,prophet,frozen,selected,42,19,2025-05-19 01:00:00,2025-05-20 13:00:00,37,252.48,True,True,12.229677354170008,8.87754171149354,21.10721906566355,0,0,0.1
core_prophet_frozen_s42,prophet,frozen,selected,42,19,2025-05-19 01:00:00,2025-05-20 14:00:00,38,255.56,True,True,22.74659851343955,8.87754171149354,31.624140224933093,0,0,0.1
core_prophet_frozen_s42,prophet,frozen,selected,42,19,2025-05-19 01:00:00,2025-05-20 15:00:00,39,252.79,True,True,34.15494717043558,8.87754171149354,43.03248888192912,0,0,0.1
core_prophet_frozen_s42,prophet,frozen,selected,42,19,2025-05-19 01:00:00,2025-05-20 16:00:00,40,235.97,True,True,40.34561813107538,8.87754171149354,49.223159842568926,0,0,0.1
core_prophet_frozen_s42,prophet,frozen,selected,42,19,2025-05-19 01:00:00,2025-05-20 17:00:00,41,221.36,True,True,48.91414870847112,8.87754171149354,57.79169041996466,0,0,0.1
core_prophet_frozen_s42,prophet,frozen,selected,42,19,2025-05-19 01:00:00,2025-05-20 18:00:00,42,203.64,True,True,56.61743816502954,8.87754171149354,65.49497987652308,0,0,0.1
core_prophet_frozen_s42,prophet,frozen,selected,42,19,2025-05-19 01:00:00,2025-05-20 19:00:00,43,183.0,True,True,57.21763442648262,8.87754171149354,66.09517613797615,0,0,0.1
core_prophet_frozen_s42,prophet,frozen,selected,42,19,2025-05-19 01:00:00,2025-05-20 20:00:00,44,176.9,True,True,57.96635223309062,8.87754171149354,66.84389394458415,0,0,0.1
core_prophet_frozen_s42,prophet,frozen,selected,42,19,2025-05-19 01:00:00,2025-05-20 21:00:00,45,180.99,True,True,56.1617109715238,8.87754171149354,65.03925268301734,0,0,0.1
core_prophet_frozen_s42,prophet,frozen,selected,42,19,2025-05-19 01:00:00,2025-05-20 22:00:00,46,185.2,True,True,50.045394017858655,8.87754171149354,58.9229357293522,0,0,0.1
core_prophet_frozen_s42,prophet,frozen,selected,42,19,2025-05-19 01:00:00,2025-05-20 23:00:00,47,190.97,True,True,47.4072611442765,8.87754171149354,56.28480285577004,0,0,0.1
core_prophet_frozen_s42,prophet,frozen,selected,42,19,2025-05-19 01:00:00,2025-05-21 00:00:00,48,197.37,True,True,44.85801358405243,8.87754171149354,53.73555529554597,0,0,0.1
core_prophet_frozen_s42,prophet,frozen,selected,42,19,2025-05-19 01:00:00,2025-05-21 01:00:00,49,193.42,True,True,41.77514192402728,8.87754171149354,50.65268363552082,0,0,0.1
core_prophet_frozen_s42,prophet,frozen,selected,42,19,2025-05-19 01:00:00,2025-05-21 02:00:00,50,176.81,True,True,42.27347390270549,8.87754171149354,51.15101561419903,0,0,0.1
core_prophet_frozen_s42,prophet,frozen,selected,42,19,2025-05-19 01:00:00,2025-05-21 03:00:00,51,157.6,True,True,46.58515776232628,8.87754171149354,55.462699473819825,0,0,0.1
core_prophet_frozen_s42,prophet,frozen,selected,42,19,2025-05-19 01:00:00,2025-05-21 04:00:00,52,141.83,True,True,49.90996209059156,8.87754171149354,58.787503802085105,0,0,0.1
core_prophet_frozen_s42,prophet,frozen,selected,42,19,2025-05-19 01:00:00,2025-05-21 05:00:00,53,127.85,True,True,50.92386353026919,8.87754171149354,59.80140524176273,0,0,0.1
core_prophet_frozen_s42,prophet,frozen,selected,42,19,2025-05-19 01:00:00,2025-05-21 06:00:00,54,112.63,True,True,46.30836380638047,8.87754171149354,55.18590551787401,0,0,0.1
core_prophet_frozen_s42,prophet,frozen,selected,42,19,2025-05-19 01:00:00,2025-05-21 07:00:00,55,100.55,True,True,34.82651632701291,8.87754171149354,43.70405803850645,0,0,0.1
core_prophet_frozen_s42,prophet,frozen,selected,42,19,2025-05-19 01:00:00,2025-05-21 08:00:00,56,87.82,True,True,17.25776080871313,8.87754171149354,26.13530252020667,0,0,0.1
core_prophet_frozen_s42,prophet,frozen,selected,42,19,2025-05-19 01:00:00,2025-05-21 09:00:00,57,72.32,True,True,-2.7916072399410723,8.87754171149354,6.085934471552468,0,0,0.1
core_prophet_frozen_s42,prophet,frozen,selected,42,19,2025-05-19 01:00:00,2025-05-21 10:00:00,58,57.66,True,True,-19.49442196561813,8.87754171149354,-10.61688025412459,0,0,0.1
core_prophet_frozen_s42,prophet,frozen,selected,42,19,2025-05-19 01:00:00,2025-05-21 11:00:00,59,47.97,True,True,-29.45141809430018,8.87754171149354,-20.573876382806638,0,0,0.1
core_prophet_frozen_s42,prophet,frozen,selected,42,19,2025-05-19 01:00:00,2025-05-21 12:00:00,60,40.63,True,True,-32.69082578560389,8.87754171149354,-23.81328407411035,0,0,0.1
core_prophet_frozen_s42,prophet,frozen,selected,42,19,2025-05-19 01:00:00,2025-05-21 13:00:00,61,34.79,True,True,-29.923099427101302,8.87754171149354,-21.045557715607764,0,0,0.1
core_prophet_frozen_s42,prophet,frozen,selected,42,19,2025-05-19 01:00:00,2025-05-21 14:00:00,62,32.57,True,True,-21.361172116293343,8.87754171149354,-12.483630404799802,0,0,0.1
core_prophet_frozen_s42,prophet,frozen,selected,42,19,2025-05-19 01:00:00,2025-05-21 15:00:00,63,32.98,True,True,-10.493982140227786,8.87754171149354,-1.6164404287342453,0,0,0.1
core_prophet_frozen_s42,prophet,frozen,selected,42,19,2025-05-19 01:00:00,2025-05-21 16:00:00,64,34.16,True,True,0.0336286668280081,8.87754171149354,8.911170378321549,0,0,0.1
core_prophet_frozen_s42,prophet,frozen,selected,42,19,2025-05-19 01:00:00,2025-05-21 17:00:00,65,36.09,True,True,9.985089803264998,8.87754171149354,18.86263151475854,0,0,0.1
core_prophet_frozen_s42,prophet,frozen,selected,42,19,2025-05-19 01:00:00,2025-05-21 18:00:00,66,39.22,True,True,19.64107618629436,8.87754171149354,28.518617897787898,0,0,0.1
core_prophet_frozen_s42,prophet,frozen,selected,42,19,2025-05-19 01:00:00,2025-05-21 19:00:00,67,43.18,True,True,29.41341684342214,8.87754171149354,38.29095855491568,0,0,0.1
core_prophet_frozen_s42,prophet,frozen,selected,42,19,2025-05-19 01:00:00,2025-05-21 20:00:00,68,47.18,True,True,38.470802808224846,8.87754171149354,47.34834451971839,0,0,0.1
core_prophet_frozen_s42,prophet,frozen,selected,42,19,2025-05-19 01:00:00,2025-05-21 21:00:00,69,51.07,True,True,45.040322725630375,8.87754171149354,53.91786443712392,0,0,0.1
core_prophet_frozen_s42,prophet,frozen,selected,42,19,2025-05-19 01:00:00,2025-05-21 22:00:00,70,54.83,True,True,47.66193542367523,8.87754171149354,56.539477135168774,0,0,0.1
core_prophet_frozen_s42,prophet,frozen,selected,42,19,2025-05-19 01:00:00,2025-05-21 23:00:00,71,59.2,True,True,48.45187268647357,8.87754171149354,57.32941439796711,0,0,0.1
core_prophet_frozen_s42,prophet,frozen,selected,42,19,2025-05-19 01:00:00,2025-05-22 00:00:00,72,63.88,True,True,48.04963900204032,8.87754171149354,56.927180713533865,0,0,0.1
core_prophet_frozen_s42,prophet,frozen,selected,42,19,2025-05-19 01:00:00,2025-05-22 01:00:00,73,73.72,True,True,49.56483155220147,8.87754171149354,58.44237326369501,0,0,0.1
core_prophet_frozen_s42,prophet,frozen,selected,42,19,2025-05-19 01:00:00,2025-05-22 02:00:00,74,73.79,True,True,55.2467530021064,8.87754171149354,64.12429471359994,0,0,0.1
core_prophet_frozen_s42,prophet,frozen,selected,42,19,2025-05-19 01:00:00,2025-05-22 03:00:00,75,69.67,True,True,63.8765592128739,8.87754171149354,72.75410092436744,0,0,0.1
core_prophet_frozen_s42,prophet,frozen,selected,42,19,2025-05-19 01:00:00,2025-05-22 04:00:00,76,53.7,True,True,63.01699430219924,8.87754171149354,71.89453601369277,0,0,0.1
core_prophet_frozen_s42,prophet,frozen,selected,42,19,2025-05-19 01:00:00,2025-05-22 05:00:00,77,39.75,True,True,63.872525283894674,8.87754171149354,72.75006699538821,0,0,0.1
core_prophet_frozen_s42,prophet,frozen,selected,42,19,2025-05-19 01:00:00,2025-05-22 06:00:00,78,32.66,True,True,63.76109674495783,8.87754171149354,72.63863845645137,0,0,0.1
core_prophet_frozen_s42,prophet,frozen,selected,42,19,2025-05-19 01:00:00,2025-05-22 07:00:00,79,30.01,True,True,57.1332407869715,8.87754171149354,66.01078249846503,0,0,0.1
core_prophet_frozen_s42,prophet,frozen,selected,42,19,2025-05-19 01:00:00,2025-05-22 08:00:00,80,29.59,True,True,44.2419341369228,8.87754171149354,53.11947584841634,0,0,0.1
core_prophet_frozen_s42,prophet,frozen,selected,42,19,2025-05-19 01:00:00,2025-05-22 09:00:00,81,28.73,True,True,26.62570209851367,8.87754171149354,35.50324381000721,0,0,0.1
core_prophet_frozen_s42,prophet,frozen,selected,42,19,2025-05-19 01:00:00,2025-05-22 10:00:00,82,26.27,True,True,7.717084189614667,8.87754171149354,16.59462590110821,0,0,0.1
core_prophet_frozen_s42,prophet,frozen,selected,42,19,2025-05-19 01:00:00,2025-05-22 11:00:00,83,23.29,True,True,-5.487575941034152,8.87754171149354,3.389965770459389,0,0,0.1
core_prophet_frozen_s42,prophet,frozen,selected,42,19,2025-05-19 01:00:00,2025-05-22 12:00:00,84,20.54,True,True,-10.974467880201756,8.87754171149354,-2.0969261687082152,0,0,0.1
core_prophet_frozen_s42,prophet,frozen,selected,42,19,2025-05-19 01:00:00,2025-05-22 13:00:00,85,19.19,True,True,-9.449601763049545,8.87754171149354,-0.5720600515560044,0,0,0.1
core_prophet_frozen_s42,prophet,frozen,selected,42,19,2025-05-19 01:00:00,2025-05-22 14:00:00,86,18.8,True,True,-1.5449700898000174,8.87754171149354,7.332571621693523,0,0,0.1
core_prophet_frozen_s42,prophet,frozen,selected,42,19,2025-05-19 01:00:00,2025-05-22 15:00:00,87,18.92,True,True,7.478503245573336,8.87754171149354,16.356044957066878,0,0,0.1
core_prophet_frozen_s42,prophet,frozen,selected,42,19,2025-05-19 01:00:00,2025-05-22 16:00:00,88,19.72,True,True,15.42790070484756,8.87754171149354,24.3054424163411,0,0,0.1
core_prophet_frozen_s42,prophet,frozen,selected,42,19,2025-05-19 01:00:00,2025-05-22 17:00:00,89,21.6,True,True,23.98115720381938,8.87754171149354,32.85869891531292,0,0,0.1
core_prophet_frozen_s42,prophet,frozen,selected,42,19,2025-05-19 01:00:00,2025-05-22 18:00:00,90,23.58,True,True,32.64157452145571,8.87754171149354,41.51911623294925,0,0,0.1
core_prophet_frozen_s42,prophet,frozen,selected,42,19,2025-05-19 01:00:00,2025-05-22 19:00:00,91,25.79,True,True,41.13064946894923,8.87754171149354,50.00819118044277,0,0,0.1
core_prophet_frozen_s42,prophet,frozen,selected,42,19,2025-05-19 01:00:00,2025-05-22 20:00:00,92,28.15,True,True,48.73428884749438,8.87754171149354,57.611830558987926,0,0,0.1
core_prophet_frozen_s42,prophet,frozen,selected,42,19,2025-05-19 01:00:00,2025-05-22 21:00:00,93,30.46,True,True,53.89419859992788,8.87754171149354,62.771740311421425,0,0,0.1
core_prophet_frozen_s42,prophet,frozen,selected,42,19,2025-05-19 01:00:00,2025-05-22 22:00:00,94,32.33,True,True,54.68449621000374,8.87754171149354,63.562037921497286,0,0,0.1
core_prophet_frozen_s42,prophet,frozen,selected,42,19,2025-05-19 01:00:00,2025-05-22 23:00:00,95,32.66,True,True,51.67870250753012,8.87754171149354,60.55624421902366,0,0,0.1
core_prophet_frozen_s42,prophet,frozen,selected,42,19,2025-05-19 01:00:00,2025-05-23 00:00:00,96,30.51,True,True,45.32167362381878,8.87754171149354,54.199215335312324,0,0,0.1
core_prophet_frozen_s42,prophet,frozen,selected,42,19,2025-05-19 01:00:00,2025-05-23 01:00:00,97,27.16,True,True,38.970253116023855,8.87754171149354,47.8477948275174,0,0,0.1
core_prophet_frozen_s42,prophet,frozen,selected,42,19,2025-05-19 01:00:00,2025-05-23 02:00:00,98,23.62,True,True,35.74405058480758,8.87754171149354,44.621592296301124,0,0,0.1
core_prophet_frozen_s42,prophet,frozen,selected,42,19,2025-05-19 01:00:00,2025-05-23 03:00:00,99,20.2,True,True,36.67004264656552,8.87754171149354,45.54758435805906,0,0,0.1
core_prophet_frozen_s42,prophet,frozen,selected,42,19,2025-05-19 01:00:00,2025-05-23 04:00:00,100,13.57,True,True,34.58732175981152,8.87754171149354,43.464863471305065,0,0,0.1
core_prophet_frozen_s42,prophet,frozen,selected,42,19,2025-05-19 01:00:00,2025-05-23 05:00:00,101,11.08,True,True,36.77217327273453,8.87754171149354,45.64971498422807,0,0,0.1
core_prophet_frozen_s42,prophet,frozen,selected,42,19,2025-05-19 01:00:00,2025-05-23 06:00:00,102,10.87,True,True,37.1198201515183,8.87754171149354,45.99736186301184,0,0,0.1
core_prophet_frozen_s42,prophet,frozen,selected,42,19,2025-05-19 01:00:00,2025-05-23 07:00:00,103,11.57,True,True,31.45939126341796,8.87754171149354,40.3369329749115,0,0,0.1
core_prophet_frozen_s42,prophet,frozen,selected,42,19,2025-05-19 01:00:00,2025-05-23 08:00:00,104,12.49,True,True,19.189972208794245,8.87754171149354,28.067513920287787,0,0,0.1
core_prophet_frozen_s42,prophet,frozen,selected,42,19,2025-05-19 01:00:00,2025-05-23 09:00:00,105,13.52,True,True,3.531977964142982,8.87754171149354,12.409519675636522,0,0,0.1
core_prophet_frozen_s42,prophet,frozen,selected,42,19,2025-05-19 01:00:00,2025-05-23 10:00:00,106,15.21,True,True,-7.212316789507611,8.87754171149354,1.6652249219859296,0,0,0.1
core_prophet_frozen_s42,prophet,frozen,selected,42,19,2025-05-19 01:00:00,2025-05-23 11:00:00,107,16.57,True,True,-11.168712738986445,8.87754171149354,-2.2911710274929042,0,0,0.1
core_prophet_frozen_s42,prophet,frozen,selected,42,19,2025-05-19 01:00:00,2025-05-23 12:00:00,108,17.55,True,True,-10.76630458483504,8.87754171149354,-1.8887628733415003,0,0,0.1
core_prophet_frozen_s42,prophet,frozen,selected,42,19,2025-05-19 01:00:00,2025-05-23 13:00:00,109,18.58,True,True,-5.984552701579474,8.87754171149354,2.892989009914066,0,0,0.1
core_prophet_frozen_s42,prophet,frozen,selected,42,19,2025-05-19 01:00:00,2025-05-23 14:00:00,110,20.24,True,True,3.456130914091517,8.87754171149354,12.333672625585058,0,0,0.1
core_prophet_frozen_s42,prophet,frozen,selected,42,19,2025-05-19 01:00:00,2025-05-23 15:00:00,111,21.72,True,True,14.053827830677704,8.87754171149354,22.931369542171247,0,0,0.1
core_prophet_frozen_s42,prophet,frozen,selected,42,19,2025-05-19 01:00:00,2025-05-23 16:00:00,112,22.19,True,True,22.749826822340907,8.87754171149354,31.62736853383445,0,0,0.1
core_prophet_frozen_s42,prophet,frozen,selected,42,19,2025-05-19 01:00:00,2025-05-23 17:00:00,113,22.27,True,True,30.186730843099923,8.87754171149354,39.064272554593465,0,0,0.1
core_prophet_frozen_s42,prophet,frozen,selected,42,19,2025-05-19 01:00:00,2025-05-23 18:00:00,114,21.94,True,True,36.37629374531758,8.87754171149354,45.253835456811125,0,0,0.1
core_prophet_frozen_s42,prophet,frozen,selected,42,19,2025-05-19 01:00:00,2025-05-23 19:00:00,115,21.13,True,True,42.14893780786281,8.87754171149354,51.02647951935635,0,0,0.1
core_prophet_frozen_s42,prophet,frozen,selected,42,19,2025-05-19 01:00:00,2025-05-23 20:00:00,116,20.2,True,True,47.28567756948297,8.87754171149354,56.16321928097651,0,0,0.1
core_prophet_frozen_s42,prophet,frozen,selected,42,19,2025-05-19 01:00:00,2025-05-23 21:00:00,117,19.07,True,True,49.93342555814638,8.87754171149354,58.810967269639924,0,0,0.1
core_prophet_frozen_s42,prophet,frozen,selected,42,19,2025-05-19 01:00:00,2025-05-23 22:00:00,118,17.49,True,True,47.74500720962118,8.87754171149354,56.62254892111472,0,0,0.1
core_prophet_frozen_s42,prophet,frozen,selected,42,19,2025-05-19 01:00:00,2025-05-23 23:00:00,119,16.28,True,True,40.43490749901687,8.87754171149354,49.312449210510415,0,0,0.1
core_prophet_frozen_s42,prophet,frozen,selected,42,19,2025-05-19 01:00:00,2025-05-24 00:00:00,120,15.78,True,True,33.25468431983782,8.87754171149354,42.13222603133136,0,0,0.1
core_prophet_frozen_s42,prophet,frozen,selected,42,19,2025-05-19 01:00:00,2025-05-24 01:00:00,121,15.27,True,True,27.55807888571061,8.87754171149354,36.43562059720415,0,0,0.1
core_prophet_frozen_s42,prophet,frozen,selected,42,19,2025-05-19 01:00:00,2025-05-24 02:00:00,122,16.66,True,True,26.167538000340016,8.87754171149354,35.04507971183356,0,0,0.1
core_prophet_frozen_s42,prophet,frozen,selected,42,19,2025-05-19 01:00:00,2025-05-24 03:00:00,123,21.0,True,True,29.369887475210334,8.87754171149354,38.247429186703876,0,0,0.1
core_prophet_frozen_s42,prophet,frozen,selected,42,19,2025-05-19 01:00:00,2025-05-24 04:00:00,124,8.1,True,True,24.528329925554036,8.87754171149354,33.405871637047575,0,0,0.1
core_prophet_frozen_s42,prophet,frozen,selected,42,19,2025-05-19 01:00:00,2025-05-24 05:00:00,125,6.35,True,True,28.88125368572412,8.87754171149354,37.75879539721766,0,0,0.1
core_prophet_frozen_s42,prophet,frozen,selected,42,19,2025-05-19 01:00:00,2025-05-24 06:00:00,126,6.48,True,True,29.230582669394835,8.87754171149354,38.10812438088838,0,0,0.1
core_prophet_frozen_s42,prophet,frozen,selected,42,19,2025-05-19 01:00:00,2025-05-24 07:00:00,127,7.06,True,True,22.202763229433003,8.87754171149354,31.080304940926545,0,0,0.1
core_prophet_frozen_s42,prophet,frozen,selected,42,19,2025-05-19 01:00:00,2025-05-24 08:00:00,128,8.02,True,True,8.604349790042676,8.87754171149354,17.481891501536218,0,0,0.1
core_prophet_frozen_s42,prophet,frozen,selected,42,19,2025-05-19 01:00:00,2025-05-24 09:00:00,129,8.71,True,True,-8.088862677549372,8.87754171149354,0.7886790339441685,0,0,0.1
core_prophet_frozen_s42,prophet,frozen,selected,42,19,2025-05-19 01:00:00,2025-05-24 10:00:00,130,9.36,True,True,-22.56188042954855,8.87754171149354,-13.684338718055011,0,0,0.1
core_prophet_frozen_s42,prophet,frozen,selected,42,19,2025-05-19 01:00:00,2025-05-24 11:00:00,131,9.98,True,True,-31.092356559298963,8.87754171149354,-22.21481484780542,0,0,0.1
core_prophet_frozen_s42,prophet,frozen,selected,42,19,2025-05-19 01:00:00,2025-05-24 12:00:00,132,10.31,True,True,-33.251666249661014,8.87754171149354,-24.37412453816747,0,0,0.1
core_prophet_frozen_s42,prophet,frozen,selected,42,19,2025-05-19 01:00:00,2025-05-24 13:00:00,133,10.45,True,True,-29.67545792349958,8.87754171149354,-20.797916212006037,0,0,0.1
core_prophet_frozen_s42,prophet,frozen,selected,42,19,2025-05-19 01:00:00,2025-05-24 14:00:00,134,10.93,True,True,-21.82171478031458,8.87754171149354,-12.944173068821039,0,0,0.1
core_prophet_frozen_s42,prophet,frozen,selected,42,19,2025-05-19 01:00:00,2025-05-24 15:00:00,135,12.21,True,True,-12.654930459882394,8.87754171149354,-3.7773887483888533,0,0,0.1
core_prophet_frozen_s42,prophet,frozen,selected,42,19,2025-05-19 01:00:00,2025-05-24 16:00:00,136,14.99,True,True,-3.8971862334493608,8.87754171149354,4.98035547804418,0,0,0.1
core_prophet_frozen_s42,prophet,frozen,selected,42,19,2025-05-19 01:00:00,2025-05-24 17:00:00,137,20.75,True,True,5.886907967679264,8.87754171149354,14.764449679172804,0,0,0.1
core_prophet_frozen_s42,prophet,frozen,selected,42,19,2025-05-19 01:00:00,2025-05-24 18:00:00,138,28.33,True,True,16.357732200623587,8.87754171149354,25.23527391211713,0,0,0.1
core_prophet_frozen_s42,prophet,frozen,selected,42,19,2025-05-19 01:00:00,2025-05-24 19:00:00,139,33.88,True,True,26.137882480045505,8.87754171149354,35.01542419153905,0,0,0.1
core_prophet_frozen_s42,prophet,frozen,selected,42,19,2025-05-19 01:00:00,2025-05-24 20:00:00,140,36.17,True,True,34.07761086378636,8.87754171149354,42.955152575279904,0,0,0.1
core_prophet_frozen_s42,prophet,frozen,selected,42,19,2025-05-19 01:00:00,2025-05-24 21:00:00,141,37.23,True,True,38.527837454461405,8.87754171149354,47.40537916595495,0,0,0.1
core_prophet_frozen_s42,prophet,frozen,selected,42,19,2025-05-19 01:00:00,2025-05-24 22:00:00,142,36.97,True,True,38.516164639877786,8.87754171149354,47.39370635137133,0,0,0.1
core_prophet_frozen_s42,prophet,frozen,selected,42,19,2025-05-19 01:00:00,2025-05-24 23:00:00,143,36.1,True,True,33.11276653655369,8.87754171149354,41.990308248047235,0,0,0.1
core_prophet_frozen_s42,prophet,frozen,selected,42,19,2025-05-19 01:00:00,2025-05-25 00:00:00,144,36.23,True,True,25.92305093596525,8.87754171149354,34.80059264745879,0,0,0.1
core_prophet_frozen_s42,prophet,frozen,selected,42,19,2025-05-19 01:00:00,2025-05-25 01:00:00,145,38.53,True,True,23.00761054520396,8.87754171149354,31.885152256697502,0,0,0.1
core_prophet_frozen_s42,prophet,frozen,selected,42,19,2025-05-19 01:00:00,2025-05-25 02:00:00,146,43.74,True,True,26.895203897104267,8.87754171149354,35.77274560859781,0,0,0.1
core_prophet_frozen_s42,prophet,frozen,selected,42,19,2025-05-19 01:00:00,2025-05-25 03:00:00,147,53.17,True,True,36.73845165856156,8.87754171149354,45.6159933700551,0,0,0.1
core_prophet_frozen_s42,prophet,frozen,selected,42,19,2025-05-19 01:00:00,2025-05-25 04:00:00,148,70.97,True,True,45.28202903579893,8.87754171149354,54.15957074729247,0,0,0.1
core_prophet_frozen_s42,prophet,frozen,selected,42,19,2025-05-19 01:00:00,2025-05-25 05:00:00,149,85.64,True,True,48.7251626385964,8.87754171149354,57.602704350089944,0,0,0.1
core_prophet_frozen_s42,prophet,frozen,selected,42,19,2025-05-19 01:00:00,2025-05-25 06:00:00,150,96.54,True,True,45.57771458828654,8.87754171149354,54.45525629978008,0,0,0.1
core_prophet_frozen_s42,prophet,frozen,selected,42,19,2025-05-19 01:00:00,2025-05-25 07:00:00,151,75.53,True,True,30.79764333063437,8.87754171149354,39.67518504212791,0,0,0.1
core_prophet_frozen_s42,prophet,frozen,selected,42,19,2025-05-19 01:00:00,2025-05-25 08:00:00,152,59.07,True,True,13.365810266324104,8.87754171149354,22.243351977817646,0,0,0.1
core_prophet_frozen_s42,prophet,frozen,selected,42,19,2025-05-19 01:00:00,2025-05-25 09:00:00,153,57.36,True,True,-4.147113331735312,8.87754171149354,4.730428379758228,0,0,0.1
core_prophet_frozen_s42,prophet,frozen,selected,42,19,2025-05-19 01:00:00,2025-05-25 10:00:00,154,61.11,True,True,-17.08818588721971,8.87754171149354,-8.210644175726168,0,0,0.1
core_prophet_frozen_s42,prophet,frozen,selected,42,19,2025-05-19 01:00:00,2025-05-25 11:00:00,155,68.26,True,True,-23.2214681980023,8.87754171149354,-14.343926486508758,0,0,0.1
core_prophet_frozen_s42,prophet,frozen,selected,42,19,2025-05-19 01:00:00,2025-05-25 12:00:00,156,72.31,True,True,-24.340020145684804,8.87754171149354,-15.462478434191263,0,0,0.1
core_prophet_frozen_s42,prophet,frozen,selected,42,19,2025-05-19 01:00:00,2025-05-25 13:00:00,157,74.21,True,True,-20.229607360173645,8.87754171149354,-11.352065648680105,0,0,0.1
core_prophet_frozen_s42,prophet,frozen,selected,42,19,2025-05-19 01:00:00,2025-05-25 14:00:00,158,78.92,True,True,-9.914641320585671,8.87754171149354,-1.037099609092131,0,0,0.1
core_prophet_frozen_s42,prophet,frozen,selected,42,19,2025-05-19 01:00:00,2025-05-25 15:00:00,159,85.57,True,True,2.193035546439944,8.87754171149354,11.070577257933484,0,0,0.1
core_prophet_frozen_s42,prophet,frozen,selected,42,19,2025-05-19 01:00:00,2025-05-25 16:00:00,160,90.13,True,True,12.962344173875891,8.87754171149354,21.839885885369434,0,0,0.1
core_prophet_frozen_s42,prophet,frozen,selected,42,19,2025-05-19 01:00:00,2025-05-25 17:00:00,161,94.95,True,True,23.513248379940222,8.87754171149354,32.390790091433765,0,0,0.1
core_prophet_frozen_s42,prophet,frozen,selected,42,19,2025-05-19 01:00:00,2025-05-25 18:00:00,162,99.77,True,True,33.114548050972104,8.87754171149354,41.992089762465646,0,0,0.1
core_prophet_frozen_s42,prophet,frozen,selected,42,19,2025-05-19 01:00:00,2025-05-25 19:00:00,163,103.65,True,True,42.41417551624656,8.87754171149354,51.2917172277401,0,0,0.1
core_prophet_frozen_s42,prophet,frozen,selected,42,19,2025-05-19 01:00:00,2025-05-25 20:00:00,164,107.85,True,True,51.69824314653482,8.87754171149354,60.57578485802836,0,0,0.1
core_prophet_frozen_s42,prophet,frozen,selected,42,19,2025-05-19 01:00:00,2025-05-25 21:00:00,165,111.85,True,True,58.58962364247367,8.87754171149354,67.4671653539672,0,0,0.1
core_prophet_frozen_s42,prophet,frozen,selected,42,19,2025-05-19 01:00:00,2025-05-25 22:00:00,166,115.0,True,True,61.56686103691115,8.87754171149354,70.44440274840468,0,0,0.1
core_prophet_frozen_s42,prophet,frozen,selected,42,19,2025-05-19 01:00:00,2025-05-25 23:00:00,167,118.86,True,True,60.24035870684597,8.87754171149354,69.1179004183395,0,0,0.1
core_prophet_frozen_s42,prophet,frozen,selected,42,19,2025-05-19 01:00:00,2025-05-26 00:00:00,168,123.56,True,True,56.29913075936136,8.87754171149354,65.1766724708549,0,0,0.1
core_prophet_frozen_s42,prophet,frozen,selected,42,20,2025-05-26 01:00:00,2025-05-26 01:00:00,1,147.57,True,True,53.68103335754071,14.302330344592312,67.98336370213302,0,0,0.1
core_prophet_frozen_s42,prophet,frozen,selected,42,20,2025-05-26 01:00:00,2025-05-26 02:00:00,2,159.14,True,True,54.28615644087069,14.302330344592312,68.588486785463,0,0,0.1
core_prophet_frozen_s42,prophet,frozen,selected,42,20,2025-05-26 01:00:00,2025-05-26 03:00:00,3,169.05,True,True,58.62278152632871,14.302330344592312,72.92511187092101,0,0,0.1
core_prophet_frozen_s42,prophet,frozen,selected,42,20,2025-05-26 01:00:00,2025-05-26 04:00:00,4,116.49,True,True,36.07061433367983,14.302330344592312,50.37294467827214,0,0,0.1
core_prophet_frozen_s42,prophet,frozen,selected,42,20,2025-05-26 01:00:00,2025-05-26 05:00:00,5,77.15,True,True,29.95100752274641,14.302330344592312,44.25333786733872,0,0,0.1
core_prophet_frozen_s42,prophet,frozen,selected,42,20,2025-05-26 01:00:00,2025-05-26 06:00:00,6,61.24,True,True,27.602658644598563,14.302330344592312,41.904988989190876,0,0,0.1
core_prophet_frozen_s42,prophet,frozen,selected,42,20,2025-05-26 01:00:00,2025-05-26 07:00:00,7,53.83,True,True,19.39957473783932,14.302330344592312,33.70190508243163,0,0,0.1
core_prophet_frozen_s42,prophet,frozen,selected,42,20,2025-05-26 01:00:00,2025-05-26 08:00:00,8,51.38,True,True,4.672644988562354,14.302330344592312,18.974975333154667,0,0,0.1
core_prophet_frozen_s42,prophet,frozen,selected,42,20,2025-05-26 01:00:00,2025-05-26 09:00:00,9,47.56,True,True,-13.20869027089185,14.302330344592312,1.0936400737004615,0,0,0.1
core_prophet_frozen_s42,prophet,frozen,selected,42,20,2025-05-26 01:00:00,2025-05-26 10:00:00,10,46.02,True,True,-23.61048015006349,14.302330344592312,-9.30814980547118,0,0,0.1
core_prophet_frozen_s42,prophet,frozen,selected,42,20,2025-05-26 01:00:00,2025-05-26 11:00:00,11,48.74,True,True,-25.004581067399386,14.302330344592312,-10.702250722807074,0,0,0.1
core_prophet_frozen_s42,prophet,frozen,selected,42,20,2025-05-26 01:00:00,2025-05-26 12:00:00,12,51.95,True,True,-21.674870845097416,14.302330344592312,-7.372540500505105,0,0,0.1
core_prophet_frozen_s42,prophet,frozen,selected,42,20,2025-05-26 01:00:00,2025-05-26 13:00:00,13,54.55,True,True,-14.904277409320798,14.302330344592312,-0.6019470647284866,0,0,0.1
core_prophet_frozen_s42,prophet,frozen,selected,42,20,2025-05-26 01:00:00,2025-05-26 14:00:00,14,58.95,True,True,-5.683122406808764,14.302330344592312,8.619207937783548,0,0,0.1
core_prophet_frozen_s42,prophet,frozen,selected,42,20,2025-05-26 01:00:00,2025-05-26 15:00:00,15,64.15,True,True,3.7504904882526944,14.302330344592312,18.052820832845008,0,0,0.1
core_prophet_frozen_s42,prophet,frozen,selected,42,20,2025-05-26 01:00:00,2025-05-26 16:00:00,16,67.48,True,True,8.955903686943515,14.302330344592312,23.258234031535828,0,0,0.1
core_prophet_frozen_s42,prophet,frozen,selected,42,20,2025-05-26 01:00:00,2025-05-26 17:00:00,17,70.49,True,True,13.566884823507394,14.302330344592312,27.869215168099707,0,0,0.1
core_prophet_frozen_s42,prophet,frozen,selected,42,20,2025-05-26 01:00:00,2025-05-26 18:00:00,18,75.28,True,True,17.710693703126395,14.302330344592312,32.01302404771871,0,0,0.1
core_prophet_frozen_s42,prophet,frozen,selected,42,20,2025-05-26 01:00:00,2025-05-26 19:00:00,19,82.19,True,True,20.833909640226693,14.302330344592312,35.13623998481901,0,0,0.1
core_prophet_frozen_s42,prophet,frozen,selected,42,20,2025-05-26 01:00:00,2025-05-26 20:00:00,20,87.9,True,True,25.438093102394877,14.302330344592312,39.74042344698719,0,0,0.1
core_prophet_frozen_s42,prophet,frozen,selected,42,20,2025-05-26 01:00:00,2025-05-26 21:00:00,21,92.42,True,True,28.524024488484315,14.302330344592312,42.82635483307663,0,0,0.1
core_prophet_frozen_s42,prophet,frozen,selected,42,20,2025-05-26 01:00:00,2025-05-26 22:00:00,22,94.82,True,True,28.635485996269352,14.302330344592312,42.937816340861666,0,0,0.1
core_prophet_frozen_s42,prophet,frozen,selected,42,20,2025-05-26 01:00:00,2025-05-26 23:00:00,23,94.78,True,True,26.01801475786428,14.302330344592312,40.32034510245659,0,0,0.1
core_prophet_frozen_s42,prophet,frozen,selected,42,20,2025-05-26 01:00:00,2025-05-27 00:00:00,24,95.66,True,True,21.335640336770357,14.302330344592312,35.63797068136267,0,0,0.1
core_prophet_frozen_s42,prophet,frozen,selected,42,20,2025-05-26 01:00:00,2025-05-27 01:00:00,25,100.08,True,True,17.68156948081119,14.302330344592312,31.983899825403505,0,0,0.1
core_prophet_frozen_s42,prophet,frozen,selected,42,20,2025-05-26 01:00:00,2025-05-27 02:00:00,26,105.77,True,True,18.285838246255224,14.302330344592312,32.58816859084754,0,0,0.1
core_prophet_frozen_s42,prophet,frozen,selected,42,20,2025-05-26 01:00:00,2025-05-27 03:00:00,27,117.39,True,True,23.35140078585536,14.302330344592312,37.653731130447675,0,0,0.1
core_prophet_frozen_s42,prophet,frozen,selected,42,20,2025-05-26 01:00:00,2025-05-27 04:00:00,28,74.96,True,True,16.496415238417484,14.302330344592312,30.798745583009797,0,0,0.1
core_prophet_frozen_s42,prophet,frozen,selected,42,20,2025-05-26 01:00:00,2025-05-27 05:00:00,29,50.71,True,True,18.864823117815632,14.302330344592312,33.167153462407946,0,0,0.1
core_prophet_frozen_s42,prophet,frozen,selected,42,20,2025-05-26 01:00:00,2025-05-27 06:00:00,30,46.92,True,True,18.65484145471609,14.302330344592312,32.957171799308405,0,0,0.1
core_prophet_frozen_s42,prophet,frozen,selected,42,20,2025-05-26 01:00:00,2025-05-27 07:00:00,31,47.1,True,True,11.306986174851543,14.302330344592312,25.609316519443855,0,0,0.1
core_prophet_frozen_s42,prophet,frozen,selected,42,20,2025-05-26 01:00:00,2025-05-27 08:00:00,32,48.59,True,True,-2.715568234371176,14.302330344592312,11.586762110221136,0,0,0.1
core_prophet_frozen_s42,prophet,frozen,selected,42,20,2025-05-26 01:00:00,2025-05-27 09:00:00,33,49.5,True,True,-19.87487829619718,14.302330344592312,-5.57254795160487,0,0,0.1
core_prophet_frozen_s42,prophet,frozen,selected,42,20,2025-05-26 01:00:00,2025-05-27 10:00:00,34,51.4,True,True,-31.018434850787514,14.302330344592312,-16.7161045061952,0,0,0.1
core_prophet_frozen_s42,prophet,frozen,selected,42,20,2025-05-26 01:00:00,2025-05-27 11:00:00,35,54.19,True,True,-34.01345796823017,14.302330344592312,-19.711127623637857,0,0,0.1
core_prophet_frozen_s42,prophet,frozen,selected,42,20,2025-05-26 01:00:00,2025-05-27 12:00:00,36,56.51,True,True,-32.07691334009033,14.302330344592312,-17.774582995498015,0,0,0.1
core_prophet_frozen_s42,prophet,frozen,selected,42,20,2025-05-26 01:00:00,2025-05-27 13:00:00,37,56.85,True,True,-25.94832609115116,14.302330344592312,-11.645995746558848,0,0,0.1
core_prophet_frozen_s42,prophet,frozen,selected,42,20,2025-05-26 01:00:00,2025-05-27 14:00:00,38,57.91,True,True,-16.493637504945553,14.302330344592312,-2.191307160353242,0,0,0.1
core_prophet_frozen_s42,prophet,frozen,selected,42,20,2025-05-26 01:00:00,2025-05-27 15:00:00,39,60.82,True,True,-7.598271102729058,14.302330344592312,6.704059241863254,0,0,0.1
core_prophet_frozen_s42,prophet,frozen,selected,42,20,2025-05-26 01:00:00,2025-05-27 16:00:00,40,64.69,True,True,-1.5654683091900663,14.302330344592312,12.736862035402245,0,0,0.1
core_prophet_frozen_s42,prophet,frozen,selected,42,20,2025-05-26 01:00:00,2025-05-27 17:00:00,41,68.07,True,True,5.9783121379964825,14.302330344592312,20.280642482588796,0,0,0.1
core_prophet_frozen_s42,prophet,frozen,selected,42,20,2025-05-26 01:00:00,2025-05-27 18:00:00,42,71.53,True,True,13.196309216461742,14.302330344592312,27.498639561054055,0,0,0.1
core_prophet_frozen_s42,prophet,frozen,selected,42,20,2025-05-26 01:00:00,2025-05-27 19:00:00,43,74.79,True,True,20.149037590023823,14.302330344592312,34.45136793461614,0,0,0.1
core_prophet_frozen_s42,prophet,frozen,selected,42,20,2025-05-26 01:00:00,2025-05-27 20:00:00,44,77.76,True,True,26.84900473452444,14.302330344592312,41.15133507911675,0,0,0.1
core_prophet_frozen_s42,prophet,frozen,selected,42,20,2025-05-26 01:00:00,2025-05-27 21:00:00,45,80.77,True,True,30.74089909063187,14.302330344592312,45.043229435224184,0,0,0.1
core_prophet_frozen_s42,prophet,frozen,selected,42,20,2025-05-26 01:00:00,2025-05-27 22:00:00,46,83.57,True,True,30.596458918775767,14.302330344592312,44.89878926336808,0,0,0.1
core_prophet_frozen_s42,prophet,frozen,selected,42,20,2025-05-26 01:00:00,2025-05-27 23:00:00,47,87.36,True,True,27.95669817847209,14.302330344592312,42.2590285230644,0,0,0.1
core_prophet_frozen_s42,prophet,frozen,selected,42,20,2025-05-26 01:00:00,2025-05-28 00:00:00,48,94.33,True,True,23.30197597536437,14.302330344592312,37.604306319956684,0,0,0.1
core_prophet_frozen_s42,prophet,frozen,selected,42,20,2025-05-26 01:00:00,2025-05-28 01:00:00,49,107.22,True,True,18.32488550857869,14.302330344592312,32.627215853171,0,0,0.1
core_prophet_frozen_s42,prophet,frozen,selected,42,20,2025-05-26 01:00:00,2025-05-28 02:00:00,50,116.34,True,True,18.985128550145987,14.302330344592312,33.2874588947383,0,0,0.1
core_prophet_frozen_s42,prophet,frozen,selected,42,20,2025-05-26 01:00:00,2025-05-28 03:00:00,51,127.5,True,True,24.148697308574867,14.302330344592312,38.45102765316718,0,0,0.1
core_prophet_frozen_s42,prophet,frozen,selected,42,20,2025-05-26 01:00:00,2025-05-28 04:00:00,52,76.77,True,True,19.42157948593368,14.302330344592312,33.72390983052599,0,0,0.1
core_prophet_frozen_s42,prophet,frozen,selected,42,20,2025-05-26 01:00:00,2025-05-28 05:00:00,53,61.04,True,True,22.501555343092207,14.302330344592312,36.80388568768452,0,0,0.1
core_prophet_frozen_s42,prophet,frozen,selected,42,20,2025-05-26 01:00:00,2025-05-28 06:00:00,54,60.03,True,True,23.074895154728267,14.302330344592312,37.37722549932058,0,0,0.1
core_prophet_frozen_s42,prophet,frozen,selected,42,20,2025-05-26 01:00:00,2025-05-28 07:00:00,55,61.12,True,True,16.486023216671697,14.302330344592312,30.78835356126401,0,0,0.1
core_prophet_frozen_s42,prophet,frozen,selected,42,20,2025-05-26 01:00:00,2025-05-28 08:00:00,56,61.88,True,True,2.9147066533800228,14.302330344592312,17.217036997972336,0,0,0.1
core_prophet_frozen_s42,prophet,frozen,selected,42,20,2025-05-26 01:00:00,2025-05-28 09:00:00,57,62.25,True,True,-13.853702797595332,14.302330344592312,0.4486275469969794,0,0,0.1
core_prophet_frozen_s42,prophet,frozen,selected,42,20,2025-05-26 01:00:00,2025-05-28 10:00:00,58,64.2,True,True,-25.692160185734394,14.302330344592312,-11.389829841142083,0,0,0.1
core_prophet_frozen_s42,prophet,frozen,selected,42,20,2025-05-26 01:00:00,2025-05-28 11:00:00,59,67.54,True,True,-29.899592677982326,14.302330344592312,-15.597262333390015,0,0,0.1
core_prophet_frozen_s42,prophet,frozen,selected,42,20,2025-05-26 01:00:00,2025-05-28 12:00:00,60,70.93,True,True,-28.708747211944768,14.302330344592312,-14.406416867352457,0,0,0.1
core_prophet_frozen_s42,prophet,frozen,selected,42,20,2025-05-26 01:00:00,2025-05-28 13:00:00,61,73.18,True,True,-21.885835597499835,14.302330344592312,-7.583505252907523,0,0,0.1
core_prophet_frozen_s42,prophet,frozen,selected,42,20,2025-05-26 01:00:00,2025-05-28 14:00:00,62,77.64,True,True,-9.586631200234848,14.302330344592312,4.715699144357464,0,0,0.1
core_prophet_frozen_s42,prophet,frozen,selected,42,20,2025-05-26 01:00:00,2025-05-28 15:00:00,63,82.59,True,True,3.600136078809811,14.302330344592312,17.902466423402124,0,0,0.1
core_prophet_frozen_s42,prophet,frozen,selected,42,20,2025-05-26 01:00:00,2025-05-28 16:00:00,64,86.65,True,True,13.812687326173972,14.302330344592312,28.115017670766285,0,0,0.1
core_prophet_frozen_s42,prophet,frozen,selected,42,20,2025-05-26 01:00:00,2025-05-28 17:00:00,65,90.37,True,True,22.54259123336905,14.302330344592312,36.84492157796136,0,0,0.1
core_prophet_frozen_s42,prophet,frozen,selected,42,20,2025-05-26 01:00:00,2025-05-28 18:00:00,66,93.81,True,True,30.9687553914155,14.302330344592312,45.27108573600781,0,0,0.1
core_prophet_frozen_s42,prophet,frozen,selected,42,20,2025-05-26 01:00:00,2025-05-28 19:00:00,67,96.0,True,True,38.5396094916089,14.302330344592312,52.84193983620121,0,0,0.1
core_prophet_frozen_s42,prophet,frozen,selected,42,20,2025-05-26 01:00:00,2025-05-28 20:00:00,68,99.02,True,True,45.31174952883487,14.302330344592312,59.61407987342719,0,0,0.1
core_prophet_frozen_s42,prophet,frozen,selected,42,20,2025-05-26 01:00:00,2025-05-28 21:00:00,69,103.1,True,True,49.30779935742069,14.302330344592312,63.610129702013005,0,0,0.1
core_prophet_frozen_s42,prophet,frozen,selected,42,20,2025-05-26 01:00:00,2025-05-28 22:00:00,70,107.17,True,True,48.748822773056304,14.302330344592312,63.05115311764862,0,0,0.1
core_prophet_frozen_s42,prophet,frozen,selected,42,20,2025-05-26 01:00:00,2025-05-28 23:00:00,71,112.82,True,True,45.47054779132861,14.302330344592312,59.77287813592093,0,0,0.1
core_prophet_frozen_s42,prophet,frozen,selected,42,20,2025-05-26 01:00:00,2025-05-29 00:00:00,72,121.45,True,True,39.76971036197969,14.302330344592312,54.072040706572004,0,0,0.1
core_prophet_frozen_s42,prophet,frozen,selected,42,20,2025-05-26 01:00:00,2025-05-29 01:00:00,73,134.6,True,True,30.52775052822585,14.302330344592312,44.830080872818165,0,0,0.1
core_prophet_frozen_s42,prophet,frozen,selected,42,20,2025-05-26 01:00:00,2025-05-29 02:00:00,74,140.45,True,True,29.598314002685072,14.302330344592312,43.900644347277385,0,0,0.1
core_prophet_frozen_s42,prophet,frozen,selected,42,20,2025-05-26 01:00:00,2025-05-29 03:00:00,75,151.07,True,True,33.06347158314966,14.302330344592312,47.36580192774198,0,0,0.1
core_prophet_frozen_s42,prophet,frozen,selected,42,20,2025-05-26 01:00:00,2025-05-29 04:00:00,76,97.0,True,True,28.573647243293948,14.302330344592312,42.87597758788626,0,0,0.1
core_prophet_frozen_s42,prophet,frozen,selected,42,20,2025-05-26 01:00:00,2025-05-29 05:00:00,77,74.96,True,True,30.58229258608219,14.302330344592312,44.8846229306745,0,0,0.1
core_prophet_frozen_s42,prophet,frozen,selected,42,20,2025-05-26 01:00:00,2025-05-29 06:00:00,78,70.03,True,True,29.65876101021135,14.302330344592312,43.96109135480366,0,0,0.1
core_prophet_frozen_s42,prophet,frozen,selected,42,20,2025-05-26 01:00:00,2025-05-29 07:00:00,79,67.01,True,True,21.60200189045014,14.302330344592312,35.90433223504245,0,0,0.1
core_prophet_frozen_s42,prophet,frozen,selected,42,20,2025-05-26 01:00:00,2025-05-29 08:00:00,80,63.85,True,True,6.779476786160501,14.302330344592312,21.081807130752814,0,0,0.1
core_prophet_frozen_s42,prophet,frozen,selected,42,20,2025-05-26 01:00:00,2025-05-29 09:00:00,81,60.88,True,True,-11.05920731623209,14.302330344592312,3.2431230283602215,0,0,0.1
core_prophet_frozen_s42,prophet,frozen,selected,42,20,2025-05-26 01:00:00,2025-05-29 10:00:00,82,60.44,True,True,-24.298497891500062,14.302330344592312,-9.996167546907751,0,0,0.1
core_prophet_frozen_s42,prophet,frozen,selected,42,20,2025-05-26 01:00:00,2025-05-29 11:00:00,83,62.44,True,True,-29.959200956941856,14.302330344592312,-15.656870612349545,0,0,0.1
core_prophet_frozen_s42,prophet,frozen,selected,42,20,2025-05-26 01:00:00,2025-05-29 12:00:00,84,65.02,True,True,-30.01489833545378,14.302330344592312,-15.712567990861467,0,0,0.1
core_prophet_frozen_s42,prophet,frozen,selected,42,20,2025-05-26 01:00:00,2025-05-29 13:00:00,85,66.8,True,True,-25.336192026824165,14.302330344592312,-11.033861682231853,0,0,0.1
core_prophet_frozen_s42,prophet,frozen,selected,42,20,2025-05-26 01:00:00,2025-05-29 14:00:00,86,69.31,True,True,-17.052202714288626,14.302330344592312,-2.7498723696963143,0,0,0.1
core_prophet_frozen_s42,prophet,frozen,selected,42,20,2025-05-26 01:00:00,2025-05-29 15:00:00,87,71.86,True,True,-7.939800186340904,14.302330344592312,6.362530158251408,0,0,0.1
core_prophet_frozen_s42,prophet,frozen,selected,42,20,2025-05-26 01:00:00,2025-05-29 16:00:00,88,73.66,True,True,0.2846498908110106,14.302330344592312,14.586980235403322,0,0,0.1
core_prophet_frozen_s42,prophet,frozen,selected,42,20,2025-05-26 01:00:00,2025-05-29 17:00:00,89,75.8,True,True,8.67122649566548,14.302330344592312,22.973556840257793,0,0,0.1
core_prophet_frozen_s42,prophet,frozen,selected,42,20,2025-05-26 01:00:00,2025-05-29 18:00:00,90,78.69,True,True,16.4940850150754,14.302330344592312,30.796415359667712,0,0,0.1
core_prophet_frozen_s42,prophet,frozen,selected,42,20,2025-05-26 01:00:00,2025-05-29 19:00:00,91,81.27,True,True,23.76465718489473,14.302330344592312,38.066987529487044,0,0,0.1
core_prophet_frozen_s42,prophet,frozen,selected,42,20,2025-05-26 01:00:00,2025-05-29 20:00:00,92,84.11,True,True,30.33887204599577,14.302330344592312,44.641202390588084,0,0,0.1
core_prophet_frozen_s42,prophet,frozen,selected,42,20,2025-05-26 01:00:00,2025-05-29 21:00:00,93,87.09,True,True,34.578926219434294,14.302330344592312,48.88125656402661,0,0,0.1
core_prophet_frozen_s42,prophet,frozen,selected,42,20,2025-05-26 01:00:00,2025-05-29 22:00:00,94,89.67,True,True,35.0808210449986,14.302330344592312,49.383151389590914,0,0,0.1
core_prophet_frozen_s42,prophet,frozen,selected,42,20,2025-05-26 01:00:00,2025-05-29 23:00:00,95,92.55,True,True,33.86311857205851,14.302330344592312,48.165448916650824,0,0,0.1
core_prophet_frozen_s42,prophet,frozen,selected,42,20,2025-05-26 01:00:00,2025-05-30 00:00:00,96,97.17,True,True,30.217534462099135,14.302330344592312,44.519864806691444,0,0,0.1
core_prophet_frozen_s42,prophet,frozen,selected,42,20,2025-05-26 01:00:00,2025-05-30 01:00:00,97,105.87,True,True,20.25300862541292,14.302330344592312,34.55533897000523,0,0,0.1
core_prophet_frozen_s42,prophet,frozen,selected,42,20,2025-05-26 01:00:00,2025-05-30 02:00:00,98,110.74,True,True,19.581417702908823,14.302330344592312,33.883748047501136,0,0,0.1
core_prophet_frozen_s42,prophet,frozen,selected,42,20,2025-05-26 01:00:00,2025-05-30 03:00:00,99,116.39,True,True,23.94011578753629,14.302330344592312,38.2424461321286,0,0,0.1
core_prophet_frozen_s42,prophet,frozen,selected,42,20,2025-05-26 01:00:00,2025-05-30 04:00:00,100,94.0,True,True,29.86838352363202,14.302330344592312,44.17071386822433,0,0,0.1
core_prophet_frozen_s42,prophet,frozen,selected,42,20,2025-05-26 01:00:00,2025-05-30 05:00:00,101,74.83,True,True,34.09664505169479,14.302330344592312,48.398975396287106,0,0,0.1
core_prophet_frozen_s42,prophet,frozen,selected,42,20,2025-05-26 01:00:00,2025-05-30 06:00:00,102,64.71,True,True,32.59709203560061,14.302330344592312,46.899422380192924,0,0,0.1
core_prophet_frozen_s42,prophet,frozen,selected,42,20,2025-05-26 01:00:00,2025-05-30 07:00:00,103,57.6,True,True,23.840314982212902,14.302330344592312,38.142645326805216,0,0,0.1
core_prophet_frozen_s42,prophet,frozen,selected,42,20,2025-05-26 01:00:00,2025-05-30 08:00:00,104,54.48,True,True,8.855258162165114,14.302330344592312,23.157588506757428,0,0,0.1
core_prophet_frozen_s42,prophet,frozen,selected,42,20,2025-05-26 01:00:00,2025-05-30 09:00:00,105,54.66,True,True,-8.552217130077395,14.302330344592312,5.750113214514917,0,0,0.1
core_prophet_frozen_s42,prophet,frozen,selected,42,20,2025-05-26 01:00:00,2025-05-30 10:00:00,106,57.58,True,True,-22.123787246995533,14.302330344592312,-7.821456902403222,0,0,0.1
core_prophet_frozen_s42,prophet,frozen,selected,42,20,2025-05-26 01:00:00,2025-05-30 11:00:00,107,62.16,True,True,-29.027845310127415,14.302330344592312,-14.725514965535103,0,0,0.1
core_prophet_frozen_s42,prophet,frozen,selected,42,20,2025-05-26 01:00:00,2025-05-30 12:00:00,108,66.63,True,True,-30.22494680858909,14.302330344592312,-15.92261646399678,0,0,0.1
core_prophet_frozen_s42,prophet,frozen,selected,42,20,2025-05-26 01:00:00,2025-05-30 13:00:00,109,69.82,True,True,-26.389699963591998,14.302330344592312,-12.087369618999686,0,0,0.1
core_prophet_frozen_s42,prophet,frozen,selected,42,20,2025-05-26 01:00:00,2025-05-30 14:00:00,110,72.65,True,True,-18.889070455490295,14.302330344592312,-4.586740110897983,0,0,0.1
core_prophet_frozen_s42,prophet,frozen,selected,42,20,2025-05-26 01:00:00,2025-05-30 15:00:00,111,74.49,True,True,-10.56079137299298,14.302330344592312,3.741538971599331,0,0,0.1
core_prophet_frozen_s42,prophet,frozen,selected,42,20,2025-05-26 01:00:00,2025-05-30 16:00:00,112,75.29,True,True,-3.38621509932446,14.302330344592312,10.916115245267852,0,0,0.1
core_prophet_frozen_s42,prophet,frozen,selected,42,20,2025-05-26 01:00:00,2025-05-30 17:00:00,113,78.23,True,True,4.429926320707722,14.302330344592312,18.732256665300035,0,0,0.1
core_prophet_frozen_s42,prophet,frozen,selected,42,20,2025-05-26 01:00:00,2025-05-30 18:00:00,114,84.03,True,True,12.597923999696093,14.302330344592312,26.900254344288406,0,0,0.1
core_prophet_frozen_s42,prophet,frozen,selected,42,20,2025-05-26 01:00:00,2025-05-30 19:00:00,115,90.11,True,True,21.148940727632606,14.302330344592312,35.45127107222492,0,0,0.1
core_prophet_frozen_s42,prophet,frozen,selected,42,20,2025-05-26 01:00:00,2025-05-30 20:00:00,116,95.29,True,True,29.06016391596788,14.302330344592312,43.36249426056019,0,0,0.1
core_prophet_frozen_s42,prophet,frozen,selected,42,20,2025-05-26 01:00:00,2025-05-30 21:00:00,117,98.96,True,True,34.450489453519566,14.302330344592312,48.75281979811188,0,0,0.1
core_prophet_frozen_s42,prophet,frozen,selected,42,20,2025-05-26 01:00:00,2025-05-30 22:00:00,118,101.53,True,True,35.94487595088546,14.302330344592312,50.247206295477774,0,0,0.1
core_prophet_frozen_s42,prophet,frozen,selected,42,20,2025-05-26 01:00:00,2025-05-30 23:00:00,119,102.05,True,True,34.47171856048669,14.302330344592312,48.774048905079006,0,0,0.1
core_prophet_frozen_s42,prophet,frozen,selected,42,20,2025-05-26 01:00:00,2025-05-31 00:00:00,120,99.91,True,True,31.037547641815223,14.302330344592312,45.33987798640754,0,0,0.1
core_prophet_frozen_s42,prophet,frozen,selected,42,20,2025-05-26 01:00:00,2025-05-31 01:00:00,121,98.65,True,True,28.22201557954591,14.302330344592312,42.524345924138224,0,0,0.1
core_prophet_frozen_s42,prophet,frozen,selected,42,20,2025-05-26 01:00:00,2025-05-31 02:00:00,122,98.22,True,True,30.442340249265012,14.302330344592312,44.74467059385732,0,0,0.1
core_prophet_frozen_s42,prophet,frozen,selected,42,20,2025-05-26 01:00:00,2025-05-31 03:00:00,123,98.0,True,True,37.26956645146777,14.302330344592312,51.57189679606008,0,0,0.1
core_prophet_frozen_s42,prophet,frozen,selected,42,20,2025-05-26 01:00:00,2025-05-31 04:00:00,124,98.24,True,True,43.404495539787405,14.302330344592312,57.70682588437972,0,0,0.1
core_prophet_frozen_s42,prophet,frozen,selected,42,20,2025-05-26 01:00:00,2025-05-31 05:00:00,125,91.89,True,True,45.92528193115919,14.302330344592312,60.227612275751504,0,0,0.1
core_prophet_frozen_s42,prophet,frozen,selected,42,20,2025-05-26 01:00:00,2025-05-31 06:00:00,126,83.84,True,True,43.9105561808054,14.302330344592312,58.212886525397714,0,0,0.1
core_prophet_frozen_s42,prophet,frozen,selected,42,20,2025-05-26 01:00:00,2025-05-31 07:00:00,127,75.26,True,True,33.096456513235495,14.302330344592312,47.39878685782781,0,0,0.1
core_prophet_frozen_s42,prophet,frozen,selected,42,20,2025-05-26 01:00:00,2025-05-31 08:00:00,128,68.52,True,True,16.755614459540425,14.302330344592312,31.057944804132738,0,0,0.1
core_prophet_frozen_s42,prophet,frozen,selected,42,20,2025-05-26 01:00:00,2025-05-31 09:00:00,129,63.14,True,True,-1.829342191916453,14.302330344592312,12.472988152675859,0,0,0.1
core_prophet_frozen_s42,prophet,frozen,selected,42,20,2025-05-26 01:00:00,2025-05-31 10:00:00,130,61.54,True,True,-16.67044396308873,14.302330344592312,-2.3681136184964178,0,0,0.1
core_prophet_frozen_s42,prophet,frozen,selected,42,20,2025-05-26 01:00:00,2025-05-31 11:00:00,131,62.94,True,True,-24.214349403630024,14.302330344592312,-9.912019059037712,0,0,0.1
core_prophet_frozen_s42,prophet,frozen,selected,42,20,2025-05-26 01:00:00,2025-05-31 12:00:00,132,65.73,True,True,-24.303948916134544,14.302330344592312,-10.001618571542233,0,0,0.1
core_prophet_frozen_s42,prophet,frozen,selected,42,20,2025-05-26 01:00:00,2025-05-31 13:00:00,133,70.66,True,True,-16.956748927367585,14.302330344592312,-2.654418582775273,0,0,0.1
core_prophet_frozen_s42,prophet,frozen,selected,42,20,2025-05-26 01:00:00,2025-05-31 14:00:00,134,80.01,True,True,-3.8609535927851937,14.302330344592312,10.441376751807118,0,0,0.1
core_prophet_frozen_s42,prophet,frozen,selected,42,20,2025-05-26 01:00:00,2025-05-31 15:00:00,135,95.77,True,True,11.323296995204146,14.302330344592312,25.62562733979646,0,0,0.1
core_prophet_frozen_s42,prophet,frozen,selected,42,20,2025-05-26 01:00:00,2025-05-31 16:00:00,136,112.0,True,True,24.96169862962492,14.302330344592312,39.26402897421723,0,0,0.1
core_prophet_frozen_s42,prophet,frozen,selected,42,20,2025-05-26 01:00:00,2025-05-31 17:00:00,137,124.52,True,True,38.60829897598572,14.302330344592312,52.91062932057803,0,0,0.1
core_prophet_frozen_s42,prophet,frozen,selected,42,20,2025-05-26 01:00:00,2025-05-31 18:00:00,138,133.55,True,True,51.00383579473353,14.302330344592312,65.30616613932584,0,0,0.1
core_prophet_frozen_s42,prophet,frozen,selected,42,20,2025-05-26 01:00:00,2025-05-31 19:00:00,139,139.23,True,True,60.936948560055725,14.302330344592312,75.23927890464803,0,0,0.1
core_prophet_frozen_s42,prophet,frozen,selected,42,20,2025-05-26 01:00:00,2025-05-31 20:00:00,140,142.26,True,True,67.92377395079473,14.302330344592312,82.22610429538703,0,0,0.1
core_prophet_frozen_s42,prophet,frozen,selected,42,20,2025-05-26 01:00:00,2025-05-31 21:00:00,141,143.15,True,True,70.38881642299467,14.302330344592312,84.69114676758697,0,0,0.1
core_prophet_frozen_s42,prophet,frozen,selected,42,20,2025-05-26 01:00:00,2025-05-31 22:00:00,142,141.43,True,True,67.23570174812204,14.302330344592312,81.53803209271435,0,0,0.1
core_prophet_frozen_s42,prophet,frozen,selected,42,20,2025-05-26 01:00:00,2025-05-31 23:00:00,143,140.49,True,True,61.55857227302789,14.302330344592312,75.8609026176202,0,0,0.1
core_prophet_frozen_s42,prophet,frozen,selected,42,20,2025-05-26 01:00:00,2025-06-01 00:00:00,144,140.82,True,True,53.87356569869533,14.302330344592312,68.17589604328764,0,0,0.1
core_prophet_frozen_s42,prophet,frozen,selected,42,20,2025-05-26 01:00:00,2025-06-01 01:00:00,145,142.92,True,True,46.44399135225834,14.302330344592312,60.74632169685065,0,0,0.1
core_prophet_frozen_s42,prophet,frozen,selected,42,20,2025-05-26 01:00:00,2025-06-01 02:00:00,146,141.13,True,True,44.595412568826816,14.302330344592312,58.89774291341913,0,0,0.1
core_prophet_frozen_s42,prophet,frozen,selected,42,20,2025-05-26 01:00:00,2025-06-01 03:00:00,147,141.26,True,True,49.04873096803655,14.302330344592312,63.351061312628865,0,0,0.1
core_prophet_frozen_s42,prophet,frozen,selected,42,20,2025-05-26 01:00:00,2025-06-01 04:00:00,148,144.88,True,True,53.930180422781234,14.302330344592312,68.23251076737354,0,0,0.1
core_prophet_frozen_s42,prophet,frozen,selected,42,20,2025-05-26 01:00:00,2025-06-01 05:00:00,149,144.08,True,True,54.90738710854322,14.302330344592312,69.20971745313553,0,0,0.1
core_prophet_frozen_s42,prophet,frozen,selected,42,20,2025-05-26 01:00:00,2025-06-01 06:00:00,150,140.46,True,True,51.75100993707522,14.302330344592312,66.05334028166753,0,0,0.1
core_prophet_frozen_s42,prophet,frozen,selected,42,20,2025-05-26 01:00:00,2025-06-01 07:00:00,151,132.96,True,True,40.26965032786728,14.302330344592312,54.571980672459595,0,0,0.1
core_prophet_frozen_s42,prophet,frozen,selected,42,20,2025-05-26 01:00:00,2025-06-01 08:00:00,152,124.21,True,True,22.56361660564889,14.302330344592312,36.8659469502412,0,0,0.1
core_prophet_frozen_s42,prophet,frozen,selected,42,20,2025-05-26 01:00:00,2025-06-01 09:00:00,153,116.33,True,True,2.864231848160017,14.302330344592312,17.16656219275233,0,0,0.1
core_prophet_frozen_s42,prophet,frozen,selected,42,20,2025-05-26 01:00:00,2025-06-01 10:00:00,154,115.28,True,True,-11.623235806966647,14.302330344592312,2.679094537625664,0,0,0.1
core_prophet_frozen_s42,prophet,frozen,selected,42,20,2025-05-26 01:00:00,2025-06-01 11:00:00,155,114.98,True,True,-18.179696201311717,14.302330344592312,-3.877365856719406,0,0,0.1
core_prophet_frozen_s42,prophet,frozen,selected,42,20,2025-05-26 01:00:00,2025-06-01 12:00:00,156,113.42,True,True,-18.021920849439766,14.302330344592312,-3.7195905048474547,0,0,0.1
core_prophet_frozen_s42,prophet,frozen,selected,42,20,2025-05-26 01:00:00,2025-06-01 13:00:00,157,109.48,True,True,-13.207446714860424,14.302330344592312,1.0948836297318874,0,0,0.1
core_prophet_frozen_s42,prophet,frozen,selected,42,20,2025-05-26 01:00:00,2025-06-01 14:00:00,158,105.92,True,True,-5.673919091869493,14.302330344592312,8.628411252722819,0,0,0.1
core_prophet_frozen_s42,prophet,frozen,selected,42,20,2025-05-26 01:00:00,2025-06-01 15:00:00,159,102.49,True,True,2.0044540361582506,14.302330344592312,16.306784380750564,0,0,0.1
core_prophet_frozen_s42,prophet,frozen,selected,42,20,2025-05-26 01:00:00,2025-06-01 16:00:00,160,98.07,True,True,8.518353159831491,14.302330344592312,22.820683504423805,0,0,0.1
core_prophet_frozen_s42,prophet,frozen,selected,42,20,2025-05-26 01:00:00,2025-06-01 17:00:00,161,96.47,True,True,16.496795241951702,14.302330344592312,30.799125586544015,0,0,0.1
core_prophet_frozen_s42,prophet,frozen,selected,42,20,2025-05-26 01:00:00,2025-06-01 18:00:00,162,96.95,True,True,24.543745363189743,14.302330344592312,38.846075707782056,0,0,0.1
core_prophet_frozen_s42,prophet,frozen,selected,42,20,2025-05-26 01:00:00,2025-06-01 19:00:00,163,98.76,True,True,33.05142251454322,14.302330344592312,47.35375285913553,0,0,0.1
core_prophet_frozen_s42,prophet,frozen,selected,42,20,2025-05-26 01:00:00,2025-06-01 20:00:00,164,101.29,True,True,41.33431882659579,14.302330344592312,55.636649171188104,0,0,0.1
core_prophet_frozen_s42,prophet,frozen,selected,42,20,2025-05-26 01:00:00,2025-06-01 21:00:00,165,104.07,True,True,47.26485579400534,14.302330344592312,61.567186138597656,0,0,0.1
core_prophet_frozen_s42,prophet,frozen,selected,42,20,2025-05-26 01:00:00,2025-06-01 22:00:00,166,106.16,True,True,49.1380538668034,14.302330344592312,63.44038421139572,0,0,0.1
core_prophet_frozen_s42,prophet,frozen,selected,42,20,2025-05-26 01:00:00,2025-06-01 23:00:00,167,110.18,True,True,47.13262706672938,14.302330344592312,61.43495741132169,0,0,0.1
core_prophet_frozen_s42,prophet,frozen,selected,42,20,2025-05-26 01:00:00,2025-06-02 00:00:00,168,117.77,True,True,43.39434363772298,14.302330344592312,57.696673982315296,0,0,0.1
core_prophet_frozen_s42,prophet,frozen,selected,42,21,2025-06-02 01:00:00,2025-06-02 01:00:00,1,151.6,True,True,35.28691863968734,20.16979416544045,55.45671280512779,0,0,0.1
core_prophet_frozen_s42,prophet,frozen,selected,42,21,2025-06-02 01:00:00,2025-06-02 02:00:00,2,178.26,True,True,35.770754080242284,20.16979416544045,55.940548245682734,0,0,0.1
core_prophet_frozen_s42,prophet,frozen,selected,42,21,2025-06-02 01:00:00,2025-06-02 03:00:00,3,202.42,True,True,40.16913093751651,20.16979416544045,60.33892510295696,0,0,0.1
core_prophet_frozen_s42,prophet,frozen,selected,42,21,2025-06-02 01:00:00,2025-06-02 04:00:00,4,111.52,True,True,25.83082630099261,20.16979416544045,46.00062046643306,0,0,0.1
core_prophet_frozen_s42,prophet,frozen,selected,42,21,2025-06-02 01:00:00,2025-06-02 05:00:00,5,52.03,True,True,22.173092149868666,20.16979416544045,42.342886315309116,0,0,0.1
core_prophet_frozen_s42,prophet,frozen,selected,42,21,2025-06-02 01:00:00,2025-06-02 06:00:00,6,36.71,True,True,18.49741695489422,20.16979416544045,38.66721112033467,0,0,0.1
core_prophet_frozen_s42,prophet,frozen,selected,42,21,2025-06-02 01:00:00,2025-06-02 07:00:00,7,0.0,True,True,8.230564091819303,20.16979416544045,28.400358257259754,0,0,0.1
core_prophet_frozen_s42,prophet,frozen,selected,42,21,2025-06-02 01:00:00,2025-06-02 08:00:00,8,22.27,True,True,-8.268495434803128,20.16979416544045,11.901298730637322,0,0,0.1
core_prophet_frozen_s42,prophet,frozen,selected,42,21,2025-06-02 01:00:00,2025-06-02 09:00:00,9,17.89,True,True,-27.325899673463653,20.16979416544045,-7.156105508023202,0,0,0.1
core_prophet_frozen_s42,prophet,frozen,selected,42,21,2025-06-02 01:00:00,2025-06-02 10:00:00,10,15.41,True,True,-42.08699062020585,20.16979416544045,-21.917196454765403,0,0,0.1
core_prophet_frozen_s42,prophet,frozen,selected,42,21,2025-06-02 01:00:00,2025-06-02 11:00:00,11,14.09,True,True,-49.08003126316624,20.16979416544045,-28.91023709772579,0,0,0.1
core_prophet_frozen_s42,prophet,frozen,selected,42,21,2025-06-02 01:00:00,2025-06-02 12:00:00,12,12.35,True,True,-49.88290119748987,20.16979416544045,-29.71310703204942,0,0,0.1
core_prophet_frozen_s42,prophet,frozen,selected,42,21,2025-06-02 01:00:00,2025-06-02 13:00:00,13,10.6,True,True,-44.77981093353216,20.16979416544045,-24.61001676809171,0,0,0.1
core_prophet_frozen_s42,prophet,frozen,selected,42,21,2025-06-02 01:00:00,2025-06-02 14:00:00,14,9.83,True,True,-33.71159159691666,20.16979416544045,-13.541797431476212,0,0,0.1
core_prophet_frozen_s42,prophet,frozen,selected,42,21,2025-06-02 01:00:00,2025-06-02 15:00:00,15,9.13,True,True,-21.9096407666064,20.16979416544045,-1.7398466011659508,0,0,0.1
core_prophet_frozen_s42,prophet,frozen,selected,42,21,2025-06-02 01:00:00,2025-06-02 16:00:00,16,8.18,True,True,-12.9225809081899,20.16979416544045,7.24721325725055,0,0,0.1
core_prophet_frozen_s42,prophet,frozen,selected,42,21,2025-06-02 01:00:00,2025-06-02 17:00:00,17,7.99,True,True,-4.972434352434817,20.16979416544045,15.197359813005633,0,0,0.1
core_prophet_frozen_s42,prophet,frozen,selected,42,21,2025-06-02 01:00:00,2025-06-02 18:00:00,18,8.24,True,True,2.772982159141094,20.16979416544045,22.942776324581544,0,0,0.1
core_prophet_frozen_s42,prophet,frozen,selected,42,21,2025-06-02 01:00:00,2025-06-02 19:00:00,19,8.39,True,True,9.671282694863748,20.16979416544045,29.8410768603042,0,0,0.1
core_prophet_frozen_s42,prophet,frozen,selected,42,21,2025-06-02 01:00:00,2025-06-02 20:00:00,20,8.28,True,True,15.17719366537412,20.16979416544045,35.34698783081457,0,0,0.1
core_prophet_frozen_s42,prophet,frozen,selected,42,21,2025-06-02 01:00:00,2025-06-02 21:00:00,21,8.13,True,True,17.246658128013706,20.16979416544045,37.41645229345416,0,0,0.1
core_prophet_frozen_s42,prophet,frozen,selected,42,21,2025-06-02 01:00:00,2025-06-02 22:00:00,22,8.39,True,True,14.075419425904926,20.16979416544045,34.245213591345376,0,0,0.1
core_prophet_frozen_s42,prophet,frozen,selected,42,21,2025-06-02 01:00:00,2025-06-02 23:00:00,23,9.32,True,True,8.338120002449642,20.16979416544045,28.507914167890092,0,0,0.1
core_prophet_frozen_s42,prophet,frozen,selected,42,21,2025-06-02 01:00:00,2025-06-03 00:00:00,24,10.74,True,True,1.5904857480188357,20.16979416544045,21.760279913459286,0,0,0.1
core_prophet_frozen_s42,prophet,frozen,selected,42,21,2025-06-02 01:00:00,2025-06-03 01:00:00,25,12.42,True,True,-4.374867259981556,20.16979416544045,15.794926905458894,0,0,0.1
core_prophet_frozen_s42,prophet,frozen,selected,42,21,2025-06-02 01:00:00,2025-06-03 02:00:00,26,13.46,True,True,-4.687900349559044,20.16979416544045,15.481893815881406,0,0,0.1
core_prophet_frozen_s42,prophet,frozen,selected,42,21,2025-06-02 01:00:00,2025-06-03 03:00:00,27,14.42,True,True,-0.0491141368341914,20.16979416544045,20.12068002860626,0,0,0.1
core_prophet_frozen_s42,prophet,frozen,selected,42,21,2025-06-02 01:00:00,2025-06-03 04:00:00,28,12.8,True,True,0.3684015810007963,20.16979416544045,20.538195746441247,0,0,0.1
core_prophet_frozen_s42,prophet,frozen,selected,42,21,2025-06-02 01:00:00,2025-06-03 05:00:00,29,12.03,True,True,4.471151926087032,20.16979416544045,24.640946091527482,0,0,0.1
core_prophet_frozen_s42,prophet,frozen,selected,42,21,2025-06-02 01:00:00,2025-06-03 06:00:00,30,11.27,True,True,4.309526571022616,20.16979416544045,24.479320736463066,0,0,0.1
core_prophet_frozen_s42,prophet,frozen,selected,42,21,2025-06-02 01:00:00,2025-06-03 07:00:00,31,10.46,True,True,-3.340288631794209,20.16979416544045,16.82950553364624,0,0,0.1
core_prophet_frozen_s42,prophet,frozen,selected,42,21,2025-06-02 01:00:00,2025-06-03 08:00:00,32,9.58,True,True,-17.806971384948298,20.16979416544045,2.362822780492152,0,0,0.1
core_prophet_frozen_s42,prophet,frozen,selected,42,21,2025-06-02 01:00:00,2025-06-03 09:00:00,33,8.34,True,True,-35.50206046900274,20.16979416544045,-15.332266303562292,0,0,0.1
core_prophet_frozen_s42,prophet,frozen,selected,42,21,2025-06-02 01:00:00,2025-06-03 10:00:00,34,7.77,True,True,-48.91036979714906,20.16979416544045,-28.74057563170861,0,0,0.1
core_prophet_frozen_s42,prophet,frozen,selected,42,21,2025-06-02 01:00:00,2025-06-03 11:00:00,35,7.91,True,True,-54.17212455922808,20.16979416544045,-34.00233039378763,0,0,0.1
core_prophet_frozen_s42,prophet,frozen,selected,42,21,2025-06-02 01:00:00,2025-06-03 12:00:00,36,8.07,True,True,-52.91891050684785,20.16979416544045,-32.7491163414074,0,0,0.1
core_prophet_frozen_s42,prophet,frozen,selected,42,21,2025-06-02 01:00:00,2025-06-03 13:00:00,37,8.04,True,True,-46.96125624812348,20.16979416544045,-26.791462082683033,0,0,0.1
core_prophet_frozen_s42,prophet,frozen,selected,42,21,2025-06-02 01:00:00,2025-06-03 14:00:00,38,8.34,True,True,-35.808518507104054,20.16979416544045,-15.638724341663604,0,0,0.1
core_prophet_frozen_s42,prophet,frozen,selected,42,21,2025-06-02 01:00:00,2025-06-03 15:00:00,39,8.61,True,True,-23.242858068312927,20.16979416544045,-3.0730639028724767,0,0,0.1
core_prophet_frozen_s42,prophet,frozen,selected,42,21,2025-06-02 01:00:00,2025-06-03 16:00:00,40,8.84,True,True,-11.361743457320388,20.16979416544045,8.808050708120062,0,0,0.1
core_prophet_frozen_s42,prophet,frozen,selected,42,21,2025-06-02 01:00:00,2025-06-03 17:00:00,41,9.51,True,True,0.0546240813820873,20.16979416544045,20.224418246822538,0,0,0.1
core_prophet_frozen_s42,prophet,frozen,selected,42,21,2025-06-02 01:00:00,2025-06-03 18:00:00,42,10.41,True,True,10.138314673752348,20.16979416544045,30.308108839192798,0,0,0.1
core_prophet_frozen_s42,prophet,frozen,selected,42,21,2025-06-02 01:00:00,2025-06-03 19:00:00,43,11.41,True,True,18.78469105808867,20.16979416544045,38.95448522352912,0,0,0.1
core_prophet_frozen_s42,prophet,frozen,selected,42,21,2025-06-02 01:00:00,2025-06-03 20:00:00,44,12.47,True,True,26.230360946278296,20.16979416544045,46.400155111718746,0,0,0.1
core_prophet_frozen_s42,prophet,frozen,selected,42,21,2025-06-02 01:00:00,2025-06-03 21:00:00,45,13.51,True,True,30.639409534959896,20.16979416544045,50.809203700400346,0,0,0.1
core_prophet_frozen_s42,prophet,frozen,selected,42,21,2025-06-02 01:00:00,2025-06-03 22:00:00,46,14.0,True,True,27.987452742116037,20.16979416544045,48.157246907556484,0,0,0.1
core_prophet_frozen_s42,prophet,frozen,selected,42,21,2025-06-02 01:00:00,2025-06-03 23:00:00,47,14.24,True,True,18.65534766512681,20.16979416544045,38.82514183056726,0,0,0.1
core_prophet_frozen_s42,prophet,frozen,selected,42,21,2025-06-02 01:00:00,2025-06-04 00:00:00,48,14.68,True,True,11.168274067474613,20.16979416544045,31.338068232915063,0,0,0.1
core_prophet_frozen_s42,prophet,frozen,selected,42,21,2025-06-02 01:00:00,2025-06-04 01:00:00,49,15.19,True,True,5.224191862189485,20.16979416544045,25.393986027629936,0,0,0.1
core_prophet_frozen_s42,prophet,frozen,selected,42,21,2025-06-02 01:00:00,2025-06-04 02:00:00,50,16.09,True,True,4.8784584371309165,20.16979416544045,25.048252602571367,0,0,0.1
core_prophet_frozen_s42,prophet,frozen,selected,42,21,2025-06-02 01:00:00,2025-06-04 03:00:00,51,19.43,True,True,9.506178393998368,20.16979416544045,29.67597255943882,0,0,0.1
core_prophet_frozen_s42,prophet,frozen,selected,42,21,2025-06-02 01:00:00,2025-06-04 04:00:00,52,11.29,True,True,3.3739577773045824,20.16979416544045,23.543751942745033,0,0,0.1
core_prophet_frozen_s42,prophet,frozen,selected,42,21,2025-06-02 01:00:00,2025-06-04 05:00:00,53,11.63,True,True,6.671916819738186,20.16979416544045,26.841710985178636,0,0,0.1
core_prophet_frozen_s42,prophet,frozen,selected,42,21,2025-06-02 01:00:00,2025-06-04 06:00:00,54,12.87,True,True,7.107371229558055,20.16979416544045,27.277165394998505,0,0,0.1
core_prophet_frozen_s42,prophet,frozen,selected,42,21,2025-06-02 01:00:00,2025-06-04 07:00:00,55,13.31,True,True,0.3109594392902295,20.16979416544045,20.48075360473068,0,0,0.1
core_prophet_frozen_s42,prophet,frozen,selected,42,21,2025-06-02 01:00:00,2025-06-04 08:00:00,56,13.35,True,True,-13.224529293192006,20.16979416544045,6.945264872248444,0,0,0.1
core_prophet_frozen_s42,prophet,frozen,selected,42,21,2025-06-02 01:00:00,2025-06-04 09:00:00,57,13.17,True,True,-29.909748967551906,20.16979416544045,-9.739954802111455,0,0,0.1
core_prophet_frozen_s42,prophet,frozen,selected,42,21,2025-06-02 01:00:00,2025-06-04 10:00:00,58,14.46,True,True,-42.5225363933267,20.16979416544045,-22.352742227886253,0,0,0.1
core_prophet_frozen_s42,prophet,frozen,selected,42,21,2025-06-02 01:00:00,2025-06-04 11:00:00,59,17.07,True,True,-47.8720629511829,20.16979416544045,-27.702268785742447,0,0,0.1
core_prophet_frozen_s42,prophet,frozen,selected,42,21,2025-06-02 01:00:00,2025-06-04 12:00:00,60,19.94,True,True,-47.60920711660188,20.16979416544045,-27.43941295116143,0,0,0.1
core_prophet_frozen_s42,prophet,frozen,selected,42,21,2025-06-02 01:00:00,2025-06-04 13:00:00,61,22.86,True,True,-42.77511058219352,20.16979416544045,-22.60531641675307,0,0,0.1
core_prophet_frozen_s42,prophet,frozen,selected,42,21,2025-06-02 01:00:00,2025-06-04 14:00:00,62,26.36,True,True,-33.70009980511233,20.16979416544045,-13.53030563967188,0,0,0.1
core_prophet_frozen_s42,prophet,frozen,selected,42,21,2025-06-02 01:00:00,2025-06-04 15:00:00,63,29.44,True,True,-23.675606424418987,20.16979416544045,-3.505812258978537,0,0,0.1
core_prophet_frozen_s42,prophet,frozen,selected,42,21,2025-06-02 01:00:00,2025-06-04 16:00:00,64,30.85,True,True,-15.61881622687207,20.16979416544045,4.55097793856838,0,0,0.1
core_prophet_frozen_s42,prophet,frozen,selected,42,21,2025-06-02 01:00:00,2025-06-04 17:00:00,65,31.64,True,True,-6.986266880200162,20.16979416544045,13.183527285240288,0,0,0.1
core_prophet_frozen_s42,prophet,frozen,selected,42,21,2025-06-02 01:00:00,2025-06-04 18:00:00,66,34.21,True,True,1.901609239515864,20.16979416544045,22.071403404956314,0,0,0.1
core_prophet_frozen_s42,prophet,frozen,selected,42,21,2025-06-02 01:00:00,2025-06-04 19:00:00,67,38.51,True,True,10.996384084871837,20.16979416544045,31.166178250312285,0,0,0.1
core_prophet_frozen_s42,prophet,frozen,selected,42,21,2025-06-02 01:00:00,2025-06-04 20:00:00,68,43.42,True,True,19.19769381803988,20.16979416544045,39.36748798348033,0,0,0.1
core_prophet_frozen_s42,prophet,frozen,selected,42,21,2025-06-02 01:00:00,2025-06-04 21:00:00,69,48.58,True,True,24.581432156519327,20.16979416544045,44.75122632195978,0,0,0.1
core_prophet_frozen_s42,prophet,frozen,selected,42,21,2025-06-02 01:00:00,2025-06-04 22:00:00,70,52.49,True,True,26.003268268168995,20.16979416544045,46.173062433609445,0,0,0.1
core_prophet_frozen_s42,prophet,frozen,selected,42,21,2025-06-02 01:00:00,2025-06-04 23:00:00,71,56.1,True,True,23.720361823862447,20.16979416544045,43.8901559893029,0,0,0.1
core_prophet_frozen_s42,prophet,frozen,selected,42,21,2025-06-02 01:00:00,2025-06-05 00:00:00,72,62.38,True,True,19.42055446316735,20.16979416544045,39.5903486286078,0,0,0.1
core_prophet_frozen_s42,prophet,frozen,selected,42,21,2025-06-02 01:00:00,2025-06-05 01:00:00,73,74.59,True,True,16.07734952540801,20.16979416544045,36.24714369084846,0,0,0.1
core_prophet_frozen_s42,prophet,frozen,selected,42,21,2025-06-02 01:00:00,2025-06-05 02:00:00,74,85.38,True,True,17.366730401286475,20.16979416544045,37.536524566726925,0,0,0.1
core_prophet_frozen_s42,prophet,frozen,selected,42,21,2025-06-02 01:00:00,2025-06-05 03:00:00,75,99.4,True,True,23.55076462483052,20.16979416544045,43.72055879027097,0,0,0.1
core_prophet_frozen_s42,prophet,frozen,selected,42,21,2025-06-02 01:00:00,2025-06-05 04:00:00,76,120.44,True,True,29.24445581329149,20.16979416544045,49.414249978731945,0,0,0.1
core_prophet_frozen_s42,prophet,frozen,selected,42,21,2025-06-02 01:00:00,2025-06-05 05:00:00,77,134.36,True,True,32.77094448088806,20.16979416544045,52.94073864632851,0,0,0.1
core_prophet_frozen_s42,prophet,frozen,selected,42,21,2025-06-02 01:00:00,2025-06-05 06:00:00,78,145.41,True,True,31.077788925316757,20.16979416544045,51.2475830907572,0,0,0.1
core_prophet_frozen_s42,prophet,frozen,selected,42,21,2025-06-02 01:00:00,2025-06-05 07:00:00,79,126.95,True,True,18.217304925923912,20.16979416544045,38.38709909136436,0,0,0.1
core_prophet_frozen_s42,prophet,frozen,selected,42,21,2025-06-02 01:00:00,2025-06-05 08:00:00,80,103.9,True,True,0.1675794836445732,20.16979416544045,20.337373649085023,0,0,0.1
core_prophet_frozen_s42,prophet,frozen,selected,42,21,2025-06-02 01:00:00,2025-06-05 09:00:00,81,87.12,True,True,-19.169948168761408,20.16979416544045,0.9998459966790421,0,0,0.1
core_prophet_frozen_s42,prophet,frozen,selected,42,21,2025-06-02 01:00:00,2025-06-05 10:00:00,82,80.59,True,True,-32.47002360655924,20.16979416544045,-12.300229441118788,0,0,0.1
core_prophet_frozen_s42,prophet,frozen,selected,42,21,2025-06-02 01:00:00,2025-06-05 11:00:00,83,81.51,True,True,-37.21427364357044,20.16979416544045,-17.044479478129993,0,0,0.1
core_prophet_frozen_s42,prophet,frozen,selected,42,21,2025-06-02 01:00:00,2025-06-05 12:00:00,84,83.28,True,True,-36.83987872052961,20.16979416544045,-16.67008455508916,0,0,0.1
core_prophet_frozen_s42,prophet,frozen,selected,42,21,2025-06-02 01:00:00,2025-06-05 13:00:00,85,83.0,True,True,-32.33463974240888,20.16979416544045,-12.164845576968432,0,0,0.1
core_prophet_frozen_s42,prophet,frozen,selected,42,21,2025-06-02 01:00:00,2025-06-05 14:00:00,86,83.2,True,True,-24.612295029369847,20.16979416544045,-4.442500863929396,0,0,0.1
core_prophet_frozen_s42,prophet,frozen,selected,42,21,2025-06-02 01:00:00,2025-06-05 15:00:00,87,82.87,True,True,-15.742160976989028,20.16979416544045,4.427633188451422,0,0,0.1
core_prophet_frozen_s42,prophet,frozen,selected,42,21,2025-06-02 01:00:00,2025-06-05 16:00:00,88,81.15,True,True,-8.06704458373514,20.16979416544045,12.10274958170531,0,0,0.1
core_prophet_frozen_s42,prophet,frozen,selected,42,21,2025-06-02 01:00:00,2025-06-05 17:00:00,89,80.3,True,True,-0.8131152418754084,20.16979416544045,19.356678923565042,0,0,0.1
core_prophet_frozen_s42,prophet,frozen,selected,42,21,2025-06-02 01:00:00,2025-06-05 18:00:00,90,80.19,True,True,6.044816100681601,20.16979416544045,26.21461026612205,0,0,0.1
core_prophet_frozen_s42,prophet,frozen,selected,42,21,2025-06-02 01:00:00,2025-06-05 19:00:00,91,80.36,True,True,13.206347412104378,20.16979416544045,33.37614157754483,0,0,0.1
core_prophet_frozen_s42,prophet,frozen,selected,42,21,2025-06-02 01:00:00,2025-06-05 20:00:00,92,82.62,True,True,20.58176703988005,20.16979416544045,40.7515612053205,0,0,0.1
core_prophet_frozen_s42,prophet,frozen,selected,42,21,2025-06-02 01:00:00,2025-06-05 21:00:00,93,86.87,True,True,26.59444575689196,20.16979416544045,46.76423992233241,0,0,0.1
core_prophet_frozen_s42,prophet,frozen,selected,42,21,2025-06-02 01:00:00,2025-06-05 22:00:00,94,90.15,True,True,34.43582448590894,20.16979416544045,54.60561865134939,0,0,0.1
core_prophet_frozen_s42,prophet,frozen,selected,42,21,2025-06-02 01:00:00,2025-06-05 23:00:00,95,92.06,True,True,44.52085375950094,20.16979416544045,64.69064792494139,0,0,0.1
core_prophet_frozen_s42,prophet,frozen,selected,42,21,2025-06-02 01:00:00,2025-06-06 00:00:00,96,92.32,True,True,46.1648877958036,20.16979416544045,66.33468196124406,0,0,0.1
core_prophet_frozen_s42,prophet,frozen,selected,42,21,2025-06-02 01:00:00,2025-06-06 01:00:00,97,92.26,True,True,33.6059139686013,20.16979416544045,53.77570813404175,0,0,0.1
core_prophet_frozen_s42,prophet,frozen,selected,42,21,2025-06-02 01:00:00,2025-06-06 02:00:00,98,87.72,True,True,26.52395920523591,20.16979416544045,46.69375337067636,0,0,0.1
core_prophet_frozen_s42,prophet,frozen,selected,42,21,2025-06-02 01:00:00,2025-06-06 03:00:00,99,84.53,True,True,29.3003742457567,20.16979416544045,49.47016841119715,0,0,0.1
core_prophet_frozen_s42,prophet,frozen,selected,42,21,2025-06-02 01:00:00,2025-06-06 04:00:00,100,92.1,True,True,30.2683534514986,20.16979416544045,50.43814761693905,0,0,0.1
core_prophet_frozen_s42,prophet,frozen,selected,42,21,2025-06-02 01:00:00,2025-06-06 05:00:00,101,97.26,True,True,30.670836834119285,20.16979416544045,50.840630999559735,0,0,0.1
core_prophet_frozen_s42,prophet,frozen,selected,42,21,2025-06-02 01:00:00,2025-06-06 06:00:00,102,101.51,True,True,29.044578321690835,20.16979416544045,49.214372487131286,0,0,0.1
core_prophet_frozen_s42,prophet,frozen,selected,42,21,2025-06-02 01:00:00,2025-06-06 07:00:00,103,94.8,True,True,18.69782959320463,20.16979416544045,38.86762375864508,0,0,0.1
core_prophet_frozen_s42,prophet,frozen,selected,42,21,2025-06-02 01:00:00,2025-06-06 08:00:00,104,86.36,True,True,2.271903673810101,20.16979416544045,22.44169783925055,0,0,0.1
core_prophet_frozen_s42,prophet,frozen,selected,42,21,2025-06-02 01:00:00,2025-06-06 09:00:00,105,84.85,True,True,-15.530436398050284,20.16979416544045,4.639357767390166,0,0,0.1
core_prophet_frozen_s42,prophet,frozen,selected,42,21,2025-06-02 01:00:00,2025-06-06 10:00:00,106,88.51,True,True,-28.77259172471858,20.16979416544045,-8.60279755927813,0,0,0.1
core_prophet_frozen_s42,prophet,frozen,selected,42,21,2025-06-02 01:00:00,2025-06-06 11:00:00,107,95.3,True,True,-34.66609394665295,20.16979416544045,-14.4962997812125,0,0,0.1
core_prophet_frozen_s42,prophet,frozen,selected,42,21,2025-06-02 01:00:00,2025-06-06 12:00:00,108,103.02,True,True,-34.22287615253475,20.16979416544045,-14.053081987094302,0,0,0.1
core_prophet_frozen_s42,prophet,frozen,selected,42,21,2025-06-02 01:00:00,2025-06-06 13:00:00,109,111.17,True,True,-26.56673626533197,20.16979416544045,-6.396942099891518,0,0,0.1
core_prophet_frozen_s42,prophet,frozen,selected,42,21,2025-06-02 01:00:00,2025-06-06 14:00:00,110,122.15,True,True,-12.646226897917389,20.16979416544045,7.523567267523061,0,0,0.1
core_prophet_frozen_s42,prophet,frozen,selected,42,21,2025-06-02 01:00:00,2025-06-06 15:00:00,111,138.37,True,True,2.1629066422320307,20.16979416544045,22.33270080767248,0,0,0.1
core_prophet_frozen_s42,prophet,frozen,selected,42,21,2025-06-02 01:00:00,2025-06-06 16:00:00,112,151.05,True,True,13.957013282665995,20.16979416544045,34.12680744810645,0,0,0.1
core_prophet_frozen_s42,prophet,frozen,selected,42,21,2025-06-02 01:00:00,2025-06-06 17:00:00,113,161.27,True,True,23.804303659848472,20.16979416544045,43.97409782528892,0,0,0.1
core_prophet_frozen_s42,prophet,frozen,selected,42,21,2025-06-02 01:00:00,2025-06-06 18:00:00,114,168.87,True,True,33.461116526660504,20.16979416544045,53.630910692100954,0,0,0.1
core_prophet_frozen_s42,prophet,frozen,selected,42,21,2025-06-02 01:00:00,2025-06-06 19:00:00,115,171.45,True,True,43.30218871275713,20.16979416544045,63.47198287819758,0,0,0.1
core_prophet_frozen_s42,prophet,frozen,selected,42,21,2025-06-02 01:00:00,2025-06-06 20:00:00,116,173.44,True,True,54.51693293277353,20.16979416544045,74.68672709821398,0,0,0.1
core_prophet_frozen_s42,prophet,frozen,selected,42,21,2025-06-02 01:00:00,2025-06-06 21:00:00,117,175.13,True,True,68.74299921869081,20.16979416544045,88.91279338413126,0,0,0.1
core_prophet_frozen_s42,prophet,frozen,selected,42,21,2025-06-02 01:00:00,2025-06-06 22:00:00,118,183.1,True,True,84.46761575443043,20.16979416544045,104.63740991987088,0,0,0.1
core_prophet_frozen_s42,prophet,frozen,selected,42,21,2025-06-02 01:00:00,2025-06-06 23:00:00,119,150.18,True,True,80.55534587218787,20.16979416544045,100.72514003762832,0,0,0.1
core_prophet_frozen_s42,prophet,frozen,selected,42,21,2025-06-02 01:00:00,2025-06-07 00:00:00,120,121.85,True,True,60.87265397112992,20.16979416544045,81.04244813657037,0,0,0.1
core_prophet_frozen_s42,prophet,frozen,selected,42,21,2025-06-02 01:00:00,2025-06-07 01:00:00,121,97.42,True,True,35.49413420005101,20.16979416544045,55.66392836549146,0,0,0.1
core_prophet_frozen_s42,prophet,frozen,selected,42,21,2025-06-02 01:00:00,2025-06-07 02:00:00,122,84.6,True,True,26.35259075621289,20.16979416544045,46.52238492165334,0,0,0.1
core_prophet_frozen_s42,prophet,frozen,selected,42,21,2025-06-02 01:00:00,2025-06-07 03:00:00,123,80.29,True,True,29.08312458189556,20.16979416544045,49.25291874733601,0,0,0.1
core_prophet_frozen_s42,prophet,frozen,selected,42,21,2025-06-02 01:00:00,2025-06-07 04:00:00,124,65.58,True,True,31.736580884876844,20.16979416544045,51.906375050317294,0,0,0.1
core_prophet_frozen_s42,prophet,frozen,selected,42,21,2025-06-02 01:00:00,2025-06-07 05:00:00,125,54.96,True,True,33.610106034914736,20.16979416544045,53.779900200355186,0,0,0.1
core_prophet_frozen_s42,prophet,frozen,selected,42,21,2025-06-02 01:00:00,2025-06-07 06:00:00,126,51.06,True,True,31.669616442245143,20.16979416544045,51.83941060768559,0,0,0.1
core_prophet_frozen_s42,prophet,frozen,selected,42,21,2025-06-02 01:00:00,2025-06-07 07:00:00,127,47.29,True,True,22.523940031461848,20.16979416544045,42.6937341969023,0,0,0.1
core_prophet_frozen_s42,prophet,frozen,selected,42,21,2025-06-02 01:00:00,2025-06-07 08:00:00,128,43.79,True,True,7.394848441041489,20.16979416544045,27.56464260648194,0,0,0.1
core_prophet_frozen_s42,prophet,frozen,selected,42,21,2025-06-02 01:00:00,2025-06-07 09:00:00,129,41.15,True,True,-9.934758171968952,20.16979416544045,10.235035993471499,0,0,0.1
core_prophet_frozen_s42,prophet,frozen,selected,42,21,2025-06-02 01:00:00,2025-06-07 10:00:00,130,39.25,True,True,-24.17206173351883,20.16979416544045,-4.002267568078381,0,0,0.1
core_prophet_frozen_s42,prophet,frozen,selected,42,21,2025-06-02 01:00:00,2025-06-07 11:00:00,131,38.59,True,True,-31.803588576334192,20.16979416544045,-11.633794410893742,0,0,0.1
core_prophet_frozen_s42,prophet,frozen,selected,42,21,2025-06-02 01:00:00,2025-06-07 12:00:00,132,39.35,True,True,-32.431696612355495,20.16979416544045,-12.261902446915045,0,0,0.1
core_prophet_frozen_s42,prophet,frozen,selected,42,21,2025-06-02 01:00:00,2025-06-07 13:00:00,133,42.39,True,True,-24.890359749760847,20.16979416544045,-4.720565584320397,0,0,0.1
core_prophet_frozen_s42,prophet,frozen,selected,42,21,2025-06-02 01:00:00,2025-06-07 14:00:00,134,48.36,True,True,-10.89346587493364,20.16979416544045,9.276328290506811,0,0,0.1
core_prophet_frozen_s42,prophet,frozen,selected,42,21,2025-06-02 01:00:00,2025-06-07 15:00:00,135,56.86,True,True,4.047596772765132,20.16979416544045,24.217390938205583,0,0,0.1
core_prophet_frozen_s42,prophet,frozen,selected,42,21,2025-06-02 01:00:00,2025-06-07 16:00:00,136,67.42,True,True,16.3175154464586,20.16979416544045,36.48730961189905,0,0,0.1
core_prophet_frozen_s42,prophet,frozen,selected,42,21,2025-06-02 01:00:00,2025-06-07 17:00:00,137,80.18,True,True,27.514551852402064,20.16979416544045,47.684346017842515,0,0,0.1
core_prophet_frozen_s42,prophet,frozen,selected,42,21,2025-06-02 01:00:00,2025-06-07 18:00:00,138,94.26,True,True,38.43310183190479,20.16979416544045,58.60289599734524,0,0,0.1
core_prophet_frozen_s42,prophet,frozen,selected,42,21,2025-06-02 01:00:00,2025-06-07 19:00:00,139,106.22,True,True,48.719239690896615,20.16979416544045,68.88903385633706,0,0,0.1
core_prophet_frozen_s42,prophet,frozen,selected,42,21,2025-06-02 01:00:00,2025-06-07 20:00:00,140,116.89,True,True,58.1431695094924,20.16979416544045,78.31296367493286,0,0,0.1
core_prophet_frozen_s42,prophet,frozen,selected,42,21,2025-06-02 01:00:00,2025-06-07 21:00:00,141,128.1,True,True,64.94810336537964,20.16979416544045,85.11789753082009,0,0,0.1
core_prophet_frozen_s42,prophet,frozen,selected,42,21,2025-06-02 01:00:00,2025-06-07 22:00:00,142,138.62,True,True,67.35451341337938,20.16979416544045,87.52430757881983,0,0,0.1
core_prophet_frozen_s42,prophet,frozen,selected,42,21,2025-06-02 01:00:00,2025-06-07 23:00:00,143,147.74,True,True,64.95071541751452,20.16979416544045,85.12050958295497,0,0,0.1
core_prophet_frozen_s42,prophet,frozen,selected,42,21,2025-06-02 01:00:00,2025-06-08 00:00:00,144,154.85,True,True,60.40656583875992,20.16979416544045,80.57636000420037,0,0,0.1
core_prophet_frozen_s42,prophet,frozen,selected,42,21,2025-06-02 01:00:00,2025-06-08 01:00:00,145,171.91,True,True,44.64262916415831,20.16979416544045,64.81242332959876,0,0,0.1
core_prophet_frozen_s42,prophet,frozen,selected,42,21,2025-06-02 01:00:00,2025-06-08 02:00:00,146,172.97,True,True,40.89184056877011,20.16979416544045,61.06163473421056,0,0,0.1
core_prophet_frozen_s42,prophet,frozen,selected,42,21,2025-06-02 01:00:00,2025-06-08 03:00:00,147,180.31,True,True,44.55538894854271,20.16979416544045,64.72518311398316,0,0,0.1
core_prophet_frozen_s42,prophet,frozen,selected,42,21,2025-06-02 01:00:00,2025-06-08 04:00:00,148,104.44,True,True,30.75548711264668,20.16979416544045,50.92528127808713,0,0,0.1
core_prophet_frozen_s42,prophet,frozen,selected,42,21,2025-06-02 01:00:00,2025-06-08 05:00:00,149,74.95,True,True,28.210567421251312,20.16979416544045,48.38036158669176,0,0,0.1
core_prophet_frozen_s42,prophet,frozen,selected,42,21,2025-06-02 01:00:00,2025-06-08 06:00:00,150,72.65,True,True,27.016917053478096,20.16979416544045,47.186711218918546,0,0,0.1
core_prophet_frozen_s42,prophet,frozen,selected,42,21,2025-06-02 01:00:00,2025-06-08 07:00:00,151,75.11,True,True,19.44013176772896,20.16979416544045,39.60992593316941,0,0,0.1
core_prophet_frozen_s42,prophet,frozen,selected,42,21,2025-06-02 01:00:00,2025-06-08 08:00:00,152,77.15,True,True,5.020064083309876,20.16979416544045,25.189858248750326,0,0,0.1
core_prophet_frozen_s42,prophet,frozen,selected,42,21,2025-06-02 01:00:00,2025-06-08 09:00:00,153,78.52,True,True,-12.5000244707509,20.16979416544045,7.669769694689551,0,0,0.1
core_prophet_frozen_s42,prophet,frozen,selected,42,21,2025-06-02 01:00:00,2025-06-08 10:00:00,154,81.02,True,True,-23.91145929080571,20.16979416544045,-3.741665125365259,0,0,0.1
core_prophet_frozen_s42,prophet,frozen,selected,42,21,2025-06-02 01:00:00,2025-06-08 11:00:00,155,84.05,True,True,-27.85554909919153,20.16979416544045,-7.685754933751081,0,0,0.1
core_prophet_frozen_s42,prophet,frozen,selected,42,21,2025-06-02 01:00:00,2025-06-08 12:00:00,156,86.65,True,True,-26.838907731529844,20.16979416544045,-6.669113566089393,0,0,0.1
core_prophet_frozen_s42,prophet,frozen,selected,42,21,2025-06-02 01:00:00,2025-06-08 13:00:00,157,88.71,True,True,-21.40925060208218,20.16979416544045,-1.2394564366417313,0,0,0.1
core_prophet_frozen_s42,prophet,frozen,selected,42,21,2025-06-02 01:00:00,2025-06-08 14:00:00,158,93.2,True,True,-11.9976674184864,20.16979416544045,8.172126746954051,0,0,0.1
core_prophet_frozen_s42,prophet,frozen,selected,42,21,2025-06-02 01:00:00,2025-06-08 15:00:00,159,97.43,True,True,-1.2716031961058434,20.16979416544045,18.898190969334607,0,0,0.1
core_prophet_frozen_s42,prophet,frozen,selected,42,21,2025-06-02 01:00:00,2025-06-08 16:00:00,160,98.75,True,True,7.425472944817187,20.16979416544045,27.595267110257637,0,0,0.1
core_prophet_frozen_s42,prophet,frozen,selected,42,21,2025-06-02 01:00:00,2025-06-08 17:00:00,161,99.91,True,True,15.845710376248462,20.16979416544045,36.01550454168891,0,0,0.1
core_prophet_frozen_s42,prophet,frozen,selected,42,21,2025-06-02 01:00:00,2025-06-08 18:00:00,162,100.83,True,True,24.078314490762125,20.16979416544045,44.248108656202575,0,0,0.1
core_prophet_frozen_s42,prophet,frozen,selected,42,21,2025-06-02 01:00:00,2025-06-08 19:00:00,163,101.08,True,True,32.18049164243487,20.16979416544045,52.35028580787532,0,0,0.1
core_prophet_frozen_s42,prophet,frozen,selected,42,21,2025-06-02 01:00:00,2025-06-08 20:00:00,164,102.18,True,True,38.96318604264479,20.16979416544045,59.13298020808524,0,0,0.1
core_prophet_frozen_s42,prophet,frozen,selected,42,21,2025-06-02 01:00:00,2025-06-08 21:00:00,165,104.27,True,True,42.21575741618787,20.16979416544045,62.38555158162832,0,0,0.1
core_prophet_frozen_s42,prophet,frozen,selected,42,21,2025-06-02 01:00:00,2025-06-08 22:00:00,166,108.48,True,True,39.55476307473055,20.16979416544045,59.724557240171,0,0,0.1
core_prophet_frozen_s42,prophet,frozen,selected,42,21,2025-06-02 01:00:00,2025-06-08 23:00:00,167,114.67,True,True,35.03219499133246,20.16979416544045,55.20198915677291,0,0,0.1
core_prophet_frozen_s42,prophet,frozen,selected,42,21,2025-06-02 01:00:00,2025-06-09 00:00:00,168,126.33,True,True,29.497592577565,20.16979416544045,49.66738674300545,0,0,0.1
core_prophet_frozen_s42,prophet,frozen,selected,42,22,2025-06-09 01:00:00,2025-06-09 01:00:00,1,158.34,True,True,23.64704921278434,24.200911254946497,47.847960467730836,0,0,0.1
core_prophet_frozen_s42,prophet,frozen,selected,42,22,2025-06-09 01:00:00,2025-06-09 02:00:00,2,176.42,True,True,24.58494654231956,24.200911254946497,48.78585779726606,0,0,0.1
core_prophet_frozen_s42,prophet,frozen,selected,42,22,2025-06-09 01:00:00,2025-06-09 03:00:00,3,191.92,True,True,30.021304224122105,24.200911254946497,54.2222154790686,0,0,0.1
core_prophet_frozen_s42,prophet,frozen,selected,42,22,2025-06-09 01:00:00,2025-06-09 04:00:00,4,171.79,True,True,32.03227931178358,24.200911254946497,56.23319056673008,0,0,0.1
core_prophet_frozen_s42,prophet,frozen,selected,42,22,2025-06-09 01:00:00,2025-06-09 05:00:00,5,142.8,True,True,33.4633724602385,24.200911254946497,57.664283715185,0,0,0.1
core_prophet_frozen_s42,prophet,frozen,selected,42,22,2025-06-09 01:00:00,2025-06-09 06:00:00,6,122.66,True,True,31.2702610231012,24.200911254946497,55.471172278047696,0,0,0.1
core_prophet_frozen_s42,prophet,frozen,selected,42,22,2025-06-09 01:00:00,2025-06-09 07:00:00,7,83.41,True,True,17.090557139780998,24.200911254946497,41.291468394727495,0,0,0.1
core_prophet_frozen_s42,prophet,frozen,selected,42,22,2025-06-09 01:00:00,2025-06-09 08:00:00,8,47.78,True,True,-4.764068312730586,24.200911254946497,19.43684294221591,0,0,0.1
core_prophet_frozen_s42,prophet,frozen,selected,42,22,2025-06-09 01:00:00,2025-06-09 09:00:00,9,29.72,True,True,-26.242211427691583,24.200911254946497,-2.0413001727450855,0,0,0.1
core_prophet_frozen_s42,prophet,frozen,selected,42,22,2025-06-09 01:00:00,2025-06-09 10:00:00,10,23.67,True,True,-40.86547995189116,24.200911254946497,-16.664568696944663,0,0,0.1
core_prophet_frozen_s42,prophet,frozen,selected,42,22,2025-06-09 01:00:00,2025-06-09 11:00:00,11,26.68,True,True,-42.34423781934106,24.200911254946497,-18.143326564394563,0,0,0.1
core_prophet_frozen_s42,prophet,frozen,selected,42,22,2025-06-09 01:00:00,2025-06-09 12:00:00,12,34.32,True,True,-31.01525571062055,24.200911254946497,-6.814344455674053,0,0,0.1
core_prophet_frozen_s42,prophet,frozen,selected,42,22,2025-06-09 01:00:00,2025-06-09 13:00:00,13,44.57,True,True,-11.472415376093297,24.200911254946497,12.7284958788532,0,0,0.1
core_prophet_frozen_s42,prophet,frozen,selected,42,22,2025-06-09 01:00:00,2025-06-09 14:00:00,14,50.09,True,True,7.675104765476988,24.200911254946497,31.876016020423485,0,0,0.1
core_prophet_frozen_s42,prophet,frozen,selected,42,22,2025-06-09 01:00:00,2025-06-09 15:00:00,15,42.91,True,True,14.887962624343658,24.200911254946497,39.088873879290155,0,0,0.1
core_prophet_frozen_s42,prophet,frozen,selected,42,22,2025-06-09 01:00:00,2025-06-09 16:00:00,16,20.31,True,True,4.932801558855687,24.200911254946497,29.133712813802184,0,0,0.1
core_prophet_frozen_s42,prophet,frozen,selected,42,22,2025-06-09 01:00:00,2025-06-09 17:00:00,17,10.7,True,True,6.690251814175866,24.200911254946497,30.891163069122364,0,0,0.1
core_prophet_frozen_s42,prophet,frozen,selected,42,22,2025-06-09 01:00:00,2025-06-09 18:00:00,18,7.82,True,True,12.880073777694662,24.200911254946497,37.08098503264116,0,0,0.1
core_prophet_frozen_s42,prophet,frozen,selected,42,22,2025-06-09 01:00:00,2025-06-09 19:00:00,19,7.85,True,True,21.275917164316525,24.200911254946497,45.47682841926302,0,0,0.1
core_prophet_frozen_s42,prophet,frozen,selected,42,22,2025-06-09 01:00:00,2025-06-09 20:00:00,20,9.45,True,True,30.828598775842774,24.200911254946497,55.02951003078927,0,0,0.1
core_prophet_frozen_s42,prophet,frozen,selected,42,22,2025-06-09 01:00:00,2025-06-09 21:00:00,21,12.06,True,True,37.79484573049229,24.200911254946497,61.99575698543879,0,0,0.1
core_prophet_frozen_s42,prophet,frozen,selected,42,22,2025-06-09 01:00:00,2025-06-09 22:00:00,22,14.91,True,True,38.19323011044946,24.200911254946497,62.39414136539596,0,0,0.1
core_prophet_frozen_s42,prophet,frozen,selected,42,22,2025-06-09 01:00:00,2025-06-09 23:00:00,23,17.74,True,True,29.504453932646243,24.200911254946497,53.70536518759274,0,0,0.1
core_prophet_frozen_s42,prophet,frozen,selected,42,22,2025-06-09 01:00:00,2025-06-10 00:00:00,24,20.22,True,True,20.25524662441228,24.200911254946497,44.45615787935878,0,0,0.1
core_prophet_frozen_s42,prophet,frozen,selected,42,22,2025-06-09 01:00:00,2025-06-10 01:00:00,25,23.79,True,True,11.568147184357684,24.200911254946497,35.76905843930418,0,0,0.1
core_prophet_frozen_s42,prophet,frozen,selected,42,22,2025-06-09 01:00:00,2025-06-10 02:00:00,26,26.6,True,True,10.229271192727794,24.200911254946497,34.43018244767429,0,0,0.1
core_prophet_frozen_s42,prophet,frozen,selected,42,22,2025-06-09 01:00:00,2025-06-10 03:00:00,27,29.32,True,True,13.030180020216308,24.200911254946497,37.231091275162804,0,0,0.1
core_prophet_frozen_s42,prophet,frozen,selected,42,22,2025-06-09 01:00:00,2025-06-10 04:00:00,28,15.98,True,True,6.48862719294155,24.200911254946497,30.689538447888047,0,0,0.1
core_prophet_frozen_s42,prophet,frozen,selected,42,22,2025-06-09 01:00:00,2025-06-10 05:00:00,29,15.15,True,True,7.888663110865338,24.200911254946497,32.089574365811835,0,0,0.1
core_prophet_frozen_s42,prophet,frozen,selected,42,22,2025-06-09 01:00:00,2025-06-10 06:00:00,30,15.29,True,True,7.230244420147812,24.200911254946497,31.43115567509431,0,0,0.1
core_prophet_frozen_s42,prophet,frozen,selected,42,22,2025-06-09 01:00:00,2025-06-10 07:00:00,31,14.77,True,True,-0.369604914154138,24.200911254946497,23.83130634079236,0,0,0.1
core_prophet_frozen_s42,prophet,frozen,selected,42,22,2025-06-09 01:00:00,2025-06-10 08:00:00,32,14.31,True,True,-14.699604363058626,24.200911254946497,9.501306891887872,0,0,0.1
core_prophet_frozen_s42,prophet,frozen,selected,42,22,2025-06-09 01:00:00,2025-06-10 09:00:00,33,14.16,True,True,-32.13286586482491,24.200911254946497,-7.93195460987841,0,0,0.1
core_prophet_frozen_s42,prophet,frozen,selected,42,22,2025-06-09 01:00:00,2025-06-10 10:00:00,34,15.65,True,True,-43.554238209096326,24.200911254946497,-19.35332695414983,0,0,0.1
core_prophet_frozen_s42,prophet,frozen,selected,42,22,2025-06-09 01:00:00,2025-06-10 11:00:00,35,18.42,True,True,-46.15826989515927,24.200911254946497,-21.957358640212775,0,0,0.1
core_prophet_frozen_s42,prophet,frozen,selected,42,22,2025-06-09 01:00:00,2025-06-10 12:00:00,36,21.21,True,True,-43.49226595505479,24.200911254946497,-19.291354700108293,0,0,0.1
core_prophet_frozen_s42,prophet,frozen,selected,42,22,2025-06-09 01:00:00,2025-06-10 13:00:00,37,23.4,True,True,-37.435919080713575,24.200911254946497,-13.235007825767077,0,0,0.1
core_prophet_frozen_s42,prophet,frozen,selected,42,22,2025-06-09 01:00:00,2025-06-10 14:00:00,38,25.6,True,True,-28.456921599190224,24.200911254946497,-4.256010344243727,0,0,0.1
core_prophet_frozen_s42,prophet,frozen,selected,42,22,2025-06-09 01:00:00,2025-06-10 15:00:00,39,27.41,True,True,-19.9487293690095,24.200911254946497,4.252181885936999,0,0,0.1
core_prophet_frozen_s42,prophet,frozen,selected,42,22,2025-06-09 01:00:00,2025-06-10 16:00:00,40,28.68,True,True,-14.15452832541797,24.200911254946497,10.046382929528527,0,0,0.1
core_prophet_frozen_s42,prophet,frozen,selected,42,22,2025-06-09 01:00:00,2025-06-10 17:00:00,41,30.87,True,True,-4.859286472928801,24.200911254946497,19.341624782017696,0,0,0.1
core_prophet_frozen_s42,prophet,frozen,selected,42,22,2025-06-09 01:00:00,2025-06-10 18:00:00,42,33.03,True,True,4.342717933539063,24.200911254946497,28.54362918848556,0,0,0.1
core_prophet_frozen_s42,prophet,frozen,selected,42,22,2025-06-09 01:00:00,2025-06-10 19:00:00,43,35.11,True,True,13.430927592429128,24.200911254946497,37.631838847375626,0,0,0.1
core_prophet_frozen_s42,prophet,frozen,selected,42,22,2025-06-09 01:00:00,2025-06-10 20:00:00,44,37.22,True,True,21.798471926997763,24.200911254946497,45.99938318194426,0,0,0.1
core_prophet_frozen_s42,prophet,frozen,selected,42,22,2025-06-09 01:00:00,2025-06-10 21:00:00,45,39.44,True,True,27.75278707143445,24.200911254946497,51.953698326380945,0,0,0.1
core_prophet_frozen_s42,prophet,frozen,selected,42,22,2025-06-09 01:00:00,2025-06-10 22:00:00,46,40.92,True,True,29.010757619730956,24.200911254946497,53.21166887467746,0,0,0.1
core_prophet_frozen_s42,prophet,frozen,selected,42,22,2025-06-09 01:00:00,2025-06-10 23:00:00,47,42.62,True,True,24.934795431359333,24.200911254946497,49.13570668630583,0,0,0.1
core_prophet_frozen_s42,prophet,frozen,selected,42,22,2025-06-09 01:00:00,2025-06-11 00:00:00,48,46.18,True,True,18.95520550229321,24.200911254946497,43.15611675723971,0,0,0.1
core_prophet_frozen_s42,prophet,frozen,selected,42,22,2025-06-09 01:00:00,2025-06-11 01:00:00,49,60.26,True,True,9.828354933636833,24.200911254946497,34.02926618858333,0,0,0.1
core_prophet_frozen_s42,prophet,frozen,selected,42,22,2025-06-09 01:00:00,2025-06-11 02:00:00,50,75.14,True,True,9.61021593316758,24.200911254946497,33.81112718811408,0,0,0.1
core_prophet_frozen_s42,prophet,frozen,selected,42,22,2025-06-09 01:00:00,2025-06-11 03:00:00,51,98.09,True,True,14.115530251343216,24.200911254946497,38.31644150628971,0,0,0.1
core_prophet_frozen_s42,prophet,frozen,selected,42,22,2025-06-09 01:00:00,2025-06-11 04:00:00,52,84.17,True,True,10.953806947733682,24.200911254946497,35.15471820268018,0,0,0.1
core_prophet_frozen_s42,prophet,frozen,selected,42,22,2025-06-09 01:00:00,2025-06-11 05:00:00,53,78.78,True,True,15.216693554641722,24.200911254946497,39.41760480958822,0,0,0.1
core_prophet_frozen_s42,prophet,frozen,selected,42,22,2025-06-09 01:00:00,2025-06-11 06:00:00,54,84.32,True,True,16.59225871528875,24.200911254946497,40.79316997023525,0,0,0.1
core_prophet_frozen_s42,prophet,frozen,selected,42,22,2025-06-09 01:00:00,2025-06-11 07:00:00,55,91.92,True,True,10.83993527309164,24.200911254946497,35.04084652803814,0,0,0.1
core_prophet_frozen_s42,prophet,frozen,selected,42,22,2025-06-09 01:00:00,2025-06-11 08:00:00,56,97.34,True,True,-2.032155363095171,24.200911254946497,22.168755891851326,0,0,0.1
core_prophet_frozen_s42,prophet,frozen,selected,42,22,2025-06-09 01:00:00,2025-06-11 09:00:00,57,99.94,True,True,-18.36595307537777,24.200911254946497,5.834958179568726,0,0,0.1
core_prophet_frozen_s42,prophet,frozen,selected,42,22,2025-06-09 01:00:00,2025-06-11 10:00:00,58,101.17,True,True,-31.647733242820948,24.200911254946497,-7.446821987874451,0,0,0.1
core_prophet_frozen_s42,prophet,frozen,selected,42,22,2025-06-09 01:00:00,2025-06-11 11:00:00,59,101.84,True,True,-38.81335261841943,24.200911254946497,-14.612441363472932,0,0,0.1
core_prophet_frozen_s42,prophet,frozen,selected,42,22,2025-06-09 01:00:00,2025-06-11 12:00:00,60,101.79,True,True,-40.32460687137262,24.200911254946497,-16.123695616426126,0,0,0.1
core_prophet_frozen_s42,prophet,frozen,selected,42,22,2025-06-09 01:00:00,2025-06-11 13:00:00,61,99.36,True,True,-36.95725244992349,24.200911254946497,-12.75634119497699,0,0,0.1
core_prophet_frozen_s42,prophet,frozen,selected,42,22,2025-06-09 01:00:00,2025-06-11 14:00:00,62,96.72,True,True,-29.41830030275267,24.200911254946497,-5.217389047806172,0,0,0.1
core_prophet_frozen_s42,prophet,frozen,selected,42,22,2025-06-09 01:00:00,2025-06-11 15:00:00,63,92.8,True,True,-20.46883880714401,24.200911254946497,3.732072447802487,0,0,0.1
core_prophet_frozen_s42,prophet,frozen,selected,42,22,2025-06-09 01:00:00,2025-06-11 16:00:00,64,86.85,True,True,-12.63687520823649,24.200911254946497,11.564036046710008,0,0,0.1
core_prophet_frozen_s42,prophet,frozen,selected,42,22,2025-06-09 01:00:00,2025-06-11 17:00:00,65,81.91,True,True,-4.89723782089311,24.200911254946497,19.303673434053387,0,0,0.1
core_prophet_frozen_s42,prophet,frozen,selected,42,22,2025-06-09 01:00:00,2025-06-11 18:00:00,66,79.52,True,True,3.128345864487841,24.200911254946497,27.329257119434338,0,0,0.1
core_prophet_frozen_s42,prophet,frozen,selected,42,22,2025-06-09 01:00:00,2025-06-11 19:00:00,67,79.06,True,True,11.046999825486807,24.200911254946497,35.247911080433305,0,0,0.1
core_prophet_frozen_s42,prophet,frozen,selected,42,22,2025-06-09 01:00:00,2025-06-11 20:00:00,68,79.5,True,True,17.975430481357165,24.200911254946497,42.17634173630366,0,0,0.1
core_prophet_frozen_s42,prophet,frozen,selected,42,22,2025-06-09 01:00:00,2025-06-11 21:00:00,69,79.85,True,True,22.202041950085917,24.200911254946497,46.40295320503242,0,0,0.1
core_prophet_frozen_s42,prophet,frozen,selected,42,22,2025-06-09 01:00:00,2025-06-11 22:00:00,70,75.8,True,True,22.663833608488773,24.200911254946497,46.86474486343527,0,0,0.1
core_prophet_frozen_s42,prophet,frozen,selected,42,22,2025-06-09 01:00:00,2025-06-11 23:00:00,71,68.71,True,True,19.513309619347098,24.200911254946497,43.714220874293595,0,0,0.1
core_prophet_frozen_s42,prophet,frozen,selected,42,22,2025-06-09 01:00:00,2025-06-12 00:00:00,72,62.9,True,True,14.234908306152164,24.200911254946497,38.43581956109866,0,0,0.1
core_prophet_frozen_s42,prophet,frozen,selected,42,22,2025-06-09 01:00:00,2025-06-12 01:00:00,73,59.25,True,True,9.630343730181153,24.200911254946497,33.83125498512765,0,0,0.1
core_prophet_frozen_s42,prophet,frozen,selected,42,22,2025-06-09 01:00:00,2025-06-12 02:00:00,74,59.6,True,True,9.13302280478618,24.200911254946497,33.33393405973268,0,0,0.1
core_prophet_frozen_s42,prophet,frozen,selected,42,22,2025-06-09 01:00:00,2025-06-12 03:00:00,75,66.62,True,True,13.453266183877048,24.200911254946497,37.654177438823545,0,0,0.1
core_prophet_frozen_s42,prophet,frozen,selected,42,22,2025-06-09 01:00:00,2025-06-12 04:00:00,76,73.98,True,True,20.847909202780727,24.200911254946497,45.048820457727224,0,0,0.1
core_prophet_frozen_s42,prophet,frozen,selected,42,22,2025-06-09 01:00:00,2025-06-12 05:00:00,77,75.26,True,True,26.50187527975729,24.200911254946497,50.70278653470379,0,0,0.1
core_prophet_frozen_s42,prophet,frozen,selected,42,22,2025-06-09 01:00:00,2025-06-12 06:00:00,78,73.21,True,True,26.399729580898,24.200911254946497,50.6006408358445,0,0,0.1
core_prophet_frozen_s42,prophet,frozen,selected,42,22,2025-06-09 01:00:00,2025-06-12 07:00:00,79,72.03,True,True,18.518439259682395,24.200911254946497,42.71935051462889,0,0,0.1
core_prophet_frozen_s42,prophet,frozen,selected,42,22,2025-06-09 01:00:00,2025-06-12 08:00:00,80,72.25,True,True,3.992284095459155,24.200911254946497,28.193195350405652,0,0,0.1
core_prophet_frozen_s42,prophet,frozen,selected,42,22,2025-06-09 01:00:00,2025-06-12 09:00:00,81,74.2,True,True,-13.430719930869913,24.200911254946497,10.770191324076585,0,0,0.1
core_prophet_frozen_s42,prophet,frozen,selected,42,22,2025-06-09 01:00:00,2025-06-12 10:00:00,82,76.94,True,True,-27.785715458753486,24.200911254946497,-3.584804203806989,0,0,0.1
core_prophet_frozen_s42,prophet,frozen,selected,42,22,2025-06-09 01:00:00,2025-06-12 11:00:00,83,79.41,True,True,-35.614735480189466,24.200911254946497,-11.41382422524297,0,0,0.1
core_prophet_frozen_s42,prophet,frozen,selected,42,22,2025-06-09 01:00:00,2025-06-12 12:00:00,84,80.37,True,True,-37.84470199096171,24.200911254946497,-13.643790736015212,0,0,0.1
core_prophet_frozen_s42,prophet,frozen,selected,42,22,2025-06-09 01:00:00,2025-06-12 13:00:00,85,78.5,True,True,-35.6080227417273,24.200911254946497,-11.4071114867808,0,0,0.1
core_prophet_frozen_s42,prophet,frozen,selected,42,22,2025-06-09 01:00:00,2025-06-12 14:00:00,86,75.41,True,True,-29.732713330455567,24.200911254946497,-5.53180207550907,0,0,0.1
core_prophet_frozen_s42,prophet,frozen,selected,42,22,2025-06-09 01:00:00,2025-06-12 15:00:00,87,70.32,True,True,-22.99125856179299,24.200911254946497,1.209652693153508,0,0,0.1
core_prophet_frozen_s42,prophet,frozen,selected,42,22,2025-06-09 01:00:00,2025-06-12 16:00:00,88,64.01,True,True,-16.883481629444788,24.200911254946497,7.31742962550171,0,0,0.1
core_prophet_frozen_s42,prophet,frozen,selected,42,22,2025-06-09 01:00:00,2025-06-12 17:00:00,89,60.76,True,True,-9.9818711122102,24.200911254946497,14.219040142736297,0,0,0.1
core_prophet_frozen_s42,prophet,frozen,selected,42,22,2025-06-09 01:00:00,2025-06-12 18:00:00,90,60.36,True,True,-2.4601061048173847,24.200911254946497,21.740805150129113,0,0,0.1
core_prophet_frozen_s42,prophet,frozen,selected,42,22,2025-06-09 01:00:00,2025-06-12 19:00:00,91,61.03,True,True,5.52036180543999,24.200911254946497,29.721273060386487,0,0,0.1
core_prophet_frozen_s42,prophet,frozen,selected,42,22,2025-06-09 01:00:00,2025-06-12 20:00:00,92,62.91,True,True,13.326905286097656,24.200911254946497,37.52781654104415,0,0,0.1
core_prophet_frozen_s42,prophet,frozen,selected,42,22,2025-06-09 01:00:00,2025-06-12 21:00:00,93,64.59,True,True,18.788635456432417,24.200911254946497,42.989546711378914,0,0,0.1
core_prophet_frozen_s42,prophet,frozen,selected,42,22,2025-06-09 01:00:00,2025-06-12 22:00:00,94,64.79,True,True,20.549609569295114,24.200911254946497,44.75052082424161,0,0,0.1
core_prophet_frozen_s42,prophet,frozen,selected,42,22,2025-06-09 01:00:00,2025-06-12 23:00:00,95,63.91,True,True,19.24418611148857,24.200911254946497,43.445097366435064,0,0,0.1
core_prophet_frozen_s42,prophet,frozen,selected,42,22,2025-06-09 01:00:00,2025-06-13 00:00:00,96,63.63,True,True,14.997402721153236,24.200911254946497,39.19831397609973,0,0,0.1
core_prophet_frozen_s42,prophet,frozen,selected,42,22,2025-06-09 01:00:00,2025-06-13 01:00:00,97,66.41,True,True,10.15404914767447,24.200911254946497,34.35496040262097,0,0,0.1
core_prophet_frozen_s42,prophet,frozen,selected,42,22,2025-06-09 01:00:00,2025-06-13 02:00:00,98,71.33,True,True,11.326596632485632,24.200911254946497,35.52750788743213,0,0,0.1
core_prophet_frozen_s42,prophet,frozen,selected,42,22,2025-06-09 01:00:00,2025-06-13 03:00:00,99,82.48,True,True,17.24315076808338,24.200911254946497,41.44406202302988,0,0,0.1
core_prophet_frozen_s42,prophet,frozen,selected,42,22,2025-06-09 01:00:00,2025-06-13 04:00:00,100,94.66,True,True,26.247441425239828,24.200911254946497,50.448352680186325,0,0,0.1
core_prophet_frozen_s42,prophet,frozen,selected,42,22,2025-06-09 01:00:00,2025-06-13 05:00:00,101,95.64,True,True,34.07699594192081,24.200911254946497,58.27790719686731,0,0,0.1
core_prophet_frozen_s42,prophet,frozen,selected,42,22,2025-06-09 01:00:00,2025-06-13 06:00:00,102,89.85,True,True,36.2489330045338,24.200911254946497,60.449844259480294,0,0,0.1
core_prophet_frozen_s42,prophet,frozen,selected,42,22,2025-06-09 01:00:00,2025-06-13 07:00:00,103,85.13,True,True,30.15510472457393,24.200911254946497,54.35601597952043,0,0,0.1
core_prophet_frozen_s42,prophet,frozen,selected,42,22,2025-06-09 01:00:00,2025-06-13 08:00:00,104,81.83,True,True,16.13086096573383,24.200911254946497,40.33177222068033,0,0,0.1
core_prophet_frozen_s42,prophet,frozen,selected,42,22,2025-06-09 01:00:00,2025-06-13 09:00:00,105,80.16,True,True,-0.7927470808337205,24.200911254946497,23.408164174112777,0,0,0.1
core_prophet_frozen_s42,prophet,frozen,selected,42,22,2025-06-09 01:00:00,2025-06-13 10:00:00,106,81.73,True,True,-9.292690551315276,24.200911254946497,14.90822070363122,0,0,0.1
core_prophet_frozen_s42,prophet,frozen,selected,42,22,2025-06-09 01:00:00,2025-06-13 11:00:00,107,85.72,True,True,-8.789377004048077,24.200911254946497,15.41153425089842,0,0,0.1
core_prophet_frozen_s42,prophet,frozen,selected,42,22,2025-06-09 01:00:00,2025-06-13 12:00:00,108,89.84,True,True,-3.7233252589041967,24.200911254946497,20.4775859960423,0,0,0.1
core_prophet_frozen_s42,prophet,frozen,selected,42,22,2025-06-09 01:00:00,2025-06-13 13:00:00,109,93.15,True,True,4.041586045019272,24.200911254946497,28.24249729996577,0,0,0.1
core_prophet_frozen_s42,prophet,frozen,selected,42,22,2025-06-09 01:00:00,2025-06-13 14:00:00,110,96.12,True,True,13.375774697179397,24.200911254946497,37.57668595212589,0,0,0.1
core_prophet_frozen_s42,prophet,frozen,selected,42,22,2025-06-09 01:00:00,2025-06-13 15:00:00,111,96.41,True,True,20.75916661488625,24.200911254946497,44.960077869832745,0,0,0.1
core_prophet_frozen_s42,prophet,frozen,selected,42,22,2025-06-09 01:00:00,2025-06-13 16:00:00,112,93.86,True,True,17.473288876353053,24.200911254946497,41.67420013129955,0,0,0.1
core_prophet_frozen_s42,prophet,frozen,selected,42,22,2025-06-09 01:00:00,2025-06-13 17:00:00,113,83.3,True,True,22.227858369490576,24.200911254946497,46.428769624437074,0,0,0.1
core_prophet_frozen_s42,prophet,frozen,selected,42,22,2025-06-09 01:00:00,2025-06-13 18:00:00,114,75.73,True,True,28.35654716704778,24.200911254946497,52.557458421994276,0,0,0.1
core_prophet_frozen_s42,prophet,frozen,selected,42,22,2025-06-09 01:00:00,2025-06-13 19:00:00,115,71.15,True,True,36.16664283506151,24.200911254946497,60.36755409000801,0,0,0.1
core_prophet_frozen_s42,prophet,frozen,selected,42,22,2025-06-09 01:00:00,2025-06-13 20:00:00,116,68.65,True,True,44.363935102614505,24.200911254946497,68.56484635756101,0,0,0.1
core_prophet_frozen_s42,prophet,frozen,selected,42,22,2025-06-09 01:00:00,2025-06-13 21:00:00,117,68.08,True,True,50.69116064230568,24.200911254946497,74.89207189725218,0,0,0.1
core_prophet_frozen_s42,prophet,frozen,selected,42,22,2025-06-09 01:00:00,2025-06-13 22:00:00,118,66.61,True,True,53.69706813966155,24.200911254946497,77.89797939460806,0,0,0.1
core_prophet_frozen_s42,prophet,frozen,selected,42,22,2025-06-09 01:00:00,2025-06-13 23:00:00,119,63.17,True,True,54.60067882707887,24.200911254946497,78.80159008202537,0,0,0.1
core_prophet_frozen_s42,prophet,frozen,selected,42,22,2025-06-09 01:00:00,2025-06-14 00:00:00,120,62.69,True,True,52.7219051449249,24.200911254946497,76.9228163998714,0,0,0.1
core_prophet_frozen_s42,prophet,frozen,selected,42,22,2025-06-09 01:00:00,2025-06-14 01:00:00,121,63.99,True,True,47.36461971223366,24.200911254946497,71.56553096718017,0,0,0.1
core_prophet_frozen_s42,prophet,frozen,selected,42,22,2025-06-09 01:00:00,2025-06-14 02:00:00,122,63.91,True,True,46.87779989701676,24.200911254946497,71.07871115196326,0,0,0.1
core_prophet_frozen_s42,prophet,frozen,selected,42,22,2025-06-09 01:00:00,2025-06-14 03:00:00,123,66.76,True,True,53.26358830625927,24.200911254946497,77.46449956120577,0,0,0.1
core_prophet_frozen_s42,prophet,frozen,selected,42,22,2025-06-09 01:00:00,2025-06-14 04:00:00,124,68.52,True,True,61.71671963964138,24.200911254946497,85.91763089458789,0,0,0.1
core_prophet_frozen_s42,prophet,frozen,selected,42,22,2025-06-09 01:00:00,2025-06-14 05:00:00,125,66.03,True,True,68.63793651230506,24.200911254946497,92.83884776725156,0,0,0.1
core_prophet_frozen_s42,prophet,frozen,selected,42,22,2025-06-09 01:00:00,2025-06-14 06:00:00,126,62.59,True,True,70.12416921451066,24.200911254946497,94.32508046945716,0,0,0.1
core_prophet_frozen_s42,prophet,frozen,selected,42,22,2025-06-09 01:00:00,2025-06-14 07:00:00,127,59.91,True,True,62.90163380034053,24.200911254946497,87.10254505528702,0,0,0.1
core_prophet_frozen_s42,prophet,frozen,selected,42,22,2025-06-09 01:00:00,2025-06-14 08:00:00,128,58.87,True,True,49.16807611722123,24.200911254946497,73.36898737216774,0,0,0.1
core_prophet_frozen_s42,prophet,frozen,selected,42,22,2025-06-09 01:00:00,2025-06-14 09:00:00,129,59.09,True,True,31.457932868499142,24.200911254946497,55.65884412344564,0,0,0.1
core_prophet_frozen_s42,prophet,frozen,selected,42,22,2025-06-09 01:00:00,2025-06-14 10:00:00,130,60.27,True,True,16.763598626144926,24.200911254946497,40.96450988109142,0,0,0.1
core_prophet_frozen_s42,prophet,frozen,selected,42,22,2025-06-09 01:00:00,2025-06-14 11:00:00,131,63.47,True,True,9.78280002486099,24.200911254946497,33.98371127980749,0,0,0.1
core_prophet_frozen_s42,prophet,frozen,selected,42,22,2025-06-09 01:00:00,2025-06-14 12:00:00,132,67.83,True,True,8.987560426924887,24.200911254946497,33.188471681871384,0,0,0.1
core_prophet_frozen_s42,prophet,frozen,selected,42,22,2025-06-09 01:00:00,2025-06-14 13:00:00,133,72.6,True,True,15.810073564500186,24.200911254946497,40.01098481944668,0,0,0.1
core_prophet_frozen_s42,prophet,frozen,selected,42,22,2025-06-09 01:00:00,2025-06-14 14:00:00,134,76.78,True,True,27.776111285642145,24.200911254946497,51.97702254058864,0,0,0.1
core_prophet_frozen_s42,prophet,frozen,selected,42,22,2025-06-09 01:00:00,2025-06-14 15:00:00,135,80.37,True,True,40.018007525874566,24.200911254946497,64.21891878082107,0,0,0.1
core_prophet_frozen_s42,prophet,frozen,selected,42,22,2025-06-09 01:00:00,2025-06-14 16:00:00,136,82.35,True,True,48.38619120127899,24.200911254946497,72.5871024562255,0,0,0.1
core_prophet_frozen_s42,prophet,frozen,selected,42,22,2025-06-09 01:00:00,2025-06-14 17:00:00,137,84.18,True,True,54.7039085364477,24.200911254946497,78.9048197913942,0,0,0.1
core_prophet_frozen_s42,prophet,frozen,selected,42,22,2025-06-09 01:00:00,2025-06-14 18:00:00,138,87.05,True,True,60.90132416889151,24.200911254946497,85.10223542383801,0,0,0.1
core_prophet_frozen_s42,prophet,frozen,selected,42,22,2025-06-09 01:00:00,2025-06-14 19:00:00,139,93.04,True,True,66.29297315498096,24.200911254946497,90.49388440992746,0,0,0.1
core_prophet_frozen_s42,prophet,frozen,selected,42,22,2025-06-09 01:00:00,2025-06-14 20:00:00,140,99.01,True,True,71.05573323061972,24.200911254946497,95.25664448556623,0,0,0.1
core_prophet_frozen_s42,prophet,frozen,selected,42,22,2025-06-09 01:00:00,2025-06-14 21:00:00,141,103.9,True,True,74.03461253814305,24.200911254946497,98.23552379308956,0,0,0.1
core_prophet_frozen_s42,prophet,frozen,selected,42,22,2025-06-09 01:00:00,2025-06-14 22:00:00,142,107.77,True,True,73.24066025963302,24.200911254946497,97.44157151457952,0,0,0.1
core_prophet_frozen_s42,prophet,frozen,selected,42,22,2025-06-09 01:00:00,2025-06-14 23:00:00,143,109.7,True,True,65.78050178450394,24.200911254946497,89.98141303945044,0,0,0.1
core_prophet_frozen_s42,prophet,frozen,selected,42,22,2025-06-09 01:00:00,2025-06-15 00:00:00,144,108.51,True,True,55.22744570790513,24.200911254946497,79.42835696285164,0,0,0.1
core_prophet_frozen_s42,prophet,frozen,selected,42,22,2025-06-09 01:00:00,2025-06-15 01:00:00,145,78.38,True,True,32.77071624598037,24.200911254946497,56.971627500926864,0,0,0.1
core_prophet_frozen_s42,prophet,frozen,selected,42,22,2025-06-09 01:00:00,2025-06-15 02:00:00,146,55.37,True,True,22.438988199421857,24.200911254946497,46.639899454368354,0,0,0.1
core_prophet_frozen_s42,prophet,frozen,selected,42,22,2025-06-09 01:00:00,2025-06-15 03:00:00,147,45.04,True,True,21.25212681908644,24.200911254946497,45.45303807403293,0,0,0.1
core_prophet_frozen_s42,prophet,frozen,selected,42,22,2025-06-09 01:00:00,2025-06-15 04:00:00,148,16.64,True,True,18.40757710769344,24.200911254946497,42.60848836263994,0,0,0.1
core_prophet_frozen_s42,prophet,frozen,selected,42,22,2025-06-09 01:00:00,2025-06-15 05:00:00,149,9.68,True,True,21.282959352873466,24.200911254946497,45.483870607819966,0,0,0.1
core_prophet_frozen_s42,prophet,frozen,selected,42,22,2025-06-09 01:00:00,2025-06-15 06:00:00,150,8.31,True,True,20.725213693824003,24.200911254946497,44.9261249487705,0,0,0.1
core_prophet_frozen_s42,prophet,frozen,selected,42,22,2025-06-09 01:00:00,2025-06-15 07:00:00,151,7.98,True,True,12.85375971220236,24.200911254946497,37.05467096714886,0,0,0.1
core_prophet_frozen_s42,prophet,frozen,selected,42,22,2025-06-09 01:00:00,2025-06-15 08:00:00,152,8.07,True,True,-1.9284495073531216,24.200911254946497,22.272461747593375,0,0,0.1
core_prophet_frozen_s42,prophet,frozen,selected,42,22,2025-06-09 01:00:00,2025-06-15 09:00:00,153,7.99,True,True,-19.75808401834644,24.200911254946497,4.442827236600056,0,0,0.1
core_prophet_frozen_s42,prophet,frozen,selected,42,22,2025-06-09 01:00:00,2025-06-15 10:00:00,154,7.95,True,True,-34.85175715364781,24.200911254946497,-10.650845898701313,0,0,0.1
core_prophet_frozen_s42,prophet,frozen,selected,42,22,2025-06-09 01:00:00,2025-06-15 11:00:00,155,7.65,True,True,-43.5063850704654,24.200911254946497,-19.3054738155189,0,0,0.1
core_prophet_frozen_s42,prophet,frozen,selected,42,22,2025-06-09 01:00:00,2025-06-15 12:00:00,156,6.58,True,True,-45.7257229171901,24.200911254946497,-21.5248116622436,0,0,0.1
core_prophet_frozen_s42,prophet,frozen,selected,42,22,2025-06-09 01:00:00,2025-06-15 13:00:00,157,5.75,True,True,-41.76292001712056,24.200911254946497,-17.56200876217406,0,0,0.1
core_prophet_frozen_s42,prophet,frozen,selected,42,22,2025-06-09 01:00:00,2025-06-15 14:00:00,158,5.51,True,True,-32.98653358997535,24.200911254946497,-8.785622335028854,0,0,0.1
core_prophet_frozen_s42,prophet,frozen,selected,42,22,2025-06-09 01:00:00,2025-06-15 15:00:00,159,5.25,True,True,-23.277534998077584,24.200911254946497,0.923376256868913,0,0,0.1
core_prophet_frozen_s42,prophet,frozen,selected,42,22,2025-06-09 01:00:00,2025-06-15 16:00:00,160,4.8,True,True,-14.777278270225082,24.200911254946497,9.423632984721415,0,0,0.1
core_prophet_frozen_s42,prophet,frozen,selected,42,22,2025-06-09 01:00:00,2025-06-15 17:00:00,161,4.56,True,True,-6.356236390979376,24.200911254946497,17.84467486396712,0,0,0.1
core_prophet_frozen_s42,prophet,frozen,selected,42,22,2025-06-09 01:00:00,2025-06-15 18:00:00,162,4.45,True,True,1.7928770564178933,24.200911254946497,25.99378831136439,0,0,0.1
core_prophet_frozen_s42,prophet,frozen,selected,42,22,2025-06-09 01:00:00,2025-06-15 19:00:00,163,4.35,True,True,9.562689647760465,24.200911254946497,33.76360090270696,0,0,0.1
core_prophet_frozen_s42,prophet,frozen,selected,42,22,2025-06-09 01:00:00,2025-06-15 20:00:00,164,4.28,True,True,16.404553172278526,24.200911254946497,40.60546442722502,0,0,0.1
core_prophet_frozen_s42,prophet,frozen,selected,42,22,2025-06-09 01:00:00,2025-06-15 21:00:00,165,4.25,True,True,20.51493742470228,24.200911254946497,44.71584867964877,0,0,0.1
core_prophet_frozen_s42,prophet,frozen,selected,42,22,2025-06-09 01:00:00,2025-06-15 22:00:00,166,4.37,True,True,20.66712545342128,24.200911254946497,44.86803670836778,0,0,0.1
core_prophet_frozen_s42,prophet,frozen,selected,42,22,2025-06-09 01:00:00,2025-06-15 23:00:00,167,4.76,True,True,17.237183609453467,24.200911254946497,41.438094864399964,0,0,0.1
core_prophet_frozen_s42,prophet,frozen,selected,42,22,2025-06-09 01:00:00,2025-06-16 00:00:00,168,5.25,True,True,12.029174817946398,24.200911254946497,36.230086072892895,0,0,0.1
core_prophet_frozen_s42,prophet,frozen,selected,42,23,2025-06-16 01:00:00,2025-06-16 01:00:00,1,5.48,True,True,8.769080663371938,26.601280416204162,35.3703610795761,0,0,0.1
core_prophet_frozen_s42,prophet,frozen,selected,42,23,2025-06-16 01:00:00,2025-06-16 02:00:00,2,5.18,True,True,9.450270058844891,26.601280416204162,36.051550475049055,0,0,0.1
core_prophet_frozen_s42,prophet,frozen,selected,42,23,2025-06-16 01:00:00,2025-06-16 03:00:00,3,4.44,True,True,13.24481300687384,26.601280416204162,39.846093423078,0,0,0.1
core_prophet_frozen_s42,prophet,frozen,selected,42,23,2025-06-16 01:00:00,2025-06-16 04:00:00,4,2.25,True,True,12.593544714378451,26.601280416204162,39.194825130582615,0,0,0.1
core_prophet_frozen_s42,prophet,frozen,selected,42,23,2025-06-16 01:00:00,2025-06-16 05:00:00,5,2.03,True,True,16.8947168709156,26.601280416204162,43.49599728711976,0,0,0.1
core_prophet_frozen_s42,prophet,frozen,selected,42,23,2025-06-16 01:00:00,2025-06-16 06:00:00,6,2.09,True,True,16.719924128766053,26.601280416204162,43.321204544970215,0,0,0.1
core_prophet_frozen_s42,prophet,frozen,selected,42,23,2025-06-16 01:00:00,2025-06-16 07:00:00,7,2.23,True,True,9.176631864159331,26.601280416204162,35.777912280363495,0,0,0.1
core_prophet_frozen_s42,prophet,frozen,selected,42,23,2025-06-16 01:00:00,2025-06-16 08:00:00,8,2.38,True,True,-4.930656968741204,26.601280416204162,21.670623447462958,0,0,0.1
core_prophet_frozen_s42,prophet,frozen,selected,42,23,2025-06-16 01:00:00,2025-06-16 09:00:00,9,2.53,True,True,-21.985792471282508,26.601280416204162,4.615487944921654,0,0,0.1
core_prophet_frozen_s42,prophet,frozen,selected,42,23,2025-06-16 01:00:00,2025-06-16 10:00:00,10,3.46,True,True,-34.633921970147895,26.601280416204162,-8.032641553943733,0,0,0.1
core_prophet_frozen_s42,prophet,frozen,selected,42,23,2025-06-16 01:00:00,2025-06-16 11:00:00,11,5.08,True,True,-39.36832858447863,26.601280416204162,-12.76704816827447,0,0,0.1
core_prophet_frozen_s42,prophet,frozen,selected,42,23,2025-06-16 01:00:00,2025-06-16 12:00:00,12,6.66,True,True,-37.60721459593458,26.601280416204162,-11.005934179730417,0,0,0.1
core_prophet_frozen_s42,prophet,frozen,selected,42,23,2025-06-16 01:00:00,2025-06-16 13:00:00,13,7.77,True,True,-32.2202562152149,26.601280416204162,-5.618975799010741,0,0,0.1
core_prophet_frozen_s42,prophet,frozen,selected,42,23,2025-06-16 01:00:00,2025-06-16 14:00:00,14,8.71,True,True,-23.015419813863478,26.601280416204162,3.5858606023406843,0,0,0.1
core_prophet_frozen_s42,prophet,frozen,selected,42,23,2025-06-16 01:00:00,2025-06-16 15:00:00,15,9.49,True,True,-12.126814593635316,26.601280416204162,14.474465822568845,0,0,0.1
core_prophet_frozen_s42,prophet,frozen,selected,42,23,2025-06-16 01:00:00,2025-06-16 16:00:00,16,10.15,True,True,-0.9263883841333324,26.601280416204162,25.67489203207083,0,0,0.1
core_prophet_frozen_s42,prophet,frozen,selected,42,23,2025-06-16 01:00:00,2025-06-16 17:00:00,17,11.29,True,True,10.959962400357426,26.601280416204162,37.56124281656159,0,0,0.1
core_prophet_frozen_s42,prophet,frozen,selected,42,23,2025-06-16 01:00:00,2025-06-16 18:00:00,18,12.97,True,True,22.39278592932428,26.601280416204162,48.99406634552844,0,0,0.1
core_prophet_frozen_s42,prophet,frozen,selected,42,23,2025-06-16 01:00:00,2025-06-16 19:00:00,19,14.77,True,True,32.94457305643459,26.601280416204162,59.545853472638754,0,0,0.1
core_prophet_frozen_s42,prophet,frozen,selected,42,23,2025-06-16 01:00:00,2025-06-16 20:00:00,20,16.29,True,True,41.92154776645418,26.601280416204162,68.52282818265834,0,0,0.1
core_prophet_frozen_s42,prophet,frozen,selected,42,23,2025-06-16 01:00:00,2025-06-16 21:00:00,21,17.54,True,True,47.54934358359404,26.601280416204162,74.1506239997982,0,0,0.1
core_prophet_frozen_s42,prophet,frozen,selected,42,23,2025-06-16 01:00:00,2025-06-16 22:00:00,22,18.01,True,True,45.8521234016184,26.601280416204162,72.45340381782256,0,0,0.1
core_prophet_frozen_s42,prophet,frozen,selected,42,23,2025-06-16 01:00:00,2025-06-16 23:00:00,23,18.3,True,True,36.60976556793398,26.601280416204162,63.21104598413814,0,0,0.1
core_prophet_frozen_s42,prophet,frozen,selected,42,23,2025-06-16 01:00:00,2025-06-17 00:00:00,24,19.5,True,True,29.72945920323579,26.601280416204162,56.33073961943995,0,0,0.1
core_prophet_frozen_s42,prophet,frozen,selected,42,23,2025-06-16 01:00:00,2025-06-17 01:00:00,25,22.85,True,True,22.25214400532306,26.601280416204162,48.85342442152722,0,0,0.1
core_prophet_frozen_s42,prophet,frozen,selected,42,23,2025-06-16 01:00:00,2025-06-17 02:00:00,26,28.34,True,True,23.94190918871618,26.601280416204162,50.54318960492034,0,0,0.1
core_prophet_frozen_s42,prophet,frozen,selected,42,23,2025-06-16 01:00:00,2025-06-17 03:00:00,27,40.45,True,True,31.726443062063908,26.601280416204162,58.32772347826807,0,0,0.1
core_prophet_frozen_s42,prophet,frozen,selected,42,23,2025-06-16 01:00:00,2025-06-17 04:00:00,28,46.02,True,True,22.776661111460413,26.601280416204162,49.377941527664575,0,0,0.1
core_prophet_frozen_s42,prophet,frozen,selected,42,23,2025-06-16 01:00:00,2025-06-17 05:00:00,29,52.47,True,True,22.2686754729088,26.601280416204162,48.86995588911296,0,0,0.1
core_prophet_frozen_s42,prophet,frozen,selected,42,23,2025-06-16 01:00:00,2025-06-17 06:00:00,30,53.46,True,True,20.09505858617206,26.601280416204162,46.69633900237622,0,0,0.1
core_prophet_frozen_s42,prophet,frozen,selected,42,23,2025-06-16 01:00:00,2025-06-17 07:00:00,31,31.18,True,True,7.596970552786871,26.601280416204162,34.19825096899103,0,0,0.1
core_prophet_frozen_s42,prophet,frozen,selected,42,23,2025-06-16 01:00:00,2025-06-17 08:00:00,32,21.99,True,True,-8.606191140098673,26.601280416204162,17.99508927610549,0,0,0.1
core_prophet_frozen_s42,prophet,frozen,selected,42,23,2025-06-16 01:00:00,2025-06-17 09:00:00,33,20.8,True,True,-26.266840279231587,26.601280416204162,0.33444013697257446,0,0,0.1
core_prophet_frozen_s42,prophet,frozen,selected,42,23,2025-06-16 01:00:00,2025-06-17 10:00:00,34,22.03,True,True,-39.605900634665375,26.601280416204162,-13.004620218461213,0,0,0.1
core_prophet_frozen_s42,prophet,frozen,selected,42,23,2025-06-16 01:00:00,2025-06-17 11:00:00,35,23.63,True,True,-45.89686627886047,26.601280416204162,-19.29558586265631,0,0,0.1
core_prophet_frozen_s42,prophet,frozen,selected,42,23,2025-06-16 01:00:00,2025-06-17 12:00:00,36,24.23,True,True,-46.417827275534,26.601280416204162,-19.81654685932984,0,0,0.1
core_prophet_frozen_s42,prophet,frozen,selected,42,23,2025-06-16 01:00:00,2025-06-17 13:00:00,37,24.31,True,True,-39.64269964422857,26.601280416204162,-13.04141922802441,0,0,0.1
core_prophet_frozen_s42,prophet,frozen,selected,42,23,2025-06-16 01:00:00,2025-06-17 14:00:00,38,26.22,True,True,-25.963535597048207,26.601280416204162,0.6377448191559552,0,0,0.1
core_prophet_frozen_s42,prophet,frozen,selected,42,23,2025-06-16 01:00:00,2025-06-17 15:00:00,39,29.48,True,True,-10.57985550389168,26.601280416204162,16.021424912312483,0,0,0.1
core_prophet_frozen_s42,prophet,frozen,selected,42,23,2025-06-16 01:00:00,2025-06-17 16:00:00,40,32.99,True,True,2.134656933101695,26.601280416204162,28.735937349305857,0,0,0.1
core_prophet_frozen_s42,prophet,frozen,selected,42,23,2025-06-16 01:00:00,2025-06-17 17:00:00,41,36.36,True,True,12.810023381675052,26.601280416204162,39.411303797879214,0,0,0.1
core_prophet_frozen_s42,prophet,frozen,selected,42,23,2025-06-16 01:00:00,2025-06-17 18:00:00,42,39.55,True,True,23.164200038637688,26.601280416204162,49.76548045484185,0,0,0.1
core_prophet_frozen_s42,prophet,frozen,selected,42,23,2025-06-16 01:00:00,2025-06-17 19:00:00,43,43.07,True,True,33.12111272238329,26.601280416204162,59.72239313858745,0,0,0.1
core_prophet_frozen_s42,prophet,frozen,selected,42,23,2025-06-16 01:00:00,2025-06-17 20:00:00,44,46.8,True,True,42.19936108037047,26.601280416204162,68.80064149657463,0,0,0.1
core_prophet_frozen_s42,prophet,frozen,selected,42,23,2025-06-16 01:00:00,2025-06-17 21:00:00,45,50.48,True,True,47.99608131647568,26.601280416204162,74.59736173267984,0,0,0.1
core_prophet_frozen_s42,prophet,frozen,selected,42,23,2025-06-16 01:00:00,2025-06-17 22:00:00,46,53.37,True,True,49.36689540743453,26.601280416204162,75.96817582363869,0,0,0.1
core_prophet_frozen_s42,prophet,frozen,selected,42,23,2025-06-16 01:00:00,2025-06-17 23:00:00,47,56.24,True,True,47.48782338512646,26.601280416204162,74.08910380133062,0,0,0.1
core_prophet_frozen_s42,prophet,frozen,selected,42,23,2025-06-16 01:00:00,2025-06-18 00:00:00,48,59.75,True,True,43.21805350042618,26.601280416204162,69.81933391663034,0,0,0.1
core_prophet_frozen_s42,prophet,frozen,selected,42,23,2025-06-16 01:00:00,2025-06-18 01:00:00,49,69.21,True,True,37.62882259050235,26.601280416204162,64.23010300670651,0,0,0.1
core_prophet_frozen_s42,prophet,frozen,selected,42,23,2025-06-16 01:00:00,2025-06-18 02:00:00,50,76.38,True,True,37.06704489946844,26.601280416204162,63.668325315672604,0,0,0.1
core_prophet_frozen_s42,prophet,frozen,selected,42,23,2025-06-16 01:00:00,2025-06-18 03:00:00,51,85.89,True,True,40.73803001914135,26.601280416204162,67.33931043534551,0,0,0.1
core_prophet_frozen_s42,prophet,frozen,selected,42,23,2025-06-16 01:00:00,2025-06-18 04:00:00,52,97.85,True,True,35.8228875248231,26.601280416204162,62.424167941027264,0,0,0.1
core_prophet_frozen_s42,prophet,frozen,selected,42,23,2025-06-16 01:00:00,2025-06-18 05:00:00,53,97.78,True,True,34.590143014456714,26.601280416204162,61.191423430660876,0,0,0.1
core_prophet_frozen_s42,prophet,frozen,selected,42,23,2025-06-16 01:00:00,2025-06-18 06:00:00,54,90.87,True,True,31.920059559041192,26.601280416204162,58.521339975245354,0,0,0.1
core_prophet_frozen_s42,prophet,frozen,selected,42,23,2025-06-16 01:00:00,2025-06-18 07:00:00,55,75.46,True,True,22.27248985280312,26.601280416204162,48.87377026900728,0,0,0.1
core_prophet_frozen_s42,prophet,frozen,selected,42,23,2025-06-16 01:00:00,2025-06-18 08:00:00,56,59.9,True,True,7.511717675022908,26.601280416204162,34.11299809122707,0,0,0.1
core_prophet_frozen_s42,prophet,frozen,selected,42,23,2025-06-16 01:00:00,2025-06-18 09:00:00,57,46.39,True,True,-9.255209682783686,26.601280416204162,17.346070733420476,0,0,0.1
core_prophet_frozen_s42,prophet,frozen,selected,42,23,2025-06-16 01:00:00,2025-06-18 10:00:00,58,36.19,True,True,-23.385586059008546,26.601280416204162,3.2156943571956162,0,0,0.1
core_prophet_frozen_s42,prophet,frozen,selected,42,23,2025-06-16 01:00:00,2025-06-18 11:00:00,59,30.61,True,True,-31.41889394450746,26.601280416204162,-4.817613528303298,0,0,0.1
core_prophet_frozen_s42,prophet,frozen,selected,42,23,2025-06-16 01:00:00,2025-06-18 12:00:00,60,26.85,True,True,-33.22616041412488,26.601280416204162,-6.624879997920715,0,0,0.1
core_prophet_frozen_s42,prophet,frozen,selected,42,23,2025-06-16 01:00:00,2025-06-18 13:00:00,61,24.36,True,True,-28.414122048520422,26.601280416204162,-1.8128416323162604,0,0,0.1
core_prophet_frozen_s42,prophet,frozen,selected,42,23,2025-06-16 01:00:00,2025-06-18 14:00:00,62,23.93,True,True,-17.974783549846563,26.601280416204162,8.626496866357598,0,0,0.1
core_prophet_frozen_s42,prophet,frozen,selected,42,23,2025-06-16 01:00:00,2025-06-18 15:00:00,63,24.87,True,True,-6.098123579506506,26.601280416204162,20.503156836697656,0,0,0.1
core_prophet_frozen_s42,prophet,frozen,selected,42,23,2025-06-16 01:00:00,2025-06-18 16:00:00,64,26.9,True,True,3.62046485551366,26.601280416204162,30.221745271717822,0,0,0.1
core_prophet_frozen_s42,prophet,frozen,selected,42,23,2025-06-16 01:00:00,2025-06-18 17:00:00,65,29.09,True,True,11.982906685175664,26.601280416204162,38.584187101379825,0,0,0.1
core_prophet_frozen_s42,prophet,frozen,selected,42,23,2025-06-16 01:00:00,2025-06-18 18:00:00,66,30.3,True,True,19.33307672747111,26.601280416204162,45.93435714367527,0,0,0.1
core_prophet_frozen_s42,prophet,frozen,selected,42,23,2025-06-16 01:00:00,2025-06-18 19:00:00,67,29.82,True,True,25.421018240791284,26.601280416204162,52.022298656995446,0,0,0.1
core_prophet_frozen_s42,prophet,frozen,selected,42,23,2025-06-16 01:00:00,2025-06-18 20:00:00,68,30.38,True,True,31.727375631562893,26.601280416204162,58.328656047767055,0,0,0.1
core_prophet_frozen_s42,prophet,frozen,selected,42,23,2025-06-16 01:00:00,2025-06-18 21:00:00,69,32.74,True,True,36.4946702051324,26.601280416204162,63.09595062133656,0,0,0.1
core_prophet_frozen_s42,prophet,frozen,selected,42,23,2025-06-16 01:00:00,2025-06-18 22:00:00,70,37.14,True,True,38.95939833968072,26.601280416204162,65.56067875588488,0,0,0.1
core_prophet_frozen_s42,prophet,frozen,selected,42,23,2025-06-16 01:00:00,2025-06-18 23:00:00,71,40.6,True,True,41.5769853005051,26.601280416204162,68.17826571670926,0,0,0.1
core_prophet_frozen_s42,prophet,frozen,selected,42,23,2025-06-16 01:00:00,2025-06-19 00:00:00,72,43.9,True,True,43.68819174584334,26.601280416204162,70.2894721620475,0,0,0.1
core_prophet_frozen_s42,prophet,frozen,selected,42,23,2025-06-16 01:00:00,2025-06-19 01:00:00,73,46.43,True,True,45.05817738028949,26.601280416204162,71.65945779649365,0,0,0.1
core_prophet_frozen_s42,prophet,frozen,selected,42,23,2025-06-16 01:00:00,2025-06-19 02:00:00,74,48.33,True,True,53.01562326855512,26.601280416204162,79.61690368475928,0,0,0.1
core_prophet_frozen_s42,prophet,frozen,selected,42,23,2025-06-16 01:00:00,2025-06-19 03:00:00,75,51.16,True,True,66.39605951611392,26.601280416204162,92.99733993231808,0,0,0.1
core_prophet_frozen_s42,prophet,frozen,selected,42,23,2025-06-16 01:00:00,2025-06-19 04:00:00,76,53.02,True,True,77.0141720987113,26.601280416204162,103.61545251491546,0,0,0.1
core_prophet_frozen_s42,prophet,frozen,selected,42,23,2025-06-16 01:00:00,2025-06-19 05:00:00,77,51.8,True,True,81.83713727105365,26.601280416204162,108.43841768725781,0,0,0.1
core_prophet_frozen_s42,prophet,frozen,selected,42,23,2025-06-16 01:00:00,2025-06-19 06:00:00,78,51.7,True,True,80.87646318784297,26.601280416204162,107.47774360404713,0,0,0.1
core_prophet_frozen_s42,prophet,frozen,selected,42,23,2025-06-16 01:00:00,2025-06-19 07:00:00,79,49.32,True,True,68.12502532516694,26.601280416204162,94.7263057413711,0,0,0.1
core_prophet_frozen_s42,prophet,frozen,selected,42,23,2025-06-16 01:00:00,2025-06-19 08:00:00,80,46.48,True,True,47.71331557208299,26.601280416204162,74.31459598828715,0,0,0.1
core_prophet_frozen_s42,prophet,frozen,selected,42,23,2025-06-16 01:00:00,2025-06-19 09:00:00,81,45.29,True,True,26.5579658620446,26.601280416204162,53.15924627824876,0,0,0.1
core_prophet_frozen_s42,prophet,frozen,selected,42,23,2025-06-16 01:00:00,2025-06-19 10:00:00,82,46.36,True,True,11.09543825649584,26.601280416204162,37.6967186727,0,0,0.1
core_prophet_frozen_s42,prophet,frozen,selected,42,23,2025-06-16 01:00:00,2025-06-19 11:00:00,83,48.95,True,True,3.4095211986675054,26.601280416204162,30.010801614871667,0,0,0.1
core_prophet_frozen_s42,prophet,frozen,selected,42,23,2025-06-16 01:00:00,2025-06-19 12:00:00,84,51.03,True,True,1.860998340539112,26.601280416204162,28.462278756743274,0,0,0.1
core_prophet_frozen_s42,prophet,frozen,selected,42,23,2025-06-16 01:00:00,2025-06-19 13:00:00,85,52.05,True,True,6.723657227091991,26.601280416204162,33.32493764329615,0,0,0.1
core_prophet_frozen_s42,prophet,frozen,selected,42,23,2025-06-16 01:00:00,2025-06-19 14:00:00,86,53.05,True,True,17.72176554691123,26.601280416204162,44.32304596311539,0,0,0.1
core_prophet_frozen_s42,prophet,frozen,selected,42,23,2025-06-16 01:00:00,2025-06-19 15:00:00,87,54.56,True,True,31.12289756852175,26.601280416204162,57.72417798472591,0,0,0.1
core_prophet_frozen_s42,prophet,frozen,selected,42,23,2025-06-16 01:00:00,2025-06-19 16:00:00,88,55.69,True,True,42.81984059288746,26.601280416204162,69.42112100909162,0,0,0.1
core_prophet_frozen_s42,prophet,frozen,selected,42,23,2025-06-16 01:00:00,2025-06-19 17:00:00,89,57.7,True,True,54.39951510710165,26.601280416204162,81.00079552330581,0,0,0.1
core_prophet_frozen_s42,prophet,frozen,selected,42,23,2025-06-16 01:00:00,2025-06-19 18:00:00,90,61.39,True,True,66.57402211102294,26.601280416204162,93.1753025272271,0,0,0.1
core_prophet_frozen_s42,prophet,frozen,selected,42,23,2025-06-16 01:00:00,2025-06-19 19:00:00,91,66.16,True,True,79.23823450184074,26.601280416204162,105.8395149180449,0,0,0.1
core_prophet_frozen_s42,prophet,frozen,selected,42,23,2025-06-16 01:00:00,2025-06-19 20:00:00,92,72.33,True,True,91.66252199627334,26.601280416204162,118.2638024124775,0,0,0.1
core_prophet_frozen_s42,prophet,frozen,selected,42,23,2025-06-16 01:00:00,2025-06-19 21:00:00,93,79.8,True,True,101.1758176259796,26.601280416204162,127.77709804218377,0,0,0.1
core_prophet_frozen_s42,prophet,frozen,selected,42,23,2025-06-16 01:00:00,2025-06-19 22:00:00,94,90.16,True,True,102.45625435898798,26.601280416204162,129.05753477519215,0,0,0.1
core_prophet_frozen_s42,prophet,frozen,selected,42,23,2025-06-16 01:00:00,2025-06-19 23:00:00,95,99.96,True,True,93.37397029090228,26.601280416204162,119.97525070710644,0,0,0.1
core_prophet_frozen_s42,prophet,frozen,selected,42,23,2025-06-16 01:00:00,2025-06-20 00:00:00,96,109.55,True,True,81.9366445687271,26.601280416204162,108.53792498493127,0,0,0.1
core_prophet_frozen_s42,prophet,frozen,selected,42,23,2025-06-16 01:00:00,2025-06-20 01:00:00,97,91.43,True,True,57.525790191297006,26.601280416204162,84.12707060750117,0,0,0.1
core_prophet_frozen_s42,prophet,frozen,selected,42,23,2025-06-16 01:00:00,2025-06-20 02:00:00,98,72.16,True,True,46.5867872611457,26.601280416204162,73.18806767734986,0,0,0.1
core_prophet_frozen_s42,prophet,frozen,selected,42,23,2025-06-16 01:00:00,2025-06-20 03:00:00,99,63.05,True,True,46.33319641409463,26.601280416204162,72.93447683029879,0,0,0.1
core_prophet_frozen_s42,prophet,frozen,selected,42,23,2025-06-16 01:00:00,2025-06-20 04:00:00,100,43.21,True,True,40.465385365176616,26.601280416204162,67.06666578138078,0,0,0.1
core_prophet_frozen_s42,prophet,frozen,selected,42,23,2025-06-16 01:00:00,2025-06-20 05:00:00,101,33.74,True,True,38.58142004564709,26.601280416204162,65.18270046185125,0,0,0.1
core_prophet_frozen_s42,prophet,frozen,selected,42,23,2025-06-16 01:00:00,2025-06-20 06:00:00,102,31.59,True,True,36.55001885644575,26.601280416204162,63.151299272649915,0,0,0.1
core_prophet_frozen_s42,prophet,frozen,selected,42,23,2025-06-16 01:00:00,2025-06-20 07:00:00,103,31.27,True,True,28.081646403657373,26.601280416204162,54.682926819861535,0,0,0.1
core_prophet_frozen_s42,prophet,frozen,selected,42,23,2025-06-16 01:00:00,2025-06-20 08:00:00,104,30.63,True,True,13.470567707159802,26.601280416204162,40.071848123363964,0,0,0.1
core_prophet_frozen_s42,prophet,frozen,selected,42,23,2025-06-16 01:00:00,2025-06-20 09:00:00,105,29.19,True,True,-4.120703916243002,26.601280416204162,22.48057649996116,0,0,0.1
core_prophet_frozen_s42,prophet,frozen,selected,42,23,2025-06-16 01:00:00,2025-06-20 10:00:00,106,29.26,True,True,-17.087114970361625,26.601280416204162,9.514165445842536,0,0,0.1
core_prophet_frozen_s42,prophet,frozen,selected,42,23,2025-06-16 01:00:00,2025-06-20 11:00:00,107,30.76,True,True,-22.26585208974268,26.601280416204162,4.335428326461482,0,0,0.1
core_prophet_frozen_s42,prophet,frozen,selected,42,23,2025-06-16 01:00:00,2025-06-20 12:00:00,108,32.65,True,True,-21.163706913974977,26.601280416204162,5.437573502229185,0,0,0.1
core_prophet_frozen_s42,prophet,frozen,selected,42,23,2025-06-16 01:00:00,2025-06-20 13:00:00,109,34.17,True,True,-15.363456343443149,26.601280416204162,11.237824072761013,0,0,0.1
core_prophet_frozen_s42,prophet,frozen,selected,42,23,2025-06-16 01:00:00,2025-06-20 14:00:00,110,36.1,True,True,-5.552288847930868,26.601280416204162,21.048991568273294,0,0,0.1
core_prophet_frozen_s42,prophet,frozen,selected,42,23,2025-06-16 01:00:00,2025-06-20 15:00:00,111,37.93,True,True,5.172155309290815,26.601280416204162,31.773435725494977,0,0,0.1
core_prophet_frozen_s42,prophet,frozen,selected,42,23,2025-06-16 01:00:00,2025-06-20 16:00:00,112,38.98,True,True,13.82125203264502,26.601280416204162,40.42253244884918,0,0,0.1
core_prophet_frozen_s42,prophet,frozen,selected,42,23,2025-06-16 01:00:00,2025-06-20 17:00:00,113,41.14,True,True,21.126573633402103,26.601280416204162,47.727854049606265,0,0,0.1
core_prophet_frozen_s42,prophet,frozen,selected,42,23,2025-06-16 01:00:00,2025-06-20 18:00:00,114,44.2,True,True,27.82310042511952,26.601280416204162,54.42438084132368,0,0,0.1
core_prophet_frozen_s42,prophet,frozen,selected,42,23,2025-06-16 01:00:00,2025-06-20 19:00:00,115,47.15,True,True,34.884560970243484,26.601280416204162,61.485841386447646,0,0,0.1
core_prophet_frozen_s42,prophet,frozen,selected,42,23,2025-06-16 01:00:00,2025-06-20 20:00:00,116,49.59,True,True,42.56347296054008,26.601280416204162,69.16475337674424,0,0,0.1
core_prophet_frozen_s42,prophet,frozen,selected,42,23,2025-06-16 01:00:00,2025-06-20 21:00:00,117,52.15,True,True,48.157181431829656,26.601280416204162,74.75846184803382,0,0,0.1
core_prophet_frozen_s42,prophet,frozen,selected,42,23,2025-06-16 01:00:00,2025-06-20 22:00:00,118,54.48,True,True,49.88464319510075,26.601280416204162,76.48592361130491,0,0,0.1
core_prophet_frozen_s42,prophet,frozen,selected,42,23,2025-06-16 01:00:00,2025-06-20 23:00:00,119,57.55,True,True,46.84428775953785,26.601280416204162,73.44556817574201,0,0,0.1
core_prophet_frozen_s42,prophet,frozen,selected,42,23,2025-06-16 01:00:00,2025-06-21 00:00:00,120,64.16,True,True,41.97140091349422,26.601280416204162,68.57268132969838,0,0,0.1
core_prophet_frozen_s42,prophet,frozen,selected,42,23,2025-06-16 01:00:00,2025-06-21 01:00:00,121,75.31,True,True,38.41572345447395,26.601280416204162,65.01700387067811,0,0,0.1
core_prophet_frozen_s42,prophet,frozen,selected,42,23,2025-06-16 01:00:00,2025-06-21 02:00:00,122,78.91,True,True,39.30083491331965,26.601280416204162,65.90211532952381,0,0,0.1
core_prophet_frozen_s42,prophet,frozen,selected,42,23,2025-06-16 01:00:00,2025-06-21 03:00:00,123,75.05,True,True,46.109313326159366,26.601280416204162,72.71059374236353,0,0,0.1
core_prophet_frozen_s42,prophet,frozen,selected,42,23,2025-06-16 01:00:00,2025-06-21 04:00:00,124,40.02,True,True,37.975392567302606,26.601280416204162,64.57667298350677,0,0,0.1
core_prophet_frozen_s42,prophet,frozen,selected,42,23,2025-06-16 01:00:00,2025-06-21 05:00:00,125,27.51,True,True,38.32775665678778,26.601280416204162,64.92903707299195,0,0,0.1
core_prophet_frozen_s42,prophet,frozen,selected,42,23,2025-06-16 01:00:00,2025-06-21 06:00:00,126,25.22,True,True,37.47012252287979,26.601280416204162,64.07140293908395,0,0,0.1
core_prophet_frozen_s42,prophet,frozen,selected,42,23,2025-06-16 01:00:00,2025-06-21 07:00:00,127,24.2,True,True,29.59207495560165,26.601280416204162,56.19335537180581,0,0,0.1
core_prophet_frozen_s42,prophet,frozen,selected,42,23,2025-06-16 01:00:00,2025-06-21 08:00:00,128,23.4,True,True,15.208829332675208,26.601280416204162,41.81010974887937,0,0,0.1
core_prophet_frozen_s42,prophet,frozen,selected,42,23,2025-06-16 01:00:00,2025-06-21 09:00:00,129,22.58,True,True,-1.9887280534472325,26.601280416204162,24.61255236275693,0,0,0.1
core_prophet_frozen_s42,prophet,frozen,selected,42,23,2025-06-16 01:00:00,2025-06-21 10:00:00,130,22.31,True,True,-15.336324823591724,26.601280416204162,11.264955592612438,0,0,0.1
core_prophet_frozen_s42,prophet,frozen,selected,42,23,2025-06-16 01:00:00,2025-06-21 11:00:00,131,22.71,True,True,-21.3489701005654,26.601280416204162,5.252310315638763,0,0,0.1
core_prophet_frozen_s42,prophet,frozen,selected,42,23,2025-06-16 01:00:00,2025-06-21 12:00:00,132,23.08,True,True,-20.462294981984144,26.601280416204162,6.138985434220018,0,0,0.1
core_prophet_frozen_s42,prophet,frozen,selected,42,23,2025-06-16 01:00:00,2025-06-21 13:00:00,133,22.7,True,True,-14.201370213330108,26.601280416204162,12.399910202874054,0,0,0.1
core_prophet_frozen_s42,prophet,frozen,selected,42,23,2025-06-16 01:00:00,2025-06-21 14:00:00,134,22.97,True,True,-3.94054096280459,26.601280416204162,22.66073945339957,0,0,0.1
core_prophet_frozen_s42,prophet,frozen,selected,42,23,2025-06-16 01:00:00,2025-06-21 15:00:00,135,23.56,True,True,6.559997510078233,26.601280416204162,33.161277926282395,0,0,0.1
core_prophet_frozen_s42,prophet,frozen,selected,42,23,2025-06-16 01:00:00,2025-06-21 16:00:00,136,23.93,True,True,14.494054448598291,26.601280416204162,41.09533486480245,0,0,0.1
core_prophet_frozen_s42,prophet,frozen,selected,42,23,2025-06-16 01:00:00,2025-06-21 17:00:00,137,24.46,True,True,21.05464594599329,26.601280416204162,47.65592636219745,0,0,0.1
core_prophet_frozen_s42,prophet,frozen,selected,42,23,2025-06-16 01:00:00,2025-06-21 18:00:00,138,25.31,True,True,27.05177482262468,26.601280416204162,53.65305523882884,0,0,0.1
core_prophet_frozen_s42,prophet,frozen,selected,42,23,2025-06-16 01:00:00,2025-06-21 19:00:00,139,26.29,True,True,32.89306007020957,26.601280416204162,59.49434048641373,0,0,0.1
core_prophet_frozen_s42,prophet,frozen,selected,42,23,2025-06-16 01:00:00,2025-06-21 20:00:00,140,26.1,True,True,38.33786855758822,26.601280416204162,64.93914897379238,0,0,0.1
core_prophet_frozen_s42,prophet,frozen,selected,42,23,2025-06-16 01:00:00,2025-06-21 21:00:00,141,25.82,True,True,41.350293754319296,26.601280416204162,67.95157417052346,0,0,0.1
core_prophet_frozen_s42,prophet,frozen,selected,42,23,2025-06-16 01:00:00,2025-06-21 22:00:00,142,25.95,True,True,40.7654438233362,26.601280416204162,67.36672423954036,0,0,0.1
core_prophet_frozen_s42,prophet,frozen,selected,42,23,2025-06-16 01:00:00,2025-06-21 23:00:00,143,26.66,True,True,36.15873032477313,26.601280416204162,62.76001074097729,0,0,0.1
core_prophet_frozen_s42,prophet,frozen,selected,42,23,2025-06-16 01:00:00,2025-06-22 00:00:00,144,28.15,True,True,29.95679231700123,26.601280416204162,56.55807273320539,0,0,0.1
core_prophet_frozen_s42,prophet,frozen,selected,42,23,2025-06-16 01:00:00,2025-06-22 01:00:00,145,29.82,True,True,25.384594094954707,26.601280416204162,51.98587451115887,0,0,0.1
core_prophet_frozen_s42,prophet,frozen,selected,42,23,2025-06-16 01:00:00,2025-06-22 02:00:00,146,31.16,True,True,25.274603473004877,26.601280416204162,51.875883889209035,0,0,0.1
core_prophet_frozen_s42,prophet,frozen,selected,42,23,2025-06-16 01:00:00,2025-06-22 03:00:00,147,40.39,True,True,29.48494003215282,26.601280416204162,56.08622044835698,0,0,0.1
core_prophet_frozen_s42,prophet,frozen,selected,42,23,2025-06-16 01:00:00,2025-06-22 04:00:00,148,16.97,True,True,23.83923231191514,26.601280416204162,50.4405127281193,0,0,0.1
core_prophet_frozen_s42,prophet,frozen,selected,42,23,2025-06-16 01:00:00,2025-06-22 05:00:00,149,10.58,True,True,27.9129970522518,26.601280416204162,54.51427746845596,0,0,0.1
core_prophet_frozen_s42,prophet,frozen,selected,42,23,2025-06-16 01:00:00,2025-06-22 06:00:00,150,10.02,True,True,28.019897523819083,26.601280416204162,54.621177940023244,0,0,0.1
core_prophet_frozen_s42,prophet,frozen,selected,42,23,2025-06-16 01:00:00,2025-06-22 07:00:00,151,10.45,True,True,20.64216792844701,26.601280416204162,47.24344834465117,0,0,0.1
core_prophet_frozen_s42,prophet,frozen,selected,42,23,2025-06-16 01:00:00,2025-06-22 08:00:00,152,10.84,True,True,6.245015156653579,26.601280416204162,32.84629557285774,0,0,0.1
core_prophet_frozen_s42,prophet,frozen,selected,42,23,2025-06-16 01:00:00,2025-06-22 09:00:00,153,11.14,True,True,-11.346512467412085,26.601280416204162,15.254767948792077,0,0,0.1
core_prophet_frozen_s42,prophet,frozen,selected,42,23,2025-06-16 01:00:00,2025-06-22 10:00:00,154,12.45,True,True,-25.574807672962464,26.601280416204162,1.0264727432416976,0,0,0.1
core_prophet_frozen_s42,prophet,frozen,selected,42,23,2025-06-16 01:00:00,2025-06-22 11:00:00,155,15.28,True,True,-32.48299479471541,26.601280416204162,-5.881714378511248,0,0,0.1
core_prophet_frozen_s42,prophet,frozen,selected,42,23,2025-06-16 01:00:00,2025-06-22 12:00:00,156,18.72,True,True,-32.93828326657018,26.601280416204162,-6.337002850366019,0,0,0.1
core_prophet_frozen_s42,prophet,frozen,selected,42,23,2025-06-16 01:00:00,2025-06-22 13:00:00,157,21.94,True,True,-28.269070660187083,26.601280416204162,-1.667790243982921,0,0,0.1
core_prophet_frozen_s42,prophet,frozen,selected,42,23,2025-06-16 01:00:00,2025-06-22 14:00:00,158,24.59,True,True,-19.49445649504179,26.601280416204162,7.106823921162373,0,0,0.1
core_prophet_frozen_s42,prophet,frozen,selected,42,23,2025-06-16 01:00:00,2025-06-22 15:00:00,159,26.44,True,True,-9.957638685272258,26.601280416204162,16.643641730931904,0,0,0.1
core_prophet_frozen_s42,prophet,frozen,selected,42,23,2025-06-16 01:00:00,2025-06-22 16:00:00,160,27.66,True,True,-0.2825349004049258,26.601280416204162,26.318745515799236,0,0,0.1
core_prophet_frozen_s42,prophet,frozen,selected,42,23,2025-06-16 01:00:00,2025-06-22 17:00:00,161,29.38,True,True,10.35178458182594,26.601280416204162,36.9530649980301,0,0,0.1
core_prophet_frozen_s42,prophet,frozen,selected,42,23,2025-06-16 01:00:00,2025-06-22 18:00:00,162,31.61,True,True,21.15785710007367,26.601280416204162,47.75913751627783,0,0,0.1
core_prophet_frozen_s42,prophet,frozen,selected,42,23,2025-06-16 01:00:00,2025-06-22 19:00:00,163,33.9,True,True,32.299601463257375,26.601280416204162,58.90088187946154,0,0,0.1
core_prophet_frozen_s42,prophet,frozen,selected,42,23,2025-06-16 01:00:00,2025-06-22 20:00:00,164,36.33,True,True,42.186341192910106,26.601280416204162,68.78762160911427,0,0,0.1
core_prophet_frozen_s42,prophet,frozen,selected,42,23,2025-06-16 01:00:00,2025-06-22 21:00:00,165,38.63,True,True,48.62892219072083,26.601280416204162,75.23020260692499,0,0,0.1
core_prophet_frozen_s42,prophet,frozen,selected,42,23,2025-06-16 01:00:00,2025-06-22 22:00:00,166,40.34,True,True,49.69596816525279,26.601280416204162,76.29724858145696,0,0,0.1
core_prophet_frozen_s42,prophet,frozen,selected,42,23,2025-06-16 01:00:00,2025-06-22 23:00:00,167,42.74,True,True,46.08073267594244,26.601280416204162,72.6820130921466,0,0,0.1
core_prophet_frozen_s42,prophet,frozen,selected,42,23,2025-06-16 01:00:00,2025-06-23 00:00:00,168,45.63,True,True,42.298198733687855,26.601280416204162,68.89947914989202,0,0,0.1
