run_id,family,regime,feature_set,clip_inputs,seed,window,forecast_origin,target_timestamp,lead_hour,original_target,observed,eligible,base_prediction,applied_bias,corrected_prediction,fit_seconds,forecast_seconds,state_update_seconds
ablate_prophet_broad,prophet,frozen,broad,False,42,1,2025-01-13 01:00:00,2025-01-13 01:00:00,1,759.79,True,True,752.6488564475997,0.0,752.6488564475997,20.095285377996333,0.015999415998521727,0.0
ablate_prophet_broad,prophet,frozen,broad,False,42,1,2025-01-13 01:00:00,2025-01-13 02:00:00,2,837.21,True,True,826.8754066612266,0.0,826.8754066612266,20.095285377996333,0.015999415998521727,0.0
ablate_prophet_broad,prophet,frozen,broad,False,42,1,2025-01-13 01:00:00,2025-01-13 03:00:00,3,900.28,True,True,897.4331249907918,0.0,897.4331249907918,20.095285377996333,0.015999415998521727,0.0
ablate_prophet_broad,prophet,frozen,broad,False,42,1,2025-01-13 01:00:00,2025-01-13 04:00:00,4,908.42,True,True,900.1622048663314,0.0,900.1622048663314,20.095285377996333,0.015999415998521727,0.0
ablate_prophet_broad,prophet,frozen,broad,False,42,1,2025-01-13 01:00:00,2025-01-13 05:00:00,5,672.94,True,True,676.0564113001932,0.0,676.0564113001932,20.095285377996333,0.015999415998521727,0.0
ablate_prophet_broad,prophet,frozen,broad,False,42,1,2025-01-13 01:00:00,2025-01-13 06:00:00,6,294.8,True,True,305.12214711882325,0.0,305.12214711882325,20.095285377996333,0.015999415998521727,0.0
ablate_prophet_broad,prophet,frozen,broad,False,42,1,2025-01-13 01:00:00,2025-01-13 07:00:00,7,76.4,True,True,83.36474991352017,0.0,83.36474991352017,20.095285377996333,0.015999415998521727,0.0
ablate_prophet_broad,prophet,frozen,broad,False,42,1,2025-01-13 01:00:00,2025-01-13 08:00:00,8,129.61,True,True,138.00205688914764,0.0,138.00205688914764,20.095285377996333,0.015999415998521727,0.0
ablate_prophet_broad,prophet,frozen,broad,False,42,1,2025-01-13 01:00:00,2025-01-13 09:00:00,9,233.27,True,True,240.1245637418108,0.0,240.1245637418108,20.095285377996333,0.015999415998521727,0.0
ablate_prophet_broad,prophet,frozen,broad,False,42,1,2025-01-13 01:00:00,2025-01-13 10:00:00,10,355.33,True,True,361.6228020370348,0.0,361.6228020370348,20.095285377996333,0.015999415998521727,0.0
ablate_prophet_broad,prophet,frozen,broad,False,42,1,2025-01-13 01:00:00,2025-01-13 11:00:00,11,508.8,True,True,509.18630562286864,0.0,509.18630562286864,20.095285377996333,0.015999415998521727,0.0
ablate_prophet_broad,prophet,frozen,broad,False,42,1,2025-01-13 01:00:00,2025-01-13 12:00:00,12,683.67,True,True,685.429017144544,0.0,685.429017144544,20.095285377996333,0.015999415998521727,0.0
ablate_prophet_broad,prophet,frozen,broad,False,42,1,2025-01-13 01:00:00,2025-01-13 13:00:00,13,823.34,True,True,822.401185461951,0.0,822.401185461951,20.095285377996333,0.015999415998521727,0.0
ablate_prophet_broad,prophet,frozen,broad,False,42,1,2025-01-13 01:00:00,2025-01-13 14:00:00,14,903.43,True,True,905.6024452371928,0.0,905.6024452371928,20.095285377996333,0.015999415998521727,0.0
ablate_prophet_broad,prophet,frozen,broad,False,42,1,2025-01-13 01:00:00,2025-01-13 15:00:00,15,904.75,True,True,912.830266017771,0.0,912.830266017771,20.095285377996333,0.015999415998521727,0.0
ablate_prophet_broad,prophet,frozen,broad,False,42,1,2025-01-13 01:00:00,2025-01-13 16:00:00,16,870.4,True,True,885.718234132768,0.0,885.718234132768,20.095285377996333,0.015999415998521727,0.0
ablate_prophet_broad,prophet,frozen,broad,False,42,1,2025-01-13 01:00:00,2025-01-13 17:00:00,17,833.22,True,True,864.144401029523,0.0,864.144401029523,20.095285377996333,0.015999415998521727,0.0
ablate_prophet_broad,prophet,frozen,broad,False,42,1,2025-01-13 01:00:00,2025-01-13 18:00:00,18,773.03,True,True,803.8903187795481,0.0,803.8903187795481,20.095285377996333,0.015999415998521727,0.0
ablate_prophet_broad,prophet,frozen,broad,False,42,1,2025-01-13 01:00:00,2025-01-13 19:00:00,19,622.36,True,True,663.0618848604321,0.0,663.0618848604321,20.095285377996333,0.015999415998521727,0.0
ablate_prophet_broad,prophet,frozen,broad,False,42,1,2025-01-13 01:00:00,2025-01-13 20:00:00,20,421.75,True,True,461.4699096546767,0.0,461.4699096546767,20.095285377996333,0.015999415998521727,0.0
ablate_prophet_broad,prophet,frozen,broad,False,42,1,2025-01-13 01:00:00,2025-01-13 21:00:00,21,253.7,True,True,279.14431318086145,0.0,279.14431318086145,20.095285377996333,0.015999415998521727,0.0
ablate_prophet_broad,prophet,frozen,broad,False,42,1,2025-01-13 01:00:00,2025-01-13 22:00:00,22,82.4,True,True,90.86179624045167,0.0,90.86179624045167,20.095285377996333,0.015999415998521727,0.0
ablate_prophet_broad,prophet,frozen,broad,False,42,1,2025-01-13 01:00:00,2025-01-13 23:00:00,23,42.86,True,True,45.29641414593044,0.0,45.29641414593044,20.095285377996333,0.015999415998521727,0.0
ablate_prophet_broad,prophet,frozen,broad,False,42,1,2025-01-13 01:00:00,2025-01-14 00:00:00,24,37.24,True,True,36.97018607791793,0.0,36.97018607791793,20.095285377996333,0.015999415998521727,0.0
ablate_prophet_broad,prophet,frozen,broad,False,42,1,2025-01-13 01:00:00,2025-01-14 01:00:00,25,24.54,True,True,19.284529972078133,0.0,19.284529972078133,20.095285377996333,0.015999415998521727,0.0
ablate_prophet_broad,prophet,frozen,broad,False,42,1,2025-01-13 01:00:00,2025-01-14 02:00:00,26,18.33,True,True,6.8627233577188065,0.0,6.8627233577188065,20.095285377996333,0.015999415998521727,0.0
ablate_prophet_broad,prophet,frozen,broad,False,42,1,2025-01-13 01:00:00,2025-01-14 03:00:00,27,11.8,True,True,-6.561511559130423,0.0,-6.561511559130423,20.095285377996333,0.015999415998521727,0.0
ablate_prophet_broad,prophet,frozen,broad,False,42,1,2025-01-13 01:00:00,2025-01-14 04:00:00,28,8.15,True,True,-11.060605347605815,0.0,-11.060605347605815,20.095285377996333,0.015999415998521727,0.0
ablate_prophet_broad,prophet,frozen,broad,False,42,1,2025-01-13 01:00:00,2025-01-14 05:00:00,29,8.22,True,True,-12.129308871275526,0.0,-12.129308871275526,20.095285377996333,0.015999415998521727,0.0
ablate_prophet_broad,prophet,frozen,broad,False,42,1,2025-01-13 01:00:00,2025-01-14 06:00:00,30,8.56,True,True,-13.69362222235884,0.0,-13.69362222235884,20.095285377996333,0.015999415998521727,0.0
ablate_prophet_broad,prophet,frozen,broad,False,42,1,2025-01-13 01:00:00,2025-01-14 07:00:00,31,8.96,True,True,-14.349022752656595,0.0,-14.349022752656595,20.095285377996333,0.015999415998521727,0.0
ablate_prophet_broad,prophet,frozen,broad,False,42,1,2025-01-13 01:00:00,2025-01-14 08:00:00,32,10.47,True,True,-18.046864501732074,0.0,-18.046864501732074,20.095285377996333,0.015999415998521727,0.0
ablate_prophet_broad,prophet,frozen,broad,False,42,1,2025-01-13 01:00:00,2025-01-14 09:00:00,33,12.1,True,True,-19.21888919673154,0.0,-19.21888919673154,20.095285377996333,0.015999415998521727,0.0
ablate_prophet_broad,prophet,frozen,broad,False,42,1,2025-01-13 01:00:00,2025-01-14 10:00:00,34,15.07,True,True,-19.660931061758845,0.0,-19.660931061758845,20.095285377996333,0.015999415998521727,0.0
ablate_prophet_broad,prophet,frozen,broad,False,42,1,2025-01-13 01:00:00,2025-01-14 11:00:00,35,22.42,True,True,-14.583807605264411,0.0,-14.583807605264411,20.095285377996333,0.015999415998521727,0.0
ablate_prophet_broad,prophet,frozen,broad,False,42,1,2025-01-13 01:00:00,2025-01-14 12:00:00,36,31.0,True,True,-7.315153396081058,0.0,-7.315153396081058,20.095285377996333,0.015999415998521727,0.0
ablate_prophet_broad,prophet,frozen,broad,False,42,1,2025-01-13 01:00:00,2025-01-14 13:00:00,37,36.65,True,True,-0.012888355700056309,0.0,-0.012888355700056309,20.095285377996333,0.015999415998521727,0.0
ablate_prophet_broad,prophet,frozen,broad,False,42,1,2025-01-13 01:00:00,2025-01-14 14:00:00,38,39.83,True,True,6.367799712256726,0.0,6.367799712256726,20.095285377996333,0.015999415998521727,0.0
ablate_prophet_broad,prophet,frozen,broad,False,42,1,2025-01-13 01:00:00,2025-01-14 15:00:00,39,36.94,True,True,8.101299159113836,0.0,8.101299159113836,20.095285377996333,0.015999415998521727,0.0
ablate_prophet_broad,prophet,frozen,broad,False,42,1,2025-01-13 01:00:00,2025-01-14 16:00:00,40,28.02,True,True,3.83130757215136,0.0,3.83130757215136,20.095285377996333,0.015999415998521727,0.0
ablate_prophet_broad,prophet,frozen,broad,False,42,1,2025-01-13 01:00:00,2025-01-14 17:00:00,41,24.98,True,True,5.267819714274253,0.0,5.267819714274253,20.095285377996333,0.015999415998521727,0.0
ablate_prophet_broad,prophet,frozen,broad,False,42,1,2025-01-13 01:00:00,2025-01-14 18:00:00,42,24.96,True,True,9.425643778290834,0.0,9.425643778290834,20.095285377996333,0.015999415998521727,0.0
ablate_prophet_broad,prophet,frozen,broad,False,42,1,2025-01-13 01:00:00,2025-01-14 19:00:00,43,37.67,True,True,25.70036810773911,0.0,25.70036810773911,20.095285377996333,0.015999415998521727,0.0
ablate_prophet_broad,prophet,frozen,broad,False,42,1,2025-01-13 01:00:00,2025-01-14 20:00:00,44,63.94,True,True,54.259611747376255,0.0,54.259611747376255,20.095285377996333,0.015999415998521727,0.0
ablate_prophet_broad,prophet,frozen,broad,False,42,1,2025-01-13 01:00:00,2025-01-14 21:00:00,45,93.66,True,True,86.36306079090194,0.0,86.36306079090194,20.095285377996333,0.015999415998521727,0.0
ablate_prophet_broad,prophet,frozen,broad,False,42,1,2025-01-13 01:00:00,2025-01-14 22:00:00,46,138.62,True,True,127.70658313855968,0.0,127.70658313855968,20.095285377996333,0.015999415998521727,0.0
ablate_prophet_broad,prophet,frozen,broad,False,42,1,2025-01-13 01:00:00,2025-01-14 23:00:00,47,271.25,True,True,256.03916942805455,0.0,256.03916942805455,20.095285377996333,0.015999415998521727,0.0
ablate_prophet_broad,prophet,frozen,broad,False,42,1,2025-01-13 01:00:00,2025-01-15 00:00:00,48,471.95,True,True,458.09500248814663,0.0,458.09500248814663,20.095285377996333,0.015999415998521727,0.0
ablate_prophet_broad,prophet,frozen,broad,False,42,1,2025-01-13 01:00:00,2025-01-15 01:00:00,49,641.87,True,True,631.2326271613199,0.0,631.2326271613199,20.095285377996333,0.015999415998521727,0.0
ablate_prophet_broad,prophet,frozen,broad,False,42,1,2025-01-13 01:00:00,2025-01-15 02:00:00,50,717.12,True,True,705.4491336648714,0.0,705.4491336648714,20.095285377996333,0.015999415998521727,0.0
ablate_prophet_broad,prophet,frozen,broad,False,42,1,2025-01-13 01:00:00,2025-01-15 03:00:00,51,713.25,True,True,700.2696592730787,0.0,700.2696592730787,20.095285377996333,0.015999415998521727,0.0
ablate_prophet_broad,prophet,frozen,broad,False,42,1,2025-01-13 01:00:00,2025-01-15 04:00:00,52,533.68,True,True,521.1141293263457,0.0,521.1141293263457,20.095285377996333,0.015999415998521727,0.0
ablate_prophet_broad,prophet,frozen,broad,False,42,1,2025-01-13 01:00:00,2025-01-15 05:00:00,53,400.19,True,True,392.6607537983583,0.0,392.6607537983583,20.095285377996333,0.015999415998521727,0.0
ablate_prophet_broad,prophet,frozen,broad,False,42,1,2025-01-13 01:00:00,2025-01-15 06:00:00,54,306.47,True,True,302.96236357071564,0.0,302.96236357071564,20.095285377996333,0.015999415998521727,0.0
ablate_prophet_broad,prophet,frozen,broad,False,42,1,2025-01-13 01:00:00,2025-01-15 07:00:00,55,237.43,True,True,234.04454635607473,0.0,234.04454635607473,20.095285377996333,0.015999415998521727,0.0
ablate_prophet_broad,prophet,frozen,broad,False,42,1,2025-01-13 01:00:00,2025-01-15 08:00:00,56,216.12,True,True,210.6503969039345,0.0,210.6503969039345,20.095285377996333,0.015999415998521727,0.0
ablate_prophet_broad,prophet,frozen,broad,False,42,1,2025-01-13 01:00:00,2025-01-15 09:00:00,57,206.06,True,True,193.41021298998103,0.0,193.41021298998103,20.095285377996333,0.015999415998521727,0.0
ablate_prophet_broad,prophet,frozen,broad,False,42,1,2025-01-13 01:00:00,2025-01-15 10:00:00,58,232.84,True,True,214.97172819386878,0.0,214.97172819386878,20.095285377996333,0.015999415998521727,0.0
ablate_prophet_broad,prophet,frozen,broad,False,42,1,2025-01-13 01:00:00,2025-01-15 11:00:00,59,292.56,True,True,272.78408093448854,0.0,272.78408093448854,20.095285377996333,0.015999415998521727,0.0
ablate_prophet_broad,prophet,frozen,broad,False,42,1,2025-01-13 01:00:00,2025-01-15 12:00:00,60,357.03,True,True,336.5231634323384,0.0,336.5231634323384,20.095285377996333,0.015999415998521727,0.0
ablate_prophet_broad,prophet,frozen,broad,False,42,1,2025-01-13 01:00:00,2025-01-15 13:00:00,61,460.7,True,True,447.0088771185179,0.0,447.0088771185179,20.095285377996333,0.015999415998521727,0.0
ablate_prophet_broad,prophet,frozen,broad,False,42,1,2025-01-13 01:00:00,2025-01-15 14:00:00,62,610.88,True,True,601.5568097767343,0.0,601.5568097767343,20.095285377996333,0.015999415998521727,0.0
ablate_prophet_broad,prophet,frozen,broad,False,42,1,2025-01-13 01:00:00,2025-01-15 15:00:00,63,709.51,True,True,702.7448053119425,0.0,702.7448053119425,20.095285377996333,0.015999415998521727,0.0
ablate_prophet_broad,prophet,frozen,broad,False,42,1,2025-01-13 01:00:00,2025-01-15 16:00:00,64,690.86,True,True,688.5158916617954,0.0,688.5158916617954,20.095285377996333,0.015999415998521727,0.0
ablate_prophet_broad,prophet,frozen,broad,False,42,1,2025-01-13 01:00:00,2025-01-15 17:00:00,65,619.09,True,True,624.6605285309903,0.0,624.6605285309903,20.095285377996333,0.015999415998521727,0.0
ablate_prophet_broad,prophet,frozen,broad,False,42,1,2025-01-13 01:00:00,2025-01-15 18:00:00,66,539.14,True,True,546.0987746671309,0.0,546.0987746671309,20.095285377996333,0.015999415998521727,0.0
ablate_prophet_broad,prophet,frozen,broad,False,42,1,2025-01-13 01:00:00,2025-01-15 19:00:00,67,417.74,True,True,430.57876928689484,0.0,430.57876928689484,20.095285377996333,0.015999415998521727,0.0
ablate_prophet_broad,prophet,frozen,broad,False,42,1,2025-01-13 01:00:00,2025-01-15 20:00:00,68,267.09,True,True,270.5444175601947,0.0,270.5444175601947,20.095285377996333,0.015999415998521727,0.0
ablate_prophet_broad,prophet,frozen,broad,False,42,1,2025-01-13 01:00:00,2025-01-15 21:00:00,69,144.86,True,True,141.46751108390583,0.0,141.46751108390583,20.095285377996333,0.015999415998521727,0.0
ablate_prophet_broad,prophet,frozen,broad,False,42,1,2025-01-13 01:00:00,2025-01-15 22:00:00,70,66.81,True,True,69.35898191851237,0.0,69.35898191851237,20.095285377996333,0.015999415998521727,0.0
ablate_prophet_broad,prophet,frozen,broad,False,42,1,2025-01-13 01:00:00,2025-01-15 23:00:00,71,71.43,True,True,78.98375035553346,0.0,78.98375035553346,20.095285377996333,0.015999415998521727,0.0
ablate_prophet_broad,prophet,frozen,broad,False,42,1,2025-01-13 01:00:00,2025-01-16 00:00:00,72,77.06,True,True,87.91205424825803,0.0,87.91205424825803,20.095285377996333,0.015999415998521727,0.0
ablate_prophet_broad,prophet,frozen,broad,False,42,1,2025-01-13 01:00:00,2025-01-16 01:00:00,73,67.35,True,True,83.40671791098399,0.0,83.40671791098399,20.095285377996333,0.015999415998521727,0.0
ablate_prophet_broad,prophet,frozen,broad,False,42,1,2025-01-13 01:00:00,2025-01-16 02:00:00,74,66.52,True,True,85.96062905929568,0.0,85.96062905929568,20.095285377996333,0.015999415998521727,0.0
ablate_prophet_broad,prophet,frozen,broad,False,42,1,2025-01-13 01:00:00,2025-01-16 03:00:00,75,64.37,True,True,90.1025620353838,0.0,90.1025620353838,20.095285377996333,0.015999415998521727,0.0
ablate_prophet_broad,prophet,frozen,broad,False,42,1,2025-01-13 01:00:00,2025-01-16 04:00:00,76,61.6,True,True,95.94374943112891,0.0,95.94374943112891,20.095285377996333,0.015999415998521727,0.0
ablate_prophet_broad,prophet,frozen,broad,False,42,1,2025-01-13 01:00:00,2025-01-16 05:00:00,77,61.76,True,True,99.58586501247068,0.0,99.58586501247068,20.095285377996333,0.015999415998521727,0.0
ablate_prophet_broad,prophet,frozen,broad,False,42,1,2025-01-13 01:00:00,2025-01-16 06:00:00,78,62.94,True,True,100.67518604347701,0.0,100.67518604347701,20.095285377996333,0.015999415998521727,0.0
ablate_prophet_broad,prophet,frozen,broad,False,42,1,2025-01-13 01:00:00,2025-01-16 07:00:00,79,125.28,True,True,163.49651303305777,0.0,163.49651303305777,20.095285377996333,0.015999415998521727,0.0
ablate_prophet_broad,prophet,frozen,broad,False,42,1,2025-01-13 01:00:00,2025-01-16 08:00:00,80,253.15,True,True,287.3761787954085,0.0,287.3761787954085,20.095285377996333,0.015999415998521727,0.0
ablate_prophet_broad,prophet,frozen,broad,False,42,1,2025-01-13 01:00:00,2025-01-16 09:00:00,81,425.83,True,True,449.31816168966657,0.0,449.31816168966657,20.095285377996333,0.015999415998521727,0.0
ablate_prophet_broad,prophet,frozen,broad,False,42,1,2025-01-13 01:00:00,2025-01-16 10:00:00,82,603.52,True,True,623.9234331415084,0.0,623.9234331415084,20.095285377996333,0.015999415998521727,0.0
ablate_prophet_broad,prophet,frozen,broad,False,42,1,2025-01-13 01:00:00,2025-01-16 11:00:00,83,783.19,True,True,800.252386076272,0.0,800.252386076272,20.095285377996333,0.015999415998521727,0.0
ablate_prophet_broad,prophet,frozen,broad,False,42,1,2025-01-13 01:00:00,2025-01-16 12:00:00,84,933.18,True,True,950.8139641170244,0.0,950.8139641170244,20.095285377996333,0.015999415998521727,0.0
ablate_prophet_broad,prophet,frozen,broad,False,42,1,2025-01-13 01:00:00,2025-01-16 13:00:00,85,950.58,True,True,976.928295465864,0.0,976.928295465864,20.095285377996333,0.015999415998521727,0.0
ablate_prophet_broad,prophet,frozen,broad,False,42,1,2025-01-13 01:00:00,2025-01-16 14:00:00,86,938.02,True,True,973.7912028891622,0.0,973.7912028891622,20.095285377996333,0.015999415998521727,0.0
ablate_prophet_broad,prophet,frozen,broad,False,42,1,2025-01-13 01:00:00,2025-01-16 15:00:00,87,898.71,True,True,937.884939885877,0.0,937.884939885877,20.095285377996333,0.015999415998521727,0.0
ablate_prophet_broad,prophet,frozen,broad,False,42,1,2025-01-13 01:00:00,2025-01-16 16:00:00,88,760.12,True,True,797.6646866350302,0.0,797.6646866350302,20.095285377996333,0.015999415998521727,0.0
ablate_prophet_broad,prophet,frozen,broad,False,42,1,2025-01-13 01:00:00,2025-01-16 17:00:00,89,620.84,True,True,654.6454674683182,0.0,654.6454674683182,20.095285377996333,0.015999415998521727,0.0
ablate_prophet_broad,prophet,frozen,broad,False,42,1,2025-01-13 01:00:00,2025-01-16 18:00:00,90,532.51,True,True,560.6292410035537,0.0,560.6292410035537,20.095285377996333,0.015999415998521727,0.0
ablate_prophet_broad,prophet,frozen,broad,False,42,1,2025-01-13 01:00:00,2025-01-16 19:00:00,91,469.09,True,True,494.6275046761434,0.0,494.6275046761434,20.095285377996333,0.015999415998521727,0.0
ablate_prophet_broad,prophet,frozen,broad,False,42,1,2025-01-13 01:00:00,2025-01-16 20:00:00,92,427.47,True,True,450.41229471201564,0.0,450.41229471201564,20.095285377996333,0.015999415998521727,0.0
ablate_prophet_broad,prophet,frozen,broad,False,42,1,2025-01-13 01:00:00,2025-01-16 21:00:00,93,413.61,True,True,431.6486841465103,0.0,431.6486841465103,20.095285377996333,0.015999415998521727,0.0
ablate_prophet_broad,prophet,frozen,broad,False,42,1,2025-01-13 01:00:00,2025-01-16 22:00:00,94,435.55,True,True,449.9659234896186,0.0,449.9659234896186,20.095285377996333,0.015999415998521727,0.0
ablate_prophet_broad,prophet,frozen,broad,False,42,1,2025-01-13 01:00:00,2025-01-16 23:00:00,95,532.22,True,True,541.135369320462,0.0,541.135369320462,20.095285377996333,0.015999415998521727,0.0
ablate_prophet_broad,prophet,frozen,broad,False,42,1,2025-01-13 01:00:00,2025-01-17 00:00:00,96,641.2,True,True,650.5984705319325,0.0,650.5984705319325,20.095285377996333,0.015999415998521727,0.0
ablate_prophet_broad,prophet,frozen,broad,False,42,1,2025-01-13 01:00:00,2025-01-17 01:00:00,97,746.25,True,True,760.4514906624503,0.0,760.4514906624503,20.095285377996333,0.015999415998521727,0.0
ablate_prophet_broad,prophet,frozen,broad,False,42,1,2025-01-13 01:00:00,2025-01-17 02:00:00,98,848.37,True,True,865.176370782506,0.0,865.176370782506,20.095285377996333,0.015999415998521727,0.0
ablate_prophet_broad,prophet,frozen,broad,False,42,1,2025-01-13 01:00:00,2025-01-17 03:00:00,99,894.42,True,True,912.3607492399576,0.0,912.3607492399576,20.095285377996333,0.015999415998521727,0.0
ablate_prophet_broad,prophet,frozen,broad,False,42,1,2025-01-13 01:00:00,2025-01-17 04:00:00,100,531.09,True,True,531.1989597563967,0.0,531.1989597563967,20.095285377996333,0.015999415998521727,0.0
ablate_prophet_broad,prophet,frozen,broad,False,42,1,2025-01-13 01:00:00,2025-01-17 05:00:00,101,509.3,True,True,494.8733561862451,0.0,494.8733561862451,20.095285377996333,0.015999415998521727,0.0
ablate_prophet_broad,prophet,frozen,broad,False,42,1,2025-01-13 01:00:00,2025-01-17 06:00:00,102,496.87,True,True,475.1408861587324,0.0,475.1408861587324,20.095285377996333,0.015999415998521727,0.0
ablate_prophet_broad,prophet,frozen,broad,False,42,1,2025-01-13 01:00:00,2025-01-17 07:00:00,103,497.75,True,True,482.4275159808044,0.0,482.4275159808044,20.095285377996333,0.015999415998521727,0.0
ablate_prophet_broad,prophet,frozen,broad,False,42,1,2025-01-13 01:00:00,2025-01-17 08:00:00,104,551.56,True,True,547.8188290074094,0.0,547.8188290074094,20.095285377996333,0.015999415998521727,0.0
ablate_prophet_broad,prophet,frozen,broad,False,42,1,2025-01-13 01:00:00,2025-01-17 09:00:00,105,621.64,True,True,632.2428064692597,0.0,632.2428064692597,20.095285377996333,0.015999415998521727,0.0
ablate_prophet_broad,prophet,frozen,broad,False,42,1,2025-01-13 01:00:00,2025-01-17 10:00:00,106,732.46,True,True,744.6729404965862,0.0,744.6729404965862,20.095285377996333,0.015999415998521727,0.0
ablate_prophet_broad,prophet,frozen,broad,False,42,1,2025-01-13 01:00:00,2025-01-17 11:00:00,107,899.52,True,True,915.756745657052,0.0,915.756745657052,20.095285377996333,0.015999415998521727,0.0
ablate_prophet_broad,prophet,frozen,broad,False,42,1,2025-01-13 01:00:00,2025-01-17 12:00:00,108,1077.14,True,True,1093.2257440023889,0.0,1093.2257440023889,20.095285377996333,0.015999415998521727,0.0
ablate_prophet_broad,prophet,frozen,broad,False,42,1,2025-01-13 01:00:00,2025-01-17 13:00:00,109,1212.6,True,True,1230.8665381998371,0.0,1230.8665381998371,20.095285377996333,0.015999415998521727,0.0
ablate_prophet_broad,prophet,frozen,broad,False,42,1,2025-01-13 01:00:00,2025-01-17 14:00:00,110,1314.23,True,True,1344.778359503191,0.0,1344.778359503191,20.095285377996333,0.015999415998521727,0.0
ablate_prophet_broad,prophet,frozen,broad,False,42,1,2025-01-13 01:00:00,2025-01-17 15:00:00,111,1345.67,True,True,1374.6194549775475,0.0,1374.6194549775475,20.095285377996333,0.015999415998521727,0.0
ablate_prophet_broad,prophet,frozen,broad,False,42,1,2025-01-13 01:00:00,2025-01-17 16:00:00,112,1265.23,True,True,1287.5475297297041,0.0,1287.5475297297041,20.095285377996333,0.015999415998521727,0.0
ablate_prophet_broad,prophet,frozen,broad,False,42,1,2025-01-13 01:00:00,2025-01-17 17:00:00,113,1130.31,True,True,1154.694101822296,0.0,1154.694101822296,20.095285377996333,0.015999415998521727,0.0
ablate_prophet_broad,prophet,frozen,broad,False,42,1,2025-01-13 01:00:00,2025-01-17 18:00:00,114,976.9,True,True,990.4984545769186,0.0,990.4984545769186,20.095285377996333,0.015999415998521727,0.0
ablate_prophet_broad,prophet,frozen,broad,False,42,1,2025-01-13 01:00:00,2025-01-17 19:00:00,115,850.99,True,True,862.4428567482224,0.0,862.4428567482224,20.095285377996333,0.015999415998521727,0.0
ablate_prophet_broad,prophet,frozen,broad,False,42,1,2025-01-13 01:00:00,2025-01-17 20:00:00,116,758.99,True,True,764.6780343166752,0.0,764.6780343166752,20.095285377996333,0.015999415998521727,0.0
ablate_prophet_broad,prophet,frozen,broad,False,42,1,2025-01-13 01:00:00,2025-01-17 21:00:00,117,692.69,True,True,693.5175021721443,0.0,693.5175021721443,20.095285377996333,0.015999415998521727,0.0
ablate_prophet_broad,prophet,frozen,broad,False,42,1,2025-01-13 01:00:00,2025-01-17 22:00:00,118,630.07,True,True,626.1810317706431,0.0,626.1810317706431,20.095285377996333,0.015999415998521727,0.0
ablate_prophet_broad,prophet,frozen,broad,False,42,1,2025-01-13 01:00:00,2025-01-17 23:00:00,119,622.89,True,True,614.697906646294,0.0,614.697906646294,20.095285377996333,0.015999415998521727,0.0
ablate_prophet_broad,prophet,frozen,broad,False,42,1,2025-01-13 01:00:00,2025-01-18 00:00:00,120,645.64,True,True,634.0985367897965,0.0,634.0985367897965,20.095285377996333,0.015999415998521727,0.0
ablate_prophet_broad,prophet,frozen,broad,False,42,1,2025-01-13 01:00:00,2025-01-18 01:00:00,121,650.54,True,True,641.0570219630413,0.0,641.0570219630413,20.095285377996333,0.015999415998521727,0.0
ablate_prophet_broad,prophet,frozen,broad,False,42,1,2025-01-13 01:00:00,2025-01-18 02:00:00,122,657.67,True,True,653.6218432145686,0.0,653.6218432145686,20.095285377996333,0.015999415998521727,0.0
ablate_prophet_broad,prophet,frozen,broad,False,42,1,2025-01-13 01:00:00,2025-01-18 03:00:00,123,657.83,True,True,657.3352548822319,0.0,657.3352548822319,20.095285377996333,0.015999415998521727,0.0
ablate_prophet_broad,prophet,frozen,broad,False,42,1,2025-01-13 01:00:00,2025-01-18 04:00:00,124,587.58,True,True,585.0436983774416,0.0,585.0436983774416,20.095285377996333,0.015999415998521727,0.0
ablate_prophet_broad,prophet,frozen,broad,False,42,1,2025-01-13 01:00:00,2025-01-18 05:00:00,125,565.86,True,True,557.6943186646549,0.0,557.6943186646549,20.095285377996333,0.015999415998521727,0.0
ablate_prophet_broad,prophet,frozen,broad,False,42,1,2025-01-13 01:00:00,2025-01-18 06:00:00,126,530.85,True,True,521.5829904450325,0.0,521.5829904450325,20.095285377996333,0.015999415998521727,0.0
ablate_prophet_broad,prophet,frozen,broad,False,42,1,2025-01-13 01:00:00,2025-01-18 07:00:00,127,519.16,True,True,505.31025407745904,0.0,505.31025407745904,20.095285377996333,0.015999415998521727,0.0
ablate_prophet_broad,prophet,frozen,broad,False,42,1,2025-01-13 01:00:00,2025-01-18 08:00:00,128,596.14,True,True,573.3071706896205,0.0,573.3071706896205,20.095285377996333,0.015999415998521727,0.0
ablate_prophet_broad,prophet,frozen,broad,False,42,1,2025-01-13 01:00:00,2025-01-18 09:00:00,129,695.65,True,True,672.9900149029863,0.0,672.9900149029863,20.095285377996333,0.015999415998521727,0.0
ablate_prophet_broad,prophet,frozen,broad,False,42,1,2025-01-13 01:00:00,2025-01-18 10:00:00,130,803.42,True,True,785.2760099861398,0.0,785.2760099861398,20.095285377996333,0.015999415998521727,0.0
ablate_prophet_broad,prophet,frozen,broad,False,42,1,2025-01-13 01:00:00,2025-01-18 11:00:00,131,913.99,True,True,901.6338653247713,0.0,901.6338653247713,20.095285377996333,0.015999415998521727,0.0
ablate_prophet_broad,prophet,frozen,broad,False,42,1,2025-01-13 01:00:00,2025-01-18 12:00:00,132,983.6,True,True,977.3307066561639,0.0,977.3307066561639,20.095285377996333,0.015999415998521727,0.0
ablate_prophet_broad,prophet,frozen,broad,False,42,1,2025-01-13 01:00:00,2025-01-18 13:00:00,133,987.13,True,True,989.4037261314362,0.0,989.4037261314362,20.095285377996333,0.015999415998521727,0.0
ablate_prophet_broad,prophet,frozen,broad,False,42,1,2025-01-13 01:00:00,2025-01-18 14:00:00,134,945.19,True,True,951.0266277744744,0.0,951.0266277744744,20.095285377996333,0.015999415998521727,0.0
ablate_prophet_broad,prophet,frozen,broad,False,42,1,2025-01-13 01:00:00,2025-01-18 15:00:00,135,796.17,True,True,815.2410535150216,0.0,815.2410535150216,20.095285377996333,0.015999415998521727,0.0
ablate_prophet_broad,prophet,frozen,broad,False,42,1,2025-01-13 01:00:00,2025-01-18 16:00:00,136,551.72,True,True,569.5884317400016,0.0,569.5884317400016,20.095285377996333,0.015999415998521727,0.0
ablate_prophet_broad,prophet,frozen,broad,False,42,1,2025-01-13 01:00:00,2025-01-18 17:00:00,137,335.28,True,True,347.39125717554816,0.0,347.39125717554816,20.095285377996333,0.015999415998521727,0.0
ablate_prophet_broad,prophet,frozen,broad,False,42,1,2025-01-13 01:00:00,2025-01-18 18:00:00,138,187.69,True,True,193.55005123182036,0.0,193.55005123182036,20.095285377996333,0.015999415998521727,0.0
ablate_prophet_broad,prophet,frozen,broad,False,42,1,2025-01-13 01:00:00,2025-01-18 19:00:00,139,70.81,True,True,85.35764827535766,0.0,85.35764827535766,20.095285377996333,0.015999415998521727,0.0
ablate_prophet_broad,prophet,frozen,broad,False,42,1,2025-01-13 01:00:00,2025-01-18 20:00:00,140,51.73,True,True,71.80173318029117,0.0,71.80173318029117,20.095285377996333,0.015999415998521727,0.0
ablate_prophet_broad,prophet,frozen,broad,False,42,1,2025-01-13 01:00:00,2025-01-18 21:00:00,141,50.45,True,True,74.15061537234703,0.0,74.15061537234703,20.095285377996333,0.015999415998521727,0.0
ablate_prophet_broad,prophet,frozen,broad,False,42,1,2025-01-13 01:00:00,2025-01-18 22:00:00,142,53.33,True,True,78.9450383879601,0.0,78.9450383879601,20.095285377996333,0.015999415998521727,0.0
ablate_prophet_broad,prophet,frozen,broad,False,42,1,2025-01-13 01:00:00,2025-01-18 23:00:00,143,63.47,True,True,88.50641798669336,0.0,88.50641798669336,20.095285377996333,0.015999415998521727,0.0
ablate_prophet_broad,prophet,frozen,broad,False,42,1,2025-01-13 01:00:00,2025-01-19 00:00:00,144,73.44,True,True,96.03347799414298,0.0,96.03347799414298,20.095285377996333,0.015999415998521727,0.0
ablate_prophet_broad,prophet,frozen,broad,False,42,1,2025-01-13 01:00:00,2025-01-19 01:00:00,145,78.05,True,True,97.60469915047167,0.0,97.60469915047167,20.095285377996333,0.015999415998521727,0.0
ablate_prophet_broad,prophet,frozen,broad,False,42,1,2025-01-13 01:00:00,2025-01-19 02:00:00,146,78.83,True,True,96.66523561313224,0.0,96.66523561313224,20.095285377996333,0.015999415998521727,0.0
ablate_prophet_broad,prophet,frozen,broad,False,42,1,2025-01-13 01:00:00,2025-01-19 03:00:00,147,76.0,True,True,94.54494454689325,0.0,94.54494454689325,20.095285377996333,0.015999415998521727,0.0
ablate_prophet_broad,prophet,frozen,broad,False,42,1,2025-01-13 01:00:00,2025-01-19 04:00:00,148,72.06,True,True,92.30522730007482,0.0,92.30522730007482,20.095285377996333,0.015999415998521727,0.0
ablate_prophet_broad,prophet,frozen,broad,False,42,1,2025-01-13 01:00:00,2025-01-19 05:00:00,149,67.78,True,True,87.88360903663309,0.0,87.88360903663309,20.095285377996333,0.015999415998521727,0.0
ablate_prophet_broad,prophet,frozen,broad,False,42,1,2025-01-13 01:00:00,2025-01-19 06:00:00,150,64.1,True,True,81.77632048124306,0.0,81.77632048124306,20.095285377996333,0.015999415998521727,0.0
ablate_prophet_broad,prophet,frozen,broad,False,42,1,2025-01-13 01:00:00,2025-01-19 07:00:00,151,88.26,True,True,104.08612598145004,0.0,104.08612598145004,20.095285377996333,0.015999415998521727,0.0
ablate_prophet_broad,prophet,frozen,broad,False,42,1,2025-01-13 01:00:00,2025-01-19 08:00:00,152,151.64,True,True,163.59272551013254,0.0,163.59272551013254,20.095285377996333,0.015999415998521727,0.0
ablate_prophet_broad,prophet,frozen,broad,False,42,1,2025-01-13 01:00:00,2025-01-19 09:00:00,153,235.76,True,True,241.4136640115065,0.0,241.4136640115065,20.095285377996333,0.015999415998521727,0.0
ablate_prophet_broad,prophet,frozen,broad,False,42,1,2025-01-13 01:00:00,2025-01-19 10:00:00,154,322.92,True,True,325.6500668542445,0.0,325.6500668542445,20.095285377996333,0.015999415998521727,0.0
ablate_prophet_broad,prophet,frozen,broad,False,42,1,2025-01-13 01:00:00,2025-01-19 11:00:00,155,425.28,True,True,426.6114512890772,0.0,426.6114512890772,20.095285377996333,0.015999415998521727,0.0
ablate_prophet_broad,prophet,frozen,broad,False,42,1,2025-01-13 01:00:00,2025-01-19 12:00:00,156,528.69,True,True,530.9332629079879,0.0,530.9332629079879,20.095285377996333,0.015999415998521727,0.0
ablate_prophet_broad,prophet,frozen,broad,False,42,1,2025-01-13 01:00:00,2025-01-19 13:00:00,157,600.77,True,True,611.2549484384069,0.0,611.2549484384069,20.095285377996333,0.015999415998521727,0.0
ablate_prophet_broad,prophet,frozen,broad,False,42,1,2025-01-13 01:00:00,2025-01-19 14:00:00,158,666.52,True,True,689.6056436495145,0.0,689.6056436495145,20.095285377996333,0.015999415998521727,0.0
ablate_prophet_broad,prophet,frozen,broad,False,42,1,2025-01-13 01:00:00,2025-01-19 15:00:00,159,689.04,True,True,711.9515734523361,0.0,711.9515734523361,20.095285377996333,0.015999415998521727,0.0
ablate_prophet_broad,prophet,frozen,broad,False,42,1,2025-01-13 01:00:00,2025-01-19 16:00:00,160,624.14,True,True,649.1435221326605,0.0,649.1435221326605,20.095285377996333,0.015999415998521727,0.0
ablate_prophet_broad,prophet,frozen,broad,False,42,1,2025-01-13 01:00:00,2025-01-19 17:00:00,161,565.74,True,True,593.1233895669612,0.0,593.1233895669612,20.095285377996333,0.015999415998521727,0.0
ablate_prophet_broad,prophet,frozen,broad,False,42,1,2025-01-13 01:00:00,2025-01-19 18:00:00,162,547.88,True,True,573.6120610551103,0.0,573.6120610551103,20.095285377996333,0.015999415998521727,0.0
ablate_prophet_broad,prophet,frozen,broad,False,42,1,2025-01-13 01:00:00,2025-01-19 19:00:00,163,534.29,True,True,554.424819231574,0.0,554.424819231574,20.095285377996333,0.015999415998521727,0.0
ablate_prophet_broad,prophet,frozen,broad,False,42,1,2025-01-13 01:00:00,2025-01-19 20:00:00,164,513.39,True,True,530.5546327203637,0.0,530.5546327203637,20.095285377996333,0.015999415998521727,0.0
ablate_prophet_broad,prophet,frozen,broad,False,42,1,2025-01-13 01:00:00,2025-01-19 21:00:00,165,493.43,True,True,508.042199919018,0.0,508.042199919018,20.095285377996333,0.015999415998521727,0.0
ablate_prophet_broad,prophet,frozen,broad,False,42,1,2025-01-13 01:00:00,2025-01-19 22:00:00,166,475.4,True,True,487.3624120850726,0.0,487.3624120850726,20.095285377996333,0.015999415998521727,0.0
ablate_prophet_broad,prophet,frozen,broad,False,42,1,2025-01-13 01:00:00,2025-01-19 23:00:00,167,522.19,True,True,528.0874741778488,0.0,528.0874741778488,20.095285377996333,0.015999415998521727,0.0
ablate_prophet_broad,prophet,frozen,broad,False,42,1,2025-01-13 01:00:00,2025-01-20 00:00:00,168,610.26,True,True,613.2833167881286,0.0,613.2833167881286,20.095285377996333,0.015999415998521727,0.0
ablate_prophet_broad,prophet,frozen,broad,False,42,2,2025-01-20 01:00:00,2025-01-20 01:00:00,1,725.46,True,True,730.0440256152252,0.0,730.0440256152252,0.0,0.015275015000952408,0.0
ablate_prophet_broad,prophet,frozen,broad,False,42,2,2025-01-20 01:00:00,2025-01-20 02:00:00,2,826.46,True,True,833.7799454941037,0.0,833.7799454941037,0.0,0.015275015000952408,0.0
ablate_prophet_broad,prophet,frozen,broad,False,42,2,2025-01-20 01:00:00,2025-01-20 03:00:00,3,867.33,True,True,868.7919990538343,0.0,868.7919990538343,0.0,0.015275015000952408,0.0
ablate_prophet_broad,prophet,frozen,broad,False,42,2,2025-01-20 01:00:00,2025-01-20 04:00:00,4,525.25,True,True,514.4093835907435,0.0,514.4093835907435,0.0,0.015275015000952408,0.0
ablate_prophet_broad,prophet,frozen,broad,False,42,2,2025-01-20 01:00:00,2025-01-20 05:00:00,5,544.06,True,True,518.080179617478,0.0,518.080179617478,0.0,0.015275015000952408,0.0
ablate_prophet_broad,prophet,frozen,broad,False,42,2,2025-01-20 01:00:00,2025-01-20 06:00:00,6,573.14,True,True,538.6770584577375,0.0,538.6770584577375,0.0,0.015275015000952408,0.0
ablate_prophet_broad,prophet,frozen,broad,False,42,2,2025-01-20 01:00:00,2025-01-20 07:00:00,7,644.34,True,True,608.8182689446157,0.0,608.8182689446157,0.0,0.015275015000952408,0.0
ablate_prophet_broad,prophet,frozen,broad,False,42,2,2025-01-20 01:00:00,2025-01-20 08:00:00,8,768.59,True,True,743.0721351728575,0.0,743.0721351728575,0.0,0.015275015000952408,0.0
ablate_prophet_broad,prophet,frozen,broad,False,42,2,2025-01-20 01:00:00,2025-01-20 09:00:00,9,875.14,True,True,868.7532745158212,0.0,868.7532745158212,0.0,0.015275015000952408,0.0
ablate_prophet_broad,prophet,frozen,broad,False,42,2,2025-01-20 01:00:00,2025-01-20 10:00:00,10,1001.02,True,True,989.4476636986449,0.0,989.4476636986449,0.0,0.015275015000952408,0.0
ablate_prophet_broad,prophet,frozen,broad,False,42,2,2025-01-20 01:00:00,2025-01-20 11:00:00,11,1166.84,True,True,1144.8758145481863,0.0,1144.8758145481863,0.0,0.015275015000952408,0.0
ablate_prophet_broad,prophet,frozen,broad,False,42,2,2025-01-20 01:00:00,2025-01-20 12:00:00,12,1325.63,True,True,1282.7612303864178,0.0,1282.7612303864178,0.0,0.015275015000952408,0.0
ablate_prophet_broad,prophet,frozen,broad,False,42,2,2025-01-20 01:00:00,2025-01-20 13:00:00,13,1407.51,True,True,1356.1969282858547,0.0,1356.1969282858547,0.0,0.015275015000952408,0.0
ablate_prophet_broad,prophet,frozen,broad,False,42,2,2025-01-20 01:00:00,2025-01-20 14:00:00,14,1387.02,True,True,1320.3088720772455,0.0,1320.3088720772455,0.0,0.015275015000952408,0.0
ablate_prophet_broad,prophet,frozen,broad,False,42,2,2025-01-20 01:00:00,2025-01-20 15:00:00,15,1216.89,True,True,1158.116679120626,0.0,1158.116679120626,0.0,0.015275015000952408,0.0
ablate_prophet_broad,prophet,frozen,broad,False,42,2,2025-01-20 01:00:00,2025-01-20 16:00:00,16,944.65,True,True,914.4055748559199,0.0,914.4055748559199,0.0,0.015275015000952408,0.0
ablate_prophet_broad,prophet,frozen,broad,False,42,2,2025-01-20 01:00:00,2025-01-20 17:00:00,17,687.19,True,True,679.0596740088209,0.0,679.0596740088209,0.0,0.015275015000952408,0.0
ablate_prophet_broad,prophet,frozen,broad,False,42,2,2025-01-20 01:00:00,2025-01-20 18:00:00,18,478.96,True,True,489.5939118085298,0.0,489.5939118085298,0.0,0.015275015000952408,0.0
ablate_prophet_broad,prophet,frozen,broad,False,42,2,2025-01-20 01:00:00,2025-01-20 19:00:00,19,313.01,True,True,327.7605270641119,0.0,327.7605270641119,0.0,0.015275015000952408,0.0
ablate_prophet_broad,prophet,frozen,broad,False,42,2,2025-01-20 01:00:00,2025-01-20 20:00:00,20,213.09,True,True,228.71223540506472,0.0,228.71223540506472,0.0,0.015275015000952408,0.0
ablate_prophet_broad,prophet,frozen,broad,False,42,2,2025-01-20 01:00:00,2025-01-20 21:00:00,21,155.66,True,True,171.11529553074013,0.0,171.11529553074013,0.0,0.015275015000952408,0.0
ablate_prophet_broad,prophet,frozen,broad,False,42,2,2025-01-20 01:00:00,2025-01-20 22:00:00,22,117.04,True,True,137.26265492629958,0.0,137.26265492629958,0.0,0.015275015000952408,0.0
ablate_prophet_broad,prophet,frozen,broad,False,42,2,2025-01-20 01:00:00,2025-01-20 23:00:00,23,122.72,True,True,146.19610828903535,0.0,146.19610828903535,0.0,0.015275015000952408,0.0
ablate_prophet_broad,prophet,frozen,broad,False,42,2,2025-01-20 01:00:00,2025-01-21 00:00:00,24,142.38,True,True,164.93222775637767,0.0,164.93222775637767,0.0,0.015275015000952408,0.0
ablate_prophet_broad,prophet,frozen,broad,False,42,2,2025-01-20 01:00:00,2025-01-21 01:00:00,25,144.76,True,True,166.71392700556078,0.0,166.71392700556078,0.0,0.015275015000952408,0.0
ablate_prophet_broad,prophet,frozen,broad,False,42,2,2025-01-20 01:00:00,2025-01-21 02:00:00,26,139.09,True,True,158.12236277726225,0.0,158.12236277726225,0.0,0.015275015000952408,0.0
ablate_prophet_broad,prophet,frozen,broad,False,42,2,2025-01-20 01:00:00,2025-01-21 03:00:00,27,125.87,True,True,142.01162588795538,0.0,142.01162588795538,0.0,0.015275015000952408,0.0
ablate_prophet_broad,prophet,frozen,broad,False,42,2,2025-01-20 01:00:00,2025-01-21 04:00:00,28,107.08,True,True,119.35512333684245,0.0,119.35512333684245,0.0,0.015275015000952408,0.0
ablate_prophet_broad,prophet,frozen,broad,False,42,2,2025-01-20 01:00:00,2025-01-21 05:00:00,29,96.0,True,True,105.85760325540467,0.0,105.85760325540467,0.0,0.015275015000952408,0.0
ablate_prophet_broad,prophet,frozen,broad,False,42,2,2025-01-20 01:00:00,2025-01-21 06:00:00,30,82.98,True,True,88.2161060509866,0.0,88.2161060509866,0.0,0.015275015000952408,0.0
ablate_prophet_broad,prophet,frozen,broad,False,42,2,2025-01-20 01:00:00,2025-01-21 07:00:00,31,134.66,True,True,140.91070279818427,0.0,140.91070279818427,0.0,0.015275015000952408,0.0
ablate_prophet_broad,prophet,frozen,broad,False,42,2,2025-01-20 01:00:00,2025-01-21 08:00:00,32,258.48,True,True,261.6849293083907,0.0,261.6849293083907,0.0,0.015275015000952408,0.0
ablate_prophet_broad,prophet,frozen,broad,False,42,2,2025-01-20 01:00:00,2025-01-21 09:00:00,33,411.48,True,True,410.5090843576984,0.0,410.5090843576984,0.0,0.015275015000952408,0.0
ablate_prophet_broad,prophet,frozen,broad,False,42,2,2025-01-20 01:00:00,2025-01-21 10:00:00,34,543.68,True,True,531.770361351219,0.0,531.770361351219,0.0,0.015275015000952408,0.0
ablate_prophet_broad,prophet,frozen,broad,False,42,2,2025-01-20 01:00:00,2025-01-21 11:00:00,35,649.79,True,True,629.2493019126975,0.0,629.2493019126975,0.0,0.015275015000952408,0.0
ablate_prophet_broad,prophet,frozen,broad,False,42,2,2025-01-20 01:00:00,2025-01-21 12:00:00,36,729.62,True,True,703.4063098990046,0.0,703.4063098990046,0.0,0.015275015000952408,0.0
ablate_prophet_broad,prophet,frozen,broad,False,42,2,2025-01-20 01:00:00,2025-01-21 13:00:00,37,778.48,True,True,762.6921271094668,0.0,762.6921271094668,0.0,0.015275015000952408,0.0
ablate_prophet_broad,prophet,frozen,broad,False,42,2,2025-01-20 01:00:00,2025-01-21 14:00:00,38,819.18,True,True,811.8468849452552,0.0,811.8468849452552,0.0,0.015275015000952408,0.0
ablate_prophet_broad,prophet,frozen,broad,False,42,2,2025-01-20 01:00:00,2025-01-21 15:00:00,39,779.92,True,True,777.2417611859113,0.0,777.2417611859113,0.0,0.015275015000952408,0.0
ablate_prophet_broad,prophet,frozen,broad,False,42,2,2025-01-20 01:00:00,2025-01-21 16:00:00,40,569.49,True,True,565.7627891563698,0.0,565.7627891563698,0.0,0.015275015000952408,0.0
ablate_prophet_broad,prophet,frozen,broad,False,42,2,2025-01-20 01:00:00,2025-01-21 17:00:00,41,418.23,True,True,410.7582719943581,0.0,410.7582719943581,0.0,0.015275015000952408,0.0
ablate_prophet_broad,prophet,frozen,broad,False,42,2,2025-01-20 01:00:00,2025-01-21 18:00:00,42,330.57,True,True,331.0965971488431,0.0,331.0965971488431,0.0,0.015275015000952408,0.0
ablate_prophet_broad,prophet,frozen,broad,False,42,2,2025-01-20 01:00:00,2025-01-21 19:00:00,43,296.2,True,True,304.73053697724475,0.0,304.73053697724475,0.0,0.015275015000952408,0.0
ablate_prophet_broad,prophet,frozen,broad,False,42,2,2025-01-20 01:00:00,2025-01-21 20:00:00,44,291.54,True,True,307.40227352431225,0.0,307.40227352431225,0.0,0.015275015000952408,0.0
ablate_prophet_broad,prophet,frozen,broad,False,42,2,2025-01-20 01:00:00,2025-01-21 21:00:00,45,302.63,True,True,321.8183005542097,0.0,321.8183005542097,0.0,0.015275015000952408,0.0
ablate_prophet_broad,prophet,frozen,broad,False,42,2,2025-01-20 01:00:00,2025-01-21 22:00:00,46,322.31,True,True,341.1892243226107,0.0,341.1892243226107,0.0,0.015275015000952408,0.0
ablate_prophet_broad,prophet,frozen,broad,False,42,2,2025-01-20 01:00:00,2025-01-21 23:00:00,47,399.19,True,True,416.40312442411204,0.0,416.40312442411204,0.0,0.015275015000952408,0.0
ablate_prophet_broad,prophet,frozen,broad,False,42,2,2025-01-20 01:00:00,2025-01-22 00:00:00,48,520.33,True,True,535.7797379156841,0.0,535.7797379156841,0.0,0.015275015000952408,0.0
ablate_prophet_broad,prophet,frozen,broad,False,42,2,2025-01-20 01:00:00,2025-01-22 01:00:00,49,640.07,True,True,657.8220218856138,0.0,657.8220218856138,0.0,0.015275015000952408,0.0
ablate_prophet_broad,prophet,frozen,broad,False,42,2,2025-01-20 01:00:00,2025-01-22 02:00:00,50,695.1,True,True,713.7440766083627,0.0,713.7440766083627,0.0,0.015275015000952408,0.0
ablate_prophet_broad,prophet,frozen,broad,False,42,2,2025-01-20 01:00:00,2025-01-22 03:00:00,51,652.64,True,True,673.5935181319919,0.0,673.5935181319919,0.0,0.015275015000952408,0.0
ablate_prophet_broad,prophet,frozen,broad,False,42,2,2025-01-20 01:00:00,2025-01-22 04:00:00,52,343.67,True,True,347.11467379401785,0.0,347.11467379401785,0.0,0.015275015000952408,0.0
ablate_prophet_broad,prophet,frozen,broad,False,42,2,2025-01-20 01:00:00,2025-01-22 05:00:00,53,321.46,True,True,318.6436084142308,0.0,318.6436084142308,0.0,0.015275015000952408,0.0
ablate_prophet_broad,prophet,frozen,broad,False,42,2,2025-01-20 01:00:00,2025-01-22 06:00:00,54,326.17,True,True,323.054482609161,0.0,323.054482609161,0.0,0.015275015000952408,0.0
ablate_prophet_broad,prophet,frozen,broad,False,42,2,2025-01-20 01:00:00,2025-01-22 07:00:00,55,357.09,True,True,358.13474475349057,0.0,358.13474475349057,0.0,0.015275015000952408,0.0
ablate_prophet_broad,prophet,frozen,broad,False,42,2,2025-01-20 01:00:00,2025-01-22 08:00:00,56,447.95,True,True,453.13596377943236,0.0,453.13596377943236,0.0,0.015275015000952408,0.0
ablate_prophet_broad,prophet,frozen,broad,False,42,2,2025-01-20 01:00:00,2025-01-22 09:00:00,57,548.05,True,True,561.2213896079782,0.0,561.2213896079782,0.0,0.015275015000952408,0.0
ablate_prophet_broad,prophet,frozen,broad,False,42,2,2025-01-20 01:00:00,2025-01-22 10:00:00,58,646.34,True,True,659.8049519826351,0.0,659.8049519826351,0.0,0.015275015000952408,0.0
ablate_prophet_broad,prophet,frozen,broad,False,42,2,2025-01-20 01:00:00,2025-01-22 11:00:00,59,787.36,True,True,799.3048476242864,0.0,799.3048476242864,0.0,0.015275015000952408,0.0
ablate_prophet_broad,prophet,frozen,broad,False,42,2,2025-01-20 01:00:00,2025-01-22 12:00:00,60,948.84,True,True,955.9365908376844,0.0,955.9365908376844,0.0,0.015275015000952408,0.0
ablate_prophet_broad,prophet,frozen,broad,False,42,2,2025-01-20 01:00:00,2025-01-22 13:00:00,61,1067.15,True,True,1064.524951626576,0.0,1064.524951626576,0.0,0.015275015000952408,0.0
ablate_prophet_broad,prophet,frozen,broad,False,42,2,2025-01-20 01:00:00,2025-01-22 14:00:00,62,1167.19,True,True,1178.373402254499,0.0,1178.373402254499,0.0,0.015275015000952408,0.0
ablate_prophet_broad,prophet,frozen,broad,False,42,2,2025-01-20 01:00:00,2025-01-22 15:00:00,63,1242.8,True,True,1263.919261180243,0.0,1263.919261180243,0.0,0.015275015000952408,0.0
ablate_prophet_broad,prophet,frozen,broad,False,42,2,2025-01-20 01:00:00,2025-01-22 16:00:00,64,1192.47,True,True,1238.4616323562163,0.0,1238.4616323562163,0.0,0.015275015000952408,0.0
ablate_prophet_broad,prophet,frozen,broad,False,42,2,2025-01-20 01:00:00,2025-01-22 17:00:00,65,1053.76,True,True,1112.3179732221063,0.0,1112.3179732221063,0.0,0.015275015000952408,0.0
ablate_prophet_broad,prophet,frozen,broad,False,42,2,2025-01-20 01:00:00,2025-01-22 18:00:00,66,901.85,True,True,961.5308858468675,0.0,961.5308858468675,0.0,0.015275015000952408,0.0
ablate_prophet_broad,prophet,frozen,broad,False,42,2,2025-01-20 01:00:00,2025-01-22 19:00:00,67,812.84,True,True,875.6984558136592,0.0,875.6984558136592,0.0,0.015275015000952408,0.0
ablate_prophet_broad,prophet,frozen,broad,False,42,2,2025-01-20 01:00:00,2025-01-22 20:00:00,68,759.59,True,True,820.6501596157455,0.0,820.6501596157455,0.0,0.015275015000952408,0.0
ablate_prophet_broad,prophet,frozen,broad,False,42,2,2025-01-20 01:00:00,2025-01-22 21:00:00,69,684.71,True,True,740.821081452731,0.0,740.821081452731,0.0,0.015275015000952408,0.0
ablate_prophet_broad,prophet,frozen,broad,False,42,2,2025-01-20 01:00:00,2025-01-22 22:00:00,70,605.17,True,True,655.9722421098048,0.0,655.9722421098048,0.0,0.015275015000952408,0.0
ablate_prophet_broad,prophet,frozen,broad,False,42,2,2025-01-20 01:00:00,2025-01-22 23:00:00,71,664.7,True,True,702.815884758544,0.0,702.815884758544,0.0,0.015275015000952408,0.0
ablate_prophet_broad,prophet,frozen,broad,False,42,2,2025-01-20 01:00:00,2025-01-23 00:00:00,72,843.76,True,True,864.4099582758964,0.0,864.4099582758964,0.0,0.015275015000952408,0.0
ablate_prophet_broad,prophet,frozen,broad,False,42,2,2025-01-20 01:00:00,2025-01-23 01:00:00,73,975.06,True,True,985.5458196085028,0.0,985.5458196085028,0.0,0.015275015000952408,0.0
ablate_prophet_broad,prophet,frozen,broad,False,42,2,2025-01-20 01:00:00,2025-01-23 02:00:00,74,991.71,True,True,1008.53301104778,0.0,1008.53301104778,0.0,0.015275015000952408,0.0
ablate_prophet_broad,prophet,frozen,broad,False,42,2,2025-01-20 01:00:00,2025-01-23 03:00:00,75,924.72,True,True,954.0678121745391,0.0,954.0678121745391,0.0,0.015275015000952408,0.0
ablate_prophet_broad,prophet,frozen,broad,False,42,2,2025-01-20 01:00:00,2025-01-23 04:00:00,76,474.65,True,True,480.7056340860606,0.0,480.7056340860606,0.0,0.015275015000952408,0.0
ablate_prophet_broad,prophet,frozen,broad,False,42,2,2025-01-20 01:00:00,2025-01-23 05:00:00,77,438.4,True,True,444.9223624014652,0.0,444.9223624014652,0.0,0.015275015000952408,0.0
ablate_prophet_broad,prophet,frozen,broad,False,42,2,2025-01-20 01:00:00,2025-01-23 06:00:00,78,445.58,True,True,453.1381146866696,0.0,453.1381146866696,0.0,0.015275015000952408,0.0
ablate_prophet_broad,prophet,frozen,broad,False,42,2,2025-01-20 01:00:00,2025-01-23 07:00:00,79,486.7,True,True,494.94170604797705,0.0,494.94170604797705,0.0,0.015275015000952408,0.0
ablate_prophet_broad,prophet,frozen,broad,False,42,2,2025-01-20 01:00:00,2025-01-23 08:00:00,80,576.78,True,True,585.7942798844605,0.0,585.7942798844605,0.0,0.015275015000952408,0.0
ablate_prophet_broad,prophet,frozen,broad,False,42,2,2025-01-20 01:00:00,2025-01-23 09:00:00,81,661.89,True,True,671.8475908028349,0.0,671.8475908028349,0.0,0.015275015000952408,0.0
ablate_prophet_broad,prophet,frozen,broad,False,42,2,2025-01-20 01:00:00,2025-01-23 10:00:00,82,740.78,True,True,747.6292697650435,0.0,747.6292697650435,0.0,0.015275015000952408,0.0
ablate_prophet_broad,prophet,frozen,broad,False,42,2,2025-01-20 01:00:00,2025-01-23 11:00:00,83,863.55,True,True,864.9743651979186,0.0,864.9743651979186,0.0,0.015275015000952408,0.0
ablate_prophet_broad,prophet,frozen,broad,False,42,2,2025-01-20 01:00:00,2025-01-23 12:00:00,84,1008.56,True,True,996.3919688240717,0.0,996.3919688240717,0.0,0.015275015000952408,0.0
ablate_prophet_broad,prophet,frozen,broad,False,42,2,2025-01-20 01:00:00,2025-01-23 13:00:00,85,1092.07,True,True,1068.5743431814385,0.0,1068.5743431814385,0.0,0.015275015000952408,0.0
ablate_prophet_broad,prophet,frozen,broad,False,42,2,2025-01-20 01:00:00,2025-01-23 14:00:00,86,1109.14,True,True,1083.4319628404007,0.0,1083.4319628404007,0.0,0.015275015000952408,0.0
ablate_prophet_broad,prophet,frozen,broad,False,42,2,2025-01-20 01:00:00,2025-01-23 15:00:00,87,1049.86,True,True,1027.6999662428466,0.0,1027.6999662428466,0.0,0.015275015000952408,0.0
ablate_prophet_broad,prophet,frozen,broad,False,42,2,2025-01-20 01:00:00,2025-01-23 16:00:00,88,952.31,True,True,937.6092248345008,0.0,937.6092248345008,0.0,0.015275015000952408,0.0
ablate_prophet_broad,prophet,frozen,broad,False,42,2,2025-01-20 01:00:00,2025-01-23 17:00:00,89,829.65,True,True,829.5598885371751,0.0,829.5598885371751,0.0,0.015275015000952408,0.0
ablate_prophet_broad,prophet,frozen,broad,False,42,2,2025-01-20 01:00:00,2025-01-23 18:00:00,90,690.4,True,True,694.9454262756548,0.0,694.9454262756548,0.0,0.015275015000952408,0.0
ablate_prophet_broad,prophet,frozen,broad,False,42,2,2025-01-20 01:00:00,2025-01-23 19:00:00,91,558.33,True,True,569.3641466197536,0.0,569.3641466197536,0.0,0.015275015000952408,0.0
ablate_prophet_broad,prophet,frozen,broad,False,42,2,2025-01-20 01:00:00,2025-01-23 20:00:00,92,478.93,True,True,494.67649354625667,0.0,494.67649354625667,0.0,0.015275015000952408,0.0
ablate_prophet_broad,prophet,frozen,broad,False,42,2,2025-01-20 01:00:00,2025-01-23 21:00:00,93,443.28,True,True,459.8356128808151,0.0,459.8356128808151,0.0,0.015275015000952408,0.0
ablate_prophet_broad,prophet,frozen,broad,False,42,2,2025-01-20 01:00:00,2025-01-23 22:00:00,94,413.31,True,True,430.9668040596589,0.0,430.9668040596589,0.0,0.015275015000952408,0.0
ablate_prophet_broad,prophet,frozen,broad,False,42,2,2025-01-20 01:00:00,2025-01-23 23:00:00,95,460.36,True,True,476.06320505564474,0.0,476.06320505564474,0.0,0.015275015000952408,0.0
ablate_prophet_broad,prophet,frozen,broad,False,42,2,2025-01-20 01:00:00,2025-01-24 00:00:00,96,559.5,True,True,576.6879801300148,0.0,576.6879801300148,0.0,0.015275015000952408,0.0
ablate_prophet_broad,prophet,frozen,broad,False,42,2,2025-01-20 01:00:00,2025-01-24 01:00:00,97,616.25,True,True,636.8388856609982,0.0,636.8388856609982,0.0,0.015275015000952408,0.0
ablate_prophet_broad,prophet,frozen,broad,False,42,2,2025-01-20 01:00:00,2025-01-24 02:00:00,98,613.07,True,True,639.3126851809183,0.0,639.3126851809183,0.0,0.015275015000952408,0.0
ablate_prophet_broad,prophet,frozen,broad,False,42,2,2025-01-20 01:00:00,2025-01-24 03:00:00,99,543.29,True,True,574.5069895358979,0.0,574.5069895358979,0.0,0.015275015000952408,0.0
ablate_prophet_broad,prophet,frozen,broad,False,42,2,2025-01-20 01:00:00,2025-01-24 04:00:00,100,286.26,True,True,301.2046578088262,0.0,301.2046578088262,0.0,0.015275015000952408,0.0
ablate_prophet_broad,prophet,frozen,broad,False,42,2,2025-01-20 01:00:00,2025-01-24 05:00:00,101,305.56,True,True,320.07435916862994,0.0,320.07435916862994,0.0,0.015275015000952408,0.0
ablate_prophet_broad,prophet,frozen,broad,False,42,2,2025-01-20 01:00:00,2025-01-24 06:00:00,102,350.29,True,True,361.1321764104247,0.0,361.1321764104247,0.0,0.015275015000952408,0.0
ablate_prophet_broad,prophet,frozen,broad,False,42,2,2025-01-20 01:00:00,2025-01-24 07:00:00,103,409.8,True,True,411.3264747876046,0.0,411.3264747876046,0.0,0.015275015000952408,0.0
ablate_prophet_broad,prophet,frozen,broad,False,42,2,2025-01-20 01:00:00,2025-01-24 08:00:00,104,513.01,True,True,508.7334699649607,0.0,508.7334699649607,0.0,0.015275015000952408,0.0
ablate_prophet_broad,prophet,frozen,broad,False,42,2,2025-01-20 01:00:00,2025-01-24 09:00:00,105,630.05,True,True,615.6426698122439,0.0,615.6426698122439,0.0,0.015275015000952408,0.0
ablate_prophet_broad,prophet,frozen,broad,False,42,2,2025-01-20 01:00:00,2025-01-24 10:00:00,106,743.14,True,True,714.1876351419139,0.0,714.1876351419139,0.0,0.015275015000952408,0.0
ablate_prophet_broad,prophet,frozen,broad,False,42,2,2025-01-20 01:00:00,2025-01-24 11:00:00,107,861.74,True,True,827.326463512046,0.0,827.326463512046,0.0,0.015275015000952408,0.0
ablate_prophet_broad,prophet,frozen,broad,False,42,2,2025-01-20 01:00:00,2025-01-24 12:00:00,108,954.34,True,True,910.4501348832503,0.0,910.4501348832503,0.0,0.015275015000952408,0.0
ablate_prophet_broad,prophet,frozen,broad,False,42,2,2025-01-20 01:00:00,2025-01-24 13:00:00,109,1027.42,True,True,988.0895146251028,0.0,988.0895146251028,0.0,0.015275015000952408,0.0
ablate_prophet_broad,prophet,frozen,broad,False,42,2,2025-01-20 01:00:00,2025-01-24 14:00:00,110,1147.74,True,True,1119.673512800148,0.0,1119.673512800148,0.0,0.015275015000952408,0.0
ablate_prophet_broad,prophet,frozen,broad,False,42,2,2025-01-20 01:00:00,2025-01-24 15:00:00,111,1222.71,True,True,1220.3883717548583,0.0,1220.3883717548583,0.0,0.015275015000952408,0.0
ablate_prophet_broad,prophet,frozen,broad,False,42,2,2025-01-20 01:00:00,2025-01-24 16:00:00,112,1129.13,True,True,1157.8148088479497,0.0,1157.8148088479497,0.0,0.015275015000952408,0.0
ablate_prophet_broad,prophet,frozen,broad,False,42,2,2025-01-20 01:00:00,2025-01-24 17:00:00,113,985.16,True,True,1028.493562061731,0.0,1028.493562061731,0.0,0.015275015000952408,0.0
ablate_prophet_broad,prophet,frozen,broad,False,42,2,2025-01-20 01:00:00,2025-01-24 18:00:00,114,855.28,True,True,903.888616355911,0.0,903.888616355911,0.0,0.015275015000952408,0.0
ablate_prophet_broad,prophet,frozen,broad,False,42,2,2025-01-20 01:00:00,2025-01-24 19:00:00,115,786.21,True,True,834.7265985781353,0.0,834.7265985781353,0.0,0.015275015000952408,0.0
ablate_prophet_broad,prophet,frozen,broad,False,42,2,2025-01-20 01:00:00,2025-01-24 20:00:00,116,748.8,True,True,793.6641559841795,0.0,793.6641559841795,0.0,0.015275015000952408,0.0
ablate_prophet_broad,prophet,frozen,broad,False,42,2,2025-01-20 01:00:00,2025-01-24 21:00:00,117,701.82,True,True,745.0918001552305,0.0,745.0918001552305,0.0,0.015275015000952408,0.0
ablate_prophet_broad,prophet,frozen,broad,False,42,2,2025-01-20 01:00:00,2025-01-24 22:00:00,118,639.36,True,True,669.4697419771687,0.0,669.4697419771687,0.0,0.015275015000952408,0.0
ablate_prophet_broad,prophet,frozen,broad,False,42,2,2025-01-20 01:00:00,2025-01-24 23:00:00,119,683.09,True,True,702.83268088523,0.0,702.83268088523,0.0,0.015275015000952408,0.0
ablate_prophet_broad,prophet,frozen,broad,False,42,2,2025-01-20 01:00:00,2025-01-25 00:00:00,120,867.27,True,True,877.5988155480678,0.0,877.5988155480678,0.0,0.015275015000952408,0.0
ablate_prophet_broad,prophet,frozen,broad,False,42,2,2025-01-20 01:00:00,2025-01-25 01:00:00,121,1043.89,True,True,1033.954735179614,0.0,1033.954735179614,0.0,0.015275015000952408,0.0
ablate_prophet_broad,prophet,frozen,broad,False,42,2,2025-01-20 01:00:00,2025-01-25 02:00:00,122,1139.2,True,True,1133.1056061757438,0.0,1133.1056061757438,0.0,0.015275015000952408,0.0
ablate_prophet_broad,prophet,frozen,broad,False,42,2,2025-01-20 01:00:00,2025-01-25 03:00:00,123,1176.27,True,True,1172.5332917352691,0.0,1172.5332917352691,0.0,0.015275015000952408,0.0
ablate_prophet_broad,prophet,frozen,broad,False,42,2,2025-01-20 01:00:00,2025-01-25 04:00:00,124,775.15,True,True,766.560274609817,0.0,766.560274609817,0.0,0.015275015000952408,0.0
ablate_prophet_broad,prophet,frozen,broad,False,42,2,2025-01-20 01:00:00,2025-01-25 05:00:00,125,681.17,True,True,688.6059285541666,0.0,688.6059285541666,0.0,0.015275015000952408,0.0
ablate_prophet_broad,prophet,frozen,broad,False,42,2,2025-01-20 01:00:00,2025-01-25 06:00:00,126,577.42,True,True,603.2903568707243,0.0,603.2903568707243,0.0,0.015275015000952408,0.0
ablate_prophet_broad,prophet,frozen,broad,False,42,2,2025-01-20 01:00:00,2025-01-25 07:00:00,127,453.48,True,True,493.3922688351272,0.0,493.3922688351272,0.0,0.015275015000952408,0.0
ablate_prophet_broad,prophet,frozen,broad,False,42,2,2025-01-20 01:00:00,2025-01-25 08:00:00,128,405.93,True,True,453.94157370995,0.0,453.94157370995,0.0,0.015275015000952408,0.0
ablate_prophet_broad,prophet,frozen,broad,False,42,2,2025-01-20 01:00:00,2025-01-25 09:00:00,129,380.0,True,True,432.9410383146487,0.0,432.9410383146487,0.0,0.015275015000952408,0.0
ablate_prophet_broad,prophet,frozen,broad,False,42,2,2025-01-20 01:00:00,2025-01-25 10:00:00,130,387.23,True,True,438.0146297092033,0.0,438.0146297092033,0.0,0.015275015000952408,0.0
ablate_prophet_broad,prophet,frozen,broad,False,42,2,2025-01-20 01:00:00,2025-01-25 11:00:00,131,460.41,True,True,506.57778395495905,0.0,506.57778395495905,0.0,0.015275015000952408,0.0
ablate_prophet_broad,prophet,frozen,broad,False,42,2,2025-01-20 01:00:00,2025-01-25 12:00:00,132,570.19,True,True,618.6508693097009,0.0,618.6508693097009,0.0,0.015275015000952408,0.0
ablate_prophet_broad,prophet,frozen,broad,False,42,2,2025-01-20 01:00:00,2025-01-25 13:00:00,133,660.63,True,True,709.8432706087042,0.0,709.8432706087042,0.0,0.015275015000952408,0.0
ablate_prophet_broad,prophet,frozen,broad,False,42,2,2025-01-20 01:00:00,2025-01-25 14:00:00,134,721.7,True,True,770.7117095485819,0.0,770.7117095485819,0.0,0.015275015000952408,0.0
ablate_prophet_broad,prophet,frozen,broad,False,42,2,2025-01-20 01:00:00,2025-01-25 15:00:00,135,754.01,True,True,809.2867369021915,0.0,809.2867369021915,0.0,0.015275015000952408,0.0
ablate_prophet_broad,prophet,frozen,broad,False,42,2,2025-01-20 01:00:00,2025-01-25 16:00:00,136,712.92,True,True,769.7038777099941,0.0,769.7038777099941,0.0,0.015275015000952408,0.0
ablate_prophet_broad,prophet,frozen,broad,False,42,2,2025-01-20 01:00:00,2025-01-25 17:00:00,137,609.77,True,True,665.4496476528764,0.0,665.4496476528764,0.0,0.015275015000952408,0.0
ablate_prophet_broad,prophet,frozen,broad,False,42,2,2025-01-20 01:00:00,2025-01-25 18:00:00,138,476.96,True,True,528.804016060641,0.0,528.804016060641,0.0,0.015275015000952408,0.0
ablate_prophet_broad,prophet,frozen,broad,False,42,2,2025-01-20 01:00:00,2025-01-25 19:00:00,139,397.06,True,True,440.4388883532091,0.0,440.4388883532091,0.0,0.015275015000952408,0.0
ablate_prophet_broad,prophet,frozen,broad,False,42,2,2025-01-20 01:00:00,2025-01-25 20:00:00,140,394.71,True,True,436.0933917505202,0.0,436.0933917505202,0.0,0.015275015000952408,0.0
ablate_prophet_broad,prophet,frozen,broad,False,42,2,2025-01-20 01:00:00,2025-01-25 21:00:00,141,391.82,True,True,423.61185298538385,0.0,423.61185298538385,0.0,0.015275015000952408,0.0
ablate_prophet_broad,prophet,frozen,broad,False,42,2,2025-01-20 01:00:00,2025-01-25 22:00:00,142,411.45,True,True,436.29691829043804,0.0,436.29691829043804,0.0,0.015275015000952408,0.0
ablate_prophet_broad,prophet,frozen,broad,False,42,2,2025-01-20 01:00:00,2025-01-25 23:00:00,143,406.41,True,True,434.28893601786524,0.0,434.28893601786524,0.0,0.015275015000952408,0.0
ablate_prophet_broad,prophet,frozen,broad,False,42,2,2025-01-20 01:00:00,2025-01-26 00:00:00,144,205.05,True,True,228.39323957060643,0.0,228.39323957060643,0.0,0.015275015000952408,0.0
ablate_prophet_broad,prophet,frozen,broad,False,42,2,2025-01-20 01:00:00,2025-01-26 01:00:00,145,38.65,True,True,61.345126839372966,0.0,61.345126839372966,0.0,0.015275015000952408,0.0
ablate_prophet_broad,prophet,frozen,broad,False,42,2,2025-01-20 01:00:00,2025-01-26 02:00:00,146,54.02,True,True,88.99622896512564,0.0,88.99622896512564,0.0,0.015275015000952408,0.0
ablate_prophet_broad,prophet,frozen,broad,False,42,2,2025-01-20 01:00:00,2025-01-26 03:00:00,147,67.85,True,True,113.04757977337124,0.0,113.04757977337124,0.0,0.015275015000952408,0.0
ablate_prophet_broad,prophet,frozen,broad,False,42,2,2025-01-20 01:00:00,2025-01-26 04:00:00,148,68.06,True,True,112.69164259743899,0.0,112.69164259743899,0.0,0.015275015000952408,0.0
ablate_prophet_broad,prophet,frozen,broad,False,42,2,2025-01-20 01:00:00,2025-01-26 05:00:00,149,54.11,True,True,82.27877229807149,0.0,82.27877229807149,0.0,0.015275015000952408,0.0
ablate_prophet_broad,prophet,frozen,broad,False,42,2,2025-01-20 01:00:00,2025-01-26 06:00:00,150,45.58,True,True,64.75516993601548,0.0,64.75516993601548,0.0,0.015275015000952408,0.0
ablate_prophet_broad,prophet,frozen,broad,False,42,2,2025-01-20 01:00:00,2025-01-26 07:00:00,151,39.81,True,True,51.97007402639147,0.0,51.97007402639147,0.0,0.015275015000952408,0.0
ablate_prophet_broad,prophet,frozen,broad,False,42,2,2025-01-20 01:00:00,2025-01-26 08:00:00,152,30.64,True,True,30.945113926177726,0.0,30.945113926177726,0.0,0.015275015000952408,0.0
ablate_prophet_broad,prophet,frozen,broad,False,42,2,2025-01-20 01:00:00,2025-01-26 09:00:00,153,17.53,True,True,5.502427220778685,0.0,5.502427220778685,0.0,0.015275015000952408,0.0
ablate_prophet_broad,prophet,frozen,broad,False,42,2,2025-01-20 01:00:00,2025-01-26 10:00:00,154,10.67,True,True,-9.750190086907622,0.0,-9.750190086907622,0.0,0.015275015000952408,0.0
ablate_prophet_broad,prophet,frozen,broad,False,42,2,2025-01-20 01:00:00,2025-01-26 11:00:00,155,10.11,True,True,-14.756371884862801,0.0,-14.756371884862801,0.0,0.015275015000952408,0.0
ablate_prophet_broad,prophet,frozen,broad,False,42,2,2025-01-20 01:00:00,2025-01-26 12:00:00,156,10.37,True,True,-17.50327612042591,0.0,-17.50327612042591,0.0,0.015275015000952408,0.0
ablate_prophet_broad,prophet,frozen,broad,False,42,2,2025-01-20 01:00:00,2025-01-26 13:00:00,157,9.91,True,True,-18.73693710042221,0.0,-18.73693710042221,0.0,0.015275015000952408,0.0
ablate_prophet_broad,prophet,frozen,broad,False,42,2,2025-01-20 01:00:00,2025-01-26 14:00:00,158,9.75,True,True,-19.124174582796144,0.0,-19.124174582796144,0.0,0.015275015000952408,0.0
ablate_prophet_broad,prophet,frozen,broad,False,42,2,2025-01-20 01:00:00,2025-01-26 15:00:00,159,7.94,True,True,-17.615038281247877,0.0,-17.615038281247877,0.0,0.015275015000952408,0.0
ablate_prophet_broad,prophet,frozen,broad,False,42,2,2025-01-20 01:00:00,2025-01-26 16:00:00,160,4.62,True,True,-17.51923792892373,0.0,-17.51923792892373,0.0,0.015275015000952408,0.0
ablate_prophet_broad,prophet,frozen,broad,False,42,2,2025-01-20 01:00:00,2025-01-26 17:00:00,161,4.76,True,True,-13.663811889550544,0.0,-13.663811889550544,0.0,0.015275015000952408,0.0
ablate_prophet_broad,prophet,frozen,broad,False,42,2,2025-01-20 01:00:00,2025-01-26 18:00:00,162,4.88,True,True,-10.198438655363617,0.0,-10.198438655363617,0.0,0.015275015000952408,0.0
ablate_prophet_broad,prophet,frozen,broad,False,42,2,2025-01-20 01:00:00,2025-01-26 19:00:00,163,5.01,True,True,-7.342878594606503,0.0,-7.342878594606503,0.0,0.015275015000952408,0.0
ablate_prophet_broad,prophet,frozen,broad,False,42,2,2025-01-20 01:00:00,2025-01-26 20:00:00,164,5.47,True,True,-4.915558234809453,0.0,-4.915558234809453,0.0,0.015275015000952408,0.0
ablate_prophet_broad,prophet,frozen,broad,False,42,2,2025-01-20 01:00:00,2025-01-26 21:00:00,165,6.24,True,True,-2.904323325930477,0.0,-2.904323325930477,0.0,0.015275015000952408,0.0
ablate_prophet_broad,prophet,frozen,broad,False,42,2,2025-01-20 01:00:00,2025-01-26 22:00:00,166,8.2,True,True,-1.1604094688051987,0.0,-1.1604094688051987,0.0,0.015275015000952408,0.0
ablate_prophet_broad,prophet,frozen,broad,False,42,2,2025-01-20 01:00:00,2025-01-26 23:00:00,167,17.68,True,True,6.818785742614352,0.0,6.818785742614352,0.0,0.015275015000952408,0.0
ablate_prophet_broad,prophet,frozen,broad,False,42,2,2025-01-20 01:00:00,2025-01-27 00:00:00,168,26.86,True,True,12.665540353679006,0.0,12.665540353679006,0.0,0.015275015000952408,0.0
ablate_prophet_broad,prophet,frozen,broad,False,42,3,2025-01-27 01:00:00,2025-01-27 01:00:00,1,29.97,True,True,12.352907057207545,0.0,12.352907057207545,0.0,0.014675218997581396,0.0
ablate_prophet_broad,prophet,frozen,broad,False,42,3,2025-01-27 01:00:00,2025-01-27 02:00:00,2,25.5,True,True,4.967575620068374,0.0,4.967575620068374,0.0,0.014675218997581396,0.0
ablate_prophet_broad,prophet,frozen,broad,False,42,3,2025-01-27 01:00:00,2025-01-27 03:00:00,3,18.43,True,True,-3.5178900374110356,0.0,-3.5178900374110356,0.0,0.014675218997581396,0.0
ablate_prophet_broad,prophet,frozen,broad,False,42,3,2025-01-27 01:00:00,2025-01-27 04:00:00,4,13.33,True,True,-8.442518929526813,0.0,-8.442518929526813,0.0,0.014675218997581396,0.0
ablate_prophet_broad,prophet,frozen,broad,False,42,3,2025-01-27 01:00:00,2025-01-27 05:00:00,5,11.64,True,True,-9.935769516418304,0.0,-9.935769516418304,0.0,0.014675218997581396,0.0
ablate_prophet_broad,prophet,frozen,broad,False,42,3,2025-01-27 01:00:00,2025-01-27 06:00:00,6,10.81,True,True,-11.680122213266088,0.0,-11.680122213266088,0.0,0.014675218997581396,0.0
ablate_prophet_broad,prophet,frozen,broad,False,42,3,2025-01-27 01:00:00,2025-01-27 07:00:00,7,11.2,True,True,-12.465505678090494,0.0,-12.465505678090494,0.0,0.014675218997581396,0.0
ablate_prophet_broad,prophet,frozen,broad,False,42,3,2025-01-27 01:00:00,2025-01-27 08:00:00,8,13.74,True,True,-13.588092888711003,0.0,-13.588092888711003,0.0,0.014675218997581396,0.0
ablate_prophet_broad,prophet,frozen,broad,False,42,3,2025-01-27 01:00:00,2025-01-27 09:00:00,9,16.54,True,True,-12.445507668838417,0.0,-12.445507668838417,0.0,0.014675218997581396,0.0
ablate_prophet_broad,prophet,frozen,broad,False,42,3,2025-01-27 01:00:00,2025-01-27 10:00:00,10,19.24,True,True,-12.630250353927977,0.0,-12.630250353927977,0.0,0.014675218997581396,0.0
ablate_prophet_broad,prophet,frozen,broad,False,42,3,2025-01-27 01:00:00,2025-01-27 11:00:00,11,24.55,True,True,-10.437809192156323,0.0,-10.437809192156323,0.0,0.014675218997581396,0.0
ablate_prophet_broad,prophet,frozen,broad,False,42,3,2025-01-27 01:00:00,2025-01-27 12:00:00,12,29.62,True,True,-7.329342554367116,0.0,-7.329342554367116,0.0,0.014675218997581396,0.0
ablate_prophet_broad,prophet,frozen,broad,False,42,3,2025-01-27 01:00:00,2025-01-27 13:00:00,13,31.91,True,True,-3.495978823566446,0.0,-3.495978823566446,0.0,0.014675218997581396,0.0
ablate_prophet_broad,prophet,frozen,broad,False,42,3,2025-01-27 01:00:00,2025-01-27 14:00:00,14,34.43,True,True,1.5676693176374386,0.0,1.5676693176374386,0.0,0.014675218997581396,0.0
ablate_prophet_broad,prophet,frozen,broad,False,42,3,2025-01-27 01:00:00,2025-01-27 15:00:00,15,31.05,True,True,2.3930839667755492,0.0,2.3930839667755492,0.0,0.014675218997581396,0.0
ablate_prophet_broad,prophet,frozen,broad,False,42,3,2025-01-27 01:00:00,2025-01-27 16:00:00,16,20.79,True,True,-4.439815653587971,0.0,-4.439815653587971,0.0,0.014675218997581396,0.0
ablate_prophet_broad,prophet,frozen,broad,False,42,3,2025-01-27 01:00:00,2025-01-27 17:00:00,17,16.5,True,True,-5.35157930792883,0.0,-5.35157930792883,0.0,0.014675218997581396,0.0
ablate_prophet_broad,prophet,frozen,broad,False,42,3,2025-01-27 01:00:00,2025-01-27 18:00:00,18,16.18,True,True,-2.043124127649861,0.0,-2.043124127649861,0.0,0.014675218997581396,0.0
ablate_prophet_broad,prophet,frozen,broad,False,42,3,2025-01-27 01:00:00,2025-01-27 19:00:00,19,18.11,True,True,3.5671399083410336,0.0,3.5671399083410336,0.0,0.014675218997581396,0.0
ablate_prophet_broad,prophet,frozen,broad,False,42,3,2025-01-27 01:00:00,2025-01-27 20:00:00,20,21.87,True,True,11.015680341311395,0.0,11.015680341311395,0.0,0.014675218997581396,0.0
ablate_prophet_broad,prophet,frozen,broad,False,42,3,2025-01-27 01:00:00,2025-01-27 21:00:00,21,26.13,True,True,17.728215521698502,0.0,17.728215521698502,0.0,0.014675218997581396,0.0
ablate_prophet_broad,prophet,frozen,broad,False,42,3,2025-01-27 01:00:00,2025-01-27 22:00:00,22,34.51,True,True,26.075433423351512,0.0,26.075433423351512,0.0,0.014675218997581396,0.0
ablate_prophet_broad,prophet,frozen,broad,False,42,3,2025-01-27 01:00:00,2025-01-27 23:00:00,23,68.09,True,True,58.78076448894291,0.0,58.78076448894291,0.0,0.014675218997581396,0.0
ablate_prophet_broad,prophet,frozen,broad,False,42,3,2025-01-27 01:00:00,2025-01-28 00:00:00,24,107.92,True,True,95.47227339091589,0.0,95.47227339091589,0.0,0.014675218997581396,0.0
ablate_prophet_broad,prophet,frozen,broad,False,42,3,2025-01-27 01:00:00,2025-01-28 01:00:00,25,130.36,True,True,117.86017971974347,0.0,117.86017971974347,0.0,0.014675218997581396,0.0
ablate_prophet_broad,prophet,frozen,broad,False,42,3,2025-01-27 01:00:00,2025-01-28 02:00:00,26,126.12,True,True,110.86592613843816,0.0,110.86592613843816,0.0,0.014675218997581396,0.0
ablate_prophet_broad,prophet,frozen,broad,False,42,3,2025-01-27 01:00:00,2025-01-28 03:00:00,27,93.48,True,True,77.95069415067448,0.0,77.95069415067448,0.0,0.014675218997581396,0.0
ablate_prophet_broad,prophet,frozen,broad,False,42,3,2025-01-27 01:00:00,2025-01-28 04:00:00,28,43.26,True,True,29.92728224768669,0.0,29.92728224768669,0.0,0.014675218997581396,0.0
ablate_prophet_broad,prophet,frozen,broad,False,42,3,2025-01-27 01:00:00,2025-01-28 05:00:00,29,30.8,True,True,19.324940933886836,0.0,19.324940933886836,0.0,0.014675218997581396,0.0
ablate_prophet_broad,prophet,frozen,broad,False,42,3,2025-01-27 01:00:00,2025-01-28 06:00:00,30,26.32,True,True,15.210744838581348,0.0,15.210744838581348,0.0,0.014675218997581396,0.0
ablate_prophet_broad,prophet,frozen,broad,False,42,3,2025-01-27 01:00:00,2025-01-28 07:00:00,31,40.43,True,True,27.46745630215281,0.0,27.46745630215281,0.0,0.014675218997581396,0.0
ablate_prophet_broad,prophet,frozen,broad,False,42,3,2025-01-27 01:00:00,2025-01-28 08:00:00,32,80.98,True,True,65.77061781598368,0.0,65.77061781598368,0.0,0.014675218997581396,0.0
ablate_prophet_broad,prophet,frozen,broad,False,42,3,2025-01-27 01:00:00,2025-01-28 09:00:00,33,122.85,True,True,104.11256698749922,0.0,104.11256698749922,0.0,0.014675218997581396,0.0
ablate_prophet_broad,prophet,frozen,broad,False,42,3,2025-01-27 01:00:00,2025-01-28 10:00:00,34,169.86,True,True,148.70124029669134,0.0,148.70124029669134,0.0,0.014675218997581396,0.0
ablate_prophet_broad,prophet,frozen,broad,False,42,3,2025-01-27 01:00:00,2025-01-28 11:00:00,35,246.48,True,True,223.62482896865293,0.0,223.62482896865293,0.0,0.014675218997581396,0.0
ablate_prophet_broad,prophet,frozen,broad,False,42,3,2025-01-27 01:00:00,2025-01-28 12:00:00,36,334.15,True,True,317.6005504896388,0.0,317.6005504896388,0.0,0.014675218997581396,0.0
ablate_prophet_broad,prophet,frozen,broad,False,42,3,2025-01-27 01:00:00,2025-01-28 13:00:00,37,450.84,True,True,449.5477359608926,0.0,449.5477359608926,0.0,0.014675218997581396,0.0
ablate_prophet_broad,prophet,frozen,broad,False,42,3,2025-01-27 01:00:00,2025-01-28 14:00:00,38,612.29,True,True,621.272407254155,0.0,621.272407254155,0.0,0.014675218997581396,0.0
ablate_prophet_broad,prophet,frozen,broad,False,42,3,2025-01-27 01:00:00,2025-01-28 15:00:00,39,711.51,True,True,722.3350378998159,0.0,722.3350378998159,0.0,0.014675218997581396,0.0
ablate_prophet_broad,prophet,frozen,broad,False,42,3,2025-01-27 01:00:00,2025-01-28 16:00:00,40,711.12,True,True,718.7548898229356,0.0,718.7548898229356,0.0,0.014675218997581396,0.0
ablate_prophet_broad,prophet,frozen,broad,False,42,3,2025-01-27 01:00:00,2025-01-28 17:00:00,41,666.48,True,True,677.3640499215425,0.0,677.3640499215425,0.0,0.014675218997581396,0.0
ablate_prophet_broad,prophet,frozen,broad,False,42,3,2025-01-27 01:00:00,2025-01-28 18:00:00,42,580.41,True,True,590.6026150517929,0.0,590.6026150517929,0.0,0.014675218997581396,0.0
ablate_prophet_broad,prophet,frozen,broad,False,42,3,2025-01-27 01:00:00,2025-01-28 19:00:00,43,474.08,True,True,481.12160930620996,0.0,481.12160930620996,0.0,0.014675218997581396,0.0
ablate_prophet_broad,prophet,frozen,broad,False,42,3,2025-01-27 01:00:00,2025-01-28 20:00:00,44,386.53,True,True,387.88256138783686,0.0,387.88256138783686,0.0,0.014675218997581396,0.0
ablate_prophet_broad,prophet,frozen,broad,False,42,3,2025-01-27 01:00:00,2025-01-28 21:00:00,45,319.65,True,True,316.7719455513861,0.0,316.7719455513861,0.0,0.014675218997581396,0.0
ablate_prophet_broad,prophet,frozen,broad,False,42,3,2025-01-27 01:00:00,2025-01-28 22:00:00,46,264.25,True,True,255.90780860201116,0.0,255.90780860201116,0.0,0.014675218997581396,0.0
ablate_prophet_broad,prophet,frozen,broad,False,42,3,2025-01-27 01:00:00,2025-01-28 23:00:00,47,292.83,True,True,282.50483625021184,0.0,282.50483625021184,0.0,0.014675218997581396,0.0
ablate_prophet_broad,prophet,frozen,broad,False,42,3,2025-01-27 01:00:00,2025-01-29 00:00:00,48,360.85,True,True,348.6830644740301,0.0,348.6830644740301,0.0,0.014675218997581396,0.0
ablate_prophet_broad,prophet,frozen,broad,False,42,3,2025-01-27 01:00:00,2025-01-29 01:00:00,49,391.03,True,True,386.9073607086283,0.0,386.9073607086283,0.0,0.014675218997581396,0.0
ablate_prophet_broad,prophet,frozen,broad,False,42,3,2025-01-27 01:00:00,2025-01-29 02:00:00,50,379.71,True,True,376.1041746024747,0.0,376.1041746024747,0.0,0.014675218997581396,0.0
ablate_prophet_broad,prophet,frozen,broad,False,42,3,2025-01-27 01:00:00,2025-01-29 03:00:00,51,323.23,True,True,319.45492197403735,0.0,319.45492197403735,0.0,0.014675218997581396,0.0
ablate_prophet_broad,prophet,frozen,broad,False,42,3,2025-01-27 01:00:00,2025-01-29 04:00:00,52,137.97,True,True,127.80673305979543,0.0,127.80673305979543,0.0,0.014675218997581396,0.0
ablate_prophet_broad,prophet,frozen,broad,False,42,3,2025-01-27 01:00:00,2025-01-29 05:00:00,53,96.23,True,True,87.61179413925558,0.0,87.61179413925558,0.0,0.014675218997581396,0.0
ablate_prophet_broad,prophet,frozen,broad,False,42,3,2025-01-27 01:00:00,2025-01-29 06:00:00,54,65.61,True,True,59.76740681839601,0.0,59.76740681839601,0.0,0.014675218997581396,0.0
ablate_prophet_broad,prophet,frozen,broad,False,42,3,2025-01-27 01:00:00,2025-01-29 07:00:00,55,69.77,True,True,66.34362938584354,0.0,66.34362938584354,0.0,0.014675218997581396,0.0
ablate_prophet_broad,prophet,frozen,broad,False,42,3,2025-01-27 01:00:00,2025-01-29 08:00:00,56,110.08,True,True,106.30492596714244,0.0,106.30492596714244,0.0,0.014675218997581396,0.0
ablate_prophet_broad,prophet,frozen,broad,False,42,3,2025-01-27 01:00:00,2025-01-29 09:00:00,57,151.63,True,True,150.26640851029134,0.0,150.26640851029134,0.0,0.014675218997581396,0.0
ablate_prophet_broad,prophet,frozen,broad,False,42,3,2025-01-27 01:00:00,2025-01-29 10:00:00,58,175.83,True,True,171.32593628168797,0.0,171.32593628168797,0.0,0.014675218997581396,0.0
ablate_prophet_broad,prophet,frozen,broad,False,42,3,2025-01-27 01:00:00,2025-01-29 11:00:00,59,198.35,True,True,186.61502741262117,0.0,186.61502741262117,0.0,0.014675218997581396,0.0
ablate_prophet_broad,prophet,frozen,broad,False,42,3,2025-01-27 01:00:00,2025-01-29 12:00:00,60,223.69,True,True,208.59985970026383,0.0,208.59985970026383,0.0,0.014675218997581396,0.0
ablate_prophet_broad,prophet,frozen,broad,False,42,3,2025-01-27 01:00:00,2025-01-29 13:00:00,61,220.53,True,True,207.56218308461544,0.0,207.56218308461544,0.0,0.014675218997581396,0.0
ablate_prophet_broad,prophet,frozen,broad,False,42,3,2025-01-27 01:00:00,2025-01-29 14:00:00,62,195.37,True,True,183.75478803549458,0.0,183.75478803549458,0.0,0.014675218997581396,0.0
ablate_prophet_broad,prophet,frozen,broad,False,42,3,2025-01-27 01:00:00,2025-01-29 15:00:00,63,145.63,True,True,136.30796230229504,0.0,136.30796230229504,0.0,0.014675218997581396,0.0
ablate_prophet_broad,prophet,frozen,broad,False,42,3,2025-01-27 01:00:00,2025-01-29 16:00:00,64,85.69,True,True,79.25948198096998,0.0,79.25948198096998,0.0,0.014675218997581396,0.0
ablate_prophet_broad,prophet,frozen,broad,False,42,3,2025-01-27 01:00:00,2025-01-29 17:00:00,65,53.71,True,True,47.35120926323077,0.0,47.35120926323077,0.0,0.014675218997581396,0.0
ablate_prophet_broad,prophet,frozen,broad,False,42,3,2025-01-27 01:00:00,2025-01-29 18:00:00,66,36.89,True,True,33.19808424661943,0.0,33.19808424661943,0.0,0.014675218997581396,0.0
ablate_prophet_broad,prophet,frozen,broad,False,42,3,2025-01-27 01:00:00,2025-01-29 19:00:00,67,32.03,True,True,30.592731653182113,0.0,30.592731653182113,0.0,0.014675218997581396,0.0
ablate_prophet_broad,prophet,frozen,broad,False,42,3,2025-01-27 01:00:00,2025-01-29 20:00:00,68,37.18,True,True,35.45854735920318,0.0,35.45854735920318,0.0,0.014675218997581396,0.0
ablate_prophet_broad,prophet,frozen,broad,False,42,3,2025-01-27 01:00:00,2025-01-29 21:00:00,69,45.23,True,True,42.97446442949902,0.0,42.97446442949902,0.0,0.014675218997581396,0.0
ablate_prophet_broad,prophet,frozen,broad,False,42,3,2025-01-27 01:00:00,2025-01-29 22:00:00,70,58.41,True,True,54.88103207254446,0.0,54.88103207254446,0.0,0.014675218997581396,0.0
ablate_prophet_broad,prophet,frozen,broad,False,42,3,2025-01-27 01:00:00,2025-01-29 23:00:00,71,109.1,True,True,104.09200820884777,0.0,104.09200820884777,0.0,0.014675218997581396,0.0
ablate_prophet_broad,prophet,frozen,broad,False,42,3,2025-01-27 01:00:00,2025-01-30 00:00:00,72,182.49,True,True,175.2011758169869,0.0,175.2011758169869,0.0,0.014675218997581396,0.0
ablate_prophet_broad,prophet,frozen,broad,False,42,3,2025-01-27 01:00:00,2025-01-30 01:00:00,73,232.73,True,True,240.00580480561172,0.0,240.00580480561172,0.0,0.014675218997581396,0.0
ablate_prophet_broad,prophet,frozen,broad,False,42,3,2025-01-27 01:00:00,2025-01-30 02:00:00,74,245.76,True,True,252.607240334903,0.0,252.607240334903,0.0,0.014675218997581396,0.0
ablate_prophet_broad,prophet,frozen,broad,False,42,3,2025-01-27 01:00:00,2025-01-30 03:00:00,75,223.63,True,True,231.33798628304822,0.0,231.33798628304822,0.0,0.014675218997581396,0.0
ablate_prophet_broad,prophet,frozen,broad,False,42,3,2025-01-27 01:00:00,2025-01-30 04:00:00,76,162.13,True,True,166.51642574668568,0.0,166.51642574668568,0.0,0.014675218997581396,0.0
ablate_prophet_broad,prophet,frozen,broad,False,42,3,2025-01-27 01:00:00,2025-01-30 05:00:00,77,128.96,True,True,131.605619062499,0.0,131.605619062499,0.0,0.014675218997581396,0.0
ablate_prophet_broad,prophet,frozen,broad,False,42,3,2025-01-27 01:00:00,2025-01-30 06:00:00,78,107.71,True,True,111.31353271076313,0.0,111.31353271076313,0.0,0.014675218997581396,0.0
ablate_prophet_broad,prophet,frozen,broad,False,42,3,2025-01-27 01:00:00,2025-01-30 07:00:00,79,145.01,True,True,148.01629367859096,0.0,148.01629367859096,0.0,0.014675218997581396,0.0
ablate_prophet_broad,prophet,frozen,broad,False,42,3,2025-01-27 01:00:00,2025-01-30 08:00:00,80,243.71,True,True,244.5469294368359,0.0,244.5469294368359,0.0,0.014675218997581396,0.0
ablate_prophet_broad,prophet,frozen,broad,False,42,3,2025-01-27 01:00:00,2025-01-30 09:00:00,81,349.36,True,True,344.9168524891113,0.0,344.9168524891113,0.0,0.014675218997581396,0.0
ablate_prophet_broad,prophet,frozen,broad,False,42,3,2025-01-27 01:00:00,2025-01-30 10:00:00,82,425.19,True,True,421.03414656461405,0.0,421.03414656461405,0.0,0.014675218997581396,0.0
ablate_prophet_broad,prophet,frozen,broad,False,42,3,2025-01-27 01:00:00,2025-01-30 11:00:00,83,486.18,True,True,481.08292090590146,0.0,481.08292090590146,0.0,0.014675218997581396,0.0
ablate_prophet_broad,prophet,frozen,broad,False,42,3,2025-01-27 01:00:00,2025-01-30 12:00:00,84,529.28,True,True,521.158676388452,0.0,521.158676388452,0.0,0.014675218997581396,0.0
ablate_prophet_broad,prophet,frozen,broad,False,42,3,2025-01-27 01:00:00,2025-01-30 13:00:00,85,564.02,True,True,558.8251231957048,0.0,558.8251231957048,0.0,0.014675218997581396,0.0
ablate_prophet_broad,prophet,frozen,broad,False,42,3,2025-01-27 01:00:00,2025-01-30 14:00:00,86,611.42,True,True,613.2905370542638,0.0,613.2905370542638,0.0,0.014675218997581396,0.0
ablate_prophet_broad,prophet,frozen,broad,False,42,3,2025-01-27 01:00:00,2025-01-30 15:00:00,87,606.0,True,True,613.8362872131897,0.0,613.8362872131897,0.0,0.014675218997581396,0.0
ablate_prophet_broad,prophet,frozen,broad,False,42,3,2025-01-27 01:00:00,2025-01-30 16:00:00,88,553.55,True,True,559.757843635843,0.0,559.757843635843,0.0,0.014675218997581396,0.0
ablate_prophet_broad,prophet,frozen,broad,False,42,3,2025-01-27 01:00:00,2025-01-30 17:00:00,89,500.44,True,True,511.15241065061025,0.0,511.15241065061025,0.0,0.014675218997581396,0.0
ablate_prophet_broad,prophet,frozen,broad,False,42,3,2025-01-27 01:00:00,2025-01-30 18:00:00,90,440.2,True,True,451.29353338573264,0.0,451.29353338573264,0.0,0.014675218997581396,0.0
ablate_prophet_broad,prophet,frozen,broad,False,42,3,2025-01-27 01:00:00,2025-01-30 19:00:00,91,372.3,True,True,385.55174111645385,0.0,385.55174111645385,0.0,0.014675218997581396,0.0
ablate_prophet_broad,prophet,frozen,broad,False,42,3,2025-01-27 01:00:00,2025-01-30 20:00:00,92,311.66,True,True,327.25782052151357,0.0,327.25782052151357,0.0,0.014675218997581396,0.0
ablate_prophet_broad,prophet,frozen,broad,False,42,3,2025-01-27 01:00:00,2025-01-30 21:00:00,93,254.2,True,True,270.62846269320846,0.0,270.62846269320846,0.0,0.014675218997581396,0.0
ablate_prophet_broad,prophet,frozen,broad,False,42,3,2025-01-27 01:00:00,2025-01-30 22:00:00,94,194.68,True,True,211.35461588109575,0.0,211.35461588109575,0.0,0.014675218997581396,0.0
ablate_prophet_broad,prophet,frozen,broad,False,42,3,2025-01-27 01:00:00,2025-01-30 23:00:00,95,219.17,True,True,235.443399361952,0.0,235.443399361952,0.0,0.014675218997581396,0.0
ablate_prophet_broad,prophet,frozen,broad,False,42,3,2025-01-27 01:00:00,2025-01-31 00:00:00,96,293.59,True,True,305.4973321603684,0.0,305.4973321603684,0.0,0.014675218997581396,0.0
ablate_prophet_broad,prophet,frozen,broad,False,42,3,2025-01-27 01:00:00,2025-01-31 01:00:00,97,334.49,True,True,342.22279450716394,0.0,342.22279450716394,0.0,0.014675218997581396,0.0
ablate_prophet_broad,prophet,frozen,broad,False,42,3,2025-01-27 01:00:00,2025-01-31 02:00:00,98,319.02,True,True,326.1208509873399,0.0,326.1208509873399,0.0,0.014675218997581396,0.0
ablate_prophet_broad,prophet,frozen,broad,False,42,3,2025-01-27 01:00:00,2025-01-31 03:00:00,99,255.7,True,True,262.34040647737993,0.0,262.34040647737993,0.0,0.014675218997581396,0.0
ablate_prophet_broad,prophet,frozen,broad,False,42,3,2025-01-27 01:00:00,2025-01-31 04:00:00,100,128.37,True,True,138.7688247627228,0.0,138.7688247627228,0.0,0.014675218997581396,0.0
ablate_prophet_broad,prophet,frozen,broad,False,42,3,2025-01-27 01:00:00,2025-01-31 05:00:00,101,106.68,True,True,121.00836910124433,0.0,121.00836910124433,0.0,0.014675218997581396,0.0
ablate_prophet_broad,prophet,frozen,broad,False,42,3,2025-01-27 01:00:00,2025-01-31 06:00:00,102,106.87,True,True,121.25697087280206,0.0,121.25697087280206,0.0,0.014675218997581396,0.0
ablate_prophet_broad,prophet,frozen,broad,False,42,3,2025-01-27 01:00:00,2025-01-31 07:00:00,103,121.78,True,True,133.69619087993362,0.0,133.69619087993362,0.0,0.014675218997581396,0.0
ablate_prophet_broad,prophet,frozen,broad,False,42,3,2025-01-27 01:00:00,2025-01-31 08:00:00,104,148.93,True,True,157.35090100520907,0.0,157.35090100520907,0.0,0.014675218997581396,0.0
ablate_prophet_broad,prophet,frozen,broad,False,42,3,2025-01-27 01:00:00,2025-01-31 09:00:00,105,164.32,True,True,172.19725824728496,0.0,172.19725824728496,0.0,0.014675218997581396,0.0
ablate_prophet_broad,prophet,frozen,broad,False,42,3,2025-01-27 01:00:00,2025-01-31 10:00:00,106,176.47,True,True,183.18547664045508,0.0,183.18547664045508,0.0,0.014675218997581396,0.0
ablate_prophet_broad,prophet,frozen,broad,False,42,3,2025-01-27 01:00:00,2025-01-31 11:00:00,107,204.74,True,True,209.65154234271898,0.0,209.65154234271898,0.0,0.014675218997581396,0.0
ablate_prophet_broad,prophet,frozen,broad,False,42,3,2025-01-27 01:00:00,2025-01-31 12:00:00,108,237.05,True,True,241.0222834446121,0.0,241.0222834446121,0.0,0.014675218997581396,0.0
ablate_prophet_broad,prophet,frozen,broad,False,42,3,2025-01-27 01:00:00,2025-01-31 13:00:00,109,259.57,True,True,271.4621724388613,0.0,271.4621724388613,0.0,0.014675218997581396,0.0
ablate_prophet_broad,prophet,frozen,broad,False,42,3,2025-01-27 01:00:00,2025-01-31 14:00:00,110,296.35,True,True,311.7694580496655,0.0,311.7694580496655,0.0,0.014675218997581396,0.0
ablate_prophet_broad,prophet,frozen,broad,False,42,3,2025-01-27 01:00:00,2025-01-31 15:00:00,111,321.23,True,True,342.0770755466185,0.0,342.0770755466185,0.0,0.014675218997581396,0.0
ablate_prophet_broad,prophet,frozen,broad,False,42,3,2025-01-27 01:00:00,2025-01-31 16:00:00,112,312.55,True,True,340.88778600816437,0.0,340.88778600816437,0.0,0.014675218997581396,0.0
ablate_prophet_broad,prophet,frozen,broad,False,42,3,2025-01-27 01:00:00,2025-01-31 17:00:00,113,280.14,True,True,312.0434531259539,0.0,312.0434531259539,0.0,0.014675218997581396,0.0
ablate_prophet_broad,prophet,frozen,broad,False,42,3,2025-01-27 01:00:00,2025-01-31 18:00:00,114,249.81,True,True,281.42091707152497,0.0,281.42091707152497,0.0,0.014675218997581396,0.0
ablate_prophet_broad,prophet,frozen,broad,False,42,3,2025-01-27 01:00:00,2025-01-31 19:00:00,115,227.14,True,True,259.36923242205995,0.0,259.36923242205995,0.0,0.014675218997581396,0.0
ablate_prophet_broad,prophet,frozen,broad,False,42,3,2025-01-27 01:00:00,2025-01-31 20:00:00,116,195.36,True,True,228.65798904552864,0.0,228.65798904552864,0.0,0.014675218997581396,0.0
ablate_prophet_broad,prophet,frozen,broad,False,42,3,2025-01-27 01:00:00,2025-01-31 21:00:00,117,156.86,True,True,193.43263189103502,0.0,193.43263189103502,0.0,0.014675218997581396,0.0
ablate_prophet_broad,prophet,frozen,broad,False,42,3,2025-01-27 01:00:00,2025-01-31 22:00:00,118,129.94,True,True,173.03754854732892,0.0,173.03754854732892,0.0,0.014675218997581396,0.0
ablate_prophet_broad,prophet,frozen,broad,False,42,3,2025-01-27 01:00:00,2025-01-31 23:00:00,119,159.68,True,True,205.0668298334082,0.0,205.0668298334082,0.0,0.014675218997581396,0.0
ablate_prophet_broad,prophet,frozen,broad,False,42,3,2025-01-27 01:00:00,2025-02-01 00:00:00,120,211.81,True,True,255.08153546687828,0.0,255.08153546687828,0.0,0.014675218997581396,0.0
ablate_prophet_broad,prophet,frozen,broad,False,42,3,2025-01-27 01:00:00,2025-02-01 01:00:00,121,242.1,True,True,286.57017204354554,0.0,286.57017204354554,0.0,0.014675218997581396,0.0
ablate_prophet_broad,prophet,frozen,broad,False,42,3,2025-01-27 01:00:00,2025-02-01 02:00:00,122,240.34,True,True,283.01285600473227,0.0,283.01285600473227,0.0,0.014675218997581396,0.0
ablate_prophet_broad,prophet,frozen,broad,False,42,3,2025-01-27 01:00:00,2025-02-01 03:00:00,123,220.96,True,True,262.6301563278597,0.0,262.6301563278597,0.0,0.014675218997581396,0.0
ablate_prophet_broad,prophet,frozen,broad,False,42,3,2025-01-27 01:00:00,2025-02-01 04:00:00,124,199.11,True,True,242.8888519245858,0.0,242.8888519245858,0.0,0.014675218997581396,0.0
ablate_prophet_broad,prophet,frozen,broad,False,42,3,2025-01-27 01:00:00,2025-02-01 05:00:00,125,189.78,True,True,238.69627542112738,0.0,238.69627542112738,0.0,0.014675218997581396,0.0
ablate_prophet_broad,prophet,frozen,broad,False,42,3,2025-01-27 01:00:00,2025-02-01 06:00:00,126,167.94,True,True,224.23662508150585,0.0,224.23662508150585,0.0,0.014675218997581396,0.0
ablate_prophet_broad,prophet,frozen,broad,False,42,3,2025-01-27 01:00:00,2025-02-01 07:00:00,127,146.11,True,True,204.6660367735257,0.0,204.6660367735257,0.0,0.014675218997581396,0.0
ablate_prophet_broad,prophet,frozen,broad,False,42,3,2025-01-27 01:00:00,2025-02-01 08:00:00,128,137.39,True,True,187.87382123142152,0.0,187.87382123142152,0.0,0.014675218997581396,0.0
ablate_prophet_broad,prophet,frozen,broad,False,42,3,2025-01-27 01:00:00,2025-02-01 09:00:00,129,138.12,True,True,176.19070589169235,0.0,176.19070589169235,0.0,0.014675218997581396,0.0
ablate_prophet_broad,prophet,frozen,broad,False,42,3,2025-01-27 01:00:00,2025-02-01 10:00:00,130,157.66,True,True,187.18916513192593,0.0,187.18916513192593,0.0,0.014675218997581396,0.0
ablate_prophet_broad,prophet,frozen,broad,False,42,3,2025-01-27 01:00:00,2025-02-01 11:00:00,131,200.63,True,True,227.7378678859517,0.0,227.7378678859517,0.0,0.014675218997581396,0.0
ablate_prophet_broad,prophet,frozen,broad,False,42,3,2025-01-27 01:00:00,2025-02-01 12:00:00,132,247.86,True,True,277.6836658695928,0.0,277.6836658695928,0.0,0.014675218997581396,0.0
ablate_prophet_broad,prophet,frozen,broad,False,42,3,2025-01-27 01:00:00,2025-02-01 13:00:00,133,320.37,True,True,359.71520381334443,0.0,359.71520381334443,0.0,0.014675218997581396,0.0
ablate_prophet_broad,prophet,frozen,broad,False,42,3,2025-01-27 01:00:00,2025-02-01 14:00:00,134,426.87,True,True,471.0210205148095,0.0,471.0210205148095,0.0,0.014675218997581396,0.0
ablate_prophet_broad,prophet,frozen,broad,False,42,3,2025-01-27 01:00:00,2025-02-01 15:00:00,135,502.45,True,True,552.537908062857,0.0,552.537908062857,0.0,0.014675218997581396,0.0
ablate_prophet_broad,prophet,frozen,broad,False,42,3,2025-01-27 01:00:00,2025-02-01 16:00:00,136,521.88,True,True,573.8037876452801,0.0,573.8037876452801,0.0,0.014675218997581396,0.0
ablate_prophet_broad,prophet,frozen,broad,False,42,3,2025-01-27 01:00:00,2025-02-01 17:00:00,137,526.15,True,True,577.9779269724233,0.0,577.9779269724233,0.0,0.014675218997581396,0.0
ablate_prophet_broad,prophet,frozen,broad,False,42,3,2025-01-27 01:00:00,2025-02-01 18:00:00,138,526.82,True,True,575.9643905503476,0.0,575.9643905503476,0.0,0.014675218997581396,0.0
ablate_prophet_broad,prophet,frozen,broad,False,42,3,2025-01-27 01:00:00,2025-02-01 19:00:00,139,506.91,True,True,546.1202521993578,0.0,546.1202521993578,0.0,0.014675218997581396,0.0
ablate_prophet_broad,prophet,frozen,broad,False,42,3,2025-01-27 01:00:00,2025-02-01 20:00:00,140,467.43,True,True,502.5475142817189,0.0,502.5475142817189,0.0,0.014675218997581396,0.0
ablate_prophet_broad,prophet,frozen,broad,False,42,3,2025-01-27 01:00:00,2025-02-01 21:00:00,141,422.28,True,True,454.38383510283495,0.0,454.38383510283495,0.0,0.014675218997581396,0.0
ablate_prophet_broad,prophet,frozen,broad,False,42,3,2025-01-27 01:00:00,2025-02-01 22:00:00,142,372.48,True,True,403.4103799134846,0.0,403.4103799134846,0.0,0.014675218997581396,0.0
ablate_prophet_broad,prophet,frozen,broad,False,42,3,2025-01-27 01:00:00,2025-02-01 23:00:00,143,364.71,True,True,397.8504837442547,0.0,397.8504837442547,0.0,0.014675218997581396,0.0
ablate_prophet_broad,prophet,frozen,broad,False,42,3,2025-01-27 01:00:00,2025-02-02 00:00:00,144,381.4,True,True,410.0063955831479,0.0,410.0063955831479,0.0,0.014675218997581396,0.0
ablate_prophet_broad,prophet,frozen,broad,False,42,3,2025-01-27 01:00:00,2025-02-02 01:00:00,145,343.87,True,True,367.6358601833693,0.0,367.6358601833693,0.0,0.014675218997581396,0.0
ablate_prophet_broad,prophet,frozen,broad,False,42,3,2025-01-27 01:00:00,2025-02-02 02:00:00,146,222.08,True,True,244.36835574465593,0.0,244.36835574465593,0.0,0.014675218997581396,0.0
ablate_prophet_broad,prophet,frozen,broad,False,42,3,2025-01-27 01:00:00,2025-02-02 03:00:00,147,95.01,True,True,109.23953813614865,0.0,109.23953813614865,0.0,0.014675218997581396,0.0
ablate_prophet_broad,prophet,frozen,broad,False,42,3,2025-01-27 01:00:00,2025-02-02 04:00:00,148,18.71,True,True,25.288488875264335,0.0,25.288488875264335,0.0,0.014675218997581396,0.0
ablate_prophet_broad,prophet,frozen,broad,False,42,3,2025-01-27 01:00:00,2025-02-02 05:00:00,149,10.31,True,True,11.742596113951322,0.0,11.742596113951322,0.0,0.014675218997581396,0.0
ablate_prophet_broad,prophet,frozen,broad,False,42,3,2025-01-27 01:00:00,2025-02-02 06:00:00,150,9.09,True,True,8.000585357318784,0.0,8.000585357318784,0.0,0.014675218997581396,0.0
ablate_prophet_broad,prophet,frozen,broad,False,42,3,2025-01-27 01:00:00,2025-02-02 07:00:00,151,9.79,True,True,3.0354571246241164,0.0,3.0354571246241164,0.0,0.014675218997581396,0.0
ablate_prophet_broad,prophet,frozen,broad,False,42,3,2025-01-27 01:00:00,2025-02-02 08:00:00,152,12.6,True,True,3.1171943785144833,0.0,3.1171943785144833,0.0,0.014675218997581396,0.0
ablate_prophet_broad,prophet,frozen,broad,False,42,3,2025-01-27 01:00:00,2025-02-02 09:00:00,153,15.33,True,True,2.3179403545088064,0.0,2.3179403545088064,0.0,0.014675218997581396,0.0
ablate_prophet_broad,prophet,frozen,broad,False,42,3,2025-01-27 01:00:00,2025-02-02 10:00:00,154,18.29,True,True,1.4822360708453743,0.0,1.4822360708453743,0.0,0.014675218997581396,0.0
ablate_prophet_broad,prophet,frozen,broad,False,42,3,2025-01-27 01:00:00,2025-02-02 11:00:00,155,23.83,True,True,2.997782722625061,0.0,2.997782722625061,0.0,0.014675218997581396,0.0
ablate_prophet_broad,prophet,frozen,broad,False,42,3,2025-01-27 01:00:00,2025-02-02 12:00:00,156,29.43,True,True,4.9233138951796604,0.0,4.9233138951796604,0.0,0.014675218997581396,0.0
ablate_prophet_broad,prophet,frozen,broad,False,42,3,2025-01-27 01:00:00,2025-02-02 13:00:00,157,31.91,True,True,8.381764474654346,0.0,8.381764474654346,0.0,0.014675218997581396,0.0
ablate_prophet_broad,prophet,frozen,broad,False,42,3,2025-01-27 01:00:00,2025-02-02 14:00:00,158,33.06,True,True,11.639836639732778,0.0,11.639836639732778,0.0,0.014675218997581396,0.0
ablate_prophet_broad,prophet,frozen,broad,False,42,3,2025-01-27 01:00:00,2025-02-02 15:00:00,159,29.21,True,True,11.219308920730072,0.0,11.219308920730072,0.0,0.014675218997581396,0.0
ablate_prophet_broad,prophet,frozen,broad,False,42,3,2025-01-27 01:00:00,2025-02-02 16:00:00,160,19.38,True,True,4.345157877190502,0.0,4.345157877190502,0.0,0.014675218997581396,0.0
ablate_prophet_broad,prophet,frozen,broad,False,42,3,2025-01-27 01:00:00,2025-02-02 17:00:00,161,15.9,True,True,4.648254399073437,0.0,4.648254399073437,0.0,0.014675218997581396,0.0
ablate_prophet_broad,prophet,frozen,broad,False,42,3,2025-01-27 01:00:00,2025-02-02 18:00:00,162,14.32,True,True,7.351098089346124,0.0,7.351098089346124,0.0,0.014675218997581396,0.0
ablate_prophet_broad,prophet,frozen,broad,False,42,3,2025-01-27 01:00:00,2025-02-02 19:00:00,163,13.38,True,True,11.023657730944308,0.0,11.023657730944308,0.0,0.014675218997581396,0.0
ablate_prophet_broad,prophet,frozen,broad,False,42,3,2025-01-27 01:00:00,2025-02-02 20:00:00,164,15.11,True,True,16.421635598329033,0.0,16.421635598329033,0.0,0.014675218997581396,0.0
ablate_prophet_broad,prophet,frozen,broad,False,42,3,2025-01-27 01:00:00,2025-02-02 21:00:00,165,17.57,True,True,21.524731217742925,0.0,21.524731217742925,0.0,0.014675218997581396,0.0
ablate_prophet_broad,prophet,frozen,broad,False,42,3,2025-01-27 01:00:00,2025-02-02 22:00:00,166,21.83,True,True,26.81125411706259,0.0,26.81125411706259,0.0,0.014675218997581396,0.0
ablate_prophet_broad,prophet,frozen,broad,False,42,3,2025-01-27 01:00:00,2025-02-02 23:00:00,167,36.86,True,True,41.43726578895786,0.0,41.43726578895786,0.0,0.014675218997581396,0.0
ablate_prophet_broad,prophet,frozen,broad,False,42,3,2025-01-27 01:00:00,2025-02-03 00:00:00,168,51.7,True,True,54.55036849297704,0.0,54.55036849297704,0.0,0.014675218997581396,0.0
ablate_prophet_broad,prophet,frozen,broad,False,42,4,2025-02-03 01:00:00,2025-02-03 01:00:00,1,55.42,True,True,55.86191573561422,0.0,55.86191573561422,0.0,0.015308658999856561,0.0
ablate_prophet_broad,prophet,frozen,broad,False,42,4,2025-02-03 01:00:00,2025-02-03 02:00:00,2,43.6,True,True,38.61329729999338,0.0,38.61329729999338,0.0,0.015308658999856561,0.0
ablate_prophet_broad,prophet,frozen,broad,False,42,4,2025-02-03 01:00:00,2025-02-03 03:00:00,3,28.53,True,True,21.845500090616213,0.0,21.845500090616213,0.0,0.015308658999856561,0.0
ablate_prophet_broad,prophet,frozen,broad,False,42,4,2025-02-03 01:00:00,2025-02-03 04:00:00,4,17.01,True,True,10.760498395886145,0.0,10.760498395886145,0.0,0.015308658999856561,0.0
ablate_prophet_broad,prophet,frozen,broad,False,42,4,2025-02-03 01:00:00,2025-02-03 05:00:00,5,14.43,True,True,9.759577604293014,0.0,9.759577604293014,0.0,0.015308658999856561,0.0
ablate_prophet_broad,prophet,frozen,broad,False,42,4,2025-02-03 01:00:00,2025-02-03 06:00:00,6,12.54,True,True,5.242250930054155,0.0,5.242250930054155,0.0,0.015308658999856561,0.0
ablate_prophet_broad,prophet,frozen,broad,False,42,4,2025-02-03 01:00:00,2025-02-03 07:00:00,7,12.41,True,True,1.62139662560827,0.0,1.62139662560827,0.0,0.015308658999856561,0.0
ablate_prophet_broad,prophet,frozen,broad,False,42,4,2025-02-03 01:00:00,2025-02-03 08:00:00,8,14.61,True,True,-0.025338407033018484,0.0,-0.025338407033018484,0.0,0.015308658999856561,0.0
ablate_prophet_broad,prophet,frozen,broad,False,42,4,2025-02-03 01:00:00,2025-02-03 09:00:00,9,17.2,True,True,0.4288488769405774,0.0,0.4288488769405774,0.0,0.015308658999856561,0.0
ablate_prophet_broad,prophet,frozen,broad,False,42,4,2025-02-03 01:00:00,2025-02-03 10:00:00,10,19.84,True,True,0.08655192467128359,0.0,0.08655192467128359,0.0,0.015308658999856561,0.0
ablate_prophet_broad,prophet,frozen,broad,False,42,4,2025-02-03 01:00:00,2025-02-03 11:00:00,11,24.81,True,True,1.4211400173881543,0.0,1.4211400173881543,0.0,0.015308658999856561,0.0
ablate_prophet_broad,prophet,frozen,broad,False,42,4,2025-02-03 01:00:00,2025-02-03 12:00:00,12,29.45,True,True,3.7669543218256365,0.0,3.7669543218256365,0.0,0.015308658999856561,0.0
ablate_prophet_broad,prophet,frozen,broad,False,42,4,2025-02-03 01:00:00,2025-02-03 13:00:00,13,32.74,True,True,6.998427111293466,0.0,6.998427111293466,0.0,0.015308658999856561,0.0
ablate_prophet_broad,prophet,frozen,broad,False,42,4,2025-02-03 01:00:00,2025-02-03 14:00:00,14,38.83,True,True,15.36268688161664,0.0,15.36268688161664,0.0,0.015308658999856561,0.0
ablate_prophet_broad,prophet,frozen,broad,False,42,4,2025-02-03 01:00:00,2025-02-03 15:00:00,15,38.19,True,True,18.18221981112626,0.0,18.18221981112626,0.0,0.015308658999856561,0.0
ablate_prophet_broad,prophet,frozen,broad,False,42,4,2025-02-03 01:00:00,2025-02-03 16:00:00,16,28.18,True,True,11.177251733948907,0.0,11.177251733948907,0.0,0.015308658999856561,0.0
ablate_prophet_broad,prophet,frozen,broad,False,42,4,2025-02-03 01:00:00,2025-02-03 17:00:00,17,22.91,True,True,9.235588902911019,0.0,9.235588902911019,0.0,0.015308658999856561,0.0
ablate_prophet_broad,prophet,frozen,broad,False,42,4,2025-02-03 01:00:00,2025-02-03 18:00:00,18,21.8,True,True,11.699121814358108,0.0,11.699121814358108,0.0,0.015308658999856561,0.0
ablate_prophet_broad,prophet,frozen,broad,False,42,4,2025-02-03 01:00:00,2025-02-03 19:00:00,19,22.49,True,True,16.851496733322392,0.0,16.851496733322392,0.0,0.015308658999856561,0.0
ablate_prophet_broad,prophet,frozen,broad,False,42,4,2025-02-03 01:00:00,2025-02-03 20:00:00,20,24.92,True,True,23.64967844410853,0.0,23.64967844410853,0.0,0.015308658999856561,0.0
ablate_prophet_broad,prophet,frozen,broad,False,42,4,2025-02-03 01:00:00,2025-02-03 21:00:00,21,28.28,True,True,30.080265763331028,0.0,30.080265763331028,0.0,0.015308658999856561,0.0
ablate_prophet_broad,prophet,frozen,broad,False,42,4,2025-02-03 01:00:00,2025-02-03 22:00:00,22,34.36,True,True,37.33472617817628,0.0,37.33472617817628,0.0,0.015308658999856561,0.0
ablate_prophet_broad,prophet,frozen,broad,False,42,4,2025-02-03 01:00:00,2025-02-03 23:00:00,23,60.44,True,True,61.99153114345995,0.0,61.99153114345995,0.0,0.015308658999856561,0.0
ablate_prophet_broad,prophet,frozen,broad,False,42,4,2025-02-03 01:00:00,2025-02-04 00:00:00,24,93.43,True,True,90.5815528551956,0.0,90.5815528551956,0.0,0.015308658999856561,0.0
ablate_prophet_broad,prophet,frozen,broad,False,42,4,2025-02-03 01:00:00,2025-02-04 01:00:00,25,123.06,True,True,117.2094450791279,0.0,117.2094450791279,0.0,0.015308658999856561,0.0
ablate_prophet_broad,prophet,frozen,broad,False,42,4,2025-02-03 01:00:00,2025-02-04 02:00:00,26,162.76,True,True,152.32442850638728,0.0,152.32442850638728,0.0,0.015308658999856561,0.0
ablate_prophet_broad,prophet,frozen,broad,False,42,4,2025-02-03 01:00:00,2025-02-04 03:00:00,27,212.93,True,True,202.70710396484162,0.0,202.70710396484162,0.0,0.015308658999856561,0.0
ablate_prophet_broad,prophet,frozen,broad,False,42,4,2025-02-03 01:00:00,2025-02-04 04:00:00,28,208.66,True,True,198.3412886873825,0.0,198.3412886873825,0.0,0.015308658999856561,0.0
ablate_prophet_broad,prophet,frozen,broad,False,42,4,2025-02-03 01:00:00,2025-02-04 05:00:00,29,113.94,True,True,108.37022507621872,0.0,108.37022507621872,0.0,0.015308658999856561,0.0
ablate_prophet_broad,prophet,frozen,broad,False,42,4,2025-02-03 01:00:00,2025-02-04 06:00:00,30,40.29,True,True,32.4207242014412,0.0,32.4207242014412,0.0,0.015308658999856561,0.0
ablate_prophet_broad,prophet,frozen,broad,False,42,4,2025-02-03 01:00:00,2025-02-04 07:00:00,31,16.86,True,True,7.002262696413823,0.0,7.002262696413823,0.0,0.015308658999856561,0.0
ablate_prophet_broad,prophet,frozen,broad,False,42,4,2025-02-03 01:00:00,2025-02-04 08:00:00,32,15.84,True,True,5.228549708309515,0.0,5.228549708309515,0.0,0.015308658999856561,0.0
ablate_prophet_broad,prophet,frozen,broad,False,42,4,2025-02-03 01:00:00,2025-02-04 09:00:00,33,15.42,True,True,3.0000823684831914,0.0,3.0000823684831914,0.0,0.015308658999856561,0.0
ablate_prophet_broad,prophet,frozen,broad,False,42,4,2025-02-03 01:00:00,2025-02-04 10:00:00,34,16.0,True,True,-2.378206936849921,0.0,-2.378206936849921,0.0,0.015308658999856561,0.0
ablate_prophet_broad,prophet,frozen,broad,False,42,4,2025-02-03 01:00:00,2025-02-04 11:00:00,35,17.62,True,True,-6.2737036851431185,0.0,-6.2737036851431185,0.0,0.015308658999856561,0.0
ablate_prophet_broad,prophet,frozen,broad,False,42,4,2025-02-03 01:00:00,2025-02-04 12:00:00,36,18.73,True,True,-8.428188371921891,0.0,-8.428188371921891,0.0,0.015308658999856561,0.0
ablate_prophet_broad,prophet,frozen,broad,False,42,4,2025-02-03 01:00:00,2025-02-04 13:00:00,37,18.81,True,True,-10.424853965224258,0.0,-10.424853965224258,0.0,0.015308658999856561,0.0
ablate_prophet_broad,prophet,frozen,broad,False,42,4,2025-02-03 01:00:00,2025-02-04 14:00:00,38,21.06,True,True,-7.391778443712383,0.0,-7.391778443712383,0.0,0.015308658999856561,0.0
ablate_prophet_broad,prophet,frozen,broad,False,42,4,2025-02-03 01:00:00,2025-02-04 15:00:00,39,19.95,True,True,-5.709935816976582,0.0,-5.709935816976582,0.0,0.015308658999856561,0.0
ablate_prophet_broad,prophet,frozen,broad,False,42,4,2025-02-03 01:00:00,2025-02-04 16:00:00,40,15.03,True,True,-6.9959394842714175,0.0,-6.9959394842714175,0.0,0.015308658999856561,0.0
ablate_prophet_broad,prophet,frozen,broad,False,42,4,2025-02-03 01:00:00,2025-02-04 17:00:00,41,15.73,True,True,-2.7062153891087917,0.0,-2.7062153891087917,0.0,0.015308658999856561,0.0
ablate_prophet_broad,prophet,frozen,broad,False,42,4,2025-02-03 01:00:00,2025-02-04 18:00:00,42,18.61,True,True,3.007690235993749,0.0,3.007690235993749,0.0,0.015308658999856561,0.0
ablate_prophet_broad,prophet,frozen,broad,False,42,4,2025-02-03 01:00:00,2025-02-04 19:00:00,43,30.82,True,True,18.15025514317597,0.0,18.15025514317597,0.0,0.015308658999856561,0.0
ablate_prophet_broad,prophet,frozen,broad,False,42,4,2025-02-03 01:00:00,2025-02-04 20:00:00,44,54.86,True,True,43.98292715817087,0.0,43.98292715817087,0.0,0.015308658999856561,0.0
ablate_prophet_broad,prophet,frozen,broad,False,42,4,2025-02-03 01:00:00,2025-02-04 21:00:00,45,80.88,True,True,71.37751993803798,0.0,71.37751993803798,0.0,0.015308658999856561,0.0
ablate_prophet_broad,prophet,frozen,broad,False,42,4,2025-02-03 01:00:00,2025-02-04 22:00:00,46,112.64,True,True,102.96844551933064,0.0,102.96844551933064,0.0,0.015308658999856561,0.0
ablate_prophet_broad,prophet,frozen,broad,False,42,4,2025-02-03 01:00:00,2025-02-04 23:00:00,47,169.75,True,True,161.9583509959493,0.0,161.9583509959493,0.0,0.015308658999856561,0.0
ablate_prophet_broad,prophet,frozen,broad,False,42,4,2025-02-03 01:00:00,2025-02-05 00:00:00,48,167.55,True,True,165.1979083147323,0.0,165.1979083147323,0.0,0.015308658999856561,0.0
ablate_prophet_broad,prophet,frozen,broad,False,42,4,2025-02-03 01:00:00,2025-02-05 01:00:00,49,117.83,True,True,117.5444258253902,0.0,117.5444258253902,0.0,0.015308658999856561,0.0
ablate_prophet_broad,prophet,frozen,broad,False,42,4,2025-02-03 01:00:00,2025-02-05 02:00:00,50,99.61,True,True,103.7491842922614,0.0,103.7491842922614,0.0,0.015308658999856561,0.0
ablate_prophet_broad,prophet,frozen,broad,False,42,4,2025-02-03 01:00:00,2025-02-05 03:00:00,51,68.83,True,True,70.72072633958382,0.0,70.72072633958382,0.0,0.015308658999856561,0.0
ablate_prophet_broad,prophet,frozen,broad,False,42,4,2025-02-03 01:00:00,2025-02-05 04:00:00,52,33.97,True,True,25.20560366868486,0.0,25.20560366868486,0.0,0.015308658999856561,0.0
ablate_prophet_broad,prophet,frozen,broad,False,42,4,2025-02-03 01:00:00,2025-02-05 05:00:00,53,24.15,True,True,9.721710252143623,0.0,9.721710252143623,0.0,0.015308658999856561,0.0
ablate_prophet_broad,prophet,frozen,broad,False,42,4,2025-02-03 01:00:00,2025-02-05 06:00:00,54,20.67,True,True,2.734071403576621,0.0,2.734071403576621,0.0,0.015308658999856561,0.0
ablate_prophet_broad,prophet,frozen,broad,False,42,4,2025-02-03 01:00:00,2025-02-05 07:00:00,55,26.18,True,True,2.7548232764334557,0.0,2.7548232764334557,0.0,0.015308658999856561,0.0
ablate_prophet_broad,prophet,frozen,broad,False,42,4,2025-02-03 01:00:00,2025-02-05 08:00:00,56,46.05,True,True,19.2543606460452,0.0,19.2543606460452,0.0,0.015308658999856561,0.0
ablate_prophet_broad,prophet,frozen,broad,False,42,4,2025-02-03 01:00:00,2025-02-05 09:00:00,57,69.12,True,True,41.1520977033623,0.0,41.1520977033623,0.0,0.015308658999856561,0.0
ablate_prophet_broad,prophet,frozen,broad,False,42,4,2025-02-03 01:00:00,2025-02-05 10:00:00,58,96.72,True,True,72.2691141314115,0.0,72.2691141314115,0.0,0.015308658999856561,0.0
ablate_prophet_broad,prophet,frozen,broad,False,42,4,2025-02-03 01:00:00,2025-02-05 11:00:00,59,132.75,True,True,109.3888416567782,0.0,109.3888416567782,0.0,0.015308658999856561,0.0
ablate_prophet_broad,prophet,frozen,broad,False,42,4,2025-02-03 01:00:00,2025-02-05 12:00:00,60,159.49,True,True,139.9849764702298,0.0,139.9849764702298,0.0,0.015308658999856561,0.0
ablate_prophet_broad,prophet,frozen,broad,False,42,4,2025-02-03 01:00:00,2025-02-05 13:00:00,61,209.95,True,True,197.3226672661662,0.0,197.3226672661662,0.0,0.015308658999856561,0.0
ablate_prophet_broad,prophet,frozen,broad,False,42,4,2025-02-03 01:00:00,2025-02-05 14:00:00,62,299.41,True,True,285.7302358221994,0.0,285.7302358221994,0.0,0.015308658999856561,0.0
ablate_prophet_broad,prophet,frozen,broad,False,42,4,2025-02-03 01:00:00,2025-02-05 15:00:00,63,349.95,True,True,338.53831342506305,0.0,338.53831342506305,0.0,0.015308658999856561,0.0
ablate_prophet_broad,prophet,frozen,broad,False,42,4,2025-02-03 01:00:00,2025-02-05 16:00:00,64,339.88,True,True,332.4121894543456,0.0,332.4121894543456,0.0,0.015308658999856561,0.0
ablate_prophet_broad,prophet,frozen,broad,False,42,4,2025-02-03 01:00:00,2025-02-05 17:00:00,65,325.53,True,True,319.79319427138694,0.0,319.79319427138694,0.0,0.015308658999856561,0.0
ablate_prophet_broad,prophet,frozen,broad,False,42,4,2025-02-03 01:00:00,2025-02-05 18:00:00,66,321.12,True,True,318.11095685065624,0.0,318.11095685065624,0.0,0.015308658999856561,0.0
ablate_prophet_broad,prophet,frozen,broad,False,42,4,2025-02-03 01:00:00,2025-02-05 19:00:00,67,310.07,True,True,315.2388567958267,0.0,315.2388567958267,0.0,0.015308658999856561,0.0
ablate_prophet_broad,prophet,frozen,broad,False,42,4,2025-02-03 01:00:00,2025-02-05 20:00:00,68,279.94,True,True,287.0231580951238,0.0,287.0231580951238,0.0,0.015308658999856561,0.0
ablate_prophet_broad,prophet,frozen,broad,False,42,4,2025-02-03 01:00:00,2025-02-05 21:00:00,69,232.13,True,True,233.6420163704463,0.0,233.6420163704463,0.0,0.015308658999856561,0.0
ablate_prophet_broad,prophet,frozen,broad,False,42,4,2025-02-03 01:00:00,2025-02-05 22:00:00,70,164.48,True,True,166.42257220517564,0.0,166.42257220517564,0.0,0.015308658999856561,0.0
ablate_prophet_broad,prophet,frozen,broad,False,42,4,2025-02-03 01:00:00,2025-02-05 23:00:00,71,145.31,True,True,144.61278316293482,0.0,144.61278316293482,0.0,0.015308658999856561,0.0
ablate_prophet_broad,prophet,frozen,broad,False,42,4,2025-02-03 01:00:00,2025-02-06 00:00:00,72,124.31,True,True,127.55055717908643,0.0,127.55055717908643,0.0,0.015308658999856561,0.0
ablate_prophet_broad,prophet,frozen,broad,False,42,4,2025-02-03 01:00:00,2025-02-06 01:00:00,73,64.01,True,True,68.79950426909687,0.0,68.79950426909687,0.0,0.015308658999856561,0.0
ablate_prophet_broad,prophet,frozen,broad,False,42,4,2025-02-03 01:00:00,2025-02-06 02:00:00,74,51.25,True,True,55.957798900895455,0.0,55.957798900895455,0.0,0.015308658999856561,0.0
ablate_prophet_broad,prophet,frozen,broad,False,42,4,2025-02-03 01:00:00,2025-02-06 03:00:00,75,42.05,True,True,46.58693145553562,0.0,46.58693145553562,0.0,0.015308658999856561,0.0
ablate_prophet_broad,prophet,frozen,broad,False,42,4,2025-02-03 01:00:00,2025-02-06 04:00:00,76,28.94,True,True,27.974332091561195,0.0,27.974332091561195,0.0,0.015308658999856561,0.0
ablate_prophet_broad,prophet,frozen,broad,False,42,4,2025-02-03 01:00:00,2025-02-06 05:00:00,77,17.66,True,True,12.227323515030491,0.0,12.227323515030491,0.0,0.015308658999856561,0.0
ablate_prophet_broad,prophet,frozen,broad,False,42,4,2025-02-03 01:00:00,2025-02-06 06:00:00,78,11.63,True,True,0.2304283291241518,0.0,0.2304283291241518,0.0,0.015308658999856561,0.0
ablate_prophet_broad,prophet,frozen,broad,False,42,4,2025-02-03 01:00:00,2025-02-06 07:00:00,79,8.2,True,True,-6.6505396627891855,0.0,-6.6505396627891855,0.0,0.015308658999856561,0.0
ablate_prophet_broad,prophet,frozen,broad,False,42,4,2025-02-03 01:00:00,2025-02-06 08:00:00,80,7.68,True,True,-14.242406929113855,0.0,-14.242406929113855,0.0,0.015308658999856561,0.0
ablate_prophet_broad,prophet,frozen,broad,False,42,4,2025-02-03 01:00:00,2025-02-06 09:00:00,81,7.48,True,True,-21.993700094984547,0.0,-21.993700094984547,0.0,0.015308658999856561,0.0
ablate_prophet_broad,prophet,frozen,broad,False,42,4,2025-02-03 01:00:00,2025-02-06 10:00:00,82,7.78,True,True,-29.09749711251709,0.0,-29.09749711251709,0.0,0.015308658999856561,0.0
ablate_prophet_broad,prophet,frozen,broad,False,42,4,2025-02-03 01:00:00,2025-02-06 11:00:00,83,9.8,True,True,-36.562248321599895,0.0,-36.562248321599895,0.0,0.015308658999856561,0.0
ablate_prophet_broad,prophet,frozen,broad,False,42,4,2025-02-03 01:00:00,2025-02-06 12:00:00,84,11.15,True,True,-39.89265602697702,0.0,-39.89265602697702,0.0,0.015308658999856561,0.0
ablate_prophet_broad,prophet,frozen,broad,False,42,4,2025-02-03 01:00:00,2025-02-06 13:00:00,85,11.4,True,True,-38.940591987776514,0.0,-38.940591987776514,0.0,0.015308658999856561,0.0
ablate_prophet_broad,prophet,frozen,broad,False,42,4,2025-02-03 01:00:00,2025-02-06 14:00:00,86,12.78,True,True,-35.172507996830916,0.0,-35.172507996830916,0.0,0.015308658999856561,0.0
ablate_prophet_broad,prophet,frozen,broad,False,42,4,2025-02-03 01:00:00,2025-02-06 15:00:00,87,11.88,True,True,-31.203872785118364,0.0,-31.203872785118364,0.0,0.015308658999856561,0.0
ablate_prophet_broad,prophet,frozen,broad,False,42,4,2025-02-03 01:00:00,2025-02-06 16:00:00,88,7.67,True,True,-31.63507653927695,0.0,-31.63507653927695,0.0,0.015308658999856561,0.0
ablate_prophet_broad,prophet,frozen,broad,False,42,4,2025-02-03 01:00:00,2025-02-06 17:00:00,89,6.63,True,True,-27.876356371838597,0.0,-27.876356371838597,0.0,0.015308658999856561,0.0
ablate_prophet_broad,prophet,frozen,broad,False,42,4,2025-02-03 01:00:00,2025-02-06 18:00:00,90,6.79,True,True,-22.92294489883372,0.0,-22.92294489883372,0.0,0.015308658999856561,0.0
ablate_prophet_broad,prophet,frozen,broad,False,42,4,2025-02-03 01:00:00,2025-02-06 19:00:00,91,7.07,True,True,-18.50219347664182,0.0,-18.50219347664182,0.0,0.015308658999856561,0.0
ablate_prophet_broad,prophet,frozen,broad,False,42,4,2025-02-03 01:00:00,2025-02-06 20:00:00,92,7.5,True,True,-14.122353883471789,0.0,-14.122353883471789,0.0,0.015308658999856561,0.0
ablate_prophet_broad,prophet,frozen,broad,False,42,4,2025-02-03 01:00:00,2025-02-06 21:00:00,93,8.33,True,True,-10.978621238452718,0.0,-10.978621238452718,0.0,0.015308658999856561,0.0
ablate_prophet_broad,prophet,frozen,broad,False,42,4,2025-02-03 01:00:00,2025-02-06 22:00:00,94,10.64,True,True,-8.353667116573035,0.0,-8.353667116573035,0.0,0.015308658999856561,0.0
ablate_prophet_broad,prophet,frozen,broad,False,42,4,2025-02-03 01:00:00,2025-02-06 23:00:00,95,20.72,True,True,0.19090856241979282,0.0,0.19090856241979282,0.0,0.015308658999856561,0.0
ablate_prophet_broad,prophet,frozen,broad,False,42,4,2025-02-03 01:00:00,2025-02-07 00:00:00,96,29.32,True,True,6.8793059460824395,0.0,6.8793059460824395,0.0,0.015308658999856561,0.0
ablate_prophet_broad,prophet,frozen,broad,False,42,4,2025-02-03 01:00:00,2025-02-07 01:00:00,97,32.32,True,True,6.752735560285373,0.0,6.752735560285373,0.0,0.015308658999856561,0.0
ablate_prophet_broad,prophet,frozen,broad,False,42,4,2025-02-03 01:00:00,2025-02-07 02:00:00,98,29.48,True,True,1.4790187422676695,0.0,1.4790187422676695,0.0,0.015308658999856561,0.0
ablate_prophet_broad,prophet,frozen,broad,False,42,4,2025-02-03 01:00:00,2025-02-07 03:00:00,99,23.51,True,True,-4.341693336553959,0.0,-4.341693336553959,0.0,0.015308658999856561,0.0
ablate_prophet_broad,prophet,frozen,broad,False,42,4,2025-02-03 01:00:00,2025-02-07 04:00:00,100,18.96,True,True,-6.288821578589108,0.0,-6.288821578589108,0.0,0.015308658999856561,0.0
ablate_prophet_broad,prophet,frozen,broad,False,42,4,2025-02-03 01:00:00,2025-02-07 05:00:00,101,18.04,True,True,-5.097851605093979,0.0,-5.097851605093979,0.0,0.015308658999856561,0.0
ablate_prophet_broad,prophet,frozen,broad,False,42,4,2025-02-03 01:00:00,2025-02-07 06:00:00,102,17.96,True,True,-4.3812382072463265,0.0,-4.3812382072463265,0.0,0.015308658999856561,0.0
ablate_prophet_broad,prophet,frozen,broad,False,42,4,2025-02-03 01:00:00,2025-02-07 07:00:00,103,18.43,True,True,-5.192937094319063,0.0,-5.192937094319063,0.0,0.015308658999856561,0.0
ablate_prophet_broad,prophet,frozen,broad,False,42,4,2025-02-03 01:00:00,2025-02-07 08:00:00,104,21.77,True,True,-3.573242811806665,0.0,-3.573242811806665,0.0,0.015308658999856561,0.0
ablate_prophet_broad,prophet,frozen,broad,False,42,4,2025-02-03 01:00:00,2025-02-07 09:00:00,105,25.12,True,True,-2.0980109010718877,0.0,-2.0980109010718877,0.0,0.015308658999856561,0.0
ablate_prophet_broad,prophet,frozen,broad,False,42,4,2025-02-03 01:00:00,2025-02-07 10:00:00,106,27.92,True,True,-0.5842769064417439,0.0,-0.5842769064417439,0.0,0.015308658999856561,0.0
ablate_prophet_broad,prophet,frozen,broad,False,42,4,2025-02-03 01:00:00,2025-02-07 11:00:00,107,32.41,True,True,0.7909245125606503,0.0,0.7909245125606503,0.0,0.015308658999856561,0.0
ablate_prophet_broad,prophet,frozen,broad,False,42,4,2025-02-03 01:00:00,2025-02-07 12:00:00,108,35.77,True,True,2.9352419930860094,0.0,2.9352419930860094,0.0,0.015308658999856561,0.0
ablate_prophet_broad,prophet,frozen,broad,False,42,4,2025-02-03 01:00:00,2025-02-07 13:00:00,109,35.92,True,True,4.730781855056875,0.0,4.730781855056875,0.0,0.015308658999856561,0.0
ablate_prophet_broad,prophet,frozen,broad,False,42,4,2025-02-03 01:00:00,2025-02-07 14:00:00,110,37.64,True,True,9.6503798005553,0.0,9.6503798005553,0.0,0.015308658999856561,0.0
ablate_prophet_broad,prophet,frozen,broad,False,42,4,2025-02-03 01:00:00,2025-02-07 15:00:00,111,34.69,True,True,10.941003925378595,0.0,10.941003925378595,0.0,0.015308658999856561,0.0
ablate_prophet_broad,prophet,frozen,broad,False,42,4,2025-02-03 01:00:00,2025-02-07 16:00:00,112,26.77,True,True,6.576620352390449,0.0,6.576620352390449,0.0,0.015308658999856561,0.0
ablate_prophet_broad,prophet,frozen,broad,False,42,4,2025-02-03 01:00:00,2025-02-07 17:00:00,113,22.49,True,True,5.308948346290151,0.0,5.308948346290151,0.0,0.015308658999856561,0.0
ablate_prophet_broad,prophet,frozen,broad,False,42,4,2025-02-03 01:00:00,2025-02-07 18:00:00,114,21.77,True,True,7.850092595157719,0.0,7.850092595157719,0.0,0.015308658999856561,0.0
ablate_prophet_broad,prophet,frozen,broad,False,42,4,2025-02-03 01:00:00,2025-02-07 19:00:00,115,22.34,True,True,11.674055987655294,0.0,11.674055987655294,0.0,0.015308658999856561,0.0
ablate_prophet_broad,prophet,frozen,broad,False,42,4,2025-02-03 01:00:00,2025-02-07 20:00:00,116,22.08,True,True,14.554455410315,0.0,14.554455410315,0.0,0.015308658999856561,0.0
ablate_prophet_broad,prophet,frozen,broad,False,42,4,2025-02-03 01:00:00,2025-02-07 21:00:00,117,21.78,True,True,16.666706603810667,0.0,16.666706603810667,0.0,0.015308658999856561,0.0
ablate_prophet_broad,prophet,frozen,broad,False,42,4,2025-02-03 01:00:00,2025-02-07 22:00:00,118,23.04,True,True,17.696432079665414,0.0,17.696432079665414,0.0,0.015308658999856561,0.0
ablate_prophet_broad,prophet,frozen,broad,False,42,4,2025-02-03 01:00:00,2025-02-07 23:00:00,119,33.25,True,True,25.681739172931287,0.0,25.681739172931287,0.0,0.015308658999856561,0.0
ablate_prophet_broad,prophet,frozen,broad,False,42,4,2025-02-03 01:00:00,2025-02-08 00:00:00,120,43.78,True,True,32.67127500571013,0.0,32.67127500571013,0.0,0.015308658999856561,0.0
ablate_prophet_broad,prophet,frozen,broad,False,42,4,2025-02-03 01:00:00,2025-02-08 01:00:00,121,47.44,True,True,31.236939988893198,0.0,31.236939988893198,0.0,0.015308658999856561,0.0
ablate_prophet_broad,prophet,frozen,broad,False,42,4,2025-02-03 01:00:00,2025-02-08 02:00:00,122,44.33,True,True,25.741076509489545,0.0,25.741076509489545,0.0,0.015308658999856561,0.0
ablate_prophet_broad,prophet,frozen,broad,False,42,4,2025-02-03 01:00:00,2025-02-08 03:00:00,123,37.35,True,True,19.034687428572397,0.0,19.034687428572397,0.0,0.015308658999856561,0.0
ablate_prophet_broad,prophet,frozen,broad,False,42,4,2025-02-03 01:00:00,2025-02-08 04:00:00,124,27.41,True,True,9.5405474870646,0.0,9.5405474870646,0.0,0.015308658999856561,0.0
ablate_prophet_broad,prophet,frozen,broad,False,42,4,2025-02-03 01:00:00,2025-02-08 05:00:00,125,22.84,True,True,3.330026521870707,0.0,3.330026521870707,0.0,0.015308658999856561,0.0
ablate_prophet_broad,prophet,frozen,broad,False,42,4,2025-02-03 01:00:00,2025-02-08 06:00:00,126,22.17,True,True,0.7126918345103093,0.0,0.7126918345103093,0.0,0.015308658999856561,0.0
ablate_prophet_broad,prophet,frozen,broad,False,42,4,2025-02-03 01:00:00,2025-02-08 07:00:00,127,23.37,True,True,-1.5487709286176425,0.0,-1.5487709286176425,0.0,0.015308658999856561,0.0
ablate_prophet_broad,prophet,frozen,broad,False,42,4,2025-02-03 01:00:00,2025-02-08 08:00:00,128,29.47,True,True,1.1643721532937263,0.0,1.1643721532937263,0.0,0.015308658999856561,0.0
ablate_prophet_broad,prophet,frozen,broad,False,42,4,2025-02-03 01:00:00,2025-02-08 09:00:00,129,38.82,True,True,9.33175101345978,0.0,9.33175101345978,0.0,0.015308658999856561,0.0
ablate_prophet_broad,prophet,frozen,broad,False,42,4,2025-02-03 01:00:00,2025-02-08 10:00:00,130,58.71,True,True,26.77030212561519,0.0,26.77030212561519,0.0,0.015308658999856561,0.0
ablate_prophet_broad,prophet,frozen,broad,False,42,4,2025-02-03 01:00:00,2025-02-08 11:00:00,131,96.73,True,True,59.936783562428275,0.0,59.936783562428275,0.0,0.015308658999856561,0.0
ablate_prophet_broad,prophet,frozen,broad,False,42,4,2025-02-03 01:00:00,2025-02-08 12:00:00,132,135.39,True,True,100.82697230715672,0.0,100.82697230715672,0.0,0.015308658999856561,0.0
ablate_prophet_broad,prophet,frozen,broad,False,42,4,2025-02-03 01:00:00,2025-02-08 13:00:00,133,193.36,True,True,157.24977090405056,0.0,157.24977090405056,0.0,0.015308658999856561,0.0
ablate_prophet_broad,prophet,frozen,broad,False,42,4,2025-02-03 01:00:00,2025-02-08 14:00:00,134,264.03,True,True,229.14603606033842,0.0,229.14603606033842,0.0,0.015308658999856561,0.0
ablate_prophet_broad,prophet,frozen,broad,False,42,4,2025-02-03 01:00:00,2025-02-08 15:00:00,135,279.81,True,True,249.57214475809718,0.0,249.57214475809718,0.0,0.015308658999856561,0.0
ablate_prophet_broad,prophet,frozen,broad,False,42,4,2025-02-03 01:00:00,2025-02-08 16:00:00,136,247.96,True,True,220.80038541832988,0.0,220.80038541832988,0.0,0.015308658999856561,0.0
ablate_prophet_broad,prophet,frozen,broad,False,42,4,2025-02-03 01:00:00,2025-02-08 17:00:00,137,205.0,True,True,179.7245728833064,0.0,179.7245728833064,0.0,0.015308658999856561,0.0
ablate_prophet_broad,prophet,frozen,broad,False,42,4,2025-02-03 01:00:00,2025-02-08 18:00:00,138,167.87,True,True,142.28897899149905,0.0,142.28897899149905,0.0,0.015308658999856561,0.0
ablate_prophet_broad,prophet,frozen,broad,False,42,4,2025-02-03 01:00:00,2025-02-08 19:00:00,139,142.96,True,True,118.4076586353359,0.0,118.4076586353359,0.0,0.015308658999856561,0.0
ablate_prophet_broad,prophet,frozen,broad,False,42,4,2025-02-03 01:00:00,2025-02-08 20:00:00,140,128.73,True,True,105.628257487054,0.0,105.628257487054,0.0,0.015308658999856561,0.0
ablate_prophet_broad,prophet,frozen,broad,False,42,4,2025-02-03 01:00:00,2025-02-08 21:00:00,141,119.93,True,True,97.08248195296687,0.0,97.08248195296687,0.0,0.015308658999856561,0.0
ablate_prophet_broad,prophet,frozen,broad,False,42,4,2025-02-03 01:00:00,2025-02-08 22:00:00,142,113.39,True,True,89.80602371265202,0.0,89.80602371265202,0.0,0.015308658999856561,0.0
ablate_prophet_broad,prophet,frozen,broad,False,42,4,2025-02-03 01:00:00,2025-02-08 23:00:00,143,154.0,True,True,128.419737508384,0.0,128.419737508384,0.0,0.015308658999856561,0.0
ablate_prophet_broad,prophet,frozen,broad,False,42,4,2025-02-03 01:00:00,2025-02-09 00:00:00,144,209.21,True,True,181.0473631274124,0.0,181.0473631274124,0.0,0.015308658999856561,0.0
ablate_prophet_broad,prophet,frozen,broad,False,42,4,2025-02-03 01:00:00,2025-02-09 01:00:00,145,233.85,True,True,204.53973823019967,0.0,204.53973823019967,0.0,0.015308658999856561,0.0
ablate_prophet_broad,prophet,frozen,broad,False,42,4,2025-02-03 01:00:00,2025-02-09 02:00:00,146,240.34,True,True,212.20541158551032,0.0,212.20541158551032,0.0,0.015308658999856561,0.0
ablate_prophet_broad,prophet,frozen,broad,False,42,4,2025-02-03 01:00:00,2025-02-09 03:00:00,147,231.36,True,True,207.10025862411877,0.0,207.10025862411877,0.0,0.015308658999856561,0.0
ablate_prophet_broad,prophet,frozen,broad,False,42,4,2025-02-03 01:00:00,2025-02-09 04:00:00,148,118.64,True,True,93.8147085211758,0.0,93.8147085211758,0.0,0.015308658999856561,0.0
ablate_prophet_broad,prophet,frozen,broad,False,42,4,2025-02-03 01:00:00,2025-02-09 05:00:00,149,129.29,True,True,98.62666909866604,0.0,98.62666909866604,0.0,0.015308658999856561,0.0
ablate_prophet_broad,prophet,frozen,broad,False,42,4,2025-02-03 01:00:00,2025-02-09 06:00:00,150,137.33,True,True,103.75559517618048,0.0,103.75559517618048,0.0,0.015308658999856561,0.0
ablate_prophet_broad,prophet,frozen,broad,False,42,4,2025-02-03 01:00:00,2025-02-09 07:00:00,151,107.98,True,True,75.4695665760473,0.0,75.4695665760473,0.0,0.015308658999856561,0.0
ablate_prophet_broad,prophet,frozen,broad,False,42,4,2025-02-03 01:00:00,2025-02-09 08:00:00,152,103.34,True,True,71.586655266594,0.0,71.586655266594,0.0,0.015308658999856561,0.0
ablate_prophet_broad,prophet,frozen,broad,False,42,4,2025-02-03 01:00:00,2025-02-09 09:00:00,153,106.99,True,True,78.96753265866474,0.0,78.96753265866474,0.0,0.015308658999856561,0.0
ablate_prophet_broad,prophet,frozen,broad,False,42,4,2025-02-03 01:00:00,2025-02-09 10:00:00,154,145.51,True,True,117.4931663926283,0.0,117.4931663926283,0.0,0.015308658999856561,0.0
ablate_prophet_broad,prophet,frozen,broad,False,42,4,2025-02-03 01:00:00,2025-02-09 11:00:00,155,245.04,True,True,216.47498402653125,0.0,216.47498402653125,0.0,0.015308658999856561,0.0
ablate_prophet_broad,prophet,frozen,broad,False,42,4,2025-02-03 01:00:00,2025-02-09 12:00:00,156,367.71,True,True,342.9708625328859,0.0,342.9708625328859,0.0,0.015308658999856561,0.0
ablate_prophet_broad,prophet,frozen,broad,False,42,4,2025-02-03 01:00:00,2025-02-09 13:00:00,157,478.18,True,True,461.1248441748308,0.0,461.1248441748308,0.0,0.015308658999856561,0.0
ablate_prophet_broad,prophet,frozen,broad,False,42,4,2025-02-03 01:00:00,2025-02-09 14:00:00,158,581.23,True,True,565.2121063857662,0.0,565.2121063857662,0.0,0.015308658999856561,0.0
ablate_prophet_broad,prophet,frozen,broad,False,42,4,2025-02-03 01:00:00,2025-02-09 15:00:00,159,633.46,True,True,616.0521662589312,0.0,616.0521662589312,0.0,0.015308658999856561,0.0
ablate_prophet_broad,prophet,frozen,broad,False,42,4,2025-02-03 01:00:00,2025-02-09 16:00:00,160,613.53,True,True,595.1044440108632,0.0,595.1044440108632,0.0,0.015308658999856561,0.0
ablate_prophet_broad,prophet,frozen,broad,False,42,4,2025-02-03 01:00:00,2025-02-09 17:00:00,161,579.65,True,True,564.2414540948196,0.0,564.2414540948196,0.0,0.015308658999856561,0.0
ablate_prophet_broad,prophet,frozen,broad,False,42,4,2025-02-03 01:00:00,2025-02-09 18:00:00,162,554.04,True,True,531.2195129238002,0.0,531.2195129238002,0.0,0.015308658999856561,0.0
ablate_prophet_broad,prophet,frozen,broad,False,42,4,2025-02-03 01:00:00,2025-02-09 19:00:00,163,525.21,True,True,497.3061026187214,0.0,497.3061026187214,0.0,0.015308658999856561,0.0
ablate_prophet_broad,prophet,frozen,broad,False,42,4,2025-02-03 01:00:00,2025-02-09 20:00:00,164,496.94,True,True,464.54841245929265,0.0,464.54841245929265,0.0,0.015308658999856561,0.0
ablate_prophet_broad,prophet,frozen,broad,False,42,4,2025-02-03 01:00:00,2025-02-09 21:00:00,165,457.38,True,True,420.85882360545963,0.0,420.85882360545963,0.0,0.015308658999856561,0.0
ablate_prophet_broad,prophet,frozen,broad,False,42,4,2025-02-03 01:00:00,2025-02-09 22:00:00,166,409.27,True,True,367.63508499526347,0.0,367.63508499526347,0.0,0.015308658999856561,0.0
ablate_prophet_broad,prophet,frozen,broad,False,42,4,2025-02-03 01:00:00,2025-02-09 23:00:00,167,449.44,True,True,404.66348063578386,0.0,404.66348063578386,0.0,0.015308658999856561,0.0
ablate_prophet_broad,prophet,frozen,broad,False,42,4,2025-02-03 01:00:00,2025-02-10 00:00:00,168,551.24,True,True,504.3502300000879,0.0,504.3502300000879,0.0,0.015308658999856561,0.0
ablate_prophet_broad,prophet,frozen,broad,False,42,5,2025-02-10 01:00:00,2025-02-10 01:00:00,1,635.49,True,True,595.2069190486184,0.0,595.2069190486184,0.0,0.014039806002983823,0.0
ablate_prophet_broad,prophet,frozen,broad,False,42,5,2025-02-10 01:00:00,2025-02-10 02:00:00,2,662.88,True,True,626.6427727151313,0.0,626.6427727151313,0.0,0.014039806002983823,0.0
ablate_prophet_broad,prophet,frozen,broad,False,42,5,2025-02-10 01:00:00,2025-02-10 03:00:00,3,601.67,True,True,568.861438833443,0.0,568.861438833443,0.0,0.014039806002983823,0.0
ablate_prophet_broad,prophet,frozen,broad,False,42,5,2025-02-10 01:00:00,2025-02-10 04:00:00,4,290.33,True,True,244.02094096171803,0.0,244.02094096171803,0.0,0.014039806002983823,0.0
ablate_prophet_broad,prophet,frozen,broad,False,42,5,2025-02-10 01:00:00,2025-02-10 05:00:00,5,302.77,True,True,248.53751778515297,0.0,248.53751778515297,0.0,0.014039806002983823,0.0
ablate_prophet_broad,prophet,frozen,broad,False,42,5,2025-02-10 01:00:00,2025-02-10 06:00:00,6,339.38,True,True,276.79503576378926,0.0,276.79503576378926,0.0,0.014039806002983823,0.0
ablate_prophet_broad,prophet,frozen,broad,False,42,5,2025-02-10 01:00:00,2025-02-10 07:00:00,7,406.0,True,True,338.09804430796464,0.0,338.09804430796464,0.0,0.014039806002983823,0.0
ablate_prophet_broad,prophet,frozen,broad,False,42,5,2025-02-10 01:00:00,2025-02-10 08:00:00,8,516.75,True,True,446.1081818606821,0.0,446.1081818606821,0.0,0.014039806002983823,0.0
ablate_prophet_broad,prophet,frozen,broad,False,42,5,2025-02-10 01:00:00,2025-02-10 09:00:00,9,617.3,True,True,550.8774249344688,0.0,550.8774249344688,0.0,0.014039806002983823,0.0
ablate_prophet_broad,prophet,frozen,broad,False,42,5,2025-02-10 01:00:00,2025-02-10 10:00:00,10,717.42,True,True,656.6954974510172,0.0,656.6954974510172,0.0,0.014039806002983823,0.0
ablate_prophet_broad,prophet,frozen,broad,False,42,5,2025-02-10 01:00:00,2025-02-10 11:00:00,11,869.12,True,True,819.2808549172482,0.0,819.2808549172482,0.0,0.014039806002983823,0.0
ablate_prophet_broad,prophet,frozen,broad,False,42,5,2025-02-10 01:00:00,2025-02-10 12:00:00,12,1031.66,True,True,995.3652150445536,0.0,995.3652150445536,0.0,0.014039806002983823,0.0
ablate_prophet_broad,prophet,frozen,broad,False,42,5,2025-02-10 01:00:00,2025-02-10 13:00:00,13,1143.06,True,True,1119.6047654957592,0.0,1119.6047654957592,0.0,0.014039806002983823,0.0
ablate_prophet_broad,prophet,frozen,broad,False,42,5,2025-02-10 01:00:00,2025-02-10 14:00:00,14,1191.71,True,True,1181.272009430697,0.0,1181.272009430697,0.0,0.014039806002983823,0.0
ablate_prophet_broad,prophet,frozen,broad,False,42,5,2025-02-10 01:00:00,2025-02-10 15:00:00,15,1179.11,True,True,1172.7558439489276,0.0,1172.7558439489276,0.0,0.014039806002983823,0.0
ablate_prophet_broad,prophet,frozen,broad,False,42,5,2025-02-10 01:00:00,2025-02-10 16:00:00,16,1071.85,True,True,1063.799779227295,0.0,1063.799779227295,0.0,0.014039806002983823,0.0
ablate_prophet_broad,prophet,frozen,broad,False,42,5,2025-02-10 01:00:00,2025-02-10 17:00:00,17,907.42,True,True,901.7134085481562,0.0,901.7134085481562,0.0,0.014039806002983823,0.0
ablate_prophet_broad,prophet,frozen,broad,False,42,5,2025-02-10 01:00:00,2025-02-10 18:00:00,18,726.65,True,True,717.7861101813714,0.0,717.7861101813714,0.0,0.014039806002983823,0.0
ablate_prophet_broad,prophet,frozen,broad,False,42,5,2025-02-10 01:00:00,2025-02-10 19:00:00,19,601.12,True,True,580.8200156531428,0.0,580.8200156531428,0.0,0.014039806002983823,0.0
ablate_prophet_broad,prophet,frozen,broad,False,42,5,2025-02-10 01:00:00,2025-02-10 20:00:00,20,541.5,True,True,513.39391813249,0.0,513.39391813249,0.0,0.014039806002983823,0.0
ablate_prophet_broad,prophet,frozen,broad,False,42,5,2025-02-10 01:00:00,2025-02-10 21:00:00,21,506.36,True,True,475.6218937704101,0.0,475.6218937704101,0.0,0.014039806002983823,0.0
ablate_prophet_broad,prophet,frozen,broad,False,42,5,2025-02-10 01:00:00,2025-02-10 22:00:00,22,473.64,True,True,440.06441468922543,0.0,440.06441468922543,0.0,0.014039806002983823,0.0
ablate_prophet_broad,prophet,frozen,broad,False,42,5,2025-02-10 01:00:00,2025-02-10 23:00:00,23,531.73,True,True,493.02823362372544,0.0,493.02823362372544,0.0,0.014039806002983823,0.0
ablate_prophet_broad,prophet,frozen,broad,False,42,5,2025-02-10 01:00:00,2025-02-11 00:00:00,24,663.85,True,True,619.7717789715844,0.0,619.7717789715844,0.0,0.014039806002983823,0.0
ablate_prophet_broad,prophet,frozen,broad,False,42,5,2025-02-10 01:00:00,2025-02-11 01:00:00,25,749.47,True,True,706.6273584033888,0.0,706.6273584033888,0.0,0.014039806002983823,0.0
ablate_prophet_broad,prophet,frozen,broad,False,42,5,2025-02-10 01:00:00,2025-02-11 02:00:00,26,739.69,True,True,698.9160362720007,0.0,698.9160362720007,0.0,0.014039806002983823,0.0
ablate_prophet_broad,prophet,frozen,broad,False,42,5,2025-02-10 01:00:00,2025-02-11 03:00:00,27,642.49,True,True,606.0521656047495,0.0,606.0521656047495,0.0,0.014039806002983823,0.0
ablate_prophet_broad,prophet,frozen,broad,False,42,5,2025-02-10 01:00:00,2025-02-11 04:00:00,28,315.67,True,True,280.46691732276145,0.0,280.46691732276145,0.0,0.014039806002983823,0.0
ablate_prophet_broad,prophet,frozen,broad,False,42,5,2025-02-10 01:00:00,2025-02-11 05:00:00,29,262.21,True,True,226.64979466055993,0.0,226.64979466055993,0.0,0.014039806002983823,0.0
ablate_prophet_broad,prophet,frozen,broad,False,42,5,2025-02-10 01:00:00,2025-02-11 06:00:00,30,250.89,True,True,212.79484897389932,0.0,212.79484897389932,0.0,0.014039806002983823,0.0
ablate_prophet_broad,prophet,frozen,broad,False,42,5,2025-02-10 01:00:00,2025-02-11 07:00:00,31,320.72,True,True,280.1975570332468,0.0,280.1975570332468,0.0,0.014039806002983823,0.0
ablate_prophet_broad,prophet,frozen,broad,False,42,5,2025-02-10 01:00:00,2025-02-11 08:00:00,32,452.98,True,True,410.31208262098977,0.0,410.31208262098977,0.0,0.014039806002983823,0.0
ablate_prophet_broad,prophet,frozen,broad,False,42,5,2025-02-10 01:00:00,2025-02-11 09:00:00,33,586.34,True,True,535.7051868748362,0.0,535.7051868748362,0.0,0.014039806002983823,0.0
ablate_prophet_broad,prophet,frozen,broad,False,42,5,2025-02-10 01:00:00,2025-02-11 10:00:00,34,677.63,True,True,618.321992169273,0.0,618.321992169273,0.0,0.014039806002983823,0.0
ablate_prophet_broad,prophet,frozen,broad,False,42,5,2025-02-10 01:00:00,2025-02-11 11:00:00,35,713.13,True,True,646.629722585192,0.0,646.629722585192,0.0,0.014039806002983823,0.0
ablate_prophet_broad,prophet,frozen,broad,False,42,5,2025-02-10 01:00:00,2025-02-11 12:00:00,36,705.1,True,True,644.0265471888524,0.0,644.0265471888524,0.0,0.014039806002983823,0.0
ablate_prophet_broad,prophet,frozen,broad,False,42,5,2025-02-10 01:00:00,2025-02-11 13:00:00,37,627.26,True,True,576.3432294639061,0.0,576.3432294639061,0.0,0.014039806002983823,0.0
ablate_prophet_broad,prophet,frozen,broad,False,42,5,2025-02-10 01:00:00,2025-02-11 14:00:00,38,470.38,True,True,448.7855954006826,0.0,448.7855954006826,0.0,0.014039806002983823,0.0
ablate_prophet_broad,prophet,frozen,broad,False,42,5,2025-02-10 01:00:00,2025-02-11 15:00:00,39,215.79,True,True,219.17992534853477,0.0,219.17992534853477,0.0,0.014039806002983823,0.0
ablate_prophet_broad,prophet,frozen,broad,False,42,5,2025-02-10 01:00:00,2025-02-11 16:00:00,40,18.95,True,True,21.6161065280954,0.0,21.6161065280954,0.0,0.014039806002983823,0.0
ablate_prophet_broad,prophet,frozen,broad,False,42,5,2025-02-10 01:00:00,2025-02-11 17:00:00,41,11.92,True,True,16.64371406732195,0.0,16.64371406732195,0.0,0.014039806002983823,0.0
ablate_prophet_broad,prophet,frozen,broad,False,42,5,2025-02-10 01:00:00,2025-02-11 18:00:00,42,14.17,True,True,22.120771372661636,0.0,22.120771372661636,0.0,0.014039806002983823,0.0
ablate_prophet_broad,prophet,frozen,broad,False,42,5,2025-02-10 01:00:00,2025-02-11 19:00:00,43,15.89,True,True,27.305677060446214,0.0,27.305677060446214,0.0,0.014039806002983823,0.0
ablate_prophet_broad,prophet,frozen,broad,False,42,5,2025-02-10 01:00:00,2025-02-11 20:00:00,44,18.23,True,True,32.42370320101915,0.0,32.42370320101915,0.0,0.014039806002983823,0.0
ablate_prophet_broad,prophet,frozen,broad,False,42,5,2025-02-10 01:00:00,2025-02-11 21:00:00,45,20.58,True,True,36.75069524746837,0.0,36.75069524746837,0.0,0.014039806002983823,0.0
ablate_prophet_broad,prophet,frozen,broad,False,42,5,2025-02-10 01:00:00,2025-02-11 22:00:00,46,24.3,True,True,40.55721086943754,0.0,40.55721086943754,0.0,0.014039806002983823,0.0
ablate_prophet_broad,prophet,frozen,broad,False,42,5,2025-02-10 01:00:00,2025-02-11 23:00:00,47,39.89,True,True,55.032545429140725,0.0,55.032545429140725,0.0,0.014039806002983823,0.0
ablate_prophet_broad,prophet,frozen,broad,False,42,5,2025-02-10 01:00:00,2025-02-12 00:00:00,48,56.98,True,True,68.4925099958017,0.0,68.4925099958017,0.0,0.014039806002983823,0.0
ablate_prophet_broad,prophet,frozen,broad,False,42,5,2025-02-10 01:00:00,2025-02-12 01:00:00,49,62.72,True,True,70.1386517741388,0.0,70.1386517741388,0.0,0.014039806002983823,0.0
ablate_prophet_broad,prophet,frozen,broad,False,42,5,2025-02-10 01:00:00,2025-02-12 02:00:00,50,56.6,True,True,59.61865309916146,0.0,59.61865309916146,0.0,0.014039806002983823,0.0
ablate_prophet_broad,prophet,frozen,broad,False,42,5,2025-02-10 01:00:00,2025-02-12 03:00:00,51,45.53,True,True,47.67426735363509,0.0,47.67426735363509,0.0,0.014039806002983823,0.0
ablate_prophet_broad,prophet,frozen,broad,False,42,5,2025-02-10 01:00:00,2025-02-12 04:00:00,52,23.48,True,True,22.973862637522103,0.0,22.973862637522103,0.0,0.014039806002983823,0.0
ablate_prophet_broad,prophet,frozen,broad,False,42,5,2025-02-10 01:00:00,2025-02-12 05:00:00,53,16.52,True,True,16.192986374914284,0.0,16.192986374914284,0.0,0.014039806002983823,0.0
ablate_prophet_broad,prophet,frozen,broad,False,42,5,2025-02-10 01:00:00,2025-02-12 06:00:00,54,13.75,True,True,11.204612515511428,0.0,11.204612515511428,0.0,0.014039806002983823,0.0
ablate_prophet_broad,prophet,frozen,broad,False,42,5,2025-02-10 01:00:00,2025-02-12 07:00:00,55,14.99,True,True,8.614231819947179,0.0,8.614231819947179,0.0,0.014039806002983823,0.0
ablate_prophet_broad,prophet,frozen,broad,False,42,5,2025-02-10 01:00:00,2025-02-12 08:00:00,56,21.26,True,True,13.611620217391732,0.0,13.611620217391732,0.0,0.014039806002983823,0.0
ablate_prophet_broad,prophet,frozen,broad,False,42,5,2025-02-10 01:00:00,2025-02-12 09:00:00,57,28.82,True,True,19.672876142710095,0.0,19.672876142710095,0.0,0.014039806002983823,0.0
ablate_prophet_broad,prophet,frozen,broad,False,42,5,2025-02-10 01:00:00,2025-02-12 10:00:00,58,73.65,True,True,64.63503334167592,0.0,64.63503334167592,0.0,0.014039806002983823,0.0
ablate_prophet_broad,prophet,frozen,broad,False,42,5,2025-02-10 01:00:00,2025-02-12 11:00:00,59,181.58,True,True,172.04526789022222,0.0,172.04526789022222,0.0,0.014039806002983823,0.0
ablate_prophet_broad,prophet,frozen,broad,False,42,5,2025-02-10 01:00:00,2025-02-12 12:00:00,60,309.55,True,True,296.87077950542675,0.0,296.87077950542675,0.0,0.014039806002983823,0.0
ablate_prophet_broad,prophet,frozen,broad,False,42,5,2025-02-10 01:00:00,2025-02-12 13:00:00,61,419.08,True,True,408.7433818935127,0.0,408.7433818935127,0.0,0.014039806002983823,0.0
ablate_prophet_broad,prophet,frozen,broad,False,42,5,2025-02-10 01:00:00,2025-02-12 14:00:00,62,519.36,True,True,515.1959461854129,0.0,515.1959461854129,0.0,0.014039806002983823,0.0
ablate_prophet_broad,prophet,frozen,broad,False,42,5,2025-02-10 01:00:00,2025-02-12 15:00:00,63,561.9,True,True,565.4872849463833,0.0,565.4872849463833,0.0,0.014039806002983823,0.0
ablate_prophet_broad,prophet,frozen,broad,False,42,5,2025-02-10 01:00:00,2025-02-12 16:00:00,64,509.36,True,True,520.8822126307118,0.0,520.8822126307118,0.0,0.014039806002983823,0.0
ablate_prophet_broad,prophet,frozen,broad,False,42,5,2025-02-10 01:00:00,2025-02-12 17:00:00,65,433.93,True,True,453.74533547136514,0.0,453.74533547136514,0.0,0.014039806002983823,0.0
ablate_prophet_broad,prophet,frozen,broad,False,42,5,2025-02-10 01:00:00,2025-02-12 18:00:00,66,378.96,True,True,408.6843322275439,0.0,408.6843322275439,0.0,0.014039806002983823,0.0
ablate_prophet_broad,prophet,frozen,broad,False,42,5,2025-02-10 01:00:00,2025-02-12 19:00:00,67,319.21,True,True,337.04493101853257,0.0,337.04493101853257,0.0,0.014039806002983823,0.0
ablate_prophet_broad,prophet,frozen,broad,False,42,5,2025-02-10 01:00:00,2025-02-12 20:00:00,68,275.86,True,True,282.8852136113149,0.0,282.8852136113149,0.0,0.014039806002983823,0.0
ablate_prophet_broad,prophet,frozen,broad,False,42,5,2025-02-10 01:00:00,2025-02-12 21:00:00,69,268.02,True,True,274.35641853686656,0.0,274.35641853686656,0.0,0.014039806002983823,0.0
ablate_prophet_broad,prophet,frozen,broad,False,42,5,2025-02-10 01:00:00,2025-02-12 22:00:00,70,295.94,True,True,303.5099450466067,0.0,303.5099450466067,0.0,0.014039806002983823,0.0
ablate_prophet_broad,prophet,frozen,broad,False,42,5,2025-02-10 01:00:00,2025-02-12 23:00:00,71,394.95,True,True,396.9785975238209,0.0,396.9785975238209,0.0,0.014039806002983823,0.0
ablate_prophet_broad,prophet,frozen,broad,False,42,5,2025-02-10 01:00:00,2025-02-13 00:00:00,72,518.5,True,True,516.0316533142674,0.0,516.0316533142674,0.0,0.014039806002983823,0.0
ablate_prophet_broad,prophet,frozen,broad,False,42,5,2025-02-10 01:00:00,2025-02-13 01:00:00,73,627.41,True,True,630.7833955886912,0.0,630.7833955886912,0.0,0.014039806002983823,0.0
ablate_prophet_broad,prophet,frozen,broad,False,42,5,2025-02-10 01:00:00,2025-02-13 02:00:00,74,706.39,True,True,710.9714317404001,0.0,710.9714317404001,0.0,0.014039806002983823,0.0
ablate_prophet_broad,prophet,frozen,broad,False,42,5,2025-02-10 01:00:00,2025-02-13 03:00:00,75,733.54,True,True,737.1799654972208,0.0,737.1799654972208,0.0,0.014039806002983823,0.0
ablate_prophet_broad,prophet,frozen,broad,False,42,5,2025-02-10 01:00:00,2025-02-13 04:00:00,76,407.18,True,True,400.9614316464491,0.0,400.9614316464491,0.0,0.014039806002983823,0.0
ablate_prophet_broad,prophet,frozen,broad,False,42,5,2025-02-10 01:00:00,2025-02-13 05:00:00,77,303.7,True,True,291.5804726013705,0.0,291.5804726013705,0.0,0.014039806002983823,0.0
ablate_prophet_broad,prophet,frozen,broad,False,42,5,2025-02-10 01:00:00,2025-02-13 06:00:00,78,286.09,True,True,275.79759061867856,0.0,275.79759061867856,0.0,0.014039806002983823,0.0
ablate_prophet_broad,prophet,frozen,broad,False,42,5,2025-02-10 01:00:00,2025-02-13 07:00:00,79,255.89,True,True,257.58369778010575,0.0,257.58369778010575,0.0,0.014039806002983823,0.0
ablate_prophet_broad,prophet,frozen,broad,False,42,5,2025-02-10 01:00:00,2025-02-13 08:00:00,80,253.24,True,True,270.84821866928274,0.0,270.84821866928274,0.0,0.014039806002983823,0.0
ablate_prophet_broad,prophet,frozen,broad,False,42,5,2025-02-10 01:00:00,2025-02-13 09:00:00,81,283.34,True,True,325.09639214460884,0.0,325.09639214460884,0.0,0.014039806002983823,0.0
ablate_prophet_broad,prophet,frozen,broad,False,42,5,2025-02-10 01:00:00,2025-02-13 10:00:00,82,355.97,True,True,416.9180506702774,0.0,416.9180506702774,0.0,0.014039806002983823,0.0
ablate_prophet_broad,prophet,frozen,broad,False,42,5,2025-02-10 01:00:00,2025-02-13 11:00:00,83,488.46,True,True,560.2896908506696,0.0,560.2896908506696,0.0,0.014039806002983823,0.0
ablate_prophet_broad,prophet,frozen,broad,False,42,5,2025-02-10 01:00:00,2025-02-13 12:00:00,84,608.86,True,True,678.1046971323344,0.0,678.1046971323344,0.0,0.014039806002983823,0.0
ablate_prophet_broad,prophet,frozen,broad,False,42,5,2025-02-10 01:00:00,2025-02-13 13:00:00,85,695.92,True,True,756.6521559990787,0.0,756.6521559990787,0.0,0.014039806002983823,0.0
ablate_prophet_broad,prophet,frozen,broad,False,42,5,2025-02-10 01:00:00,2025-02-13 14:00:00,86,782.1,True,True,830.330697153155,0.0,830.330697153155,0.0,0.014039806002983823,0.0
ablate_prophet_broad,prophet,frozen,broad,False,42,5,2025-02-10 01:00:00,2025-02-13 15:00:00,87,805.31,True,True,845.5134882041011,0.0,845.5134882041011,0.0,0.014039806002983823,0.0
ablate_prophet_broad,prophet,frozen,broad,False,42,5,2025-02-10 01:00:00,2025-02-13 16:00:00,88,738.4,True,True,778.044387217738,0.0,778.044387217738,0.0,0.014039806002983823,0.0
ablate_prophet_broad,prophet,frozen,broad,False,42,5,2025-02-10 01:00:00,2025-02-13 17:00:00,89,655.55,True,True,682.754719171613,0.0,682.754719171613,0.0,0.014039806002983823,0.0
ablate_prophet_broad,prophet,frozen,broad,False,42,5,2025-02-10 01:00:00,2025-02-13 18:00:00,90,551.53,True,True,572.4944862369091,0.0,572.4944862369091,0.0,0.014039806002983823,0.0
ablate_prophet_broad,prophet,frozen,broad,False,42,5,2025-02-10 01:00:00,2025-02-13 19:00:00,91,411.47,True,True,429.10099355814395,0.0,429.10099355814395,0.0,0.014039806002983823,0.0
ablate_prophet_broad,prophet,frozen,broad,False,42,5,2025-02-10 01:00:00,2025-02-13 20:00:00,92,315.3,True,True,326.4055712426265,0.0,326.4055712426265,0.0,0.014039806002983823,0.0
ablate_prophet_broad,prophet,frozen,broad,False,42,5,2025-02-10 01:00:00,2025-02-13 21:00:00,93,270.14,True,True,278.81802480871255,0.0,278.81802480871255,0.0,0.014039806002983823,0.0
ablate_prophet_broad,prophet,frozen,broad,False,42,5,2025-02-10 01:00:00,2025-02-13 22:00:00,94,260.12,True,True,263.4314922465397,0.0,263.4314922465397,0.0,0.014039806002983823,0.0
ablate_prophet_broad,prophet,frozen,broad,False,42,5,2025-02-10 01:00:00,2025-02-13 23:00:00,95,331.13,True,True,326.73492814274636,0.0,326.73492814274636,0.0,0.014039806002983823,0.0
ablate_prophet_broad,prophet,frozen,broad,False,42,5,2025-02-10 01:00:00,2025-02-14 00:00:00,96,444.49,True,True,440.92633676959656,0.0,440.92633676959656,0.0,0.014039806002983823,0.0
ablate_prophet_broad,prophet,frozen,broad,False,42,5,2025-02-10 01:00:00,2025-02-14 01:00:00,97,549.87,True,True,543.469427801416,0.0,543.469427801416,0.0,0.014039806002983823,0.0
ablate_prophet_broad,prophet,frozen,broad,False,42,5,2025-02-10 01:00:00,2025-02-14 02:00:00,98,601.88,True,True,599.7014619124177,0.0,599.7014619124177,0.0,0.014039806002983823,0.0
ablate_prophet_broad,prophet,frozen,broad,False,42,5,2025-02-10 01:00:00,2025-02-14 03:00:00,99,572.3,True,True,577.06122304862,0.0,577.06122304862,0.0,0.014039806002983823,0.0
ablate_prophet_broad,prophet,frozen,broad,False,42,5,2025-02-10 01:00:00,2025-02-14 04:00:00,100,375.34,True,True,379.7426197593968,0.0,379.7426197593968,0.0,0.014039806002983823,0.0
ablate_prophet_broad,prophet,frozen,broad,False,42,5,2025-02-10 01:00:00,2025-02-14 05:00:00,101,349.22,True,True,346.4850350155687,0.0,346.4850350155687,0.0,0.014039806002983823,0.0
ablate_prophet_broad,prophet,frozen,broad,False,42,5,2025-02-10 01:00:00,2025-02-14 06:00:00,102,373.4,True,True,361.6103484364654,0.0,361.6103484364654,0.0,0.014039806002983823,0.0
ablate_prophet_broad,prophet,frozen,broad,False,42,5,2025-02-10 01:00:00,2025-02-14 07:00:00,103,363.75,True,True,342.7779988501658,0.0,342.7779988501658,0.0,0.014039806002983823,0.0
ablate_prophet_broad,prophet,frozen,broad,False,42,5,2025-02-10 01:00:00,2025-02-14 08:00:00,104,404.93,True,True,367.68479696553845,0.0,367.68479696553845,0.0,0.014039806002983823,0.0
ablate_prophet_broad,prophet,frozen,broad,False,42,5,2025-02-10 01:00:00,2025-02-14 09:00:00,105,419.72,True,True,387.05242293446645,0.0,387.05242293446645,0.0,0.014039806002983823,0.0
ablate_prophet_broad,prophet,frozen,broad,False,42,5,2025-02-10 01:00:00,2025-02-14 10:00:00,106,473.48,True,True,458.59188478780584,0.0,458.59188478780584,0.0,0.014039806002983823,0.0
ablate_prophet_broad,prophet,frozen,broad,False,42,5,2025-02-10 01:00:00,2025-02-14 11:00:00,107,611.54,True,True,612.6795654420511,0.0,612.6795654420511,0.0,0.014039806002983823,0.0
ablate_prophet_broad,prophet,frozen,broad,False,42,5,2025-02-10 01:00:00,2025-02-14 12:00:00,108,748.78,True,True,766.989827943328,0.0,766.989827943328,0.0,0.014039806002983823,0.0
ablate_prophet_broad,prophet,frozen,broad,False,42,5,2025-02-10 01:00:00,2025-02-14 13:00:00,109,854.48,True,True,880.3976311128098,0.0,880.3976311128098,0.0,0.014039806002983823,0.0
ablate_prophet_broad,prophet,frozen,broad,False,42,5,2025-02-10 01:00:00,2025-02-14 14:00:00,110,966.79,True,True,990.1880628004728,0.0,990.1880628004728,0.0,0.014039806002983823,0.0
ablate_prophet_broad,prophet,frozen,broad,False,42,5,2025-02-10 01:00:00,2025-02-14 15:00:00,111,1036.96,True,True,1062.132339125776,0.0,1062.132339125776,0.0,0.014039806002983823,0.0
ablate_prophet_broad,prophet,frozen,broad,False,42,5,2025-02-10 01:00:00,2025-02-14 16:00:00,112,1010.44,True,True,1031.4757854742984,0.0,1031.4757854742984,0.0,0.014039806002983823,0.0
ablate_prophet_broad,prophet,frozen,broad,False,42,5,2025-02-10 01:00:00,2025-02-14 17:00:00,113,939.11,True,True,960.500524730619,0.0,960.500524730619,0.0,0.014039806002983823,0.0
ablate_prophet_broad,prophet,frozen,broad,False,42,5,2025-02-10 01:00:00,2025-02-14 18:00:00,114,879.44,True,True,896.115259042869,0.0,896.115259042869,0.0,0.014039806002983823,0.0
ablate_prophet_broad,prophet,frozen,broad,False,42,5,2025-02-10 01:00:00,2025-02-14 19:00:00,115,785.27,True,True,797.7463302223955,0.0,797.7463302223955,0.0,0.014039806002983823,0.0
ablate_prophet_broad,prophet,frozen,broad,False,42,5,2025-02-10 01:00:00,2025-02-14 20:00:00,116,657.49,True,True,660.0573038555285,0.0,660.0573038555285,0.0,0.014039806002983823,0.0
ablate_prophet_broad,prophet,frozen,broad,False,42,5,2025-02-10 01:00:00,2025-02-14 21:00:00,117,547.33,True,True,542.9969607642774,0.0,542.9969607642774,0.0,0.014039806002983823,0.0
ablate_prophet_broad,prophet,frozen,broad,False,42,5,2025-02-10 01:00:00,2025-02-14 22:00:00,118,464.79,True,True,457.84702130258717,0.0,457.84702130258717,0.0,0.014039806002983823,0.0
ablate_prophet_broad,prophet,frozen,broad,False,42,5,2025-02-10 01:00:00,2025-02-14 23:00:00,119,366.24,True,True,359.8715567729764,0.0,359.8715567729764,0.0,0.014039806002983823,0.0
ablate_prophet_broad,prophet,frozen,broad,False,42,5,2025-02-10 01:00:00,2025-02-15 00:00:00,120,269.16,True,True,269.5168765534628,0.0,269.5168765534628,0.0,0.014039806002983823,0.0
ablate_prophet_broad,prophet,frozen,broad,False,42,5,2025-02-10 01:00:00,2025-02-15 01:00:00,121,185.33,True,True,188.3901071526855,0.0,188.3901071526855,0.0,0.014039806002983823,0.0
ablate_prophet_broad,prophet,frozen,broad,False,42,5,2025-02-10 01:00:00,2025-02-15 02:00:00,122,172.2,True,True,181.45030750107344,0.0,181.45030750107344,0.0,0.014039806002983823,0.0
ablate_prophet_broad,prophet,frozen,broad,False,42,5,2025-02-10 01:00:00,2025-02-15 03:00:00,123,148.07,True,True,164.95538657561016,0.0,164.95538657561016,0.0,0.014039806002983823,0.0
ablate_prophet_broad,prophet,frozen,broad,False,42,5,2025-02-10 01:00:00,2025-02-15 04:00:00,124,100.37,True,True,132.98658971277536,0.0,132.98658971277536,0.0,0.014039806002983823,0.0
ablate_prophet_broad,prophet,frozen,broad,False,42,5,2025-02-10 01:00:00,2025-02-15 05:00:00,125,78.32,True,True,125.44674629257375,0.0,125.44674629257375,0.0,0.014039806002983823,0.0
ablate_prophet_broad,prophet,frozen,broad,False,42,5,2025-02-10 01:00:00,2025-02-15 06:00:00,126,72.24,True,True,123.42314430835322,0.0,123.42314430835322,0.0,0.014039806002983823,0.0
ablate_prophet_broad,prophet,frozen,broad,False,42,5,2025-02-10 01:00:00,2025-02-15 07:00:00,127,75.83,True,True,125.69111375516191,0.0,125.69111375516191,0.0,0.014039806002983823,0.0
ablate_prophet_broad,prophet,frozen,broad,False,42,5,2025-02-10 01:00:00,2025-02-15 08:00:00,128,89.91,True,True,137.66941693930394,0.0,137.66941693930394,0.0,0.014039806002983823,0.0
ablate_prophet_broad,prophet,frozen,broad,False,42,5,2025-02-10 01:00:00,2025-02-15 09:00:00,129,104.0,True,True,151.8269671279407,0.0,151.8269671279407,0.0,0.014039806002983823,0.0
ablate_prophet_broad,prophet,frozen,broad,False,42,5,2025-02-10 01:00:00,2025-02-15 10:00:00,130,145.37,True,True,191.3029706026865,0.0,191.3029706026865,0.0,0.014039806002983823,0.0
ablate_prophet_broad,prophet,frozen,broad,False,42,5,2025-02-10 01:00:00,2025-02-15 11:00:00,131,226.72,True,True,269.00308426786955,0.0,269.00308426786955,0.0,0.014039806002983823,0.0
ablate_prophet_broad,prophet,frozen,broad,False,42,5,2025-02-10 01:00:00,2025-02-15 12:00:00,132,292.91,True,True,330.5408152298795,0.0,330.5408152298795,0.0,0.014039806002983823,0.0
ablate_prophet_broad,prophet,frozen,broad,False,42,5,2025-02-10 01:00:00,2025-02-15 13:00:00,133,293.88,True,True,335.8460848652292,0.0,335.8460848652292,0.0,0.014039806002983823,0.0
ablate_prophet_broad,prophet,frozen,broad,False,42,5,2025-02-10 01:00:00,2025-02-15 14:00:00,134,246.51,True,True,293.85339407496065,0.0,293.85339407496065,0.0,0.014039806002983823,0.0
ablate_prophet_broad,prophet,frozen,broad,False,42,5,2025-02-10 01:00:00,2025-02-15 15:00:00,135,190.21,True,True,239.54299944149338,0.0,239.54299944149338,0.0,0.014039806002983823,0.0
ablate_prophet_broad,prophet,frozen,broad,False,42,5,2025-02-10 01:00:00,2025-02-15 16:00:00,136,110.3,True,True,152.66507773709563,0.0,152.66507773709563,0.0,0.014039806002983823,0.0
ablate_prophet_broad,prophet,frozen,broad,False,42,5,2025-02-10 01:00:00,2025-02-15 17:00:00,137,72.65,True,True,98.58567666975208,0.0,98.58567666975208,0.0,0.014039806002983823,0.0
ablate_prophet_broad,prophet,frozen,broad,False,42,5,2025-02-10 01:00:00,2025-02-15 18:00:00,138,44.78,True,True,65.24923544130195,0.0,65.24923544130195,0.0,0.014039806002983823,0.0
ablate_prophet_broad,prophet,frozen,broad,False,42,5,2025-02-10 01:00:00,2025-02-15 19:00:00,139,26.85,True,True,48.59911242162107,0.0,48.59911242162107,0.0,0.014039806002983823,0.0
ablate_prophet_broad,prophet,frozen,broad,False,42,5,2025-02-10 01:00:00,2025-02-15 20:00:00,140,17.27,True,True,41.822149504405985,0.0,41.822149504405985,0.0,0.014039806002983823,0.0
ablate_prophet_broad,prophet,frozen,broad,False,42,5,2025-02-10 01:00:00,2025-02-15 21:00:00,141,11.84,True,True,38.973703529861695,0.0,38.973703529861695,0.0,0.014039806002983823,0.0
ablate_prophet_broad,prophet,frozen,broad,False,42,5,2025-02-10 01:00:00,2025-02-15 22:00:00,142,10.68,True,True,37.466241471073346,0.0,37.466241471073346,0.0,0.014039806002983823,0.0
ablate_prophet_broad,prophet,frozen,broad,False,42,5,2025-02-10 01:00:00,2025-02-15 23:00:00,143,17.11,True,True,43.14733978449695,0.0,43.14733978449695,0.0,0.014039806002983823,0.0
ablate_prophet_broad,prophet,frozen,broad,False,42,5,2025-02-10 01:00:00,2025-02-16 00:00:00,144,22.66,True,True,45.79797207122263,0.0,45.79797207122263,0.0,0.014039806002983823,0.0
ablate_prophet_broad,prophet,frozen,broad,False,42,5,2025-02-10 01:00:00,2025-02-16 01:00:00,145,22.56,True,True,40.09496282222608,0.0,40.09496282222608,0.0,0.014039806002983823,0.0
ablate_prophet_broad,prophet,frozen,broad,False,42,5,2025-02-10 01:00:00,2025-02-16 02:00:00,146,18.86,True,True,29.09375843869995,0.0,29.09375843869995,0.0,0.014039806002983823,0.0
ablate_prophet_broad,prophet,frozen,broad,False,42,5,2025-02-10 01:00:00,2025-02-16 03:00:00,147,13.37,True,True,20.338033969298834,0.0,20.338033969298834,0.0,0.014039806002983823,0.0
ablate_prophet_broad,prophet,frozen,broad,False,42,5,2025-02-10 01:00:00,2025-02-16 04:00:00,148,7.9,True,True,10.840854806311853,0.0,10.840854806311853,0.0,0.014039806002983823,0.0
ablate_prophet_broad,prophet,frozen,broad,False,42,5,2025-02-10 01:00:00,2025-02-16 05:00:00,149,7.2,True,True,10.846119137011868,0.0,10.846119137011868,0.0,0.014039806002983823,0.0
ablate_prophet_broad,prophet,frozen,broad,False,42,5,2025-02-10 01:00:00,2025-02-16 06:00:00,150,7.44,True,True,8.256461209043465,0.0,8.256461209043465,0.0,0.014039806002983823,0.0
ablate_prophet_broad,prophet,frozen,broad,False,42,5,2025-02-10 01:00:00,2025-02-16 07:00:00,151,8.5,True,True,4.645835171531303,0.0,4.645835171531303,0.0,0.014039806002983823,0.0
ablate_prophet_broad,prophet,frozen,broad,False,42,5,2025-02-10 01:00:00,2025-02-16 08:00:00,152,11.07,True,True,4.5895752613191405,0.0,4.5895752613191405,0.0,0.014039806002983823,0.0
ablate_prophet_broad,prophet,frozen,broad,False,42,5,2025-02-10 01:00:00,2025-02-16 09:00:00,153,12.97,True,True,1.8698714496375146,0.0,1.8698714496375146,0.0,0.014039806002983823,0.0
ablate_prophet_broad,prophet,frozen,broad,False,42,5,2025-02-10 01:00:00,2025-02-16 10:00:00,154,13.88,True,True,3.412059758354218,0.0,3.412059758354218,0.0,0.014039806002983823,0.0
ablate_prophet_broad,prophet,frozen,broad,False,42,5,2025-02-10 01:00:00,2025-02-16 11:00:00,155,17.04,True,True,3.760616423907635,0.0,3.760616423907635,0.0,0.014039806002983823,0.0
ablate_prophet_broad,prophet,frozen,broad,False,42,5,2025-02-10 01:00:00,2025-02-16 12:00:00,156,20.54,True,True,2.4652676452549542,0.0,2.4652676452549542,0.0,0.014039806002983823,0.0
ablate_prophet_broad,prophet,frozen,broad,False,42,5,2025-02-10 01:00:00,2025-02-16 13:00:00,157,23.46,True,True,10.250835050000859,0.0,10.250835050000859,0.0,0.014039806002983823,0.0
ablate_prophet_broad,prophet,frozen,broad,False,42,5,2025-02-10 01:00:00,2025-02-16 14:00:00,158,26.54,True,True,16.7987952719254,0.0,16.7987952719254,0.0,0.014039806002983823,0.0
ablate_prophet_broad,prophet,frozen,broad,False,42,5,2025-02-10 01:00:00,2025-02-16 15:00:00,159,24.64,True,True,18.58289790633728,0.0,18.58289790633728,0.0,0.014039806002983823,0.0
ablate_prophet_broad,prophet,frozen,broad,False,42,5,2025-02-10 01:00:00,2025-02-16 16:00:00,160,18.44,True,True,13.683914936200154,0.0,13.683914936200154,0.0,0.014039806002983823,0.0
ablate_prophet_broad,prophet,frozen,broad,False,42,5,2025-02-10 01:00:00,2025-02-16 17:00:00,161,17.24,True,True,13.853557873426581,0.0,13.853557873426581,0.0,0.014039806002983823,0.0
ablate_prophet_broad,prophet,frozen,broad,False,42,5,2025-02-10 01:00:00,2025-02-16 18:00:00,162,16.83,True,True,15.310573918057884,0.0,15.310573918057884,0.0,0.014039806002983823,0.0
ablate_prophet_broad,prophet,frozen,broad,False,42,5,2025-02-10 01:00:00,2025-02-16 19:00:00,163,16.43,True,True,17.077822251267577,0.0,17.077822251267577,0.0,0.014039806002983823,0.0
ablate_prophet_broad,prophet,frozen,broad,False,42,5,2025-02-10 01:00:00,2025-02-16 20:00:00,164,15.59,True,True,16.690352605220255,0.0,16.690352605220255,0.0,0.014039806002983823,0.0
ablate_prophet_broad,prophet,frozen,broad,False,42,5,2025-02-10 01:00:00,2025-02-16 21:00:00,165,15.09,True,True,15.51287796678588,0.0,15.51287796678588,0.0,0.014039806002983823,0.0
ablate_prophet_broad,prophet,frozen,broad,False,42,5,2025-02-10 01:00:00,2025-02-16 22:00:00,166,16.25,True,True,15.72326691602396,0.0,15.72326691602396,0.0,0.014039806002983823,0.0
ablate_prophet_broad,prophet,frozen,broad,False,42,5,2025-02-10 01:00:00,2025-02-16 23:00:00,167,27.63,True,True,27.512593658125468,0.0,27.512593658125468,0.0,0.014039806002983823,0.0
ablate_prophet_broad,prophet,frozen,broad,False,42,5,2025-02-10 01:00:00,2025-02-17 00:00:00,168,42.42,True,True,40.75651084192759,0.0,40.75651084192759,0.0,0.014039806002983823,0.0
ablate_prophet_broad,prophet,frozen,broad,False,42,6,2025-02-17 01:00:00,2025-02-17 01:00:00,1,51.7,True,True,42.604479450651894,0.0,42.604479450651894,0.0,0.014115690006292425,0.0
ablate_prophet_broad,prophet,frozen,broad,False,42,6,2025-02-17 01:00:00,2025-02-17 02:00:00,2,47.88,True,True,34.26183769926075,0.0,34.26183769926075,0.0,0.014115690006292425,0.0
ablate_prophet_broad,prophet,frozen,broad,False,42,6,2025-02-17 01:00:00,2025-02-17 03:00:00,3,36.85,True,True,20.805771042135547,0.0,20.805771042135547,0.0,0.014115690006292425,0.0
ablate_prophet_broad,prophet,frozen,broad,False,42,6,2025-02-17 01:00:00,2025-02-17 04:00:00,4,20.69,True,True,4.669871264552029,0.0,4.669871264552029,0.0,0.014115690006292425,0.0
ablate_prophet_broad,prophet,frozen,broad,False,42,6,2025-02-17 01:00:00,2025-02-17 05:00:00,5,18.02,True,True,3.2942308280406962,0.0,3.2942308280406962,0.0,0.014115690006292425,0.0
ablate_prophet_broad,prophet,frozen,broad,False,42,6,2025-02-17 01:00:00,2025-02-17 06:00:00,6,18.83,True,True,4.152139946291243,0.0,4.152139946291243,0.0,0.014115690006292425,0.0
ablate_prophet_broad,prophet,frozen,broad,False,42,6,2025-02-17 01:00:00,2025-02-17 07:00:00,7,30.23,True,True,13.50453363514427,0.0,13.50453363514427,0.0,0.014115690006292425,0.0
ablate_prophet_broad,prophet,frozen,broad,False,42,6,2025-02-17 01:00:00,2025-02-17 08:00:00,8,57.88,True,True,37.919085438291944,0.0,37.919085438291944,0.0,0.014115690006292425,0.0
ablate_prophet_broad,prophet,frozen,broad,False,42,6,2025-02-17 01:00:00,2025-02-17 09:00:00,9,87.72,True,True,63.732322705468334,0.0,63.732322705468334,0.0,0.014115690006292425,0.0
ablate_prophet_broad,prophet,frozen,broad,False,42,6,2025-02-17 01:00:00,2025-02-17 10:00:00,10,127.67,True,True,103.55118196685781,0.0,103.55118196685781,0.0,0.014115690006292425,0.0
ablate_prophet_broad,prophet,frozen,broad,False,42,6,2025-02-17 01:00:00,2025-02-17 11:00:00,11,200.43,True,True,180.6366493480286,0.0,180.6366493480286,0.0,0.014115690006292425,0.0
ablate_prophet_broad,prophet,frozen,broad,False,42,6,2025-02-17 01:00:00,2025-02-17 12:00:00,12,285.42,True,True,279.5590749513679,0.0,279.5590749513679,0.0,0.014115690006292425,0.0
ablate_prophet_broad,prophet,frozen,broad,False,42,6,2025-02-17 01:00:00,2025-02-17 13:00:00,13,369.4,True,True,385.0760794242392,0.0,385.0760794242392,0.0,0.014115690006292425,0.0
ablate_prophet_broad,prophet,frozen,broad,False,42,6,2025-02-17 01:00:00,2025-02-17 14:00:00,14,453.88,True,True,482.25689400821443,0.0,482.25689400821443,0.0,0.014115690006292425,0.0
ablate_prophet_broad,prophet,frozen,broad,False,42,6,2025-02-17 01:00:00,2025-02-17 15:00:00,15,504.29,True,True,543.7182983022474,0.0,543.7182983022474,0.0,0.014115690006292425,0.0
ablate_prophet_broad,prophet,frozen,broad,False,42,6,2025-02-17 01:00:00,2025-02-17 16:00:00,16,491.51,True,True,534.1374359026076,0.0,534.1374359026076,0.0,0.014115690006292425,0.0
ablate_prophet_broad,prophet,frozen,broad,False,42,6,2025-02-17 01:00:00,2025-02-17 17:00:00,17,471.71,True,True,516.3896833072496,0.0,516.3896833072496,0.0,0.014115690006292425,0.0
ablate_prophet_broad,prophet,frozen,broad,False,42,6,2025-02-17 01:00:00,2025-02-17 18:00:00,18,469.79,True,True,510.52740642358884,0.0,510.52740642358884,0.0,0.014115690006292425,0.0
ablate_prophet_broad,prophet,frozen,broad,False,42,6,2025-02-17 01:00:00,2025-02-17 19:00:00,19,490.14,True,True,529.6136288619432,0.0,529.6136288619432,0.0,0.014115690006292425,0.0
ablate_prophet_broad,prophet,frozen,broad,False,42,6,2025-02-17 01:00:00,2025-02-17 20:00:00,20,516.16,True,True,551.3668370477335,0.0,551.3668370477335,0.0,0.014115690006292425,0.0
ablate_prophet_broad,prophet,frozen,broad,False,42,6,2025-02-17 01:00:00,2025-02-17 21:00:00,21,530.29,True,True,559.6714873883856,0.0,559.6714873883856,0.0,0.014115690006292425,0.0
ablate_prophet_broad,prophet,frozen,broad,False,42,6,2025-02-17 01:00:00,2025-02-17 22:00:00,22,516.85,True,True,532.1866267742687,0.0,532.1866267742687,0.0,0.014115690006292425,0.0
ablate_prophet_broad,prophet,frozen,broad,False,42,6,2025-02-17 01:00:00,2025-02-17 23:00:00,23,534.32,True,True,535.505631339622,0.0,535.505631339622,0.0,0.014115690006292425,0.0
ablate_prophet_broad,prophet,frozen,broad,False,42,6,2025-02-17 01:00:00,2025-02-18 00:00:00,24,524.69,True,True,512.4698482491974,0.0,512.4698482491974,0.0,0.014115690006292425,0.0
ablate_prophet_broad,prophet,frozen,broad,False,42,6,2025-02-17 01:00:00,2025-02-18 01:00:00,25,441.23,True,True,422.82322553940554,0.0,422.82322553940554,0.0,0.014115690006292425,0.0
ablate_prophet_broad,prophet,frozen,broad,False,42,6,2025-02-17 01:00:00,2025-02-18 02:00:00,26,370.35,True,True,353.09604921415223,0.0,353.09604921415223,0.0,0.014115690006292425,0.0
ablate_prophet_broad,prophet,frozen,broad,False,42,6,2025-02-17 01:00:00,2025-02-18 03:00:00,27,275.84,True,True,260.6379851272682,0.0,260.6379851272682,0.0,0.014115690006292425,0.0
ablate_prophet_broad,prophet,frozen,broad,False,42,6,2025-02-17 01:00:00,2025-02-18 04:00:00,28,49.01,True,True,39.663840035823426,0.0,39.663840035823426,0.0,0.014115690006292425,0.0
ablate_prophet_broad,prophet,frozen,broad,False,42,6,2025-02-17 01:00:00,2025-02-18 05:00:00,29,29.51,True,True,24.065773793804198,0.0,24.065773793804198,0.0,0.014115690006292425,0.0
ablate_prophet_broad,prophet,frozen,broad,False,42,6,2025-02-17 01:00:00,2025-02-18 06:00:00,30,29.15,True,True,23.87438250804348,0.0,23.87438250804348,0.0,0.014115690006292425,0.0
ablate_prophet_broad,prophet,frozen,broad,False,42,6,2025-02-17 01:00:00,2025-02-18 07:00:00,31,67.07,True,True,63.8211729721408,0.0,63.8211729721408,0.0,0.014115690006292425,0.0
ablate_prophet_broad,prophet,frozen,broad,False,42,6,2025-02-17 01:00:00,2025-02-18 08:00:00,32,133.78,True,True,128.92940482856744,0.0,128.92940482856744,0.0,0.014115690006292425,0.0
ablate_prophet_broad,prophet,frozen,broad,False,42,6,2025-02-17 01:00:00,2025-02-18 09:00:00,33,199.94,True,True,193.0715688346003,0.0,193.0715688346003,0.0,0.014115690006292425,0.0
ablate_prophet_broad,prophet,frozen,broad,False,42,6,2025-02-17 01:00:00,2025-02-18 10:00:00,34,239.74,True,True,250.69599729788462,0.0,250.69599729788462,0.0,0.014115690006292425,0.0
ablate_prophet_broad,prophet,frozen,broad,False,42,6,2025-02-17 01:00:00,2025-02-18 11:00:00,35,254.81,True,True,244.67226025057292,0.0,244.67226025057292,0.0,0.014115690006292425,0.0
ablate_prophet_broad,prophet,frozen,broad,False,42,6,2025-02-17 01:00:00,2025-02-18 12:00:00,36,216.09,True,True,198.69418791760398,0.0,198.69418791760398,0.0,0.014115690006292425,0.0
ablate_prophet_broad,prophet,frozen,broad,False,42,6,2025-02-17 01:00:00,2025-02-18 13:00:00,37,89.54,True,True,57.84562996054308,0.0,57.84562996054308,0.0,0.014115690006292425,0.0
ablate_prophet_broad,prophet,frozen,broad,False,42,6,2025-02-17 01:00:00,2025-02-18 14:00:00,38,57.9,True,True,27.28256737938287,0.0,27.28256737938287,0.0,0.014115690006292425,0.0
ablate_prophet_broad,prophet,frozen,broad,False,42,6,2025-02-17 01:00:00,2025-02-18 15:00:00,39,46.09,True,True,22.046190795991862,0.0,22.046190795991862,0.0,0.014115690006292425,0.0
ablate_prophet_broad,prophet,frozen,broad,False,42,6,2025-02-17 01:00:00,2025-02-18 16:00:00,40,36.78,True,True,18.203384577740792,0.0,18.203384577740792,0.0,0.014115690006292425,0.0
ablate_prophet_broad,prophet,frozen,broad,False,42,6,2025-02-17 01:00:00,2025-02-18 17:00:00,41,39.7,True,True,25.335028544197854,0.0,25.335028544197854,0.0,0.014115690006292425,0.0
ablate_prophet_broad,prophet,frozen,broad,False,42,6,2025-02-17 01:00:00,2025-02-18 18:00:00,42,45.94,True,True,34.82784902984193,0.0,34.82784902984193,0.0,0.014115690006292425,0.0
ablate_prophet_broad,prophet,frozen,broad,False,42,6,2025-02-17 01:00:00,2025-02-18 19:00:00,43,59.76,True,True,51.248464265553196,0.0,51.248464265553196,0.0,0.014115690006292425,0.0
ablate_prophet_broad,prophet,frozen,broad,False,42,6,2025-02-17 01:00:00,2025-02-18 20:00:00,44,85.69,True,True,79.0262866839918,0.0,79.0262866839918,0.0,0.014115690006292425,0.0
ablate_prophet_broad,prophet,frozen,broad,False,42,6,2025-02-17 01:00:00,2025-02-18 21:00:00,45,120.64,True,True,113.38025654828492,0.0,113.38025654828492,0.0,0.014115690006292425,0.0
ablate_prophet_broad,prophet,frozen,broad,False,42,6,2025-02-17 01:00:00,2025-02-18 22:00:00,46,166.49,True,True,157.41247232046263,0.0,157.41247232046263,0.0,0.014115690006292425,0.0
ablate_prophet_broad,prophet,frozen,broad,False,42,6,2025-02-17 01:00:00,2025-02-18 23:00:00,47,271.65,True,True,263.6064975475675,0.0,263.6064975475675,0.0,0.014115690006292425,0.0
ablate_prophet_broad,prophet,frozen,broad,False,42,6,2025-02-17 01:00:00,2025-02-19 00:00:00,48,403.91,True,True,386.74636951548166,0.0,386.74636951548166,0.0,0.014115690006292425,0.0
ablate_prophet_broad,prophet,frozen,broad,False,42,6,2025-02-17 01:00:00,2025-02-19 01:00:00,49,489.43,True,True,476.1256344723679,0.0,476.1256344723679,0.0,0.014115690006292425,0.0
ablate_prophet_broad,prophet,frozen,broad,False,42,6,2025-02-17 01:00:00,2025-02-19 02:00:00,50,466.75,True,True,451.24128767486144,0.0,451.24128767486144,0.0,0.014115690006292425,0.0
ablate_prophet_broad,prophet,frozen,broad,False,42,6,2025-02-17 01:00:00,2025-02-19 03:00:00,51,343.4,True,True,328.4955677110626,0.0,328.4955677110626,0.0,0.014115690006292425,0.0
ablate_prophet_broad,prophet,frozen,broad,False,42,6,2025-02-17 01:00:00,2025-02-19 04:00:00,52,51.63,True,True,52.75627944216251,0.0,52.75627944216251,0.0,0.014115690006292425,0.0
ablate_prophet_broad,prophet,frozen,broad,False,42,6,2025-02-17 01:00:00,2025-02-19 05:00:00,53,29.72,True,True,33.35625142879948,0.0,33.35625142879948,0.0,0.014115690006292425,0.0
ablate_prophet_broad,prophet,frozen,broad,False,42,6,2025-02-17 01:00:00,2025-02-19 06:00:00,54,28.54,True,True,30.80177276568392,0.0,30.80177276568392,0.0,0.014115690006292425,0.0
ablate_prophet_broad,prophet,frozen,broad,False,42,6,2025-02-17 01:00:00,2025-02-19 07:00:00,55,40.53,True,True,39.36565608911377,0.0,39.36565608911377,0.0,0.014115690006292425,0.0
ablate_prophet_broad,prophet,frozen,broad,False,42,6,2025-02-17 01:00:00,2025-02-19 08:00:00,56,72.4,True,True,69.08709591829842,0.0,69.08709591829842,0.0,0.014115690006292425,0.0
ablate_prophet_broad,prophet,frozen,broad,False,42,6,2025-02-17 01:00:00,2025-02-19 09:00:00,57,114.39,True,True,106.29347374184074,0.0,106.29347374184074,0.0,0.014115690006292425,0.0
ablate_prophet_broad,prophet,frozen,broad,False,42,6,2025-02-17 01:00:00,2025-02-19 10:00:00,58,202.46,True,True,191.76605017617024,0.0,191.76605017617024,0.0,0.014115690006292425,0.0
ablate_prophet_broad,prophet,frozen,broad,False,42,6,2025-02-17 01:00:00,2025-02-19 11:00:00,59,361.35,True,True,352.86683735234186,0.0,352.86683735234186,0.0,0.014115690006292425,0.0
ablate_prophet_broad,prophet,frozen,broad,False,42,6,2025-02-17 01:00:00,2025-02-19 12:00:00,60,536.87,True,True,532.283413063527,0.0,532.283413063527,0.0,0.014115690006292425,0.0
ablate_prophet_broad,prophet,frozen,broad,False,42,6,2025-02-17 01:00:00,2025-02-19 13:00:00,61,630.96,True,True,633.5833608492214,0.0,633.5833608492214,0.0,0.014115690006292425,0.0
ablate_prophet_broad,prophet,frozen,broad,False,42,6,2025-02-17 01:00:00,2025-02-19 14:00:00,62,589.88,True,True,594.1791096866626,0.0,594.1791096866626,0.0,0.014115690006292425,0.0
ablate_prophet_broad,prophet,frozen,broad,False,42,6,2025-02-17 01:00:00,2025-02-19 15:00:00,63,403.76,True,True,407.16683504077486,0.0,407.16683504077486,0.0,0.014115690006292425,0.0
ablate_prophet_broad,prophet,frozen,broad,False,42,6,2025-02-17 01:00:00,2025-02-19 16:00:00,64,129.17,True,True,118.21115003506405,0.0,118.21115003506405,0.0,0.014115690006292425,0.0
ablate_prophet_broad,prophet,frozen,broad,False,42,6,2025-02-17 01:00:00,2025-02-19 17:00:00,65,51.04,True,True,38.02166282869288,0.0,38.02166282869288,0.0,0.014115690006292425,0.0
ablate_prophet_broad,prophet,frozen,broad,False,42,6,2025-02-17 01:00:00,2025-02-19 18:00:00,66,29.41,True,True,18.875486478829714,0.0,18.875486478829714,0.0,0.014115690006292425,0.0
ablate_prophet_broad,prophet,frozen,broad,False,42,6,2025-02-17 01:00:00,2025-02-19 19:00:00,67,27.89,True,True,20.780152500476333,0.0,20.780152500476333,0.0,0.014115690006292425,0.0
ablate_prophet_broad,prophet,frozen,broad,False,42,6,2025-02-17 01:00:00,2025-02-19 20:00:00,68,37.61,True,True,34.3471274289696,0.0,34.3471274289696,0.0,0.014115690006292425,0.0
ablate_prophet_broad,prophet,frozen,broad,False,42,6,2025-02-17 01:00:00,2025-02-19 21:00:00,69,50.21,True,True,48.34150879623314,0.0,48.34150879623314,0.0,0.014115690006292425,0.0
ablate_prophet_broad,prophet,frozen,broad,False,42,6,2025-02-17 01:00:00,2025-02-19 22:00:00,70,72.89,True,True,70.04841006299205,0.0,70.04841006299205,0.0,0.014115690006292425,0.0
ablate_prophet_broad,prophet,frozen,broad,False,42,6,2025-02-17 01:00:00,2025-02-19 23:00:00,71,162.34,True,True,157.6195553249903,0.0,157.6195553249903,0.0,0.014115690006292425,0.0
ablate_prophet_broad,prophet,frozen,broad,False,42,6,2025-02-17 01:00:00,2025-02-20 00:00:00,72,301.1,True,True,293.7147516767193,0.0,293.7147516767193,0.0,0.014115690006292425,0.0
ablate_prophet_broad,prophet,frozen,broad,False,42,6,2025-02-17 01:00:00,2025-02-20 01:00:00,73,420.92,True,True,420.4213572091678,0.0,420.4213572091678,0.0,0.014115690006292425,0.0
ablate_prophet_broad,prophet,frozen,broad,False,42,6,2025-02-17 01:00:00,2025-02-20 02:00:00,74,454.29,True,True,453.67333420940054,0.0,453.67333420940054,0.0,0.014115690006292425,0.0
ablate_prophet_broad,prophet,frozen,broad,False,42,6,2025-02-17 01:00:00,2025-02-20 03:00:00,75,397.09,True,True,392.99050790705803,0.0,392.99050790705803,0.0,0.014115690006292425,0.0
ablate_prophet_broad,prophet,frozen,broad,False,42,6,2025-02-17 01:00:00,2025-02-20 04:00:00,76,77.09,True,True,76.27485716429618,0.0,76.27485716429618,0.0,0.014115690006292425,0.0
ablate_prophet_broad,prophet,frozen,broad,False,42,6,2025-02-17 01:00:00,2025-02-20 05:00:00,77,52.74,True,True,58.489375958357556,0.0,58.489375958357556,0.0,0.014115690006292425,0.0
ablate_prophet_broad,prophet,frozen,broad,False,42,6,2025-02-17 01:00:00,2025-02-20 06:00:00,78,47.26,True,True,57.331898555181766,0.0,57.331898555181766,0.0,0.014115690006292425,0.0
ablate_prophet_broad,prophet,frozen,broad,False,42,6,2025-02-17 01:00:00,2025-02-20 07:00:00,79,46.95,True,True,50.802020229001954,0.0,50.802020229001954,0.0,0.014115690006292425,0.0
ablate_prophet_broad,prophet,frozen,broad,False,42,6,2025-02-17 01:00:00,2025-02-20 08:00:00,80,57.55,True,True,57.10122030410528,0.0,57.10122030410528,0.0,0.014115690006292425,0.0
ablate_prophet_broad,prophet,frozen,broad,False,42,6,2025-02-17 01:00:00,2025-02-20 09:00:00,81,70.57,True,True,66.27412579192011,0.0,66.27412579192011,0.0,0.014115690006292425,0.0
ablate_prophet_broad,prophet,frozen,broad,False,42,6,2025-02-17 01:00:00,2025-02-20 10:00:00,82,77.47,True,True,70.67614173943383,0.0,70.67614173943383,0.0,0.014115690006292425,0.0
ablate_prophet_broad,prophet,frozen,broad,False,42,6,2025-02-17 01:00:00,2025-02-20 11:00:00,83,73.05,True,True,59.27655532386484,0.0,59.27655532386484,0.0,0.014115690006292425,0.0
ablate_prophet_broad,prophet,frozen,broad,False,42,6,2025-02-17 01:00:00,2025-02-20 12:00:00,84,62.85,True,True,37.99607233367678,0.0,37.99607233367678,0.0,0.014115690006292425,0.0
ablate_prophet_broad,prophet,frozen,broad,False,42,6,2025-02-17 01:00:00,2025-02-20 13:00:00,85,93.41,True,True,72.02318288372692,0.0,72.02318288372692,0.0,0.014115690006292425,0.0
ablate_prophet_broad,prophet,frozen,broad,False,42,6,2025-02-17 01:00:00,2025-02-20 14:00:00,86,171.86,True,True,155.30973178692147,0.0,155.30973178692147,0.0,0.014115690006292425,0.0
ablate_prophet_broad,prophet,frozen,broad,False,42,6,2025-02-17 01:00:00,2025-02-20 15:00:00,87,209.59,True,True,199.19215769908212,0.0,199.19215769908212,0.0,0.014115690006292425,0.0
ablate_prophet_broad,prophet,frozen,broad,False,42,6,2025-02-17 01:00:00,2025-02-20 16:00:00,88,183.62,True,True,175.85612643646994,0.0,175.85612643646994,0.0,0.014115690006292425,0.0
ablate_prophet_broad,prophet,frozen,broad,False,42,6,2025-02-17 01:00:00,2025-02-20 17:00:00,89,120.59,True,True,114.48087160449435,0.0,114.48087160449435,0.0,0.014115690006292425,0.0
ablate_prophet_broad,prophet,frozen,broad,False,42,6,2025-02-17 01:00:00,2025-02-20 18:00:00,90,62.79,True,True,55.915169660084956,0.0,55.915169660084956,0.0,0.014115690006292425,0.0
ablate_prophet_broad,prophet,frozen,broad,False,42,6,2025-02-17 01:00:00,2025-02-20 19:00:00,91,28.63,True,True,23.72815296420592,0.0,23.72815296420592,0.0,0.014115690006292425,0.0
ablate_prophet_broad,prophet,frozen,broad,False,42,6,2025-02-17 01:00:00,2025-02-20 20:00:00,92,27.27,True,True,24.932074913102554,0.0,24.932074913102554,0.0,0.014115690006292425,0.0
ablate_prophet_broad,prophet,frozen,broad,False,42,6,2025-02-17 01:00:00,2025-02-20 21:00:00,93,29.6,True,True,28.673896620097764,0.0,28.673896620097764,0.0,0.014115690006292425,0.0
ablate_prophet_broad,prophet,frozen,broad,False,42,6,2025-02-17 01:00:00,2025-02-20 22:00:00,94,36.29,True,True,34.73237947479893,0.0,34.73237947479893,0.0,0.014115690006292425,0.0
ablate_prophet_broad,prophet,frozen,broad,False,42,6,2025-02-17 01:00:00,2025-02-20 23:00:00,95,73.17,True,True,69.68629134596605,0.0,69.68629134596605,0.0,0.014115690006292425,0.0
ablate_prophet_broad,prophet,frozen,broad,False,42,6,2025-02-17 01:00:00,2025-02-21 00:00:00,96,133.95,True,True,125.7819742332392,0.0,125.7819742332392,0.0,0.014115690006292425,0.0
ablate_prophet_broad,prophet,frozen,broad,False,42,6,2025-02-17 01:00:00,2025-02-21 01:00:00,97,175.82,True,True,167.75815410452702,0.0,167.75815410452702,0.0,0.014115690006292425,0.0
ablate_prophet_broad,prophet,frozen,broad,False,42,6,2025-02-17 01:00:00,2025-02-21 02:00:00,98,156.43,True,True,149.4407008778707,0.0,149.4407008778707,0.0,0.014115690006292425,0.0
ablate_prophet_broad,prophet,frozen,broad,False,42,6,2025-02-17 01:00:00,2025-02-21 03:00:00,99,104.34,True,True,98.51616181554903,0.0,98.51616181554903,0.0,0.014115690006292425,0.0
ablate_prophet_broad,prophet,frozen,broad,False,42,6,2025-02-17 01:00:00,2025-02-21 04:00:00,100,31.13,True,True,29.757344427755527,0.0,29.757344427755527,0.0,0.014115690006292425,0.0
ablate_prophet_broad,prophet,frozen,broad,False,42,6,2025-02-17 01:00:00,2025-02-21 05:00:00,101,23.81,True,True,25.44414615488739,0.0,25.44414615488739,0.0,0.014115690006292425,0.0
ablate_prophet_broad,prophet,frozen,broad,False,42,6,2025-02-17 01:00:00,2025-02-21 06:00:00,102,23.91,True,True,27.42979039794477,0.0,27.42979039794477,0.0,0.014115690006292425,0.0
ablate_prophet_broad,prophet,frozen,broad,False,42,6,2025-02-17 01:00:00,2025-02-21 07:00:00,103,33.32,True,True,36.93152918722441,0.0,36.93152918722441,0.0,0.014115690006292425,0.0
ablate_prophet_broad,prophet,frozen,broad,False,42,6,2025-02-17 01:00:00,2025-02-21 08:00:00,104,61.12,True,True,61.404293821934004,0.0,61.404293821934004,0.0,0.014115690006292425,0.0
ablate_prophet_broad,prophet,frozen,broad,False,42,6,2025-02-17 01:00:00,2025-02-21 09:00:00,105,100.3,True,True,94.96996240422082,0.0,94.96996240422082,0.0,0.014115690006292425,0.0
ablate_prophet_broad,prophet,frozen,broad,False,42,6,2025-02-17 01:00:00,2025-02-21 10:00:00,106,218.15,True,True,210.85893276952214,0.0,210.85893276952214,0.0,0.014115690006292425,0.0
ablate_prophet_broad,prophet,frozen,broad,False,42,6,2025-02-17 01:00:00,2025-02-21 11:00:00,107,414.26,True,True,400.0068230556964,0.0,400.0068230556964,0.0,0.014115690006292425,0.0
ablate_prophet_broad,prophet,frozen,broad,False,42,6,2025-02-17 01:00:00,2025-02-21 12:00:00,108,593.67,True,True,581.9550830770753,0.0,581.9550830770753,0.0,0.014115690006292425,0.0
ablate_prophet_broad,prophet,frozen,broad,False,42,6,2025-02-17 01:00:00,2025-02-21 13:00:00,109,679.3,True,True,669.6665835095407,0.0,669.6665835095407,0.0,0.014115690006292425,0.0
ablate_prophet_broad,prophet,frozen,broad,False,42,6,2025-02-17 01:00:00,2025-02-21 14:00:00,110,638.2,True,True,630.3587212772096,0.0,630.3587212772096,0.0,0.014115690006292425,0.0
ablate_prophet_broad,prophet,frozen,broad,False,42,6,2025-02-17 01:00:00,2025-02-21 15:00:00,111,482.66,True,True,474.1005357194979,0.0,474.1005357194979,0.0,0.014115690006292425,0.0
ablate_prophet_broad,prophet,frozen,broad,False,42,6,2025-02-17 01:00:00,2025-02-21 16:00:00,112,256.64,True,True,245.53532219291287,0.0,245.53532219291287,0.0,0.014115690006292425,0.0
ablate_prophet_broad,prophet,frozen,broad,False,42,6,2025-02-17 01:00:00,2025-02-21 17:00:00,113,111.54,True,True,103.91687686309476,0.0,103.91687686309476,0.0,0.014115690006292425,0.0
ablate_prophet_broad,prophet,frozen,broad,False,42,6,2025-02-17 01:00:00,2025-02-21 18:00:00,114,53.57,True,True,48.783931775357416,0.0,48.783931775357416,0.0,0.014115690006292425,0.0
ablate_prophet_broad,prophet,frozen,broad,False,42,6,2025-02-17 01:00:00,2025-02-21 19:00:00,115,40.4,True,True,38.566218705965525,0.0,38.566218705965525,0.0,0.014115690006292425,0.0
ablate_prophet_broad,prophet,frozen,broad,False,42,6,2025-02-17 01:00:00,2025-02-21 20:00:00,116,48.97,True,True,48.243211210353564,0.0,48.243211210353564,0.0,0.014115690006292425,0.0
ablate_prophet_broad,prophet,frozen,broad,False,42,6,2025-02-17 01:00:00,2025-02-21 21:00:00,117,61.32,True,True,60.67057342871897,0.0,60.67057342871897,0.0,0.014115690006292425,0.0
ablate_prophet_broad,prophet,frozen,broad,False,42,6,2025-02-17 01:00:00,2025-02-21 22:00:00,118,74.62,True,True,71.4169526308859,0.0,71.4169526308859,0.0,0.014115690006292425,0.0
ablate_prophet_broad,prophet,frozen,broad,False,42,6,2025-02-17 01:00:00,2025-02-21 23:00:00,119,113.77,True,True,106.41557296580302,0.0,106.41557296580302,0.0,0.014115690006292425,0.0
ablate_prophet_broad,prophet,frozen,broad,False,42,6,2025-02-17 01:00:00,2025-02-22 00:00:00,120,154.05,True,True,144.30456973760266,0.0,144.30456973760266,0.0,0.014115690006292425,0.0
ablate_prophet_broad,prophet,frozen,broad,False,42,6,2025-02-17 01:00:00,2025-02-22 01:00:00,121,164.86,True,True,155.12492486163595,0.0,155.12492486163595,0.0,0.014115690006292425,0.0
ablate_prophet_broad,prophet,frozen,broad,False,42,6,2025-02-17 01:00:00,2025-02-22 02:00:00,122,150.83,True,True,139.43547982972788,0.0,139.43547982972788,0.0,0.014115690006292425,0.0
ablate_prophet_broad,prophet,frozen,broad,False,42,6,2025-02-17 01:00:00,2025-02-22 03:00:00,123,107.01,True,True,96.21734591894054,0.0,96.21734591894054,0.0,0.014115690006292425,0.0
ablate_prophet_broad,prophet,frozen,broad,False,42,6,2025-02-17 01:00:00,2025-02-22 04:00:00,124,28.36,True,True,25.295060461978863,0.0,25.295060461978863,0.0,0.014115690006292425,0.0
ablate_prophet_broad,prophet,frozen,broad,False,42,6,2025-02-17 01:00:00,2025-02-22 05:00:00,125,17.74,True,True,15.064223591705314,0.0,15.064223591705314,0.0,0.014115690006292425,0.0
ablate_prophet_broad,prophet,frozen,broad,False,42,6,2025-02-17 01:00:00,2025-02-22 06:00:00,126,15.1,True,True,7.268658780333595,0.0,7.268658780333595,0.0,0.014115690006292425,0.0
ablate_prophet_broad,prophet,frozen,broad,False,42,6,2025-02-17 01:00:00,2025-02-22 07:00:00,127,15.54,True,True,3.6736532768744894,0.0,3.6736532768744894,0.0,0.014115690006292425,0.0
ablate_prophet_broad,prophet,frozen,broad,False,42,6,2025-02-17 01:00:00,2025-02-22 08:00:00,128,19.92,True,True,6.944487741392095,0.0,6.944487741392095,0.0,0.014115690006292425,0.0
ablate_prophet_broad,prophet,frozen,broad,False,42,6,2025-02-17 01:00:00,2025-02-22 09:00:00,129,24.69,True,True,6.276928812693171,0.0,6.276928812693171,0.0,0.014115690006292425,0.0
ablate_prophet_broad,prophet,frozen,broad,False,42,6,2025-02-17 01:00:00,2025-02-22 10:00:00,130,31.99,True,True,12.075311000579404,0.0,12.075311000579404,0.0,0.014115690006292425,0.0
ablate_prophet_broad,prophet,frozen,broad,False,42,6,2025-02-17 01:00:00,2025-02-22 11:00:00,131,44.39,True,True,22.748539816058496,0.0,22.748539816058496,0.0,0.014115690006292425,0.0
ablate_prophet_broad,prophet,frozen,broad,False,42,6,2025-02-17 01:00:00,2025-02-22 12:00:00,132,53.64,True,True,36.26306661060522,0.0,36.26306661060522,0.0,0.014115690006292425,0.0
ablate_prophet_broad,prophet,frozen,broad,False,42,6,2025-02-17 01:00:00,2025-02-22 13:00:00,133,51.41,True,True,33.940886352407915,0.0,33.940886352407915,0.0,0.014115690006292425,0.0
ablate_prophet_broad,prophet,frozen,broad,False,42,6,2025-02-17 01:00:00,2025-02-22 14:00:00,134,36.39,True,True,16.83393443339213,0.0,16.83393443339213,0.0,0.014115690006292425,0.0
ablate_prophet_broad,prophet,frozen,broad,False,42,6,2025-02-17 01:00:00,2025-02-22 15:00:00,135,19.09,True,True,1.4507579775632564,0.0,1.4507579775632564,0.0,0.014115690006292425,0.0
ablate_prophet_broad,prophet,frozen,broad,False,42,6,2025-02-17 01:00:00,2025-02-22 16:00:00,136,5.61,True,True,-10.614120949646349,0.0,-10.614120949646349,0.0,0.014115690006292425,0.0
ablate_prophet_broad,prophet,frozen,broad,False,42,6,2025-02-17 01:00:00,2025-02-22 17:00:00,137,4.48,True,True,-9.497118231446251,0.0,-9.497118231446251,0.0,0.014115690006292425,0.0
ablate_prophet_broad,prophet,frozen,broad,False,42,6,2025-02-17 01:00:00,2025-02-22 18:00:00,138,4.93,True,True,-6.823027362100476,0.0,-6.823027362100476,0.0,0.014115690006292425,0.0
ablate_prophet_broad,prophet,frozen,broad,False,42,6,2025-02-17 01:00:00,2025-02-22 19:00:00,139,5.77,True,True,-3.7464455956192353,0.0,-3.7464455956192353,0.0,0.014115690006292425,0.0
ablate_prophet_broad,prophet,frozen,broad,False,42,6,2025-02-17 01:00:00,2025-02-22 20:00:00,140,7.12,True,True,0.6209561002294492,0.0,0.6209561002294492,0.0,0.014115690006292425,0.0
ablate_prophet_broad,prophet,frozen,broad,False,42,6,2025-02-17 01:00:00,2025-02-22 21:00:00,141,8.89,True,True,4.472839941910706,0.0,4.472839941910706,0.0,0.014115690006292425,0.0
ablate_prophet_broad,prophet,frozen,broad,False,42,6,2025-02-17 01:00:00,2025-02-22 22:00:00,142,11.77,True,True,7.445026815601949,0.0,7.445026815601949,0.0,0.014115690006292425,0.0
ablate_prophet_broad,prophet,frozen,broad,False,42,6,2025-02-17 01:00:00,2025-02-22 23:00:00,143,22.68,True,True,17.30465268887906,0.0,17.30465268887906,0.0,0.014115690006292425,0.0
ablate_prophet_broad,prophet,frozen,broad,False,42,6,2025-02-17 01:00:00,2025-02-23 00:00:00,144,34.23,True,True,26.454684349757713,0.0,26.454684349757713,0.0,0.014115690006292425,0.0
ablate_prophet_broad,prophet,frozen,broad,False,42,6,2025-02-17 01:00:00,2025-02-23 01:00:00,145,37.87,True,True,27.053601533225134,0.0,27.053601533225134,0.0,0.014115690006292425,0.0
ablate_prophet_broad,prophet,frozen,broad,False,42,6,2025-02-17 01:00:00,2025-02-23 02:00:00,146,32.66,True,True,19.932894042656528,0.0,19.932894042656528,0.0,0.014115690006292425,0.0
ablate_prophet_broad,prophet,frozen,broad,False,42,6,2025-02-17 01:00:00,2025-02-23 03:00:00,147,23.38,True,True,10.717536124489783,0.0,10.717536124489783,0.0,0.014115690006292425,0.0
ablate_prophet_broad,prophet,frozen,broad,False,42,6,2025-02-17 01:00:00,2025-02-23 04:00:00,148,16.47,True,True,5.97289068150252,0.0,5.97289068150252,0.0,0.014115690006292425,0.0
ablate_prophet_broad,prophet,frozen,broad,False,42,6,2025-02-17 01:00:00,2025-02-23 05:00:00,149,15.24,True,True,6.285007963887381,0.0,6.285007963887381,0.0,0.014115690006292425,0.0
ablate_prophet_broad,prophet,frozen,broad,False,42,6,2025-02-17 01:00:00,2025-02-23 06:00:00,150,15.88,True,True,6.9646119936939215,0.0,6.9646119936939215,0.0,0.014115690006292425,0.0
ablate_prophet_broad,prophet,frozen,broad,False,42,6,2025-02-17 01:00:00,2025-02-23 07:00:00,151,17.65,True,True,6.777976627566062,0.0,6.777976627566062,0.0,0.014115690006292425,0.0
ablate_prophet_broad,prophet,frozen,broad,False,42,6,2025-02-17 01:00:00,2025-02-23 08:00:00,152,20.99,True,True,6.451570575540899,0.0,6.451570575540899,0.0,0.014115690006292425,0.0
ablate_prophet_broad,prophet,frozen,broad,False,42,6,2025-02-17 01:00:00,2025-02-23 09:00:00,153,24.16,True,True,7.527334782303797,0.0,7.527334782303797,0.0,0.014115690006292425,0.0
ablate_prophet_broad,prophet,frozen,broad,False,42,6,2025-02-17 01:00:00,2025-02-23 10:00:00,154,41.36,True,True,24.37225990963165,0.0,24.37225990963165,0.0,0.014115690006292425,0.0
ablate_prophet_broad,prophet,frozen,broad,False,42,6,2025-02-17 01:00:00,2025-02-23 11:00:00,155,88.86,True,True,71.00179232307059,0.0,71.00179232307059,0.0,0.014115690006292425,0.0
ablate_prophet_broad,prophet,frozen,broad,False,42,6,2025-02-17 01:00:00,2025-02-23 12:00:00,156,145.03,True,True,124.65775845105375,0.0,124.65775845105375,0.0,0.014115690006292425,0.0
ablate_prophet_broad,prophet,frozen,broad,False,42,6,2025-02-17 01:00:00,2025-02-23 13:00:00,157,220.52,True,True,202.29190426476498,0.0,202.29190426476498,0.0,0.014115690006292425,0.0
ablate_prophet_broad,prophet,frozen,broad,False,42,6,2025-02-17 01:00:00,2025-02-23 14:00:00,158,320.9,True,True,304.65595179159743,0.0,304.65595179159743,0.0,0.014115690006292425,0.0
ablate_prophet_broad,prophet,frozen,broad,False,42,6,2025-02-17 01:00:00,2025-02-23 15:00:00,159,383.17,True,True,367.85642275778,0.0,367.85642275778,0.0,0.014115690006292425,0.0
ablate_prophet_broad,prophet,frozen,broad,False,42,6,2025-02-17 01:00:00,2025-02-23 16:00:00,160,384.47,True,True,371.26815341705685,0.0,371.26815341705685,0.0,0.014115690006292425,0.0
ablate_prophet_broad,prophet,frozen,broad,False,42,6,2025-02-17 01:00:00,2025-02-23 17:00:00,161,360.95,True,True,353.0853143088751,0.0,353.0853143088751,0.0,0.014115690006292425,0.0
ablate_prophet_broad,prophet,frozen,broad,False,42,6,2025-02-17 01:00:00,2025-02-23 18:00:00,162,343.9,True,True,341.47739314912985,0.0,341.47739314912985,0.0,0.014115690006292425,0.0
ablate_prophet_broad,prophet,frozen,broad,False,42,6,2025-02-17 01:00:00,2025-02-23 19:00:00,163,312.32,True,True,311.9589451770221,0.0,311.9589451770221,0.0,0.014115690006292425,0.0
ablate_prophet_broad,prophet,frozen,broad,False,42,6,2025-02-17 01:00:00,2025-02-23 20:00:00,164,279.43,True,True,276.00603986374716,0.0,276.00603986374716,0.0,0.014115690006292425,0.0
ablate_prophet_broad,prophet,frozen,broad,False,42,6,2025-02-17 01:00:00,2025-02-23 21:00:00,165,257.35,True,True,255.45297052989253,0.0,255.45297052989253,0.0,0.014115690006292425,0.0
ablate_prophet_broad,prophet,frozen,broad,False,42,6,2025-02-17 01:00:00,2025-02-23 22:00:00,166,238.45,True,True,230.1249346683221,0.0,230.1249346683221,0.0,0.014115690006292425,0.0
ablate_prophet_broad,prophet,frozen,broad,False,42,6,2025-02-17 01:00:00,2025-02-23 23:00:00,167,303.74,True,True,290.3286244152064,0.0,290.3286244152064,0.0,0.014115690006292425,0.0
ablate_prophet_broad,prophet,frozen,broad,False,42,6,2025-02-17 01:00:00,2025-02-24 00:00:00,168,431.37,True,True,416.2509498250555,0.0,416.2509498250555,0.0,0.014115690006292425,0.0
ablate_prophet_broad,prophet,frozen,broad,False,42,7,2025-02-24 01:00:00,2025-02-24 01:00:00,1,567.5,True,True,557.8352204120274,0.0,557.8352204120274,0.0,0.014157298995996825,0.0
ablate_prophet_broad,prophet,frozen,broad,False,42,7,2025-02-24 01:00:00,2025-02-24 02:00:00,2,657.01,True,True,650.552222573971,0.0,650.552222573971,0.0,0.014157298995996825,0.0
ablate_prophet_broad,prophet,frozen,broad,False,42,7,2025-02-24 01:00:00,2025-02-24 03:00:00,3,678.43,True,True,661.4490051493025,0.0,661.4490051493025,0.0,0.014157298995996825,0.0
ablate_prophet_broad,prophet,frozen,broad,False,42,7,2025-02-24 01:00:00,2025-02-24 04:00:00,4,329.78,True,True,298.77832980530127,0.0,298.77832980530127,0.0,0.014157298995996825,0.0
ablate_prophet_broad,prophet,frozen,broad,False,42,7,2025-02-24 01:00:00,2025-02-24 05:00:00,5,267.85,True,True,254.57752966501351,0.0,254.57752966501351,0.0,0.014157298995996825,0.0
ablate_prophet_broad,prophet,frozen,broad,False,42,7,2025-02-24 01:00:00,2025-02-24 06:00:00,6,205.48,True,True,214.83975612897876,0.0,214.83975612897876,0.0,0.014157298995996825,0.0
ablate_prophet_broad,prophet,frozen,broad,False,42,7,2025-02-24 01:00:00,2025-02-24 07:00:00,7,140.92,True,True,146.9618313167259,0.0,146.9618313167259,0.0,0.014157298995996825,0.0
ablate_prophet_broad,prophet,frozen,broad,False,42,7,2025-02-24 01:00:00,2025-02-24 08:00:00,8,114.98,True,True,108.53399627957775,0.0,108.53399627957775,0.0,0.014157298995996825,0.0
ablate_prophet_broad,prophet,frozen,broad,False,42,7,2025-02-24 01:00:00,2025-02-24 09:00:00,9,113.32,True,True,93.69013435406266,0.0,93.69013435406266,0.0,0.014157298995996825,0.0
ablate_prophet_broad,prophet,frozen,broad,False,42,7,2025-02-24 01:00:00,2025-02-24 10:00:00,10,132.34,True,True,102.57856539141069,0.0,102.57856539141069,0.0,0.014157298995996825,0.0
ablate_prophet_broad,prophet,frozen,broad,False,42,7,2025-02-24 01:00:00,2025-02-24 11:00:00,11,171.17,True,True,138.82143387232048,0.0,138.82143387232048,0.0,0.014157298995996825,0.0
ablate_prophet_broad,prophet,frozen,broad,False,42,7,2025-02-24 01:00:00,2025-02-24 12:00:00,12,215.68,True,True,183.41787854723242,0.0,183.41787854723242,0.0,0.014157298995996825,0.0
ablate_prophet_broad,prophet,frozen,broad,False,42,7,2025-02-24 01:00:00,2025-02-24 13:00:00,13,291.4,True,True,265.8042365008939,0.0,265.8042365008939,0.0,0.014157298995996825,0.0
ablate_prophet_broad,prophet,frozen,broad,False,42,7,2025-02-24 01:00:00,2025-02-24 14:00:00,14,403.27,True,True,382.92571460839736,0.0,382.92571460839736,0.0,0.014157298995996825,0.0
ablate_prophet_broad,prophet,frozen,broad,False,42,7,2025-02-24 01:00:00,2025-02-24 15:00:00,15,487.22,True,True,468.3493885506589,0.0,468.3493885506589,0.0,0.014157298995996825,0.0
ablate_prophet_broad,prophet,frozen,broad,False,42,7,2025-02-24 01:00:00,2025-02-24 16:00:00,16,498.67,True,True,488.76475465572,0.0,488.76475465572,0.0,0.014157298995996825,0.0
ablate_prophet_broad,prophet,frozen,broad,False,42,7,2025-02-24 01:00:00,2025-02-24 17:00:00,17,488.64,True,True,483.0481950878991,0.0,483.0481950878991,0.0,0.014157298995996825,0.0
ablate_prophet_broad,prophet,frozen,broad,False,42,7,2025-02-24 01:00:00,2025-02-24 18:00:00,18,481.07,True,True,477.69950756102764,0.0,477.69950756102764,0.0,0.014157298995996825,0.0
ablate_prophet_broad,prophet,frozen,broad,False,42,7,2025-02-24 01:00:00,2025-02-24 19:00:00,19,466.0,True,True,463.0807997545151,0.0,463.0807997545151,0.0,0.014157298995996825,0.0
ablate_prophet_broad,prophet,frozen,broad,False,42,7,2025-02-24 01:00:00,2025-02-24 20:00:00,20,414.32,True,True,413.75076565326594,0.0,413.75076565326594,0.0,0.014157298995996825,0.0
ablate_prophet_broad,prophet,frozen,broad,False,42,7,2025-02-24 01:00:00,2025-02-24 21:00:00,21,325.84,True,True,321.4959450023624,0.0,321.4959450023624,0.0,0.014157298995996825,0.0
ablate_prophet_broad,prophet,frozen,broad,False,42,7,2025-02-24 01:00:00,2025-02-24 22:00:00,22,214.52,True,True,205.75680363575776,0.0,205.75680363575776,0.0,0.014157298995996825,0.0
ablate_prophet_broad,prophet,frozen,broad,False,42,7,2025-02-24 01:00:00,2025-02-24 23:00:00,23,167.95,True,True,161.2747182422311,0.0,161.2747182422311,0.0,0.014157298995996825,0.0
ablate_prophet_broad,prophet,frozen,broad,False,42,7,2025-02-24 01:00:00,2025-02-25 00:00:00,24,149.83,True,True,149.9586554240225,0.0,149.9586554240225,0.0,0.014157298995996825,0.0
ablate_prophet_broad,prophet,frozen,broad,False,42,7,2025-02-24 01:00:00,2025-02-25 01:00:00,25,78.4,True,True,95.99262734464135,0.0,95.99262734464135,0.0,0.014157298995996825,0.0
ablate_prophet_broad,prophet,frozen,broad,False,42,7,2025-02-24 01:00:00,2025-02-25 02:00:00,26,68.26,True,True,91.66483594886905,0.0,91.66483594886905,0.0,0.014157298995996825,0.0
ablate_prophet_broad,prophet,frozen,broad,False,42,7,2025-02-24 01:00:00,2025-02-25 03:00:00,27,59.85,True,True,88.1520366081243,0.0,88.1520366081243,0.0,0.014157298995996825,0.0
ablate_prophet_broad,prophet,frozen,broad,False,42,7,2025-02-24 01:00:00,2025-02-25 04:00:00,28,43.97,True,True,65.57921172413285,0.0,65.57921172413285,0.0,0.014157298995996825,0.0
ablate_prophet_broad,prophet,frozen,broad,False,42,7,2025-02-24 01:00:00,2025-02-25 05:00:00,29,32.36,True,True,49.08064592243724,0.0,49.08064592243724,0.0,0.014157298995996825,0.0
ablate_prophet_broad,prophet,frozen,broad,False,42,7,2025-02-24 01:00:00,2025-02-25 06:00:00,30,27.24,True,True,40.66455314740841,0.0,40.66455314740841,0.0,0.014157298995996825,0.0
ablate_prophet_broad,prophet,frozen,broad,False,42,7,2025-02-24 01:00:00,2025-02-25 07:00:00,31,26.58,True,True,34.03875047576568,0.0,34.03875047576568,0.0,0.014157298995996825,0.0
ablate_prophet_broad,prophet,frozen,broad,False,42,7,2025-02-24 01:00:00,2025-02-25 08:00:00,32,32.4,True,True,32.35878195549677,0.0,32.35878195549677,0.0,0.014157298995996825,0.0
ablate_prophet_broad,prophet,frozen,broad,False,42,7,2025-02-24 01:00:00,2025-02-25 09:00:00,33,39.85,True,True,33.6710186998761,0.0,33.6710186998761,0.0,0.014157298995996825,0.0
ablate_prophet_broad,prophet,frozen,broad,False,42,7,2025-02-24 01:00:00,2025-02-25 10:00:00,34,71.18,True,True,63.020334300711085,0.0,63.020334300711085,0.0,0.014157298995996825,0.0
ablate_prophet_broad,prophet,frozen,broad,False,42,7,2025-02-24 01:00:00,2025-02-25 11:00:00,35,131.49,True,True,122.11016029292482,0.0,122.11016029292482,0.0,0.014157298995996825,0.0
ablate_prophet_broad,prophet,frozen,broad,False,42,7,2025-02-24 01:00:00,2025-02-25 12:00:00,36,187.66,True,True,178.8126375771809,0.0,178.8126375771809,0.0,0.014157298995996825,0.0
ablate_prophet_broad,prophet,frozen,broad,False,42,7,2025-02-24 01:00:00,2025-02-25 13:00:00,37,235.48,True,True,230.47319502095732,0.0,230.47319502095732,0.0,0.014157298995996825,0.0
ablate_prophet_broad,prophet,frozen,broad,False,42,7,2025-02-24 01:00:00,2025-02-25 14:00:00,38,294.34,True,True,295.52545959577725,0.0,295.52545959577725,0.0,0.014157298995996825,0.0
ablate_prophet_broad,prophet,frozen,broad,False,42,7,2025-02-24 01:00:00,2025-02-25 15:00:00,39,326.03,True,True,329.7655830890751,0.0,329.7655830890751,0.0,0.014157298995996825,0.0
ablate_prophet_broad,prophet,frozen,broad,False,42,7,2025-02-24 01:00:00,2025-02-25 16:00:00,40,324.64,True,True,333.2085578655977,0.0,333.2085578655977,0.0,0.014157298995996825,0.0
ablate_prophet_broad,prophet,frozen,broad,False,42,7,2025-02-24 01:00:00,2025-02-25 17:00:00,41,340.78,True,True,350.92836230780335,0.0,350.92836230780335,0.0,0.014157298995996825,0.0
ablate_prophet_broad,prophet,frozen,broad,False,42,7,2025-02-24 01:00:00,2025-02-25 18:00:00,42,385.55,True,True,395.00824081853244,0.0,395.00824081853244,0.0,0.014157298995996825,0.0
ablate_prophet_broad,prophet,frozen,broad,False,42,7,2025-02-24 01:00:00,2025-02-25 19:00:00,43,440.08,True,True,452.0829146781,0.0,452.0829146781,0.0,0.014157298995996825,0.0
ablate_prophet_broad,prophet,frozen,broad,False,42,7,2025-02-24 01:00:00,2025-02-25 20:00:00,44,466.09,True,True,479.55755314791446,0.0,479.55755314791446,0.0,0.014157298995996825,0.0
ablate_prophet_broad,prophet,frozen,broad,False,42,7,2025-02-24 01:00:00,2025-02-25 21:00:00,45,471.03,True,True,481.7851389026082,0.0,481.7851389026082,0.0,0.014157298995996825,0.0
ablate_prophet_broad,prophet,frozen,broad,False,42,7,2025-02-24 01:00:00,2025-02-25 22:00:00,46,433.22,True,True,442.19012904082774,0.0,442.19012904082774,0.0,0.014157298995996825,0.0
ablate_prophet_broad,prophet,frozen,broad,False,42,7,2025-02-24 01:00:00,2025-02-25 23:00:00,47,490.15,True,True,490.2491192590158,0.0,490.2491192590158,0.0,0.014157298995996825,0.0
ablate_prophet_broad,prophet,frozen,broad,False,42,7,2025-02-24 01:00:00,2025-02-26 00:00:00,48,637.11,True,True,633.9399532256352,0.0,633.9399532256352,0.0,0.014157298995996825,0.0
ablate_prophet_broad,prophet,frozen,broad,False,42,7,2025-02-24 01:00:00,2025-02-26 01:00:00,49,773.54,True,True,773.9063411352286,0.0,773.9063411352286,0.0,0.014157298995996825,0.0
ablate_prophet_broad,prophet,frozen,broad,False,42,7,2025-02-24 01:00:00,2025-02-26 02:00:00,50,767.72,True,True,767.4535526817544,0.0,767.4535526817544,0.0,0.014157298995996825,0.0
ablate_prophet_broad,prophet,frozen,broad,False,42,7,2025-02-24 01:00:00,2025-02-26 03:00:00,51,615.72,True,True,611.8951525771471,0.0,611.8951525771471,0.0,0.014157298995996825,0.0
ablate_prophet_broad,prophet,frozen,broad,False,42,7,2025-02-24 01:00:00,2025-02-26 04:00:00,52,235.46,True,True,218.20598019402593,0.0,218.20598019402593,0.0,0.014157298995996825,0.0
ablate_prophet_broad,prophet,frozen,broad,False,42,7,2025-02-24 01:00:00,2025-02-26 05:00:00,53,202.88,True,True,187.57382813398704,0.0,187.57382813398704,0.0,0.014157298995996825,0.0
ablate_prophet_broad,prophet,frozen,broad,False,42,7,2025-02-24 01:00:00,2025-02-26 06:00:00,54,202.57,True,True,187.02989437430807,0.0,187.02989437430807,0.0,0.014157298995996825,0.0
ablate_prophet_broad,prophet,frozen,broad,False,42,7,2025-02-24 01:00:00,2025-02-26 07:00:00,55,221.7,True,True,203.59157553417205,0.0,203.59157553417205,0.0,0.014157298995996825,0.0
ablate_prophet_broad,prophet,frozen,broad,False,42,7,2025-02-24 01:00:00,2025-02-26 08:00:00,56,267.63,True,True,244.9007655591962,0.0,244.9007655591962,0.0,0.014157298995996825,0.0
ablate_prophet_broad,prophet,frozen,broad,False,42,7,2025-02-24 01:00:00,2025-02-26 09:00:00,57,301.27,True,True,281.2559528639198,0.0,281.2559528639198,0.0,0.014157298995996825,0.0
ablate_prophet_broad,prophet,frozen,broad,False,42,7,2025-02-24 01:00:00,2025-02-26 10:00:00,58,392.84,True,True,373.75925116923145,0.0,373.75925116923145,0.0,0.014157298995996825,0.0
ablate_prophet_broad,prophet,frozen,broad,False,42,7,2025-02-24 01:00:00,2025-02-26 11:00:00,59,577.98,True,True,559.7910627217086,0.0,559.7910627217086,0.0,0.014157298995996825,0.0
ablate_prophet_broad,prophet,frozen,broad,False,42,7,2025-02-24 01:00:00,2025-02-26 12:00:00,60,790.24,True,True,769.9053557113442,0.0,769.9053557113442,0.0,0.014157298995996825,0.0
ablate_prophet_broad,prophet,frozen,broad,False,42,7,2025-02-24 01:00:00,2025-02-26 13:00:00,61,954.72,True,True,937.8372239337269,0.0,937.8372239337269,0.0,0.014157298995996825,0.0
ablate_prophet_broad,prophet,frozen,broad,False,42,7,2025-02-24 01:00:00,2025-02-26 14:00:00,62,1051.75,True,True,1039.8745021816849,0.0,1039.8745021816849,0.0,0.014157298995996825,0.0
ablate_prophet_broad,prophet,frozen,broad,False,42,7,2025-02-24 01:00:00,2025-02-26 15:00:00,63,1006.67,True,True,982.5515741599612,0.0,982.5515741599612,0.0,0.014157298995996825,0.0
ablate_prophet_broad,prophet,frozen,broad,False,42,7,2025-02-24 01:00:00,2025-02-26 16:00:00,64,853.49,True,True,830.2566898569102,0.0,830.2566898569102,0.0,0.014157298995996825,0.0
ablate_prophet_broad,prophet,frozen,broad,False,42,7,2025-02-24 01:00:00,2025-02-26 17:00:00,65,722.09,True,True,701.8864469164121,0.0,701.8864469164121,0.0,0.014157298995996825,0.0
ablate_prophet_broad,prophet,frozen,broad,False,42,7,2025-02-24 01:00:00,2025-02-26 18:00:00,66,624.6,True,True,610.5433274602321,0.0,610.5433274602321,0.0,0.014157298995996825,0.0
ablate_prophet_broad,prophet,frozen,broad,False,42,7,2025-02-24 01:00:00,2025-02-26 19:00:00,67,564.86,True,True,552.3768810441335,0.0,552.3768810441335,0.0,0.014157298995996825,0.0
ablate_prophet_broad,prophet,frozen,broad,False,42,7,2025-02-24 01:00:00,2025-02-26 20:00:00,68,519.76,True,True,509.2689070369282,0.0,509.2689070369282,0.0,0.014157298995996825,0.0
ablate_prophet_broad,prophet,frozen,broad,False,42,7,2025-02-24 01:00:00,2025-02-26 21:00:00,69,478.4,True,True,468.11263070608,0.0,468.11263070608,0.0,0.014157298995996825,0.0
ablate_prophet_broad,prophet,frozen,broad,False,42,7,2025-02-24 01:00:00,2025-02-26 22:00:00,70,426.12,True,True,420.0564620112317,0.0,420.0564620112317,0.0,0.014157298995996825,0.0
ablate_prophet_broad,prophet,frozen,broad,False,42,7,2025-02-24 01:00:00,2025-02-26 23:00:00,71,473.81,True,True,463.5083269538884,0.0,463.5083269538884,0.0,0.014157298995996825,0.0
ablate_prophet_broad,prophet,frozen,broad,False,42,7,2025-02-24 01:00:00,2025-02-27 00:00:00,72,605.51,True,True,597.307085089669,0.0,597.307085089669,0.0,0.014157298995996825,0.0
ablate_prophet_broad,prophet,frozen,broad,False,42,7,2025-02-24 01:00:00,2025-02-27 01:00:00,73,716.85,True,True,711.8227912801789,0.0,711.8227912801789,0.0,0.014157298995996825,0.0
ablate_prophet_broad,prophet,frozen,broad,False,42,7,2025-02-24 01:00:00,2025-02-27 02:00:00,74,726.64,True,True,733.2044033297653,0.0,733.2044033297653,0.0,0.014157298995996825,0.0
ablate_prophet_broad,prophet,frozen,broad,False,42,7,2025-02-24 01:00:00,2025-02-27 03:00:00,75,631.98,True,True,648.6959672826506,0.0,648.6959672826506,0.0,0.014157298995996825,0.0
ablate_prophet_broad,prophet,frozen,broad,False,42,7,2025-02-24 01:00:00,2025-02-27 04:00:00,76,262.85,True,True,259.22779647684825,0.0,259.22779647684825,0.0,0.014157298995996825,0.0
ablate_prophet_broad,prophet,frozen,broad,False,42,7,2025-02-24 01:00:00,2025-02-27 05:00:00,77,241.47,True,True,230.42753510315376,0.0,230.42753510315376,0.0,0.014157298995996825,0.0
ablate_prophet_broad,prophet,frozen,broad,False,42,7,2025-02-24 01:00:00,2025-02-27 06:00:00,78,246.72,True,True,228.52320543322813,0.0,228.52320543322813,0.0,0.014157298995996825,0.0
ablate_prophet_broad,prophet,frozen,broad,False,42,7,2025-02-24 01:00:00,2025-02-27 07:00:00,79,271.67,True,True,244.01588951871943,0.0,244.01588951871943,0.0,0.014157298995996825,0.0
ablate_prophet_broad,prophet,frozen,broad,False,42,7,2025-02-24 01:00:00,2025-02-27 08:00:00,80,314.75,True,True,280.68914135837724,0.0,280.68914135837724,0.0,0.014157298995996825,0.0
ablate_prophet_broad,prophet,frozen,broad,False,42,7,2025-02-24 01:00:00,2025-02-27 09:00:00,81,345.98,True,True,308.2489447211635,0.0,308.2489447211635,0.0,0.014157298995996825,0.0
ablate_prophet_broad,prophet,frozen,broad,False,42,7,2025-02-24 01:00:00,2025-02-27 10:00:00,82,434.03,True,True,399.3713301064025,0.0,399.3713301064025,0.0,0.014157298995996825,0.0
ablate_prophet_broad,prophet,frozen,broad,False,42,7,2025-02-24 01:00:00,2025-02-27 11:00:00,83,616.47,True,True,581.5610319877148,0.0,581.5610319877148,0.0,0.014157298995996825,0.0
ablate_prophet_broad,prophet,frozen,broad,False,42,7,2025-02-24 01:00:00,2025-02-27 12:00:00,84,818.34,True,True,793.2210175591092,0.0,793.2210175591092,0.0,0.014157298995996825,0.0
ablate_prophet_broad,prophet,frozen,broad,False,42,7,2025-02-24 01:00:00,2025-02-27 13:00:00,85,984.41,True,True,959.9826247641129,0.0,959.9826247641129,0.0,0.014157298995996825,0.0
ablate_prophet_broad,prophet,frozen,broad,False,42,7,2025-02-24 01:00:00,2025-02-27 14:00:00,86,1099.03,True,True,1082.2523421207986,0.0,1082.2523421207986,0.0,0.014157298995996825,0.0
ablate_prophet_broad,prophet,frozen,broad,False,42,7,2025-02-24 01:00:00,2025-02-27 15:00:00,87,1093.95,True,True,1076.2406457577363,0.0,1076.2406457577363,0.0,0.014157298995996825,0.0
ablate_prophet_broad,prophet,frozen,broad,False,42,7,2025-02-24 01:00:00,2025-02-27 16:00:00,88,970.88,True,True,944.1035655039842,0.0,944.1035655039842,0.0,0.014157298995996825,0.0
ablate_prophet_broad,prophet,frozen,broad,False,42,7,2025-02-24 01:00:00,2025-02-27 17:00:00,89,828.37,True,True,802.3780715830915,0.0,802.3780715830915,0.0,0.014157298995996825,0.0
ablate_prophet_broad,prophet,frozen,broad,False,42,7,2025-02-24 01:00:00,2025-02-27 18:00:00,90,699.28,True,True,669.2613805092118,0.0,669.2613805092118,0.0,0.014157298995996825,0.0
ablate_prophet_broad,prophet,frozen,broad,False,42,7,2025-02-24 01:00:00,2025-02-27 19:00:00,91,584.72,True,True,557.7291733286526,0.0,557.7291733286526,0.0,0.014157298995996825,0.0
ablate_prophet_broad,prophet,frozen,broad,False,42,7,2025-02-24 01:00:00,2025-02-27 20:00:00,92,497.28,True,True,474.61233089304676,0.0,474.61233089304676,0.0,0.014157298995996825,0.0
ablate_prophet_broad,prophet,frozen,broad,False,42,7,2025-02-24 01:00:00,2025-02-27 21:00:00,93,435.76,True,True,416.22788284237845,0.0,416.22788284237845,0.0,0.014157298995996825,0.0
ablate_prophet_broad,prophet,frozen,broad,False,42,7,2025-02-24 01:00:00,2025-02-27 22:00:00,94,396.47,True,True,377.79508671783486,0.0,377.79508671783486,0.0,0.014157298995996825,0.0
ablate_prophet_broad,prophet,frozen,broad,False,42,7,2025-02-24 01:00:00,2025-02-27 23:00:00,95,406.53,True,True,389.7121639263263,0.0,389.7121639263263,0.0,0.014157298995996825,0.0
ablate_prophet_broad,prophet,frozen,broad,False,42,7,2025-02-24 01:00:00,2025-02-28 00:00:00,96,403.4,True,True,391.3178129188112,0.0,391.3178129188112,0.0,0.014157298995996825,0.0
ablate_prophet_broad,prophet,frozen,broad,False,42,7,2025-02-24 01:00:00,2025-02-28 01:00:00,97,368.27,True,True,364.0096994648038,0.0,364.0096994648038,0.0,0.014157298995996825,0.0
ablate_prophet_broad,prophet,frozen,broad,False,42,7,2025-02-24 01:00:00,2025-02-28 02:00:00,98,378.0,True,True,377.6105721370044,0.0,377.6105721370044,0.0,0.014157298995996825,0.0
ablate_prophet_broad,prophet,frozen,broad,False,42,7,2025-02-24 01:00:00,2025-02-28 03:00:00,99,384.71,True,True,381.748158860659,0.0,381.748158860659,0.0,0.014157298995996825,0.0
ablate_prophet_broad,prophet,frozen,broad,False,42,7,2025-02-24 01:00:00,2025-02-28 04:00:00,100,288.84,True,True,288.33107298962204,0.0,288.33107298962204,0.0,0.014157298995996825,0.0
ablate_prophet_broad,prophet,frozen,broad,False,42,7,2025-02-24 01:00:00,2025-02-28 05:00:00,101,293.94,True,True,287.8803012679323,0.0,287.8803012679323,0.0,0.014157298995996825,0.0
ablate_prophet_broad,prophet,frozen,broad,False,42,7,2025-02-24 01:00:00,2025-02-28 06:00:00,102,327.03,True,True,311.3697272697286,0.0,311.3697272697286,0.0,0.014157298995996825,0.0
ablate_prophet_broad,prophet,frozen,broad,False,42,7,2025-02-24 01:00:00,2025-02-28 07:00:00,103,289.26,True,True,277.86474607901255,0.0,277.86474607901255,0.0,0.014157298995996825,0.0
ablate_prophet_broad,prophet,frozen,broad,False,42,7,2025-02-24 01:00:00,2025-02-28 08:00:00,104,274.0,True,True,261.4430007941242,0.0,261.4430007941242,0.0,0.014157298995996825,0.0
ablate_prophet_broad,prophet,frozen,broad,False,42,7,2025-02-24 01:00:00,2025-02-28 09:00:00,105,275.4,True,True,261.6814920900027,0.0,261.6814920900027,0.0,0.014157298995996825,0.0
ablate_prophet_broad,prophet,frozen,broad,False,42,7,2025-02-24 01:00:00,2025-02-28 10:00:00,106,364.94,True,True,348.44334209706733,0.0,348.44334209706733,0.0,0.014157298995996825,0.0
ablate_prophet_broad,prophet,frozen,broad,False,42,7,2025-02-24 01:00:00,2025-02-28 11:00:00,107,535.83,True,True,520.9967080028304,0.0,520.9967080028304,0.0,0.014157298995996825,0.0
ablate_prophet_broad,prophet,frozen,broad,False,42,7,2025-02-24 01:00:00,2025-02-28 12:00:00,108,718.37,True,True,717.3794081986339,0.0,717.3794081986339,0.0,0.014157298995996825,0.0
ablate_prophet_broad,prophet,frozen,broad,False,42,7,2025-02-24 01:00:00,2025-02-28 13:00:00,109,858.36,True,True,840.0287334315251,0.0,840.0287334315251,0.0,0.014157298995996825,0.0
ablate_prophet_broad,prophet,frozen,broad,False,42,7,2025-02-24 01:00:00,2025-02-28 14:00:00,110,925.4,True,True,900.384392257828,0.0,900.384392257828,0.0,0.014157298995996825,0.0
ablate_prophet_broad,prophet,frozen,broad,False,42,7,2025-02-24 01:00:00,2025-02-28 15:00:00,111,905.93,True,True,862.2413632361512,0.0,862.2413632361512,0.0,0.014157298995996825,0.0
ablate_prophet_broad,prophet,frozen,broad,False,42,7,2025-02-24 01:00:00,2025-02-28 16:00:00,112,828.34,True,True,775.2510962964848,0.0,775.2510962964848,0.0,0.014157298995996825,0.0
ablate_prophet_broad,prophet,frozen,broad,False,42,7,2025-02-24 01:00:00,2025-02-28 17:00:00,113,752.09,True,True,691.5665610926725,0.0,691.5665610926725,0.0,0.014157298995996825,0.0
ablate_prophet_broad,prophet,frozen,broad,False,42,7,2025-02-24 01:00:00,2025-02-28 18:00:00,114,680.31,True,True,609.7693864083806,0.0,609.7693864083806,0.0,0.014157298995996825,0.0
ablate_prophet_broad,prophet,frozen,broad,False,42,7,2025-02-24 01:00:00,2025-02-28 19:00:00,115,627.56,True,True,560.3103287847068,0.0,560.3103287847068,0.0,0.014157298995996825,0.0
ablate_prophet_broad,prophet,frozen,broad,False,42,7,2025-02-24 01:00:00,2025-02-28 20:00:00,116,596.78,True,True,538.0745399144976,0.0,538.0745399144976,0.0,0.014157298995996825,0.0
ablate_prophet_broad,prophet,frozen,broad,False,42,7,2025-02-24 01:00:00,2025-02-28 21:00:00,117,579.9,True,True,533.4632793263246,0.0,533.4632793263246,0.0,0.014157298995996825,0.0
ablate_prophet_broad,prophet,frozen,broad,False,42,7,2025-02-24 01:00:00,2025-02-28 22:00:00,118,557.08,True,True,518.654343987532,0.0,518.654343987532,0.0,0.014157298995996825,0.0
ablate_prophet_broad,prophet,frozen,broad,False,42,7,2025-02-24 01:00:00,2025-02-28 23:00:00,119,586.33,True,True,551.2119234375474,0.0,551.2119234375474,0.0,0.014157298995996825,0.0
ablate_prophet_broad,prophet,frozen,broad,False,42,7,2025-02-24 01:00:00,2025-03-01 00:00:00,120,660.96,True,True,628.6513067442618,0.0,628.6513067442618,0.0,0.014157298995996825,0.0
ablate_prophet_broad,prophet,frozen,broad,False,42,7,2025-02-24 01:00:00,2025-03-01 01:00:00,121,716.74,True,True,686.6939001653044,0.0,686.6939001653044,0.0,0.014157298995996825,0.0
ablate_prophet_broad,prophet,frozen,broad,False,42,7,2025-02-24 01:00:00,2025-03-01 02:00:00,122,709.61,True,True,679.8758331493639,0.0,679.8758331493639,0.0,0.014157298995996825,0.0
ablate_prophet_broad,prophet,frozen,broad,False,42,7,2025-02-24 01:00:00,2025-03-01 03:00:00,123,649.32,True,True,612.2733926037772,0.0,612.2733926037772,0.0,0.014157298995996825,0.0
ablate_prophet_broad,prophet,frozen,broad,False,42,7,2025-02-24 01:00:00,2025-03-01 04:00:00,124,536.52,True,True,401.1055489877721,0.0,401.1055489877721,0.0,0.014157298995996825,0.0
ablate_prophet_broad,prophet,frozen,broad,False,42,7,2025-02-24 01:00:00,2025-03-01 05:00:00,125,481.34,True,True,359.5664339855192,0.0,359.5664339855192,0.0,0.014157298995996825,0.0
ablate_prophet_broad,prophet,frozen,broad,False,42,7,2025-02-24 01:00:00,2025-03-01 06:00:00,126,473.35,True,True,351.5377142581634,0.0,351.5377142581634,0.0,0.014157298995996825,0.0
ablate_prophet_broad,prophet,frozen,broad,False,42,7,2025-02-24 01:00:00,2025-03-01 07:00:00,127,478.43,True,True,354.8609613568208,0.0,354.8609613568208,0.0,0.014157298995996825,0.0
ablate_prophet_broad,prophet,frozen,broad,False,42,7,2025-02-24 01:00:00,2025-03-01 08:00:00,128,490.23,True,True,367.5006424602815,0.0,367.5006424602815,0.0,0.014157298995996825,0.0
ablate_prophet_broad,prophet,frozen,broad,False,42,7,2025-02-24 01:00:00,2025-03-01 09:00:00,129,497.54,True,True,375.9328163891108,0.0,375.9328163891108,0.0,0.014157298995996825,0.0
ablate_prophet_broad,prophet,frozen,broad,False,42,7,2025-02-24 01:00:00,2025-03-01 10:00:00,130,492.8,True,True,370.5281970359349,0.0,370.5281970359349,0.0,0.014157298995996825,0.0
ablate_prophet_broad,prophet,frozen,broad,False,42,7,2025-02-24 01:00:00,2025-03-01 11:00:00,131,470.96,True,True,349.11707979271716,0.0,349.11707979271716,0.0,0.014157298995996825,0.0
ablate_prophet_broad,prophet,frozen,broad,False,42,7,2025-02-24 01:00:00,2025-03-01 12:00:00,132,420.59,True,True,311.9633876627625,0.0,311.9633876627625,0.0,0.014157298995996825,0.0
ablate_prophet_broad,prophet,frozen,broad,False,42,7,2025-02-24 01:00:00,2025-03-01 13:00:00,133,295.92,True,True,238.5089934753496,0.0,238.5089934753496,0.0,0.014157298995996825,0.0
ablate_prophet_broad,prophet,frozen,broad,False,42,7,2025-02-24 01:00:00,2025-03-01 14:00:00,134,187.28,True,True,190.14833028910314,0.0,190.14833028910314,0.0,0.014157298995996825,0.0
ablate_prophet_broad,prophet,frozen,broad,False,42,7,2025-02-24 01:00:00,2025-03-01 15:00:00,135,142.86,True,True,170.9486678228944,0.0,170.9486678228944,0.0,0.014157298995996825,0.0
ablate_prophet_broad,prophet,frozen,broad,False,42,7,2025-02-24 01:00:00,2025-03-01 16:00:00,136,128.84,True,True,159.09718208518797,0.0,159.09718208518797,0.0,0.014157298995996825,0.0
ablate_prophet_broad,prophet,frozen,broad,False,42,7,2025-02-24 01:00:00,2025-03-01 17:00:00,137,131.31,True,True,158.37277717441688,0.0,158.37277717441688,0.0,0.014157298995996825,0.0
ablate_prophet_broad,prophet,frozen,broad,False,42,7,2025-02-24 01:00:00,2025-03-01 18:00:00,138,148.56,True,True,168.43981572498066,0.0,168.43981572498066,0.0,0.014157298995996825,0.0
ablate_prophet_broad,prophet,frozen,broad,False,42,7,2025-02-24 01:00:00,2025-03-01 19:00:00,139,175.34,True,True,178.12893253331694,0.0,178.12893253331694,0.0,0.014157298995996825,0.0
ablate_prophet_broad,prophet,frozen,broad,False,42,7,2025-02-24 01:00:00,2025-03-01 20:00:00,140,188.94,True,True,174.89421141209104,0.0,174.89421141209104,0.0,0.014157298995996825,0.0
ablate_prophet_broad,prophet,frozen,broad,False,42,7,2025-02-24 01:00:00,2025-03-01 21:00:00,141,187.94,True,True,162.90755133686702,0.0,162.90755133686702,0.0,0.014157298995996825,0.0
ablate_prophet_broad,prophet,frozen,broad,False,42,7,2025-02-24 01:00:00,2025-03-01 22:00:00,142,184.36,True,True,158.0829576837105,0.0,158.0829576837105,0.0,0.014157298995996825,0.0
ablate_prophet_broad,prophet,frozen,broad,False,42,7,2025-02-24 01:00:00,2025-03-01 23:00:00,143,198.54,True,True,182.2517681274529,0.0,182.2517681274529,0.0,0.014157298995996825,0.0
ablate_prophet_broad,prophet,frozen,broad,False,42,7,2025-02-24 01:00:00,2025-03-02 00:00:00,144,217.8,True,True,199.1473880838643,0.0,199.1473880838643,0.0,0.014157298995996825,0.0
ablate_prophet_broad,prophet,frozen,broad,False,42,7,2025-02-24 01:00:00,2025-03-02 01:00:00,145,169.21,True,True,153.07633442624342,0.0,153.07633442624342,0.0,0.014157298995996825,0.0
ablate_prophet_broad,prophet,frozen,broad,False,42,7,2025-02-24 01:00:00,2025-03-02 02:00:00,146,99.74,True,True,103.2933855721264,0.0,103.2933855721264,0.0,0.014157298995996825,0.0
ablate_prophet_broad,prophet,frozen,broad,False,42,7,2025-02-24 01:00:00,2025-03-02 03:00:00,147,60.91,True,True,75.12856464470576,0.0,75.12856464470576,0.0,0.014157298995996825,0.0
ablate_prophet_broad,prophet,frozen,broad,False,42,7,2025-02-24 01:00:00,2025-03-02 04:00:00,148,39.47,True,True,58.668410972103004,0.0,58.668410972103004,0.0,0.014157298995996825,0.0
ablate_prophet_broad,prophet,frozen,broad,False,42,7,2025-02-24 01:00:00,2025-03-02 05:00:00,149,29.95,True,True,52.31732425492734,0.0,52.31732425492734,0.0,0.014157298995996825,0.0
ablate_prophet_broad,prophet,frozen,broad,False,42,7,2025-02-24 01:00:00,2025-03-02 06:00:00,150,23.21,True,True,43.310101920129455,0.0,43.310101920129455,0.0,0.014157298995996825,0.0
ablate_prophet_broad,prophet,frozen,broad,False,42,7,2025-02-24 01:00:00,2025-03-02 07:00:00,151,20.54,True,True,34.425186063872474,0.0,34.425186063872474,0.0,0.014157298995996825,0.0
ablate_prophet_broad,prophet,frozen,broad,False,42,7,2025-02-24 01:00:00,2025-03-02 08:00:00,152,22.02,True,True,28.648654224020476,0.0,28.648654224020476,0.0,0.014157298995996825,0.0
ablate_prophet_broad,prophet,frozen,broad,False,42,7,2025-02-24 01:00:00,2025-03-02 09:00:00,153,24.73,True,True,24.87855652112131,0.0,24.87855652112131,0.0,0.014157298995996825,0.0
ablate_prophet_broad,prophet,frozen,broad,False,42,7,2025-02-24 01:00:00,2025-03-02 10:00:00,154,36.5,True,True,39.72800454063423,0.0,39.72800454063423,0.0,0.014157298995996825,0.0
ablate_prophet_broad,prophet,frozen,broad,False,42,7,2025-02-24 01:00:00,2025-03-02 11:00:00,155,68.39,True,True,76.50473607215048,0.0,76.50473607215048,0.0,0.014157298995996825,0.0
ablate_prophet_broad,prophet,frozen,broad,False,42,7,2025-02-24 01:00:00,2025-03-02 12:00:00,156,106.44,True,True,110.85800836359176,0.0,110.85800836359176,0.0,0.014157298995996825,0.0
ablate_prophet_broad,prophet,frozen,broad,False,42,7,2025-02-24 01:00:00,2025-03-02 13:00:00,157,153.38,True,True,150.1405698363671,0.0,150.1405698363671,0.0,0.014157298995996825,0.0
ablate_prophet_broad,prophet,frozen,broad,False,42,7,2025-02-24 01:00:00,2025-03-02 14:00:00,158,219.4,True,True,211.76236798630234,0.0,211.76236798630234,0.0,0.014157298995996825,0.0
ablate_prophet_broad,prophet,frozen,broad,False,42,7,2025-02-24 01:00:00,2025-03-02 15:00:00,159,277.75,True,True,270.77584389224023,0.0,270.77584389224023,0.0,0.014157298995996825,0.0
ablate_prophet_broad,prophet,frozen,broad,False,42,7,2025-02-24 01:00:00,2025-03-02 16:00:00,160,305.96,True,True,301.6714911660636,0.0,301.6714911660636,0.0,0.014157298995996825,0.0
ablate_prophet_broad,prophet,frozen,broad,False,42,7,2025-02-24 01:00:00,2025-03-02 17:00:00,161,320.9,True,True,317.12816216942167,0.0,317.12816216942167,0.0,0.014157298995996825,0.0
ablate_prophet_broad,prophet,frozen,broad,False,42,7,2025-02-24 01:00:00,2025-03-02 18:00:00,162,334.91,True,True,324.70752924131665,0.0,324.70752924131665,0.0,0.014157298995996825,0.0
ablate_prophet_broad,prophet,frozen,broad,False,42,7,2025-02-24 01:00:00,2025-03-02 19:00:00,163,364.95,True,True,351.58311478575547,0.0,351.58311478575547,0.0,0.014157298995996825,0.0
ablate_prophet_broad,prophet,frozen,broad,False,42,7,2025-02-24 01:00:00,2025-03-02 20:00:00,164,399.87,True,True,382.5953628533582,0.0,382.5953628533582,0.0,0.014157298995996825,0.0
ablate_prophet_broad,prophet,frozen,broad,False,42,7,2025-02-24 01:00:00,2025-03-02 21:00:00,165,425.92,True,True,406.723614334217,0.0,406.723614334217,0.0,0.014157298995996825,0.0
ablate_prophet_broad,prophet,frozen,broad,False,42,7,2025-02-24 01:00:00,2025-03-02 22:00:00,166,442.94,True,True,418.1366032769995,0.0,418.1366032769995,0.0,0.014157298995996825,0.0
ablate_prophet_broad,prophet,frozen,broad,False,42,7,2025-02-24 01:00:00,2025-03-02 23:00:00,167,497.78,True,True,468.9081447199999,0.0,468.9081447199999,0.0,0.014157298995996825,0.0
ablate_prophet_broad,prophet,frozen,broad,False,42,7,2025-02-24 01:00:00,2025-03-03 00:00:00,168,542.46,True,True,505.8880608858533,0.0,505.8880608858533,0.0,0.014157298995996825,0.0
ablate_prophet_broad,prophet,frozen,broad,False,42,10,2025-03-17 01:00:00,2025-03-17 01:00:00,1,31.77,True,True,40.87665488713347,0.0,40.87665488713347,0.0,0.013765105002676137,0.0
ablate_prophet_broad,prophet,frozen,broad,False,42,10,2025-03-17 01:00:00,2025-03-17 02:00:00,2,15.45,True,True,21.91797104472505,0.0,21.91797104472505,0.0,0.013765105002676137,0.0
ablate_prophet_broad,prophet,frozen,broad,False,42,10,2025-03-17 01:00:00,2025-03-17 03:00:00,3,8.29,True,True,11.351652904440556,0.0,11.351652904440556,0.0,0.013765105002676137,0.0
ablate_prophet_broad,prophet,frozen,broad,False,42,10,2025-03-17 01:00:00,2025-03-17 04:00:00,4,4.12,True,True,2.1070776527147075,0.0,2.1070776527147075,0.0,0.013765105002676137,0.0
ablate_prophet_broad,prophet,frozen,broad,False,42,10,2025-03-17 01:00:00,2025-03-17 05:00:00,5,3.51,True,True,1.6638807846694021,0.0,1.6638807846694021,0.0,0.013765105002676137,0.0
ablate_prophet_broad,prophet,frozen,broad,False,42,10,2025-03-17 01:00:00,2025-03-17 06:00:00,6,3.35,True,True,-0.5245199121509927,0.0,-0.5245199121509927,0.0,0.013765105002676137,0.0
ablate_prophet_broad,prophet,frozen,broad,False,42,10,2025-03-17 01:00:00,2025-03-17 07:00:00,7,3.31,True,True,2.641209652538379,0.0,2.641209652538379,0.0,0.013765105002676137,0.0
ablate_prophet_broad,prophet,frozen,broad,False,42,10,2025-03-17 01:00:00,2025-03-17 08:00:00,8,3.61,True,True,0.9400276397536516,0.0,0.9400276397536516,0.0,0.013765105002676137,0.0
ablate_prophet_broad,prophet,frozen,broad,False,42,10,2025-03-17 01:00:00,2025-03-17 09:00:00,9,4.11,True,True,-5.589258002325408,0.0,-5.589258002325408,0.0,0.013765105002676137,0.0
ablate_prophet_broad,prophet,frozen,broad,False,42,10,2025-03-17 01:00:00,2025-03-17 10:00:00,10,6.24,True,True,-4.249844153001817,0.0,-4.249844153001817,0.0,0.013765105002676137,0.0
ablate_prophet_broad,prophet,frozen,broad,False,42,10,2025-03-17 01:00:00,2025-03-17 11:00:00,11,11.18,True,True,1.071388558930039,0.0,1.071388558930039,0.0,0.013765105002676137,0.0
ablate_prophet_broad,prophet,frozen,broad,False,42,10,2025-03-17 01:00:00,2025-03-17 12:00:00,12,16.6,True,True,7.491138316058652,0.0,7.491138316058652,0.0,0.013765105002676137,0.0
ablate_prophet_broad,prophet,frozen,broad,False,42,10,2025-03-17 01:00:00,2025-03-17 13:00:00,13,33.88,True,True,32.41191262043452,0.0,32.41191262043452,0.0,0.013765105002676137,0.0
ablate_prophet_broad,prophet,frozen,broad,False,42,10,2025-03-17 01:00:00,2025-03-17 14:00:00,14,61.93,True,True,66.36272246485802,0.0,66.36272246485802,0.0,0.013765105002676137,0.0
ablate_prophet_broad,prophet,frozen,broad,False,42,10,2025-03-17 01:00:00,2025-03-17 15:00:00,15,74.69,True,True,83.29216953376641,0.0,83.29216953376641,0.0,0.013765105002676137,0.0
ablate_prophet_broad,prophet,frozen,broad,False,42,10,2025-03-17 01:00:00,2025-03-17 16:00:00,16,65.45,True,True,75.36772718029118,0.0,75.36772718029118,0.0,0.013765105002676137,0.0
ablate_prophet_broad,prophet,frozen,broad,False,42,10,2025-03-17 01:00:00,2025-03-17 17:00:00,17,54.79,True,True,64.55103790103038,0.0,64.55103790103038,0.0,0.013765105002676137,0.0
ablate_prophet_broad,prophet,frozen,broad,False,42,10,2025-03-17 01:00:00,2025-03-17 18:00:00,18,50.25,True,True,60.5065632853227,0.0,60.5065632853227,0.0,0.013765105002676137,0.0
ablate_prophet_broad,prophet,frozen,broad,False,42,10,2025-03-17 01:00:00,2025-03-17 19:00:00,19,61.72,True,True,71.25410777566233,0.0,71.25410777566233,0.0,0.013765105002676137,0.0
ablate_prophet_broad,prophet,frozen,broad,False,42,10,2025-03-17 01:00:00,2025-03-17 20:00:00,20,88.07,True,True,97.67337733547875,0.0,97.67337733547875,0.0,0.013765105002676137,0.0
ablate_prophet_broad,prophet,frozen,broad,False,42,10,2025-03-17 01:00:00,2025-03-17 21:00:00,21,119.37,True,True,129.17963698433476,0.0,129.17963698433476,0.0,0.013765105002676137,0.0
ablate_prophet_broad,prophet,frozen,broad,False,42,10,2025-03-17 01:00:00,2025-03-17 22:00:00,22,153.66,True,True,159.52394508232115,0.0,159.52394508232115,0.0,0.013765105002676137,0.0
ablate_prophet_broad,prophet,frozen,broad,False,42,10,2025-03-17 01:00:00,2025-03-17 23:00:00,23,240.13,True,True,242.41825601691173,0.0,242.41825601691173,0.0,0.013765105002676137,0.0
ablate_prophet_broad,prophet,frozen,broad,False,42,10,2025-03-17 01:00:00,2025-03-18 00:00:00,24,360.81,True,True,357.87438359111263,0.0,357.87438359111263,0.0,0.013765105002676137,0.0
ablate_prophet_broad,prophet,frozen,broad,False,42,10,2025-03-17 01:00:00,2025-03-18 01:00:00,25,344.22,True,True,336.84448774149934,0.0,336.84448774149934,0.0,0.013765105002676137,0.0
ablate_prophet_broad,prophet,frozen,broad,False,42,10,2025-03-17 01:00:00,2025-03-18 02:00:00,26,369.17,True,True,363.8225200413614,0.0,363.8225200413614,0.0,0.013765105002676137,0.0
ablate_prophet_broad,prophet,frozen,broad,False,42,10,2025-03-17 01:00:00,2025-03-18 03:00:00,27,355.79,True,True,348.2803582947687,0.0,348.2803582947687,0.0,0.013765105002676137,0.0
ablate_prophet_broad,prophet,frozen,broad,False,42,10,2025-03-17 01:00:00,2025-03-18 04:00:00,28,87.33,True,True,97.31513057534204,0.0,97.31513057534204,0.0,0.013765105002676137,0.0
ablate_prophet_broad,prophet,frozen,broad,False,42,10,2025-03-17 01:00:00,2025-03-18 05:00:00,29,35.3,True,True,47.42173890912946,0.0,47.42173890912946,0.0,0.013765105002676137,0.0
ablate_prophet_broad,prophet,frozen,broad,False,42,10,2025-03-17 01:00:00,2025-03-18 06:00:00,30,13.98,True,True,27.571521609274924,0.0,27.571521609274924,0.0,0.013765105002676137,0.0
ablate_prophet_broad,prophet,frozen,broad,False,42,10,2025-03-17 01:00:00,2025-03-18 07:00:00,31,8.81,True,True,21.738088118717343,0.0,21.738088118717343,0.0,0.013765105002676137,0.0
ablate_prophet_broad,prophet,frozen,broad,False,42,10,2025-03-17 01:00:00,2025-03-18 08:00:00,32,8.33,True,True,17.629565135070067,0.0,17.629565135070067,0.0,0.013765105002676137,0.0
ablate_prophet_broad,prophet,frozen,broad,False,42,10,2025-03-17 01:00:00,2025-03-18 09:00:00,33,8.4,True,True,14.930116084618561,0.0,14.930116084618561,0.0,0.013765105002676137,0.0
ablate_prophet_broad,prophet,frozen,broad,False,42,10,2025-03-17 01:00:00,2025-03-18 10:00:00,34,39.59,True,True,53.171010084617535,0.0,53.171010084617535,0.0,0.013765105002676137,0.0
ablate_prophet_broad,prophet,frozen,broad,False,42,10,2025-03-17 01:00:00,2025-03-18 11:00:00,35,111.19,True,True,130.9449947380553,0.0,130.9449947380553,0.0,0.013765105002676137,0.0
ablate_prophet_broad,prophet,frozen,broad,False,42,10,2025-03-17 01:00:00,2025-03-18 12:00:00,36,231.14,True,True,252.2707234719374,0.0,252.2707234719374,0.0,0.013765105002676137,0.0
ablate_prophet_broad,prophet,frozen,broad,False,42,10,2025-03-17 01:00:00,2025-03-18 13:00:00,37,374.95,True,True,393.2288007366398,0.0,393.2288007366398,0.0,0.013765105002676137,0.0
ablate_prophet_broad,prophet,frozen,broad,False,42,10,2025-03-17 01:00:00,2025-03-18 14:00:00,38,457.73,True,True,478.4744336794018,0.0,478.4744336794018,0.0,0.013765105002676137,0.0
ablate_prophet_broad,prophet,frozen,broad,False,42,10,2025-03-17 01:00:00,2025-03-18 15:00:00,39,433.59,True,True,460.637767895396,0.0,460.637767895396,0.0,0.013765105002676137,0.0
ablate_prophet_broad,prophet,frozen,broad,False,42,10,2025-03-17 01:00:00,2025-03-18 16:00:00,40,278.25,True,True,310.58887137624896,0.0,310.58887137624896,0.0,0.013765105002676137,0.0
ablate_prophet_broad,prophet,frozen,broad,False,42,10,2025-03-17 01:00:00,2025-03-18 17:00:00,41,214.72,True,True,248.17981716005372,0.0,248.17981716005372,0.0,0.013765105002676137,0.0
ablate_prophet_broad,prophet,frozen,broad,False,42,10,2025-03-17 01:00:00,2025-03-18 18:00:00,42,187.9,True,True,219.63844429306027,0.0,219.63844429306027,0.0,0.013765105002676137,0.0
ablate_prophet_broad,prophet,frozen,broad,False,42,10,2025-03-17 01:00:00,2025-03-18 19:00:00,43,151.21,True,True,180.94528007161725,0.0,180.94528007161725,0.0,0.013765105002676137,0.0
ablate_prophet_broad,prophet,frozen,broad,False,42,10,2025-03-17 01:00:00,2025-03-18 20:00:00,44,113.15,True,True,140.71954104288642,0.0,140.71954104288642,0.0,0.013765105002676137,0.0
ablate_prophet_broad,prophet,frozen,broad,False,42,10,2025-03-17 01:00:00,2025-03-18 21:00:00,45,91.78,True,True,117.44023938058454,0.0,117.44023938058454,0.0,0.013765105002676137,0.0
ablate_prophet_broad,prophet,frozen,broad,False,42,10,2025-03-17 01:00:00,2025-03-18 22:00:00,46,85.27,True,True,107.85407013355767,0.0,107.85407013355767,0.0,0.013765105002676137,0.0
ablate_prophet_broad,prophet,frozen,broad,False,42,10,2025-03-17 01:00:00,2025-03-18 23:00:00,47,115.74,True,True,136.93482023923906,0.0,136.93482023923906,0.0,0.013765105002676137,0.0
ablate_prophet_broad,prophet,frozen,broad,False,42,10,2025-03-17 01:00:00,2025-03-19 00:00:00,48,158.89,True,True,179.30387733046712,0.0,179.30387733046712,0.0,0.013765105002676137,0.0
ablate_prophet_broad,prophet,frozen,broad,False,42,10,2025-03-17 01:00:00,2025-03-19 01:00:00,49,184.39,True,True,210.41309142892933,0.0,210.41309142892933,0.0,0.013765105002676137,0.0
ablate_prophet_broad,prophet,frozen,broad,False,42,10,2025-03-17 01:00:00,2025-03-19 02:00:00,50,208.95,True,True,238.46500319880107,0.0,238.46500319880107,0.0,0.013765105002676137,0.0
ablate_prophet_broad,prophet,frozen,broad,False,42,10,2025-03-17 01:00:00,2025-03-19 03:00:00,51,218.09,True,True,250.71316453485704,0.0,250.71316453485704,0.0,0.013765105002676137,0.0
ablate_prophet_broad,prophet,frozen,broad,False,42,10,2025-03-17 01:00:00,2025-03-19 04:00:00,52,115.44,True,True,143.40632538097123,0.0,143.40632538097123,0.0,0.013765105002676137,0.0
ablate_prophet_broad,prophet,frozen,broad,False,42,10,2025-03-17 01:00:00,2025-03-19 05:00:00,53,47.51,True,True,68.4256248562996,0.0,68.4256248562996,0.0,0.013765105002676137,0.0
ablate_prophet_broad,prophet,frozen,broad,False,42,10,2025-03-17 01:00:00,2025-03-19 06:00:00,54,20.3,True,True,33.232545721679315,0.0,33.232545721679315,0.0,0.013765105002676137,0.0
ablate_prophet_broad,prophet,frozen,broad,False,42,10,2025-03-17 01:00:00,2025-03-19 07:00:00,55,12.77,True,True,19.188778661553954,0.0,19.188778661553954,0.0,0.013765105002676137,0.0
ablate_prophet_broad,prophet,frozen,broad,False,42,10,2025-03-17 01:00:00,2025-03-19 08:00:00,56,17.03,True,True,23.444391798635053,0.0,23.444391798635053,0.0,0.013765105002676137,0.0
ablate_prophet_broad,prophet,frozen,broad,False,42,10,2025-03-17 01:00:00,2025-03-19 09:00:00,57,22.13,True,True,28.630173341803328,0.0,28.630173341803328,0.0,0.013765105002676137,0.0
ablate_prophet_broad,prophet,frozen,broad,False,42,10,2025-03-17 01:00:00,2025-03-19 10:00:00,58,37.15,True,True,46.27034551467,0.0,46.27034551467,0.0,0.013765105002676137,0.0
ablate_prophet_broad,prophet,frozen,broad,False,42,10,2025-03-17 01:00:00,2025-03-19 11:00:00,59,68.63,True,True,82.2221911239987,0.0,82.2221911239987,0.0,0.013765105002676137,0.0
ablate_prophet_broad,prophet,frozen,broad,False,42,10,2025-03-17 01:00:00,2025-03-19 12:00:00,60,99.64,True,True,117.36667939770834,0.0,117.36667939770834,0.0,0.013765105002676137,0.0
ablate_prophet_broad,prophet,frozen,broad,False,42,10,2025-03-17 01:00:00,2025-03-19 13:00:00,61,123.41,True,True,146.78391625313753,0.0,146.78391625313753,0.0,0.013765105002676137,0.0
ablate_prophet_broad,prophet,frozen,broad,False,42,10,2025-03-17 01:00:00,2025-03-19 14:00:00,62,145.21,True,True,168.9022107092635,0.0,168.9022107092635,0.0,0.013765105002676137,0.0
ablate_prophet_broad,prophet,frozen,broad,False,42,10,2025-03-17 01:00:00,2025-03-19 15:00:00,63,146.28,True,True,172.35155623086442,0.0,172.35155623086442,0.0,0.013765105002676137,0.0
ablate_prophet_broad,prophet,frozen,broad,False,42,10,2025-03-17 01:00:00,2025-03-19 16:00:00,64,115.46,True,True,142.3634961480509,0.0,142.3634961480509,0.0,0.013765105002676137,0.0
ablate_prophet_broad,prophet,frozen,broad,False,42,10,2025-03-17 01:00:00,2025-03-19 17:00:00,65,80.15,True,True,105.23223765859375,0.0,105.23223765859375,0.0,0.013765105002676137,0.0
ablate_prophet_broad,prophet,frozen,broad,False,42,10,2025-03-17 01:00:00,2025-03-19 18:00:00,66,57.06,True,True,79.9068879118094,0.0,79.9068879118094,0.0,0.013765105002676137,0.0
ablate_prophet_broad,prophet,frozen,broad,False,42,10,2025-03-17 01:00:00,2025-03-19 19:00:00,67,44.98,True,True,67.22493922795775,0.0,67.22493922795775,0.0,0.013765105002676137,0.0
ablate_prophet_broad,prophet,frozen,broad,False,42,10,2025-03-17 01:00:00,2025-03-19 20:00:00,68,42.52,True,True,66.74221492823077,0.0,66.74221492823077,0.0,0.013765105002676137,0.0
ablate_prophet_broad,prophet,frozen,broad,False,42,10,2025-03-17 01:00:00,2025-03-19 21:00:00,69,43.49,True,True,69.07958065882195,0.0,69.07958065882195,0.0,0.013765105002676137,0.0
ablate_prophet_broad,prophet,frozen,broad,False,42,10,2025-03-17 01:00:00,2025-03-19 22:00:00,70,46.51,True,True,71.74633060247481,0.0,71.74633060247481,0.0,0.013765105002676137,0.0
ablate_prophet_broad,prophet,frozen,broad,False,42,10,2025-03-17 01:00:00,2025-03-19 23:00:00,71,69.63,True,True,96.82648012536646,0.0,96.82648012536646,0.0,0.013765105002676137,0.0
ablate_prophet_broad,prophet,frozen,broad,False,42,10,2025-03-17 01:00:00,2025-03-20 00:00:00,72,99.32,True,True,129.63728694772055,0.0,129.63728694772055,0.0,0.013765105002676137,0.0
ablate_prophet_broad,prophet,frozen,broad,False,42,10,2025-03-17 01:00:00,2025-03-20 01:00:00,73,110.67,True,True,144.28855736565504,0.0,144.28855736565504,0.0,0.013765105002676137,0.0
ablate_prophet_broad,prophet,frozen,broad,False,42,10,2025-03-17 01:00:00,2025-03-20 02:00:00,74,96.42,True,True,126.09161580746598,0.0,126.09161580746598,0.0,0.013765105002676137,0.0
ablate_prophet_broad,prophet,frozen,broad,False,42,10,2025-03-17 01:00:00,2025-03-20 03:00:00,75,55.87,True,True,77.6534300330942,0.0,77.6534300330942,0.0,0.013765105002676137,0.0
ablate_prophet_broad,prophet,frozen,broad,False,42,10,2025-03-17 01:00:00,2025-03-20 04:00:00,76,16.8,True,True,27.53194194097074,0.0,27.53194194097074,0.0,0.013765105002676137,0.0
ablate_prophet_broad,prophet,frozen,broad,False,42,10,2025-03-17 01:00:00,2025-03-20 05:00:00,77,12.08,True,True,24.52383954613694,0.0,24.52383954613694,0.0,0.013765105002676137,0.0
ablate_prophet_broad,prophet,frozen,broad,False,42,10,2025-03-17 01:00:00,2025-03-20 06:00:00,78,11.12,True,True,24.600300830917945,0.0,24.600300830917945,0.0,0.013765105002676137,0.0
ablate_prophet_broad,prophet,frozen,broad,False,42,10,2025-03-17 01:00:00,2025-03-20 07:00:00,79,10.16,True,True,22.036641098077524,0.0,22.036641098077524,0.0,0.013765105002676137,0.0
ablate_prophet_broad,prophet,frozen,broad,False,42,10,2025-03-17 01:00:00,2025-03-20 08:00:00,80,10.39,True,True,19.44607435630627,0.0,19.44607435630627,0.0,0.013765105002676137,0.0
ablate_prophet_broad,prophet,frozen,broad,False,42,10,2025-03-17 01:00:00,2025-03-20 09:00:00,81,11.27,True,True,19.278612670113574,0.0,19.278612670113574,0.0,0.013765105002676137,0.0
ablate_prophet_broad,prophet,frozen,broad,False,42,10,2025-03-17 01:00:00,2025-03-20 10:00:00,82,23.62,True,True,36.233034432331834,0.0,36.233034432331834,0.0,0.013765105002676137,0.0
ablate_prophet_broad,prophet,frozen,broad,False,42,10,2025-03-17 01:00:00,2025-03-20 11:00:00,83,55.05,True,True,75.07258316328566,0.0,75.07258316328566,0.0,0.013765105002676137,0.0
ablate_prophet_broad,prophet,frozen,broad,False,42,10,2025-03-17 01:00:00,2025-03-20 12:00:00,84,92.13,True,True,118.87105939303397,0.0,118.87105939303397,0.0,0.013765105002676137,0.0
ablate_prophet_broad,prophet,frozen,broad,False,42,10,2025-03-17 01:00:00,2025-03-20 13:00:00,85,135.18,True,True,167.86344661549666,0.0,167.86344661549666,0.0,0.013765105002676137,0.0
ablate_prophet_broad,prophet,frozen,broad,False,42,10,2025-03-17 01:00:00,2025-03-20 14:00:00,86,178.08,True,True,217.19759330523854,0.0,217.19759330523854,0.0,0.013765105002676137,0.0
ablate_prophet_broad,prophet,frozen,broad,False,42,10,2025-03-17 01:00:00,2025-03-20 15:00:00,87,188.44,True,True,230.18036866017442,0.0,230.18036866017442,0.0,0.013765105002676137,0.0
ablate_prophet_broad,prophet,frozen,broad,False,42,10,2025-03-17 01:00:00,2025-03-20 16:00:00,88,161.08,True,True,206.52202168310333,0.0,206.52202168310333,0.0,0.013765105002676137,0.0
ablate_prophet_broad,prophet,frozen,broad,False,42,10,2025-03-17 01:00:00,2025-03-20 17:00:00,89,134.87,True,True,182.7367074799963,0.0,182.7367074799963,0.0,0.013765105002676137,0.0
ablate_prophet_broad,prophet,frozen,broad,False,42,10,2025-03-17 01:00:00,2025-03-20 18:00:00,90,119.77,True,True,170.2363399477773,0.0,170.2363399477773,0.0,0.013765105002676137,0.0
ablate_prophet_broad,prophet,frozen,broad,False,42,10,2025-03-17 01:00:00,2025-03-20 19:00:00,91,108.81,True,True,157.9672230787029,0.0,157.9672230787029,0.0,0.013765105002676137,0.0
ablate_prophet_broad,prophet,frozen,broad,False,42,10,2025-03-17 01:00:00,2025-03-20 20:00:00,92,104.19,True,True,153.3708521559553,0.0,153.3708521559553,0.0,0.013765105002676137,0.0
ablate_prophet_broad,prophet,frozen,broad,False,42,10,2025-03-17 01:00:00,2025-03-20 21:00:00,93,106.24,True,True,156.95088602899045,0.0,156.95088602899045,0.0,0.013765105002676137,0.0
ablate_prophet_broad,prophet,frozen,broad,False,42,10,2025-03-17 01:00:00,2025-03-20 22:00:00,94,117.33,True,True,164.6765090293252,0.0,164.6765090293252,0.0,0.013765105002676137,0.0
ablate_prophet_broad,prophet,frozen,broad,False,42,10,2025-03-17 01:00:00,2025-03-20 23:00:00,95,182.51,True,True,230.5937065361254,0.0,230.5937065361254,0.0,0.013765105002676137,0.0
ablate_prophet_broad,prophet,frozen,broad,False,42,10,2025-03-17 01:00:00,2025-03-21 00:00:00,96,290.87,True,True,343.9036617707858,0.0,343.9036617707858,0.0,0.013765105002676137,0.0
ablate_prophet_broad,prophet,frozen,broad,False,42,10,2025-03-17 01:00:00,2025-03-21 01:00:00,97,383.88,True,True,449.2147759319291,0.0,449.2147759319291,0.0,0.013765105002676137,0.0
ablate_prophet_broad,prophet,frozen,broad,False,42,10,2025-03-17 01:00:00,2025-03-21 02:00:00,98,350.81,True,True,424.94316939493035,0.0,424.94316939493035,0.0,0.013765105002676137,0.0
ablate_prophet_broad,prophet,frozen,broad,False,42,10,2025-03-17 01:00:00,2025-03-21 03:00:00,99,194.99,True,True,261.26544989126506,0.0,261.26544989126506,0.0,0.013765105002676137,0.0
ablate_prophet_broad,prophet,frozen,broad,False,42,10,2025-03-17 01:00:00,2025-03-21 04:00:00,100,16.08,True,True,51.10051787696477,0.0,51.10051787696477,0.0,0.013765105002676137,0.0
ablate_prophet_broad,prophet,frozen,broad,False,42,10,2025-03-17 01:00:00,2025-03-21 05:00:00,101,10.66,True,True,45.64130536517567,0.0,45.64130536517567,0.0,0.013765105002676137,0.0
ablate_prophet_broad,prophet,frozen,broad,False,42,10,2025-03-17 01:00:00,2025-03-21 06:00:00,102,10.46,True,True,44.61645342838989,0.0,44.61645342838989,0.0,0.013765105002676137,0.0
ablate_prophet_broad,prophet,frozen,broad,False,42,10,2025-03-17 01:00:00,2025-03-21 07:00:00,103,10.8,True,True,41.85621090684867,0.0,41.85621090684867,0.0,0.013765105002676137,0.0
ablate_prophet_broad,prophet,frozen,broad,False,42,10,2025-03-17 01:00:00,2025-03-21 08:00:00,104,11.66,True,True,38.212384095747865,0.0,38.212384095747865,0.0,0.013765105002676137,0.0
ablate_prophet_broad,prophet,frozen,broad,False,42,10,2025-03-17 01:00:00,2025-03-21 09:00:00,105,12.27,True,True,34.93182896375157,0.0,34.93182896375157,0.0,0.013765105002676137,0.0
ablate_prophet_broad,prophet,frozen,broad,False,42,10,2025-03-17 01:00:00,2025-03-21 10:00:00,106,14.8,True,True,35.490119109159394,0.0,35.490119109159394,0.0,0.013765105002676137,0.0
ablate_prophet_broad,prophet,frozen,broad,False,42,10,2025-03-17 01:00:00,2025-03-21 11:00:00,107,20.49,True,True,39.84194786110905,0.0,39.84194786110905,0.0,0.013765105002676137,0.0
ablate_prophet_broad,prophet,frozen,broad,False,42,10,2025-03-17 01:00:00,2025-03-21 12:00:00,108,26.74,True,True,45.90525384568073,0.0,45.90525384568073,0.0,0.013765105002676137,0.0
ablate_prophet_broad,prophet,frozen,broad,False,42,10,2025-03-17 01:00:00,2025-03-21 13:00:00,109,55.02,True,True,86.76010723828693,0.0,86.76010723828693,0.0,0.013765105002676137,0.0
ablate_prophet_broad,prophet,frozen,broad,False,42,10,2025-03-17 01:00:00,2025-03-21 14:00:00,110,100.48,True,True,142.54827864876705,0.0,142.54827864876705,0.0,0.013765105002676137,0.0
ablate_prophet_broad,prophet,frozen,broad,False,42,10,2025-03-17 01:00:00,2025-03-21 15:00:00,111,123.63,True,True,172.83807338742844,0.0,172.83807338742844,0.0,0.013765105002676137,0.0
ablate_prophet_broad,prophet,frozen,broad,False,42,10,2025-03-17 01:00:00,2025-03-21 16:00:00,112,110.11,True,True,159.714015496075,0.0,159.714015496075,0.0,0.013765105002676137,0.0
ablate_prophet_broad,prophet,frozen,broad,False,42,10,2025-03-17 01:00:00,2025-03-21 17:00:00,113,76.11,True,True,117.28298292590306,0.0,117.28298292590306,0.0,0.013765105002676137,0.0
ablate_prophet_broad,prophet,frozen,broad,False,42,10,2025-03-17 01:00:00,2025-03-21 18:00:00,114,50.2,True,True,82.21566740084307,0.0,82.21566740084307,0.0,0.013765105002676137,0.0
ablate_prophet_broad,prophet,frozen,broad,False,42,10,2025-03-17 01:00:00,2025-03-21 19:00:00,115,35.2,True,True,64.61979593398078,0.0,64.61979593398078,0.0,0.013765105002676137,0.0
ablate_prophet_broad,prophet,frozen,broad,False,42,10,2025-03-17 01:00:00,2025-03-21 20:00:00,116,32.61,True,True,68.43383154310968,0.0,68.43383154310968,0.0,0.013765105002676137,0.0
ablate_prophet_broad,prophet,frozen,broad,False,42,10,2025-03-17 01:00:00,2025-03-21 21:00:00,117,33.94,True,True,75.02017261809547,0.0,75.02017261809547,0.0,0.013765105002676137,0.0
ablate_prophet_broad,prophet,frozen,broad,False,42,10,2025-03-17 01:00:00,2025-03-21 22:00:00,118,37.62,True,True,79.52780620873389,0.0,79.52780620873389,0.0,0.013765105002676137,0.0
ablate_prophet_broad,prophet,frozen,broad,False,42,10,2025-03-17 01:00:00,2025-03-21 23:00:00,119,50.38,True,True,94.59571803013225,0.0,94.59571803013225,0.0,0.013765105002676137,0.0
ablate_prophet_broad,prophet,frozen,broad,False,42,10,2025-03-17 01:00:00,2025-03-22 00:00:00,120,57.67,True,True,101.39722716673958,0.0,101.39722716673958,0.0,0.013765105002676137,0.0
ablate_prophet_broad,prophet,frozen,broad,False,42,10,2025-03-17 01:00:00,2025-03-22 01:00:00,121,54.64,True,True,94.09045914435819,0.0,94.09045914435819,0.0,0.013765105002676137,0.0
ablate_prophet_broad,prophet,frozen,broad,False,42,10,2025-03-17 01:00:00,2025-03-22 02:00:00,122,49.73,True,True,84.74923643040907,0.0,84.74923643040907,0.0,0.013765105002676137,0.0
ablate_prophet_broad,prophet,frozen,broad,False,42,10,2025-03-17 01:00:00,2025-03-22 03:00:00,123,40.46,True,True,74.3092082460031,0.0,74.3092082460031,0.0,0.013765105002676137,0.0
ablate_prophet_broad,prophet,frozen,broad,False,42,10,2025-03-17 01:00:00,2025-03-22 04:00:00,124,29.47,True,True,71.32190121591864,0.0,71.32190121591864,0.0,0.013765105002676137,0.0
ablate_prophet_broad,prophet,frozen,broad,False,42,10,2025-03-17 01:00:00,2025-03-22 05:00:00,125,27.4,True,True,76.78164525642208,0.0,76.78164525642208,0.0,0.013765105002676137,0.0
ablate_prophet_broad,prophet,frozen,broad,False,42,10,2025-03-17 01:00:00,2025-03-22 06:00:00,126,26.35,True,True,76.02376000950679,0.0,76.02376000950679,0.0,0.013765105002676137,0.0
ablate_prophet_broad,prophet,frozen,broad,False,42,10,2025-03-17 01:00:00,2025-03-22 07:00:00,127,25.59,True,True,67.87405398592648,0.0,67.87405398592648,0.0,0.013765105002676137,0.0
ablate_prophet_broad,prophet,frozen,broad,False,42,10,2025-03-17 01:00:00,2025-03-22 08:00:00,128,24.99,True,True,58.580484150399684,0.0,58.580484150399684,0.0,0.013765105002676137,0.0
ablate_prophet_broad,prophet,frozen,broad,False,42,10,2025-03-17 01:00:00,2025-03-22 09:00:00,129,23.85,True,True,47.251886464646304,0.0,47.251886464646304,0.0,0.013765105002676137,0.0
ablate_prophet_broad,prophet,frozen,broad,False,42,10,2025-03-17 01:00:00,2025-03-22 10:00:00,130,25.71,True,True,43.09609353890991,0.0,43.09609353890991,0.0,0.013765105002676137,0.0
ablate_prophet_broad,prophet,frozen,broad,False,42,10,2025-03-17 01:00:00,2025-03-22 11:00:00,131,33.44,True,True,50.90198024080968,0.0,50.90198024080968,0.0,0.013765105002676137,0.0
ablate_prophet_broad,prophet,frozen,broad,False,42,10,2025-03-17 01:00:00,2025-03-22 12:00:00,132,41.52,True,True,57.9736054769638,0.0,57.9736054769638,0.0,0.013765105002676137,0.0
ablate_prophet_broad,prophet,frozen,broad,False,42,10,2025-03-17 01:00:00,2025-03-22 13:00:00,133,43.21,True,True,57.62336560080047,0.0,57.62336560080047,0.0,0.013765105002676137,0.0
ablate_prophet_broad,prophet,frozen,broad,False,42,10,2025-03-17 01:00:00,2025-03-22 14:00:00,134,37.36,True,True,48.80873359461924,0.0,48.80873359461924,0.0,0.013765105002676137,0.0
ablate_prophet_broad,prophet,frozen,broad,False,42,10,2025-03-17 01:00:00,2025-03-22 15:00:00,135,27.27,True,True,33.09125770350377,0.0,33.09125770350377,0.0,0.013765105002676137,0.0
ablate_prophet_broad,prophet,frozen,broad,False,42,10,2025-03-17 01:00:00,2025-03-22 16:00:00,136,19.07,True,True,23.873584045536006,0.0,23.873584045536006,0.0,0.013765105002676137,0.0
ablate_prophet_broad,prophet,frozen,broad,False,42,10,2025-03-17 01:00:00,2025-03-22 17:00:00,137,18.65,True,True,24.89912751361115,0.0,24.89912751361115,0.0,0.013765105002676137,0.0
ablate_prophet_broad,prophet,frozen,broad,False,42,10,2025-03-17 01:00:00,2025-03-22 18:00:00,138,19.15,True,True,27.406139470041268,0.0,27.406139470041268,0.0,0.013765105002676137,0.0
ablate_prophet_broad,prophet,frozen,broad,False,42,10,2025-03-17 01:00:00,2025-03-22 19:00:00,139,20.44,True,True,31.673413056354434,0.0,31.673413056354434,0.0,0.013765105002676137,0.0
ablate_prophet_broad,prophet,frozen,broad,False,42,10,2025-03-17 01:00:00,2025-03-22 20:00:00,140,23.09,True,True,36.97537589260128,0.0,36.97537589260128,0.0,0.013765105002676137,0.0
ablate_prophet_broad,prophet,frozen,broad,False,42,10,2025-03-17 01:00:00,2025-03-22 21:00:00,141,25.95,True,True,41.768567963752446,0.0,41.768567963752446,0.0,0.013765105002676137,0.0
ablate_prophet_broad,prophet,frozen,broad,False,42,10,2025-03-17 01:00:00,2025-03-22 22:00:00,142,30.06,True,True,46.61966687570501,0.0,46.61966687570501,0.0,0.013765105002676137,0.0
ablate_prophet_broad,prophet,frozen,broad,False,42,10,2025-03-17 01:00:00,2025-03-22 23:00:00,143,43.62,True,True,65.2493131541982,0.0,65.2493131541982,0.0,0.013765105002676137,0.0
ablate_prophet_broad,prophet,frozen,broad,False,42,10,2025-03-17 01:00:00,2025-03-23 00:00:00,144,66.71,True,True,87.79849804524541,0.0,87.79849804524541,0.0,0.013765105002676137,0.0
ablate_prophet_broad,prophet,frozen,broad,False,42,10,2025-03-17 01:00:00,2025-03-23 01:00:00,145,88.97,True,True,111.4943386629733,0.0,111.4943386629733,0.0,0.013765105002676137,0.0
ablate_prophet_broad,prophet,frozen,broad,False,42,10,2025-03-17 01:00:00,2025-03-23 02:00:00,146,106.82,True,True,131.51056242116653,0.0,131.51056242116653,0.0,0.013765105002676137,0.0
ablate_prophet_broad,prophet,frozen,broad,False,42,10,2025-03-17 01:00:00,2025-03-23 03:00:00,147,113.84,True,True,153.23118699219725,0.0,153.23118699219725,0.0,0.013765105002676137,0.0
ablate_prophet_broad,prophet,frozen,broad,False,42,10,2025-03-17 01:00:00,2025-03-23 04:00:00,148,75.39,True,True,173.43089811733003,0.0,173.43089811733003,0.0,0.013765105002676137,0.0
ablate_prophet_broad,prophet,frozen,broad,False,42,10,2025-03-17 01:00:00,2025-03-23 05:00:00,149,72.53,True,True,187.29711735886733,0.0,187.29711735886733,0.0,0.013765105002676137,0.0
ablate_prophet_broad,prophet,frozen,broad,False,42,10,2025-03-17 01:00:00,2025-03-23 06:00:00,150,71.86,True,True,184.4340590459292,0.0,184.4340590459292,0.0,0.013765105002676137,0.0
ablate_prophet_broad,prophet,frozen,broad,False,42,10,2025-03-17 01:00:00,2025-03-23 07:00:00,151,72.02,True,True,175.87891650858944,0.0,175.87891650858944,0.0,0.013765105002676137,0.0
ablate_prophet_broad,prophet,frozen,broad,False,42,10,2025-03-17 01:00:00,2025-03-23 08:00:00,152,72.96,True,True,165.165136419146,0.0,165.165136419146,0.0,0.013765105002676137,0.0
ablate_prophet_broad,prophet,frozen,broad,False,42,10,2025-03-17 01:00:00,2025-03-23 09:00:00,153,69.95,True,True,148.480976143218,0.0,148.480976143218,0.0,0.013765105002676137,0.0
ablate_prophet_broad,prophet,frozen,broad,False,42,10,2025-03-17 01:00:00,2025-03-23 10:00:00,154,82.91,True,True,157.30337499736075,0.0,157.30337499736075,0.0,0.013765105002676137,0.0
ablate_prophet_broad,prophet,frozen,broad,False,42,10,2025-03-17 01:00:00,2025-03-23 11:00:00,155,133.93,True,True,223.08289475448382,0.0,223.08289475448382,0.0,0.013765105002676137,0.0
ablate_prophet_broad,prophet,frozen,broad,False,42,10,2025-03-17 01:00:00,2025-03-23 12:00:00,156,197.12,True,True,301.27538774322915,0.0,301.27538774322915,0.0,0.013765105002676137,0.0
ablate_prophet_broad,prophet,frozen,broad,False,42,10,2025-03-17 01:00:00,2025-03-23 13:00:00,157,246.71,True,True,351.8113718642921,0.0,351.8113718642921,0.0,0.013765105002676137,0.0
ablate_prophet_broad,prophet,frozen,broad,False,42,10,2025-03-17 01:00:00,2025-03-23 14:00:00,158,281.62,True,True,379.74382128040554,0.0,379.74382128040554,0.0,0.013765105002676137,0.0
ablate_prophet_broad,prophet,frozen,broad,False,42,10,2025-03-17 01:00:00,2025-03-23 15:00:00,159,281.44,True,True,370.79980044829824,0.0,370.79980044829824,0.0,0.013765105002676137,0.0
ablate_prophet_broad,prophet,frozen,broad,False,42,10,2025-03-17 01:00:00,2025-03-23 16:00:00,160,233.89,True,True,314.1809885439385,0.0,314.1809885439385,0.0,0.013765105002676137,0.0
ablate_prophet_broad,prophet,frozen,broad,False,42,10,2025-03-17 01:00:00,2025-03-23 17:00:00,161,185.95,True,True,253.5716773647769,0.0,253.5716773647769,0.0,0.013765105002676137,0.0
ablate_prophet_broad,prophet,frozen,broad,False,42,10,2025-03-17 01:00:00,2025-03-23 18:00:00,162,160.92,True,True,224.7268586051208,0.0,224.7268586051208,0.0,0.013765105002676137,0.0
ablate_prophet_broad,prophet,frozen,broad,False,42,10,2025-03-17 01:00:00,2025-03-23 19:00:00,163,149.14,True,True,248.10122904814682,0.0,248.10122904814682,0.0,0.013765105002676137,0.0
ablate_prophet_broad,prophet,frozen,broad,False,42,10,2025-03-17 01:00:00,2025-03-23 20:00:00,164,128.14,True,True,208.20995696043363,0.0,208.20995696043363,0.0,0.013765105002676137,0.0
ablate_prophet_broad,prophet,frozen,broad,False,42,10,2025-03-17 01:00:00,2025-03-23 21:00:00,165,104.76,True,True,173.04160634729644,0.0,173.04160634729644,0.0,0.013765105002676137,0.0
ablate_prophet_broad,prophet,frozen,broad,False,42,10,2025-03-17 01:00:00,2025-03-23 22:00:00,166,63.46,True,True,113.84795693787669,0.0,113.84795693787669,0.0,0.013765105002676137,0.0
ablate_prophet_broad,prophet,frozen,broad,False,42,10,2025-03-17 01:00:00,2025-03-23 23:00:00,167,28.11,True,True,64.99862816619648,0.0,64.99862816619648,0.0,0.013765105002676137,0.0
ablate_prophet_broad,prophet,frozen,broad,False,42,10,2025-03-17 01:00:00,2025-03-24 00:00:00,168,14.75,True,True,45.103981484584125,0.0,45.103981484584125,0.0,0.013765105002676137,0.0
ablate_prophet_broad,prophet,frozen,broad,False,42,16,2025-04-28 01:00:00,2025-04-28 01:00:00,1,22.19,True,True,28.279720911099844,0.0,28.279720911099844,0.0,0.01408892899780767,0.0
ablate_prophet_broad,prophet,frozen,broad,False,42,16,2025-04-28 01:00:00,2025-04-28 02:00:00,2,26.54,True,True,28.00183145681075,0.0,28.00183145681075,0.0,0.01408892899780767,0.0
ablate_prophet_broad,prophet,frozen,broad,False,42,16,2025-04-28 01:00:00,2025-04-28 03:00:00,3,35.48,True,True,35.77115271703764,0.0,35.77115271703764,0.0,0.01408892899780767,0.0
ablate_prophet_broad,prophet,frozen,broad,False,42,16,2025-04-28 01:00:00,2025-04-28 04:00:00,4,30.33,True,True,31.350970832862828,0.0,31.350970832862828,0.0,0.01408892899780767,0.0
ablate_prophet_broad,prophet,frozen,broad,False,42,16,2025-04-28 01:00:00,2025-04-28 05:00:00,5,36.13,True,True,35.93454399534761,0.0,35.93454399534761,0.0,0.01408892899780767,0.0
ablate_prophet_broad,prophet,frozen,broad,False,42,16,2025-04-28 01:00:00,2025-04-28 06:00:00,6,47.26,True,True,41.03848824899265,0.0,41.03848824899265,0.0,0.01408892899780767,0.0
ablate_prophet_broad,prophet,frozen,broad,False,42,16,2025-04-28 01:00:00,2025-04-28 07:00:00,7,58.62,True,True,45.25292136142926,0.0,45.25292136142926,0.0,0.01408892899780767,0.0
ablate_prophet_broad,prophet,frozen,broad,False,42,16,2025-04-28 01:00:00,2025-04-28 08:00:00,8,67.43,True,True,47.968286147869264,0.0,47.968286147869264,0.0,0.01408892899780767,0.0
ablate_prophet_broad,prophet,frozen,broad,False,42,16,2025-04-28 01:00:00,2025-04-28 09:00:00,9,72.08,True,True,46.990300590435425,0.0,46.990300590435425,0.0,0.01408892899780767,0.0
ablate_prophet_broad,prophet,frozen,broad,False,42,16,2025-04-28 01:00:00,2025-04-28 10:00:00,10,74.14,True,True,43.48441122255028,0.0,43.48441122255028,0.0,0.01408892899780767,0.0
ablate_prophet_broad,prophet,frozen,broad,False,42,16,2025-04-28 01:00:00,2025-04-28 11:00:00,11,75.93,True,True,39.7757947239557,0.0,39.7757947239557,0.0,0.01408892899780767,0.0
ablate_prophet_broad,prophet,frozen,broad,False,42,16,2025-04-28 01:00:00,2025-04-28 12:00:00,12,76.86,True,True,39.14136610563409,0.0,39.14136610563409,0.0,0.01408892899780767,0.0
ablate_prophet_broad,prophet,frozen,broad,False,42,16,2025-04-28 01:00:00,2025-04-28 13:00:00,13,76.48,True,True,37.689132541209915,0.0,37.689132541209915,0.0,0.01408892899780767,0.0
ablate_prophet_broad,prophet,frozen,broad,False,42,16,2025-04-28 01:00:00,2025-04-28 14:00:00,14,76.49,True,True,40.89641178878972,0.0,40.89641178878972,0.0,0.01408892899780767,0.0
ablate_prophet_broad,prophet,frozen,broad,False,42,16,2025-04-28 01:00:00,2025-04-28 15:00:00,15,74.55,True,True,44.93895873089508,0.0,44.93895873089508,0.0,0.01408892899780767,0.0
ablate_prophet_broad,prophet,frozen,broad,False,42,16,2025-04-28 01:00:00,2025-04-28 16:00:00,16,67.96,True,True,45.78748040756838,0.0,45.78748040756838,0.0,0.01408892899780767,0.0
ablate_prophet_broad,prophet,frozen,broad,False,42,16,2025-04-28 01:00:00,2025-04-28 17:00:00,17,60.95,True,True,45.29932906661202,0.0,45.29932906661202,0.0,0.01408892899780767,0.0
ablate_prophet_broad,prophet,frozen,broad,False,42,16,2025-04-28 01:00:00,2025-04-28 18:00:00,18,56.13,True,True,45.193740050062644,0.0,45.193740050062644,0.0,0.01408892899780767,0.0
ablate_prophet_broad,prophet,frozen,broad,False,42,16,2025-04-28 01:00:00,2025-04-28 19:00:00,19,54.39,True,True,46.83248429429602,0.0,46.83248429429602,0.0,0.01408892899780767,0.0
ablate_prophet_broad,prophet,frozen,broad,False,42,16,2025-04-28 01:00:00,2025-04-28 20:00:00,20,55.22,True,True,50.08995677940089,0.0,50.08995677940089,0.0,0.01408892899780767,0.0
ablate_prophet_broad,prophet,frozen,broad,False,42,16,2025-04-28 01:00:00,2025-04-28 21:00:00,21,57.62,True,True,53.452811082361734,0.0,53.452811082361734,0.0,0.01408892899780767,0.0
ablate_prophet_broad,prophet,frozen,broad,False,42,16,2025-04-28 01:00:00,2025-04-28 22:00:00,22,60.3,True,True,55.47456396254219,0.0,55.47456396254219,0.0,0.01408892899780767,0.0
ablate_prophet_broad,prophet,frozen,broad,False,42,16,2025-04-28 01:00:00,2025-04-28 23:00:00,23,62.71,True,True,57.029712624556055,0.0,57.029712624556055,0.0,0.01408892899780767,0.0
ablate_prophet_broad,prophet,frozen,broad,False,42,16,2025-04-28 01:00:00,2025-04-29 00:00:00,24,64.32,True,True,58.90992344397543,0.0,58.90992344397543,0.0,0.01408892899780767,0.0
ablate_prophet_broad,prophet,frozen,broad,False,42,16,2025-04-28 01:00:00,2025-04-29 01:00:00,25,64.31,True,True,58.4805542532678,0.0,58.4805542532678,0.0,0.01408892899780767,0.0
ablate_prophet_broad,prophet,frozen,broad,False,42,16,2025-04-28 01:00:00,2025-04-29 02:00:00,26,65.02,True,True,59.23689769622419,0.0,59.23689769622419,0.0,0.01408892899780767,0.0
ablate_prophet_broad,prophet,frozen,broad,False,42,16,2025-04-28 01:00:00,2025-04-29 03:00:00,27,67.37,True,True,61.2360304044621,0.0,61.2360304044621,0.0,0.01408892899780767,0.0
ablate_prophet_broad,prophet,frozen,broad,False,42,16,2025-04-28 01:00:00,2025-04-29 04:00:00,28,55.43,True,True,53.161082771075655,0.0,53.161082771075655,0.0,0.01408892899780767,0.0
ablate_prophet_broad,prophet,frozen,broad,False,42,16,2025-04-28 01:00:00,2025-04-29 05:00:00,29,35.4,True,True,43.81014719049131,0.0,43.81014719049131,0.0,0.01408892899780767,0.0
ablate_prophet_broad,prophet,frozen,broad,False,42,16,2025-04-28 01:00:00,2025-04-29 06:00:00,30,23.89,True,True,32.3197243247709,0.0,32.3197243247709,0.0,0.01408892899780767,0.0
ablate_prophet_broad,prophet,frozen,broad,False,42,16,2025-04-28 01:00:00,2025-04-29 07:00:00,31,17.38,True,True,22.27488156560807,0.0,22.27488156560807,0.0,0.01408892899780767,0.0
ablate_prophet_broad,prophet,frozen,broad,False,42,16,2025-04-28 01:00:00,2025-04-29 08:00:00,32,16.68,True,True,17.752486204402885,0.0,17.752486204402885,0.0,0.01408892899780767,0.0
ablate_prophet_broad,prophet,frozen,broad,False,42,16,2025-04-28 01:00:00,2025-04-29 09:00:00,33,16.48,True,True,-3.5349595767342805,0.0,-3.5349595767342805,0.0,0.01408892899780767,0.0
ablate_prophet_broad,prophet,frozen,broad,False,42,16,2025-04-28 01:00:00,2025-04-29 10:00:00,34,16.57,True,True,-4.687927091986808,0.0,-4.687927091986808,0.0,0.01408892899780767,0.0
ablate_prophet_broad,prophet,frozen,broad,False,42,16,2025-04-28 01:00:00,2025-04-29 11:00:00,35,17.29,True,True,-5.176930340056288,0.0,-5.176930340056288,0.0,0.01408892899780767,0.0
ablate_prophet_broad,prophet,frozen,broad,False,42,16,2025-04-28 01:00:00,2025-04-29 12:00:00,36,18.41,True,True,-4.40906657780954,0.0,-4.40906657780954,0.0,0.01408892899780767,0.0
ablate_prophet_broad,prophet,frozen,broad,False,42,16,2025-04-28 01:00:00,2025-04-29 13:00:00,37,19.63,True,True,4.847178449388338,0.0,4.847178449388338,0.0,0.01408892899780767,0.0
ablate_prophet_broad,prophet,frozen,broad,False,42,16,2025-04-28 01:00:00,2025-04-29 14:00:00,38,21.47,True,True,7.652314821471663,0.0,7.652314821471663,0.0,0.01408892899780767,0.0
ablate_prophet_broad,prophet,frozen,broad,False,42,16,2025-04-28 01:00:00,2025-04-29 15:00:00,39,23.16,True,True,16.744352943094015,0.0,16.744352943094015,0.0,0.01408892899780767,0.0
ablate_prophet_broad,prophet,frozen,broad,False,42,16,2025-04-28 01:00:00,2025-04-29 16:00:00,40,24.08,True,True,20.22460091107328,0.0,20.22460091107328,0.0,0.01408892899780767,0.0
ablate_prophet_broad,prophet,frozen,broad,False,42,16,2025-04-28 01:00:00,2025-04-29 17:00:00,41,25.21,True,True,21.398602373529258,0.0,21.398602373529258,0.0,0.01408892899780767,0.0
ablate_prophet_broad,prophet,frozen,broad,False,42,16,2025-04-28 01:00:00,2025-04-29 18:00:00,42,26.58,True,True,22.478979583442765,0.0,22.478979583442765,0.0,0.01408892899780767,0.0
ablate_prophet_broad,prophet,frozen,broad,False,42,16,2025-04-28 01:00:00,2025-04-29 19:00:00,43,28.12,True,True,27.16206264931867,0.0,27.16206264931867,0.0,0.01408892899780767,0.0
ablate_prophet_broad,prophet,frozen,broad,False,42,16,2025-04-28 01:00:00,2025-04-29 20:00:00,44,30.63,True,True,33.532661665075864,0.0,33.532661665075864,0.0,0.01408892899780767,0.0
ablate_prophet_broad,prophet,frozen,broad,False,42,16,2025-04-28 01:00:00,2025-04-29 21:00:00,45,34.63,True,True,39.65376578172345,0.0,39.65376578172345,0.0,0.01408892899780767,0.0
ablate_prophet_broad,prophet,frozen,broad,False,42,16,2025-04-28 01:00:00,2025-04-29 22:00:00,46,44.43,True,True,48.78557695412769,0.0,48.78557695412769,0.0,0.01408892899780767,0.0
ablate_prophet_broad,prophet,frozen,broad,False,42,16,2025-04-28 01:00:00,2025-04-29 23:00:00,47,50.92,True,True,52.369086596837974,0.0,52.369086596837974,0.0,0.01408892899780767,0.0
ablate_prophet_broad,prophet,frozen,broad,False,42,16,2025-04-28 01:00:00,2025-04-30 00:00:00,48,54.0,True,True,50.40066601735515,0.0,50.40066601735515,0.0,0.01408892899780767,0.0
ablate_prophet_broad,prophet,frozen,broad,False,42,16,2025-04-28 01:00:00,2025-04-30 01:00:00,49,58.78,True,True,51.41604148035702,0.0,51.41604148035702,0.0,0.01408892899780767,0.0
ablate_prophet_broad,prophet,frozen,broad,False,42,16,2025-04-28 01:00:00,2025-04-30 02:00:00,50,59.43,True,True,46.56216339687029,0.0,46.56216339687029,0.0,0.01408892899780767,0.0
ablate_prophet_broad,prophet,frozen,broad,False,42,16,2025-04-28 01:00:00,2025-04-30 03:00:00,51,59.05,True,True,43.44816454986753,0.0,43.44816454986753,0.0,0.01408892899780767,0.0
ablate_prophet_broad,prophet,frozen,broad,False,42,16,2025-04-28 01:00:00,2025-04-30 04:00:00,52,44.67,True,True,39.62411702230253,0.0,39.62411702230253,0.0,0.01408892899780767,0.0
ablate_prophet_broad,prophet,frozen,broad,False,42,16,2025-04-28 01:00:00,2025-04-30 05:00:00,53,41.78,True,True,50.72212967404192,0.0,50.72212967404192,0.0,0.01408892899780767,0.0
ablate_prophet_broad,prophet,frozen,broad,False,42,16,2025-04-28 01:00:00,2025-04-30 06:00:00,54,41.48,True,True,67.68287624265952,0.0,67.68287624265952,0.0,0.01408892899780767,0.0
ablate_prophet_broad,prophet,frozen,broad,False,42,16,2025-04-28 01:00:00,2025-04-30 07:00:00,55,38.05,True,True,65.9329470296926,0.0,65.9329470296926,0.0,0.01408892899780767,0.0
ablate_prophet_broad,prophet,frozen,broad,False,42,16,2025-04-28 01:00:00,2025-04-30 08:00:00,56,31.35,True,True,47.60163873917088,0.0,47.60163873917088,0.0,0.01408892899780767,0.0
ablate_prophet_broad,prophet,frozen,broad,False,42,16,2025-04-28 01:00:00,2025-04-30 09:00:00,57,22.48,True,True,27.259801924216248,0.0,27.259801924216248,0.0,0.01408892899780767,0.0
ablate_prophet_broad,prophet,frozen,broad,False,42,16,2025-04-28 01:00:00,2025-04-30 10:00:00,58,16.3,True,True,10.371470468548779,0.0,10.371470468548779,0.0,0.01408892899780767,0.0
ablate_prophet_broad,prophet,frozen,broad,False,42,16,2025-04-28 01:00:00,2025-04-30 11:00:00,59,15.64,True,True,8.884331259019717,0.0,8.884331259019717,0.0,0.01408892899780767,0.0
ablate_prophet_broad,prophet,frozen,broad,False,42,16,2025-04-28 01:00:00,2025-04-30 12:00:00,60,17.16,True,True,13.693907446055675,0.0,13.693907446055675,0.0,0.01408892899780767,0.0
ablate_prophet_broad,prophet,frozen,broad,False,42,16,2025-04-28 01:00:00,2025-04-30 13:00:00,61,19.88,True,True,19.201860898864055,0.0,19.201860898864055,0.0,0.01408892899780767,0.0
ablate_prophet_broad,prophet,frozen,broad,False,42,16,2025-04-28 01:00:00,2025-04-30 14:00:00,62,22.64,True,True,12.928023518511282,0.0,12.928023518511282,0.0,0.01408892899780767,0.0
ablate_prophet_broad,prophet,frozen,broad,False,42,16,2025-04-28 01:00:00,2025-04-30 15:00:00,63,24.2,True,True,9.867881328584133,0.0,9.867881328584133,0.0,0.01408892899780767,0.0
ablate_prophet_broad,prophet,frozen,broad,False,42,16,2025-04-28 01:00:00,2025-04-30 16:00:00,64,23.42,True,True,7.423172493510748,0.0,7.423172493510748,0.0,0.01408892899780767,0.0
ablate_prophet_broad,prophet,frozen,broad,False,42,16,2025-04-28 01:00:00,2025-04-30 17:00:00,65,22.61,True,True,8.899393751080652,0.0,8.899393751080652,0.0,0.01408892899780767,0.0
ablate_prophet_broad,prophet,frozen,broad,False,42,16,2025-04-28 01:00:00,2025-04-30 18:00:00,66,22.06,True,True,7.750303923679155,0.0,7.750303923679155,0.0,0.01408892899780767,0.0
ablate_prophet_broad,prophet,frozen,broad,False,42,16,2025-04-28 01:00:00,2025-04-30 19:00:00,67,21.33,True,True,8.359566402209538,0.0,8.359566402209538,0.0,0.01408892899780767,0.0
ablate_prophet_broad,prophet,frozen,broad,False,42,16,2025-04-28 01:00:00,2025-04-30 20:00:00,68,20.74,True,True,10.005554467720742,0.0,10.005554467720742,0.0,0.01408892899780767,0.0
ablate_prophet_broad,prophet,frozen,broad,False,42,16,2025-04-28 01:00:00,2025-04-30 21:00:00,69,20.1,True,True,10.4341912319519,0.0,10.4341912319519,0.0,0.01408892899780767,0.0
ablate_prophet_broad,prophet,frozen,broad,False,42,16,2025-04-28 01:00:00,2025-04-30 22:00:00,70,18.95,True,True,9.177378425566673,0.0,9.177378425566673,0.0,0.01408892899780767,0.0
ablate_prophet_broad,prophet,frozen,broad,False,42,16,2025-04-28 01:00:00,2025-04-30 23:00:00,71,18.27,True,True,8.660289832805546,0.0,8.660289832805546,0.0,0.01408892899780767,0.0
ablate_prophet_broad,prophet,frozen,broad,False,42,16,2025-04-28 01:00:00,2025-05-01 00:00:00,72,18.18,True,True,7.8752360694292065,0.0,7.8752360694292065,0.0,0.01408892899780767,0.0
ablate_prophet_broad,prophet,frozen,broad,False,42,16,2025-04-28 01:00:00,2025-05-01 01:00:00,73,15.54,True,True,16.6246602895869,0.0,16.6246602895869,0.0,0.01408892899780767,0.0
ablate_prophet_broad,prophet,frozen,broad,False,42,16,2025-04-28 01:00:00,2025-05-01 02:00:00,74,16.06,True,True,20.325525035498032,0.0,20.325525035498032,0.0,0.01408892899780767,0.0
ablate_prophet_broad,prophet,frozen,broad,False,42,16,2025-04-28 01:00:00,2025-05-01 03:00:00,75,17.33,True,True,25.03712224789058,0.0,25.03712224789058,0.0,0.01408892899780767,0.0
ablate_prophet_broad,prophet,frozen,broad,False,42,16,2025-04-28 01:00:00,2025-05-01 04:00:00,76,14.04,True,True,24.69558835664833,0.0,24.69558835664833,0.0,0.01408892899780767,0.0
ablate_prophet_broad,prophet,frozen,broad,False,42,16,2025-04-28 01:00:00,2025-05-01 05:00:00,77,14.73,True,True,25.375350224811086,0.0,25.375350224811086,0.0,0.01408892899780767,0.0
ablate_prophet_broad,prophet,frozen,broad,False,42,16,2025-04-28 01:00:00,2025-05-01 06:00:00,78,16.17,True,True,24.666994029559504,0.0,24.666994029559504,0.0,0.01408892899780767,0.0
ablate_prophet_broad,prophet,frozen,broad,False,42,16,2025-04-28 01:00:00,2025-05-01 07:00:00,79,17.55,True,True,22.410252923264636,0.0,22.410252923264636,0.0,0.01408892899780767,0.0
ablate_prophet_broad,prophet,frozen,broad,False,42,16,2025-04-28 01:00:00,2025-05-01 08:00:00,80,18.82,True,True,18.75508565843853,0.0,18.75508565843853,0.0,0.01408892899780767,0.0
ablate_prophet_broad,prophet,frozen,broad,False,42,16,2025-04-28 01:00:00,2025-05-01 09:00:00,81,19.62,True,True,15.082332093241519,0.0,15.082332093241519,0.0,0.01408892899780767,0.0
ablate_prophet_broad,prophet,frozen,broad,False,42,16,2025-04-28 01:00:00,2025-05-01 10:00:00,82,20.58,True,True,11.25981708207891,0.0,11.25981708207891,0.0,0.01408892899780767,0.0
ablate_prophet_broad,prophet,frozen,broad,False,42,16,2025-04-28 01:00:00,2025-05-01 11:00:00,83,21.79,True,True,6.935308185212165,0.0,6.935308185212165,0.0,0.01408892899780767,0.0
ablate_prophet_broad,prophet,frozen,broad,False,42,16,2025-04-28 01:00:00,2025-05-01 12:00:00,84,22.77,True,True,6.244802167472784,0.0,6.244802167472784,0.0,0.01408892899780767,0.0
ablate_prophet_broad,prophet,frozen,broad,False,42,16,2025-04-28 01:00:00,2025-05-01 13:00:00,85,23.46,True,True,15.58676794040673,0.0,15.58676794040673,0.0,0.01408892899780767,0.0
ablate_prophet_broad,prophet,frozen,broad,False,42,16,2025-04-28 01:00:00,2025-05-01 14:00:00,86,24.92,True,True,18.81926429163093,0.0,18.81926429163093,0.0,0.01408892899780767,0.0
ablate_prophet_broad,prophet,frozen,broad,False,42,16,2025-04-28 01:00:00,2025-05-01 15:00:00,87,27.03,True,True,23.20960501275428,0.0,23.20960501275428,0.0,0.01408892899780767,0.0
ablate_prophet_broad,prophet,frozen,broad,False,42,16,2025-04-28 01:00:00,2025-05-01 16:00:00,88,28.78,True,True,26.110130362744457,0.0,26.110130362744457,0.0,0.01408892899780767,0.0
ablate_prophet_broad,prophet,frozen,broad,False,42,16,2025-04-28 01:00:00,2025-05-01 17:00:00,89,31.18,True,True,31.50884067318509,0.0,31.50884067318509,0.0,0.01408892899780767,0.0
ablate_prophet_broad,prophet,frozen,broad,False,42,16,2025-04-28 01:00:00,2025-05-01 18:00:00,90,34.31,True,True,36.35649529725123,0.0,36.35649529725123,0.0,0.01408892899780767,0.0
ablate_prophet_broad,prophet,frozen,broad,False,42,16,2025-04-28 01:00:00,2025-05-01 19:00:00,91,37.34,True,True,39.71736418238572,0.0,39.71736418238572,0.0,0.01408892899780767,0.0
ablate_prophet_broad,prophet,frozen,broad,False,42,16,2025-04-28 01:00:00,2025-05-01 20:00:00,92,40.61,True,True,41.30558728183016,0.0,41.30558728183016,0.0,0.01408892899780767,0.0
ablate_prophet_broad,prophet,frozen,broad,False,42,16,2025-04-28 01:00:00,2025-05-01 21:00:00,93,43.76,True,True,41.52126023276901,0.0,41.52126023276901,0.0,0.01408892899780767,0.0
ablate_prophet_broad,prophet,frozen,broad,False,42,16,2025-04-28 01:00:00,2025-05-01 22:00:00,94,45.48,True,True,43.071002559080085,0.0,43.071002559080085,0.0,0.01408892899780767,0.0
ablate_prophet_broad,prophet,frozen,broad,False,42,16,2025-04-28 01:00:00,2025-05-01 23:00:00,95,46.39,True,True,43.64012968976684,0.0,43.64012968976684,0.0,0.01408892899780767,0.0
ablate_prophet_broad,prophet,frozen,broad,False,42,16,2025-04-28 01:00:00,2025-05-02 00:00:00,96,46.55,True,True,42.85013433956246,0.0,42.85013433956246,0.0,0.01408892899780767,0.0
ablate_prophet_broad,prophet,frozen,broad,False,42,16,2025-04-28 01:00:00,2025-05-02 01:00:00,97,46.72,True,True,40.924836941313686,0.0,40.924836941313686,0.0,0.01408892899780767,0.0
ablate_prophet_broad,prophet,frozen,broad,False,42,16,2025-04-28 01:00:00,2025-05-02 02:00:00,98,0.0,True,True,12.052166887120052,0.0,12.052166887120052,0.0,0.01408892899780767,0.0
ablate_prophet_broad,prophet,frozen,broad,False,42,16,2025-04-28 01:00:00,2025-05-02 03:00:00,99,48.42,True,True,35.886774354931674,0.0,35.886774354931674,0.0,0.01408892899780767,0.0
ablate_prophet_broad,prophet,frozen,broad,False,42,16,2025-04-28 01:00:00,2025-05-02 04:00:00,100,51.74,True,True,35.36793386905424,0.0,35.36793386905424,0.0,0.01408892899780767,0.0
ablate_prophet_broad,prophet,frozen,broad,False,42,16,2025-04-28 01:00:00,2025-05-02 05:00:00,101,49.36,True,True,40.47252089211631,0.0,40.47252089211631,0.0,0.01408892899780767,0.0
ablate_prophet_broad,prophet,frozen,broad,False,42,16,2025-04-28 01:00:00,2025-05-02 06:00:00,102,48.76,True,True,41.830876035526416,0.0,41.830876035526416,0.0,0.01408892899780767,0.0
ablate_prophet_broad,prophet,frozen,broad,False,42,16,2025-04-28 01:00:00,2025-05-02 07:00:00,103,47.14,True,True,41.443320195043185,0.0,41.443320195043185,0.0,0.01408892899780767,0.0
ablate_prophet_broad,prophet,frozen,broad,False,42,16,2025-04-28 01:00:00,2025-05-02 08:00:00,104,44.02,True,True,38.18587308253083,0.0,38.18587308253083,0.0,0.01408892899780767,0.0
ablate_prophet_broad,prophet,frozen,broad,False,42,16,2025-04-28 01:00:00,2025-05-02 09:00:00,105,39.1,True,True,30.514962480913425,0.0,30.514962480913425,0.0,0.01408892899780767,0.0
ablate_prophet_broad,prophet,frozen,broad,False,42,16,2025-04-28 01:00:00,2025-05-02 10:00:00,106,32.99,True,True,22.757141317610063,0.0,22.757141317610063,0.0,0.01408892899780767,0.0
ablate_prophet_broad,prophet,frozen,broad,False,42,16,2025-04-28 01:00:00,2025-05-02 11:00:00,107,28.2,True,True,17.467744538158257,0.0,17.467744538158257,0.0,0.01408892899780767,0.0
ablate_prophet_broad,prophet,frozen,broad,False,42,16,2025-04-28 01:00:00,2025-05-02 12:00:00,108,24.65,True,True,13.892676436709706,0.0,13.892676436709706,0.0,0.01408892899780767,0.0
ablate_prophet_broad,prophet,frozen,broad,False,42,16,2025-04-28 01:00:00,2025-05-02 13:00:00,109,24.45,True,True,14.263260753298198,0.0,14.263260753298198,0.0,0.01408892899780767,0.0
ablate_prophet_broad,prophet,frozen,broad,False,42,16,2025-04-28 01:00:00,2025-05-02 14:00:00,110,27.36,True,True,16.21957410516245,0.0,16.21957410516245,0.0,0.01408892899780767,0.0
ablate_prophet_broad,prophet,frozen,broad,False,42,16,2025-04-28 01:00:00,2025-05-02 15:00:00,111,30.12,True,True,16.846502396079302,0.0,16.846502396079302,0.0,0.01408892899780767,0.0
ablate_prophet_broad,prophet,frozen,broad,False,42,16,2025-04-28 01:00:00,2025-05-02 16:00:00,112,30.93,True,True,14.993664230291529,0.0,14.993664230291529,0.0,0.01408892899780767,0.0
ablate_prophet_broad,prophet,frozen,broad,False,42,16,2025-04-28 01:00:00,2025-05-02 17:00:00,113,30.3,True,True,12.911717194653988,0.0,12.911717194653988,0.0,0.01408892899780767,0.0
ablate_prophet_broad,prophet,frozen,broad,False,42,16,2025-04-28 01:00:00,2025-05-02 18:00:00,114,27.63,True,True,9.608359606976421,0.0,9.608359606976421,0.0,0.01408892899780767,0.0
ablate_prophet_broad,prophet,frozen,broad,False,42,16,2025-04-28 01:00:00,2025-05-02 19:00:00,115,17.99,True,True,2.0985557165294324,0.0,2.0985557165294324,0.0,0.01408892899780767,0.0
ablate_prophet_broad,prophet,frozen,broad,False,42,16,2025-04-28 01:00:00,2025-05-02 20:00:00,116,11.01,True,True,-2.1339387047689797,0.0,-2.1339387047689797,0.0,0.01408892899780767,0.0
ablate_prophet_broad,prophet,frozen,broad,False,42,16,2025-04-28 01:00:00,2025-05-02 21:00:00,117,6.61,True,True,-4.972178934416291,0.0,-4.972178934416291,0.0,0.01408892899780767,0.0
ablate_prophet_broad,prophet,frozen,broad,False,42,16,2025-04-28 01:00:00,2025-05-02 22:00:00,118,3.89,True,True,-8.43691277627346,0.0,-8.43691277627346,0.0,0.01408892899780767,0.0
ablate_prophet_broad,prophet,frozen,broad,False,42,16,2025-04-28 01:00:00,2025-05-02 23:00:00,119,2.54,True,True,-13.384176438596484,0.0,-13.384176438596484,0.0,0.01408892899780767,0.0
ablate_prophet_broad,prophet,frozen,broad,False,42,16,2025-04-28 01:00:00,2025-05-03 00:00:00,120,2.17,True,True,-18.48093700228523,0.0,-18.48093700228523,0.0,0.01408892899780767,0.0
ablate_prophet_broad,prophet,frozen,broad,False,42,16,2025-04-28 01:00:00,2025-05-03 01:00:00,121,2.0,True,True,-24.259403177469125,0.0,-24.259403177469125,0.0,0.01408892899780767,0.0
ablate_prophet_broad,prophet,frozen,broad,False,42,16,2025-04-28 01:00:00,2025-05-03 02:00:00,122,2.24,True,True,-25.065749074597846,0.0,-25.065749074597846,0.0,0.01408892899780767,0.0
ablate_prophet_broad,prophet,frozen,broad,False,42,16,2025-04-28 01:00:00,2025-05-03 03:00:00,123,2.62,True,True,-21.64820859734536,0.0,-21.64820859734536,0.0,0.01408892899780767,0.0
ablate_prophet_broad,prophet,frozen,broad,False,42,16,2025-04-28 01:00:00,2025-05-03 04:00:00,124,2.58,True,True,-19.79903762575279,0.0,-19.79903762575279,0.0,0.01408892899780767,0.0
ablate_prophet_broad,prophet,frozen,broad,False,42,16,2025-04-28 01:00:00,2025-05-03 05:00:00,125,2.88,True,True,-19.354811653283832,0.0,-19.354811653283832,0.0,0.01408892899780767,0.0
ablate_prophet_broad,prophet,frozen,broad,False,42,16,2025-04-28 01:00:00,2025-05-03 06:00:00,126,3.4,True,True,-19.345415207287203,0.0,-19.345415207287203,0.0,0.01408892899780767,0.0
ablate_prophet_broad,prophet,frozen,broad,False,42,16,2025-04-28 01:00:00,2025-05-03 07:00:00,127,4.03,True,True,-22.008715859144104,0.0,-22.008715859144104,0.0,0.01408892899780767,0.0
ablate_prophet_broad,prophet,frozen,broad,False,42,16,2025-04-28 01:00:00,2025-05-03 08:00:00,128,4.63,True,True,-27.770474135761646,0.0,-27.770474135761646,0.0,0.01408892899780767,0.0
ablate_prophet_broad,prophet,frozen,broad,False,42,16,2025-04-28 01:00:00,2025-05-03 09:00:00,129,5.09,True,True,-30.53491622512135,0.0,-30.53491622512135,0.0,0.01408892899780767,0.0
ablate_prophet_broad,prophet,frozen,broad,False,42,16,2025-04-28 01:00:00,2025-05-03 10:00:00,130,5.84,True,True,-34.740739643805625,0.0,-34.740739643805625,0.0,0.01408892899780767,0.0
ablate_prophet_broad,prophet,frozen,broad,False,42,16,2025-04-28 01:00:00,2025-05-03 11:00:00,131,6.81,True,True,-36.75263375833964,0.0,-36.75263375833964,0.0,0.01408892899780767,0.0
ablate_prophet_broad,prophet,frozen,broad,False,42,16,2025-04-28 01:00:00,2025-05-03 12:00:00,132,7.64,True,True,-37.64885335447315,0.0,-37.64885335447315,0.0,0.01408892899780767,0.0
ablate_prophet_broad,prophet,frozen,broad,False,42,16,2025-04-28 01:00:00,2025-05-03 13:00:00,133,8.22,True,True,-21.790346390948145,0.0,-21.790346390948145,0.0,0.01408892899780767,0.0
ablate_prophet_broad,prophet,frozen,broad,False,42,16,2025-04-28 01:00:00,2025-05-03 14:00:00,134,8.82,True,True,-17.14677250955279,0.0,-17.14677250955279,0.0,0.01408892899780767,0.0
ablate_prophet_broad,prophet,frozen,broad,False,42,16,2025-04-28 01:00:00,2025-05-03 15:00:00,135,9.35,True,True,-13.077509225669132,0.0,-13.077509225669132,0.0,0.01408892899780767,0.0
ablate_prophet_broad,prophet,frozen,broad,False,42,16,2025-04-28 01:00:00,2025-05-03 16:00:00,136,10.24,True,True,-8.537264821969984,0.0,-8.537264821969984,0.0,0.01408892899780767,0.0
ablate_prophet_broad,prophet,frozen,broad,False,42,16,2025-04-28 01:00:00,2025-05-03 17:00:00,137,11.59,True,True,-2.817721104884896,0.0,-2.817721104884896,0.0,0.01408892899780767,0.0
ablate_prophet_broad,prophet,frozen,broad,False,42,16,2025-04-28 01:00:00,2025-05-03 18:00:00,138,13.29,True,True,2.2581966751932327,0.0,2.2581966751932327,0.0,0.01408892899780767,0.0
ablate_prophet_broad,prophet,frozen,broad,False,42,16,2025-04-28 01:00:00,2025-05-03 19:00:00,139,15.0,True,True,6.468782325563694,0.0,6.468782325563694,0.0,0.01408892899780767,0.0
ablate_prophet_broad,prophet,frozen,broad,False,42,16,2025-04-28 01:00:00,2025-05-03 20:00:00,140,16.66,True,True,10.121900359322979,0.0,10.121900359322979,0.0,0.01408892899780767,0.0
ablate_prophet_broad,prophet,frozen,broad,False,42,16,2025-04-28 01:00:00,2025-05-03 21:00:00,141,18.3,True,True,13.337421816045094,0.0,13.337421816045094,0.0,0.01408892899780767,0.0
ablate_prophet_broad,prophet,frozen,broad,False,42,16,2025-04-28 01:00:00,2025-05-03 22:00:00,142,19.67,True,True,14.047019545588455,0.0,14.047019545588455,0.0,0.01408892899780767,0.0
ablate_prophet_broad,prophet,frozen,broad,False,42,16,2025-04-28 01:00:00,2025-05-03 23:00:00,143,21.67,True,True,13.258672936756767,0.0,13.258672936756767,0.0,0.01408892899780767,0.0
ablate_prophet_broad,prophet,frozen,broad,False,42,16,2025-04-28 01:00:00,2025-05-04 00:00:00,144,24.7,True,True,9.082079301090573,0.0,9.082079301090573,0.0,0.01408892899780767,0.0
ablate_prophet_broad,prophet,frozen,broad,False,42,16,2025-04-28 01:00:00,2025-05-04 01:00:00,145,29.81,True,True,6.492783352080011,0.0,6.492783352080011,0.0,0.01408892899780767,0.0
ablate_prophet_broad,prophet,frozen,broad,False,42,16,2025-04-28 01:00:00,2025-05-04 02:00:00,146,33.82,True,True,4.166564780360488,0.0,4.166564780360488,0.0,0.01408892899780767,0.0
ablate_prophet_broad,prophet,frozen,broad,False,42,16,2025-04-28 01:00:00,2025-05-04 03:00:00,147,39.67,True,True,6.826419276601996,0.0,6.826419276601996,0.0,0.01408892899780767,0.0
ablate_prophet_broad,prophet,frozen,broad,False,42,16,2025-04-28 01:00:00,2025-05-04 04:00:00,148,37.33,True,True,7.0849461846597706,0.0,7.0849461846597706,0.0,0.01408892899780767,0.0
ablate_prophet_broad,prophet,frozen,broad,False,42,16,2025-04-28 01:00:00,2025-05-04 05:00:00,149,33.02,True,True,5.886912715516814,0.0,5.886912715516814,0.0,0.01408892899780767,0.0
ablate_prophet_broad,prophet,frozen,broad,False,42,16,2025-04-28 01:00:00,2025-05-04 06:00:00,150,29.74,True,True,8.75848813357561,0.0,8.75848813357561,0.0,0.01408892899780767,0.0
ablate_prophet_broad,prophet,frozen,broad,False,42,16,2025-04-28 01:00:00,2025-05-04 07:00:00,151,27.35,True,True,10.554993027853612,0.0,10.554993027853612,0.0,0.01408892899780767,0.0
ablate_prophet_broad,prophet,frozen,broad,False,42,16,2025-04-28 01:00:00,2025-05-04 08:00:00,152,26.13,True,True,4.940344698222674,0.0,4.940344698222674,0.0,0.01408892899780767,0.0
ablate_prophet_broad,prophet,frozen,broad,False,42,16,2025-04-28 01:00:00,2025-05-04 09:00:00,153,25.65,True,True,3.6827253607513626,0.0,3.6827253607513626,0.0,0.01408892899780767,0.0
ablate_prophet_broad,prophet,frozen,broad,False,42,16,2025-04-28 01:00:00,2025-05-04 10:00:00,154,26.59,True,True,1.6713535720300854,0.0,1.6713535720300854,0.0,0.01408892899780767,0.0
ablate_prophet_broad,prophet,frozen,broad,False,42,16,2025-04-28 01:00:00,2025-05-04 11:00:00,155,28.79,True,True,2.490594004371104,0.0,2.490594004371104,0.0,0.01408892899780767,0.0
ablate_prophet_broad,prophet,frozen,broad,False,42,16,2025-04-28 01:00:00,2025-05-04 12:00:00,156,31.73,True,True,5.6940804160012135,0.0,5.6940804160012135,0.0,0.01408892899780767,0.0
ablate_prophet_broad,prophet,frozen,broad,False,42,16,2025-04-28 01:00:00,2025-05-04 13:00:00,157,35.63,True,True,5.102298228315533,0.0,5.102298228315533,0.0,0.01408892899780767,0.0
ablate_prophet_broad,prophet,frozen,broad,False,42,16,2025-04-28 01:00:00,2025-05-04 14:00:00,158,39.99,True,True,13.79425202460294,0.0,13.79425202460294,0.0,0.01408892899780767,0.0
ablate_prophet_broad,prophet,frozen,broad,False,42,16,2025-04-28 01:00:00,2025-05-04 15:00:00,159,44.42,True,True,26.138637672010333,0.0,26.138637672010333,0.0,0.01408892899780767,0.0
ablate_prophet_broad,prophet,frozen,broad,False,42,16,2025-04-28 01:00:00,2025-05-04 16:00:00,160,47.44,True,True,33.70227732182698,0.0,33.70227732182698,0.0,0.01408892899780767,0.0
ablate_prophet_broad,prophet,frozen,broad,False,42,16,2025-04-28 01:00:00,2025-05-04 17:00:00,161,50.61,True,True,37.900427739724734,0.0,37.900427739724734,0.0,0.01408892899780767,0.0
ablate_prophet_broad,prophet,frozen,broad,False,42,16,2025-04-28 01:00:00,2025-05-04 18:00:00,162,54.85,True,True,46.20803176984546,0.0,46.20803176984546,0.0,0.01408892899780767,0.0
ablate_prophet_broad,prophet,frozen,broad,False,42,16,2025-04-28 01:00:00,2025-05-04 19:00:00,163,60.67,True,True,56.08559638512759,0.0,56.08559638512759,0.0,0.01408892899780767,0.0
ablate_prophet_broad,prophet,frozen,broad,False,42,16,2025-04-28 01:00:00,2025-05-04 20:00:00,164,66.99,True,True,62.14406335512538,0.0,62.14406335512538,0.0,0.01408892899780767,0.0
ablate_prophet_broad,prophet,frozen,broad,False,42,16,2025-04-28 01:00:00,2025-05-04 21:00:00,165,71.97,True,True,67.90437478364692,0.0,67.90437478364692,0.0,0.01408892899780767,0.0
ablate_prophet_broad,prophet,frozen,broad,False,42,16,2025-04-28 01:00:00,2025-05-04 22:00:00,166,75.63,True,True,69.7364689714791,0.0,69.7364689714791,0.0,0.01408892899780767,0.0
ablate_prophet_broad,prophet,frozen,broad,False,42,16,2025-04-28 01:00:00,2025-05-04 23:00:00,167,79.47,True,True,70.00876614369173,0.0,70.00876614369173,0.0,0.01408892899780767,0.0
ablate_prophet_broad,prophet,frozen,broad,False,42,16,2025-04-28 01:00:00,2025-05-05 00:00:00,168,82.81,True,True,68.4176209735279,0.0,68.4176209735279,0.0,0.01408892899780767,0.0
ablate_prophet_broad,prophet,frozen,broad,False,42,17,2025-05-05 01:00:00,2025-05-05 01:00:00,1,86.7,True,True,69.16104143556157,0.0,69.16104143556157,0.0,0.01377025500551099,0.0
ablate_prophet_broad,prophet,frozen,broad,False,42,17,2025-05-05 01:00:00,2025-05-05 02:00:00,2,87.26,True,True,66.41892256170419,0.0,66.41892256170419,0.0,0.01377025500551099,0.0
ablate_prophet_broad,prophet,frozen,broad,False,42,17,2025-05-05 01:00:00,2025-05-05 03:00:00,3,87.02,True,True,66.23736099949397,0.0,66.23736099949397,0.0,0.01377025500551099,0.0
ablate_prophet_broad,prophet,frozen,broad,False,42,17,2025-05-05 01:00:00,2025-05-05 04:00:00,4,90.26,True,True,160.02008240571752,0.0,160.02008240571752,0.0,0.01377025500551099,0.0
ablate_prophet_broad,prophet,frozen,broad,False,42,17,2025-05-05 01:00:00,2025-05-05 05:00:00,5,85.26,True,True,187.77665481263594,0.0,187.77665481263594,0.0,0.01377025500551099,0.0
ablate_prophet_broad,prophet,frozen,broad,False,42,17,2025-05-05 01:00:00,2025-05-05 06:00:00,6,72.32,True,True,159.03163471829427,0.0,159.03163471829427,0.0,0.01377025500551099,0.0
ablate_prophet_broad,prophet,frozen,broad,False,42,17,2025-05-05 01:00:00,2025-05-05 07:00:00,7,63.44,True,True,133.19970684053482,0.0,133.19970684053482,0.0,0.01377025500551099,0.0
ablate_prophet_broad,prophet,frozen,broad,False,42,17,2025-05-05 01:00:00,2025-05-05 08:00:00,8,62.04,True,True,113.8907328152713,0.0,113.8907328152713,0.0,0.01377025500551099,0.0
ablate_prophet_broad,prophet,frozen,broad,False,42,17,2025-05-05 01:00:00,2025-05-05 09:00:00,9,65.73,True,True,104.63253691423115,0.0,104.63253691423115,0.0,0.01377025500551099,0.0
ablate_prophet_broad,prophet,frozen,broad,False,42,17,2025-05-05 01:00:00,2025-05-05 10:00:00,10,69.24,True,True,96.41272660299093,0.0,96.41272660299093,0.0,0.01377025500551099,0.0
ablate_prophet_broad,prophet,frozen,broad,False,42,17,2025-05-05 01:00:00,2025-05-05 11:00:00,11,69.96,True,True,87.83915037989019,0.0,87.83915037989019,0.0,0.01377025500551099,0.0
ablate_prophet_broad,prophet,frozen,broad,False,42,17,2025-05-05 01:00:00,2025-05-05 12:00:00,12,65.56,True,True,72.98467337297762,0.0,72.98467337297762,0.0,0.01377025500551099,0.0
ablate_prophet_broad,prophet,frozen,broad,False,42,17,2025-05-05 01:00:00,2025-05-05 13:00:00,13,56.87,True,True,57.20785310136702,0.0,57.20785310136702,0.0,0.01377025500551099,0.0
ablate_prophet_broad,prophet,frozen,broad,False,42,17,2025-05-05 01:00:00,2025-05-05 14:00:00,14,49.75,True,True,46.54786847948813,0.0,46.54786847948813,0.0,0.01377025500551099,0.0
ablate_prophet_broad,prophet,frozen,broad,False,42,17,2025-05-05 01:00:00,2025-05-05 15:00:00,15,45.13,True,True,42.2797679070209,0.0,42.2797679070209,0.0,0.01377025500551099,0.0
ablate_prophet_broad,prophet,frozen,broad,False,42,17,2025-05-05 01:00:00,2025-05-05 16:00:00,16,46.25,True,True,44.587719629471366,0.0,44.587719629471366,0.0,0.01377025500551099,0.0
ablate_prophet_broad,prophet,frozen,broad,False,42,17,2025-05-05 01:00:00,2025-05-05 17:00:00,17,53.46,True,True,48.97274036413896,0.0,48.97274036413896,0.0,0.01377025500551099,0.0
ablate_prophet_broad,prophet,frozen,broad,False,42,17,2025-05-05 01:00:00,2025-05-05 18:00:00,18,61.41,True,True,54.75064858619024,0.0,54.75064858619024,0.0,0.01377025500551099,0.0
ablate_prophet_broad,prophet,frozen,broad,False,42,17,2025-05-05 01:00:00,2025-05-05 19:00:00,19,62.97,True,True,56.13723978802949,0.0,56.13723978802949,0.0,0.01377025500551099,0.0
ablate_prophet_broad,prophet,frozen,broad,False,42,17,2025-05-05 01:00:00,2025-05-05 20:00:00,20,58.23,True,True,53.694481851087545,0.0,53.694481851087545,0.0,0.01377025500551099,0.0
ablate_prophet_broad,prophet,frozen,broad,False,42,17,2025-05-05 01:00:00,2025-05-05 21:00:00,21,50.07,True,True,49.129990865671516,0.0,49.129990865671516,0.0,0.01377025500551099,0.0
ablate_prophet_broad,prophet,frozen,broad,False,42,17,2025-05-05 01:00:00,2025-05-05 22:00:00,22,40.34,True,True,43.49798246620878,0.0,43.49798246620878,0.0,0.01377025500551099,0.0
ablate_prophet_broad,prophet,frozen,broad,False,42,17,2025-05-05 01:00:00,2025-05-05 23:00:00,23,31.01,True,True,36.26262130643792,0.0,36.26262130643792,0.0,0.01377025500551099,0.0
ablate_prophet_broad,prophet,frozen,broad,False,42,17,2025-05-05 01:00:00,2025-05-06 00:00:00,24,24.56,True,True,30.38122321718774,0.0,30.38122321718774,0.0,0.01377025500551099,0.0
ablate_prophet_broad,prophet,frozen,broad,False,42,17,2025-05-05 01:00:00,2025-05-06 01:00:00,25,19.25,True,True,21.072695836881735,0.0,21.072695836881735,0.0,0.01377025500551099,0.0
ablate_prophet_broad,prophet,frozen,broad,False,42,17,2025-05-05 01:00:00,2025-05-06 02:00:00,26,16.0,True,True,12.619627996425635,0.0,12.619627996425635,0.0,0.01377025500551099,0.0
ablate_prophet_broad,prophet,frozen,broad,False,42,17,2025-05-05 01:00:00,2025-05-06 03:00:00,27,15.46,True,True,11.090616965313984,0.0,11.090616965313984,0.0,0.01377025500551099,0.0
ablate_prophet_broad,prophet,frozen,broad,False,42,17,2025-05-05 01:00:00,2025-05-06 04:00:00,28,15.81,True,True,11.341317753204066,0.0,11.341317753204066,0.0,0.01377025500551099,0.0
ablate_prophet_broad,prophet,frozen,broad,False,42,17,2025-05-05 01:00:00,2025-05-06 05:00:00,29,18.46,True,True,12.067555885456756,0.0,12.067555885456756,0.0,0.01377025500551099,0.0
ablate_prophet_broad,prophet,frozen,broad,False,42,17,2025-05-05 01:00:00,2025-05-06 06:00:00,30,22.91,True,True,12.473381353095789,0.0,12.473381353095789,0.0,0.01377025500551099,0.0
ablate_prophet_broad,prophet,frozen,broad,False,42,17,2025-05-05 01:00:00,2025-05-06 07:00:00,31,26.75,True,True,11.998543535380861,0.0,11.998543535380861,0.0,0.01377025500551099,0.0
ablate_prophet_broad,prophet,frozen,broad,False,42,17,2025-05-05 01:00:00,2025-05-06 08:00:00,32,29.39,True,True,9.319982929167878,0.0,9.319982929167878,0.0,0.01377025500551099,0.0
ablate_prophet_broad,prophet,frozen,broad,False,42,17,2025-05-05 01:00:00,2025-05-06 09:00:00,33,30.24,True,True,4.6207011267961775,0.0,4.6207011267961775,0.0,0.01377025500551099,0.0
ablate_prophet_broad,prophet,frozen,broad,False,42,17,2025-05-05 01:00:00,2025-05-06 10:00:00,34,32.33,True,True,5.675623325889944,0.0,5.675623325889944,0.0,0.01377025500551099,0.0
ablate_prophet_broad,prophet,frozen,broad,False,42,17,2025-05-05 01:00:00,2025-05-06 11:00:00,35,35.97,True,True,9.667416244987663,0.0,9.667416244987663,0.0,0.01377025500551099,0.0
ablate_prophet_broad,prophet,frozen,broad,False,42,17,2025-05-05 01:00:00,2025-05-06 12:00:00,36,39.82,True,True,13.772638117632852,0.0,13.772638117632852,0.0,0.01377025500551099,0.0
ablate_prophet_broad,prophet,frozen,broad,False,42,17,2025-05-05 01:00:00,2025-05-06 13:00:00,37,43.29,True,True,21.34479765612241,0.0,21.34479765612241,0.0,0.01377025500551099,0.0
ablate_prophet_broad,prophet,frozen,broad,False,42,17,2025-05-05 01:00:00,2025-05-06 14:00:00,38,46.76,True,True,25.963885074366118,0.0,25.963885074366118,0.0,0.01377025500551099,0.0
ablate_prophet_broad,prophet,frozen,broad,False,42,17,2025-05-05 01:00:00,2025-05-06 15:00:00,39,49.47,True,True,30.545416532412645,0.0,30.545416532412645,0.0,0.01377025500551099,0.0
ablate_prophet_broad,prophet,frozen,broad,False,42,17,2025-05-05 01:00:00,2025-05-06 16:00:00,40,51.03,True,True,33.38101542546269,0.0,33.38101542546269,0.0,0.01377025500551099,0.0
ablate_prophet_broad,prophet,frozen,broad,False,42,17,2025-05-05 01:00:00,2025-05-06 17:00:00,41,53.03,True,True,37.6659940318178,0.0,37.6659940318178,0.0,0.01377025500551099,0.0
ablate_prophet_broad,prophet,frozen,broad,False,42,17,2025-05-05 01:00:00,2025-05-06 18:00:00,42,54.62,True,True,41.61261083221228,0.0,41.61261083221228,0.0,0.01377025500551099,0.0
ablate_prophet_broad,prophet,frozen,broad,False,42,17,2025-05-05 01:00:00,2025-05-06 19:00:00,43,55.62,True,True,45.27444117114791,0.0,45.27444117114791,0.0,0.01377025500551099,0.0
ablate_prophet_broad,prophet,frozen,broad,False,42,17,2025-05-05 01:00:00,2025-05-06 20:00:00,44,56.59,True,True,49.44163642504844,0.0,49.44163642504844,0.0,0.01377025500551099,0.0
ablate_prophet_broad,prophet,frozen,broad,False,42,17,2025-05-05 01:00:00,2025-05-06 21:00:00,45,57.52,True,True,53.27431681348196,0.0,53.27431681348196,0.0,0.01377025500551099,0.0
ablate_prophet_broad,prophet,frozen,broad,False,42,17,2025-05-05 01:00:00,2025-05-06 22:00:00,46,58.06,True,True,55.466708469828404,0.0,55.466708469828404,0.0,0.01377025500551099,0.0
ablate_prophet_broad,prophet,frozen,broad,False,42,17,2025-05-05 01:00:00,2025-05-06 23:00:00,47,59.13,True,True,56.06936772094892,0.0,56.06936772094892,0.0,0.01377025500551099,0.0
ablate_prophet_broad,prophet,frozen,broad,False,42,17,2025-05-05 01:00:00,2025-05-07 00:00:00,48,62.21,True,True,55.36594284236074,0.0,55.36594284236074,0.0,0.01377025500551099,0.0
ablate_prophet_broad,prophet,frozen,broad,False,42,17,2025-05-05 01:00:00,2025-05-07 01:00:00,49,70.07,True,True,58.00368774363926,0.0,58.00368774363926,0.0,0.01377025500551099,0.0
ablate_prophet_broad,prophet,frozen,broad,False,42,17,2025-05-05 01:00:00,2025-05-07 02:00:00,50,78.1,True,True,61.62964357259068,0.0,61.62964357259068,0.0,0.01377025500551099,0.0
ablate_prophet_broad,prophet,frozen,broad,False,42,17,2025-05-05 01:00:00,2025-05-07 03:00:00,51,90.32,True,True,65.28001814242228,0.0,65.28001814242228,0.0,0.01377025500551099,0.0
ablate_prophet_broad,prophet,frozen,broad,False,42,17,2025-05-05 01:00:00,2025-05-07 04:00:00,52,94.67,True,True,69.31309474774312,0.0,69.31309474774312,0.0,0.01377025500551099,0.0
ablate_prophet_broad,prophet,frozen,broad,False,42,17,2025-05-05 01:00:00,2025-05-07 05:00:00,53,93.01,True,True,70.48553837841678,0.0,70.48553837841678,0.0,0.01377025500551099,0.0
ablate_prophet_broad,prophet,frozen,broad,False,42,17,2025-05-05 01:00:00,2025-05-07 06:00:00,54,97.38,True,True,74.60206428559175,0.0,74.60206428559175,0.0,0.01377025500551099,0.0
ablate_prophet_broad,prophet,frozen,broad,False,42,17,2025-05-05 01:00:00,2025-05-07 07:00:00,55,106.46,True,True,78.29044238363218,0.0,78.29044238363218,0.0,0.01377025500551099,0.0
ablate_prophet_broad,prophet,frozen,broad,False,42,17,2025-05-05 01:00:00,2025-05-07 08:00:00,56,117.34,True,True,79.10901871560927,0.0,79.10901871560927,0.0,0.01377025500551099,0.0
ablate_prophet_broad,prophet,frozen,broad,False,42,17,2025-05-05 01:00:00,2025-05-07 09:00:00,57,122.16,True,True,77.2051456203078,0.0,77.2051456203078,0.0,0.01377025500551099,0.0
ablate_prophet_broad,prophet,frozen,broad,False,42,17,2025-05-05 01:00:00,2025-05-07 10:00:00,58,123.5,True,True,74.8559007114541,0.0,74.8559007114541,0.0,0.01377025500551099,0.0
ablate_prophet_broad,prophet,frozen,broad,False,42,17,2025-05-05 01:00:00,2025-05-07 11:00:00,59,124.59,True,True,73.47457530479923,0.0,73.47457530479923,0.0,0.01377025500551099,0.0
ablate_prophet_broad,prophet,frozen,broad,False,42,17,2025-05-05 01:00:00,2025-05-07 12:00:00,60,125.09,True,True,72.28910019454716,0.0,72.28910019454716,0.0,0.01377025500551099,0.0
ablate_prophet_broad,prophet,frozen,broad,False,42,17,2025-05-05 01:00:00,2025-05-07 13:00:00,61,122.36,True,True,70.48223295165022,0.0,70.48223295165022,0.0,0.01377025500551099,0.0
ablate_prophet_broad,prophet,frozen,broad,False,42,17,2025-05-05 01:00:00,2025-05-07 14:00:00,62,117.8,True,True,69.46804061007083,0.0,69.46804061007083,0.0,0.01377025500551099,0.0
ablate_prophet_broad,prophet,frozen,broad,False,42,17,2025-05-05 01:00:00,2025-05-07 15:00:00,63,109.39,True,True,70.21187321267499,0.0,70.21187321267499,0.0,0.01377025500551099,0.0
ablate_prophet_broad,prophet,frozen,broad,False,42,17,2025-05-05 01:00:00,2025-05-07 16:00:00,64,97.03,True,True,68.97768146676825,0.0,68.97768146676825,0.0,0.01377025500551099,0.0
ablate_prophet_broad,prophet,frozen,broad,False,42,17,2025-05-05 01:00:00,2025-05-07 17:00:00,65,87.12,True,True,68.05392560817754,0.0,68.05392560817754,0.0,0.01377025500551099,0.0
ablate_prophet_broad,prophet,frozen,broad,False,42,17,2025-05-05 01:00:00,2025-05-07 18:00:00,66,81.19,True,True,68.9765697143699,0.0,68.9765697143699,0.0,0.01377025500551099,0.0
ablate_prophet_broad,prophet,frozen,broad,False,42,17,2025-05-05 01:00:00,2025-05-07 19:00:00,67,79.57,True,True,71.9215541217761,0.0,71.9215541217761,0.0,0.01377025500551099,0.0
ablate_prophet_broad,prophet,frozen,broad,False,42,17,2025-05-05 01:00:00,2025-05-07 20:00:00,68,81.32,True,True,76.33423894217512,0.0,76.33423894217512,0.0,0.01377025500551099,0.0
ablate_prophet_broad,prophet,frozen,broad,False,42,17,2025-05-05 01:00:00,2025-05-07 21:00:00,69,85.07,True,True,80.29623140477815,0.0,80.29623140477815,0.0,0.01377025500551099,0.0
ablate_prophet_broad,prophet,frozen,broad,False,42,17,2025-05-05 01:00:00,2025-05-07 22:00:00,70,90.21,True,True,82.91346938140381,0.0,82.91346938140381,0.0,0.01377025500551099,0.0
ablate_prophet_broad,prophet,frozen,broad,False,42,17,2025-05-05 01:00:00,2025-05-07 23:00:00,71,96.66,True,True,84.41224495212862,0.0,84.41224495212862,0.0,0.01377025500551099,0.0
ablate_prophet_broad,prophet,frozen,broad,False,42,17,2025-05-05 01:00:00,2025-05-08 00:00:00,72,105.36,True,True,86.13660743555647,0.0,86.13660743555647,0.0,0.01377025500551099,0.0
ablate_prophet_broad,prophet,frozen,broad,False,42,17,2025-05-05 01:00:00,2025-05-08 01:00:00,73,119.21,True,True,91.1011258932123,0.0,91.1011258932123,0.0,0.01377025500551099,0.0
ablate_prophet_broad,prophet,frozen,broad,False,42,17,2025-05-05 01:00:00,2025-05-08 02:00:00,74,129.66,True,True,95.54655422074684,0.0,95.54655422074684,0.0,0.01377025500551099,0.0
ablate_prophet_broad,prophet,frozen,broad,False,42,17,2025-05-05 01:00:00,2025-05-08 03:00:00,75,142.78,True,True,103.20439255674044,0.0,103.20439255674044,0.0,0.01377025500551099,0.0
ablate_prophet_broad,prophet,frozen,broad,False,42,17,2025-05-05 01:00:00,2025-05-08 04:00:00,76,161.52,True,True,115.42367137905416,0.0,115.42367137905416,0.0,0.01377025500551099,0.0
ablate_prophet_broad,prophet,frozen,broad,False,42,17,2025-05-05 01:00:00,2025-05-08 05:00:00,77,168.76,True,True,121.38721325989563,0.0,121.38721325989563,0.0,0.01377025500551099,0.0
ablate_prophet_broad,prophet,frozen,broad,False,42,17,2025-05-05 01:00:00,2025-05-08 06:00:00,78,165.94,True,True,120.59045590348627,0.0,120.59045590348627,0.0,0.01377025500551099,0.0
ablate_prophet_broad,prophet,frozen,broad,False,42,17,2025-05-05 01:00:00,2025-05-08 07:00:00,79,157.53,True,True,114.54726118179012,0.0,114.54726118179012,0.0,0.01377025500551099,0.0
ablate_prophet_broad,prophet,frozen,broad,False,42,17,2025-05-05 01:00:00,2025-05-08 08:00:00,80,145.81,True,True,107.51759467305857,0.0,107.51759467305857,0.0,0.01377025500551099,0.0
ablate_prophet_broad,prophet,frozen,broad,False,42,17,2025-05-05 01:00:00,2025-05-08 09:00:00,81,133.18,True,True,99.09249789067498,0.0,99.09249789067498,0.0,0.01377025500551099,0.0
ablate_prophet_broad,prophet,frozen,broad,False,42,17,2025-05-05 01:00:00,2025-05-08 10:00:00,82,128.88,True,True,91.54367113247919,0.0,91.54367113247919,0.0,0.01377025500551099,0.0
ablate_prophet_broad,prophet,frozen,broad,False,42,17,2025-05-05 01:00:00,2025-05-08 11:00:00,83,132.37,True,True,92.71307809415138,0.0,92.71307809415138,0.0,0.01377025500551099,0.0
ablate_prophet_broad,prophet,frozen,broad,False,42,17,2025-05-05 01:00:00,2025-05-08 12:00:00,84,137.92,True,True,96.1869466561047,0.0,96.1869466561047,0.0,0.01377025500551099,0.0
ablate_prophet_broad,prophet,frozen,broad,False,42,17,2025-05-05 01:00:00,2025-05-08 13:00:00,85,139.78,True,True,96.54832520734426,0.0,96.54832520734426,0.0,0.01377025500551099,0.0
ablate_prophet_broad,prophet,frozen,broad,False,42,17,2025-05-05 01:00:00,2025-05-08 14:00:00,86,141.48,True,True,100.4715452272102,0.0,100.4715452272102,0.0,0.01377025500551099,0.0
ablate_prophet_broad,prophet,frozen,broad,False,42,17,2025-05-05 01:00:00,2025-05-08 15:00:00,87,143.23,True,True,105.8063671656732,0.0,105.8063671656732,0.0,0.01377025500551099,0.0
ablate_prophet_broad,prophet,frozen,broad,False,42,17,2025-05-05 01:00:00,2025-05-08 16:00:00,88,143.8,True,True,110.1214053475148,0.0,110.1214053475148,0.0,0.01377025500551099,0.0
ablate_prophet_broad,prophet,frozen,broad,False,42,17,2025-05-05 01:00:00,2025-05-08 17:00:00,89,140.46,True,True,112.14444251267375,0.0,112.14444251267375,0.0,0.01377025500551099,0.0
ablate_prophet_broad,prophet,frozen,broad,False,42,17,2025-05-05 01:00:00,2025-05-08 18:00:00,90,131.19,True,True,107.28476224086255,0.0,107.28476224086255,0.0,0.01377025500551099,0.0
ablate_prophet_broad,prophet,frozen,broad,False,42,17,2025-05-05 01:00:00,2025-05-08 19:00:00,91,116.65,True,True,99.24366073285464,0.0,99.24366073285464,0.0,0.01377025500551099,0.0
ablate_prophet_broad,prophet,frozen,broad,False,42,17,2025-05-05 01:00:00,2025-05-08 20:00:00,92,104.79,True,True,93.65825311562433,0.0,93.65825311562433,0.0,0.01377025500551099,0.0
ablate_prophet_broad,prophet,frozen,broad,False,42,17,2025-05-05 01:00:00,2025-05-08 21:00:00,93,96.12,True,True,89.19866542931743,0.0,89.19866542931743,0.0,0.01377025500551099,0.0
ablate_prophet_broad,prophet,frozen,broad,False,42,17,2025-05-05 01:00:00,2025-05-08 22:00:00,94,88.13,True,True,83.3193774400531,0.0,83.3193774400531,0.0,0.01377025500551099,0.0
ablate_prophet_broad,prophet,frozen,broad,False,42,17,2025-05-05 01:00:00,2025-05-08 23:00:00,95,82.17,True,True,77.97810541972893,0.0,77.97810541972893,0.0,0.01377025500551099,0.0
ablate_prophet_broad,prophet,frozen,broad,False,42,17,2025-05-05 01:00:00,2025-05-09 00:00:00,96,78.3,True,True,73.21549969245311,0.0,73.21549969245311,0.0,0.01377025500551099,0.0
ablate_prophet_broad,prophet,frozen,broad,False,42,17,2025-05-05 01:00:00,2025-05-09 01:00:00,97,76.15,True,True,69.78098219980049,0.0,69.78098219980049,0.0,0.01377025500551099,0.0
ablate_prophet_broad,prophet,frozen,broad,False,42,17,2025-05-05 01:00:00,2025-05-09 02:00:00,98,71.09,True,True,62.55040966760217,0.0,62.55040966760217,0.0,0.01377025500551099,0.0
ablate_prophet_broad,prophet,frozen,broad,False,42,17,2025-05-05 01:00:00,2025-05-09 03:00:00,99,62.98,True,True,58.56488335573292,0.0,58.56488335573292,0.0,0.01377025500551099,0.0
ablate_prophet_broad,prophet,frozen,broad,False,42,17,2025-05-05 01:00:00,2025-05-09 04:00:00,100,49.29,True,True,52.717263218674105,0.0,52.717263218674105,0.0,0.01377025500551099,0.0
ablate_prophet_broad,prophet,frozen,broad,False,42,17,2025-05-05 01:00:00,2025-05-09 05:00:00,101,34.49,True,True,45.517053795904275,0.0,45.517053795904275,0.0,0.01377025500551099,0.0
ablate_prophet_broad,prophet,frozen,broad,False,42,17,2025-05-05 01:00:00,2025-05-09 06:00:00,102,22.89,True,True,37.37989205250287,0.0,37.37989205250287,0.0,0.01377025500551099,0.0
ablate_prophet_broad,prophet,frozen,broad,False,42,17,2025-05-05 01:00:00,2025-05-09 07:00:00,103,15.63,True,True,29.25813775943797,0.0,29.25813775943797,0.0,0.01377025500551099,0.0
ablate_prophet_broad,prophet,frozen,broad,False,42,17,2025-05-05 01:00:00,2025-05-09 08:00:00,104,11.52,True,True,23.39106976598137,0.0,23.39106976598137,0.0,0.01377025500551099,0.0
ablate_prophet_broad,prophet,frozen,broad,False,42,17,2025-05-05 01:00:00,2025-05-09 09:00:00,105,9.42,True,True,19.155195221471388,0.0,19.155195221471388,0.0,0.01377025500551099,0.0
ablate_prophet_broad,prophet,frozen,broad,False,42,17,2025-05-05 01:00:00,2025-05-09 10:00:00,106,8.51,True,True,15.296353764070801,0.0,15.296353764070801,0.0,0.01377025500551099,0.0
ablate_prophet_broad,prophet,frozen,broad,False,42,17,2025-05-05 01:00:00,2025-05-09 11:00:00,107,8.45,True,True,11.382225046998514,0.0,11.382225046998514,0.0,0.01377025500551099,0.0
ablate_prophet_broad,prophet,frozen,broad,False,42,17,2025-05-05 01:00:00,2025-05-09 12:00:00,108,8.71,True,True,7.8310608360410185,0.0,7.8310608360410185,0.0,0.01377025500551099,0.0
ablate_prophet_broad,prophet,frozen,broad,False,42,17,2025-05-05 01:00:00,2025-05-09 13:00:00,109,9.01,True,True,9.297520163828125,0.0,9.297520163828125,0.0,0.01377025500551099,0.0
ablate_prophet_broad,prophet,frozen,broad,False,42,17,2025-05-05 01:00:00,2025-05-09 14:00:00,110,9.49,True,True,10.80680433705379,0.0,10.80680433705379,0.0,0.01377025500551099,0.0
ablate_prophet_broad,prophet,frozen,broad,False,42,17,2025-05-05 01:00:00,2025-05-09 15:00:00,111,9.53,True,True,14.0864122952309,0.0,14.0864122952309,0.0,0.01377025500551099,0.0
ablate_prophet_broad,prophet,frozen,broad,False,42,17,2025-05-05 01:00:00,2025-05-09 16:00:00,112,9.31,True,True,17.723369710443563,0.0,17.723369710443563,0.0,0.01377025500551099,0.0
ablate_prophet_broad,prophet,frozen,broad,False,42,17,2025-05-05 01:00:00,2025-05-09 17:00:00,113,9.03,True,True,21.855043727779986,0.0,21.855043727779986,0.0,0.01377025500551099,0.0
ablate_prophet_broad,prophet,frozen,broad,False,42,17,2025-05-05 01:00:00,2025-05-09 18:00:00,114,8.5,True,True,24.00738584625202,0.0,24.00738584625202,0.0,0.01377025500551099,0.0
ablate_prophet_broad,prophet,frozen,broad,False,42,17,2025-05-05 01:00:00,2025-05-09 19:00:00,115,8.1,True,True,25.062925902819188,0.0,25.062925902819188,0.0,0.01377025500551099,0.0
ablate_prophet_broad,prophet,frozen,broad,False,42,17,2025-05-05 01:00:00,2025-05-09 20:00:00,116,8.48,True,True,24.943006697417104,0.0,24.943006697417104,0.0,0.01377025500551099,0.0
ablate_prophet_broad,prophet,frozen,broad,False,42,17,2025-05-05 01:00:00,2025-05-09 21:00:00,117,9.4,True,True,24.281867105660154,0.0,24.281867105660154,0.0,0.01377025500551099,0.0
ablate_prophet_broad,prophet,frozen,broad,False,42,17,2025-05-05 01:00:00,2025-05-09 22:00:00,118,10.12,True,True,22.452084618007376,0.0,22.452084618007376,0.0,0.01377025500551099,0.0
ablate_prophet_broad,prophet,frozen,broad,False,42,17,2025-05-05 01:00:00,2025-05-09 23:00:00,119,9.88,True,True,18.9486686596247,0.0,18.9486686596247,0.0,0.01377025500551099,0.0
ablate_prophet_broad,prophet,frozen,broad,False,42,17,2025-05-05 01:00:00,2025-05-10 00:00:00,120,9.0,True,True,14.750610067812346,0.0,14.750610067812346,0.0,0.01377025500551099,0.0
ablate_prophet_broad,prophet,frozen,broad,False,42,17,2025-05-05 01:00:00,2025-05-10 01:00:00,121,7.34,True,True,16.5939997742461,0.0,16.5939997742461,0.0,0.01377025500551099,0.0
ablate_prophet_broad,prophet,frozen,broad,False,42,17,2025-05-05 01:00:00,2025-05-10 02:00:00,122,6.9,True,True,12.388814682911402,0.0,12.388814682911402,0.0,0.01377025500551099,0.0
ablate_prophet_broad,prophet,frozen,broad,False,42,17,2025-05-05 01:00:00,2025-05-10 03:00:00,123,6.93,True,True,13.681981063757632,0.0,13.681981063757632,0.0,0.01377025500551099,0.0
ablate_prophet_broad,prophet,frozen,broad,False,42,17,2025-05-05 01:00:00,2025-05-10 04:00:00,124,5.2,True,True,11.146196470660925,0.0,11.146196470660925,0.0,0.01377025500551099,0.0
ablate_prophet_broad,prophet,frozen,broad,False,42,17,2025-05-05 01:00:00,2025-05-10 05:00:00,125,5.53,True,True,11.022839546655547,0.0,11.022839546655547,0.0,0.01377025500551099,0.0
ablate_prophet_broad,prophet,frozen,broad,False,42,17,2025-05-05 01:00:00,2025-05-10 06:00:00,126,6.76,True,True,12.094632107874787,0.0,12.094632107874787,0.0,0.01377025500551099,0.0
ablate_prophet_broad,prophet,frozen,broad,False,42,17,2025-05-05 01:00:00,2025-05-10 07:00:00,127,8.94,True,True,11.951295000588516,0.0,11.951295000588516,0.0,0.01377025500551099,0.0
ablate_prophet_broad,prophet,frozen,broad,False,42,17,2025-05-05 01:00:00,2025-05-10 08:00:00,128,11.49,True,True,13.077163284996544,0.0,13.077163284996544,0.0,0.01377025500551099,0.0
ablate_prophet_broad,prophet,frozen,broad,False,42,17,2025-05-05 01:00:00,2025-05-10 09:00:00,129,13.47,True,True,18.721432645223217,0.0,18.721432645223217,0.0,0.01377025500551099,0.0
ablate_prophet_broad,prophet,frozen,broad,False,42,17,2025-05-05 01:00:00,2025-05-10 10:00:00,130,15.13,True,True,16.66904570495771,0.0,16.66904570495771,0.0,0.01377025500551099,0.0
ablate_prophet_broad,prophet,frozen,broad,False,42,17,2025-05-05 01:00:00,2025-05-10 11:00:00,131,16.48,True,True,14.192229993979112,0.0,14.192229993979112,0.0,0.01377025500551099,0.0
ablate_prophet_broad,prophet,frozen,broad,False,42,17,2025-05-05 01:00:00,2025-05-10 12:00:00,132,17.58,True,True,13.087427057188307,0.0,13.087427057188307,0.0,0.01377025500551099,0.0
ablate_prophet_broad,prophet,frozen,broad,False,42,17,2025-05-05 01:00:00,2025-05-10 13:00:00,133,18.03,True,True,11.718545290195408,0.0,11.718545290195408,0.0,0.01377025500551099,0.0
ablate_prophet_broad,prophet,frozen,broad,False,42,17,2025-05-05 01:00:00,2025-05-10 14:00:00,134,18.64,True,True,14.724780215863092,0.0,14.724780215863092,0.0,0.01377025500551099,0.0
ablate_prophet_broad,prophet,frozen,broad,False,42,17,2025-05-05 01:00:00,2025-05-10 15:00:00,135,19.63,True,True,17.571797039532015,0.0,17.571797039532015,0.0,0.01377025500551099,0.0
ablate_prophet_broad,prophet,frozen,broad,False,42,17,2025-05-05 01:00:00,2025-05-10 16:00:00,136,21.5,True,True,21.871277902430677,0.0,21.871277902430677,0.0,0.01377025500551099,0.0
ablate_prophet_broad,prophet,frozen,broad,False,42,17,2025-05-05 01:00:00,2025-05-10 17:00:00,137,25.3,True,True,27.610798341845936,0.0,27.610798341845936,0.0,0.01377025500551099,0.0
ablate_prophet_broad,prophet,frozen,broad,False,42,17,2025-05-05 01:00:00,2025-05-10 18:00:00,138,30.59,True,True,33.86356916631959,0.0,33.86356916631959,0.0,0.01377025500551099,0.0
ablate_prophet_broad,prophet,frozen,broad,False,42,17,2025-05-05 01:00:00,2025-05-10 19:00:00,139,35.43,True,True,41.145436918508636,0.0,41.145436918508636,0.0,0.01377025500551099,0.0
ablate_prophet_broad,prophet,frozen,broad,False,42,17,2025-05-05 01:00:00,2025-05-10 20:00:00,140,38.37,True,True,45.09242253630288,0.0,45.09242253630288,0.0,0.01377025500551099,0.0
ablate_prophet_broad,prophet,frozen,broad,False,42,17,2025-05-05 01:00:00,2025-05-10 21:00:00,141,39.43,True,True,45.73778924186138,0.0,45.73778924186138,0.0,0.01377025500551099,0.0
ablate_prophet_broad,prophet,frozen,broad,False,42,17,2025-05-05 01:00:00,2025-05-10 22:00:00,142,38.65,True,True,44.985223321158315,0.0,44.985223321158315,0.0,0.01377025500551099,0.0
ablate_prophet_broad,prophet,frozen,broad,False,42,17,2025-05-05 01:00:00,2025-05-10 23:00:00,143,36.22,True,True,43.45973107740633,0.0,43.45973107740633,0.0,0.01377025500551099,0.0
ablate_prophet_broad,prophet,frozen,broad,False,42,17,2025-05-05 01:00:00,2025-05-11 00:00:00,144,34.1,True,True,41.190168590830325,0.0,41.190168590830325,0.0,0.01377025500551099,0.0
ablate_prophet_broad,prophet,frozen,broad,False,42,17,2025-05-05 01:00:00,2025-05-11 01:00:00,145,33.46,True,True,42.682892161585926,0.0,42.682892161585926,0.0,0.01377025500551099,0.0
ablate_prophet_broad,prophet,frozen,broad,False,42,17,2025-05-05 01:00:00,2025-05-11 02:00:00,146,34.72,True,True,43.76117015958863,0.0,43.76117015958863,0.0,0.01377025500551099,0.0
ablate_prophet_broad,prophet,frozen,broad,False,42,17,2025-05-05 01:00:00,2025-05-11 03:00:00,147,39.24,True,True,48.315481098477164,0.0,48.315481098477164,0.0,0.01377025500551099,0.0
ablate_prophet_broad,prophet,frozen,broad,False,42,17,2025-05-05 01:00:00,2025-05-11 04:00:00,148,44.99,True,True,54.72454593789149,0.0,54.72454593789149,0.0,0.01377025500551099,0.0
ablate_prophet_broad,prophet,frozen,broad,False,42,17,2025-05-05 01:00:00,2025-05-11 05:00:00,149,51.22,True,True,60.120887922049434,0.0,60.120887922049434,0.0,0.01377025500551099,0.0
ablate_prophet_broad,prophet,frozen,broad,False,42,17,2025-05-05 01:00:00,2025-05-11 06:00:00,150,55.36,True,True,64.84973640039667,0.0,64.84973640039667,0.0,0.01377025500551099,0.0
ablate_prophet_broad,prophet,frozen,broad,False,42,17,2025-05-05 01:00:00,2025-05-11 07:00:00,151,47.69,True,True,61.7346660492538,0.0,61.7346660492538,0.0,0.01377025500551099,0.0
ablate_prophet_broad,prophet,frozen,broad,False,42,17,2025-05-05 01:00:00,2025-05-11 08:00:00,152,43.78,True,True,56.28519888219756,0.0,56.28519888219756,0.0,0.01377025500551099,0.0
ablate_prophet_broad,prophet,frozen,broad,False,42,17,2025-05-05 01:00:00,2025-05-11 09:00:00,153,43.41,True,True,51.38983509917142,0.0,51.38983509917142,0.0,0.01377025500551099,0.0
ablate_prophet_broad,prophet,frozen,broad,False,42,17,2025-05-05 01:00:00,2025-05-11 10:00:00,154,45.11,True,True,50.485588966531026,0.0,50.485588966531026,0.0,0.01377025500551099,0.0
ablate_prophet_broad,prophet,frozen,broad,False,42,17,2025-05-05 01:00:00,2025-05-11 11:00:00,155,47.9,True,True,47.00309608214096,0.0,47.00309608214096,0.0,0.01377025500551099,0.0
ablate_prophet_broad,prophet,frozen,broad,False,42,17,2025-05-05 01:00:00,2025-05-11 12:00:00,156,49.68,True,True,46.19619425543729,0.0,46.19619425543729,0.0,0.01377025500551099,0.0
ablate_prophet_broad,prophet,frozen,broad,False,42,17,2025-05-05 01:00:00,2025-05-11 13:00:00,157,50.59,True,True,49.70731995859825,0.0,49.70731995859825,0.0,0.01377025500551099,0.0
ablate_prophet_broad,prophet,frozen,broad,False,42,17,2025-05-05 01:00:00,2025-05-11 14:00:00,158,52.63,True,True,53.24219068431404,0.0,53.24219068431404,0.0,0.01377025500551099,0.0
ablate_prophet_broad,prophet,frozen,broad,False,42,17,2025-05-05 01:00:00,2025-05-11 15:00:00,159,55.38,True,True,58.103376420417305,0.0,58.103376420417305,0.0,0.01377025500551099,0.0
ablate_prophet_broad,prophet,frozen,broad,False,42,17,2025-05-05 01:00:00,2025-05-11 16:00:00,160,56.79,True,True,61.294807040844915,0.0,61.294807040844915,0.0,0.01377025500551099,0.0
ablate_prophet_broad,prophet,frozen,broad,False,42,17,2025-05-05 01:00:00,2025-05-11 17:00:00,161,58.16,True,True,63.905712674811355,0.0,63.905712674811355,0.0,0.01377025500551099,0.0
ablate_prophet_broad,prophet,frozen,broad,False,42,17,2025-05-05 01:00:00,2025-05-11 18:00:00,162,58.77,True,True,66.4877171498286,0.0,66.4877171498286,0.0,0.01377025500551099,0.0
ablate_prophet_broad,prophet,frozen,broad,False,42,17,2025-05-05 01:00:00,2025-05-11 19:00:00,163,58.28,True,True,71.42544756454231,0.0,71.42544756454231,0.0,0.01377025500551099,0.0
ablate_prophet_broad,prophet,frozen,broad,False,42,17,2025-05-05 01:00:00,2025-05-11 20:00:00,164,58.78,True,True,73.96950673808121,0.0,73.96950673808121,0.0,0.01377025500551099,0.0
ablate_prophet_broad,prophet,frozen,broad,False,42,17,2025-05-05 01:00:00,2025-05-11 21:00:00,165,60.1,True,True,75.51334573314739,0.0,75.51334573314739,0.0,0.01377025500551099,0.0
ablate_prophet_broad,prophet,frozen,broad,False,42,17,2025-05-05 01:00:00,2025-05-11 22:00:00,166,61.29,True,True,75.88501500102964,0.0,75.88501500102964,0.0,0.01377025500551099,0.0
ablate_prophet_broad,prophet,frozen,broad,False,42,17,2025-05-05 01:00:00,2025-05-11 23:00:00,167,63.57,True,True,79.18059060502696,0.0,79.18059060502696,0.0,0.01377025500551099,0.0
ablate_prophet_broad,prophet,frozen,broad,False,42,17,2025-05-05 01:00:00,2025-05-12 00:00:00,168,67.27,True,True,82.1820330686408,0.0,82.1820330686408,0.0,0.01377025500551099,0.0
ablate_prophet_broad,prophet,frozen,broad,False,42,18,2025-05-12 01:00:00,2025-05-12 01:00:00,1,77.71,True,True,87.97683406019115,0.0,87.97683406019115,0.0,0.013761198999418411,0.0
ablate_prophet_broad,prophet,frozen,broad,False,42,18,2025-05-12 01:00:00,2025-05-12 02:00:00,2,88.22,True,True,93.8879290705099,0.0,93.8879290705099,0.0,0.013761198999418411,0.0
ablate_prophet_broad,prophet,frozen,broad,False,42,18,2025-05-12 01:00:00,2025-05-12 03:00:00,3,101.18,True,True,102.80175571810811,0.0,102.80175571810811,0.0,0.013761198999418411,0.0
ablate_prophet_broad,prophet,frozen,broad,False,42,18,2025-05-12 01:00:00,2025-05-12 04:00:00,4,127.41,True,True,115.38614602701409,0.0,115.38614602701409,0.0,0.013761198999418411,0.0
ablate_prophet_broad,prophet,frozen,broad,False,42,18,2025-05-12 01:00:00,2025-05-12 05:00:00,5,135.56,True,True,119.03210511241868,0.0,119.03210511241868,0.0,0.013761198999418411,0.0
ablate_prophet_broad,prophet,frozen,broad,False,42,18,2025-05-12 01:00:00,2025-05-12 06:00:00,6,138.99,True,True,119.93445127651323,0.0,119.93445127651323,0.0,0.013761198999418411,0.0
ablate_prophet_broad,prophet,frozen,broad,False,42,18,2025-05-12 01:00:00,2025-05-12 07:00:00,7,135.38,True,True,115.37152890001875,0.0,115.37152890001875,0.0,0.013761198999418411,0.0
ablate_prophet_broad,prophet,frozen,broad,False,42,18,2025-05-12 01:00:00,2025-05-12 08:00:00,8,127.51,True,True,106.81318761523863,0.0,106.81318761523863,0.0,0.013761198999418411,0.0
ablate_prophet_broad,prophet,frozen,broad,False,42,18,2025-05-12 01:00:00,2025-05-12 09:00:00,9,118.33,True,True,97.77190315015574,0.0,97.77190315015574,0.0,0.013761198999418411,0.0
ablate_prophet_broad,prophet,frozen,broad,False,42,18,2025-05-12 01:00:00,2025-05-12 10:00:00,10,107.63,True,True,89.49277977424124,0.0,89.49277977424124,0.0,0.013761198999418411,0.0
ablate_prophet_broad,prophet,frozen,broad,False,42,18,2025-05-12 01:00:00,2025-05-12 11:00:00,11,98.76,True,True,81.52978457402992,0.0,81.52978457402992,0.0,0.013761198999418411,0.0
ablate_prophet_broad,prophet,frozen,broad,False,42,18,2025-05-12 01:00:00,2025-05-12 12:00:00,12,90.7,True,True,73.07658160377227,0.0,73.07658160377227,0.0,0.013761198999418411,0.0
ablate_prophet_broad,prophet,frozen,broad,False,42,18,2025-05-12 01:00:00,2025-05-12 13:00:00,13,82.25,True,True,67.39485742775736,0.0,67.39485742775736,0.0,0.013761198999418411,0.0
ablate_prophet_broad,prophet,frozen,broad,False,42,18,2025-05-12 01:00:00,2025-05-12 14:00:00,14,75.62,True,True,65.45170290001312,0.0,65.45170290001312,0.0,0.013761198999418411,0.0
ablate_prophet_broad,prophet,frozen,broad,False,42,18,2025-05-12 01:00:00,2025-05-12 15:00:00,15,70.54,True,True,64.98645734407367,0.0,64.98645734407367,0.0,0.013761198999418411,0.0
ablate_prophet_broad,prophet,frozen,broad,False,42,18,2025-05-12 01:00:00,2025-05-12 16:00:00,16,64.84,True,True,64.87403933145885,0.0,64.87403933145885,0.0,0.013761198999418411,0.0
ablate_prophet_broad,prophet,frozen,broad,False,42,18,2025-05-12 01:00:00,2025-05-12 17:00:00,17,60.52,True,True,64.57510141567084,0.0,64.57510141567084,0.0,0.013761198999418411,0.0
ablate_prophet_broad,prophet,frozen,broad,False,42,18,2025-05-12 01:00:00,2025-05-12 18:00:00,18,59.36,True,True,65.70393869842204,0.0,65.70393869842204,0.0,0.013761198999418411,0.0
ablate_prophet_broad,prophet,frozen,broad,False,42,18,2025-05-12 01:00:00,2025-05-12 19:00:00,19,62.45,True,True,68.41887093872245,0.0,68.41887093872245,0.0,0.013761198999418411,0.0
ablate_prophet_broad,prophet,frozen,broad,False,42,18,2025-05-12 01:00:00,2025-05-12 20:00:00,20,68.51,True,True,73.1660786666205,0.0,73.1660786666205,0.0,0.013761198999418411,0.0
ablate_prophet_broad,prophet,frozen,broad,False,42,18,2025-05-12 01:00:00,2025-05-12 21:00:00,21,74.6,True,True,77.24764768509402,0.0,77.24764768509402,0.0,0.013761198999418411,0.0
ablate_prophet_broad,prophet,frozen,broad,False,42,18,2025-05-12 01:00:00,2025-05-12 22:00:00,22,78.75,True,True,79.37011537040377,0.0,79.37011537040377,0.0,0.013761198999418411,0.0
ablate_prophet_broad,prophet,frozen,broad,False,42,18,2025-05-12 01:00:00,2025-05-12 23:00:00,23,82.5,True,True,82.27176208650087,0.0,82.27176208650087,0.0,0.013761198999418411,0.0
ablate_prophet_broad,prophet,frozen,broad,False,42,18,2025-05-12 01:00:00,2025-05-13 00:00:00,24,86.35,True,True,83.88447885531465,0.0,83.88447885531465,0.0,0.013761198999418411,0.0
ablate_prophet_broad,prophet,frozen,broad,False,42,18,2025-05-12 01:00:00,2025-05-13 01:00:00,25,91.14,True,True,87.717281097848,0.0,87.717281097848,0.0,0.013761198999418411,0.0
ablate_prophet_broad,prophet,frozen,broad,False,42,18,2025-05-12 01:00:00,2025-05-13 02:00:00,26,97.53,True,True,92.36780095108134,0.0,92.36780095108134,0.0,0.013761198999418411,0.0
ablate_prophet_broad,prophet,frozen,broad,False,42,18,2025-05-12 01:00:00,2025-05-13 03:00:00,27,109.15,True,True,101.31627779589047,0.0,101.31627779589047,0.0,0.013761198999418411,0.0
ablate_prophet_broad,prophet,frozen,broad,False,42,18,2025-05-12 01:00:00,2025-05-13 04:00:00,28,143.35,True,True,125.91185974112665,0.0,125.91185974112665,0.0,0.013761198999418411,0.0
ablate_prophet_broad,prophet,frozen,broad,False,42,18,2025-05-12 01:00:00,2025-05-13 05:00:00,29,163.07,True,True,140.8589596551725,0.0,140.8589596551725,0.0,0.013761198999418411,0.0
ablate_prophet_broad,prophet,frozen,broad,False,42,18,2025-05-12 01:00:00,2025-05-13 06:00:00,30,169.11,True,True,145.82003164797737,0.0,145.82003164797737,0.0,0.013761198999418411,0.0
ablate_prophet_broad,prophet,frozen,broad,False,42,18,2025-05-12 01:00:00,2025-05-13 07:00:00,31,166.15,True,True,146.3374977141608,0.0,146.3374977141608,0.0,0.013761198999418411,0.0
ablate_prophet_broad,prophet,frozen,broad,False,42,18,2025-05-12 01:00:00,2025-05-13 08:00:00,32,155.28,True,True,139.78138149118936,0.0,139.78138149118936,0.0,0.013761198999418411,0.0
ablate_prophet_broad,prophet,frozen,broad,False,42,18,2025-05-12 01:00:00,2025-05-13 09:00:00,33,142.93,True,True,129.41346071132205,0.0,129.41346071132205,0.0,0.013761198999418411,0.0
ablate_prophet_broad,prophet,frozen,broad,False,42,18,2025-05-12 01:00:00,2025-05-13 10:00:00,34,133.61,True,True,123.89262540800199,0.0,123.89262540800199,0.0,0.013761198999418411,0.0
ablate_prophet_broad,prophet,frozen,broad,False,42,18,2025-05-12 01:00:00,2025-05-13 11:00:00,35,132.52,True,True,115.4744317556128,0.0,115.4744317556128,0.0,0.013761198999418411,0.0
ablate_prophet_broad,prophet,frozen,broad,False,42,18,2025-05-12 01:00:00,2025-05-13 12:00:00,36,135.47,True,True,112.6976709673189,0.0,112.6976709673189,0.0,0.013761198999418411,0.0
ablate_prophet_broad,prophet,frozen,broad,False,42,18,2025-05-12 01:00:00,2025-05-13 13:00:00,37,138.29,True,True,111.4244455626373,0.0,111.4244455626373,0.0,0.013761198999418411,0.0
ablate_prophet_broad,prophet,frozen,broad,False,42,18,2025-05-12 01:00:00,2025-05-13 14:00:00,38,141.36,True,True,111.99080421703873,0.0,111.99080421703873,0.0,0.013761198999418411,0.0
ablate_prophet_broad,prophet,frozen,broad,False,42,18,2025-05-12 01:00:00,2025-05-13 15:00:00,39,142.6,True,True,114.27531199092468,0.0,114.27531199092468,0.0,0.013761198999418411,0.0
ablate_prophet_broad,prophet,frozen,broad,False,42,18,2025-05-12 01:00:00,2025-05-13 16:00:00,40,139.18,True,True,112.3898402133322,0.0,112.3898402133322,0.0,0.013761198999418411,0.0
ablate_prophet_broad,prophet,frozen,broad,False,42,18,2025-05-12 01:00:00,2025-05-13 17:00:00,41,138.04,True,True,113.78661800506035,0.0,113.78661800506035,0.0,0.013761198999418411,0.0
ablate_prophet_broad,prophet,frozen,broad,False,42,18,2025-05-12 01:00:00,2025-05-13 18:00:00,42,138.91,True,True,116.22439896414832,0.0,116.22439896414832,0.0,0.013761198999418411,0.0
ablate_prophet_broad,prophet,frozen,broad,False,42,18,2025-05-12 01:00:00,2025-05-13 19:00:00,43,140.74,True,True,119.47338608333823,0.0,119.47338608333823,0.0,0.013761198999418411,0.0
ablate_prophet_broad,prophet,frozen,broad,False,42,18,2025-05-12 01:00:00,2025-05-13 20:00:00,44,144.43,True,True,125.54722178785948,0.0,125.54722178785948,0.0,0.013761198999418411,0.0
ablate_prophet_broad,prophet,frozen,broad,False,42,18,2025-05-12 01:00:00,2025-05-13 21:00:00,45,149.35,True,True,128.116923329864,0.0,128.116923329864,0.0,0.013761198999418411,0.0
ablate_prophet_broad,prophet,frozen,broad,False,42,18,2025-05-12 01:00:00,2025-05-13 22:00:00,46,150.69,True,True,127.1324840164728,0.0,127.1324840164728,0.0,0.013761198999418411,0.0
ablate_prophet_broad,prophet,frozen,broad,False,42,18,2025-05-12 01:00:00,2025-05-13 23:00:00,47,117.67,True,True,103.61231914682187,0.0,103.61231914682187,0.0,0.013761198999418411,0.0
ablate_prophet_broad,prophet,frozen,broad,False,42,18,2025-05-12 01:00:00,2025-05-14 00:00:00,48,62.75,True,True,67.4457301694087,0.0,67.4457301694087,0.0,0.013761198999418411,0.0
ablate_prophet_broad,prophet,frozen,broad,False,42,18,2025-05-12 01:00:00,2025-05-14 01:00:00,49,15.94,True,True,36.330396428763976,0.0,36.330396428763976,0.0,0.013761198999418411,0.0
ablate_prophet_broad,prophet,frozen,broad,False,42,18,2025-05-12 01:00:00,2025-05-14 02:00:00,50,5.62,True,True,29.71035816112942,0.0,29.71035816112942,0.0,0.013761198999418411,0.0
ablate_prophet_broad,prophet,frozen,broad,False,42,18,2025-05-12 01:00:00,2025-05-14 03:00:00,51,4.86,True,True,24.9480477961485,0.0,24.9480477961485,0.0,0.013761198999418411,0.0
ablate_prophet_broad,prophet,frozen,broad,False,42,18,2025-05-12 01:00:00,2025-05-14 04:00:00,52,6.25,True,True,27.200761732036824,0.0,27.200761732036824,0.0,0.013761198999418411,0.0
ablate_prophet_broad,prophet,frozen,broad,False,42,18,2025-05-12 01:00:00,2025-05-14 05:00:00,53,9.43,True,True,28.308578093097537,0.0,28.308578093097537,0.0,0.013761198999418411,0.0
ablate_prophet_broad,prophet,frozen,broad,False,42,18,2025-05-12 01:00:00,2025-05-14 06:00:00,54,13.26,True,True,29.379800446277642,0.0,29.379800446277642,0.0,0.013761198999418411,0.0
ablate_prophet_broad,prophet,frozen,broad,False,42,18,2025-05-12 01:00:00,2025-05-14 07:00:00,55,15.36,True,True,29.279181366816744,0.0,29.279181366816744,0.0,0.013761198999418411,0.0
ablate_prophet_broad,prophet,frozen,broad,False,42,18,2025-05-12 01:00:00,2025-05-14 08:00:00,56,16.84,True,True,26.082589320961205,0.0,26.082589320961205,0.0,0.013761198999418411,0.0
ablate_prophet_broad,prophet,frozen,broad,False,42,18,2025-05-12 01:00:00,2025-05-14 09:00:00,57,17.53,True,True,22.13155886480922,0.0,22.13155886480922,0.0,0.013761198999418411,0.0
ablate_prophet_broad,prophet,frozen,broad,False,42,18,2025-05-12 01:00:00,2025-05-14 10:00:00,58,17.77,True,True,20.40146571152107,0.0,20.40146571152107,0.0,0.013761198999418411,0.0
ablate_prophet_broad,prophet,frozen,broad,False,42,18,2025-05-12 01:00:00,2025-05-14 11:00:00,59,17.57,True,True,16.27785786942985,0.0,16.27785786942985,0.0,0.013761198999418411,0.0
ablate_prophet_broad,prophet,frozen,broad,False,42,18,2025-05-12 01:00:00,2025-05-14 12:00:00,60,17.39,True,True,19.164874734910313,0.0,19.164874734910313,0.0,0.013761198999418411,0.0
ablate_prophet_broad,prophet,frozen,broad,False,42,18,2025-05-12 01:00:00,2025-05-14 13:00:00,61,18.98,True,True,20.300196141813785,0.0,20.300196141813785,0.0,0.013761198999418411,0.0
ablate_prophet_broad,prophet,frozen,broad,False,42,18,2025-05-12 01:00:00,2025-05-14 14:00:00,62,22.12,True,True,22.59562013445452,0.0,22.59562013445452,0.0,0.013761198999418411,0.0
ablate_prophet_broad,prophet,frozen,broad,False,42,18,2025-05-12 01:00:00,2025-05-14 15:00:00,63,24.71,True,True,28.263992954724586,0.0,28.263992954724586,0.0,0.013761198999418411,0.0
ablate_prophet_broad,prophet,frozen,broad,False,42,18,2025-05-12 01:00:00,2025-05-14 16:00:00,64,25.69,True,True,32.70997406620438,0.0,32.70997406620438,0.0,0.013761198999418411,0.0
ablate_prophet_broad,prophet,frozen,broad,False,42,18,2025-05-12 01:00:00,2025-05-14 17:00:00,65,26.29,True,True,36.677508129275566,0.0,36.677508129275566,0.0,0.013761198999418411,0.0
ablate_prophet_broad,prophet,frozen,broad,False,42,18,2025-05-12 01:00:00,2025-05-14 18:00:00,66,26.96,True,True,39.10466709904057,0.0,39.10466709904057,0.0,0.013761198999418411,0.0
ablate_prophet_broad,prophet,frozen,broad,False,42,18,2025-05-12 01:00:00,2025-05-14 19:00:00,67,27.85,True,True,41.71199815147571,0.0,41.71199815147571,0.0,0.013761198999418411,0.0
ablate_prophet_broad,prophet,frozen,broad,False,42,18,2025-05-12 01:00:00,2025-05-14 20:00:00,68,29.18,True,True,45.185284119360176,0.0,45.185284119360176,0.0,0.013761198999418411,0.0
ablate_prophet_broad,prophet,frozen,broad,False,42,18,2025-05-12 01:00:00,2025-05-14 21:00:00,69,30.38,True,True,47.45132350019867,0.0,47.45132350019867,0.0,0.013761198999418411,0.0
ablate_prophet_broad,prophet,frozen,broad,False,42,18,2025-05-12 01:00:00,2025-05-14 22:00:00,70,31.16,True,True,47.82968062367084,0.0,47.82968062367084,0.0,0.013761198999418411,0.0
ablate_prophet_broad,prophet,frozen,broad,False,42,18,2025-05-12 01:00:00,2025-05-14 23:00:00,71,31.99,True,True,47.173723041862075,0.0,47.173723041862075,0.0,0.013761198999418411,0.0
ablate_prophet_broad,prophet,frozen,broad,False,42,18,2025-05-12 01:00:00,2025-05-15 00:00:00,72,34.43,True,True,46.9203503817769,0.0,46.9203503817769,0.0,0.013761198999418411,0.0
ablate_prophet_broad,prophet,frozen,broad,False,42,18,2025-05-12 01:00:00,2025-05-15 01:00:00,73,39.39,True,True,49.30657436866943,0.0,49.30657436866943,0.0,0.013761198999418411,0.0
ablate_prophet_broad,prophet,frozen,broad,False,42,18,2025-05-12 01:00:00,2025-05-15 02:00:00,74,46.82,True,True,54.684888358932426,0.0,54.684888358932426,0.0,0.013761198999418411,0.0
ablate_prophet_broad,prophet,frozen,broad,False,42,18,2025-05-12 01:00:00,2025-05-15 03:00:00,75,58.84,True,True,64.74604955822372,0.0,64.74604955822372,0.0,0.013761198999418411,0.0
ablate_prophet_broad,prophet,frozen,broad,False,42,18,2025-05-12 01:00:00,2025-05-15 04:00:00,76,53.22,True,True,64.74653104749314,0.0,64.74653104749314,0.0,0.013761198999418411,0.0
ablate_prophet_broad,prophet,frozen,broad,False,42,18,2025-05-12 01:00:00,2025-05-15 05:00:00,77,45.04,True,True,60.18897293253269,0.0,60.18897293253269,0.0,0.013761198999418411,0.0
ablate_prophet_broad,prophet,frozen,broad,False,42,18,2025-05-12 01:00:00,2025-05-15 06:00:00,78,39.93,True,True,56.156374461754666,0.0,56.156374461754666,0.0,0.013761198999418411,0.0
ablate_prophet_broad,prophet,frozen,broad,False,42,18,2025-05-12 01:00:00,2025-05-15 07:00:00,79,37.1,True,True,52.359051154132345,0.0,52.359051154132345,0.0,0.013761198999418411,0.0
ablate_prophet_broad,prophet,frozen,broad,False,42,18,2025-05-12 01:00:00,2025-05-15 08:00:00,80,34.96,True,True,48.28433653909076,0.0,48.28433653909076,0.0,0.013761198999418411,0.0
ablate_prophet_broad,prophet,frozen,broad,False,42,18,2025-05-12 01:00:00,2025-05-15 09:00:00,81,33.31,True,True,44.633943163040726,0.0,44.633943163040726,0.0,0.013761198999418411,0.0
ablate_prophet_broad,prophet,frozen,broad,False,42,18,2025-05-12 01:00:00,2025-05-15 10:00:00,82,33.19,True,True,39.87123688890449,0.0,39.87123688890449,0.0,0.013761198999418411,0.0
ablate_prophet_broad,prophet,frozen,broad,False,42,18,2025-05-12 01:00:00,2025-05-15 11:00:00,83,34.38,True,True,35.36244986005323,0.0,35.36244986005323,0.0,0.013761198999418411,0.0
ablate_prophet_broad,prophet,frozen,broad,False,42,18,2025-05-12 01:00:00,2025-05-15 12:00:00,84,35.56,True,True,32.89149279599931,0.0,32.89149279599931,0.0,0.013761198999418411,0.0
ablate_prophet_broad,prophet,frozen,broad,False,42,18,2025-05-12 01:00:00,2025-05-15 13:00:00,85,36.41,True,True,32.07767994294829,0.0,32.07767994294829,0.0,0.013761198999418411,0.0
ablate_prophet_broad,prophet,frozen,broad,False,42,18,2025-05-12 01:00:00,2025-05-15 14:00:00,86,38.29,True,True,33.14262826552121,0.0,33.14262826552121,0.0,0.013761198999418411,0.0
ablate_prophet_broad,prophet,frozen,broad,False,42,18,2025-05-12 01:00:00,2025-05-15 15:00:00,87,40.83,True,True,37.2614417454445,0.0,37.2614417454445,0.0,0.013761198999418411,0.0
ablate_prophet_broad,prophet,frozen,broad,False,42,18,2025-05-12 01:00:00,2025-05-15 16:00:00,88,44.56,True,True,42.278662688091856,0.0,42.278662688091856,0.0,0.013761198999418411,0.0
ablate_prophet_broad,prophet,frozen,broad,False,42,18,2025-05-12 01:00:00,2025-05-15 17:00:00,89,51.39,True,True,48.094512092610586,0.0,48.094512092610586,0.0,0.013761198999418411,0.0
ablate_prophet_broad,prophet,frozen,broad,False,42,18,2025-05-12 01:00:00,2025-05-15 18:00:00,90,60.87,True,True,54.782243634418876,0.0,54.782243634418876,0.0,0.013761198999418411,0.0
ablate_prophet_broad,prophet,frozen,broad,False,42,18,2025-05-12 01:00:00,2025-05-15 19:00:00,91,72.05,True,True,62.19731023354413,0.0,62.19731023354413,0.0,0.013761198999418411,0.0
ablate_prophet_broad,prophet,frozen,broad,False,42,18,2025-05-12 01:00:00,2025-05-15 20:00:00,92,84.88,True,True,70.9635451524737,0.0,70.9635451524737,0.0,0.013761198999418411,0.0
ablate_prophet_broad,prophet,frozen,broad,False,42,18,2025-05-12 01:00:00,2025-05-15 21:00:00,93,97.79,True,True,79.86208917850465,0.0,79.86208917850465,0.0,0.013761198999418411,0.0
ablate_prophet_broad,prophet,frozen,broad,False,42,18,2025-05-12 01:00:00,2025-05-15 22:00:00,94,108.37,True,True,83.3842062920707,0.0,83.3842062920707,0.0,0.013761198999418411,0.0
ablate_prophet_broad,prophet,frozen,broad,False,42,18,2025-05-12 01:00:00,2025-05-15 23:00:00,95,116.25,True,True,87.90262374875962,0.0,87.90262374875962,0.0,0.013761198999418411,0.0
ablate_prophet_broad,prophet,frozen,broad,False,42,18,2025-05-12 01:00:00,2025-05-16 00:00:00,96,123.15,True,True,88.70654041224556,0.0,88.70654041224556,0.0,0.013761198999418411,0.0
ablate_prophet_broad,prophet,frozen,broad,False,42,18,2025-05-12 01:00:00,2025-05-16 01:00:00,97,132.18,True,True,94.13215074934706,0.0,94.13215074934706,0.0,0.013761198999418411,0.0
ablate_prophet_broad,prophet,frozen,broad,False,42,18,2025-05-12 01:00:00,2025-05-16 02:00:00,98,142.04,True,True,101.30876973022627,0.0,101.30876973022627,0.0,0.013761198999418411,0.0
ablate_prophet_broad,prophet,frozen,broad,False,42,18,2025-05-12 01:00:00,2025-05-16 03:00:00,99,159.17,True,True,113.53744519112641,0.0,113.53744519112641,0.0,0.013761198999418411,0.0
ablate_prophet_broad,prophet,frozen,broad,False,42,18,2025-05-12 01:00:00,2025-05-16 04:00:00,100,174.04,True,True,126.58383808600679,0.0,126.58383808600679,0.0,0.013761198999418411,0.0
ablate_prophet_broad,prophet,frozen,broad,False,42,18,2025-05-12 01:00:00,2025-05-16 05:00:00,101,174.39,True,True,131.25513050523543,0.0,131.25513050523543,0.0,0.013761198999418411,0.0
ablate_prophet_broad,prophet,frozen,broad,False,42,18,2025-05-12 01:00:00,2025-05-16 06:00:00,102,172.46,True,True,130.8370795763392,0.0,130.8370795763392,0.0,0.013761198999418411,0.0
ablate_prophet_broad,prophet,frozen,broad,False,42,18,2025-05-12 01:00:00,2025-05-16 07:00:00,103,168.26,True,True,127.32259627525124,0.0,127.32259627525124,0.0,0.013761198999418411,0.0
ablate_prophet_broad,prophet,frozen,broad,False,42,18,2025-05-12 01:00:00,2025-05-16 08:00:00,104,160.05,True,True,120.62111422137616,0.0,120.62111422137616,0.0,0.013761198999418411,0.0
ablate_prophet_broad,prophet,frozen,broad,False,42,18,2025-05-12 01:00:00,2025-05-16 09:00:00,105,155.52,True,True,113.90482391917703,0.0,113.90482391917703,0.0,0.013761198999418411,0.0
ablate_prophet_broad,prophet,frozen,broad,False,42,18,2025-05-12 01:00:00,2025-05-16 10:00:00,106,149.99,True,True,108.22010057555013,0.0,108.22010057555013,0.0,0.013761198999418411,0.0
ablate_prophet_broad,prophet,frozen,broad,False,42,18,2025-05-12 01:00:00,2025-05-16 11:00:00,107,142.95,True,True,102.31411704665305,0.0,102.31411704665305,0.0,0.013761198999418411,0.0
ablate_prophet_broad,prophet,frozen,broad,False,42,18,2025-05-12 01:00:00,2025-05-16 12:00:00,108,135.27,True,True,96.60710821829252,0.0,96.60710821829252,0.0,0.013761198999418411,0.0
ablate_prophet_broad,prophet,frozen,broad,False,42,18,2025-05-12 01:00:00,2025-05-16 13:00:00,109,128.41,True,True,89.62275947986244,0.0,89.62275947986244,0.0,0.013761198999418411,0.0
ablate_prophet_broad,prophet,frozen,broad,False,42,18,2025-05-12 01:00:00,2025-05-16 14:00:00,110,127.57,True,True,92.4159414349956,0.0,92.4159414349956,0.0,0.013761198999418411,0.0
ablate_prophet_broad,prophet,frozen,broad,False,42,18,2025-05-12 01:00:00,2025-05-16 15:00:00,111,129.89,True,True,98.59335076538096,0.0,98.59335076538096,0.0,0.013761198999418411,0.0
ablate_prophet_broad,prophet,frozen,broad,False,42,18,2025-05-12 01:00:00,2025-05-16 16:00:00,112,130.59,True,True,75.9045841681114,0.0,75.9045841681114,0.0,0.013761198999418411,0.0
ablate_prophet_broad,prophet,frozen,broad,False,42,18,2025-05-12 01:00:00,2025-05-16 17:00:00,113,127.01,True,True,67.64333610362564,0.0,67.64333610362564,0.0,0.013761198999418411,0.0
ablate_prophet_broad,prophet,frozen,broad,False,42,18,2025-05-12 01:00:00,2025-05-16 18:00:00,114,112.05,True,True,67.29195026432629,0.0,67.29195026432629,0.0,0.013761198999418411,0.0
ablate_prophet_broad,prophet,frozen,broad,False,42,18,2025-05-12 01:00:00,2025-05-16 19:00:00,115,80.06,True,True,129.97661821914392,0.0,129.97661821914392,0.0,0.013761198999418411,0.0
ablate_prophet_broad,prophet,frozen,broad,False,42,18,2025-05-12 01:00:00,2025-05-16 20:00:00,116,89.46,True,True,178.18546261510807,0.0,178.18546261510807,0.0,0.013761198999418411,0.0
ablate_prophet_broad,prophet,frozen,broad,False,42,18,2025-05-12 01:00:00,2025-05-16 21:00:00,117,74.72,True,True,135.473582869933,0.0,135.473582869933,0.0,0.013761198999418411,0.0
ablate_prophet_broad,prophet,frozen,broad,False,42,18,2025-05-12 01:00:00,2025-05-16 22:00:00,118,33.73,True,True,52.91449926322181,0.0,52.91449926322181,0.0,0.013761198999418411,0.0
ablate_prophet_broad,prophet,frozen,broad,False,42,18,2025-05-12 01:00:00,2025-05-16 23:00:00,119,9.38,True,True,10.191655792946932,0.0,10.191655792946932,0.0,0.013761198999418411,0.0
ablate_prophet_broad,prophet,frozen,broad,False,42,18,2025-05-12 01:00:00,2025-05-17 00:00:00,120,2.03,True,True,-1.8325876330630138,0.0,-1.8325876330630138,0.0,0.013761198999418411,0.0
ablate_prophet_broad,prophet,frozen,broad,False,42,18,2025-05-12 01:00:00,2025-05-17 01:00:00,121,0.71,True,True,-6.009252280576192,0.0,-6.009252280576192,0.0,0.013761198999418411,0.0
ablate_prophet_broad,prophet,frozen,broad,False,42,18,2025-05-12 01:00:00,2025-05-17 02:00:00,122,0.79,True,True,-7.014748891952195,0.0,-7.014748891952195,0.0,0.013761198999418411,0.0
ablate_prophet_broad,prophet,frozen,broad,False,42,18,2025-05-12 01:00:00,2025-05-17 03:00:00,123,1.11,True,True,-6.6073997179809965,0.0,-6.6073997179809965,0.0,0.013761198999418411,0.0
ablate_prophet_broad,prophet,frozen,broad,False,42,18,2025-05-12 01:00:00,2025-05-17 04:00:00,124,1.41,True,True,-6.628609590577867,0.0,-6.628609590577867,0.0,0.013761198999418411,0.0
ablate_prophet_broad,prophet,frozen,broad,False,42,18,2025-05-12 01:00:00,2025-05-17 05:00:00,125,1.59,True,True,-6.460983664673165,0.0,-6.460983664673165,0.0,0.013761198999418411,0.0
ablate_prophet_broad,prophet,frozen,broad,False,42,18,2025-05-12 01:00:00,2025-05-17 06:00:00,126,1.8,True,True,-9.533368249657201,0.0,-9.533368249657201,0.0,0.013761198999418411,0.0
ablate_prophet_broad,prophet,frozen,broad,False,42,18,2025-05-12 01:00:00,2025-05-17 07:00:00,127,1.98,True,True,-12.439992719428659,0.0,-12.439992719428659,0.0,0.013761198999418411,0.0
ablate_prophet_broad,prophet,frozen,broad,False,42,18,2025-05-12 01:00:00,2025-05-17 08:00:00,128,2.06,True,True,-16.110726950506347,0.0,-16.110726950506347,0.0,0.013761198999418411,0.0
ablate_prophet_broad,prophet,frozen,broad,False,42,18,2025-05-12 01:00:00,2025-05-17 09:00:00,129,2.07,True,True,-23.437107917224125,0.0,-23.437107917224125,0.0,0.013761198999418411,0.0
ablate_prophet_broad,prophet,frozen,broad,False,42,18,2025-05-12 01:00:00,2025-05-17 10:00:00,130,2.49,True,True,-27.569810670808323,0.0,-27.569810670808323,0.0,0.013761198999418411,0.0
ablate_prophet_broad,prophet,frozen,broad,False,42,18,2025-05-12 01:00:00,2025-05-17 11:00:00,131,3.33,True,True,-28.739715442455946,0.0,-28.739715442455946,0.0,0.013761198999418411,0.0
ablate_prophet_broad,prophet,frozen,broad,False,42,18,2025-05-12 01:00:00,2025-05-17 12:00:00,132,4.39,True,True,-28.245549537336785,0.0,-28.245549537336785,0.0,0.013761198999418411,0.0
ablate_prophet_broad,prophet,frozen,broad,False,42,18,2025-05-12 01:00:00,2025-05-17 13:00:00,133,5.46,True,True,-13.713246005858508,0.0,-13.713246005858508,0.0,0.013761198999418411,0.0
ablate_prophet_broad,prophet,frozen,broad,False,42,18,2025-05-12 01:00:00,2025-05-17 14:00:00,134,6.52,True,True,-10.275488366888226,0.0,-10.275488366888226,0.0,0.013761198999418411,0.0
ablate_prophet_broad,prophet,frozen,broad,False,42,18,2025-05-12 01:00:00,2025-05-17 15:00:00,135,7.63,True,True,-7.130044217708132,0.0,-7.130044217708132,0.0,0.013761198999418411,0.0
ablate_prophet_broad,prophet,frozen,broad,False,42,18,2025-05-12 01:00:00,2025-05-17 16:00:00,136,8.39,True,True,-0.6021249487310456,0.0,-0.6021249487310456,0.0,0.013761198999418411,0.0
ablate_prophet_broad,prophet,frozen,broad,False,42,18,2025-05-12 01:00:00,2025-05-17 17:00:00,137,9.24,True,True,3.4999583579819955,0.0,3.4999583579819955,0.0,0.013761198999418411,0.0
ablate_prophet_broad,prophet,frozen,broad,False,42,18,2025-05-12 01:00:00,2025-05-17 18:00:00,138,10.63,True,True,11.803922840079366,0.0,11.803922840079366,0.0,0.013761198999418411,0.0
ablate_prophet_broad,prophet,frozen,broad,False,42,18,2025-05-12 01:00:00,2025-05-17 19:00:00,139,12.19,True,True,10.425264705985057,0.0,10.425264705985057,0.0,0.013761198999418411,0.0
ablate_prophet_broad,prophet,frozen,broad,False,42,18,2025-05-12 01:00:00,2025-05-17 20:00:00,140,13.51,True,True,16.871585836527487,0.0,16.871585836527487,0.0,0.013761198999418411,0.0
ablate_prophet_broad,prophet,frozen,broad,False,42,18,2025-05-12 01:00:00,2025-05-17 21:00:00,141,15.07,True,True,21.18986293823656,0.0,21.18986293823656,0.0,0.013761198999418411,0.0
ablate_prophet_broad,prophet,frozen,broad,False,42,18,2025-05-12 01:00:00,2025-05-17 22:00:00,142,16.71,True,True,24.216477096197906,0.0,24.216477096197906,0.0,0.013761198999418411,0.0
ablate_prophet_broad,prophet,frozen,broad,False,42,18,2025-05-12 01:00:00,2025-05-17 23:00:00,143,18.53,True,True,23.474835978185013,0.0,23.474835978185013,0.0,0.013761198999418411,0.0
ablate_prophet_broad,prophet,frozen,broad,False,42,18,2025-05-12 01:00:00,2025-05-18 00:00:00,144,20.61,True,True,19.279606228160816,0.0,19.279606228160816,0.0,0.013761198999418411,0.0
ablate_prophet_broad,prophet,frozen,broad,False,42,18,2025-05-12 01:00:00,2025-05-18 01:00:00,145,24.64,True,True,21.13198174999593,0.0,21.13198174999593,0.0,0.013761198999418411,0.0
ablate_prophet_broad,prophet,frozen,broad,False,42,18,2025-05-12 01:00:00,2025-05-18 02:00:00,146,29.03,True,True,21.772982907555644,0.0,21.772982907555644,0.0,0.013761198999418411,0.0
ablate_prophet_broad,prophet,frozen,broad,False,42,18,2025-05-12 01:00:00,2025-05-18 03:00:00,147,35.98,True,True,26.218633601176094,0.0,26.218633601176094,0.0,0.013761198999418411,0.0
ablate_prophet_broad,prophet,frozen,broad,False,42,18,2025-05-12 01:00:00,2025-05-18 04:00:00,148,43.15,True,True,33.09160354107013,0.0,33.09160354107013,0.0,0.013761198999418411,0.0
ablate_prophet_broad,prophet,frozen,broad,False,42,18,2025-05-12 01:00:00,2025-05-18 05:00:00,149,48.28,True,True,37.45735160195261,0.0,37.45735160195261,0.0,0.013761198999418411,0.0
ablate_prophet_broad,prophet,frozen,broad,False,42,18,2025-05-12 01:00:00,2025-05-18 06:00:00,150,50.0,True,True,37.80381178948127,0.0,37.80381178948127,0.0,0.013761198999418411,0.0
ablate_prophet_broad,prophet,frozen,broad,False,42,18,2025-05-12 01:00:00,2025-05-18 07:00:00,151,49.48,True,True,36.37940638365819,0.0,36.37940638365819,0.0,0.013761198999418411,0.0
ablate_prophet_broad,prophet,frozen,broad,False,42,18,2025-05-12 01:00:00,2025-05-18 08:00:00,152,48.42,True,True,33.5842206437469,0.0,33.5842206437469,0.0,0.013761198999418411,0.0
ablate_prophet_broad,prophet,frozen,broad,False,42,18,2025-05-12 01:00:00,2025-05-18 09:00:00,153,49.69,True,True,31.396180469264607,0.0,31.396180469264607,0.0,0.013761198999418411,0.0
ablate_prophet_broad,prophet,frozen,broad,False,42,18,2025-05-12 01:00:00,2025-05-18 10:00:00,154,51.97,True,True,30.941346263451805,0.0,30.941346263451805,0.0,0.013761198999418411,0.0
ablate_prophet_broad,prophet,frozen,broad,False,42,18,2025-05-12 01:00:00,2025-05-18 11:00:00,155,55.69,True,True,30.65114002143258,0.0,30.65114002143258,0.0,0.013761198999418411,0.0
ablate_prophet_broad,prophet,frozen,broad,False,42,18,2025-05-12 01:00:00,2025-05-18 12:00:00,156,60.11,True,True,31.91006386653254,0.0,31.91006386653254,0.0,0.013761198999418411,0.0
ablate_prophet_broad,prophet,frozen,broad,False,42,18,2025-05-12 01:00:00,2025-05-18 13:00:00,157,63.29,True,True,32.343722382122735,0.0,32.343722382122735,0.0,0.013761198999418411,0.0
ablate_prophet_broad,prophet,frozen,broad,False,42,18,2025-05-12 01:00:00,2025-05-18 14:00:00,158,66.17,True,True,38.06227066471297,0.0,38.06227066471297,0.0,0.013761198999418411,0.0
ablate_prophet_broad,prophet,frozen,broad,False,42,18,2025-05-12 01:00:00,2025-05-18 15:00:00,159,69.01,True,True,47.06687399985154,0.0,47.06687399985154,0.0,0.013761198999418411,0.0
ablate_prophet_broad,prophet,frozen,broad,False,42,18,2025-05-12 01:00:00,2025-05-18 16:00:00,160,70.53,True,True,50.88610399367238,0.0,50.88610399367238,0.0,0.013761198999418411,0.0
ablate_prophet_broad,prophet,frozen,broad,False,42,18,2025-05-12 01:00:00,2025-05-18 17:00:00,161,72.16,True,True,56.73547130784459,0.0,56.73547130784459,0.0,0.013761198999418411,0.0
ablate_prophet_broad,prophet,frozen,broad,False,42,18,2025-05-12 01:00:00,2025-05-18 18:00:00,162,73.77,True,True,57.19643622385266,0.0,57.19643622385266,0.0,0.013761198999418411,0.0
ablate_prophet_broad,prophet,frozen,broad,False,42,18,2025-05-12 01:00:00,2025-05-18 19:00:00,163,75.17,True,True,62.02486601777255,0.0,62.02486601777255,0.0,0.013761198999418411,0.0
ablate_prophet_broad,prophet,frozen,broad,False,42,18,2025-05-12 01:00:00,2025-05-18 20:00:00,164,76.93,True,True,69.93455762249411,0.0,69.93455762249411,0.0,0.013761198999418411,0.0
ablate_prophet_broad,prophet,frozen,broad,False,42,18,2025-05-12 01:00:00,2025-05-18 21:00:00,165,78.91,True,True,72.11602019628691,0.0,72.11602019628691,0.0,0.013761198999418411,0.0
ablate_prophet_broad,prophet,frozen,broad,False,42,18,2025-05-12 01:00:00,2025-05-18 22:00:00,166,79.54,True,True,73.4641412155045,0.0,73.4641412155045,0.0,0.013761198999418411,0.0
ablate_prophet_broad,prophet,frozen,broad,False,42,18,2025-05-12 01:00:00,2025-05-18 23:00:00,167,80.6,True,True,73.94475999503035,0.0,73.94475999503035,0.0,0.013761198999418411,0.0
ablate_prophet_broad,prophet,frozen,broad,False,42,18,2025-05-12 01:00:00,2025-05-19 00:00:00,168,83.05,True,True,73.3167708732602,0.0,73.3167708732602,0.0,0.013761198999418411,0.0
ablate_prophet_broad,prophet,frozen,broad,False,42,19,2025-05-19 01:00:00,2025-05-19 01:00:00,1,106.21,True,True,83.53312931669328,0.0,83.53312931669328,0.0,0.01358239899855107,0.0
ablate_prophet_broad,prophet,frozen,broad,False,42,19,2025-05-19 01:00:00,2025-05-19 02:00:00,2,120.42,True,True,90.72056701247178,0.0,90.72056701247178,0.0,0.01358239899855107,0.0
ablate_prophet_broad,prophet,frozen,broad,False,42,19,2025-05-19 01:00:00,2025-05-19 03:00:00,3,134.36,True,True,100.0655005752938,0.0,100.0655005752938,0.0,0.01358239899855107,0.0
ablate_prophet_broad,prophet,frozen,broad,False,42,19,2025-05-19 01:00:00,2025-05-19 04:00:00,4,150.03,True,True,110.02057771062772,0.0,110.02057771062772,0.0,0.01358239899855107,0.0
ablate_prophet_broad,prophet,frozen,broad,False,42,19,2025-05-19 01:00:00,2025-05-19 05:00:00,5,158.37,True,True,116.87876335974087,0.0,116.87876335974087,0.0,0.01358239899855107,0.0
ablate_prophet_broad,prophet,frozen,broad,False,42,19,2025-05-19 01:00:00,2025-05-19 06:00:00,6,165.03,True,True,121.53491832355502,0.0,121.53491832355502,0.0,0.01358239899855107,0.0
ablate_prophet_broad,prophet,frozen,broad,False,42,19,2025-05-19 01:00:00,2025-05-19 07:00:00,7,169.88,True,True,122.94794961972104,0.0,122.94794961972104,0.0,0.01358239899855107,0.0
ablate_prophet_broad,prophet,frozen,broad,False,42,19,2025-05-19 01:00:00,2025-05-19 08:00:00,8,169.11,True,True,121.09012967376935,0.0,121.09012967376935,0.0,0.01358239899855107,0.0
ablate_prophet_broad,prophet,frozen,broad,False,42,19,2025-05-19 01:00:00,2025-05-19 09:00:00,9,165.39,True,True,115.30949761123615,0.0,115.30949761123615,0.0,0.01358239899855107,0.0
ablate_prophet_broad,prophet,frozen,broad,False,42,19,2025-05-19 01:00:00,2025-05-19 10:00:00,10,161.09,True,True,108.40598792007401,0.0,108.40598792007401,0.0,0.01358239899855107,0.0
ablate_prophet_broad,prophet,frozen,broad,False,42,19,2025-05-19 01:00:00,2025-05-19 11:00:00,11,160.83,True,True,105.48297187993684,0.0,105.48297187993684,0.0,0.01358239899855107,0.0
ablate_prophet_broad,prophet,frozen,broad,False,42,19,2025-05-19 01:00:00,2025-05-19 12:00:00,12,163.43,True,True,107.47526891990591,0.0,107.47526891990591,0.0,0.01358239899855107,0.0
ablate_prophet_broad,prophet,frozen,broad,False,42,19,2025-05-19 01:00:00,2025-05-19 13:00:00,13,166.63,True,True,118.3377035048316,0.0,118.3377035048316,0.0,0.01358239899855107,0.0
ablate_prophet_broad,prophet,frozen,broad,False,42,19,2025-05-19 01:00:00,2025-05-19 14:00:00,14,174.66,True,True,123.62391121824008,0.0,123.62391121824008,0.0,0.01358239899855107,0.0
ablate_prophet_broad,prophet,frozen,broad,False,42,19,2025-05-19 01:00:00,2025-05-19 15:00:00,15,184.39,True,True,133.02811031911926,0.0,133.02811031911926,0.0,0.01358239899855107,0.0
ablate_prophet_broad,prophet,frozen,broad,False,42,19,2025-05-19 01:00:00,2025-05-19 16:00:00,16,188.7,True,True,136.56009407801076,0.0,136.56009407801076,0.0,0.01358239899855107,0.0
ablate_prophet_broad,prophet,frozen,broad,False,42,19,2025-05-19 01:00:00,2025-05-19 17:00:00,17,191.52,True,True,140.1556452864192,0.0,140.1556452864192,0.0,0.01358239899855107,0.0
ablate_prophet_broad,prophet,frozen,broad,False,42,19,2025-05-19 01:00:00,2025-05-19 18:00:00,18,192.55,True,True,143.66091978078865,0.0,143.66091978078865,0.0,0.01358239899855107,0.0
ablate_prophet_broad,prophet,frozen,broad,False,42,19,2025-05-19 01:00:00,2025-05-19 19:00:00,19,192.69,True,True,146.08167788648444,0.0,146.08167788648444,0.0,0.01358239899855107,0.0
ablate_prophet_broad,prophet,frozen,broad,False,42,19,2025-05-19 01:00:00,2025-05-19 20:00:00,20,195.21,True,True,150.3816502652943,0.0,150.3816502652943,0.0,0.01358239899855107,0.0
ablate_prophet_broad,prophet,frozen,broad,False,42,19,2025-05-19 01:00:00,2025-05-19 21:00:00,21,199.0,True,True,154.8577606025773,0.0,154.8577606025773,0.0,0.01358239899855107,0.0
ablate_prophet_broad,prophet,frozen,broad,False,42,19,2025-05-19 01:00:00,2025-05-19 22:00:00,22,200.71,True,True,157.57569943508435,0.0,157.57569943508435,0.0,0.01358239899855107,0.0
ablate_prophet_broad,prophet,frozen,broad,False,42,19,2025-05-19 01:00:00,2025-05-19 23:00:00,23,202.4,True,True,160.1910902570696,0.0,160.1910902570696,0.0,0.01358239899855107,0.0
ablate_prophet_broad,prophet,frozen,broad,False,42,19,2025-05-19 01:00:00,2025-05-20 00:00:00,24,207.16,True,True,158.89612668287316,0.0,158.89612668287316,0.0,0.01358239899855107,0.0
ablate_prophet_broad,prophet,frozen,broad,False,42,19,2025-05-19 01:00:00,2025-05-20 01:00:00,25,217.86,True,True,162.93242172099497,0.0,162.93242172099497,0.0,0.01358239899855107,0.0
ablate_prophet_broad,prophet,frozen,broad,False,42,19,2025-05-19 01:00:00,2025-05-20 02:00:00,26,224.36,True,True,166.67254449022204,0.0,166.67254449022204,0.0,0.01358239899855107,0.0
ablate_prophet_broad,prophet,frozen,broad,False,42,19,2025-05-19 01:00:00,2025-05-20 03:00:00,27,234.96,True,True,175.05150206991613,0.0,175.05150206991613,0.0,0.01358239899855107,0.0
ablate_prophet_broad,prophet,frozen,broad,False,42,19,2025-05-19 01:00:00,2025-05-20 04:00:00,28,244.15,True,True,183.7756940704493,0.0,183.7756940704493,0.0,0.01358239899855107,0.0
ablate_prophet_broad,prophet,frozen,broad,False,42,19,2025-05-19 01:00:00,2025-05-20 05:00:00,29,248.93,True,True,188.0309733305462,0.0,188.0309733305462,0.0,0.01358239899855107,0.0
ablate_prophet_broad,prophet,frozen,broad,False,42,19,2025-05-19 01:00:00,2025-05-20 06:00:00,30,248.07,True,True,187.39839253928605,0.0,187.39839253928605,0.0,0.01358239899855107,0.0
ablate_prophet_broad,prophet,frozen,broad,False,42,19,2025-05-19 01:00:00,2025-05-20 07:00:00,31,241.33,True,True,181.4733963650613,0.0,181.4733963650613,0.0,0.01358239899855107,0.0
ablate_prophet_broad,prophet,frozen,broad,False,42,19,2025-05-19 01:00:00,2025-05-20 08:00:00,32,235.59,True,True,173.52502049394727,0.0,173.52502049394727,0.0,0.01358239899855107,0.0
ablate_prophet_broad,prophet,frozen,broad,False,42,19,2025-05-19 01:00:00,2025-05-20 09:00:00,33,232.31,True,True,166.38306249924912,0.0,166.38306249924912,0.0,0.01358239899855107,0.0
ablate_prophet_broad,prophet,frozen,broad,False,42,19,2025-05-19 01:00:00,2025-05-20 10:00:00,34,235.85,True,True,163.76973872341975,0.0,163.76973872341975,0.0,0.01358239899855107,0.0
ablate_prophet_broad,prophet,frozen,broad,False,42,19,2025-05-19 01:00:00,2025-05-20 11:00:00,35,241.27,True,True,165.5161877666495,0.0,165.5161877666495,0.0,0.01358239899855107,0.0
ablate_prophet_broad,prophet,frozen,broad,False,42,19,2025-05-19 01:00:00,2025-05-20 12:00:00,36,248.47,True,True,173.68077514613205,0.0,173.68077514613205,0.0,0.01358239899855107,0.0
ablate_prophet_broad,prophet,frozen,broad,False,42,19,2025-05-19 01:00:00,2025-05-20 13:00:00,37,252.48,True,True,171.8954773665193,0.0,171.8954773665193,0.0,0.01358239899855107,0.0
ablate_prophet_broad,prophet,frozen,broad,False,42,19,2025-05-19 01:00:00,2025-05-20 14:00:00,38,255.56,True,True,172.8629182467848,0.0,172.8629182467848,0.0,0.01358239899855107,0.0
ablate_prophet_broad,prophet,frozen,broad,False,42,19,2025-05-19 01:00:00,2025-05-20 15:00:00,39,252.79,True,True,171.36932706124634,0.0,171.36932706124634,0.0,0.01358239899855107,0.0
ablate_prophet_broad,prophet,frozen,broad,False,42,19,2025-05-19 01:00:00,2025-05-20 16:00:00,40,235.97,True,True,163.92822006241957,0.0,163.92822006241957,0.0,0.01358239899855107,0.0
ablate_prophet_broad,prophet,frozen,broad,False,42,19,2025-05-19 01:00:00,2025-05-20 17:00:00,41,221.36,True,True,158.17547619305617,0.0,158.17547619305617,0.0,0.01358239899855107,0.0
ablate_prophet_broad,prophet,frozen,broad,False,42,19,2025-05-19 01:00:00,2025-05-20 18:00:00,42,203.64,True,True,151.0602116210702,0.0,151.0602116210702,0.0,0.01358239899855107,0.0
ablate_prophet_broad,prophet,frozen,broad,False,42,19,2025-05-19 01:00:00,2025-05-20 19:00:00,43,183.0,True,True,141.28791918362873,0.0,141.28791918362873,0.0,0.01358239899855107,0.0
ablate_prophet_broad,prophet,frozen,broad,False,42,19,2025-05-19 01:00:00,2025-05-20 20:00:00,44,176.9,True,True,138.98333871760104,0.0,138.98333871760104,0.0,0.01358239899855107,0.0
ablate_prophet_broad,prophet,frozen,broad,False,42,19,2025-05-19 01:00:00,2025-05-20 21:00:00,45,180.99,True,True,141.57261241504492,0.0,141.57261241504492,0.0,0.01358239899855107,0.0
ablate_prophet_broad,prophet,frozen,broad,False,42,19,2025-05-19 01:00:00,2025-05-20 22:00:00,46,185.2,True,True,142.97160139993017,0.0,142.97160139993017,0.0,0.01358239899855107,0.0
ablate_prophet_broad,prophet,frozen,broad,False,42,19,2025-05-19 01:00:00,2025-05-20 23:00:00,47,190.97,True,True,145.90407149476997,0.0,145.90407149476997,0.0,0.01358239899855107,0.0
ablate_prophet_broad,prophet,frozen,broad,False,42,19,2025-05-19 01:00:00,2025-05-21 00:00:00,48,197.37,True,True,141.31946789454875,0.0,141.31946789454875,0.0,0.01358239899855107,0.0
ablate_prophet_broad,prophet,frozen,broad,False,42,19,2025-05-19 01:00:00,2025-05-21 01:00:00,49,193.42,True,True,132.20150959875397,0.0,132.20150959875397,0.0,0.01358239899855107,0.0
ablate_prophet_broad,prophet,frozen,broad,False,42,19,2025-05-19 01:00:00,2025-05-21 02:00:00,50,176.81,True,True,123.82450716512021,0.0,123.82450716512021,0.0,0.01358239899855107,0.0
ablate_prophet_broad,prophet,frozen,broad,False,42,19,2025-05-19 01:00:00,2025-05-21 03:00:00,51,157.6,True,True,116.07640753851769,0.0,116.07640753851769,0.0,0.01358239899855107,0.0
ablate_prophet_broad,prophet,frozen,broad,False,42,19,2025-05-19 01:00:00,2025-05-21 04:00:00,52,141.83,True,True,111.73943280795788,0.0,111.73943280795788,0.0,0.01358239899855107,0.0
ablate_prophet_broad,prophet,frozen,broad,False,42,19,2025-05-19 01:00:00,2025-05-21 05:00:00,53,127.85,True,True,107.03017164931396,0.0,107.03017164931396,0.0,0.01358239899855107,0.0
ablate_prophet_broad,prophet,frozen,broad,False,42,19,2025-05-19 01:00:00,2025-05-21 06:00:00,54,112.63,True,True,99.35672883684663,0.0,99.35672883684663,0.0,0.01358239899855107,0.0
ablate_prophet_broad,prophet,frozen,broad,False,42,19,2025-05-19 01:00:00,2025-05-21 07:00:00,55,100.55,True,True,90.21260021691181,0.0,90.21260021691181,0.0,0.01358239899855107,0.0
ablate_prophet_broad,prophet,frozen,broad,False,42,19,2025-05-19 01:00:00,2025-05-21 08:00:00,56,87.82,True,True,77.49312562381076,0.0,77.49312562381076,0.0,0.01358239899855107,0.0
ablate_prophet_broad,prophet,frozen,broad,False,42,19,2025-05-19 01:00:00,2025-05-21 09:00:00,57,72.32,True,True,61.71714819287749,0.0,61.71714819287749,0.0,0.01358239899855107,0.0
ablate_prophet_broad,prophet,frozen,broad,False,42,19,2025-05-19 01:00:00,2025-05-21 10:00:00,58,57.66,True,True,46.18635764703836,0.0,46.18635764703836,0.0,0.01358239899855107,0.0
ablate_prophet_broad,prophet,frozen,broad,False,42,19,2025-05-19 01:00:00,2025-05-21 11:00:00,59,47.97,True,True,35.60081668146549,0.0,35.60081668146549,0.0,0.01358239899855107,0.0
ablate_prophet_broad,prophet,frozen,broad,False,42,19,2025-05-19 01:00:00,2025-05-21 12:00:00,60,40.63,True,True,30.443142475886418,0.0,30.443142475886418,0.0,0.01358239899855107,0.0
ablate_prophet_broad,prophet,frozen,broad,False,42,19,2025-05-19 01:00:00,2025-05-21 13:00:00,61,34.79,True,True,30.20271324524373,0.0,30.20271324524373,0.0,0.01358239899855107,0.0
ablate_prophet_broad,prophet,frozen,broad,False,42,19,2025-05-19 01:00:00,2025-05-21 14:00:00,62,32.57,True,True,30.530896663897295,0.0,30.530896663897295,0.0,0.01358239899855107,0.0
ablate_prophet_broad,prophet,frozen,broad,False,42,19,2025-05-19 01:00:00,2025-05-21 15:00:00,63,32.98,True,True,32.83059948715919,0.0,32.83059948715919,0.0,0.01358239899855107,0.0
ablate_prophet_broad,prophet,frozen,broad,False,42,19,2025-05-19 01:00:00,2025-05-21 16:00:00,64,34.16,True,True,35.46536141098713,0.0,35.46536141098713,0.0,0.01358239899855107,0.0
ablate_prophet_broad,prophet,frozen,broad,False,42,19,2025-05-19 01:00:00,2025-05-21 17:00:00,65,36.09,True,True,36.31427623945817,0.0,36.31427623945817,0.0,0.01358239899855107,0.0
ablate_prophet_broad,prophet,frozen,broad,False,42,19,2025-05-19 01:00:00,2025-05-21 18:00:00,66,39.22,True,True,41.106525435797096,0.0,41.106525435797096,0.0,0.01358239899855107,0.0
ablate_prophet_broad,prophet,frozen,broad,False,42,19,2025-05-19 01:00:00,2025-05-21 19:00:00,67,43.18,True,True,47.957140013345764,0.0,47.957140013345764,0.0,0.01358239899855107,0.0
ablate_prophet_broad,prophet,frozen,broad,False,42,19,2025-05-19 01:00:00,2025-05-21 20:00:00,68,47.18,True,True,54.302375827321214,0.0,54.302375827321214,0.0,0.01358239899855107,0.0
ablate_prophet_broad,prophet,frozen,broad,False,42,19,2025-05-19 01:00:00,2025-05-21 21:00:00,69,51.07,True,True,61.55242528883667,0.0,61.55242528883667,0.0,0.01358239899855107,0.0
ablate_prophet_broad,prophet,frozen,broad,False,42,19,2025-05-19 01:00:00,2025-05-21 22:00:00,70,54.83,True,True,63.333953278206735,0.0,63.333953278206735,0.0,0.01358239899855107,0.0
ablate_prophet_broad,prophet,frozen,broad,False,42,19,2025-05-19 01:00:00,2025-05-21 23:00:00,71,59.2,True,True,65.86191385012836,0.0,65.86191385012836,0.0,0.01358239899855107,0.0
ablate_prophet_broad,prophet,frozen,broad,False,42,19,2025-05-19 01:00:00,2025-05-22 00:00:00,72,63.88,True,True,67.60795996930469,0.0,67.60795996930469,0.0,0.01358239899855107,0.0
ablate_prophet_broad,prophet,frozen,broad,False,42,19,2025-05-19 01:00:00,2025-05-22 01:00:00,73,73.72,True,True,76.28163242926391,0.0,76.28163242926391,0.0,0.01358239899855107,0.0
ablate_prophet_broad,prophet,frozen,broad,False,42,19,2025-05-19 01:00:00,2025-05-22 02:00:00,74,73.79,True,True,77.04826460595345,0.0,77.04826460595345,0.0,0.01358239899855107,0.0
ablate_prophet_broad,prophet,frozen,broad,False,42,19,2025-05-19 01:00:00,2025-05-22 03:00:00,75,69.67,True,True,74.08834891682619,0.0,74.08834891682619,0.0,0.01358239899855107,0.0
ablate_prophet_broad,prophet,frozen,broad,False,42,19,2025-05-19 01:00:00,2025-05-22 04:00:00,76,53.7,True,True,58.86115232886593,0.0,58.86115232886593,0.0,0.01358239899855107,0.0
ablate_prophet_broad,prophet,frozen,broad,False,42,19,2025-05-19 01:00:00,2025-05-22 05:00:00,77,39.75,True,True,35.89794831985233,0.0,35.89794831985233,0.0,0.01358239899855107,0.0
ablate_prophet_broad,prophet,frozen,broad,False,42,19,2025-05-19 01:00:00,2025-05-22 06:00:00,78,32.66,True,True,34.967818362289904,0.0,34.967818362289904,0.0,0.01358239899855107,0.0
ablate_prophet_broad,prophet,frozen,broad,False,42,19,2025-05-19 01:00:00,2025-05-22 07:00:00,79,30.01,True,True,33.53359772441652,0.0,33.53359772441652,0.0,0.01358239899855107,0.0
ablate_prophet_broad,prophet,frozen,broad,False,42,19,2025-05-19 01:00:00,2025-05-22 08:00:00,80,29.59,True,True,33.044416043781496,0.0,33.044416043781496,0.0,0.01358239899855107,0.0
ablate_prophet_broad,prophet,frozen,broad,False,42,19,2025-05-19 01:00:00,2025-05-22 09:00:00,81,28.73,True,True,29.24217346126582,0.0,29.24217346126582,0.0,0.01358239899855107,0.0
ablate_prophet_broad,prophet,frozen,broad,False,42,19,2025-05-19 01:00:00,2025-05-22 10:00:00,82,26.27,True,True,26.26371234989395,0.0,26.26371234989395,0.0,0.01358239899855107,0.0
ablate_prophet_broad,prophet,frozen,broad,False,42,19,2025-05-19 01:00:00,2025-05-22 11:00:00,83,23.29,True,True,22.22553197648213,0.0,22.22553197648213,0.0,0.01358239899855107,0.0
ablate_prophet_broad,prophet,frozen,broad,False,42,19,2025-05-19 01:00:00,2025-05-22 12:00:00,84,20.54,True,True,18.19078585031795,0.0,18.19078585031795,0.0,0.01358239899855107,0.0
ablate_prophet_broad,prophet,frozen,broad,False,42,19,2025-05-19 01:00:00,2025-05-22 13:00:00,85,19.19,True,True,17.951087703925793,0.0,17.951087703925793,0.0,0.01358239899855107,0.0
ablate_prophet_broad,prophet,frozen,broad,False,42,19,2025-05-19 01:00:00,2025-05-22 14:00:00,86,18.8,True,True,19.944594464708132,0.0,19.944594464708132,0.0,0.01358239899855107,0.0
ablate_prophet_broad,prophet,frozen,broad,False,42,19,2025-05-19 01:00:00,2025-05-22 15:00:00,87,18.92,True,True,22.760187295265922,0.0,22.760187295265922,0.0,0.01358239899855107,0.0
ablate_prophet_broad,prophet,frozen,broad,False,42,19,2025-05-19 01:00:00,2025-05-22 16:00:00,88,19.72,True,True,26.897247015125515,0.0,26.897247015125515,0.0,0.01358239899855107,0.0
ablate_prophet_broad,prophet,frozen,broad,False,42,19,2025-05-19 01:00:00,2025-05-22 17:00:00,89,21.6,True,True,31.323854179995777,0.0,31.323854179995777,0.0,0.01358239899855107,0.0
ablate_prophet_broad,prophet,frozen,broad,False,42,19,2025-05-19 01:00:00,2025-05-22 18:00:00,90,23.58,True,True,36.23120746998407,0.0,36.23120746998407,0.0,0.01358239899855107,0.0
ablate_prophet_broad,prophet,frozen,broad,False,42,19,2025-05-19 01:00:00,2025-05-22 19:00:00,91,25.79,True,True,41.42791250947303,0.0,41.42791250947303,0.0,0.01358239899855107,0.0
ablate_prophet_broad,prophet,frozen,broad,False,42,19,2025-05-19 01:00:00,2025-05-22 20:00:00,92,28.15,True,True,46.14900381970216,0.0,46.14900381970216,0.0,0.01358239899855107,0.0
ablate_prophet_broad,prophet,frozen,broad,False,42,19,2025-05-19 01:00:00,2025-05-22 21:00:00,93,30.46,True,True,49.39261380713128,0.0,49.39261380713128,0.0,0.01358239899855107,0.0
ablate_prophet_broad,prophet,frozen,broad,False,42,19,2025-05-19 01:00:00,2025-05-22 22:00:00,94,32.33,True,True,49.60779275962156,0.0,49.60779275962156,0.0,0.01358239899855107,0.0
ablate_prophet_broad,prophet,frozen,broad,False,42,19,2025-05-19 01:00:00,2025-05-22 23:00:00,95,32.66,True,True,47.477262020447,0.0,47.477262020447,0.0,0.01358239899855107,0.0
ablate_prophet_broad,prophet,frozen,broad,False,42,19,2025-05-19 01:00:00,2025-05-23 00:00:00,96,30.51,True,True,42.860220978313464,0.0,42.860220978313464,0.0,0.01358239899855107,0.0
ablate_prophet_broad,prophet,frozen,broad,False,42,19,2025-05-19 01:00:00,2025-05-23 01:00:00,97,27.16,True,True,43.50545531119192,0.0,43.50545531119192,0.0,0.01358239899855107,0.0
ablate_prophet_broad,prophet,frozen,broad,False,42,19,2025-05-19 01:00:00,2025-05-23 02:00:00,98,23.62,True,True,37.925634642708644,0.0,37.925634642708644,0.0,0.01358239899855107,0.0
ablate_prophet_broad,prophet,frozen,broad,False,42,19,2025-05-19 01:00:00,2025-05-23 03:00:00,99,20.2,True,True,36.38091612029638,0.0,36.38091612029638,0.0,0.01358239899855107,0.0
ablate_prophet_broad,prophet,frozen,broad,False,42,19,2025-05-19 01:00:00,2025-05-23 04:00:00,100,13.57,True,True,34.02898977661732,0.0,34.02898977661732,0.0,0.01358239899855107,0.0
ablate_prophet_broad,prophet,frozen,broad,False,42,19,2025-05-19 01:00:00,2025-05-23 05:00:00,101,11.08,True,True,30.851495191985094,0.0,30.851495191985094,0.0,0.01358239899855107,0.0
ablate_prophet_broad,prophet,frozen,broad,False,42,19,2025-05-19 01:00:00,2025-05-23 06:00:00,102,10.87,True,True,23.748395695009577,0.0,23.748395695009577,0.0,0.01358239899855107,0.0
ablate_prophet_broad,prophet,frozen,broad,False,42,19,2025-05-19 01:00:00,2025-05-23 07:00:00,103,11.57,True,True,22.95967391088061,0.0,22.95967391088061,0.0,0.01358239899855107,0.0
ablate_prophet_broad,prophet,frozen,broad,False,42,19,2025-05-19 01:00:00,2025-05-23 08:00:00,104,12.49,True,True,18.19210239277143,0.0,18.19210239277143,0.0,0.01358239899855107,0.0
ablate_prophet_broad,prophet,frozen,broad,False,42,19,2025-05-19 01:00:00,2025-05-23 09:00:00,105,13.52,True,True,14.896045197460666,0.0,14.896045197460666,0.0,0.01358239899855107,0.0
ablate_prophet_broad,prophet,frozen,broad,False,42,19,2025-05-19 01:00:00,2025-05-23 10:00:00,106,15.21,True,True,16.792051094936284,0.0,16.792051094936284,0.0,0.01358239899855107,0.0
ablate_prophet_broad,prophet,frozen,broad,False,42,19,2025-05-19 01:00:00,2025-05-23 11:00:00,107,16.57,True,True,16.00167299143675,0.0,16.00167299143675,0.0,0.01358239899855107,0.0
ablate_prophet_broad,prophet,frozen,broad,False,42,19,2025-05-19 01:00:00,2025-05-23 12:00:00,108,17.55,True,True,14.233359560050815,0.0,14.233359560050815,0.0,0.01358239899855107,0.0
ablate_prophet_broad,prophet,frozen,broad,False,42,19,2025-05-19 01:00:00,2025-05-23 13:00:00,109,18.58,True,True,18.163414834261232,0.0,18.163414834261232,0.0,0.01358239899855107,0.0
ablate_prophet_broad,prophet,frozen,broad,False,42,19,2025-05-19 01:00:00,2025-05-23 14:00:00,110,20.24,True,True,22.63761380120792,0.0,22.63761380120792,0.0,0.01358239899855107,0.0
ablate_prophet_broad,prophet,frozen,broad,False,42,19,2025-05-19 01:00:00,2025-05-23 15:00:00,111,21.72,True,True,27.04366079310074,0.0,27.04366079310074,0.0,0.01358239899855107,0.0
ablate_prophet_broad,prophet,frozen,broad,False,42,19,2025-05-19 01:00:00,2025-05-23 16:00:00,112,22.19,True,True,31.02285747168534,0.0,31.02285747168534,0.0,0.01358239899855107,0.0
ablate_prophet_broad,prophet,frozen,broad,False,42,19,2025-05-19 01:00:00,2025-05-23 17:00:00,113,22.27,True,True,33.85132322469738,0.0,33.85132322469738,0.0,0.01358239899855107,0.0
ablate_prophet_broad,prophet,frozen,broad,False,42,19,2025-05-19 01:00:00,2025-05-23 18:00:00,114,21.94,True,True,35.90550848548074,0.0,35.90550848548074,0.0,0.01358239899855107,0.0
ablate_prophet_broad,prophet,frozen,broad,False,42,19,2025-05-19 01:00:00,2025-05-23 19:00:00,115,21.13,True,True,36.96404187941906,0.0,36.96404187941906,0.0,0.01358239899855107,0.0
ablate_prophet_broad,prophet,frozen,broad,False,42,19,2025-05-19 01:00:00,2025-05-23 20:00:00,116,20.2,True,True,38.359973480550394,0.0,38.359973480550394,0.0,0.01358239899855107,0.0
ablate_prophet_broad,prophet,frozen,broad,False,42,19,2025-05-19 01:00:00,2025-05-23 21:00:00,117,19.07,True,True,38.219889641430626,0.0,38.219889641430626,0.0,0.01358239899855107,0.0
ablate_prophet_broad,prophet,frozen,broad,False,42,19,2025-05-19 01:00:00,2025-05-23 22:00:00,118,17.49,True,True,36.41439742121602,0.0,36.41439742121602,0.0,0.01358239899855107,0.0
ablate_prophet_broad,prophet,frozen,broad,False,42,19,2025-05-19 01:00:00,2025-05-23 23:00:00,119,16.28,True,True,35.799504485523556,0.0,35.799504485523556,0.0,0.01358239899855107,0.0
ablate_prophet_broad,prophet,frozen,broad,False,42,19,2025-05-19 01:00:00,2025-05-24 00:00:00,120,15.78,True,True,34.71297704068357,0.0,34.71297704068357,0.0,0.01358239899855107,0.0
ablate_prophet_broad,prophet,frozen,broad,False,42,19,2025-05-19 01:00:00,2025-05-24 01:00:00,121,15.27,True,True,34.85459537679421,0.0,34.85459537679421,0.0,0.01358239899855107,0.0
ablate_prophet_broad,prophet,frozen,broad,False,42,19,2025-05-19 01:00:00,2025-05-24 02:00:00,122,16.66,True,True,34.86583771482671,0.0,34.86583771482671,0.0,0.01358239899855107,0.0
ablate_prophet_broad,prophet,frozen,broad,False,42,19,2025-05-19 01:00:00,2025-05-24 03:00:00,123,21.0,True,True,33.38708768029801,0.0,33.38708768029801,0.0,0.01358239899855107,0.0
ablate_prophet_broad,prophet,frozen,broad,False,42,19,2025-05-19 01:00:00,2025-05-24 04:00:00,124,8.1,True,True,14.824484988563142,0.0,14.824484988563142,0.0,0.01358239899855107,0.0
ablate_prophet_broad,prophet,frozen,broad,False,42,19,2025-05-19 01:00:00,2025-05-24 05:00:00,125,6.35,True,True,13.6435254192059,0.0,13.6435254192059,0.0,0.01358239899855107,0.0
ablate_prophet_broad,prophet,frozen,broad,False,42,19,2025-05-19 01:00:00,2025-05-24 06:00:00,126,6.48,True,True,16.542485433792933,0.0,16.542485433792933,0.0,0.01358239899855107,0.0
ablate_prophet_broad,prophet,frozen,broad,False,42,19,2025-05-19 01:00:00,2025-05-24 07:00:00,127,7.06,True,True,15.182267045597001,0.0,15.182267045597001,0.0,0.01358239899855107,0.0
ablate_prophet_broad,prophet,frozen,broad,False,42,19,2025-05-19 01:00:00,2025-05-24 08:00:00,128,8.02,True,True,12.258443061537633,0.0,12.258443061537633,0.0,0.01358239899855107,0.0
ablate_prophet_broad,prophet,frozen,broad,False,42,19,2025-05-19 01:00:00,2025-05-24 09:00:00,129,8.71,True,True,12.30846752647409,0.0,12.30846752647409,0.0,0.01358239899855107,0.0
ablate_prophet_broad,prophet,frozen,broad,False,42,19,2025-05-19 01:00:00,2025-05-24 10:00:00,130,9.36,True,True,7.790045788531273,0.0,7.790045788531273,0.0,0.01358239899855107,0.0
ablate_prophet_broad,prophet,frozen,broad,False,42,19,2025-05-19 01:00:00,2025-05-24 11:00:00,131,9.98,True,True,3.5924995547073877,0.0,3.5924995547073877,0.0,0.01358239899855107,0.0
ablate_prophet_broad,prophet,frozen,broad,False,42,19,2025-05-19 01:00:00,2025-05-24 12:00:00,132,10.31,True,True,2.652980749686435,0.0,2.652980749686435,0.0,0.01358239899855107,0.0
ablate_prophet_broad,prophet,frozen,broad,False,42,19,2025-05-19 01:00:00,2025-05-24 13:00:00,133,10.45,True,True,-0.16038613292303694,0.0,-0.16038613292303694,0.0,0.01358239899855107,0.0
ablate_prophet_broad,prophet,frozen,broad,False,42,19,2025-05-19 01:00:00,2025-05-24 14:00:00,134,10.93,True,True,2.6103831768981536,0.0,2.6103831768981536,0.0,0.01358239899855107,0.0
ablate_prophet_broad,prophet,frozen,broad,False,42,19,2025-05-19 01:00:00,2025-05-24 15:00:00,135,12.21,True,True,7.977891246037302,0.0,7.977891246037302,0.0,0.01358239899855107,0.0
ablate_prophet_broad,prophet,frozen,broad,False,42,19,2025-05-19 01:00:00,2025-05-24 16:00:00,136,14.99,True,True,13.967596941907516,0.0,13.967596941907516,0.0,0.01358239899855107,0.0
ablate_prophet_broad,prophet,frozen,broad,False,42,19,2025-05-19 01:00:00,2025-05-24 17:00:00,137,20.75,True,True,21.08083191043039,0.0,21.08083191043039,0.0,0.01358239899855107,0.0
ablate_prophet_broad,prophet,frozen,broad,False,42,19,2025-05-19 01:00:00,2025-05-24 18:00:00,138,28.33,True,True,32.52280145298374,0.0,32.52280145298374,0.0,0.01358239899855107,0.0
ablate_prophet_broad,prophet,frozen,broad,False,42,19,2025-05-19 01:00:00,2025-05-24 19:00:00,139,33.88,True,True,38.722228021958244,0.0,38.722228021958244,0.0,0.01358239899855107,0.0
ablate_prophet_broad,prophet,frozen,broad,False,42,19,2025-05-19 01:00:00,2025-05-24 20:00:00,140,36.17,True,True,42.47469152355322,0.0,42.47469152355322,0.0,0.01358239899855107,0.0
ablate_prophet_broad,prophet,frozen,broad,False,42,19,2025-05-19 01:00:00,2025-05-24 21:00:00,141,37.23,True,True,42.43635798864892,0.0,42.43635798864892,0.0,0.01358239899855107,0.0
ablate_prophet_broad,prophet,frozen,broad,False,42,19,2025-05-19 01:00:00,2025-05-24 22:00:00,142,36.97,True,True,41.376233478071555,0.0,41.376233478071555,0.0,0.01358239899855107,0.0
ablate_prophet_broad,prophet,frozen,broad,False,42,19,2025-05-19 01:00:00,2025-05-24 23:00:00,143,36.1,True,True,39.93303476979062,0.0,39.93303476979062,0.0,0.01358239899855107,0.0
ablate_prophet_broad,prophet,frozen,broad,False,42,19,2025-05-19 01:00:00,2025-05-25 00:00:00,144,36.23,True,True,37.709271198554916,0.0,37.709271198554916,0.0,0.01358239899855107,0.0
ablate_prophet_broad,prophet,frozen,broad,False,42,19,2025-05-19 01:00:00,2025-05-25 01:00:00,145,38.53,True,True,38.11259505221014,0.0,38.11259505221014,0.0,0.01358239899855107,0.0
ablate_prophet_broad,prophet,frozen,broad,False,42,19,2025-05-19 01:00:00,2025-05-25 02:00:00,146,43.74,True,True,38.622987570762064,0.0,38.622987570762064,0.0,0.01358239899855107,0.0
ablate_prophet_broad,prophet,frozen,broad,False,42,19,2025-05-19 01:00:00,2025-05-25 03:00:00,147,53.17,True,True,44.283905532324695,0.0,44.283905532324695,0.0,0.01358239899855107,0.0
ablate_prophet_broad,prophet,frozen,broad,False,42,19,2025-05-19 01:00:00,2025-05-25 04:00:00,148,70.97,True,True,55.79834909406006,0.0,55.79834909406006,0.0,0.01358239899855107,0.0
ablate_prophet_broad,prophet,frozen,broad,False,42,19,2025-05-19 01:00:00,2025-05-25 05:00:00,149,85.64,True,True,65.02899171466896,0.0,65.02899171466896,0.0,0.01358239899855107,0.0
ablate_prophet_broad,prophet,frozen,broad,False,42,19,2025-05-19 01:00:00,2025-05-25 06:00:00,150,96.54,True,True,70.33026872907953,0.0,70.33026872907953,0.0,0.01358239899855107,0.0
ablate_prophet_broad,prophet,frozen,broad,False,42,19,2025-05-19 01:00:00,2025-05-25 07:00:00,151,75.53,True,True,57.18085681983814,0.0,57.18085681983814,0.0,0.01358239899855107,0.0
ablate_prophet_broad,prophet,frozen,broad,False,42,19,2025-05-19 01:00:00,2025-05-25 08:00:00,152,59.07,True,True,45.815100709628894,0.0,45.815100709628894,0.0,0.01358239899855107,0.0
ablate_prophet_broad,prophet,frozen,broad,False,42,19,2025-05-19 01:00:00,2025-05-25 09:00:00,153,57.36,True,True,41.5081926015873,0.0,41.5081926015873,0.0,0.01358239899855107,0.0
ablate_prophet_broad,prophet,frozen,broad,False,42,19,2025-05-19 01:00:00,2025-05-25 10:00:00,154,61.11,True,True,40.802898184485485,0.0,40.802898184485485,0.0,0.01358239899855107,0.0
ablate_prophet_broad,prophet,frozen,broad,False,42,19,2025-05-19 01:00:00,2025-05-25 11:00:00,155,68.26,True,True,39.41491847278502,0.0,39.41491847278502,0.0,0.01358239899855107,0.0
ablate_prophet_broad,prophet,frozen,broad,False,42,19,2025-05-19 01:00:00,2025-05-25 12:00:00,156,72.31,True,True,34.54956203060624,0.0,34.54956203060624,0.0,0.01358239899855107,0.0
ablate_prophet_broad,prophet,frozen,broad,False,42,19,2025-05-19 01:00:00,2025-05-25 13:00:00,157,74.21,True,True,36.03502952304055,0.0,36.03502952304055,0.0,0.01358239899855107,0.0
ablate_prophet_broad,prophet,frozen,broad,False,42,19,2025-05-19 01:00:00,2025-05-25 14:00:00,158,78.92,True,True,40.33598861223777,0.0,40.33598861223777,0.0,0.01358239899855107,0.0
ablate_prophet_broad,prophet,frozen,broad,False,42,19,2025-05-19 01:00:00,2025-05-25 15:00:00,159,85.57,True,True,48.086387565219866,0.0,48.086387565219866,0.0,0.01358239899855107,0.0
ablate_prophet_broad,prophet,frozen,broad,False,42,19,2025-05-19 01:00:00,2025-05-25 16:00:00,160,90.13,True,True,54.741876991804105,0.0,54.741876991804105,0.0,0.01358239899855107,0.0
ablate_prophet_broad,prophet,frozen,broad,False,42,19,2025-05-19 01:00:00,2025-05-25 17:00:00,161,94.95,True,True,64.83202193768832,0.0,64.83202193768832,0.0,0.01358239899855107,0.0
ablate_prophet_broad,prophet,frozen,broad,False,42,19,2025-05-19 01:00:00,2025-05-25 18:00:00,162,99.77,True,True,71.1983028475758,0.0,71.1983028475758,0.0,0.01358239899855107,0.0
ablate_prophet_broad,prophet,frozen,broad,False,42,19,2025-05-19 01:00:00,2025-05-25 19:00:00,163,103.65,True,True,74.79731189825787,0.0,74.79731189825787,0.0,0.01358239899855107,0.0
ablate_prophet_broad,prophet,frozen,broad,False,42,19,2025-05-19 01:00:00,2025-05-25 20:00:00,164,107.85,True,True,77.92954905961417,0.0,77.92954905961417,0.0,0.01358239899855107,0.0
ablate_prophet_broad,prophet,frozen,broad,False,42,19,2025-05-19 01:00:00,2025-05-25 21:00:00,165,111.85,True,True,83.5492959375,0.0,83.5492959375,0.0,0.01358239899855107,0.0
ablate_prophet_broad,prophet,frozen,broad,False,42,19,2025-05-19 01:00:00,2025-05-25 22:00:00,166,115.0,True,True,86.99172590531984,0.0,86.99172590531984,0.0,0.01358239899855107,0.0
ablate_prophet_broad,prophet,frozen,broad,False,42,19,2025-05-19 01:00:00,2025-05-25 23:00:00,167,118.86,True,True,89.14124743242562,0.0,89.14124743242562,0.0,0.01358239899855107,0.0
ablate_prophet_broad,prophet,frozen,broad,False,42,19,2025-05-19 01:00:00,2025-05-26 00:00:00,168,123.56,True,True,89.99741070389015,0.0,89.99741070389015,0.0,0.01358239899855107,0.0
ablate_prophet_broad,prophet,frozen,broad,False,42,20,2025-05-26 01:00:00,2025-05-26 01:00:00,1,147.57,True,True,99.53041890559462,0.0,99.53041890559462,0.0,0.013698328999453224,0.0
ablate_prophet_broad,prophet,frozen,broad,False,42,20,2025-05-26 01:00:00,2025-05-26 02:00:00,2,159.14,True,True,105.47869048268605,0.0,105.47869048268605,0.0,0.013698328999453224,0.0
ablate_prophet_broad,prophet,frozen,broad,False,42,20,2025-05-26 01:00:00,2025-05-26 03:00:00,3,169.05,True,True,113.13830933624769,0.0,113.13830933624769,0.0,0.013698328999453224,0.0
ablate_prophet_broad,prophet,frozen,broad,False,42,20,2025-05-26 01:00:00,2025-05-26 04:00:00,4,116.49,True,True,82.03834677556856,0.0,82.03834677556856,0.0,0.013698328999453224,0.0
ablate_prophet_broad,prophet,frozen,broad,False,42,20,2025-05-26 01:00:00,2025-05-26 05:00:00,5,77.15,True,True,59.96758592450317,0.0,59.96758592450317,0.0,0.013698328999453224,0.0
ablate_prophet_broad,prophet,frozen,broad,False,42,20,2025-05-26 01:00:00,2025-05-26 06:00:00,6,61.24,True,True,51.1468582683344,0.0,51.1468582683344,0.0,0.013698328999453224,0.0
ablate_prophet_broad,prophet,frozen,broad,False,42,20,2025-05-26 01:00:00,2025-05-26 07:00:00,7,53.83,True,True,47.2630156469958,0.0,47.2630156469958,0.0,0.013698328999453224,0.0
ablate_prophet_broad,prophet,frozen,broad,False,42,20,2025-05-26 01:00:00,2025-05-26 08:00:00,8,51.38,True,True,39.899704588191355,0.0,39.899704588191355,0.0,0.013698328999453224,0.0
ablate_prophet_broad,prophet,frozen,broad,False,42,20,2025-05-26 01:00:00,2025-05-26 09:00:00,9,47.56,True,True,32.552137116169035,0.0,32.552137116169035,0.0,0.013698328999453224,0.0
ablate_prophet_broad,prophet,frozen,broad,False,42,20,2025-05-26 01:00:00,2025-05-26 10:00:00,10,46.02,True,True,30.688499021284514,0.0,30.688499021284514,0.0,0.013698328999453224,0.0
ablate_prophet_broad,prophet,frozen,broad,False,42,20,2025-05-26 01:00:00,2025-05-26 11:00:00,11,48.74,True,True,31.246947598609722,0.0,31.246947598609722,0.0,0.013698328999453224,0.0
ablate_prophet_broad,prophet,frozen,broad,False,42,20,2025-05-26 01:00:00,2025-05-26 12:00:00,12,51.95,True,True,34.27484898661959,0.0,34.27484898661959,0.0,0.013698328999453224,0.0
ablate_prophet_broad,prophet,frozen,broad,False,42,20,2025-05-26 01:00:00,2025-05-26 13:00:00,13,54.55,True,True,47.4613036800005,0.0,47.4613036800005,0.0,0.013698328999453224,0.0
ablate_prophet_broad,prophet,frozen,broad,False,42,20,2025-05-26 01:00:00,2025-05-26 14:00:00,14,58.95,True,True,45.47936878832934,0.0,45.47936878832934,0.0,0.013698328999453224,0.0
ablate_prophet_broad,prophet,frozen,broad,False,42,20,2025-05-26 01:00:00,2025-05-26 15:00:00,15,64.15,True,True,52.43828730339098,0.0,52.43828730339098,0.0,0.013698328999453224,0.0
ablate_prophet_broad,prophet,frozen,broad,False,42,20,2025-05-26 01:00:00,2025-05-26 16:00:00,16,67.48,True,True,57.03140905344637,0.0,57.03140905344637,0.0,0.013698328999453224,0.0
ablate_prophet_broad,prophet,frozen,broad,False,42,20,2025-05-26 01:00:00,2025-05-26 17:00:00,17,70.49,True,True,64.56574310370684,0.0,64.56574310370684,0.0,0.013698328999453224,0.0
ablate_prophet_broad,prophet,frozen,broad,False,42,20,2025-05-26 01:00:00,2025-05-26 18:00:00,18,75.28,True,True,68.15839943322044,0.0,68.15839943322044,0.0,0.013698328999453224,0.0
ablate_prophet_broad,prophet,frozen,broad,False,42,20,2025-05-26 01:00:00,2025-05-26 19:00:00,19,82.19,True,True,73.37640919717069,0.0,73.37640919717069,0.0,0.013698328999453224,0.0
ablate_prophet_broad,prophet,frozen,broad,False,42,20,2025-05-26 01:00:00,2025-05-26 20:00:00,20,87.9,True,True,75.45033003089577,0.0,75.45033003089577,0.0,0.013698328999453224,0.0
ablate_prophet_broad,prophet,frozen,broad,False,42,20,2025-05-26 01:00:00,2025-05-26 21:00:00,21,92.42,True,True,78.43150340648253,0.0,78.43150340648253,0.0,0.013698328999453224,0.0
ablate_prophet_broad,prophet,frozen,broad,False,42,20,2025-05-26 01:00:00,2025-05-26 22:00:00,22,94.82,True,True,78.76118863627514,0.0,78.76118863627514,0.0,0.013698328999453224,0.0
ablate_prophet_broad,prophet,frozen,broad,False,42,20,2025-05-26 01:00:00,2025-05-26 23:00:00,23,94.78,True,True,76.3901893946205,0.0,76.3901893946205,0.0,0.013698328999453224,0.0
ablate_prophet_broad,prophet,frozen,broad,False,42,20,2025-05-26 01:00:00,2025-05-27 00:00:00,24,95.66,True,True,73.54652520595477,0.0,73.54652520595477,0.0,0.013698328999453224,0.0
ablate_prophet_broad,prophet,frozen,broad,False,42,20,2025-05-26 01:00:00,2025-05-27 01:00:00,25,100.08,True,True,74.52723411001435,0.0,74.52723411001435,0.0,0.013698328999453224,0.0
ablate_prophet_broad,prophet,frozen,broad,False,42,20,2025-05-26 01:00:00,2025-05-27 02:00:00,26,105.77,True,True,76.64216351906998,0.0,76.64216351906998,0.0,0.013698328999453224,0.0
ablate_prophet_broad,prophet,frozen,broad,False,42,20,2025-05-26 01:00:00,2025-05-27 03:00:00,27,117.39,True,True,83.57700521524481,0.0,83.57700521524481,0.0,0.013698328999453224,0.0
ablate_prophet_broad,prophet,frozen,broad,False,42,20,2025-05-26 01:00:00,2025-05-27 04:00:00,28,74.96,True,True,61.036071863920654,0.0,61.036071863920654,0.0,0.013698328999453224,0.0
ablate_prophet_broad,prophet,frozen,broad,False,42,20,2025-05-26 01:00:00,2025-05-27 05:00:00,29,50.71,True,True,46.581247150297855,0.0,46.581247150297855,0.0,0.013698328999453224,0.0
ablate_prophet_broad,prophet,frozen,broad,False,42,20,2025-05-26 01:00:00,2025-05-27 06:00:00,30,46.92,True,True,41.36371526653167,0.0,41.36371526653167,0.0,0.013698328999453224,0.0
ablate_prophet_broad,prophet,frozen,broad,False,42,20,2025-05-26 01:00:00,2025-05-27 07:00:00,31,47.1,True,True,35.14575529702222,0.0,35.14575529702222,0.0,0.013698328999453224,0.0
ablate_prophet_broad,prophet,frozen,broad,False,42,20,2025-05-26 01:00:00,2025-05-27 08:00:00,32,48.59,True,True,28.10991711111808,0.0,28.10991711111808,0.0,0.013698328999453224,0.0
ablate_prophet_broad,prophet,frozen,broad,False,42,20,2025-05-26 01:00:00,2025-05-27 09:00:00,33,49.5,True,True,21.988572207030558,0.0,21.988572207030558,0.0,0.013698328999453224,0.0
ablate_prophet_broad,prophet,frozen,broad,False,42,20,2025-05-26 01:00:00,2025-05-27 10:00:00,34,51.4,True,True,17.66717035216635,0.0,17.66717035216635,0.0,0.013698328999453224,0.0
ablate_prophet_broad,prophet,frozen,broad,False,42,20,2025-05-26 01:00:00,2025-05-27 11:00:00,35,54.19,True,True,24.845677107276373,0.0,24.845677107276373,0.0,0.013698328999453224,0.0
ablate_prophet_broad,prophet,frozen,broad,False,42,20,2025-05-26 01:00:00,2025-05-27 12:00:00,36,56.51,True,True,27.523869943728243,0.0,27.523869943728243,0.0,0.013698328999453224,0.0
ablate_prophet_broad,prophet,frozen,broad,False,42,20,2025-05-26 01:00:00,2025-05-27 13:00:00,37,56.85,True,True,32.985166546320784,0.0,32.985166546320784,0.0,0.013698328999453224,0.0
ablate_prophet_broad,prophet,frozen,broad,False,42,20,2025-05-26 01:00:00,2025-05-27 14:00:00,38,57.91,True,True,37.58666794062427,0.0,37.58666794062427,0.0,0.013698328999453224,0.0
ablate_prophet_broad,prophet,frozen,broad,False,42,20,2025-05-26 01:00:00,2025-05-27 15:00:00,39,60.82,True,True,43.58206052292928,0.0,43.58206052292928,0.0,0.013698328999453224,0.0
ablate_prophet_broad,prophet,frozen,broad,False,42,20,2025-05-26 01:00:00,2025-05-27 16:00:00,40,64.69,True,True,49.284885693840494,0.0,49.284885693840494,0.0,0.013698328999453224,0.0
ablate_prophet_broad,prophet,frozen,broad,False,42,20,2025-05-26 01:00:00,2025-05-27 17:00:00,41,68.07,True,True,58.467810394777274,0.0,58.467810394777274,0.0,0.013698328999453224,0.0
ablate_prophet_broad,prophet,frozen,broad,False,42,20,2025-05-26 01:00:00,2025-05-27 18:00:00,42,71.53,True,True,64.53773806387008,0.0,64.53773806387008,0.0,0.013698328999453224,0.0
ablate_prophet_broad,prophet,frozen,broad,False,42,20,2025-05-26 01:00:00,2025-05-27 19:00:00,43,74.79,True,True,67.12336540704604,0.0,67.12336540704604,0.0,0.013698328999453224,0.0
ablate_prophet_broad,prophet,frozen,broad,False,42,20,2025-05-26 01:00:00,2025-05-27 20:00:00,44,77.76,True,True,68.35582702538863,0.0,68.35582702538863,0.0,0.013698328999453224,0.0
ablate_prophet_broad,prophet,frozen,broad,False,42,20,2025-05-26 01:00:00,2025-05-27 21:00:00,45,80.77,True,True,72.13154061045432,0.0,72.13154061045432,0.0,0.013698328999453224,0.0
ablate_prophet_broad,prophet,frozen,broad,False,42,20,2025-05-26 01:00:00,2025-05-27 22:00:00,46,83.57,True,True,73.28316955911123,0.0,73.28316955911123,0.0,0.013698328999453224,0.0
ablate_prophet_broad,prophet,frozen,broad,False,42,20,2025-05-26 01:00:00,2025-05-27 23:00:00,47,87.36,True,True,73.52025153368021,0.0,73.52025153368021,0.0,0.013698328999453224,0.0
ablate_prophet_broad,prophet,frozen,broad,False,42,20,2025-05-26 01:00:00,2025-05-28 00:00:00,48,94.33,True,True,74.33967526004548,0.0,74.33967526004548,0.0,0.013698328999453224,0.0
ablate_prophet_broad,prophet,frozen,broad,False,42,20,2025-05-26 01:00:00,2025-05-28 01:00:00,49,107.22,True,True,79.37025603866158,0.0,79.37025603866158,0.0,0.013698328999453224,0.0
ablate_prophet_broad,prophet,frozen,broad,False,42,20,2025-05-26 01:00:00,2025-05-28 02:00:00,50,116.34,True,True,82.92418837351639,0.0,82.92418837351639,0.0,0.013698328999453224,0.0
ablate_prophet_broad,prophet,frozen,broad,False,42,20,2025-05-26 01:00:00,2025-05-28 03:00:00,51,127.5,True,True,89.07793525094935,0.0,89.07793525094935,0.0,0.013698328999453224,0.0
ablate_prophet_broad,prophet,frozen,broad,False,42,20,2025-05-26 01:00:00,2025-05-28 04:00:00,52,76.77,True,True,61.417651157883995,0.0,61.417651157883995,0.0,0.013698328999453224,0.0
ablate_prophet_broad,prophet,frozen,broad,False,42,20,2025-05-26 01:00:00,2025-05-28 05:00:00,53,61.04,True,True,49.740388087634784,0.0,49.740388087634784,0.0,0.013698328999453224,0.0
ablate_prophet_broad,prophet,frozen,broad,False,42,20,2025-05-26 01:00:00,2025-05-28 06:00:00,54,60.03,True,True,44.7269119541011,0.0,44.7269119541011,0.0,0.013698328999453224,0.0
ablate_prophet_broad,prophet,frozen,broad,False,42,20,2025-05-26 01:00:00,2025-05-28 07:00:00,55,61.12,True,True,41.61360887418786,0.0,41.61360887418786,0.0,0.013698328999453224,0.0
ablate_prophet_broad,prophet,frozen,broad,False,42,20,2025-05-26 01:00:00,2025-05-28 08:00:00,56,61.88,True,True,37.927649801852425,0.0,37.927649801852425,0.0,0.013698328999453224,0.0
ablate_prophet_broad,prophet,frozen,broad,False,42,20,2025-05-26 01:00:00,2025-05-28 09:00:00,57,62.25,True,True,34.06094028822554,0.0,34.06094028822554,0.0,0.013698328999453224,0.0
ablate_prophet_broad,prophet,frozen,broad,False,42,20,2025-05-26 01:00:00,2025-05-28 10:00:00,58,64.2,True,True,31.126376131406573,0.0,31.126376131406573,0.0,0.013698328999453224,0.0
ablate_prophet_broad,prophet,frozen,broad,False,42,20,2025-05-26 01:00:00,2025-05-28 11:00:00,59,67.54,True,True,30.600496540402418,0.0,30.600496540402418,0.0,0.013698328999453224,0.0
ablate_prophet_broad,prophet,frozen,broad,False,42,20,2025-05-26 01:00:00,2025-05-28 12:00:00,60,70.93,True,True,32.62818232455996,0.0,32.62818232455996,0.0,0.013698328999453224,0.0
ablate_prophet_broad,prophet,frozen,broad,False,42,20,2025-05-26 01:00:00,2025-05-28 13:00:00,61,73.18,True,True,39.44421381915373,0.0,39.44421381915373,0.0,0.013698328999453224,0.0
ablate_prophet_broad,prophet,frozen,broad,False,42,20,2025-05-26 01:00:00,2025-05-28 14:00:00,62,77.64,True,True,48.77137806649037,0.0,48.77137806649037,0.0,0.013698328999453224,0.0
ablate_prophet_broad,prophet,frozen,broad,False,42,20,2025-05-26 01:00:00,2025-05-28 15:00:00,63,82.59,True,True,55.29714588263522,0.0,55.29714588263522,0.0,0.013698328999453224,0.0
ablate_prophet_broad,prophet,frozen,broad,False,42,20,2025-05-26 01:00:00,2025-05-28 16:00:00,64,86.65,True,True,60.83791556479807,0.0,60.83791556479807,0.0,0.013698328999453224,0.0
ablate_prophet_broad,prophet,frozen,broad,False,42,20,2025-05-26 01:00:00,2025-05-28 17:00:00,65,90.37,True,True,66.6582353109086,0.0,66.6582353109086,0.0,0.013698328999453224,0.0
ablate_prophet_broad,prophet,frozen,broad,False,42,20,2025-05-26 01:00:00,2025-05-28 18:00:00,66,93.81,True,True,72.280338609833,0.0,72.280338609833,0.0,0.013698328999453224,0.0
ablate_prophet_broad,prophet,frozen,broad,False,42,20,2025-05-26 01:00:00,2025-05-28 19:00:00,67,96.0,True,True,76.6728265737917,0.0,76.6728265737917,0.0,0.013698328999453224,0.0
ablate_prophet_broad,prophet,frozen,broad,False,42,20,2025-05-26 01:00:00,2025-05-28 20:00:00,68,99.02,True,True,86.20548222250954,0.0,86.20548222250954,0.0,0.013698328999453224,0.0
ablate_prophet_broad,prophet,frozen,broad,False,42,20,2025-05-26 01:00:00,2025-05-28 21:00:00,69,103.1,True,True,90.0827464895003,0.0,90.0827464895003,0.0,0.013698328999453224,0.0
ablate_prophet_broad,prophet,frozen,broad,False,42,20,2025-05-26 01:00:00,2025-05-28 22:00:00,70,107.17,True,True,86.8960981143409,0.0,86.8960981143409,0.0,0.013698328999453224,0.0
ablate_prophet_broad,prophet,frozen,broad,False,42,20,2025-05-26 01:00:00,2025-05-28 23:00:00,71,112.82,True,True,89.33728384403625,0.0,89.33728384403625,0.0,0.013698328999453224,0.0
ablate_prophet_broad,prophet,frozen,broad,False,42,20,2025-05-26 01:00:00,2025-05-29 00:00:00,72,121.45,True,True,92.13728779743008,0.0,92.13728779743008,0.0,0.013698328999453224,0.0
ablate_prophet_broad,prophet,frozen,broad,False,42,20,2025-05-26 01:00:00,2025-05-29 01:00:00,73,134.6,True,True,97.4992577877335,0.0,97.4992577877335,0.0,0.013698328999453224,0.0
ablate_prophet_broad,prophet,frozen,broad,False,42,20,2025-05-26 01:00:00,2025-05-29 02:00:00,74,140.45,True,True,99.47265465949692,0.0,99.47265465949692,0.0,0.013698328999453224,0.0
ablate_prophet_broad,prophet,frozen,broad,False,42,20,2025-05-26 01:00:00,2025-05-29 03:00:00,75,151.07,True,True,105.6084189956821,0.0,105.6084189956821,0.0,0.013698328999453224,0.0
ablate_prophet_broad,prophet,frozen,broad,False,42,20,2025-05-26 01:00:00,2025-05-29 04:00:00,76,97.0,True,True,79.15192086942844,0.0,79.15192086942844,0.0,0.013698328999453224,0.0
ablate_prophet_broad,prophet,frozen,broad,False,42,20,2025-05-26 01:00:00,2025-05-29 05:00:00,77,74.96,True,True,67.90724008132972,0.0,67.90724008132972,0.0,0.013698328999453224,0.0
ablate_prophet_broad,prophet,frozen,broad,False,42,20,2025-05-26 01:00:00,2025-05-29 06:00:00,78,70.03,True,True,61.19136532981989,0.0,61.19136532981989,0.0,0.013698328999453224,0.0
ablate_prophet_broad,prophet,frozen,broad,False,42,20,2025-05-26 01:00:00,2025-05-29 07:00:00,79,67.01,True,True,55.17733934220814,0.0,55.17733934220814,0.0,0.013698328999453224,0.0
ablate_prophet_broad,prophet,frozen,broad,False,42,20,2025-05-26 01:00:00,2025-05-29 08:00:00,80,63.85,True,True,48.46155226908522,0.0,48.46155226908522,0.0,0.013698328999453224,0.0
ablate_prophet_broad,prophet,frozen,broad,False,42,20,2025-05-26 01:00:00,2025-05-29 09:00:00,81,60.88,True,True,42.32027477819963,0.0,42.32027477819963,0.0,0.013698328999453224,0.0
ablate_prophet_broad,prophet,frozen,broad,False,42,20,2025-05-26 01:00:00,2025-05-29 10:00:00,82,60.44,True,True,36.527575327619985,0.0,36.527575327619985,0.0,0.013698328999453224,0.0
ablate_prophet_broad,prophet,frozen,broad,False,42,20,2025-05-26 01:00:00,2025-05-29 11:00:00,83,62.44,True,True,35.25105138180416,0.0,35.25105138180416,0.0,0.013698328999453224,0.0
ablate_prophet_broad,prophet,frozen,broad,False,42,20,2025-05-26 01:00:00,2025-05-29 12:00:00,84,65.02,True,True,35.595023757760714,0.0,35.595023757760714,0.0,0.013698328999453224,0.0
ablate_prophet_broad,prophet,frozen,broad,False,42,20,2025-05-26 01:00:00,2025-05-29 13:00:00,85,66.8,True,True,37.33819890933603,0.0,37.33819890933603,0.0,0.013698328999453224,0.0
ablate_prophet_broad,prophet,frozen,broad,False,42,20,2025-05-26 01:00:00,2025-05-29 14:00:00,86,69.31,True,True,42.54876594841846,0.0,42.54876594841846,0.0,0.013698328999453224,0.0
ablate_prophet_broad,prophet,frozen,broad,False,42,20,2025-05-26 01:00:00,2025-05-29 15:00:00,87,71.86,True,True,49.079461529081584,0.0,49.079461529081584,0.0,0.013698328999453224,0.0
ablate_prophet_broad,prophet,frozen,broad,False,42,20,2025-05-26 01:00:00,2025-05-29 16:00:00,88,73.66,True,True,54.69728223499604,0.0,54.69728223499604,0.0,0.013698328999453224,0.0
ablate_prophet_broad,prophet,frozen,broad,False,42,20,2025-05-26 01:00:00,2025-05-29 17:00:00,89,75.8,True,True,59.94409527453547,0.0,59.94409527453547,0.0,0.013698328999453224,0.0
ablate_prophet_broad,prophet,frozen,broad,False,42,20,2025-05-26 01:00:00,2025-05-29 18:00:00,90,78.69,True,True,65.13693392664374,0.0,65.13693392664374,0.0,0.013698328999453224,0.0
ablate_prophet_broad,prophet,frozen,broad,False,42,20,2025-05-26 01:00:00,2025-05-29 19:00:00,91,81.27,True,True,69.04045200167403,0.0,69.04045200167403,0.0,0.013698328999453224,0.0
ablate_prophet_broad,prophet,frozen,broad,False,42,20,2025-05-26 01:00:00,2025-05-29 20:00:00,92,84.11,True,True,72.68613613599882,0.0,72.68613613599882,0.0,0.013698328999453224,0.0
ablate_prophet_broad,prophet,frozen,broad,False,42,20,2025-05-26 01:00:00,2025-05-29 21:00:00,93,87.09,True,True,75.71926646539004,0.0,75.71926646539004,0.0,0.013698328999453224,0.0
ablate_prophet_broad,prophet,frozen,broad,False,42,20,2025-05-26 01:00:00,2025-05-29 22:00:00,94,89.67,True,True,77.10184691894966,0.0,77.10184691894966,0.0,0.013698328999453224,0.0
ablate_prophet_broad,prophet,frozen,broad,False,42,20,2025-05-26 01:00:00,2025-05-29 23:00:00,95,92.55,True,True,77.64880552909469,0.0,77.64880552909469,0.0,0.013698328999453224,0.0
ablate_prophet_broad,prophet,frozen,broad,False,42,20,2025-05-26 01:00:00,2025-05-30 00:00:00,96,97.17,True,True,77.83162815856,0.0,77.83162815856,0.0,0.013698328999453224,0.0
ablate_prophet_broad,prophet,frozen,broad,False,42,20,2025-05-26 01:00:00,2025-05-30 01:00:00,97,105.87,True,True,80.60195807617794,0.0,80.60195807617794,0.0,0.013698328999453224,0.0
ablate_prophet_broad,prophet,frozen,broad,False,42,20,2025-05-26 01:00:00,2025-05-30 02:00:00,98,110.74,True,True,82.97288052592643,0.0,82.97288052592643,0.0,0.013698328999453224,0.0
ablate_prophet_broad,prophet,frozen,broad,False,42,20,2025-05-26 01:00:00,2025-05-30 03:00:00,99,116.39,True,True,89.23237374034606,0.0,89.23237374034606,0.0,0.013698328999453224,0.0
ablate_prophet_broad,prophet,frozen,broad,False,42,20,2025-05-26 01:00:00,2025-05-30 04:00:00,100,94.0,True,True,82.04382707267075,0.0,82.04382707267075,0.0,0.013698328999453224,0.0
ablate_prophet_broad,prophet,frozen,broad,False,42,20,2025-05-26 01:00:00,2025-05-30 05:00:00,101,74.83,True,True,73.75580918870389,0.0,73.75580918870389,0.0,0.013698328999453224,0.0
ablate_prophet_broad,prophet,frozen,broad,False,42,20,2025-05-26 01:00:00,2025-05-30 06:00:00,102,64.71,True,True,68.10099034297178,0.0,68.10099034297178,0.0,0.013698328999453224,0.0
ablate_prophet_broad,prophet,frozen,broad,False,42,20,2025-05-26 01:00:00,2025-05-30 07:00:00,103,57.6,True,True,59.787950981403014,0.0,59.787950981403014,0.0,0.013698328999453224,0.0
ablate_prophet_broad,prophet,frozen,broad,False,42,20,2025-05-26 01:00:00,2025-05-30 08:00:00,104,54.48,True,True,53.277517289943745,0.0,53.277517289943745,0.0,0.013698328999453224,0.0
ablate_prophet_broad,prophet,frozen,broad,False,42,20,2025-05-26 01:00:00,2025-05-30 09:00:00,105,54.66,True,True,45.73110062054738,0.0,45.73110062054738,0.0,0.013698328999453224,0.0
ablate_prophet_broad,prophet,frozen,broad,False,42,20,2025-05-26 01:00:00,2025-05-30 10:00:00,106,57.58,True,True,40.012501162815084,0.0,40.012501162815084,0.0,0.013698328999453224,0.0
ablate_prophet_broad,prophet,frozen,broad,False,42,20,2025-05-26 01:00:00,2025-05-30 11:00:00,107,62.16,True,True,39.87415267356096,0.0,39.87415267356096,0.0,0.013698328999453224,0.0
ablate_prophet_broad,prophet,frozen,broad,False,42,20,2025-05-26 01:00:00,2025-05-30 12:00:00,108,66.63,True,True,41.57481914748132,0.0,41.57481914748132,0.0,0.013698328999453224,0.0
ablate_prophet_broad,prophet,frozen,broad,False,42,20,2025-05-26 01:00:00,2025-05-30 13:00:00,109,69.82,True,True,45.65528462476939,0.0,45.65528462476939,0.0,0.013698328999453224,0.0
ablate_prophet_broad,prophet,frozen,broad,False,42,20,2025-05-26 01:00:00,2025-05-30 14:00:00,110,72.65,True,True,50.44101860097834,0.0,50.44101860097834,0.0,0.013698328999453224,0.0
ablate_prophet_broad,prophet,frozen,broad,False,42,20,2025-05-26 01:00:00,2025-05-30 15:00:00,111,74.49,True,True,55.81263002630075,0.0,55.81263002630075,0.0,0.013698328999453224,0.0
ablate_prophet_broad,prophet,frozen,broad,False,42,20,2025-05-26 01:00:00,2025-05-30 16:00:00,112,75.29,True,True,60.83737199726875,0.0,60.83737199726875,0.0,0.013698328999453224,0.0
ablate_prophet_broad,prophet,frozen,broad,False,42,20,2025-05-26 01:00:00,2025-05-30 17:00:00,113,78.23,True,True,66.63066157623749,0.0,66.63066157623749,0.0,0.013698328999453224,0.0
ablate_prophet_broad,prophet,frozen,broad,False,42,20,2025-05-26 01:00:00,2025-05-30 18:00:00,114,84.03,True,True,73.1224208911922,0.0,73.1224208911922,0.0,0.013698328999453224,0.0
ablate_prophet_broad,prophet,frozen,broad,False,42,20,2025-05-26 01:00:00,2025-05-30 19:00:00,115,90.11,True,True,79.55850425366833,0.0,79.55850425366833,0.0,0.013698328999453224,0.0
ablate_prophet_broad,prophet,frozen,broad,False,42,20,2025-05-26 01:00:00,2025-05-30 20:00:00,116,95.29,True,True,85.5272915136535,0.0,85.5272915136535,0.0,0.013698328999453224,0.0
ablate_prophet_broad,prophet,frozen,broad,False,42,20,2025-05-26 01:00:00,2025-05-30 21:00:00,117,98.96,True,True,89.33713710100108,0.0,89.33713710100108,0.0,0.013698328999453224,0.0
ablate_prophet_broad,prophet,frozen,broad,False,42,20,2025-05-26 01:00:00,2025-05-30 22:00:00,118,101.53,True,True,90.86537480640999,0.0,90.86537480640999,0.0,0.013698328999453224,0.0
ablate_prophet_broad,prophet,frozen,broad,False,42,20,2025-05-26 01:00:00,2025-05-30 23:00:00,119,102.05,True,True,89.73355236921431,0.0,89.73355236921431,0.0,0.013698328999453224,0.0
ablate_prophet_broad,prophet,frozen,broad,False,42,20,2025-05-26 01:00:00,2025-05-31 00:00:00,120,99.91,True,True,85.60556368801008,0.0,85.60556368801008,0.0,0.013698328999453224,0.0
ablate_prophet_broad,prophet,frozen,broad,False,42,20,2025-05-26 01:00:00,2025-05-31 01:00:00,121,98.65,True,True,82.7470954996868,0.0,82.7470954996868,0.0,0.013698328999453224,0.0
ablate_prophet_broad,prophet,frozen,broad,False,42,20,2025-05-26 01:00:00,2025-05-31 02:00:00,122,98.22,True,True,81.97754911525769,0.0,81.97754911525769,0.0,0.013698328999453224,0.0
ablate_prophet_broad,prophet,frozen,broad,False,42,20,2025-05-26 01:00:00,2025-05-31 03:00:00,123,98.0,True,True,83.35481483311372,0.0,83.35481483311372,0.0,0.013698328999453224,0.0
ablate_prophet_broad,prophet,frozen,broad,False,42,20,2025-05-26 01:00:00,2025-05-31 04:00:00,124,98.24,True,True,85.23088842214517,0.0,85.23088842214517,0.0,0.013698328999453224,0.0
ablate_prophet_broad,prophet,frozen,broad,False,42,20,2025-05-26 01:00:00,2025-05-31 05:00:00,125,91.89,True,True,80.68168337814183,0.0,80.68168337814183,0.0,0.013698328999453224,0.0
ablate_prophet_broad,prophet,frozen,broad,False,42,20,2025-05-26 01:00:00,2025-05-31 06:00:00,126,83.84,True,True,73.90959847276241,0.0,73.90959847276241,0.0,0.013698328999453224,0.0
ablate_prophet_broad,prophet,frozen,broad,False,42,20,2025-05-26 01:00:00,2025-05-31 07:00:00,127,75.26,True,True,64.77338629798555,0.0,64.77338629798555,0.0,0.013698328999453224,0.0
ablate_prophet_broad,prophet,frozen,broad,False,42,20,2025-05-26 01:00:00,2025-05-31 08:00:00,128,68.52,True,True,57.889551324845854,0.0,57.889551324845854,0.0,0.013698328999453224,0.0
ablate_prophet_broad,prophet,frozen,broad,False,42,20,2025-05-26 01:00:00,2025-05-31 09:00:00,129,63.14,True,True,51.586919841207816,0.0,51.586919841207816,0.0,0.013698328999453224,0.0
ablate_prophet_broad,prophet,frozen,broad,False,42,20,2025-05-26 01:00:00,2025-05-31 10:00:00,130,61.54,True,True,46.72970334861168,0.0,46.72970334861168,0.0,0.013698328999453224,0.0
ablate_prophet_broad,prophet,frozen,broad,False,42,20,2025-05-26 01:00:00,2025-05-31 11:00:00,131,62.94,True,True,44.84037879410323,0.0,44.84037879410323,0.0,0.013698328999453224,0.0
ablate_prophet_broad,prophet,frozen,broad,False,42,20,2025-05-26 01:00:00,2025-05-31 12:00:00,132,65.73,True,True,46.15571914633918,0.0,46.15571914633918,0.0,0.013698328999453224,0.0
ablate_prophet_broad,prophet,frozen,broad,False,42,20,2025-05-26 01:00:00,2025-05-31 13:00:00,133,70.66,True,True,53.136233108440166,0.0,53.136233108440166,0.0,0.013698328999453224,0.0
ablate_prophet_broad,prophet,frozen,broad,False,42,20,2025-05-26 01:00:00,2025-05-31 14:00:00,134,80.01,True,True,61.29729916947835,0.0,61.29729916947835,0.0,0.013698328999453224,0.0
ablate_prophet_broad,prophet,frozen,broad,False,42,20,2025-05-26 01:00:00,2025-05-31 15:00:00,135,95.77,True,True,75.23406200342808,0.0,75.23406200342808,0.0,0.013698328999453224,0.0
ablate_prophet_broad,prophet,frozen,broad,False,42,20,2025-05-26 01:00:00,2025-05-31 16:00:00,136,112.0,True,True,88.75181413342716,0.0,88.75181413342716,0.0,0.013698328999453224,0.0
ablate_prophet_broad,prophet,frozen,broad,False,42,20,2025-05-26 01:00:00,2025-05-31 17:00:00,137,124.52,True,True,99.06241589373347,0.0,99.06241589373347,0.0,0.013698328999453224,0.0
ablate_prophet_broad,prophet,frozen,broad,False,42,20,2025-05-26 01:00:00,2025-05-31 18:00:00,138,133.55,True,True,107.72563576341896,0.0,107.72563576341896,0.0,0.013698328999453224,0.0
ablate_prophet_broad,prophet,frozen,broad,False,42,20,2025-05-26 01:00:00,2025-05-31 19:00:00,139,139.23,True,True,113.52533797258106,0.0,113.52533797258106,0.0,0.013698328999453224,0.0
ablate_prophet_broad,prophet,frozen,broad,False,42,20,2025-05-26 01:00:00,2025-05-31 20:00:00,140,142.26,True,True,117.1439679417344,0.0,117.1439679417344,0.0,0.013698328999453224,0.0
ablate_prophet_broad,prophet,frozen,broad,False,42,20,2025-05-26 01:00:00,2025-05-31 21:00:00,141,143.15,True,True,118.7189120588981,0.0,118.7189120588981,0.0,0.013698328999453224,0.0
ablate_prophet_broad,prophet,frozen,broad,False,42,20,2025-05-26 01:00:00,2025-05-31 22:00:00,142,141.43,True,True,117.26336090778575,0.0,117.26336090778575,0.0,0.013698328999453224,0.0
ablate_prophet_broad,prophet,frozen,broad,False,42,20,2025-05-26 01:00:00,2025-05-31 23:00:00,143,140.49,True,True,114.69257846266937,0.0,114.69257846266937,0.0,0.013698328999453224,0.0
ablate_prophet_broad,prophet,frozen,broad,False,42,20,2025-05-26 01:00:00,2025-06-01 00:00:00,144,140.82,True,True,107.47630067495322,0.0,107.47630067495322,0.0,0.013698328999453224,0.0
ablate_prophet_broad,prophet,frozen,broad,False,42,20,2025-05-26 01:00:00,2025-06-01 01:00:00,145,142.92,True,True,103.91739246561912,0.0,103.91739246561912,0.0,0.013698328999453224,0.0
ablate_prophet_broad,prophet,frozen,broad,False,42,20,2025-05-26 01:00:00,2025-06-01 02:00:00,146,141.13,True,True,100.18156497576524,0.0,100.18156497576524,0.0,0.013698328999453224,0.0
ablate_prophet_broad,prophet,frozen,broad,False,42,20,2025-05-26 01:00:00,2025-06-01 03:00:00,147,141.26,True,True,101.14521989896707,0.0,101.14521989896707,0.0,0.013698328999453224,0.0
ablate_prophet_broad,prophet,frozen,broad,False,42,20,2025-05-26 01:00:00,2025-06-01 04:00:00,148,144.88,True,True,104.95720395899986,0.0,104.95720395899986,0.0,0.013698328999453224,0.0
ablate_prophet_broad,prophet,frozen,broad,False,42,20,2025-05-26 01:00:00,2025-06-01 05:00:00,149,144.08,True,True,105.6987933144299,0.0,105.6987933144299,0.0,0.013698328999453224,0.0
ablate_prophet_broad,prophet,frozen,broad,False,42,20,2025-05-26 01:00:00,2025-06-01 06:00:00,150,140.46,True,True,103.95089524833944,0.0,103.95089524833944,0.0,0.013698328999453224,0.0
ablate_prophet_broad,prophet,frozen,broad,False,42,20,2025-05-26 01:00:00,2025-06-01 07:00:00,151,132.96,True,True,98.14171014079159,0.0,98.14171014079159,0.0,0.013698328999453224,0.0
ablate_prophet_broad,prophet,frozen,broad,False,42,20,2025-05-26 01:00:00,2025-06-01 08:00:00,152,124.21,True,True,89.43042393022007,0.0,89.43042393022007,0.0,0.013698328999453224,0.0
ablate_prophet_broad,prophet,frozen,broad,False,42,20,2025-05-26 01:00:00,2025-06-01 09:00:00,153,116.33,True,True,80.51036697992768,0.0,80.51036697992768,0.0,0.013698328999453224,0.0
ablate_prophet_broad,prophet,frozen,broad,False,42,20,2025-05-26 01:00:00,2025-06-01 10:00:00,154,115.28,True,True,72.9514567063244,0.0,72.9514567063244,0.0,0.013698328999453224,0.0
ablate_prophet_broad,prophet,frozen,broad,False,42,20,2025-05-26 01:00:00,2025-06-01 11:00:00,155,114.98,True,True,65.2696162598435,0.0,65.2696162598435,0.0,0.013698328999453224,0.0
ablate_prophet_broad,prophet,frozen,broad,False,42,20,2025-05-26 01:00:00,2025-06-01 12:00:00,156,113.42,True,True,60.92256450233157,0.0,60.92256450233157,0.0,0.013698328999453224,0.0
ablate_prophet_broad,prophet,frozen,broad,False,42,20,2025-05-26 01:00:00,2025-06-01 13:00:00,157,109.48,True,True,59.68418723236539,0.0,59.68418723236539,0.0,0.013698328999453224,0.0
ablate_prophet_broad,prophet,frozen,broad,False,42,20,2025-05-26 01:00:00,2025-06-01 14:00:00,158,105.92,True,True,59.613112484552175,0.0,59.613112484552175,0.0,0.013698328999453224,0.0
ablate_prophet_broad,prophet,frozen,broad,False,42,20,2025-05-26 01:00:00,2025-06-01 15:00:00,159,102.49,True,True,61.313421290556676,0.0,61.313421290556676,0.0,0.013698328999453224,0.0
ablate_prophet_broad,prophet,frozen,broad,False,42,20,2025-05-26 01:00:00,2025-06-01 16:00:00,160,98.07,True,True,62.29110000052651,0.0,62.29110000052651,0.0,0.013698328999453224,0.0
ablate_prophet_broad,prophet,frozen,broad,False,42,20,2025-05-26 01:00:00,2025-06-01 17:00:00,161,96.47,True,True,63.740782511130305,0.0,63.740782511130305,0.0,0.013698328999453224,0.0
ablate_prophet_broad,prophet,frozen,broad,False,42,20,2025-05-26 01:00:00,2025-06-01 18:00:00,162,96.95,True,True,69.87197700258926,0.0,69.87197700258926,0.0,0.013698328999453224,0.0
ablate_prophet_broad,prophet,frozen,broad,False,42,20,2025-05-26 01:00:00,2025-06-01 19:00:00,163,98.76,True,True,71.22504135330652,0.0,71.22504135330652,0.0,0.013698328999453224,0.0
ablate_prophet_broad,prophet,frozen,broad,False,42,20,2025-05-26 01:00:00,2025-06-01 20:00:00,164,101.29,True,True,75.23306945402379,0.0,75.23306945402379,0.0,0.013698328999453224,0.0
ablate_prophet_broad,prophet,frozen,broad,False,42,20,2025-05-26 01:00:00,2025-06-01 21:00:00,165,104.07,True,True,80.7671176566582,0.0,80.7671176566582,0.0,0.013698328999453224,0.0
ablate_prophet_broad,prophet,frozen,broad,False,42,20,2025-05-26 01:00:00,2025-06-01 22:00:00,166,106.16,True,True,83.19418012502004,0.0,83.19418012502004,0.0,0.013698328999453224,0.0
ablate_prophet_broad,prophet,frozen,broad,False,42,20,2025-05-26 01:00:00,2025-06-01 23:00:00,167,110.18,True,True,84.88776566725988,0.0,84.88776566725988,0.0,0.013698328999453224,0.0
ablate_prophet_broad,prophet,frozen,broad,False,42,20,2025-05-26 01:00:00,2025-06-02 00:00:00,168,117.77,True,True,87.2579714206071,0.0,87.2579714206071,0.0,0.013698328999453224,0.0
ablate_prophet_broad,prophet,frozen,broad,False,42,21,2025-06-02 01:00:00,2025-06-02 01:00:00,1,151.6,True,True,100.85558344725281,0.0,100.85558344725281,0.0,0.013541262000217102,0.0
ablate_prophet_broad,prophet,frozen,broad,False,42,21,2025-06-02 01:00:00,2025-06-02 02:00:00,2,178.26,True,True,114.3273266409652,0.0,114.3273266409652,0.0,0.013541262000217102,0.0
ablate_prophet_broad,prophet,frozen,broad,False,42,21,2025-06-02 01:00:00,2025-06-02 03:00:00,3,202.42,True,True,97.35745857413747,0.0,97.35745857413747,0.0,0.013541262000217102,0.0
ablate_prophet_broad,prophet,frozen,broad,False,42,21,2025-06-02 01:00:00,2025-06-02 04:00:00,4,111.52,True,True,57.144054131731195,0.0,57.144054131731195,0.0,0.013541262000217102,0.0
ablate_prophet_broad,prophet,frozen,broad,False,42,21,2025-06-02 01:00:00,2025-06-02 05:00:00,5,52.03,True,True,36.84946323854837,0.0,36.84946323854837,0.0,0.013541262000217102,0.0
ablate_prophet_broad,prophet,frozen,broad,False,42,21,2025-06-02 01:00:00,2025-06-02 06:00:00,6,36.71,True,True,33.73731674555572,0.0,33.73731674555572,0.0,0.013541262000217102,0.0
ablate_prophet_broad,prophet,frozen,broad,False,42,21,2025-06-02 01:00:00,2025-06-02 07:00:00,7,0.0,True,True,-13.283081720115604,0.0,-13.283081720115604,0.0,0.013541262000217102,0.0
ablate_prophet_broad,prophet,frozen,broad,False,42,21,2025-06-02 01:00:00,2025-06-02 08:00:00,8,22.27,True,True,17.563197632775257,0.0,17.563197632775257,0.0,0.013541262000217102,0.0
ablate_prophet_broad,prophet,frozen,broad,False,42,21,2025-06-02 01:00:00,2025-06-02 09:00:00,9,17.89,True,True,5.531866341812474,0.0,5.531866341812474,0.0,0.013541262000217102,0.0
ablate_prophet_broad,prophet,frozen,broad,False,42,21,2025-06-02 01:00:00,2025-06-02 10:00:00,10,15.41,True,True,-5.946501138828893,0.0,-5.946501138828893,0.0,0.013541262000217102,0.0
ablate_prophet_broad,prophet,frozen,broad,False,42,21,2025-06-02 01:00:00,2025-06-02 11:00:00,11,14.09,True,True,-13.788074866880265,0.0,-13.788074866880265,0.0,0.013541262000217102,0.0
ablate_prophet_broad,prophet,frozen,broad,False,42,21,2025-06-02 01:00:00,2025-06-02 12:00:00,12,12.35,True,True,-20.478245220936316,0.0,-20.478245220936316,0.0,0.013541262000217102,0.0
ablate_prophet_broad,prophet,frozen,broad,False,42,21,2025-06-02 01:00:00,2025-06-02 13:00:00,13,10.6,True,True,-21.546641532199004,0.0,-21.546641532199004,0.0,0.013541262000217102,0.0
ablate_prophet_broad,prophet,frozen,broad,False,42,21,2025-06-02 01:00:00,2025-06-02 14:00:00,14,9.83,True,True,-21.204198995489975,0.0,-21.204198995489975,0.0,0.013541262000217102,0.0
ablate_prophet_broad,prophet,frozen,broad,False,42,21,2025-06-02 01:00:00,2025-06-02 15:00:00,15,9.13,True,True,-17.163955996113543,0.0,-17.163955996113543,0.0,0.013541262000217102,0.0
ablate_prophet_broad,prophet,frozen,broad,False,42,21,2025-06-02 01:00:00,2025-06-02 16:00:00,16,8.18,True,True,-13.77475759422066,0.0,-13.77475759422066,0.0,0.013541262000217102,0.0
ablate_prophet_broad,prophet,frozen,broad,False,42,21,2025-06-02 01:00:00,2025-06-02 17:00:00,17,7.99,True,True,-8.812223191772205,0.0,-8.812223191772205,0.0,0.013541262000217102,0.0
ablate_prophet_broad,prophet,frozen,broad,False,42,21,2025-06-02 01:00:00,2025-06-02 18:00:00,18,8.24,True,True,-4.688331765618557,0.0,-4.688331765618557,0.0,0.013541262000217102,0.0
ablate_prophet_broad,prophet,frozen,broad,False,42,21,2025-06-02 01:00:00,2025-06-02 19:00:00,19,8.39,True,True,-3.062596203046269,0.0,-3.062596203046269,0.0,0.013541262000217102,0.0
ablate_prophet_broad,prophet,frozen,broad,False,42,21,2025-06-02 01:00:00,2025-06-02 20:00:00,20,8.28,True,True,-3.8342894248922903,0.0,-3.8342894248922903,0.0,0.013541262000217102,0.0
ablate_prophet_broad,prophet,frozen,broad,False,42,21,2025-06-02 01:00:00,2025-06-02 21:00:00,21,8.13,True,True,-5.146948878238362,0.0,-5.146948878238362,0.0,0.013541262000217102,0.0
ablate_prophet_broad,prophet,frozen,broad,False,42,21,2025-06-02 01:00:00,2025-06-02 22:00:00,22,8.39,True,True,-0.5187693520565801,0.0,-0.5187693520565801,0.0,0.013541262000217102,0.0
ablate_prophet_broad,prophet,frozen,broad,False,42,21,2025-06-02 01:00:00,2025-06-02 23:00:00,23,9.32,True,True,1.7834190503041896,0.0,1.7834190503041896,0.0,0.013541262000217102,0.0
ablate_prophet_broad,prophet,frozen,broad,False,42,21,2025-06-02 01:00:00,2025-06-03 00:00:00,24,10.74,True,True,0.3945565147335799,0.0,0.3945565147335799,0.0,0.013541262000217102,0.0
ablate_prophet_broad,prophet,frozen,broad,False,42,21,2025-06-02 01:00:00,2025-06-03 01:00:00,25,12.42,True,True,1.8870751964115868,0.0,1.8870751964115868,0.0,0.013541262000217102,0.0
ablate_prophet_broad,prophet,frozen,broad,False,42,21,2025-06-02 01:00:00,2025-06-03 02:00:00,26,13.46,True,True,-2.8562942183411337,0.0,-2.8562942183411337,0.0,0.013541262000217102,0.0
ablate_prophet_broad,prophet,frozen,broad,False,42,21,2025-06-02 01:00:00,2025-06-03 03:00:00,27,14.42,True,True,3.6612167767139,0.0,3.6612167767139,0.0,0.013541262000217102,0.0
ablate_prophet_broad,prophet,frozen,broad,False,42,21,2025-06-02 01:00:00,2025-06-03 04:00:00,28,12.8,True,True,7.831089952861873,0.0,7.831089952861873,0.0,0.013541262000217102,0.0
ablate_prophet_broad,prophet,frozen,broad,False,42,21,2025-06-02 01:00:00,2025-06-03 05:00:00,29,12.03,True,True,1.7988744900711993,0.0,1.7988744900711993,0.0,0.013541262000217102,0.0
ablate_prophet_broad,prophet,frozen,broad,False,42,21,2025-06-02 01:00:00,2025-06-03 06:00:00,30,11.27,True,True,-3.4943969253397995,0.0,-3.4943969253397995,0.0,0.013541262000217102,0.0
ablate_prophet_broad,prophet,frozen,broad,False,42,21,2025-06-02 01:00:00,2025-06-03 07:00:00,31,10.46,True,True,-7.424116724360118,0.0,-7.424116724360118,0.0,0.013541262000217102,0.0
ablate_prophet_broad,prophet,frozen,broad,False,42,21,2025-06-02 01:00:00,2025-06-03 08:00:00,32,9.58,True,True,-13.677560917899939,0.0,-13.677560917899939,0.0,0.013541262000217102,0.0
ablate_prophet_broad,prophet,frozen,broad,False,42,21,2025-06-02 01:00:00,2025-06-03 09:00:00,33,8.34,True,True,-24.426349943613957,0.0,-24.426349943613957,0.0,0.013541262000217102,0.0
ablate_prophet_broad,prophet,frozen,broad,False,42,21,2025-06-02 01:00:00,2025-06-03 10:00:00,34,7.77,True,True,-33.26708297553091,0.0,-33.26708297553091,0.0,0.013541262000217102,0.0
ablate_prophet_broad,prophet,frozen,broad,False,42,21,2025-06-02 01:00:00,2025-06-03 11:00:00,35,7.91,True,True,-36.30015465859594,0.0,-36.30015465859594,0.0,0.013541262000217102,0.0
ablate_prophet_broad,prophet,frozen,broad,False,42,21,2025-06-02 01:00:00,2025-06-03 12:00:00,36,8.07,True,True,-36.624896754724205,0.0,-36.624896754724205,0.0,0.013541262000217102,0.0
ablate_prophet_broad,prophet,frozen,broad,False,42,21,2025-06-02 01:00:00,2025-06-03 13:00:00,37,8.04,True,True,-35.8404552300384,0.0,-35.8404552300384,0.0,0.013541262000217102,0.0
ablate_prophet_broad,prophet,frozen,broad,False,42,21,2025-06-02 01:00:00,2025-06-03 14:00:00,38,8.34,True,True,-30.457685607374913,0.0,-30.457685607374913,0.0,0.013541262000217102,0.0
ablate_prophet_broad,prophet,frozen,broad,False,42,21,2025-06-02 01:00:00,2025-06-03 15:00:00,39,8.61,True,True,-23.870593304430656,0.0,-23.870593304430656,0.0,0.013541262000217102,0.0
ablate_prophet_broad,prophet,frozen,broad,False,42,21,2025-06-02 01:00:00,2025-06-03 16:00:00,40,8.84,True,True,-18.759895894348972,0.0,-18.759895894348972,0.0,0.013541262000217102,0.0
ablate_prophet_broad,prophet,frozen,broad,False,42,21,2025-06-02 01:00:00,2025-06-03 17:00:00,41,9.51,True,True,-13.39978957711216,0.0,-13.39978957711216,0.0,0.013541262000217102,0.0
ablate_prophet_broad,prophet,frozen,broad,False,42,21,2025-06-02 01:00:00,2025-06-03 18:00:00,42,10.41,True,True,-9.090643102711425,0.0,-9.090643102711425,0.0,0.013541262000217102,0.0
ablate_prophet_broad,prophet,frozen,broad,False,42,21,2025-06-02 01:00:00,2025-06-03 19:00:00,43,11.41,True,True,-4.697702510593018,0.0,-4.697702510593018,0.0,0.013541262000217102,0.0
ablate_prophet_broad,prophet,frozen,broad,False,42,21,2025-06-02 01:00:00,2025-06-03 20:00:00,44,12.47,True,True,0.4725013301165575,0.0,0.4725013301165575,0.0,0.013541262000217102,0.0
ablate_prophet_broad,prophet,frozen,broad,False,42,21,2025-06-02 01:00:00,2025-06-03 21:00:00,45,13.51,True,True,5.2906403342133785,0.0,5.2906403342133785,0.0,0.013541262000217102,0.0
ablate_prophet_broad,prophet,frozen,broad,False,42,21,2025-06-02 01:00:00,2025-06-03 22:00:00,46,14.0,True,True,6.979588739307275,0.0,6.979588739307275,0.0,0.013541262000217102,0.0
ablate_prophet_broad,prophet,frozen,broad,False,42,21,2025-06-02 01:00:00,2025-06-03 23:00:00,47,14.24,True,True,6.328193708204964,0.0,6.328193708204964,0.0,0.013541262000217102,0.0
ablate_prophet_broad,prophet,frozen,broad,False,42,21,2025-06-02 01:00:00,2025-06-04 00:00:00,48,14.68,True,True,3.698247856131985,0.0,3.698247856131985,0.0,0.013541262000217102,0.0
ablate_prophet_broad,prophet,frozen,broad,False,42,21,2025-06-02 01:00:00,2025-06-04 01:00:00,49,15.19,True,True,1.016442921412505,0.0,1.016442921412505,0.0,0.013541262000217102,0.0
ablate_prophet_broad,prophet,frozen,broad,False,42,21,2025-06-02 01:00:00,2025-06-04 02:00:00,50,16.09,True,True,1.371823851688987,0.0,1.371823851688987,0.0,0.013541262000217102,0.0
ablate_prophet_broad,prophet,frozen,broad,False,42,21,2025-06-02 01:00:00,2025-06-04 03:00:00,51,19.43,True,True,3.1410978871028874,0.0,3.1410978871028874,0.0,0.013541262000217102,0.0
ablate_prophet_broad,prophet,frozen,broad,False,42,21,2025-06-02 01:00:00,2025-06-04 04:00:00,52,11.29,True,True,-0.10896895621965541,0.0,-0.10896895621965541,0.0,0.013541262000217102,0.0
ablate_prophet_broad,prophet,frozen,broad,False,42,21,2025-06-02 01:00:00,2025-06-04 05:00:00,53,11.63,True,True,2.4119333074314966,0.0,2.4119333074314966,0.0,0.013541262000217102,0.0
ablate_prophet_broad,prophet,frozen,broad,False,42,21,2025-06-02 01:00:00,2025-06-04 06:00:00,54,12.87,True,True,4.170764041450127,0.0,4.170764041450127,0.0,0.013541262000217102,0.0
ablate_prophet_broad,prophet,frozen,broad,False,42,21,2025-06-02 01:00:00,2025-06-04 07:00:00,55,13.31,True,True,4.243889073525622,0.0,4.243889073525622,0.0,0.013541262000217102,0.0
ablate_prophet_broad,prophet,frozen,broad,False,42,21,2025-06-02 01:00:00,2025-06-04 08:00:00,56,13.35,True,True,1.8920837345043253,0.0,1.8920837345043253,0.0,0.013541262000217102,0.0
ablate_prophet_broad,prophet,frozen,broad,False,42,21,2025-06-02 01:00:00,2025-06-04 09:00:00,57,13.17,True,True,-1.4523891288711752,0.0,-1.4523891288711752,0.0,0.013541262000217102,0.0
ablate_prophet_broad,prophet,frozen,broad,False,42,21,2025-06-02 01:00:00,2025-06-04 10:00:00,58,14.46,True,True,-4.896556831516449,0.0,-4.896556831516449,0.0,0.013541262000217102,0.0
ablate_prophet_broad,prophet,frozen,broad,False,42,21,2025-06-02 01:00:00,2025-06-04 11:00:00,59,17.07,True,True,-7.5157395538143135,0.0,-7.5157395538143135,0.0,0.013541262000217102,0.0
ablate_prophet_broad,prophet,frozen,broad,False,42,21,2025-06-02 01:00:00,2025-06-04 12:00:00,60,19.94,True,True,-3.1516444444534386,0.0,-3.1516444444534386,0.0,0.013541262000217102,0.0
ablate_prophet_broad,prophet,frozen,broad,False,42,21,2025-06-02 01:00:00,2025-06-04 13:00:00,61,22.86,True,True,-0.7403503855569795,0.0,-0.7403503855569795,0.0,0.013541262000217102,0.0
ablate_prophet_broad,prophet,frozen,broad,False,42,21,2025-06-02 01:00:00,2025-06-04 14:00:00,62,26.36,True,True,4.90019644965318,0.0,4.90019644965318,0.0,0.013541262000217102,0.0
ablate_prophet_broad,prophet,frozen,broad,False,42,21,2025-06-02 01:00:00,2025-06-04 15:00:00,63,29.44,True,True,10.698626738463417,0.0,10.698626738463417,0.0,0.013541262000217102,0.0
ablate_prophet_broad,prophet,frozen,broad,False,42,21,2025-06-02 01:00:00,2025-06-04 16:00:00,64,30.85,True,True,14.009875906194083,0.0,14.009875906194083,0.0,0.013541262000217102,0.0
ablate_prophet_broad,prophet,frozen,broad,False,42,21,2025-06-02 01:00:00,2025-06-04 17:00:00,65,31.64,True,True,17.27224180160445,0.0,17.27224180160445,0.0,0.013541262000217102,0.0
ablate_prophet_broad,prophet,frozen,broad,False,42,21,2025-06-02 01:00:00,2025-06-04 18:00:00,66,34.21,True,True,22.84144293679651,0.0,22.84144293679651,0.0,0.013541262000217102,0.0
ablate_prophet_broad,prophet,frozen,broad,False,42,21,2025-06-02 01:00:00,2025-06-04 19:00:00,67,38.51,True,True,28.814635953554983,0.0,28.814635953554983,0.0,0.013541262000217102,0.0
ablate_prophet_broad,prophet,frozen,broad,False,42,21,2025-06-02 01:00:00,2025-06-04 20:00:00,68,43.42,True,True,34.35800186574846,0.0,34.35800186574846,0.0,0.013541262000217102,0.0
ablate_prophet_broad,prophet,frozen,broad,False,42,21,2025-06-02 01:00:00,2025-06-04 21:00:00,69,48.58,True,True,39.25061159413602,0.0,39.25061159413602,0.0,0.013541262000217102,0.0
ablate_prophet_broad,prophet,frozen,broad,False,42,21,2025-06-02 01:00:00,2025-06-04 22:00:00,70,52.49,True,True,41.17461992375243,0.0,41.17461992375243,0.0,0.013541262000217102,0.0
ablate_prophet_broad,prophet,frozen,broad,False,42,21,2025-06-02 01:00:00,2025-06-04 23:00:00,71,56.1,True,True,41.719008905369066,0.0,41.719008905369066,0.0,0.013541262000217102,0.0
ablate_prophet_broad,prophet,frozen,broad,False,42,21,2025-06-02 01:00:00,2025-06-05 00:00:00,72,62.38,True,True,42.32572342931445,0.0,42.32572342931445,0.0,0.013541262000217102,0.0
ablate_prophet_broad,prophet,frozen,broad,False,42,21,2025-06-02 01:00:00,2025-06-05 01:00:00,73,74.59,True,True,48.09886361116364,0.0,48.09886361116364,0.0,0.013541262000217102,0.0
ablate_prophet_broad,prophet,frozen,broad,False,42,21,2025-06-02 01:00:00,2025-06-05 02:00:00,74,85.38,True,True,52.44105006849304,0.0,52.44105006849304,0.0,0.013541262000217102,0.0
ablate_prophet_broad,prophet,frozen,broad,False,42,21,2025-06-02 01:00:00,2025-06-05 03:00:00,75,99.4,True,True,60.68246291102099,0.0,60.68246291102099,0.0,0.013541262000217102,0.0
ablate_prophet_broad,prophet,frozen,broad,False,42,21,2025-06-02 01:00:00,2025-06-05 04:00:00,76,120.44,True,True,76.7566004159041,0.0,76.7566004159041,0.0,0.013541262000217102,0.0
ablate_prophet_broad,prophet,frozen,broad,False,42,21,2025-06-02 01:00:00,2025-06-05 05:00:00,77,134.36,True,True,87.00368939871305,0.0,87.00368939871305,0.0,0.013541262000217102,0.0
ablate_prophet_broad,prophet,frozen,broad,False,42,21,2025-06-02 01:00:00,2025-06-05 06:00:00,78,145.41,True,True,94.10781886357675,0.0,94.10781886357675,0.0,0.013541262000217102,0.0
ablate_prophet_broad,prophet,frozen,broad,False,42,21,2025-06-02 01:00:00,2025-06-05 07:00:00,79,126.95,True,True,82.56141736851302,0.0,82.56141736851302,0.0,0.013541262000217102,0.0
ablate_prophet_broad,prophet,frozen,broad,False,42,21,2025-06-02 01:00:00,2025-06-05 08:00:00,80,103.9,True,True,65.61163304072747,0.0,65.61163304072747,0.0,0.013541262000217102,0.0
ablate_prophet_broad,prophet,frozen,broad,False,42,21,2025-06-02 01:00:00,2025-06-05 09:00:00,81,87.12,True,True,52.190113524610126,0.0,52.190113524610126,0.0,0.013541262000217102,0.0
ablate_prophet_broad,prophet,frozen,broad,False,42,21,2025-06-02 01:00:00,2025-06-05 10:00:00,82,80.59,True,True,44.7066758018934,0.0,44.7066758018934,0.0,0.013541262000217102,0.0
ablate_prophet_broad,prophet,frozen,broad,False,42,21,2025-06-02 01:00:00,2025-06-05 11:00:00,83,81.51,True,True,42.39755544424719,0.0,42.39755544424719,0.0,0.013541262000217102,0.0
ablate_prophet_broad,prophet,frozen,broad,False,42,21,2025-06-02 01:00:00,2025-06-05 12:00:00,84,83.28,True,True,43.28489124799472,0.0,43.28489124799472,0.0,0.013541262000217102,0.0
ablate_prophet_broad,prophet,frozen,broad,False,42,21,2025-06-02 01:00:00,2025-06-05 13:00:00,85,83.0,True,True,45.31457146220825,0.0,45.31457146220825,0.0,0.013541262000217102,0.0
ablate_prophet_broad,prophet,frozen,broad,False,42,21,2025-06-02 01:00:00,2025-06-05 14:00:00,86,83.2,True,True,48.88445338360037,0.0,48.88445338360037,0.0,0.013541262000217102,0.0
ablate_prophet_broad,prophet,frozen,broad,False,42,21,2025-06-02 01:00:00,2025-06-05 15:00:00,87,82.87,True,True,52.44407778860736,0.0,52.44407778860736,0.0,0.013541262000217102,0.0
ablate_prophet_broad,prophet,frozen,broad,False,42,21,2025-06-02 01:00:00,2025-06-05 16:00:00,88,81.15,True,True,55.55067521014888,0.0,55.55067521014888,0.0,0.013541262000217102,0.0
ablate_prophet_broad,prophet,frozen,broad,False,42,21,2025-06-02 01:00:00,2025-06-05 17:00:00,89,80.3,True,True,57.68593822224025,0.0,57.68593822224025,0.0,0.013541262000217102,0.0
ablate_prophet_broad,prophet,frozen,broad,False,42,21,2025-06-02 01:00:00,2025-06-05 18:00:00,90,80.19,True,True,56.94362395086844,0.0,56.94362395086844,0.0,0.013541262000217102,0.0
ablate_prophet_broad,prophet,frozen,broad,False,42,21,2025-06-02 01:00:00,2025-06-05 19:00:00,91,80.36,True,True,57.68616248094307,0.0,57.68616248094307,0.0,0.013541262000217102,0.0
ablate_prophet_broad,prophet,frozen,broad,False,42,21,2025-06-02 01:00:00,2025-06-05 20:00:00,92,82.62,True,True,56.002075015809396,0.0,56.002075015809396,0.0,0.013541262000217102,0.0
ablate_prophet_broad,prophet,frozen,broad,False,42,21,2025-06-02 01:00:00,2025-06-05 21:00:00,93,86.87,True,True,55.101113862978025,0.0,55.101113862978025,0.0,0.013541262000217102,0.0
ablate_prophet_broad,prophet,frozen,broad,False,42,21,2025-06-02 01:00:00,2025-06-05 22:00:00,94,90.15,True,True,58.415311211130586,0.0,58.415311211130586,0.0,0.013541262000217102,0.0
ablate_prophet_broad,prophet,frozen,broad,False,42,21,2025-06-02 01:00:00,2025-06-05 23:00:00,95,92.06,True,True,63.86387268266614,0.0,63.86387268266614,0.0,0.013541262000217102,0.0
ablate_prophet_broad,prophet,frozen,broad,False,42,21,2025-06-02 01:00:00,2025-06-06 00:00:00,96,92.32,True,True,64.32246368938084,0.0,64.32246368938084,0.0,0.013541262000217102,0.0
ablate_prophet_broad,prophet,frozen,broad,False,42,21,2025-06-02 01:00:00,2025-06-06 01:00:00,97,92.26,True,True,48.893990590510555,0.0,48.893990590510555,0.0,0.013541262000217102,0.0
ablate_prophet_broad,prophet,frozen,broad,False,42,21,2025-06-02 01:00:00,2025-06-06 02:00:00,98,87.72,True,True,33.55125537716452,0.0,33.55125537716452,0.0,0.013541262000217102,0.0
ablate_prophet_broad,prophet,frozen,broad,False,42,21,2025-06-02 01:00:00,2025-06-06 03:00:00,99,84.53,True,True,32.047330791390465,0.0,32.047330791390465,0.0,0.013541262000217102,0.0
ablate_prophet_broad,prophet,frozen,broad,False,42,21,2025-06-02 01:00:00,2025-06-06 04:00:00,100,92.1,True,True,39.46873234027572,0.0,39.46873234027572,0.0,0.013541262000217102,0.0
ablate_prophet_broad,prophet,frozen,broad,False,42,21,2025-06-02 01:00:00,2025-06-06 05:00:00,101,97.26,True,True,46.07500426591457,0.0,46.07500426591457,0.0,0.013541262000217102,0.0
ablate_prophet_broad,prophet,frozen,broad,False,42,21,2025-06-02 01:00:00,2025-06-06 06:00:00,102,101.51,True,True,50.91319501770039,0.0,50.91319501770039,0.0,0.013541262000217102,0.0
ablate_prophet_broad,prophet,frozen,broad,False,42,21,2025-06-02 01:00:00,2025-06-06 07:00:00,103,94.8,True,True,47.77028574818914,0.0,47.77028574818914,0.0,0.013541262000217102,0.0
ablate_prophet_broad,prophet,frozen,broad,False,42,21,2025-06-02 01:00:00,2025-06-06 08:00:00,104,86.36,True,True,40.93077681422463,0.0,40.93077681422463,0.0,0.013541262000217102,0.0
ablate_prophet_broad,prophet,frozen,broad,False,42,21,2025-06-02 01:00:00,2025-06-06 09:00:00,105,84.85,True,True,35.873091877650154,0.0,35.873091877650154,0.0,0.013541262000217102,0.0
ablate_prophet_broad,prophet,frozen,broad,False,42,21,2025-06-02 01:00:00,2025-06-06 10:00:00,106,88.51,True,True,33.11714608218679,0.0,33.11714608218679,0.0,0.013541262000217102,0.0
ablate_prophet_broad,prophet,frozen,broad,False,42,21,2025-06-02 01:00:00,2025-06-06 11:00:00,107,95.3,True,True,33.14468944323178,0.0,33.14468944323178,0.0,0.013541262000217102,0.0
ablate_prophet_broad,prophet,frozen,broad,False,42,21,2025-06-02 01:00:00,2025-06-06 12:00:00,108,103.02,True,True,34.907544087814586,0.0,34.907544087814586,0.0,0.013541262000217102,0.0
ablate_prophet_broad,prophet,frozen,broad,False,42,21,2025-06-02 01:00:00,2025-06-06 13:00:00,109,111.17,True,True,42.379547701401265,0.0,42.379547701401265,0.0,0.013541262000217102,0.0
ablate_prophet_broad,prophet,frozen,broad,False,42,21,2025-06-02 01:00:00,2025-06-06 14:00:00,110,122.15,True,True,61.10327755613443,0.0,61.10327755613443,0.0,0.013541262000217102,0.0
ablate_prophet_broad,prophet,frozen,broad,False,42,21,2025-06-02 01:00:00,2025-06-06 15:00:00,111,138.37,True,True,78.74840164912098,0.0,78.74840164912098,0.0,0.013541262000217102,0.0
ablate_prophet_broad,prophet,frozen,broad,False,42,21,2025-06-02 01:00:00,2025-06-06 16:00:00,112,151.05,True,True,80.45361837038718,0.0,80.45361837038718,0.0,0.013541262000217102,0.0
ablate_prophet_broad,prophet,frozen,broad,False,42,21,2025-06-02 01:00:00,2025-06-06 17:00:00,113,161.27,True,True,80.543867421643,0.0,80.543867421643,0.0,0.013541262000217102,0.0
ablate_prophet_broad,prophet,frozen,broad,False,42,21,2025-06-02 01:00:00,2025-06-06 18:00:00,114,168.87,True,True,85.64710290307755,0.0,85.64710290307755,0.0,0.013541262000217102,0.0
ablate_prophet_broad,prophet,frozen,broad,False,42,21,2025-06-02 01:00:00,2025-06-06 19:00:00,115,171.45,True,True,86.26098400790465,0.0,86.26098400790465,0.0,0.013541262000217102,0.0
ablate_prophet_broad,prophet,frozen,broad,False,42,21,2025-06-02 01:00:00,2025-06-06 20:00:00,116,173.44,True,True,90.4135160121391,0.0,90.4135160121391,0.0,0.013541262000217102,0.0
ablate_prophet_broad,prophet,frozen,broad,False,42,21,2025-06-02 01:00:00,2025-06-06 21:00:00,117,175.13,True,True,96.3919065102679,0.0,96.3919065102679,0.0,0.013541262000217102,0.0
ablate_prophet_broad,prophet,frozen,broad,False,42,21,2025-06-02 01:00:00,2025-06-06 22:00:00,118,183.1,True,True,107.797679234655,0.0,107.797679234655,0.0,0.013541262000217102,0.0
ablate_prophet_broad,prophet,frozen,broad,False,42,21,2025-06-02 01:00:00,2025-06-06 23:00:00,119,150.18,True,True,89.0383520460844,0.0,89.0383520460844,0.0,0.013541262000217102,0.0
ablate_prophet_broad,prophet,frozen,broad,False,42,21,2025-06-02 01:00:00,2025-06-07 00:00:00,120,121.85,True,True,66.55027839096022,0.0,66.55027839096022,0.0,0.013541262000217102,0.0
ablate_prophet_broad,prophet,frozen,broad,False,42,21,2025-06-02 01:00:00,2025-06-07 01:00:00,121,97.42,True,True,47.60092655208564,0.0,47.60092655208564,0.0,0.013541262000217102,0.0
ablate_prophet_broad,prophet,frozen,broad,False,42,21,2025-06-02 01:00:00,2025-06-07 02:00:00,122,84.6,True,True,37.67710311096036,0.0,37.67710311096036,0.0,0.013541262000217102,0.0
ablate_prophet_broad,prophet,frozen,broad,False,42,21,2025-06-02 01:00:00,2025-06-07 03:00:00,123,80.29,True,True,37.17851099030648,0.0,37.17851099030648,0.0,0.013541262000217102,0.0
ablate_prophet_broad,prophet,frozen,broad,False,42,21,2025-06-02 01:00:00,2025-06-07 04:00:00,124,65.58,True,True,31.966813887130428,0.0,31.966813887130428,0.0,0.013541262000217102,0.0
ablate_prophet_broad,prophet,frozen,broad,False,42,21,2025-06-02 01:00:00,2025-06-07 05:00:00,125,54.96,True,True,28.150901925193097,0.0,28.150901925193097,0.0,0.013541262000217102,0.0
ablate_prophet_broad,prophet,frozen,broad,False,42,21,2025-06-02 01:00:00,2025-06-07 06:00:00,126,51.06,True,True,26.056331451473,0.0,26.056331451473,0.0,0.013541262000217102,0.0
ablate_prophet_broad,prophet,frozen,broad,False,42,21,2025-06-02 01:00:00,2025-06-07 07:00:00,127,47.29,True,True,22.662055830814722,0.0,22.662055830814722,0.0,0.013541262000217102,0.0
ablate_prophet_broad,prophet,frozen,broad,False,42,21,2025-06-02 01:00:00,2025-06-07 08:00:00,128,43.79,True,True,18.498289141877052,0.0,18.498289141877052,0.0,0.013541262000217102,0.0
ablate_prophet_broad,prophet,frozen,broad,False,42,21,2025-06-02 01:00:00,2025-06-07 09:00:00,129,41.15,True,True,13.870032897294635,0.0,13.870032897294635,0.0,0.013541262000217102,0.0
ablate_prophet_broad,prophet,frozen,broad,False,42,21,2025-06-02 01:00:00,2025-06-07 10:00:00,130,39.25,True,True,9.25998367086035,0.0,9.25998367086035,0.0,0.013541262000217102,0.0
ablate_prophet_broad,prophet,frozen,broad,False,42,21,2025-06-02 01:00:00,2025-06-07 11:00:00,131,38.59,True,True,9.180658892968154,0.0,9.180658892968154,0.0,0.013541262000217102,0.0
ablate_prophet_broad,prophet,frozen,broad,False,42,21,2025-06-02 01:00:00,2025-06-07 12:00:00,132,39.35,True,True,11.849385922609315,0.0,11.849385922609315,0.0,0.013541262000217102,0.0
ablate_prophet_broad,prophet,frozen,broad,False,42,21,2025-06-02 01:00:00,2025-06-07 13:00:00,133,42.39,True,True,15.143339351161472,0.0,15.143339351161472,0.0,0.013541262000217102,0.0
ablate_prophet_broad,prophet,frozen,broad,False,42,21,2025-06-02 01:00:00,2025-06-07 14:00:00,134,48.36,True,True,21.188800879435178,0.0,21.188800879435178,0.0,0.013541262000217102,0.0
ablate_prophet_broad,prophet,frozen,broad,False,42,21,2025-06-02 01:00:00,2025-06-07 15:00:00,135,56.86,True,True,30.028610088434505,0.0,30.028610088434505,0.0,0.013541262000217102,0.0
ablate_prophet_broad,prophet,frozen,broad,False,42,21,2025-06-02 01:00:00,2025-06-07 16:00:00,136,67.42,True,True,39.86987423658053,0.0,39.86987423658053,0.0,0.013541262000217102,0.0
ablate_prophet_broad,prophet,frozen,broad,False,42,21,2025-06-02 01:00:00,2025-06-07 17:00:00,137,80.18,True,True,50.71560283181651,0.0,50.71560283181651,0.0,0.013541262000217102,0.0
ablate_prophet_broad,prophet,frozen,broad,False,42,21,2025-06-02 01:00:00,2025-06-07 18:00:00,138,94.26,True,True,62.30188665904308,0.0,62.30188665904308,0.0,0.013541262000217102,0.0
ablate_prophet_broad,prophet,frozen,broad,False,42,21,2025-06-02 01:00:00,2025-06-07 19:00:00,139,106.22,True,True,72.34962576796423,0.0,72.34962576796423,0.0,0.013541262000217102,0.0
ablate_prophet_broad,prophet,frozen,broad,False,42,21,2025-06-02 01:00:00,2025-06-07 20:00:00,140,116.89,True,True,82.03217936670134,0.0,82.03217936670134,0.0,0.013541262000217102,0.0
ablate_prophet_broad,prophet,frozen,broad,False,42,21,2025-06-02 01:00:00,2025-06-07 21:00:00,141,128.1,True,True,90.76984227424236,0.0,90.76984227424236,0.0,0.013541262000217102,0.0
ablate_prophet_broad,prophet,frozen,broad,False,42,21,2025-06-02 01:00:00,2025-06-07 22:00:00,142,138.62,True,True,97.22471255533405,0.0,97.22471255533405,0.0,0.013541262000217102,0.0
ablate_prophet_broad,prophet,frozen,broad,False,42,21,2025-06-02 01:00:00,2025-06-07 23:00:00,143,147.74,True,True,101.62789781199528,0.0,101.62789781199528,0.0,0.013541262000217102,0.0
ablate_prophet_broad,prophet,frozen,broad,False,42,21,2025-06-02 01:00:00,2025-06-08 00:00:00,144,154.85,True,True,103.93648364932905,0.0,103.93648364932905,0.0,0.013541262000217102,0.0
ablate_prophet_broad,prophet,frozen,broad,False,42,21,2025-06-02 01:00:00,2025-06-08 01:00:00,145,171.91,True,True,108.8181043607516,0.0,108.8181043607516,0.0,0.013541262000217102,0.0
ablate_prophet_broad,prophet,frozen,broad,False,42,21,2025-06-02 01:00:00,2025-06-08 02:00:00,146,172.97,True,True,107.40915931886778,0.0,107.40915931886778,0.0,0.013541262000217102,0.0
ablate_prophet_broad,prophet,frozen,broad,False,42,21,2025-06-02 01:00:00,2025-06-08 03:00:00,147,180.31,True,True,112.45531688555639,0.0,112.45531688555639,0.0,0.013541262000217102,0.0
ablate_prophet_broad,prophet,frozen,broad,False,42,21,2025-06-02 01:00:00,2025-06-08 04:00:00,148,104.44,True,True,70.23651939015872,0.0,70.23651939015872,0.0,0.013541262000217102,0.0
ablate_prophet_broad,prophet,frozen,broad,False,42,21,2025-06-02 01:00:00,2025-06-08 05:00:00,149,74.95,True,True,54.82861872998967,0.0,54.82861872998967,0.0,0.013541262000217102,0.0
ablate_prophet_broad,prophet,frozen,broad,False,42,21,2025-06-02 01:00:00,2025-06-08 06:00:00,150,72.65,True,True,53.22493132602423,0.0,53.22493132602423,0.0,0.013541262000217102,0.0
ablate_prophet_broad,prophet,frozen,broad,False,42,21,2025-06-02 01:00:00,2025-06-08 07:00:00,151,75.11,True,True,53.160760448361486,0.0,53.160760448361486,0.0,0.013541262000217102,0.0
ablate_prophet_broad,prophet,frozen,broad,False,42,21,2025-06-02 01:00:00,2025-06-08 08:00:00,152,77.15,True,True,52.14287729813384,0.0,52.14287729813384,0.0,0.013541262000217102,0.0
ablate_prophet_broad,prophet,frozen,broad,False,42,21,2025-06-02 01:00:00,2025-06-08 09:00:00,153,78.52,True,True,48.95358487283349,0.0,48.95358487283349,0.0,0.013541262000217102,0.0
ablate_prophet_broad,prophet,frozen,broad,False,42,21,2025-06-02 01:00:00,2025-06-08 10:00:00,154,81.02,True,True,44.34321742729986,0.0,44.34321742729986,0.0,0.013541262000217102,0.0
ablate_prophet_broad,prophet,frozen,broad,False,42,21,2025-06-02 01:00:00,2025-06-08 11:00:00,155,84.05,True,True,40.56754773108648,0.0,40.56754773108648,0.0,0.013541262000217102,0.0
ablate_prophet_broad,prophet,frozen,broad,False,42,21,2025-06-02 01:00:00,2025-06-08 12:00:00,156,86.65,True,True,39.387113328823546,0.0,39.387113328823546,0.0,0.013541262000217102,0.0
ablate_prophet_broad,prophet,frozen,broad,False,42,21,2025-06-02 01:00:00,2025-06-08 13:00:00,157,88.71,True,True,39.29950922484494,0.0,39.29950922484494,0.0,0.013541262000217102,0.0
ablate_prophet_broad,prophet,frozen,broad,False,42,21,2025-06-02 01:00:00,2025-06-08 14:00:00,158,93.2,True,True,45.48363327175039,0.0,45.48363327175039,0.0,0.013541262000217102,0.0
ablate_prophet_broad,prophet,frozen,broad,False,42,21,2025-06-02 01:00:00,2025-06-08 15:00:00,159,97.43,True,True,52.477815593605214,0.0,52.477815593605214,0.0,0.013541262000217102,0.0
ablate_prophet_broad,prophet,frozen,broad,False,42,21,2025-06-02 01:00:00,2025-06-08 16:00:00,160,98.75,True,True,57.550093637527056,0.0,57.550093637527056,0.0,0.013541262000217102,0.0
ablate_prophet_broad,prophet,frozen,broad,False,42,21,2025-06-02 01:00:00,2025-06-08 17:00:00,161,99.91,True,True,63.03484232307059,0.0,63.03484232307059,0.0,0.013541262000217102,0.0
ablate_prophet_broad,prophet,frozen,broad,False,42,21,2025-06-02 01:00:00,2025-06-08 18:00:00,162,100.83,True,True,67.9461618074588,0.0,67.9461618074588,0.0,0.013541262000217102,0.0
ablate_prophet_broad,prophet,frozen,broad,False,42,21,2025-06-02 01:00:00,2025-06-08 19:00:00,163,101.08,True,True,72.13658638195085,0.0,72.13658638195085,0.0,0.013541262000217102,0.0
ablate_prophet_broad,prophet,frozen,broad,False,42,21,2025-06-02 01:00:00,2025-06-08 20:00:00,164,102.18,True,True,75.9156613222925,0.0,75.9156613222925,0.0,0.013541262000217102,0.0
ablate_prophet_broad,prophet,frozen,broad,False,42,21,2025-06-02 01:00:00,2025-06-08 21:00:00,165,104.27,True,True,78.52935046683515,0.0,78.52935046683515,0.0,0.013541262000217102,0.0
ablate_prophet_broad,prophet,frozen,broad,False,42,21,2025-06-02 01:00:00,2025-06-08 22:00:00,166,108.48,True,True,79.18217589918737,0.0,79.18217589918737,0.0,0.013541262000217102,0.0
ablate_prophet_broad,prophet,frozen,broad,False,42,21,2025-06-02 01:00:00,2025-06-08 23:00:00,167,114.67,True,True,78.95896816198052,0.0,78.95896816198052,0.0,0.013541262000217102,0.0
ablate_prophet_broad,prophet,frozen,broad,False,42,21,2025-06-02 01:00:00,2025-06-09 00:00:00,168,126.33,True,True,81.4286134729814,0.0,81.4286134729814,0.0,0.013541262000217102,0.0
ablate_prophet_broad,prophet,frozen,broad,False,42,22,2025-06-09 01:00:00,2025-06-09 01:00:00,1,158.34,True,True,94.4687017947404,0.0,94.4687017947404,0.0,0.013730769998801406,0.0
ablate_prophet_broad,prophet,frozen,broad,False,42,22,2025-06-09 01:00:00,2025-06-09 02:00:00,2,176.42,True,True,105.24310258850073,0.0,105.24310258850073,0.0,0.013730769998801406,0.0
ablate_prophet_broad,prophet,frozen,broad,False,42,22,2025-06-09 01:00:00,2025-06-09 03:00:00,3,191.92,True,True,115.59482544467582,0.0,115.59482544467582,0.0,0.013730769998801406,0.0
ablate_prophet_broad,prophet,frozen,broad,False,42,22,2025-06-09 01:00:00,2025-06-09 04:00:00,4,171.79,True,True,109.56357593073712,0.0,109.56357593073712,0.0,0.013730769998801406,0.0
ablate_prophet_broad,prophet,frozen,broad,False,42,22,2025-06-09 01:00:00,2025-06-09 05:00:00,5,142.8,True,True,95.45821784539196,0.0,95.45821784539196,0.0,0.013730769998801406,0.0
ablate_prophet_broad,prophet,frozen,broad,False,42,22,2025-06-09 01:00:00,2025-06-09 06:00:00,6,122.66,True,True,76.34656497488953,0.0,76.34656497488953,0.0,0.013730769998801406,0.0
ablate_prophet_broad,prophet,frozen,broad,False,42,22,2025-06-09 01:00:00,2025-06-09 07:00:00,7,83.41,True,True,63.134280331362675,0.0,63.134280331362675,0.0,0.013730769998801406,0.0
ablate_prophet_broad,prophet,frozen,broad,False,42,22,2025-06-09 01:00:00,2025-06-09 08:00:00,8,47.78,True,True,33.82533250858657,0.0,33.82533250858657,0.0,0.013730769998801406,0.0
ablate_prophet_broad,prophet,frozen,broad,False,42,22,2025-06-09 01:00:00,2025-06-09 09:00:00,9,29.72,True,True,10.673222859887602,0.0,10.673222859887602,0.0,0.013730769998801406,0.0
ablate_prophet_broad,prophet,frozen,broad,False,42,22,2025-06-09 01:00:00,2025-06-09 10:00:00,10,23.67,True,True,5.0274309948154325,0.0,5.0274309948154325,0.0,0.013730769998801406,0.0
ablate_prophet_broad,prophet,frozen,broad,False,42,22,2025-06-09 01:00:00,2025-06-09 11:00:00,11,26.68,True,True,-23.23303133967221,0.0,-23.23303133967221,0.0,0.013730769998801406,0.0
ablate_prophet_broad,prophet,frozen,broad,False,42,22,2025-06-09 01:00:00,2025-06-09 12:00:00,12,34.32,True,True,-11.409344407462271,0.0,-11.409344407462271,0.0,0.013730769998801406,0.0
ablate_prophet_broad,prophet,frozen,broad,False,42,22,2025-06-09 01:00:00,2025-06-09 13:00:00,13,44.57,True,True,-1.4469637482507096,0.0,-1.4469637482507096,0.0,0.013730769998801406,0.0
ablate_prophet_broad,prophet,frozen,broad,False,42,22,2025-06-09 01:00:00,2025-06-09 14:00:00,14,50.09,True,True,5.760177248703201,0.0,5.760177248703201,0.0,0.013730769998801406,0.0
ablate_prophet_broad,prophet,frozen,broad,False,42,22,2025-06-09 01:00:00,2025-06-09 15:00:00,15,42.91,True,True,4.731617021729477,0.0,4.731617021729477,0.0,0.013730769998801406,0.0
ablate_prophet_broad,prophet,frozen,broad,False,42,22,2025-06-09 01:00:00,2025-06-09 16:00:00,16,20.31,True,True,-7.499592324026452,0.0,-7.499592324026452,0.0,0.013730769998801406,0.0
ablate_prophet_broad,prophet,frozen,broad,False,42,22,2025-06-09 01:00:00,2025-06-09 17:00:00,17,10.7,True,True,-9.324284514476858,0.0,-9.324284514476858,0.0,0.013730769998801406,0.0
ablate_prophet_broad,prophet,frozen,broad,False,42,22,2025-06-09 01:00:00,2025-06-09 18:00:00,18,7.82,True,True,-6.46811696178932,0.0,-6.46811696178932,0.0,0.013730769998801406,0.0
ablate_prophet_broad,prophet,frozen,broad,False,42,22,2025-06-09 01:00:00,2025-06-09 19:00:00,19,7.85,True,True,-3.0621846053582544,0.0,-3.0621846053582544,0.0,0.013730769998801406,0.0
ablate_prophet_broad,prophet,frozen,broad,False,42,22,2025-06-09 01:00:00,2025-06-09 20:00:00,20,9.45,True,True,1.0200124714457104,0.0,1.0200124714457104,0.0,0.013730769998801406,0.0
ablate_prophet_broad,prophet,frozen,broad,False,42,22,2025-06-09 01:00:00,2025-06-09 21:00:00,21,12.06,True,True,6.344374417731245,0.0,6.344374417731245,0.0,0.013730769998801406,0.0
ablate_prophet_broad,prophet,frozen,broad,False,42,22,2025-06-09 01:00:00,2025-06-09 22:00:00,22,14.91,True,True,9.587620358309636,0.0,9.587620358309636,0.0,0.013730769998801406,0.0
ablate_prophet_broad,prophet,frozen,broad,False,42,22,2025-06-09 01:00:00,2025-06-09 23:00:00,23,17.74,True,True,10.117965449773806,0.0,10.117965449773806,0.0,0.013730769998801406,0.0
ablate_prophet_broad,prophet,frozen,broad,False,42,22,2025-06-09 01:00:00,2025-06-10 00:00:00,24,20.22,True,True,3.8965451687344057,0.0,3.8965451687344057,0.0,0.013730769998801406,0.0
ablate_prophet_broad,prophet,frozen,broad,False,42,22,2025-06-09 01:00:00,2025-06-10 01:00:00,25,23.79,True,True,2.7929420120880195,0.0,2.7929420120880195,0.0,0.013730769998801406,0.0
ablate_prophet_broad,prophet,frozen,broad,False,42,22,2025-06-09 01:00:00,2025-06-10 02:00:00,26,26.6,True,True,0.5029170493788513,0.0,0.5029170493788513,0.0,0.013730769998801406,0.0
ablate_prophet_broad,prophet,frozen,broad,False,42,22,2025-06-09 01:00:00,2025-06-10 03:00:00,27,29.32,True,True,-0.6821354279287277,0.0,-0.6821354279287277,0.0,0.013730769998801406,0.0
ablate_prophet_broad,prophet,frozen,broad,False,42,22,2025-06-09 01:00:00,2025-06-10 04:00:00,28,15.98,True,True,-6.82220097204879,0.0,-6.82220097204879,0.0,0.013730769998801406,0.0
ablate_prophet_broad,prophet,frozen,broad,False,42,22,2025-06-09 01:00:00,2025-06-10 05:00:00,29,15.15,True,True,-6.0776116637808855,0.0,-6.0776116637808855,0.0,0.013730769998801406,0.0
ablate_prophet_broad,prophet,frozen,broad,False,42,22,2025-06-09 01:00:00,2025-06-10 06:00:00,30,15.29,True,True,-6.247073118145664,0.0,-6.247073118145664,0.0,0.013730769998801406,0.0
ablate_prophet_broad,prophet,frozen,broad,False,42,22,2025-06-09 01:00:00,2025-06-10 07:00:00,31,14.77,True,True,-9.395415095370169,0.0,-9.395415095370169,0.0,0.013730769998801406,0.0
ablate_prophet_broad,prophet,frozen,broad,False,42,22,2025-06-09 01:00:00,2025-06-10 08:00:00,32,14.31,True,True,-14.24927947346788,0.0,-14.24927947346788,0.0,0.013730769998801406,0.0
ablate_prophet_broad,prophet,frozen,broad,False,42,22,2025-06-09 01:00:00,2025-06-10 09:00:00,33,14.16,True,True,-18.81149692286533,0.0,-18.81149692286533,0.0,0.013730769998801406,0.0
ablate_prophet_broad,prophet,frozen,broad,False,42,22,2025-06-09 01:00:00,2025-06-10 10:00:00,34,15.65,True,True,-23.058660313442005,0.0,-23.058660313442005,0.0,0.013730769998801406,0.0
ablate_prophet_broad,prophet,frozen,broad,False,42,22,2025-06-09 01:00:00,2025-06-10 11:00:00,35,18.42,True,True,-24.67374025823179,0.0,-24.67374025823179,0.0,0.013730769998801406,0.0
ablate_prophet_broad,prophet,frozen,broad,False,42,22,2025-06-09 01:00:00,2025-06-10 12:00:00,36,21.21,True,True,-16.92402791964119,0.0,-16.92402791964119,0.0,0.013730769998801406,0.0
ablate_prophet_broad,prophet,frozen,broad,False,42,22,2025-06-09 01:00:00,2025-06-10 13:00:00,37,23.4,True,True,-10.812908595417696,0.0,-10.812908595417696,0.0,0.013730769998801406,0.0
ablate_prophet_broad,prophet,frozen,broad,False,42,22,2025-06-09 01:00:00,2025-06-10 14:00:00,38,25.6,True,True,-5.27962616813906,0.0,-5.27962616813906,0.0,0.013730769998801406,0.0
ablate_prophet_broad,prophet,frozen,broad,False,42,22,2025-06-09 01:00:00,2025-06-10 15:00:00,39,27.41,True,True,0.3007847181797274,0.0,0.3007847181797274,0.0,0.013730769998801406,0.0
ablate_prophet_broad,prophet,frozen,broad,False,42,22,2025-06-09 01:00:00,2025-06-10 16:00:00,40,28.68,True,True,5.250833910457885,0.0,5.250833910457885,0.0,0.013730769998801406,0.0
ablate_prophet_broad,prophet,frozen,broad,False,42,22,2025-06-09 01:00:00,2025-06-10 17:00:00,41,30.87,True,True,10.538847755832052,0.0,10.538847755832052,0.0,0.013730769998801406,0.0
ablate_prophet_broad,prophet,frozen,broad,False,42,22,2025-06-09 01:00:00,2025-06-10 18:00:00,42,33.03,True,True,15.779813096517302,0.0,15.779813096517302,0.0,0.013730769998801406,0.0
ablate_prophet_broad,prophet,frozen,broad,False,42,22,2025-06-09 01:00:00,2025-06-10 19:00:00,43,35.11,True,True,20.96244756823728,0.0,20.96244756823728,0.0,0.013730769998801406,0.0
ablate_prophet_broad,prophet,frozen,broad,False,42,22,2025-06-09 01:00:00,2025-06-10 20:00:00,44,37.22,True,True,25.912278396430423,0.0,25.912278396430423,0.0,0.013730769998801406,0.0
ablate_prophet_broad,prophet,frozen,broad,False,42,22,2025-06-09 01:00:00,2025-06-10 21:00:00,45,39.44,True,True,29.377356029055818,0.0,29.377356029055818,0.0,0.013730769998801406,0.0
ablate_prophet_broad,prophet,frozen,broad,False,42,22,2025-06-09 01:00:00,2025-06-10 22:00:00,46,40.92,True,True,30.62870850325072,0.0,30.62870850325072,0.0,0.013730769998801406,0.0
ablate_prophet_broad,prophet,frozen,broad,False,42,22,2025-06-09 01:00:00,2025-06-10 23:00:00,47,42.62,True,True,31.09749645596486,0.0,31.09749645596486,0.0,0.013730769998801406,0.0
ablate_prophet_broad,prophet,frozen,broad,False,42,22,2025-06-09 01:00:00,2025-06-11 00:00:00,48,46.18,True,True,31.382732289413752,0.0,31.382732289413752,0.0,0.013730769998801406,0.0
ablate_prophet_broad,prophet,frozen,broad,False,42,22,2025-06-09 01:00:00,2025-06-11 01:00:00,49,60.26,True,True,34.99086674826734,0.0,34.99086674826734,0.0,0.013730769998801406,0.0
ablate_prophet_broad,prophet,frozen,broad,False,42,22,2025-06-09 01:00:00,2025-06-11 02:00:00,50,75.14,True,True,40.53207617592585,0.0,40.53207617592585,0.0,0.013730769998801406,0.0
ablate_prophet_broad,prophet,frozen,broad,False,42,22,2025-06-09 01:00:00,2025-06-11 03:00:00,51,98.09,True,True,50.58633410935079,0.0,50.58633410935079,0.0,0.013730769998801406,0.0
ablate_prophet_broad,prophet,frozen,broad,False,42,22,2025-06-09 01:00:00,2025-06-11 04:00:00,52,84.17,True,True,46.34332466314024,0.0,46.34332466314024,0.0,0.013730769998801406,0.0
ablate_prophet_broad,prophet,frozen,broad,False,42,22,2025-06-09 01:00:00,2025-06-11 05:00:00,53,78.78,True,True,45.489618887087204,0.0,45.489618887087204,0.0,0.013730769998801406,0.0
ablate_prophet_broad,prophet,frozen,broad,False,42,22,2025-06-09 01:00:00,2025-06-11 06:00:00,54,84.32,True,True,48.22975473766604,0.0,48.22975473766604,0.0,0.013730769998801406,0.0
ablate_prophet_broad,prophet,frozen,broad,False,42,22,2025-06-09 01:00:00,2025-06-11 07:00:00,55,91.92,True,True,50.59161393874356,0.0,50.59161393874356,0.0,0.013730769998801406,0.0
ablate_prophet_broad,prophet,frozen,broad,False,42,22,2025-06-09 01:00:00,2025-06-11 08:00:00,56,97.34,True,True,51.19435968885003,0.0,51.19435968885003,0.0,0.013730769998801406,0.0
ablate_prophet_broad,prophet,frozen,broad,False,42,22,2025-06-09 01:00:00,2025-06-11 09:00:00,57,99.94,True,True,49.58252574087831,0.0,49.58252574087831,0.0,0.013730769998801406,0.0
ablate_prophet_broad,prophet,frozen,broad,False,42,22,2025-06-09 01:00:00,2025-06-11 10:00:00,58,101.17,True,True,46.75060515782934,0.0,46.75060515782934,0.0,0.013730769998801406,0.0
ablate_prophet_broad,prophet,frozen,broad,False,42,22,2025-06-09 01:00:00,2025-06-11 11:00:00,59,101.84,True,True,44.863201312163625,0.0,44.863201312163625,0.0,0.013730769998801406,0.0
ablate_prophet_broad,prophet,frozen,broad,False,42,22,2025-06-09 01:00:00,2025-06-11 12:00:00,60,101.79,True,True,44.29333555176623,0.0,44.29333555176623,0.0,0.013730769998801406,0.0
ablate_prophet_broad,prophet,frozen,broad,False,42,22,2025-06-09 01:00:00,2025-06-11 13:00:00,61,99.36,True,True,44.85387276575955,0.0,44.85387276575955,0.0,0.013730769998801406,0.0
ablate_prophet_broad,prophet,frozen,broad,False,42,22,2025-06-09 01:00:00,2025-06-11 14:00:00,62,96.72,True,True,47.42244476486121,0.0,47.42244476486121,0.0,0.013730769998801406,0.0
ablate_prophet_broad,prophet,frozen,broad,False,42,22,2025-06-09 01:00:00,2025-06-11 15:00:00,63,92.8,True,True,50.31371767904312,0.0,50.31371767904312,0.0,0.013730769998801406,0.0
ablate_prophet_broad,prophet,frozen,broad,False,42,22,2025-06-09 01:00:00,2025-06-11 16:00:00,64,86.85,True,True,50.35868072500304,0.0,50.35868072500304,0.0,0.013730769998801406,0.0
ablate_prophet_broad,prophet,frozen,broad,False,42,22,2025-06-09 01:00:00,2025-06-11 17:00:00,65,81.91,True,True,52.748300417224954,0.0,52.748300417224954,0.0,0.013730769998801406,0.0
ablate_prophet_broad,prophet,frozen,broad,False,42,22,2025-06-09 01:00:00,2025-06-11 18:00:00,66,79.52,True,True,56.86136340561731,0.0,56.86136340561731,0.0,0.013730769998801406,0.0
ablate_prophet_broad,prophet,frozen,broad,False,42,22,2025-06-09 01:00:00,2025-06-11 19:00:00,67,79.06,True,True,62.57404219054783,0.0,62.57404219054783,0.0,0.013730769998801406,0.0
ablate_prophet_broad,prophet,frozen,broad,False,42,22,2025-06-09 01:00:00,2025-06-11 20:00:00,68,79.5,True,True,68.5166064855519,0.0,68.5166064855519,0.0,0.013730769998801406,0.0
ablate_prophet_broad,prophet,frozen,broad,False,42,22,2025-06-09 01:00:00,2025-06-11 21:00:00,69,79.85,True,True,72.51045534608036,0.0,72.51045534608036,0.0,0.013730769998801406,0.0
ablate_prophet_broad,prophet,frozen,broad,False,42,22,2025-06-09 01:00:00,2025-06-11 22:00:00,70,75.8,True,True,70.91030221730367,0.0,70.91030221730367,0.0,0.013730769998801406,0.0
ablate_prophet_broad,prophet,frozen,broad,False,42,22,2025-06-09 01:00:00,2025-06-11 23:00:00,71,68.71,True,True,64.4401496588317,0.0,64.4401496588317,0.0,0.013730769998801406,0.0
ablate_prophet_broad,prophet,frozen,broad,False,42,22,2025-06-09 01:00:00,2025-06-12 00:00:00,72,62.9,True,True,56.46296756863208,0.0,56.46296756863208,0.0,0.013730769998801406,0.0
ablate_prophet_broad,prophet,frozen,broad,False,42,22,2025-06-09 01:00:00,2025-06-12 01:00:00,73,59.25,True,True,55.01290267194784,0.0,55.01290267194784,0.0,0.013730769998801406,0.0
ablate_prophet_broad,prophet,frozen,broad,False,42,22,2025-06-09 01:00:00,2025-06-12 02:00:00,74,59.6,True,True,55.70164263711763,0.0,55.70164263711763,0.0,0.013730769998801406,0.0
ablate_prophet_broad,prophet,frozen,broad,False,42,22,2025-06-09 01:00:00,2025-06-12 03:00:00,75,66.62,True,True,61.73481467838579,0.0,61.73481467838579,0.0,0.013730769998801406,0.0
ablate_prophet_broad,prophet,frozen,broad,False,42,22,2025-06-09 01:00:00,2025-06-12 04:00:00,76,73.98,True,True,68.94323866426026,0.0,68.94323866426026,0.0,0.013730769998801406,0.0
ablate_prophet_broad,prophet,frozen,broad,False,42,22,2025-06-09 01:00:00,2025-06-12 05:00:00,77,75.26,True,True,70.94569060452622,0.0,70.94569060452622,0.0,0.013730769998801406,0.0
ablate_prophet_broad,prophet,frozen,broad,False,42,22,2025-06-09 01:00:00,2025-06-12 06:00:00,78,73.21,True,True,69.13437161858423,0.0,69.13437161858423,0.0,0.013730769998801406,0.0
ablate_prophet_broad,prophet,frozen,broad,False,42,22,2025-06-09 01:00:00,2025-06-12 07:00:00,79,72.03,True,True,66.18856300130861,0.0,66.18856300130861,0.0,0.013730769998801406,0.0
ablate_prophet_broad,prophet,frozen,broad,False,42,22,2025-06-09 01:00:00,2025-06-12 08:00:00,80,72.25,True,True,60.36551332346366,0.0,60.36551332346366,0.0,0.013730769998801406,0.0
ablate_prophet_broad,prophet,frozen,broad,False,42,22,2025-06-09 01:00:00,2025-06-12 09:00:00,81,74.2,True,True,54.555377695094876,0.0,54.555377695094876,0.0,0.013730769998801406,0.0
ablate_prophet_broad,prophet,frozen,broad,False,42,22,2025-06-09 01:00:00,2025-06-12 10:00:00,82,76.94,True,True,50.374212120062765,0.0,50.374212120062765,0.0,0.013730769998801406,0.0
ablate_prophet_broad,prophet,frozen,broad,False,42,22,2025-06-09 01:00:00,2025-06-12 11:00:00,83,79.41,True,True,47.49523327816499,0.0,47.49523327816499,0.0,0.013730769998801406,0.0
ablate_prophet_broad,prophet,frozen,broad,False,42,22,2025-06-09 01:00:00,2025-06-12 12:00:00,84,80.37,True,True,45.7105041876344,0.0,45.7105041876344,0.0,0.013730769998801406,0.0
ablate_prophet_broad,prophet,frozen,broad,False,42,22,2025-06-09 01:00:00,2025-06-12 13:00:00,85,78.5,True,True,42.43902828025131,0.0,42.43902828025131,0.0,0.013730769998801406,0.0
ablate_prophet_broad,prophet,frozen,broad,False,42,22,2025-06-09 01:00:00,2025-06-12 14:00:00,86,75.41,True,True,40.21326719249768,0.0,40.21326719249768,0.0,0.013730769998801406,0.0
ablate_prophet_broad,prophet,frozen,broad,False,42,22,2025-06-09 01:00:00,2025-06-12 15:00:00,87,70.32,True,True,37.47021923469586,0.0,37.47021923469586,0.0,0.013730769998801406,0.0
ablate_prophet_broad,prophet,frozen,broad,False,42,22,2025-06-09 01:00:00,2025-06-12 16:00:00,88,64.01,True,True,37.73174776607178,0.0,37.73174776607178,0.0,0.013730769998801406,0.0
ablate_prophet_broad,prophet,frozen,broad,False,42,22,2025-06-09 01:00:00,2025-06-12 17:00:00,89,60.76,True,True,40.379859226878324,0.0,40.379859226878324,0.0,0.013730769998801406,0.0
ablate_prophet_broad,prophet,frozen,broad,False,42,22,2025-06-09 01:00:00,2025-06-12 18:00:00,90,60.36,True,True,44.00050070950965,0.0,44.00050070950965,0.0,0.013730769998801406,0.0
ablate_prophet_broad,prophet,frozen,broad,False,42,22,2025-06-09 01:00:00,2025-06-12 19:00:00,91,61.03,True,True,47.65998183889954,0.0,47.65998183889954,0.0,0.013730769998801406,0.0
ablate_prophet_broad,prophet,frozen,broad,False,42,22,2025-06-09 01:00:00,2025-06-12 20:00:00,92,62.91,True,True,51.10687884791102,0.0,51.10687884791102,0.0,0.013730769998801406,0.0
ablate_prophet_broad,prophet,frozen,broad,False,42,22,2025-06-09 01:00:00,2025-06-12 21:00:00,93,64.59,True,True,53.873518548691266,0.0,53.873518548691266,0.0,0.013730769998801406,0.0
ablate_prophet_broad,prophet,frozen,broad,False,42,22,2025-06-09 01:00:00,2025-06-12 22:00:00,94,64.79,True,True,54.893447440736395,0.0,54.893447440736395,0.0,0.013730769998801406,0.0
ablate_prophet_broad,prophet,frozen,broad,False,42,22,2025-06-09 01:00:00,2025-06-12 23:00:00,95,63.91,True,True,53.72867523945385,0.0,53.72867523945385,0.0,0.013730769998801406,0.0
ablate_prophet_broad,prophet,frozen,broad,False,42,22,2025-06-09 01:00:00,2025-06-13 00:00:00,96,63.63,True,True,49.40346958847408,0.0,49.40346958847408,0.0,0.013730769998801406,0.0
ablate_prophet_broad,prophet,frozen,broad,False,42,22,2025-06-09 01:00:00,2025-06-13 01:00:00,97,66.41,True,True,48.05130157331061,0.0,48.05130157331061,0.0,0.013730769998801406,0.0
ablate_prophet_broad,prophet,frozen,broad,False,42,22,2025-06-09 01:00:00,2025-06-13 02:00:00,98,71.33,True,True,49.767434880021796,0.0,49.767434880021796,0.0,0.013730769998801406,0.0
ablate_prophet_broad,prophet,frozen,broad,False,42,22,2025-06-09 01:00:00,2025-06-13 03:00:00,99,82.48,True,True,58.19387375078952,0.0,58.19387375078952,0.0,0.013730769998801406,0.0
ablate_prophet_broad,prophet,frozen,broad,False,42,22,2025-06-09 01:00:00,2025-06-13 04:00:00,100,94.66,True,True,69.83488812898844,0.0,69.83488812898844,0.0,0.013730769998801406,0.0
ablate_prophet_broad,prophet,frozen,broad,False,42,22,2025-06-09 01:00:00,2025-06-13 05:00:00,101,95.64,True,True,74.65690326653996,0.0,74.65690326653996,0.0,0.013730769998801406,0.0
ablate_prophet_broad,prophet,frozen,broad,False,42,22,2025-06-09 01:00:00,2025-06-13 06:00:00,102,89.85,True,True,74.63963313193997,0.0,74.63963313193997,0.0,0.013730769998801406,0.0
ablate_prophet_broad,prophet,frozen,broad,False,42,22,2025-06-09 01:00:00,2025-06-13 07:00:00,103,85.13,True,True,73.33650906781892,0.0,73.33650906781892,0.0,0.013730769998801406,0.0
ablate_prophet_broad,prophet,frozen,broad,False,42,22,2025-06-09 01:00:00,2025-06-13 08:00:00,104,81.83,True,True,69.26466728838889,0.0,69.26466728838889,0.0,0.013730769998801406,0.0
ablate_prophet_broad,prophet,frozen,broad,False,42,22,2025-06-09 01:00:00,2025-06-13 09:00:00,105,80.16,True,True,65.10372707479885,0.0,65.10372707479885,0.0,0.013730769998801406,0.0
ablate_prophet_broad,prophet,frozen,broad,False,42,22,2025-06-09 01:00:00,2025-06-13 10:00:00,106,81.73,True,True,62.30873203885946,0.0,62.30873203885946,0.0,0.013730769998801406,0.0
ablate_prophet_broad,prophet,frozen,broad,False,42,22,2025-06-09 01:00:00,2025-06-13 11:00:00,107,85.72,True,True,61.571453189173525,0.0,61.571453189173525,0.0,0.013730769998801406,0.0
ablate_prophet_broad,prophet,frozen,broad,False,42,22,2025-06-09 01:00:00,2025-06-13 12:00:00,108,89.84,True,True,63.062170690980935,0.0,63.062170690980935,0.0,0.013730769998801406,0.0
ablate_prophet_broad,prophet,frozen,broad,False,42,22,2025-06-09 01:00:00,2025-06-13 13:00:00,109,93.15,True,True,60.74195326270515,0.0,60.74195326270515,0.0,0.013730769998801406,0.0
ablate_prophet_broad,prophet,frozen,broad,False,42,22,2025-06-09 01:00:00,2025-06-13 14:00:00,110,96.12,True,True,65.2024204652626,0.0,65.2024204652626,0.0,0.013730769998801406,0.0
ablate_prophet_broad,prophet,frozen,broad,False,42,22,2025-06-09 01:00:00,2025-06-13 15:00:00,111,96.41,True,True,68.9503001830532,0.0,68.9503001830532,0.0,0.013730769998801406,0.0
ablate_prophet_broad,prophet,frozen,broad,False,42,22,2025-06-09 01:00:00,2025-06-13 16:00:00,112,93.86,True,True,70.01609395722923,0.0,70.01609395722923,0.0,0.013730769998801406,0.0
ablate_prophet_broad,prophet,frozen,broad,False,42,22,2025-06-09 01:00:00,2025-06-13 17:00:00,113,83.3,True,True,68.49868369798205,0.0,68.49868369798205,0.0,0.013730769998801406,0.0
ablate_prophet_broad,prophet,frozen,broad,False,42,22,2025-06-09 01:00:00,2025-06-13 18:00:00,114,75.73,True,True,69.20172276115761,0.0,69.20172276115761,0.0,0.013730769998801406,0.0
ablate_prophet_broad,prophet,frozen,broad,False,42,22,2025-06-09 01:00:00,2025-06-13 19:00:00,115,71.15,True,True,71.42384946447143,0.0,71.42384946447143,0.0,0.013730769998801406,0.0
ablate_prophet_broad,prophet,frozen,broad,False,42,22,2025-06-09 01:00:00,2025-06-13 20:00:00,116,68.65,True,True,74.41482275507366,0.0,74.41482275507366,0.0,0.013730769998801406,0.0
ablate_prophet_broad,prophet,frozen,broad,False,42,22,2025-06-09 01:00:00,2025-06-13 21:00:00,117,68.08,True,True,76.92793285506679,0.0,76.92793285506679,0.0,0.013730769998801406,0.0
ablate_prophet_broad,prophet,frozen,broad,False,42,22,2025-06-09 01:00:00,2025-06-13 22:00:00,118,66.61,True,True,76.87109346027853,0.0,76.87109346027853,0.0,0.013730769998801406,0.0
ablate_prophet_broad,prophet,frozen,broad,False,42,22,2025-06-09 01:00:00,2025-06-13 23:00:00,119,63.17,True,True,73.75136225802203,0.0,73.75136225802203,0.0,0.013730769998801406,0.0
ablate_prophet_broad,prophet,frozen,broad,False,42,22,2025-06-09 01:00:00,2025-06-14 00:00:00,120,62.69,True,True,70.90076643946529,0.0,70.90076643946529,0.0,0.013730769998801406,0.0
ablate_prophet_broad,prophet,frozen,broad,False,42,22,2025-06-09 01:00:00,2025-06-14 01:00:00,121,63.99,True,True,71.53769543166933,0.0,71.53769543166933,0.0,0.013730769998801406,0.0
ablate_prophet_broad,prophet,frozen,broad,False,42,22,2025-06-09 01:00:00,2025-06-14 02:00:00,122,63.91,True,True,69.54692208386479,0.0,69.54692208386479,0.0,0.013730769998801406,0.0
ablate_prophet_broad,prophet,frozen,broad,False,42,22,2025-06-09 01:00:00,2025-06-14 03:00:00,123,66.76,True,True,72.15378714846983,0.0,72.15378714846983,0.0,0.013730769998801406,0.0
ablate_prophet_broad,prophet,frozen,broad,False,42,22,2025-06-09 01:00:00,2025-06-14 04:00:00,124,68.52,True,True,75.11202988992653,0.0,75.11202988992653,0.0,0.013730769998801406,0.0
ablate_prophet_broad,prophet,frozen,broad,False,42,22,2025-06-09 01:00:00,2025-06-14 05:00:00,125,66.03,True,True,75.86319025575438,0.0,75.86319025575438,0.0,0.013730769998801406,0.0
ablate_prophet_broad,prophet,frozen,broad,False,42,22,2025-06-09 01:00:00,2025-06-14 06:00:00,126,62.59,True,True,73.74045844645812,0.0,73.74045844645812,0.0,0.013730769998801406,0.0
ablate_prophet_broad,prophet,frozen,broad,False,42,22,2025-06-09 01:00:00,2025-06-14 07:00:00,127,59.91,True,True,69.76813279134103,0.0,69.76813279134103,0.0,0.013730769998801406,0.0
ablate_prophet_broad,prophet,frozen,broad,False,42,22,2025-06-09 01:00:00,2025-06-14 08:00:00,128,58.87,True,True,65.6213406213459,0.0,65.6213406213459,0.0,0.013730769998801406,0.0
ablate_prophet_broad,prophet,frozen,broad,False,42,22,2025-06-09 01:00:00,2025-06-14 09:00:00,129,59.09,True,True,60.73410511590839,0.0,60.73410511590839,0.0,0.013730769998801406,0.0
ablate_prophet_broad,prophet,frozen,broad,False,42,22,2025-06-09 01:00:00,2025-06-14 10:00:00,130,60.27,True,True,57.11122466817997,0.0,57.11122466817997,0.0,0.013730769998801406,0.0
ablate_prophet_broad,prophet,frozen,broad,False,42,22,2025-06-09 01:00:00,2025-06-14 11:00:00,131,63.47,True,True,56.805381846856335,0.0,56.805381846856335,0.0,0.013730769998801406,0.0
ablate_prophet_broad,prophet,frozen,broad,False,42,22,2025-06-09 01:00:00,2025-06-14 12:00:00,132,67.83,True,True,57.711346367723706,0.0,57.711346367723706,0.0,0.013730769998801406,0.0
ablate_prophet_broad,prophet,frozen,broad,False,42,22,2025-06-09 01:00:00,2025-06-14 13:00:00,133,72.6,True,True,57.22019918832501,0.0,57.22019918832501,0.0,0.013730769998801406,0.0
ablate_prophet_broad,prophet,frozen,broad,False,42,22,2025-06-09 01:00:00,2025-06-14 14:00:00,134,76.78,True,True,62.77053422925556,0.0,62.77053422925556,0.0,0.013730769998801406,0.0
ablate_prophet_broad,prophet,frozen,broad,False,42,22,2025-06-09 01:00:00,2025-06-14 15:00:00,135,80.37,True,True,69.73678120811627,0.0,69.73678120811627,0.0,0.013730769998801406,0.0
ablate_prophet_broad,prophet,frozen,broad,False,42,22,2025-06-09 01:00:00,2025-06-14 16:00:00,136,82.35,True,True,74.4248656955464,0.0,74.4248656955464,0.0,0.013730769998801406,0.0
ablate_prophet_broad,prophet,frozen,broad,False,42,22,2025-06-09 01:00:00,2025-06-14 17:00:00,137,84.18,True,True,78.731385347958,0.0,78.731385347958,0.0,0.013730769998801406,0.0
ablate_prophet_broad,prophet,frozen,broad,False,42,22,2025-06-09 01:00:00,2025-06-14 18:00:00,138,87.05,True,True,82.31921591603927,0.0,82.31921591603927,0.0,0.013730769998801406,0.0
ablate_prophet_broad,prophet,frozen,broad,False,42,22,2025-06-09 01:00:00,2025-06-14 19:00:00,139,93.04,True,True,85.83114288356037,0.0,85.83114288356037,0.0,0.013730769998801406,0.0
ablate_prophet_broad,prophet,frozen,broad,False,42,22,2025-06-09 01:00:00,2025-06-14 20:00:00,140,99.01,True,True,90.72789574662657,0.0,90.72789574662657,0.0,0.013730769998801406,0.0
ablate_prophet_broad,prophet,frozen,broad,False,42,22,2025-06-09 01:00:00,2025-06-14 21:00:00,141,103.9,True,True,93.11118267858943,0.0,93.11118267858943,0.0,0.013730769998801406,0.0
ablate_prophet_broad,prophet,frozen,broad,False,42,22,2025-06-09 01:00:00,2025-06-14 22:00:00,142,107.77,True,True,93.01965165941053,0.0,93.01965165941053,0.0,0.013730769998801406,0.0
ablate_prophet_broad,prophet,frozen,broad,False,42,22,2025-06-09 01:00:00,2025-06-14 23:00:00,143,109.7,True,True,90.337728139134,0.0,90.337728139134,0.0,0.013730769998801406,0.0
ablate_prophet_broad,prophet,frozen,broad,False,42,22,2025-06-09 01:00:00,2025-06-15 00:00:00,144,108.51,True,True,86.92171257709691,0.0,86.92171257709691,0.0,0.013730769998801406,0.0
ablate_prophet_broad,prophet,frozen,broad,False,42,22,2025-06-09 01:00:00,2025-06-15 01:00:00,145,78.38,True,True,58.181784168621874,0.0,58.181784168621874,0.0,0.013730769998801406,0.0
ablate_prophet_broad,prophet,frozen,broad,False,42,22,2025-06-09 01:00:00,2025-06-15 02:00:00,146,55.37,True,True,42.6999656731025,0.0,42.6999656731025,0.0,0.013730769998801406,0.0
ablate_prophet_broad,prophet,frozen,broad,False,42,22,2025-06-09 01:00:00,2025-06-15 03:00:00,147,45.04,True,True,37.75747715346128,0.0,37.75747715346128,0.0,0.013730769998801406,0.0
ablate_prophet_broad,prophet,frozen,broad,False,42,22,2025-06-09 01:00:00,2025-06-15 04:00:00,148,16.64,True,True,21.330368930049588,0.0,21.330368930049588,0.0,0.013730769998801406,0.0
ablate_prophet_broad,prophet,frozen,broad,False,42,22,2025-06-09 01:00:00,2025-06-15 05:00:00,149,9.68,True,True,16.58779349901505,0.0,16.58779349901505,0.0,0.013730769998801406,0.0
ablate_prophet_broad,prophet,frozen,broad,False,42,22,2025-06-09 01:00:00,2025-06-15 06:00:00,150,8.31,True,True,14.409855760101067,0.0,14.409855760101067,0.0,0.013730769998801406,0.0
ablate_prophet_broad,prophet,frozen,broad,False,42,22,2025-06-09 01:00:00,2025-06-15 07:00:00,151,7.98,True,True,12.065531421203588,0.0,12.065531421203588,0.0,0.013730769998801406,0.0
ablate_prophet_broad,prophet,frozen,broad,False,42,22,2025-06-09 01:00:00,2025-06-15 08:00:00,152,8.07,True,True,10.141374336841125,0.0,10.141374336841125,0.0,0.013730769998801406,0.0
ablate_prophet_broad,prophet,frozen,broad,False,42,22,2025-06-09 01:00:00,2025-06-15 09:00:00,153,7.99,True,True,7.045105617348668,0.0,7.045105617348668,0.0,0.013730769998801406,0.0
ablate_prophet_broad,prophet,frozen,broad,False,42,22,2025-06-09 01:00:00,2025-06-15 10:00:00,154,7.95,True,True,2.073021840486973,0.0,2.073021840486973,0.0,0.013730769998801406,0.0
ablate_prophet_broad,prophet,frozen,broad,False,42,22,2025-06-09 01:00:00,2025-06-15 11:00:00,155,7.65,True,True,4.055075148091248,0.0,4.055075148091248,0.0,0.013730769998801406,0.0
ablate_prophet_broad,prophet,frozen,broad,False,42,22,2025-06-09 01:00:00,2025-06-15 12:00:00,156,6.58,True,True,1.4415235073092276,0.0,1.4415235073092276,0.0,0.013730769998801406,0.0
ablate_prophet_broad,prophet,frozen,broad,False,42,22,2025-06-09 01:00:00,2025-06-15 13:00:00,157,5.75,True,True,2.5863850217562003,0.0,2.5863850217562003,0.0,0.013730769998801406,0.0
ablate_prophet_broad,prophet,frozen,broad,False,42,22,2025-06-09 01:00:00,2025-06-15 14:00:00,158,5.51,True,True,-1.0884172511599957,0.0,-1.0884172511599957,0.0,0.013730769998801406,0.0
ablate_prophet_broad,prophet,frozen,broad,False,42,22,2025-06-09 01:00:00,2025-06-15 15:00:00,159,5.25,True,True,-6.887531498532695,0.0,-6.887531498532695,0.0,0.013730769998801406,0.0
ablate_prophet_broad,prophet,frozen,broad,False,42,22,2025-06-09 01:00:00,2025-06-15 16:00:00,160,4.8,True,True,-4.710947993804552,0.0,-4.710947993804552,0.0,0.013730769998801406,0.0
ablate_prophet_broad,prophet,frozen,broad,False,42,22,2025-06-09 01:00:00,2025-06-15 17:00:00,161,4.56,True,True,-2.1044672933621484,0.0,-2.1044672933621484,0.0,0.013730769998801406,0.0
ablate_prophet_broad,prophet,frozen,broad,False,42,22,2025-06-09 01:00:00,2025-06-15 18:00:00,162,4.45,True,True,1.3097723778753334,0.0,1.3097723778753334,0.0,0.013730769998801406,0.0
ablate_prophet_broad,prophet,frozen,broad,False,42,22,2025-06-09 01:00:00,2025-06-15 19:00:00,163,4.35,True,True,5.140898937316479,0.0,5.140898937316479,0.0,0.013730769998801406,0.0
ablate_prophet_broad,prophet,frozen,broad,False,42,22,2025-06-09 01:00:00,2025-06-15 20:00:00,164,4.28,True,True,9.458424418079801,0.0,9.458424418079801,0.0,0.013730769998801406,0.0
ablate_prophet_broad,prophet,frozen,broad,False,42,22,2025-06-09 01:00:00,2025-06-15 21:00:00,165,4.25,True,True,12.430600184123335,0.0,12.430600184123335,0.0,0.013730769998801406,0.0
ablate_prophet_broad,prophet,frozen,broad,False,42,22,2025-06-09 01:00:00,2025-06-15 22:00:00,166,4.37,True,True,14.701849888922084,0.0,14.701849888922084,0.0,0.013730769998801406,0.0
ablate_prophet_broad,prophet,frozen,broad,False,42,22,2025-06-09 01:00:00,2025-06-15 23:00:00,167,4.76,True,True,15.359360507849374,0.0,15.359360507849374,0.0,0.013730769998801406,0.0
ablate_prophet_broad,prophet,frozen,broad,False,42,22,2025-06-09 01:00:00,2025-06-16 00:00:00,168,5.25,True,True,14.000862154415671,0.0,14.000862154415671,0.0,0.013730769998801406,0.0
ablate_prophet_broad,prophet,frozen,broad,False,42,23,2025-06-16 01:00:00,2025-06-16 01:00:00,1,5.48,True,True,13.780780421487805,0.0,13.780780421487805,0.0,0.017667656000412535,0.0
ablate_prophet_broad,prophet,frozen,broad,False,42,23,2025-06-16 01:00:00,2025-06-16 02:00:00,2,5.18,True,True,13.558925686885914,0.0,13.558925686885914,0.0,0.017667656000412535,0.0
ablate_prophet_broad,prophet,frozen,broad,False,42,23,2025-06-16 01:00:00,2025-06-16 03:00:00,3,4.44,True,True,11.966214074944332,0.0,11.966214074944332,0.0,0.017667656000412535,0.0
ablate_prophet_broad,prophet,frozen,broad,False,42,23,2025-06-16 01:00:00,2025-06-16 04:00:00,4,2.25,True,True,10.25423207137706,0.0,10.25423207137706,0.0,0.017667656000412535,0.0
ablate_prophet_broad,prophet,frozen,broad,False,42,23,2025-06-16 01:00:00,2025-06-16 05:00:00,5,2.03,True,True,10.550804169935645,0.0,10.550804169935645,0.0,0.017667656000412535,0.0
ablate_prophet_broad,prophet,frozen,broad,False,42,23,2025-06-16 01:00:00,2025-06-16 06:00:00,6,2.09,True,True,10.85318032358029,0.0,10.85318032358029,0.0,0.017667656000412535,0.0
ablate_prophet_broad,prophet,frozen,broad,False,42,23,2025-06-16 01:00:00,2025-06-16 07:00:00,7,2.23,True,True,9.636302030854154,0.0,9.636302030854154,0.0,0.017667656000412535,0.0
ablate_prophet_broad,prophet,frozen,broad,False,42,23,2025-06-16 01:00:00,2025-06-16 08:00:00,8,2.38,True,True,8.16446835804723,0.0,8.16446835804723,0.0,0.017667656000412535,0.0
ablate_prophet_broad,prophet,frozen,broad,False,42,23,2025-06-16 01:00:00,2025-06-16 09:00:00,9,2.53,True,True,7.653477916676536,0.0,7.653477916676536,0.0,0.017667656000412535,0.0
ablate_prophet_broad,prophet,frozen,broad,False,42,23,2025-06-16 01:00:00,2025-06-16 10:00:00,10,3.46,True,True,6.622638411609756,0.0,6.622638411609756,0.0,0.017667656000412535,0.0
ablate_prophet_broad,prophet,frozen,broad,False,42,23,2025-06-16 01:00:00,2025-06-16 11:00:00,11,5.08,True,True,5.424463189758342,0.0,5.424463189758342,0.0,0.017667656000412535,0.0
ablate_prophet_broad,prophet,frozen,broad,False,42,23,2025-06-16 01:00:00,2025-06-16 12:00:00,12,6.66,True,True,4.606352394293339,0.0,4.606352394293339,0.0,0.017667656000412535,0.0
ablate_prophet_broad,prophet,frozen,broad,False,42,23,2025-06-16 01:00:00,2025-06-16 13:00:00,13,7.77,True,True,3.682082773452379,0.0,3.682082773452379,0.0,0.017667656000412535,0.0
ablate_prophet_broad,prophet,frozen,broad,False,42,23,2025-06-16 01:00:00,2025-06-16 14:00:00,14,8.71,True,True,5.496320851632362,0.0,5.496320851632362,0.0,0.017667656000412535,0.0
ablate_prophet_broad,prophet,frozen,broad,False,42,23,2025-06-16 01:00:00,2025-06-16 15:00:00,15,9.49,True,True,11.129926592533451,0.0,11.129926592533451,0.0,0.017667656000412535,0.0
ablate_prophet_broad,prophet,frozen,broad,False,42,23,2025-06-16 01:00:00,2025-06-16 16:00:00,16,10.15,True,True,19.3045809970464,0.0,19.3045809970464,0.0,0.017667656000412535,0.0
ablate_prophet_broad,prophet,frozen,broad,False,42,23,2025-06-16 01:00:00,2025-06-16 17:00:00,17,11.29,True,True,24.150813960808932,0.0,24.150813960808932,0.0,0.017667656000412535,0.0
ablate_prophet_broad,prophet,frozen,broad,False,42,23,2025-06-16 01:00:00,2025-06-16 18:00:00,18,12.97,True,True,29.439119622085713,0.0,29.439119622085713,0.0,0.017667656000412535,0.0
ablate_prophet_broad,prophet,frozen,broad,False,42,23,2025-06-16 01:00:00,2025-06-16 19:00:00,19,14.77,True,True,35.20409058997848,0.0,35.20409058997848,0.0,0.017667656000412535,0.0
ablate_prophet_broad,prophet,frozen,broad,False,42,23,2025-06-16 01:00:00,2025-06-16 20:00:00,20,16.29,True,True,38.929395020347954,0.0,38.929395020347954,0.0,0.017667656000412535,0.0
ablate_prophet_broad,prophet,frozen,broad,False,42,23,2025-06-16 01:00:00,2025-06-16 21:00:00,21,17.54,True,True,40.98600548560063,0.0,40.98600548560063,0.0,0.017667656000412535,0.0
ablate_prophet_broad,prophet,frozen,broad,False,42,23,2025-06-16 01:00:00,2025-06-16 22:00:00,22,18.01,True,True,39.96785402392942,0.0,39.96785402392942,0.0,0.017667656000412535,0.0
ablate_prophet_broad,prophet,frozen,broad,False,42,23,2025-06-16 01:00:00,2025-06-16 23:00:00,23,18.3,True,True,40.631872072551005,0.0,40.631872072551005,0.0,0.017667656000412535,0.0
ablate_prophet_broad,prophet,frozen,broad,False,42,23,2025-06-16 01:00:00,2025-06-17 00:00:00,24,19.5,True,True,38.87782767017279,0.0,38.87782767017279,0.0,0.017667656000412535,0.0
ablate_prophet_broad,prophet,frozen,broad,False,42,23,2025-06-16 01:00:00,2025-06-17 01:00:00,25,22.85,True,True,36.37492266346882,0.0,36.37492266346882,0.0,0.017667656000412535,0.0
ablate_prophet_broad,prophet,frozen,broad,False,42,23,2025-06-16 01:00:00,2025-06-17 02:00:00,26,28.34,True,True,39.24488864068013,0.0,39.24488864068013,0.0,0.017667656000412535,0.0
ablate_prophet_broad,prophet,frozen,broad,False,42,23,2025-06-16 01:00:00,2025-06-17 03:00:00,27,40.45,True,True,47.866945201820045,0.0,47.866945201820045,0.0,0.017667656000412535,0.0
ablate_prophet_broad,prophet,frozen,broad,False,42,23,2025-06-16 01:00:00,2025-06-17 04:00:00,28,46.02,True,True,49.54584685342303,0.0,49.54584685342303,0.0,0.017667656000412535,0.0
ablate_prophet_broad,prophet,frozen,broad,False,42,23,2025-06-16 01:00:00,2025-06-17 05:00:00,29,52.47,True,True,53.47740769674243,0.0,53.47740769674243,0.0,0.017667656000412535,0.0
ablate_prophet_broad,prophet,frozen,broad,False,42,23,2025-06-16 01:00:00,2025-06-17 06:00:00,30,53.46,True,True,53.779530204095806,0.0,53.779530204095806,0.0,0.017667656000412535,0.0
ablate_prophet_broad,prophet,frozen,broad,False,42,23,2025-06-16 01:00:00,2025-06-17 07:00:00,31,31.18,True,True,38.02818308083869,0.0,38.02818308083869,0.0,0.017667656000412535,0.0
ablate_prophet_broad,prophet,frozen,broad,False,42,23,2025-06-16 01:00:00,2025-06-17 08:00:00,32,21.99,True,True,29.393803251839216,0.0,29.393803251839216,0.0,0.017667656000412535,0.0
ablate_prophet_broad,prophet,frozen,broad,False,42,23,2025-06-16 01:00:00,2025-06-17 09:00:00,33,20.8,True,True,25.116328397573596,0.0,25.116328397573596,0.0,0.017667656000412535,0.0
ablate_prophet_broad,prophet,frozen,broad,False,42,23,2025-06-16 01:00:00,2025-06-17 10:00:00,34,22.03,True,True,22.494527398567953,0.0,22.494527398567953,0.0,0.017667656000412535,0.0
ablate_prophet_broad,prophet,frozen,broad,False,42,23,2025-06-16 01:00:00,2025-06-17 11:00:00,35,23.63,True,True,21.262092068023463,0.0,21.262092068023463,0.0,0.017667656000412535,0.0
ablate_prophet_broad,prophet,frozen,broad,False,42,23,2025-06-16 01:00:00,2025-06-17 12:00:00,36,24.23,True,True,21.682164863927,0.0,21.682164863927,0.0,0.017667656000412535,0.0
ablate_prophet_broad,prophet,frozen,broad,False,42,23,2025-06-16 01:00:00,2025-06-17 13:00:00,37,24.31,True,True,20.7435725926953,0.0,20.7435725926953,0.0,0.017667656000412535,0.0
ablate_prophet_broad,prophet,frozen,broad,False,42,23,2025-06-16 01:00:00,2025-06-17 14:00:00,38,26.22,True,True,23.400785068641994,0.0,23.400785068641994,0.0,0.017667656000412535,0.0
ablate_prophet_broad,prophet,frozen,broad,False,42,23,2025-06-16 01:00:00,2025-06-17 15:00:00,39,29.48,True,True,28.63457305833407,0.0,28.63457305833407,0.0,0.017667656000412535,0.0
ablate_prophet_broad,prophet,frozen,broad,False,42,23,2025-06-16 01:00:00,2025-06-17 16:00:00,40,32.99,True,True,33.64986386665365,0.0,33.64986386665365,0.0,0.017667656000412535,0.0
ablate_prophet_broad,prophet,frozen,broad,False,42,23,2025-06-16 01:00:00,2025-06-17 17:00:00,41,36.36,True,True,38.22725933166154,0.0,38.22725933166154,0.0,0.017667656000412535,0.0
ablate_prophet_broad,prophet,frozen,broad,False,42,23,2025-06-16 01:00:00,2025-06-17 18:00:00,42,39.55,True,True,43.044129807218866,0.0,43.044129807218866,0.0,0.017667656000412535,0.0
ablate_prophet_broad,prophet,frozen,broad,False,42,23,2025-06-16 01:00:00,2025-06-17 19:00:00,43,43.07,True,True,48.647910304076305,0.0,48.647910304076305,0.0,0.017667656000412535,0.0
ablate_prophet_broad,prophet,frozen,broad,False,42,23,2025-06-16 01:00:00,2025-06-17 20:00:00,44,46.8,True,True,54.39409088902852,0.0,54.39409088902852,0.0,0.017667656000412535,0.0
ablate_prophet_broad,prophet,frozen,broad,False,42,23,2025-06-16 01:00:00,2025-06-17 21:00:00,45,50.48,True,True,59.347189242925765,0.0,59.347189242925765,0.0,0.017667656000412535,0.0
ablate_prophet_broad,prophet,frozen,broad,False,42,23,2025-06-16 01:00:00,2025-06-17 22:00:00,46,53.37,True,True,61.872008817417196,0.0,61.872008817417196,0.0,0.017667656000412535,0.0
ablate_prophet_broad,prophet,frozen,broad,False,42,23,2025-06-16 01:00:00,2025-06-17 23:00:00,47,56.24,True,True,63.21115868933174,0.0,63.21115868933174,0.0,0.017667656000412535,0.0
ablate_prophet_broad,prophet,frozen,broad,False,42,23,2025-06-16 01:00:00,2025-06-18 00:00:00,48,59.75,True,True,63.45778017281111,0.0,63.45778017281111,0.0,0.017667656000412535,0.0
ablate_prophet_broad,prophet,frozen,broad,False,42,23,2025-06-16 01:00:00,2025-06-18 01:00:00,49,69.21,True,True,65.065272244688,0.0,65.065272244688,0.0,0.017667656000412535,0.0
ablate_prophet_broad,prophet,frozen,broad,False,42,23,2025-06-16 01:00:00,2025-06-18 02:00:00,50,76.38,True,True,67.75292701384771,0.0,67.75292701384771,0.0,0.017667656000412535,0.0
ablate_prophet_broad,prophet,frozen,broad,False,42,23,2025-06-16 01:00:00,2025-06-18 03:00:00,51,85.89,True,True,73.86172025884036,0.0,73.86172025884036,0.0,0.017667656000412535,0.0
ablate_prophet_broad,prophet,frozen,broad,False,42,23,2025-06-16 01:00:00,2025-06-18 04:00:00,52,97.85,True,True,79.49954899737514,0.0,79.49954899737514,0.0,0.017667656000412535,0.0
ablate_prophet_broad,prophet,frozen,broad,False,42,23,2025-06-16 01:00:00,2025-06-18 05:00:00,53,97.78,True,True,79.89449107344737,0.0,79.89449107344737,0.0,0.017667656000412535,0.0
ablate_prophet_broad,prophet,frozen,broad,False,42,23,2025-06-16 01:00:00,2025-06-18 06:00:00,54,90.87,True,True,76.479982957531,0.0,76.479982957531,0.0,0.017667656000412535,0.0
ablate_prophet_broad,prophet,frozen,broad,False,42,23,2025-06-16 01:00:00,2025-06-18 07:00:00,55,75.46,True,True,68.06039689843627,0.0,68.06039689843627,0.0,0.017667656000412535,0.0
ablate_prophet_broad,prophet,frozen,broad,False,42,23,2025-06-16 01:00:00,2025-06-18 08:00:00,56,59.9,True,True,55.87316450335604,0.0,55.87316450335604,0.0,0.017667656000412535,0.0
ablate_prophet_broad,prophet,frozen,broad,False,42,23,2025-06-16 01:00:00,2025-06-18 09:00:00,57,46.39,True,True,38.659320365326835,0.0,38.659320365326835,0.0,0.017667656000412535,0.0
ablate_prophet_broad,prophet,frozen,broad,False,42,23,2025-06-16 01:00:00,2025-06-18 10:00:00,58,36.19,True,True,34.403366185826826,0.0,34.403366185826826,0.0,0.017667656000412535,0.0
ablate_prophet_broad,prophet,frozen,broad,False,42,23,2025-06-16 01:00:00,2025-06-18 11:00:00,59,30.61,True,True,30.222346550212563,0.0,30.222346550212563,0.0,0.017667656000412535,0.0
ablate_prophet_broad,prophet,frozen,broad,False,42,23,2025-06-16 01:00:00,2025-06-18 12:00:00,60,26.85,True,True,25.51856879664507,0.0,25.51856879664507,0.0,0.017667656000412535,0.0
ablate_prophet_broad,prophet,frozen,broad,False,42,23,2025-06-16 01:00:00,2025-06-18 13:00:00,61,24.36,True,True,26.240680475161696,0.0,26.240680475161696,0.0,0.017667656000412535,0.0
ablate_prophet_broad,prophet,frozen,broad,False,42,23,2025-06-16 01:00:00,2025-06-18 14:00:00,62,23.93,True,True,30.287585007911673,0.0,30.287585007911673,0.0,0.017667656000412535,0.0
ablate_prophet_broad,prophet,frozen,broad,False,42,23,2025-06-16 01:00:00,2025-06-18 15:00:00,63,24.87,True,True,36.099788953653444,0.0,36.099788953653444,0.0,0.017667656000412535,0.0
ablate_prophet_broad,prophet,frozen,broad,False,42,23,2025-06-16 01:00:00,2025-06-18 16:00:00,64,26.9,True,True,41.28119995656215,0.0,41.28119995656215,0.0,0.017667656000412535,0.0
ablate_prophet_broad,prophet,frozen,broad,False,42,23,2025-06-16 01:00:00,2025-06-18 17:00:00,65,29.09,True,True,46.68694137975197,0.0,46.68694137975197,0.0,0.017667656000412535,0.0
ablate_prophet_broad,prophet,frozen,broad,False,42,23,2025-06-16 01:00:00,2025-06-18 18:00:00,66,30.3,True,True,50.57199257612638,0.0,50.57199257612638,0.0,0.017667656000412535,0.0
ablate_prophet_broad,prophet,frozen,broad,False,42,23,2025-06-16 01:00:00,2025-06-18 19:00:00,67,29.82,True,True,51.9306295568494,0.0,51.9306295568494,0.0,0.017667656000412535,0.0
ablate_prophet_broad,prophet,frozen,broad,False,42,23,2025-06-16 01:00:00,2025-06-18 20:00:00,68,30.38,True,True,56.24170455496392,0.0,56.24170455496392,0.0,0.017667656000412535,0.0
ablate_prophet_broad,prophet,frozen,broad,False,42,23,2025-06-16 01:00:00,2025-06-18 21:00:00,69,32.74,True,True,59.74996996455505,0.0,59.74996996455505,0.0,0.017667656000412535,0.0
ablate_prophet_broad,prophet,frozen,broad,False,42,23,2025-06-16 01:00:00,2025-06-18 22:00:00,70,37.14,True,True,63.05362995485265,0.0,63.05362995485265,0.0,0.017667656000412535,0.0
ablate_prophet_broad,prophet,frozen,broad,False,42,23,2025-06-16 01:00:00,2025-06-18 23:00:00,71,40.6,True,True,64.11082231297203,0.0,64.11082231297203,0.0,0.017667656000412535,0.0
ablate_prophet_broad,prophet,frozen,broad,False,42,23,2025-06-16 01:00:00,2025-06-19 00:00:00,72,43.9,True,True,63.804900941506816,0.0,63.804900941506816,0.0,0.017667656000412535,0.0
ablate_prophet_broad,prophet,frozen,broad,False,42,23,2025-06-16 01:00:00,2025-06-19 01:00:00,73,46.43,True,True,59.740894592128484,0.0,59.740894592128484,0.0,0.017667656000412535,0.0
ablate_prophet_broad,prophet,frozen,broad,False,42,23,2025-06-16 01:00:00,2025-06-19 02:00:00,74,48.33,True,True,61.90500593306018,0.0,61.90500593306018,0.0,0.017667656000412535,0.0
ablate_prophet_broad,prophet,frozen,broad,False,42,23,2025-06-16 01:00:00,2025-06-19 03:00:00,75,51.16,True,True,67.00089669757315,0.0,67.00089669757315,0.0,0.017667656000412535,0.0
ablate_prophet_broad,prophet,frozen,broad,False,42,23,2025-06-16 01:00:00,2025-06-19 04:00:00,76,53.02,True,True,71.32578061584121,0.0,71.32578061584121,0.0,0.017667656000412535,0.0
ablate_prophet_broad,prophet,frozen,broad,False,42,23,2025-06-16 01:00:00,2025-06-19 05:00:00,77,51.8,True,True,71.78040438868402,0.0,71.78040438868402,0.0,0.017667656000412535,0.0
ablate_prophet_broad,prophet,frozen,broad,False,42,23,2025-06-16 01:00:00,2025-06-19 06:00:00,78,51.7,True,True,71.48468685780702,0.0,71.48468685780702,0.0,0.017667656000412535,0.0
ablate_prophet_broad,prophet,frozen,broad,False,42,23,2025-06-16 01:00:00,2025-06-19 07:00:00,79,49.32,True,True,67.08041454493497,0.0,67.08041454493497,0.0,0.017667656000412535,0.0
ablate_prophet_broad,prophet,frozen,broad,False,42,23,2025-06-16 01:00:00,2025-06-19 08:00:00,80,46.48,True,True,61.616707838928505,0.0,61.616707838928505,0.0,0.017667656000412535,0.0
ablate_prophet_broad,prophet,frozen,broad,False,42,23,2025-06-16 01:00:00,2025-06-19 09:00:00,81,45.29,True,True,56.32063057535041,0.0,56.32063057535041,0.0,0.017667656000412535,0.0
ablate_prophet_broad,prophet,frozen,broad,False,42,23,2025-06-16 01:00:00,2025-06-19 10:00:00,82,46.36,True,True,51.875802245788094,0.0,51.875802245788094,0.0,0.017667656000412535,0.0
ablate_prophet_broad,prophet,frozen,broad,False,42,23,2025-06-16 01:00:00,2025-06-19 11:00:00,83,48.95,True,True,48.133611275630074,0.0,48.133611275630074,0.0,0.017667656000412535,0.0
ablate_prophet_broad,prophet,frozen,broad,False,42,23,2025-06-16 01:00:00,2025-06-19 12:00:00,84,51.03,True,True,46.62233694585839,0.0,46.62233694585839,0.0,0.017667656000412535,0.0
ablate_prophet_broad,prophet,frozen,broad,False,42,23,2025-06-16 01:00:00,2025-06-19 13:00:00,85,52.05,True,True,49.233846615951904,0.0,49.233846615951904,0.0,0.017667656000412535,0.0
ablate_prophet_broad,prophet,frozen,broad,False,42,23,2025-06-16 01:00:00,2025-06-19 14:00:00,86,53.05,True,True,52.74582686246464,0.0,52.74582686246464,0.0,0.017667656000412535,0.0
ablate_prophet_broad,prophet,frozen,broad,False,42,23,2025-06-16 01:00:00,2025-06-19 15:00:00,87,54.56,True,True,58.615101597824065,0.0,58.615101597824065,0.0,0.017667656000412535,0.0
ablate_prophet_broad,prophet,frozen,broad,False,42,23,2025-06-16 01:00:00,2025-06-19 16:00:00,88,55.69,True,True,64.08594789515735,0.0,64.08594789515735,0.0,0.017667656000412535,0.0
ablate_prophet_broad,prophet,frozen,broad,False,42,23,2025-06-16 01:00:00,2025-06-19 17:00:00,89,57.7,True,True,70.21534567550145,0.0,70.21534567550145,0.0,0.017667656000412535,0.0
ablate_prophet_broad,prophet,frozen,broad,False,42,23,2025-06-16 01:00:00,2025-06-19 18:00:00,90,61.39,True,True,77.00933324053298,0.0,77.00933324053298,0.0,0.017667656000412535,0.0
ablate_prophet_broad,prophet,frozen,broad,False,42,23,2025-06-16 01:00:00,2025-06-19 19:00:00,91,66.16,True,True,84.1928339208207,0.0,84.1928339208207,0.0,0.017667656000412535,0.0
ablate_prophet_broad,prophet,frozen,broad,False,42,23,2025-06-16 01:00:00,2025-06-19 20:00:00,92,72.33,True,True,92.32348590021849,0.0,92.32348590021849,0.0,0.017667656000412535,0.0
ablate_prophet_broad,prophet,frozen,broad,False,42,23,2025-06-16 01:00:00,2025-06-19 21:00:00,93,79.8,True,True,99.88687556104978,0.0,99.88687556104978,0.0,0.017667656000412535,0.0
ablate_prophet_broad,prophet,frozen,broad,False,42,23,2025-06-16 01:00:00,2025-06-19 22:00:00,94,90.16,True,True,105.20259056868667,0.0,105.20259056868667,0.0,0.017667656000412535,0.0
ablate_prophet_broad,prophet,frozen,broad,False,42,23,2025-06-16 01:00:00,2025-06-19 23:00:00,95,99.96,True,True,105.84749835469006,0.0,105.84749835469006,0.0,0.017667656000412535,0.0
ablate_prophet_broad,prophet,frozen,broad,False,42,23,2025-06-16 01:00:00,2025-06-20 00:00:00,96,109.55,True,True,98.42849561969604,0.0,98.42849561969604,0.0,0.017667656000412535,0.0
ablate_prophet_broad,prophet,frozen,broad,False,42,23,2025-06-16 01:00:00,2025-06-20 01:00:00,97,91.43,True,True,65.22483279816652,0.0,65.22483279816652,0.0,0.017667656000412535,0.0
ablate_prophet_broad,prophet,frozen,broad,False,42,23,2025-06-16 01:00:00,2025-06-20 02:00:00,98,72.16,True,True,42.53123116613554,0.0,42.53123116613554,0.0,0.017667656000412535,0.0
ablate_prophet_broad,prophet,frozen,broad,False,42,23,2025-06-16 01:00:00,2025-06-20 03:00:00,99,63.05,True,True,35.765034783521344,0.0,35.765034783521344,0.0,0.017667656000412535,0.0
ablate_prophet_broad,prophet,frozen,broad,False,42,23,2025-06-16 01:00:00,2025-06-20 04:00:00,100,43.21,True,True,26.185423152283988,0.0,26.185423152283988,0.0,0.017667656000412535,0.0
ablate_prophet_broad,prophet,frozen,broad,False,42,23,2025-06-16 01:00:00,2025-06-20 05:00:00,101,33.74,True,True,21.148572176227248,0.0,21.148572176227248,0.0,0.017667656000412535,0.0
ablate_prophet_broad,prophet,frozen,broad,False,42,23,2025-06-16 01:00:00,2025-06-20 06:00:00,102,31.59,True,True,18.945063061096278,0.0,18.945063061096278,0.0,0.017667656000412535,0.0
ablate_prophet_broad,prophet,frozen,broad,False,42,23,2025-06-16 01:00:00,2025-06-20 07:00:00,103,31.27,True,True,17.958598205292134,0.0,17.958598205292134,0.0,0.017667656000412535,0.0
ablate_prophet_broad,prophet,frozen,broad,False,42,23,2025-06-16 01:00:00,2025-06-20 08:00:00,104,30.63,True,True,16.881263934286125,0.0,16.881263934286125,0.0,0.017667656000412535,0.0
ablate_prophet_broad,prophet,frozen,broad,False,42,23,2025-06-16 01:00:00,2025-06-20 09:00:00,105,29.19,True,True,12.018424667962023,0.0,12.018424667962023,0.0,0.017667656000412535,0.0
ablate_prophet_broad,prophet,frozen,broad,False,42,23,2025-06-16 01:00:00,2025-06-20 10:00:00,106,29.26,True,True,8.036280090906587,0.0,8.036280090906587,0.0,0.017667656000412535,0.0
ablate_prophet_broad,prophet,frozen,broad,False,42,23,2025-06-16 01:00:00,2025-06-20 11:00:00,107,30.76,True,True,11.44864654882204,0.0,11.44864654882204,0.0,0.017667656000412535,0.0
ablate_prophet_broad,prophet,frozen,broad,False,42,23,2025-06-16 01:00:00,2025-06-20 12:00:00,108,32.65,True,True,9.975122496537466,0.0,9.975122496537466,0.0,0.017667656000412535,0.0
ablate_prophet_broad,prophet,frozen,broad,False,42,23,2025-06-16 01:00:00,2025-06-20 13:00:00,109,34.17,True,True,13.263607560296805,0.0,13.263607560296805,0.0,0.017667656000412535,0.0
ablate_prophet_broad,prophet,frozen,broad,False,42,23,2025-06-16 01:00:00,2025-06-20 14:00:00,110,36.1,True,True,13.58428440237742,0.0,13.58428440237742,0.0,0.017667656000412535,0.0
ablate_prophet_broad,prophet,frozen,broad,False,42,23,2025-06-16 01:00:00,2025-06-20 15:00:00,111,37.93,True,True,16.483371644281732,0.0,16.483371644281732,0.0,0.017667656000412535,0.0
ablate_prophet_broad,prophet,frozen,broad,False,42,23,2025-06-16 01:00:00,2025-06-20 16:00:00,112,38.98,True,True,25.199125238404633,0.0,25.199125238404633,0.0,0.017667656000412535,0.0
ablate_prophet_broad,prophet,frozen,broad,False,42,23,2025-06-16 01:00:00,2025-06-20 17:00:00,113,41.14,True,True,33.023574892037914,0.0,33.023574892037914,0.0,0.017667656000412535,0.0
ablate_prophet_broad,prophet,frozen,broad,False,42,23,2025-06-16 01:00:00,2025-06-20 18:00:00,114,44.2,True,True,38.2841894738809,0.0,38.2841894738809,0.0,0.017667656000412535,0.0
ablate_prophet_broad,prophet,frozen,broad,False,42,23,2025-06-16 01:00:00,2025-06-20 19:00:00,115,47.15,True,True,40.62281029578068,0.0,40.62281029578068,0.0,0.017667656000412535,0.0
ablate_prophet_broad,prophet,frozen,broad,False,42,23,2025-06-16 01:00:00,2025-06-20 20:00:00,116,49.59,True,True,42.04774781050469,0.0,42.04774781050469,0.0,0.017667656000412535,0.0
ablate_prophet_broad,prophet,frozen,broad,False,42,23,2025-06-16 01:00:00,2025-06-20 21:00:00,117,52.15,True,True,45.08191462619888,0.0,45.08191462619888,0.0,0.017667656000412535,0.0
ablate_prophet_broad,prophet,frozen,broad,False,42,23,2025-06-16 01:00:00,2025-06-20 22:00:00,118,54.48,True,True,45.44416044107663,0.0,45.44416044107663,0.0,0.017667656000412535,0.0
ablate_prophet_broad,prophet,frozen,broad,False,42,23,2025-06-16 01:00:00,2025-06-20 23:00:00,119,57.55,True,True,44.507556590039286,0.0,44.507556590039286,0.0,0.017667656000412535,0.0
ablate_prophet_broad,prophet,frozen,broad,False,42,23,2025-06-16 01:00:00,2025-06-21 00:00:00,120,64.16,True,True,44.26000129335395,0.0,44.26000129335395,0.0,0.017667656000412535,0.0
ablate_prophet_broad,prophet,frozen,broad,False,42,23,2025-06-16 01:00:00,2025-06-21 01:00:00,121,75.31,True,True,48.09839348516539,0.0,48.09839348516539,0.0,0.017667656000412535,0.0
ablate_prophet_broad,prophet,frozen,broad,False,42,23,2025-06-16 01:00:00,2025-06-21 02:00:00,122,78.91,True,True,46.434007598836416,0.0,46.434007598836416,0.0,0.017667656000412535,0.0
ablate_prophet_broad,prophet,frozen,broad,False,42,23,2025-06-16 01:00:00,2025-06-21 03:00:00,123,75.05,True,True,45.649985464468216,0.0,45.649985464468216,0.0,0.017667656000412535,0.0
ablate_prophet_broad,prophet,frozen,broad,False,42,23,2025-06-16 01:00:00,2025-06-21 04:00:00,124,40.02,True,True,25.256970115675074,0.0,25.256970115675074,0.0,0.017667656000412535,0.0
ablate_prophet_broad,prophet,frozen,broad,False,42,23,2025-06-16 01:00:00,2025-06-21 05:00:00,125,27.51,True,True,20.44874424106837,0.0,20.44874424106837,0.0,0.017667656000412535,0.0
ablate_prophet_broad,prophet,frozen,broad,False,42,23,2025-06-16 01:00:00,2025-06-21 06:00:00,126,25.22,True,True,21.012386233608197,0.0,21.012386233608197,0.0,0.017667656000412535,0.0
ablate_prophet_broad,prophet,frozen,broad,False,42,23,2025-06-16 01:00:00,2025-06-21 07:00:00,127,24.2,True,True,17.85820801523394,0.0,17.85820801523394,0.0,0.017667656000412535,0.0
ablate_prophet_broad,prophet,frozen,broad,False,42,23,2025-06-16 01:00:00,2025-06-21 08:00:00,128,23.4,True,True,12.300776704826774,0.0,12.300776704826774,0.0,0.017667656000412535,0.0
ablate_prophet_broad,prophet,frozen,broad,False,42,23,2025-06-16 01:00:00,2025-06-21 09:00:00,129,22.58,True,True,1.580665499371321,0.0,1.580665499371321,0.0,0.017667656000412535,0.0
ablate_prophet_broad,prophet,frozen,broad,False,42,23,2025-06-16 01:00:00,2025-06-21 10:00:00,130,22.31,True,True,-1.918136127281457,0.0,-1.918136127281457,0.0,0.017667656000412535,0.0
ablate_prophet_broad,prophet,frozen,broad,False,42,23,2025-06-16 01:00:00,2025-06-21 11:00:00,131,22.71,True,True,5.026326535114549,0.0,5.026326535114549,0.0,0.017667656000412535,0.0
ablate_prophet_broad,prophet,frozen,broad,False,42,23,2025-06-16 01:00:00,2025-06-21 12:00:00,132,23.08,True,True,9.154052089152088,0.0,9.154052089152088,0.0,0.017667656000412535,0.0
ablate_prophet_broad,prophet,frozen,broad,False,42,23,2025-06-16 01:00:00,2025-06-21 13:00:00,133,22.7,True,True,11.88462204548162,0.0,11.88462204548162,0.0,0.017667656000412535,0.0
ablate_prophet_broad,prophet,frozen,broad,False,42,23,2025-06-16 01:00:00,2025-06-21 14:00:00,134,22.97,True,True,15.903190126552545,0.0,15.903190126552545,0.0,0.017667656000412535,0.0
ablate_prophet_broad,prophet,frozen,broad,False,42,23,2025-06-16 01:00:00,2025-06-21 15:00:00,135,23.56,True,True,19.143419198244118,0.0,19.143419198244118,0.0,0.017667656000412535,0.0
ablate_prophet_broad,prophet,frozen,broad,False,42,23,2025-06-16 01:00:00,2025-06-21 16:00:00,136,23.93,True,True,20.57901549332749,0.0,20.57901549332749,0.0,0.017667656000412535,0.0
ablate_prophet_broad,prophet,frozen,broad,False,42,23,2025-06-16 01:00:00,2025-06-21 17:00:00,137,24.46,True,True,22.49851732117193,0.0,22.49851732117193,0.0,0.017667656000412535,0.0
ablate_prophet_broad,prophet,frozen,broad,False,42,23,2025-06-16 01:00:00,2025-06-21 18:00:00,138,25.31,True,True,24.317393831525123,0.0,24.317393831525123,0.0,0.017667656000412535,0.0
ablate_prophet_broad,prophet,frozen,broad,False,42,23,2025-06-16 01:00:00,2025-06-21 19:00:00,139,26.29,True,True,26.337230197772158,0.0,26.337230197772158,0.0,0.017667656000412535,0.0
ablate_prophet_broad,prophet,frozen,broad,False,42,23,2025-06-16 01:00:00,2025-06-21 20:00:00,140,26.1,True,True,27.59283742082411,0.0,27.59283742082411,0.0,0.017667656000412535,0.0
ablate_prophet_broad,prophet,frozen,broad,False,42,23,2025-06-16 01:00:00,2025-06-21 21:00:00,141,25.82,True,True,28.894639167989766,0.0,28.894639167989766,0.0,0.017667656000412535,0.0
ablate_prophet_broad,prophet,frozen,broad,False,42,23,2025-06-16 01:00:00,2025-06-21 22:00:00,142,25.95,True,True,29.913226488589345,0.0,29.913226488589345,0.0,0.017667656000412535,0.0
ablate_prophet_broad,prophet,frozen,broad,False,42,23,2025-06-16 01:00:00,2025-06-21 23:00:00,143,26.66,True,True,28.70548427222755,0.0,28.70548427222755,0.0,0.017667656000412535,0.0
ablate_prophet_broad,prophet,frozen,broad,False,42,23,2025-06-16 01:00:00,2025-06-22 00:00:00,144,28.15,True,True,26.16612204377006,0.0,26.16612204377006,0.0,0.017667656000412535,0.0
ablate_prophet_broad,prophet,frozen,broad,False,42,23,2025-06-16 01:00:00,2025-06-22 01:00:00,145,29.82,True,True,25.839997353592054,0.0,25.839997353592054,0.0,0.017667656000412535,0.0
ablate_prophet_broad,prophet,frozen,broad,False,42,23,2025-06-16 01:00:00,2025-06-22 02:00:00,146,31.16,True,True,24.26078234421587,0.0,24.26078234421587,0.0,0.017667656000412535,0.0
ablate_prophet_broad,prophet,frozen,broad,False,42,23,2025-06-16 01:00:00,2025-06-22 03:00:00,147,40.39,True,True,29.797098617907466,0.0,29.797098617907466,0.0,0.017667656000412535,0.0
ablate_prophet_broad,prophet,frozen,broad,False,42,23,2025-06-16 01:00:00,2025-06-22 04:00:00,148,16.97,True,True,13.325348086178337,0.0,13.325348086178337,0.0,0.017667656000412535,0.0
ablate_prophet_broad,prophet,frozen,broad,False,42,23,2025-06-16 01:00:00,2025-06-22 05:00:00,149,10.58,True,True,8.03731157174687,0.0,8.03731157174687,0.0,0.017667656000412535,0.0
ablate_prophet_broad,prophet,frozen,broad,False,42,23,2025-06-16 01:00:00,2025-06-22 06:00:00,150,10.02,True,True,6.479828564358968,0.0,6.479828564358968,0.0,0.017667656000412535,0.0
ablate_prophet_broad,prophet,frozen,broad,False,42,23,2025-06-16 01:00:00,2025-06-22 07:00:00,151,10.45,True,True,5.011205081102361,0.0,5.011205081102361,0.0,0.017667656000412535,0.0
ablate_prophet_broad,prophet,frozen,broad,False,42,23,2025-06-16 01:00:00,2025-06-22 08:00:00,152,10.84,True,True,3.042435797339607,0.0,3.042435797339607,0.0,0.017667656000412535,0.0
ablate_prophet_broad,prophet,frozen,broad,False,42,23,2025-06-16 01:00:00,2025-06-22 09:00:00,153,11.14,True,True,5.746877809657889,0.0,5.746877809657889,0.0,0.017667656000412535,0.0
ablate_prophet_broad,prophet,frozen,broad,False,42,23,2025-06-16 01:00:00,2025-06-22 10:00:00,154,12.45,True,True,6.571272732614062,0.0,6.571272732614062,0.0,0.017667656000412535,0.0
ablate_prophet_broad,prophet,frozen,broad,False,42,23,2025-06-16 01:00:00,2025-06-22 11:00:00,155,15.28,True,True,-0.43807457616028955,0.0,-0.43807457616028955,0.0,0.017667656000412535,0.0
ablate_prophet_broad,prophet,frozen,broad,False,42,23,2025-06-16 01:00:00,2025-06-22 12:00:00,156,18.72,True,True,2.3442090714978576,0.0,2.3442090714978576,0.0,0.017667656000412535,0.0
ablate_prophet_broad,prophet,frozen,broad,False,42,23,2025-06-16 01:00:00,2025-06-22 13:00:00,157,21.94,True,True,6.26677171138158,0.0,6.26677171138158,0.0,0.017667656000412535,0.0
ablate_prophet_broad,prophet,frozen,broad,False,42,23,2025-06-16 01:00:00,2025-06-22 14:00:00,158,24.59,True,True,9.138949358017157,0.0,9.138949358017157,0.0,0.017667656000412535,0.0
ablate_prophet_broad,prophet,frozen,broad,False,42,23,2025-06-16 01:00:00,2025-06-22 15:00:00,159,26.44,True,True,15.31165642644936,0.0,15.31165642644936,0.0,0.017667656000412535,0.0
ablate_prophet_broad,prophet,frozen,broad,False,42,23,2025-06-16 01:00:00,2025-06-22 16:00:00,160,27.66,True,True,21.356494388123537,0.0,21.356494388123537,0.0,0.017667656000412535,0.0
ablate_prophet_broad,prophet,frozen,broad,False,42,23,2025-06-16 01:00:00,2025-06-22 17:00:00,161,29.38,True,True,29.278496324802546,0.0,29.278496324802546,0.0,0.017667656000412535,0.0
ablate_prophet_broad,prophet,frozen,broad,False,42,23,2025-06-16 01:00:00,2025-06-22 18:00:00,162,31.61,True,True,35.861114837821475,0.0,35.861114837821475,0.0,0.017667656000412535,0.0
ablate_prophet_broad,prophet,frozen,broad,False,42,23,2025-06-16 01:00:00,2025-06-22 19:00:00,163,33.9,True,True,43.66463323709195,0.0,43.66463323709195,0.0,0.017667656000412535,0.0
ablate_prophet_broad,prophet,frozen,broad,False,42,23,2025-06-16 01:00:00,2025-06-22 20:00:00,164,36.33,True,True,50.542957397348744,0.0,50.542957397348744,0.0,0.017667656000412535,0.0
ablate_prophet_broad,prophet,frozen,broad,False,42,23,2025-06-16 01:00:00,2025-06-22 21:00:00,165,38.63,True,True,54.4448247104593,0.0,54.4448247104593,0.0,0.017667656000412535,0.0
ablate_prophet_broad,prophet,frozen,broad,False,42,23,2025-06-16 01:00:00,2025-06-22 22:00:00,166,40.34,True,True,55.647415362060315,0.0,55.647415362060315,0.0,0.017667656000412535,0.0
ablate_prophet_broad,prophet,frozen,broad,False,42,23,2025-06-16 01:00:00,2025-06-22 23:00:00,167,42.74,True,True,55.741861887494196,0.0,55.741861887494196,0.0,0.017667656000412535,0.0
ablate_prophet_broad,prophet,frozen,broad,False,42,23,2025-06-16 01:00:00,2025-06-23 00:00:00,168,45.63,True,True,55.7759199911298,0.0,55.7759199911298,0.0,0.017667656000412535,0.0
